physical_site_id,n,rmse,bias,ubrmse,observed_sd,predicted_sd,within_series_ubrmse,amplitude_ratio,r,sse,sum_e,anom_xy,anom_yy,anom_pp
site_0089d624f3191d41,19,0.043357710658147225,-0.035605564431924565,0.02474135919871181,0.027497469034878458,0.01439606538539946,0.024741359198711815,0.5235414709309842,0.44362497073356105,0.03571793039679665,-0.6765057242065667,0.0033366151455985864,0.014366105263157892,0.003937687273033234
site_008c2bef2cb4aaa3,42,0.034573587939629016,-0.0004633735886641917,0.03457048261069824,0.04564469529547525,0.06755482256488045,0.0345704826106983,1.4800147558784809,0.8840505728476217,0.050203985286808965,-0.01946169072389605,0.11449145384150601,0.08750440476190477,0.1916734701744442
site_00edf1317915280d,216,0.10365512204730098,0.09506718954361147,0.04131118249239435,0.0416768380074971,0.050836369585551294,0.04131118249239435,1.2197751080925696,0.6170487943585178,2.3207870145544263,20.53451294142008,0.282385602002377,0.37518310648148145,0.5582166780899731
site_01183702de237e95,654,0.07862485011628527,0.04860616982666724,0.06180054458165808,0.08191912268218,0.07038243333482533,0.061800544581658186,0.8591697644014898,0.6803308283879417,4.042941054498645,31.788435066640375,2.5653549831270124,4.38882570030581,3.239711247073761
site_01e54199a3b60966,138,0.051779308604076854,0.022184448275531544,0.046786184437571876,0.06063687222785308,0.04628060950251126,0.04678618443757191,0.7632420308323988,0.6467169019031946,0.3699913583332394,3.0614538620233533,0.2504546844339349,0.5074025777536232,0.2955814845975031
site_026dbe6171ec07f4,71,0.05062901336873558,-0.006378865510645047,0.05022556191312058,0.0623497612794217,0.04023066464363623,0.05022556191312058,0.6452416788468796,0.5946868405855146,0.18199408662310398,-0.45289945125579834,0.10591041741222144,0.276011983943662,0.11491395281447925
site_02b6ac3cafd20e22,104,0.060366221568117474,-0.04083075011590352,0.0444626871813175,0.050130688072770435,0.04814650587982357,0.044462687181317635,0.9604198093178654,0.591278734405534,0.3789843934667494,-4.246398012053966,0.14842055091248252,0.26136093221153844,0.24108094695733212
site_0312a18810484838,58,0.18929609336364092,-0.17546762625616177,0.07102199024783941,0.057037839204077095,0.043014071709360474,0.07102199024784046,0.7541322095926418,0.01210598518198922,2.078314635838703,-10.177122322857382,0.0017226686523906087,0.18869227586206894,0.10731220117104429
site_0322f6b7744e5e7d,83,0.020709251845137472,0.0009931484755263274,0.020685424049095284,0.048264746403469304,0.046389383819365415,0.020685424049097116,0.9611442569608304,0.9052311032729675,0.03559646829478238,0.08243132346868517,0.16822331720028658,0.19334731686746987,0.17861391928465337
site_0430e77fe9702577,394,0.07920478553860134,-0.05061943159412006,0.06091856200948963,0.06308981520330414,0.04135568849798512,0.052011950560384504,0.6555049870524782,0.5721031634520608,2.4717188325730386,-19.944056048083304,0.588118826229412,1.568247964260504,0.6738554306300972
site_0472cafe265e9bf9,112,0.12013117303222338,0.10421753659737962,0.05975118241233254,0.05345248029673131,0.09275444662845637,0.05975118241233256,1.7352692730729733,0.7957263480787944,1.6163278582189755,11.672364098906517,0.4418596682948992,0.3200027767857143,0.96357938536733
site_047754da87a40137,94,0.0762031548397542,-0.07280758389507201,0.022493922176748154,0.02643204199540929,0.011390567655487533,0.02249392217674815,0.43093786161000514,0.5354484925672414,0.5458505559079662,-6.84391288613677,0.015153803011382673,0.06567336734042555,0.01219603296233844
site_04a0ab31c36d8277,117,0.07865964263382774,0.04397860150092688,0.06521673090016215,0.0971675470643278,0.06412171572495173,0.06521673090016222,0.6599087623617921,0.7463149235326165,0.7239187073759346,5.145496375608445,0.5440444214812838,1.1046592676923077,0.48105654801884823
site_04a334aa2f23d43d,112,0.06911406127714262,0.02788214203396014,0.06324033223994555,0.09028436569669096,0.05463078670997323,0.06324033223994581,0.6050968657575175,0.7234395059433545,0.5349963882167099,3.1227999078035356,0.39964119574319834,0.9129418691964286,0.33426655993366583
site_05aa898de0a23cc1,66,0.04612910911799455,-0.024186780434666263,0.03927969399352664,0.04924598588518144,0.06053757881596822,0.03927969399352665,1.229289610672299,0.7626159365767099,0.14044105072930996,-1.5963275086879734,0.1500533500777727,0.16006103030303032,0.24187669762737124
site_05ff70d4d3251126,56,0.10358628441225767,-0.005346349228705678,0.10344822312762,0.1301280165895516,0.05184427836398111,0.10344822312762023,0.39840980999124714,0.6610639848788513,0.6008866258268797,-0.29939555680751795,0.24974866090581885,0.9482648392857145,0.15051843514858976
site_0616304fbe5abc7f,91,0.0658571413524361,-0.02780607516228498,0.05969912270028855,0.11940051015747982,0.10207743488864501,0.059699122700288924,0.8549162374098148,0.8661031291497336,0.3946818391074422,-2.530352839767933,0.9606096176098172,1.2973398461538461,0.9482020469235461
site_062fed1c5ac99ce7,88,0.08683160567129743,0.02586505931073969,0.0828898452785841,0.09858150901895621,0.04522317572696268,0.08288984527858428,0.458738927583942,0.5487368464910035,0.6634960414241009,2.2761252193450927,0.21527981609106064,0.8552116249999999,0.1799719348091937
site_06fbc9bb474fb230,264,0.07587586395441827,0.06403067524798892,0.04070895918733332,0.042388523924692556,0.039936290198340406,0.04070895918733389,0.9421486407333082,0.5122972268537653,1.5198867369389588,16.904098265469074,0.22895068379096462,0.4743517575757576,0.42105552054879986
site_0749a2df9169c11c,244,0.1335287756090284,-0.08756297030654109,0.1008100200711321,0.12497917536826818,0.060590153832709256,0.10081002007113223,0.48480199724611805,0.602726436186007,4.350503875417687,-21.365364754796026,1.113652706196318,3.811229803278689,0.8957646849190148
site_079486718438a070,226,0.08283815249270385,0.03326373389284168,0.07586622117853685,0.10253387561981735,0.062245287876354326,0.07586622117853765,0.6070704681753374,0.6762495341150769,1.5508480488994074,7.517603859782219,0.975414643606715,2.375982216814159,0.8756315449951104
site_088275f9ba9853b1,86,0.0998955316534062,0.047646639232025584,0.08780042718694414,0.08186361730849549,0.04090866668875479,0.08780042718694413,0.4997173107388384,0.09947289873241781,0.8582040830112344,4.0976109739542,0.02864900089956301,0.576342058139535,0.1439226348816407
site_08cce474c4f1c65e,101,0.0769655046450024,-0.04261759769916535,0.06408922898281724,0.13094279995895935,0.07913950539396493,0.06408922898281735,0.6043822601836005,0.9312996955240906,0.5982925794312485,-4.3043773676157,0.9747332696258136,1.7317477029702968,0.6325691927141419
site_08db8db92cc27df6,416,0.04443055670182331,-0.010687925526155875,0.043125892649095186,0.06347767054392484,0.043006579898911136,0.043125892649095346,0.6775072167960503,0.7361173096496886,0.8212149374349176,-4.446177018880844,0.8359806947446644,1.676236497596154,0.7694194204741938
site_0902e4bb7164303d,146,0.053709317424298325,-0.02690902754966527,0.0464822010506752,0.06793365152536904,0.04255383970578115,0.04648220105067524,0.6264029497941813,0.7377126780128895,0.4211648536148692,-3.9287180222511293,0.31136071461949444,0.6737872273972603,0.2643810739609762
site_097bbf563f897742,21,0.04279011902101764,0.004846405611151741,0.04251478141170495,0.06067051643612284,0.024318876120816766,0.04251478141170677,0.40083515930544245,0.835281241879988,0.03845088000248997,0.10177451783418656,0.02588053295016289,0.07729914285714289,0.012419562451372268
site_0983900925777e9a,101,0.04533907422054155,0.008695045079335125,0.044497503775426606,0.06572609390238202,0.049887342451798176,0.04449750377542664,0.7590188232681538,0.736319846100943,0.20761879676875328,0.8781995530128477,0.24384624497334262,0.43631186138613853,0.25136344062720145
site_098c5f4a8213f315,52,0.08268106438193883,0.06493587068181772,0.05118096429459454,0.04125759330326376,0.03969301593354556,0.05118096429459454,0.9620778323588148,0.20097032708350301,0.3554802371811763,3.3766652754545214,0.017114068736795055,0.08851382826923078,0.08192784672283648
site_09d142dad852325f,523,0.045657029452085336,-0.020246724501166703,0.04092229814370699,0.06482218046550325,0.04922568098435789,0.040922298143707826,0.759395636352507,0.7757095924922316,1.0902271489772315,-10.589036914110185,1.2945422208564885,2.197601586998088,1.2673166905594837
site_0a639c884418ac75,179,0.028383923480665756,0.023840550393532105,0.015403742048273368,0.02607977763824632,0.018822733578225524,0.015403742048273475,0.7217367356162482,0.8119644290443434,0.1442108330759757,4.267458520442247,0.07134714745750974,0.12174770949720672,0.0634188585848777
site_0ad0f907a285c78b,99,0.05571821585888466,-0.040468756955380394,0.038298815764767666,0.04790816343017889,0.06085305561022861,0.03829881576476787,1.2702022213586948,0.7771750508890234,0.3073474382712293,-4.006406938582659,0.22430861696284832,0.22722402020202023,0.366606343333056
site_0b0ed8efdae8e576,91,0.07672517289919618,0.02932755351721586,0.0708988487995848,0.09835363969989684,0.0541288564609252,0.0708988487995863,0.5503492969460688,0.7115939191402256,0.5356944462334509,2.6688073700666433,0.34474097762094746,0.8802828982417583,0.26662391226083737
site_0b38093eb399bd08,170,0.07486222440586106,0.028158344545504622,0.06936469040837816,0.07589725955043725,0.049404461127818676,0.06936469040837846,0.6509386692017137,0.4520051964745581,0.9527399493088948,4.786918572735786,0.2881274334474434,0.9792669812352942,0.41493613248612493
site_0b499005763b91ab,135,0.041921397935304715,0.020957328427985863,0.0363069413475124,0.04105325728377326,0.053037799913679684,0.036306941347512445,1.291926717216747,0.7302795735649502,0.23724948665477297,2.8292393377780916,0.21466243102136584,0.22752494103703705,0.37975610965727535
site_0b5d986a46425a8d,144,0.06317490787433518,0.046815719392564556,0.04241883311322213,0.04989857769070733,0.04844474005620103,0.042418833113222164,0.970864146799578,0.6282575200244147,0.574713933830026,6.741463592529296,0.21869305142263573,0.358541,0.337952568832256
site_0b72a3f0c80e88c1,80,0.08106807094295075,-0.011429768835008144,0.08025828624378652,0.08590768787447081,0.03887414336554934,0.08025828624378656,0.4525106463388077,0.36680235898589897,0.5257625701129036,-0.9143815068006516,0.0979974939021282,0.5904104668749999,0.1208959217924227
site_0bcb08d77ff25c9a,123,0.0951291928262053,0.057675206555583614,0.07565139705607632,0.101546749476787,0.05998855678150995,0.07565139705607656,0.5907481735318666,0.6720055220547161,1.113096289315138,7.094050406336785,0.5035149769458587,1.2683443065040652,0.4426311142015986
site_0bf83088dda14a95,57,0.05803844294711877,-0.04131050499698573,0.040766444983834166,0.03429183320502716,0.0544822344341076,0.04076644498383433,1.5887816235534626,0.6643329164613242,0.19200226900437975,-2.3546987848281864,0.07074670872092247,0.067028,0.16919389052918443
site_0c4d512642175d8c,82,0.11509565513215135,0.08907468811767857,0.07288833766136672,0.0907497162824984,0.07858097947437238,0.07288833766136676,0.8659088170562927,0.6378848960767276,1.0862548060845276,7.304124425649643,0.3730086345121991,0.6753119024390243,0.5063475674824421
site_0cc518f8eb987b6e,366,0.08119822740285519,-0.04726742319054291,0.06602229046535656,0.060518452887148,0.051735043515352346,0.06321156775061261,0.8548639472298714,0.37421779895356294,2.413093680811877,-17.299876887738705,0.4288230892915289,1.3404688291865465,0.9796043902779565
site_0cc8f0bf6d22e691,356,0.12742165509425107,0.10129291279149358,0.07730474762375954,0.0649383079578163,0.09086168954824765,0.0773047476237596,1.3992001394195717,0.5505390857312005,5.780115034557147,36.06027695377171,1.1564315503807423,1.501246247191011,2.9390813994121205
site_0ce5386aeb45589f,400,0.07076525024293279,0.0652276123687625,0.027442289019237454,0.0460423107043945,0.04033441661256398,0.027442289019237454,0.8760293737541341,0.8060139056687522,2.0030882567779593,26.091044947504997,0.5987360623721033,0.8479577500000001,0.6507460653903508
site_0d5442a09f1a2d6e,357,0.12794807334635602,0.05792428429854684,0.11408543623769699,0.12121564115778115,0.0587150024883226,0.11408543623769772,0.4843847042140034,0.36005825434734323,5.8443432818768875,20.67896949458122,0.9148475604255578,5.2454837030812325,1.2307401916417313
site_0d5e4db658745469,47,0.03783398984367251,0.011191007845198853,0.03614100345728951,0.057639846275628945,0.028293336751739503,0.03614100345728954,0.4908641951687922,0.863579814871011,0.06727630701208238,0.5259773687243461,0.06619227732965287,0.15615053829787237,0.037624106513724664
site_0d7b03db25fcc113,73,0.07049288062279767,0.05472342857330628,0.04443638805846226,0.04879072462602647,0.0756414519294726,0.04443638805846231,1.5503244214807814,0.8301589711864147,0.36275497395050027,3.9948102858513588,0.22365635886849602,0.17377904109589043,0.4176789352499061
site_0da833e2b1888903,55,0.09378607543909172,-0.07254730906659908,0.05943665446054612,0.0796117640295756,0.03671825925915627,0.059436654460546384,0.4612165011883862,0.7104440305889306,0.4837705370446852,-3.990101998662949,0.11422256014017894,0.34859181345454543,0.07415268096624383
site_0dbafc8a640ef8c3,279,0.09869546874367277,-0.025437281589354238,0.09536110452316075,0.1067653435399822,0.05812814573615062,0.09536110452316075,0.5444477000571109,0.45793701368829753,2.7176819585987877,-7.097001563429832,0.7929151614618664,3.1802759641577065,0.9427078901557631
site_0dc29dbfcf3d5b45,16,0.0672668075633232,-0.0453942531645298,0.049640559821538394,0.09213167801440501,0.049586356770560336,0.04964055982153854,0.5382118055291187,0.9284136472028781,0.07239717439617849,-0.7263080506324768,0.0678629415370524,0.1358119375,0.03934090844443672
site_0e03bfb1bac21c69,145,0.059732436744871074,0.050828104527654315,0.03137622969073675,0.05988983783069082,0.0404991233177085,0.03137622969073717,0.6762269657867489,0.8745678189033748,0.5173547799246034,7.370075156509876,0.3075815309580544,0.5200849379310346,0.23782595347792929
site_0e7b99291027b045,131,0.06638887261866296,-0.006555226829215772,0.06606444890252688,0.09203751423507633,0.06343531338498135,0.06606444890252698,0.6892332318206565,0.6962859543725234,0.5773801953925943,-0.8587347146272661,0.5325432699328387,1.109688427480916,0.5271491069368539
site_0e88bbb351409588,121,0.05327075069261927,0.011369016223702547,0.05204342753374709,0.048021335160093395,0.041770437269116195,0.05204342753374709,0.8698308185280985,0.33459253591590543,0.3433705184019788,1.3756509630680083,0.08120913250042387,0.2790318842975207,0.2111171009880337
site_0e94595e2d8280b9,63,0.07583824318865769,0.04622492820989517,0.06012233480107056,0.07008050055705249,0.03330466066754469,0.06012233480107073,0.47523434340243315,0.5153758191767912,0.36234066518634495,2.9121704772233956,0.07578212791512173,0.30941042317460316,0.0698796265973588
site_0ea793c6917b8d1e,142,0.08448702282687387,-0.06063435798967387,0.058834782716763546,0.054577722511885814,0.04301648462360235,0.05883478271676357,0.7881692867311257,0.29126160918042543,1.0136040977131164,-8.61007883453369,0.09710060015060532,0.4229793468309859,0.2627593488109117
site_0ed7401c57e72edd,149,0.04134193852616917,-0.032315323032308746,0.02578518525081964,0.05783183408977834,0.06336759392029603,0.025785185250819666,1.0957216715956812,0.91346667652671,0.2546642262841311,-4.814983131814003,0.4987847425186994,0.4983336340939597,0.5983023419278832
site_0ed89141fd172a0b,19,0.05858904314461755,0.057137327615838285,0.012961549657437538,0.03126168080862911,0.0415041402295415,0.012961549657438391,1.3276362356717935,0.9756861963449299,0.06522084355543528,1.0856092247009275,0.02405290344969222,0.01856856105263158,0.032729279467675454
site_0f170214c09c03f1,20,0.11970156548661333,-0.06775690386056901,0.09867860335034939,0.130831361970286,0.03667584441754115,0.09867860335034942,0.28032914941198,0.9091140547718215,0.2865692955989196,-1.3551380772113801,0.08724496079564092,0.3423369055,0.02690235127479368
site_0f333b36a4874c91,102,0.09744044027493172,-0.05455948884989701,0.0807335220178737,0.13807256587995165,0.0701320016334378,0.08073352201787375,0.5079358175643282,0.9017906992705524,0.9684532188991986,-5.565067862689495,0.8906961057431557,1.944531411764706,0.5016867606174773
site_0f556398a37eba54,17,0.20476965300579025,-0.19968032065980576,0.04536937660260379,0.050312791854770424,0.03283207424419171,0.045369376602604095,0.6525591809526811,0.4694493741003496,0.7128203834658996,-3.394565451216698,0.013183005215753527,0.04303340941176471,0.018325066685993985
site_0f5c2c2840148780,191,0.06047987538232002,0.017325359853774463,0.05794520888044307,0.06924151015778757,0.03764568242851452,0.05614801309545123,0.5436866172145515,0.5867669069042577,0.6986427273158431,3.3091437320709227,0.2921330445678335,0.9157278652258206,0.2706847044521363
site_0fabc5d0b4df5f64,317,0.08529281528507549,0.07442967780621645,0.04165438033288716,0.04014546811777349,0.031254250897068916,0.041654380332891476,0.7785250082370272,0.3400765775437412,2.30613199554352,23.594207864570617,0.13526380626546564,0.5108957794952681,0.30965453912640784
site_0ff1990da553fc4d,975,0.056910999412892925,0.021173709881489096,0.0528255228467152,0.056202421944953874,0.04808041308228627,0.0528255228467161,0.8554864971722657,0.49586764895668806,3.157890307819941,20.64436713445187,1.3064524641738333,3.079744426666667,2.2539329691092025
site_1053b206858b1513,880,0.07296279700703465,-0.04777409755604511,0.05514712458320223,0.06806196826388455,0.04672989436897072,0.055147124583202235,0.6865786512049317,0.5934405395240755,4.684741377438974,-42.041205849319695,1.6609600488333434,4.076539741079545,1.921641064406942
site_1055453212517d95,143,0.06382331627934149,-0.015285597427741634,0.06196584714316325,0.09560491294354456,0.05287251785248396,0.06196584714316379,0.5530313895448614,0.8008150912471523,0.5824984452276785,-2.1858404321670535,0.5788665962246332,1.307062811188811,0.3997569496007566
site_108f541d7e13b076,361,0.05815134689728762,-0.027113261156547764,0.05144366059511629,0.08593626697125445,0.04888436677725541,0.05144366059511639,0.5688444297168174,0.8484140562313524,1.2207500716946942,-9.787887277513743,1.286653291074007,2.6660001551246535,0.862674954791977
site_10a7b62e4edfa545,50,0.1278073498080455,-0.1009864254219532,0.0783355637335457,0.0911019013852071,0.032207149488872266,0.07833556373354572,0.3535288396747116,0.5453735144839135,0.8167359332478057,-5.04932127109766,0.08000990921865404,0.4149778218,0.051865023909928254
site_10d7d76e5b99709b,40,0.06614537764060793,0.042296136291325094,0.050855165303480124,0.0606743561976557,0.03887188628029621,0.0508551653034802,0.6406641737353634,0.5524960208003048,0.17500843932874544,1.6918454516530037,0.05212306409887969,0.14725510000000003,0.06044094171953124
site_10dfc2a732e16d10,6,0.03419141210645971,-0.023091798959175746,0.025215500841005906,0.06679038520292839,0.07791559411284675,0.025215500841008383,1.166569018521405,,0.007014315971002558,-0.13855079375505447,0.029687921636551616,0.026765733333333333,0.03642503883574727
site_10ec1b51ff0dc0c8,84,0.11089100994961522,-0.09920949875598861,0.04954080584963428,0.044927618785166164,0.03159759155148262,0.049540805849634814,0.7032999390102387,0.19815633805142804,1.0329325513622356,-8.333597895503043,0.02362950564778987,0.1695532380952381,0.08386625451576335
site_11d0ddb199b9f010,2,0.025740851226164103,-0.024414307802915577,0.008156776100397112,0.0020000000000000018,0.00615677610039711,0.008156776100397112,3.078388050198552,,0.001325182843695028,-0.048828615605831155,-2.4627104401588462e-05,8.000000000000015e-06,7.581178390084209e-05
site_125ba37c83dbcda5,409,0.041609834229280974,-0.013998546098526066,0.03918442307493736,0.03803221699319482,0.05195517298769373,0.03555786726500699,1.3660832077443756,0.7291170926003696,0.7081337265765912,-5.725405354297161,0.5892519452557888,0.5915978575317398,1.1040300600741029
site_12aaba88bfb65c8b,227,0.1105199139086065,-0.0942033411461351,0.057796036951253696,0.07802533013998211,0.05136166060682767,0.05779603695125398,0.6582690584542453,0.6719371542954905,2.7727258610730354,-21.38415844017267,0.6112645145397355,1.3819651365638765,0.5988305809260464
site_12f6f97179080a87,406,0.05262779001189592,-0.0029914206316318417,0.05254270343388185,0.06934672900402701,0.05548241344557359,0.05254270343388185,0.8000725375576357,0.6662117621786826,1.124491818303702,-1.2145167764425278,1.0406858622560216,1.9524413423645322,1.2497890699086995
site_12f79a44d2a41795,112,0.18763147128829147,-0.13944569349187824,0.12554070090762634,0.08819210550072622,0.0602679232213883,0.08111101390836924,0.683370953434058,0.4544621394575704,3.943023729994602,-15.617917671090364,0.27054011403029565,0.871118916936937,0.4068089277749454
site_13345716e1eac548,38,0.041507554728471875,-0.03185844969435742,0.026606696198686247,0.04952444204744566,0.0308009208797431,0.02660669619868628,0.6219337282030365,0.8828679665768384,0.06546932978240934,-1.2106210883855821,0.05117556528629442,0.09320147368421054,0.03605047562752739
site_13471aa5ce158e45,113,0.035925824513085326,-0.019569778273485404,0.030127871568891507,0.07406047423873999,0.07029021573593464,0.030127871568891712,0.9490921636465409,0.9141835669093478,0.14584512996478527,-2.2113849449038505,0.5377658489480813,0.6197997844247788,0.5583007303870784
site_136f0d570907389a,58,0.047496878161955865,-0.021312924012027938,0.042446586496315615,0.04404887635035534,0.03297614662167115,0.04244658649631564,0.7486262841164422,0.4220187763016084,0.13084529923763744,-1.2361495926976205,0.03555449440805563,0.11253760344827587,0.0630707222688093
site_139d8263042fc17e,25,0.04354094434344995,-0.01602986542701721,0.04048280188809965,0.03391627338019317,0.02662100455148653,0.04048280188809966,0.7849035845734449,0.12190598430131343,0.047395345857985154,-0.4007466356754303,0.002751677932739254,0.028757839999999996,0.017716947083256662
site_13a4a69bc620b9a3,67,0.09149966080104958,-0.07553660541150108,0.05163728468475388,0.06772633727709822,0.037819889346136455,0.051637284684754106,0.5584221865032899,0.6540931217783907,0.5609365910893777,-5.060952562570572,0.11225151932061608,0.30731940298507465,0.09583305002031839
site_14144d0d858434fd,21,0.021069646815426456,0.0019960777305421374,0.020974882374412588,0.04125019068189282,0.032667971082282095,0.020974882374412633,0.7919471532678763,0.8640909542105453,0.009322530355463014,0.04191763234138489,0.024452703190701353,0.03573314285714286,0.022411123027289204
site_14672231a55d516b,109,0.08660464467469824,-0.04559763264513891,0.07362893708583398,0.11655873747981593,0.07194010553751845,0.0736289370858346,0.6172004526900102,0.7954504082126008,0.8175397282361503,-4.9701419583201405,0.7270353241730243,1.4808673818348626,0.5641162875376731
site_14af94b228986e6c,11,0.05083106118338283,0.03751760396794839,0.03429615391750205,0.09379196955880077,0.10557632651084645,0.03429615391750293,1.1256435599708539,0.9476200294222328,0.02842176459131689,0.41269364364743233,0.10321887454840949,0.0967662690909091,0.12260996791477342
site_14d94a059a5aad1d,372,0.13641542558148959,0.1301505344247305,0.040865715771731634,0.04719982917498008,0.054727097383168666,0.040865715771733084,1.159476598533511,0.6877122579219459,6.922610621207358,48.415998805999756,0.6608342546072379,0.8287504811827957,1.1141605299310995
site_153d5fe2ea0a30b2,107,0.10047562546883969,-0.03193468149783456,0.095265562670812,0.09541664076087732,0.05810188368897643,0.09526556267081225,0.6089282039868179,0.30706227051417373,1.0802025905289365,-3.4170109202682974,0.18214806833514927,0.9741638807476636,0.36121369103818596
site_1540ed4ad947cd80,639,0.04886478410198468,0.03907455365693252,0.029341887837102034,0.04208249465567663,0.04843583746554082,0.02934188783710283,1.150973530962171,0.7987094475244444,1.5257831930881542,24.96863978677988,1.0402984940254352,1.1316283317683882,1.4991133942815158
site_15a7df29fffec944,41,0.0554261391950376,0.03696557053996295,0.04129895277997623,0.05262709326825448,0.029180408935149872,0.041298952779976326,0.5544750265117144,0.6236662529772717,0.12595433314877502,1.5155883921384812,0.03926782607069103,0.1135540487804878,0.03491134689052555
site_15fd0f8efa3618ec,756,0.10518977110336392,0.09424601597153635,0.04671805238096947,0.03447419682666433,0.05359067237572256,0.04671805238096947,1.554515472693259,0.5082161522310674,8.36505528625224,71.24998807448148,0.7098288098282461,0.8984835066137566,2.171201885255617
site_162f5acccb1ccdb2,7,0.0542527874119966,0.023287390788963858,0.0490006364470236,0.08241799387443081,0.05816824511047837,0.04900063644702362,0.7057711838885751,,0.020603554593799076,0.163011735522747,0.027213228284567594,0.047549080000000014,0.023684813174628838
site_164f38fa74238777,27,0.07523785513903737,-0.04507023100278996,0.06024457754253011,0.07479114036863327,0.03471908393962613,0.060244577542530105,0.46421385966976114,0.6103409911818835,0.15283984083991484,-1.216896237075329,0.04279122464358806,0.15103029629629633,0.03254619931938374
site_165766e1d399cf97,157,0.05448686683678594,-0.047332783535255746,0.02698937310302456,0.058285950012353316,0.06889764855928983,0.02698937310302517,1.1820627191405035,0.9233249293977248,0.466104529257274,-7.431247015035153,0.5821333672997915,0.5333685591082803,0.7452610983889076
site_165c41e6efa0bc8e,45,0.09691028301580916,-0.07232717053810755,0.06450103376036491,0.07344546827324706,0.03748436247724572,0.0645010337603652,0.5103699841328347,0.4792729156237017,0.42262213293919026,-3.25472267421484,0.05937594489104217,0.2427406564444444,0.06322848436464962
site_16e59e7364e5ed25,142,0.05168462308516644,0.011344526243881442,0.05042422024937624,0.06632083633875623,0.06143769273368132,0.05042422024937649,0.9263708982779922,0.6909196715549407,0.3793246374107122,1.6109227266311648,0.39976134176804146,0.6245803732394366,0.5359917925582298
site_17476f5e1149b6dd,119,0.04275716756779648,-0.03585560867996777,0.02329271784506152,0.03744841300707971,0.02283079079830301,0.023292717845061647,0.6096597683321532,0.8076697557123745,0.21755287003205465,-4.266817432916164,0.08217413746659494,0.16688365277310924,0.06202815600862942
site_179c7b165166f05c,71,0.11510262782318804,-0.011464183613280176,0.11453029042958171,0.15497239334112836,0.055787962389548446,0.11453029042958188,0.3599864542760649,0.8103290494962695,0.9406516601580373,-0.8139570365428925,0.4974100966947599,1.705167431549296,0.22097306907801473
site_181ff8c89ef12a6c,94,0.05110635864417341,0.0023561943312908743,0.05105201506444256,0.04288316742016048,0.05158195912713021,0.05105201506444256,1.2028486287344577,0.42797427794929377,0.2455148300234865,0.22148226714134217,0.08898774672220361,0.1728628085106383,0.2501056596949356
site_182cb9b0a7d4c94d,1,0.042573291873931884,0.042573291873931884,0.0,0.0,0.0,0.0,,,0.0018124851809829946,0.042573291873931884,0.0,0.0,0.0
site_183b638a356ad6ca,93,0.09292757976464246,0.07768087286333884,0.051002128113479483,0.06885529523773322,0.036833527743896886,0.05100212811348006,0.5349411053532428,0.6893317215117788,0.8031047625250006,7.224321176290513,0.1625892669947878,0.44091780645161294,0.1261739152436192
site_18793582c71deee9,486,0.057409752376562324,-0.0006445660093684266,0.05740613384123486,0.07015747129618724,0.053644834628778094,0.05740613384123525,0.764634665954579,0.5984153043753464,1.601797518617967,-0.3132590805530553,1.0945630905976327,2.392126398436214,1.3985953852215895
site_18be3f84accd05c4,1182,0.029938560804185294,-0.0018723368540834865,0.029879956119960097,0.05485124564095864,0.04692542775948671,0.029879956119960204,0.8555034112925678,0.8387685358498524,1.059447194016614,-2.213102161526681,2.5518452963575013,3.5562351133671743,2.602759000625572
site_18bedc0a241bdc83,127,0.019601348605931386,-0.010528479331872594,0.016533722815191377,0.02294682958567427,0.018542617745387905,0.016533722815191415,0.8080688304306788,0.7015624951061099,0.04879503413074854,-1.3371168751478195,0.03791087609300405,0.06687273748031496,0.04366624145214995
site_1929ba01621eda50,217,0.09062545665366314,-0.055058124410941295,0.07198316699086174,0.08892729570559497,0.05479566313616455,0.07198316699086175,0.616184971120369,0.5878567615198472,1.78221522642964,-11.94761299717426,0.6216021734658749,1.7160498709677419,0.6515565395814489
site_194102884b72b2f0,88,0.044696177245044794,0.011003650559620421,0.043320525558702826,0.04704843534693839,0.03297049152737186,0.04332052555870365,0.7007776408342848,0.45897738207116534,0.17580184690820044,0.9683212492465971,0.06265338840064677,0.19479286363636364,0.09566069141697198
site_19bcb346c9572bcb,74,0.11184934497540387,-0.009011281702647339,0.11148575143713405,0.08038934647717337,0.05946525182747967,0.11148575143713477,0.7397155771674905,-0.25421757962929764,0.9257604218855908,-0.6668348459959031,-0.08992885414808989,0.47822108,0.2616725969430125
site_19cb1bd872c4d23c,70,0.271516632918375,-0.264762332234042,0.06018462745022481,0.053252233851774536,0.0307300560021653,0.06018462745022489,0.5770660454864895,0.048259322767770396,5.160489736593213,-18.53336325638294,0.005528157977227654,0.19850602871428571,0.0661035439327351
site_19feb3f9e9d0726a,57,0.03350405766590063,0.009233679022705346,0.032206537407576834,0.03404281843835552,0.01690331546847,0.03220653740757692,0.4965310231019326,0.35396999462340345,0.0639837471645597,0.5263197042942047,0.011610173514132436,0.06605806877192981,0.016286158208117185
site_1a0cd59d1873112a,14,0.10509118455230132,-0.0456160758478301,0.09467486833817551,0.13098356338698003,0.0957710221765244,0.09467486833817557,0.7311682450841323,0.6921578825073751,0.154618198988482,-0.6386250618696213,0.12155816310005531,0.24019371428571426,0.1284092416423086
site_1a52df5386240d07,520,0.04966223420461102,0.03337886209682776,0.03677212356275596,0.06093857365918064,0.048788414058507514,0.03677212356275606,0.8006162784736813,0.7974228639791716,1.2824955032206913,17.357008290350436,1.2328238090077415,1.9310250750000002,1.2377608600990744
site_1a9dbac658ebe085,81,0.09777564311832748,-0.012356866846849886,0.09699167092555816,0.09384853557693087,0.04433140785383963,0.09699167092555817,0.47237186580817386,0.1640977728089423,0.7743661873634059,-1.0009062145948409,0.055300203493899754,0.7134113580246914,0.15918717150658135
site_1ae2faafa57e844c,288,0.05000934473388013,0.018510234051694472,0.0464575698467274,0.05689688689912418,0.039405830187413136,0.04645756984672773,0.6925832384692336,0.5869064067963243,0.7202691534850745,5.330947406888008,0.37897479295306324,0.9323296527777778,0.4472120023946613
site_1b2f4be319c8a70d,152,0.05654204978558359,-0.04194852389944228,0.03791206584470613,0.060973029719586645,0.06024963437587496,0.0379120658447065,0.9881358143586015,0.8044424595434104,0.4859445158812228,-6.376175632715226,0.4491907084839124,0.5650919736842106,0.5517628032488453
site_1ba2419bf83859ca,145,0.07301510012264263,0.010510460503676837,0.07225465428552114,0.07518436354245599,0.05099339255336818,0.07225465428552119,0.6782446528868019,0.39545566924755826,0.7730247026583317,1.5240167730331415,0.21984026661127803,0.8196398355862069,0.37704728219477635
site_1c7e765219227837,159,0.0754279233282642,-0.021446007729326408,0.0723148696333484,0.10815436669192725,0.07033956718145283,0.07231486963334925,0.6503627114919165,0.7502815869356091,0.9046100872007059,-3.409915228962899,0.9075387193695554,1.8598813584905662,0.7866770990925843
site_1ce5634596e14607,319,0.03040654125795007,-0.00047807830385279823,0.030402782642495164,0.049508104260382296,0.04521411262003023,0.03040278264249519,0.9132668942893005,0.7976535644876109,0.29493392265558294,-0.15250697892904264,0.5695807484231632,0.781885711598746,0.6521367976253518
site_1cedce47f64df34a,254,0.10592864304487018,0.08244793468995357,0.06650725887216127,0.07596983462422138,0.052160961070039195,0.06650725887216127,0.68660095586688,0.5134135372021834,2.8501028640011907,20.941775411248205,0.516758701036413,1.4659396062992127,0.6910745283765367
site_1d1f4a4194ae00c3,182,0.06073996839869259,0.02115385142001477,0.056937319318476114,0.08642897312384384,0.06109777714754959,0.056937319318476155,0.7069131442763151,0.7537988192731632,0.6714605645154997,3.8500009584426884,0.7244553167160068,1.3595340659340662,0.6793947837716372
site_1d6a4da433bfddd7,6,0.07469281402382885,-0.0007057811220486862,0.07468947944527424,0.08422522715249207,0.04268196746287165,0.07468947944527461,0.5067598973119394,,0.0334740988007897,-0.004234686732292117,0.010011362686753273,0.04256333333333333,0.010930502079009807
site_1d92331b9f8c002c,75,0.08002692180690714,-0.003732365096728009,0.07993983778238203,0.10982142218873127,0.05977235470810093,0.07993983778238342,0.5442686273483185,0.7040448039627799,0.48032311604166217,-0.2799273822546007,0.3466163060337305,0.9045558578666667,0.26795507905132765
site_1dab76a1b26190f6,1016,0.03254153986447505,-0.004658847239425801,0.032206318621520735,0.03612319055400619,0.03298286662101468,0.032206318621520735,0.9130662633939672,0.5688495321865231,1.0758950458192382,-4.733388795256614,0.6885977730124044,1.3257630541338583,1.1052754023882785
site_1e0ab3dca10c0e53,65,0.06492423262509388,0.0032445141058701716,0.06484311150904246,0.06311185899307777,0.06343143432397834,0.06484311150904354,1.0050636336181387,0.4748641792209283,0.2739851388272248,0.21089341688156116,0.12356579611301424,0.2589019384615385,0.2615305459258166
site_1e115354ece8fb9b,39,0.05115138335197515,0.019234868657894626,0.04739708689924164,0.04699525064481482,0.034952764245200295,0.04739708689924165,0.7437509911239675,0.36032979301257395,0.1020420967340081,0.7501598776578904,0.023083426567797476,0.08613358974358976,0.04764613340684154
site_1e3671cb73e4a59d,71,0.224162472976945,-0.2166652351389469,0.05748904394164574,0.052473938478076076,0.030120066742341106,0.057489043941645813,0.574000496549834,0.11253979629745854,3.567665814670912,-15.383231694865229,0.012628857565702686,0.19549950957746481,0.06441250785997887
site_1e4554eec29098a5,97,0.02791654444399521,0.016544580062332843,0.022485780490225784,0.03270554823780097,0.024813176455786443,0.0224857804902258,0.7586840090669219,0.7268606276139323,0.0755953450082753,1.6048242660462857,0.05721720992466531,0.10375632989690721,0.059722291405121475
site_1ead9d05e7924900,21,0.1276297688915276,-0.12255809443110512,0.03562122115707249,0.042266424171496904,0.043959599100591176,0.035621221157072516,1.0400595735807738,0.6593126231114814,0.3420765160533997,-2.5737199830532074,0.025725268470389504,0.03751546285714285,0.04058137341477863
site_1ebbce006aed7c73,31,0.0690919447862139,-0.046525420370794116,0.05107917475510078,0.054305153131242526,0.034779962506960325,0.05107917475510079,0.6404541834714194,0.4102260192629484,0.14798460186457812,-1.4422880314946176,0.024019007001432682,0.0914205393548387,0.03749901955155255
site_1f03845600024bcb,415,0.08684736117574517,0.06945644055992724,0.05213700229142086,0.022812113734234734,0.0595538755557042,0.05213700229142087,2.610625049897509,0.49640787410787773,3.130122619423987,28.824422832369805,0.2798738458994103,0.21596290120481929,1.4718655988872855
site_1f2f25947066509c,400,0.13652714039453004,-0.10894563967660069,0.08228309461708401,0.09433676294928717,0.037360922116561626,0.08228309461708402,0.3960377794248232,0.5000350732750687,7.455864025723086,-43.57825587064028,0.7049511370771564,3.5597699375,0.5583354005599135
site_1f80e745021951bc,179,0.1460018893568031,-0.12428030684540392,0.0766221705916011,0.08837868265780333,0.0484289934481828,0.07662217059160123,0.5479714337415144,0.5005971001079732,3.815662753540355,-22.246174925327303,0.3835255726065133,1.3981316871508382,0.41982076574633964
site_1f87127a283de97d,2,0.025104113345739823,-0.011339819979667667,0.022396986174583453,0.07280000000000002,0.050403013825418765,0.02239698617458841,0.6923490910084994,,0.0012604330137515047,-0.022679639959335335,0.007338678812980654,0.010599680000000004,0.005080927605370711
site_1fa5a52b4f99f39b,10,0.10363841000928667,-0.056405713727474216,0.08694432407090896,0.15297964864647848,0.07259360660264809,0.08694432407090909,0.4745311369514586,0.9505913688949922,0.10740920029253012,-0.5640571372747422,0.10556644565716386,0.234027729,0.052698317195800315
site_1fe95dec232c15f6,833,0.03780118384858458,-0.023343343527949593,0.02973243705602731,0.021987651489445755,0.04109132606753626,0.02973243705602742,1.868836518864255,0.7127468613140928,1.1902982737952916,-19.44500515878201,0.5364253784525795,0.4027195294117647,1.4065180659644911
site_203c950b486649d5,44,0.04627688769799435,0.03699501445781101,0.027801425148346888,0.03830572879441239,0.03411995357478036,0.027801425148346905,0.8907271744626719,0.7110158813952847,0.09422821474056235,1.6277806361436846,0.04088877870301631,0.06456246977272727,0.05122353420558734
site_20551d8a0ce0f349,48,0.08429868826260367,0.004879834268987181,0.08415732921322333,0.06525920270219664,0.04075710751280456,0.08415732921322382,0.6245419163147801,-0.21854294520224687,0.34110090445419045,0.2342320449113847,-0.02790121704398965,0.2044206497916667,0.07973480701489488
site_20c84fb12b0c9692,116,0.061074407050391424,0.017506188510101415,0.05851167883769611,0.07747374126510456,0.0534239136161194,0.058511678837696396,0.6895744641182366,0.6562869769326094,0.4326896508006006,2.0307178671717643,0.31509535713361514,0.6962529479310344,0.3310772873432602
site_20e55f2eceb79ec1,659,0.07007286947455528,0.052410707528927625,0.04651155526012079,0.044946196275520954,0.019006525993539334,0.04651155526012311,0.4228728472823151,0.12764322156382293,3.235826436986322,34.538656261563304,0.07185861778890146,1.3312858088012138,0.23806245199609388
site_2266e199c1b4f8b1,182,0.08619268355648467,-0.0785560918563015,0.035469975062475394,0.06535172949187187,0.07884335130744259,0.035469975062475415,1.2064462856679063,0.8955764229416248,1.3521105231576311,-14.297208717846871,0.8398393150451828,0.7772944356593408,1.1313618762607633
site_228e3c936ac52751,419,0.07543892176746492,-0.0416572993129563,0.06289435850208239,0.08282325804289989,0.0467295762858979,0.06289435850208247,0.564208380473193,0.6572682507258955,2.3845419544063926,-17.45440841212869,1.0658616361548336,2.8742109785202867,0.9149507326411519
site_237e685bbdd8644d,293,0.07111957852821958,-0.031718263193242786,0.06365489949749172,0.09238469387604381,0.06139387520139013,0.06365489949749338,0.6645459613013895,0.7274687264314216,1.4819923738592562,-9.293451115620137,1.2089463250100079,2.5007349771331056,1.1043779182874527
site_23d2f2404f4bbe4e,117,0.05944745011532183,-0.0332957281251239,0.049248287420290165,0.07626167795162501,0.0614966325440262,0.04924828742029036,0.8063897123144247,0.7646626591871221,0.4134779210500002,-3.8956001906394966,0.4195787031786181,0.6804536923076921,0.442474790267833
site_23e0c01fc0e0a37a,340,0.0819551009012355,-0.06892256321247887,0.04434319388534783,0.07566476276596505,0.0732949252359648,0.04192959240503024,0.9686797732079029,0.842001067441301,2.283657111668776,-23.433671492242816,1.5876659839889904,1.9465531503061224,1.8265296622175278
site_24a155d00f2ce6ce,294,0.05922656783056333,0.009319436956830577,0.05848875474649789,0.07451103477539117,0.07595960057452461,0.05848875474649803,1.019440956678431,0.6979735229428695,1.0312891830745656,2.7399144653081895,1.161420656268897,1.6322569251700683,1.696339110315748
site_24bc1a63008e8e56,630,0.049396073903123006,0.031666249086175643,0.03791069487433685,0.034156578567099354,0.04742889706911289,0.03791069487433688,1.3885728330763736,0.6107841175858452,1.5371824337369577,19.949736924290654,0.6233696754855769,0.7350032714285714,1.417185174631278
site_24bea14e8249e50f,135,0.05847347167708975,-0.039587199374923,0.04303487580581026,0.06072831051673292,0.0390101977263439,0.0430348758058103,0.6423725177665716,0.7086723347786753,0.46158483014614127,-5.344271915614605,0.2266462815239474,0.49787023925925916,0.20544239609754028
site_257ba699ad2936b5,31,0.06064518252932312,0.053954005369063335,0.02769121645305603,0.020917484185269484,0.03274696725464467,0.02769121645305954,1.5655308719059886,0.542422418850545,0.11401298308446245,1.6725741664409635,0.01151807387569739,0.013563775483870968,0.03324327979567987
site_25bb1d03fe665fce,56,0.09023967930897647,-0.06724156089020626,0.06018116159426968,0.07371731159002765,0.03642754091287206,0.0601811615942697,0.4941517823582692,0.584550765513551,0.45601918442006734,-3.765527409851551,0.08790419551716852,0.3043175535714286,0.07431008126970218
site_25c3911a44e2e266,323,0.05499443224387435,0.012257679104066856,0.05361097724167887,0.06399540981400864,0.04312081842472328,0.05337136131346063,0.6738111147353588,0.5628332080162731,0.9768771876378259,3.9592303506135944,0.5016699129442681,1.3228182301559208,0.6005878090625993
site_25db0a3f364cf3fa,37,0.03682151333289542,-0.029730168386085613,0.02172420152409728,0.02349014060461417,0.027606385160560694,0.021724201524097476,1.1752328615324665,0.6491804236032184,0.05016548223261002,-1.1000162302851677,0.015576228094866147,0.020416108108108108,0.028198162560429355
site_26066c2f9061bb32,267,0.15634205063282583,0.14426251376746746,0.06025913970152855,0.05816210348991648,0.06827189773739482,0.06025913970152908,1.1738209872211907,0.5556408111940125,6.526237424552578,38.51809117591381,0.5890979044600652,0.9032156853932586,1.2445008895176342
site_26149aa81404cf67,120,0.06371848890678071,-0.059239256493349865,0.02346819802794074,0.050555396122306605,0.05958834951737087,0.023468198027943254,1.1786743668907511,0.9221311025484942,0.48720549942762437,-7.108710779201984,0.3333517893965356,0.30670176925000003,0.42609256778452237
site_261c25e44abd6c6d,260,0.13868699606470578,-0.12372932052882817,0.06265092273004615,0.09202318572884982,0.049791748185107246,0.06265092273004624,0.5410782922884317,0.7662979045263554,5.000861548137446,-32.169623337495324,0.9129050814116086,2.2017493450384613,0.644596728705574
site_261e3bb708a6a167,65,0.09468533421638903,-0.0067150820625745365,0.09444691730576588,0.10080146218531866,0.04247042286192144,0.09444691730576645,0.42132744844357123,0.35557042770303543,0.5827453135185039,-0.4364803340673449,0.09894467076670665,0.6604607606153847,0.11724289317457726
site_2689516b5f07761f,394,0.057885841949815206,0.032271362515119126,0.04805548730016948,0.07761763262977116,0.0526832447571143,0.04805548730016975,0.6787535637476659,0.7936482298041638,1.3202036551061604,12.714916830956936,1.2786661887656765,2.373651776649746,1.0935565655863764
site_26f018cca8362487,256,0.09652705414419664,-0.06984116815496236,0.06663094935918999,0.09751956935020786,0.05193332751637688,0.06663094935919014,0.5325426256741995,0.7668505646086862,2.3852728785297073,-17.879339047670364,0.9942340480852874,2.434577,0.6904500497723567
site_270decc0b97d0896,280,0.10107538477749338,0.07517944306092604,0.06755949044336644,0.08253754216928766,0.07823284605808055,0.06755949044336652,0.9478455985231785,0.6480059645805066,2.8605453542171357,21.05024405705929,1.171595504901771,1.907484842857143,1.713705896657252
site_284ff462bff5925c,321,0.04196100097330418,0.025147965051860458,0.03359025835613712,0.05150318722251192,0.04854832488943228,0.033590258356137145,0.9426275830209577,0.776120386612192,0.5651929184608045,8.072496781647207,0.6229346362979984,0.851477632398754,0.7565776917119282
site_28bd97dda8311cf0,96,0.13898079704349176,-0.1035259085757037,0.09272566095973264,0.1201631630903951,0.07323509568400821,0.09272566095973273,0.6094637807504757,0.636608644201257,1.8543035468970475,-9.938487223267556,0.5378168065591404,1.3861618333333334,0.5148844070252004
site_292d280e566004c1,45,0.12513906477931835,-0.08719598331345452,0.08975882144860302,0.1127679451871337,0.04014488307236469,0.08975882144860318,0.3559955181035349,0.6926769965966121,0.7046903490229095,-3.9238192491054535,0.14111043909255003,0.5722474257777777,0.0725225236602225
site_29971fce7657be9c,156,0.050561059590319105,-0.006814749045631827,0.05009970002246381,0.06579308652922992,0.0776153922152785,0.050099700022463854,1.1796891787527901,0.7679245140618625,0.3988016365157448,-1.063100851118565,0.611746153311804,0.6752819166666667,0.9397672609621162
site_29fa7d91f9cd3f03,186,0.07244402676942516,0.01637562728030707,0.0705689439183105,0.09904484624120609,0.044355802141804505,0.07056894391831067,0.4478355394058955,0.7736185306511373,0.9761534847098692,3.045866674137115,0.6321528901502489,1.824637971451613,0.36594331615758113
site_2a096aef4be52591,150,0.06534712949060835,0.051034977475007376,0.040812723589437466,0.036816370754809,0.05561406120939289,0.040812723589438146,1.5105796706517713,0.6795310917973411,0.6405370998993503,7.6552466212511066,0.208701791472733,0.20331677333333334,0.46393857063031485
site_2a66162bd2a4e4b1,187,0.08799166794265549,-0.05265365088527853,0.07049912535472871,0.0943881143546723,0.05410647535071513,0.07049912535472892,0.5732339894767355,0.6722624954610713,1.447853788310812,-9.846232715547085,0.6420177622042237,1.66600471657754,0.5474444962021008
site_2b657e21e1c1d622,416,0.16511974011226835,-0.14032022784750622,0.08703310997296936,0.10738545052849152,0.06529800934178709,0.08703310997297013,0.6080712891776918,0.5861834674235731,11.342043887093105,-58.37321478456259,1.7099061777491409,4.7971601538461535,1.7737532899840476
site_2c61711a8eb15185,175,0.06050909533991869,-0.04716012722764696,0.037911383761708314,0.057723266627973176,0.03577323695595223,0.03791138376170866,0.6197368764056782,0.7686457062868238,0.6407363582996897,-8.253022264838219,0.2777623602060336,0.5830957142857143,0.22395178440367353
site_2d0695836558269a,137,0.03959597053919115,0.027701917940682736,0.028292130095632133,0.037942959508294405,0.035437982972151914,0.028292130095632143,0.9339804651876221,0.7046866161345285,0.21479420096284763,3.795162757873535,0.12981258188035802,0.1972345401459854,0.1720515372874305
site_2e03a5b4a3fc6fe0,33,0.02910410095709229,-0.020365740076339605,0.020791472378443893,0.03025205045073522,0.022574135805112524,0.020791472378444097,0.7462018431403185,0.726660305969403,0.027952606853180476,-0.672069422519207,0.016376131862605156,0.030201156363636357,0.016816523042472886
site_2e6f197ad6e426eb,271,0.061234430332363164,0.0509801952018509,0.03392160307695107,0.020637397606801333,0.04369164246160201,0.03392160307695108,2.117110078220465,0.6566544033877413,1.0161566291529693,13.815632899701594,0.1604572904873983,0.11541949077490775,0.5173280572889576
site_2eadbc791936fa20,822,0.08720800111304616,-0.06737646568300079,0.05536828812777649,0.07744559044861371,0.05087788556093364,0.05536828812777668,0.6569500634731665,0.7005527981533547,6.251503546585376,-55.38345479142665,2.2690206008318876,4.9302076125060825,2.1277956945825
site_2eb90940ae2529bc,146,0.07265498805504143,0.061193730332671774,0.03916726512344792,0.05015914810742728,0.04820969184391245,0.03916726512344792,0.9611345818844526,0.6835866672284133,0.7706971042346191,8.93428462857008,0.24134091045870765,0.36732726027397256,0.3393294606020098
site_2ecbb3b2737ff9d4,59,0.07130817901024102,0.06669634732715155,0.0252280329588445,0.035437799735600774,0.0387711708396625,0.02522803295884489,1.094062586529971,0.7724315067562231,0.3000065272316381,3.9350844923019412,0.0626163368964852,0.07409442135593222,0.08868901760841946
site_301436b06877aab0,44,0.06812825065985248,-0.023831917609680783,0.06382396290592646,0.07381237381987941,0.06033384807792657,0.06382396290592646,0.8173947666980091,0.5630483351916031,0.20422417567075432,-1.0486043748259544,0.11032871325957505,0.23972372727272728,0.16016762185117422
site_3058377fafc959d8,52,0.07159083298691558,-0.06580991530601796,0.02818337125283606,0.044146887811060555,0.04724834187531867,0.028183371252836084,1.0702530624023079,0.811904760812509,0.26651286312354294,-3.4221155959129335,0.08806332855304846,0.10134528057692309,0.1160851021182836
site_313b58fce7205197,400,0.11940588101619945,-0.07688831024363636,0.0913561829825059,0.10657849208446872,0.048718347205882334,0.08079070496845668,0.4571123709206792,0.6938423713871753,5.703105768501912,-30.755324097454547,1.4410628640343706,4.543589989999664,0.9493909417891613
site_31563788a284dc59,162,0.07147035355842248,0.035148874925242525,0.06222996086496896,0.039447574210730765,0.056242864908792586,0.062229960864968965,1.4257623195875264,0.19083789712112695,0.8274978529180778,5.6941177378892895,0.06859103773534299,0.25209,0.5124480962100881
site_319d460a95d287a7,55,0.0778331628802977,0.06740921888243069,0.038910133045409946,0.06179279157724702,0.07432381521002789,0.03891013304540995,1.2027910264762172,0.8522678397432655,0.3331900684173023,3.707507038533688,0.21528045397847886,0.21000919999999995,0.3038216229055905
site_323cc8255b0caa4e,56,0.06718337388939018,0.019625178844801017,0.06425307838906373,0.1129061094043025,0.0915161620765685,0.06425307838906404,0.8105510194214619,0.8223641340174723,0.25276192072104925,1.099010015308857,0.47584710262795643,0.7138762142857142,0.4690116435885862
site_32983262837b2abc,52,0.07744975206538983,-0.06858830142938174,0.03597372655178536,0.06613636844255384,0.05483884461800369,0.03597372655178581,0.829178346338094,0.8391886182297208,0.31192013293949855,-3.5665916743278503,0.15826743680238722,0.227449,0.15637954170995272
site_32a7eff6ca5c3a9e,91,0.183142102708083,0.16805807939073542,0.07278400741808122,0.06137889241232721,0.0658164674204615,0.07278400741808204,1.0722980626356668,0.3467627598348499,3.0522337103747605,15.293285224556923,0.1274757157144966,0.34283052747252757,0.394194471917489
site_32aa1fd33af84607,47,0.08824568312495652,-0.0606602870712889,0.0640907962395464,0.06902556982214028,0.044046360765189745,0.06409079623954646,0.6381165831544018,0.42708935637363876,0.36600312773894106,-2.8510334923505782,0.06102905404776969,0.22393287659574465,0.09118384914289057
site_32d33ae0920bdcec,147,0.05532848225349231,0.043661772403181816,0.03398368107029849,0.04051448711343963,0.0551927265221699,0.03398368107030044,1.3622960687526795,0.7899383383555342,0.45000241942582697,6.418280543267727,0.2596586058727231,0.24128927891156465,0.4477968479598024
site_32e9d9454ab82a2b,29,0.1168077379652875,-0.09565014450714505,0.06704548832195596,0.06701844564800732,0.040184307339588075,0.06704548832195738,0.5996007062092,0.29912725129576523,0.3956773818084507,-2.7738541907072065,0.023361720082061048,0.13025268965517242,0.04682857813451169
site_33d9c76285abfbd1,64,0.1163199463978371,-0.10623486568871887,0.04737597747905115,0.039686363664834544,0.03720291930174851,0.04737597747905118,0.9374232322200238,0.24199333142028975,0.8659411155197246,-6.799031404078008,0.022866605549259112,0.10080047749999999,0.08857966109263435
site_33e57061030aaa1a,19,0.09487164339140373,-0.09115685392931888,0.026287957347319698,0.02755576868482595,0.026416010436903833,0.026287957347319743,0.9586381254336142,0.5262090357924226,0.1710119456759279,-1.7319802246570588,0.0072776582903375745,0.014427087368421054,0.013258306540649634
site_345540dea6a21328,13,0.08556369988382974,-0.05999812935865841,0.06100304263946001,0.06610525943859373,0.014370850776281101,0.061003042639460284,0.21739345550304393,0.4500344894473338,0.09517490759153112,-0.7799756816625594,0.005557860530339755,0.05680876923076922,0.0026847775764438087
site_3527ca4be8ad318d,825,0.05687848857000855,-0.050454635567231614,0.026258183710729886,0.05370875985208079,0.054652883239864086,0.026258183710730593,1.0175785735955085,0.8827050400188453,2.6690090311570898,-41.62507434296608,2.1376064817905425,2.3798204800000002,2.464223558304929
site_360469521723c0bf,302,0.08124005524855414,-0.043616342430280536,0.06853875728223148,0.07636390903574251,0.03325856998753497,0.06853875728223188,0.43552733755376677,0.4409910303554413,1.993183866190015,-13.172135413944721,0.33824269248737604,1.7610968741721855,0.3340520082399601
site_3611ac9a5b4c6a7c,47,0.04045984505634493,0.0037647990635100814,0.040284306497628,0.058791326737815466,0.038855489364484526,0.04028430649762802,0.6609051287065459,0.7317881939288171,0.07693895591322164,0.17694555598497383,0.07856857937875582,0.16245174468085105,0.0709582055264178
site_365133aa4290174f,670,0.0612368200146211,-0.013132175828805609,0.059812156653179065,0.10243208140498707,0.08004651855077104,0.059812156653179134,0.7814594554052853,0.8124005196300687,2.5124652440870765,-8.798557805299758,4.46296458710005,7.029861971641791,4.292988238506285
site_3669ed0d65622c4a,171,0.059428069949318194,-0.016496745468161957,0.057092494137668696,0.07838154474022148,0.046262647037038536,0.057092494137668696,0.5902237215452436,0.6927958260498277,0.6039199301410806,-2.8209434750556945,0.42958159837950216,1.0505669810526315,0.3659797593593874
site_367fad9034e246b1,37,0.057050566682790495,-0.020603765033386845,0.05320011301939602,0.045173374479553524,0.037540161693573285,0.05320011301939605,0.8310240739390589,0.18269834585651243,0.12042638487661841,-0.7623393062353133,0.011463441316602194,0.07550344918918918,0.0521427583792462
site_36915ea55aeee9ea,33,0.09773664078282392,-0.08187791040810671,0.05337095407347342,0.08376423031934177,0.050943911090013755,0.0533709540734737,0.6081821667291132,0.7924572067783026,0.31523088139985506,-2.7019710434675215,0.11159394872053102,0.23154272727272723,0.08564430854585847
site_3697f876563488cb,53,0.047737910406706004,-0.020042497614194767,0.043326739773304965,0.039688321573839856,0.024256962439465842,0.043326739773304965,0.6111864013784489,0.14872303175223947,0.12078212876993052,-1.0622523735523226,0.00758845299399405,0.08348363207547167,0.031185212019851805
site_36bf0be122b5ada0,62,0.06539499549668894,-0.011693312617078904,0.0643410590218348,0.08161925258993903,0.035367100866424014,0.06434105902183486,0.4333181172842988,0.6534876406191534,0.26514333703274195,-0.7249853822588921,0.11695563257053013,0.41302554838709676,0.07755157306914023
site_36f59764e16c0acf,11,0.07487239399139296,0.07044827623258938,0.025355783518936262,0.075215719519326,0.09010698792792791,0.02535578351893627,1.197980801137929,0.9689289377537311,0.061664629202026144,0.7749310385584832,0.07223566888116978,0.062231449090909094,0.08931196200788122
site_37100d9c494e6343,36,0.029510792356136274,-0.006877663627266885,0.028698163852712972,0.015852011400200882,0.020814322390054447,0.028698163852713097,1.31303983226953,-0.21073314189148504,0.031351927157531684,-0.24759589058160786,-0.0025031218775030633,0.009046305555555556,0.015596496596056386
site_3744ab32b5fabc06,14,0.19782655635400226,-0.16921524528946194,0.10247705675179428,0.08633790521868724,0.04310745872606709,0.1024770567517952,0.49928775335560005,-0.15974230609840523,0.5478948495843653,-2.369013434052467,-0.0083234219959804,0.1043592742857143,0.026015541969474087
site_3754c55a59175277,6,0.150131161220862,0.04365060808261236,0.14364536185878968,0.12887841815706252,0.03550493868878748,0.14364536185879023,0.2754917324133979,,0.13523619341714674,0.26190364849567416,-0.00829122793674469,0.09965787999999998,0.0075636040277673455
site_37c98a51b9f80f45,156,0.06864147467123939,0.02998232648693598,0.061747163039877186,0.10616510744027001,0.06646503908745689,0.06174716303987787,0.6260535188065538,0.8415156063186924,0.7350177190266141,4.677242931962013,0.9263217065877831,1.7582806858974358,0.6891458216599589
site_383a8c8b2965611f,677,0.06280102331678901,0.0519586299042406,0.03527420173597174,0.029614607542098832,0.03209320166915318,0.035274201735971844,1.0836949847648962,0.3486479583101769,2.6700666945634883,35.175992445170884,0.2243338562496986,0.5937459113737076,0.6972921227161859
site_386cdfdcf9b17142,388,0.07260392468174542,0.01301212575417204,0.07142838695189872,0.056645076186551756,0.0674339533099716,0.07142838695189907,1.1904645178318471,0.3473987203624635,2.0452759931267144,5.048704792618752,0.5148737210124424,1.2449618865979382,1.764367166896434
site_389215a205727fd3,94,0.13022759667186262,-0.11644893591201048,0.05829984785477396,0.04363320016491984,0.05468769424954698,0.05829984785477541,1.2533505230614443,0.31341219451540875,1.5941673318833565,-10.946199975728986,0.07029920655647487,0.1789624787234043,0.2811299268192018
site_38bba0231f056806,585,0.05746087753049473,0.025669311265252594,0.05140854895581172,0.0522732394217771,0.03613341458237959,0.05140854895581191,0.6912411586132993,0.3693531474119027,1.9315251812460907,15.016547090172768,0.4081183187112849,1.5985075623931624,0.7637898348885415
site_38d8c6108ca3a5d7,59,0.07380340736642521,-0.04635613644648407,0.057428664903943744,0.06676530857553956,0.027423269011418498,0.057428664903944146,0.4107412905969166,0.5220292009366392,0.321369633394776,-2.73501205034256,0.05639192151439897,0.2629987793220339,0.04437010531308494
site_38eb3791b353069b,415,0.04802043855399899,0.017094256933913178,0.044874813635220306,0.07905803546385205,0.0678836958505216,0.04487481363522088,0.858656497751709,0.8240198949168416,0.9569744453511331,7.094116627573968,1.8352586987488062,2.5938217831325305,1.9124014073653417
site_38fe9bf25990ebba,147,0.10216534775369858,-0.046765510267627486,0.090833613442616,0.09193691571855366,0.06545777718320421,0.09083361344261622,0.7119857858141556,0.37274693121591607,1.534350467400222,-6.874530009341241,0.32974832249044056,1.2425022813605442,0.6298539272836035
site_395c4ccb7a4b9df2,171,0.038751516943054176,-0.01721394141786977,0.03471829901147179,0.04738580500444651,0.040867172422996964,0.034718299011471984,0.8624349089175997,0.6997538379401192,0.2567872911813164,-2.9435839824557304,0.23172039098499547,0.38396588222222217,0.2855915086965148
site_3987775e61ab1836,60,0.3053435219755688,-0.2983713020602862,0.06487859831480727,0.05935917929576407,0.025559746321853163,0.06487859831480845,0.43059467171031346,-0.010684023755574371,5.59407998474668,-17.902278123617172,-0.0009725916177034399,0.21141072999999996,0.039198037922249185
site_39ac65528c2f5495,202,0.10161635757918,-0.007464905222099605,0.1013417945256785,0.10876887988504753,0.048525573431868384,0.10134179452567856,0.4461347168707876,0.3708968911262205,2.085828593787274,-1.5079108548641202,0.39543936025612425,2.3897951847524754,0.4756557179321135
site_39e3332a33e328c0,156,0.12221043059512768,0.10211005456134298,0.06714853761420338,0.06342926238283068,0.053798933606838815,0.06714853761420368,0.848172146195434,0.3529263349618709,2.329920738014457,15.929168511569504,0.1878762974350785,0.627630326923077,0.45151474012835596
site_3a1e52ef4ac63381,15,0.07688707076521666,-0.07299969144185384,0.02413849001593856,0.04083129301024997,0.03242801603872233,0.024138490015938745,0.7941951784525131,0.8066383913132013,0.08867432476283152,-1.0949953716278076,0.016020780096352095,0.02500791733333332,0.015773643363114487
site_3a558feb29bc33aa,50,0.03720330746400848,-0.005798513807058334,0.036748650640409955,0.03371153511781984,0.030287265212910048,0.036748650640410024,0.8984243852158567,0.3444181704159894,0.06920430431307747,-0.2899256903529167,0.017583067754656078,0.05682338000000001,0.04586592170385756
site_3aab5eecf1e576ed,227,0.031107771103252455,0.02046904521392831,0.023424594148938997,0.04385816136397615,0.03243890038306332,0.023424594148939763,0.7396320177185474,0.8529876311395094,0.21966640702380308,4.6464732635617265,0.27547686755568573,0.43664319823788544,0.23886807258014336
site_3b418123c1eb9bb6,39,0.06123805514062804,-0.010498064149648724,0.06033150127849016,0.06864754334352098,0.03202837919895533,0.06033150127849042,0.46656264214265136,0.4772004586547511,0.14625387649885738,-0.4094245018363002,0.040919038576575424,0.18378692307692304,0.04000686589037089
site_3ba67f452cc05c7e,156,0.06716238357329278,0.01636694561579289,0.06513761477407494,0.10190028489719828,0.06672739206862882,0.06513761477407494,0.654830279777397,0.7789720810083561,0.7036825796903927,2.5532435160636906,0.8262777163644823,1.6198522176923076,0.6945969969557594
site_3bce6f9707106717,37,0.04531483939911115,0.0092028879555496,0.044370502848681305,0.08380881927612827,0.06367471706630679,0.044370502848682894,0.7597615336461805,0.8535221011111678,0.07597708278138772,0.3405068543553352,0.16852845578942752,0.25988497297297297,0.15001537495854617
site_3c025b5f7926190d,54,0.0380425535493754,0.0020115302624525854,0.03798933569517019,0.026652600456824306,0.025783433161587373,0.037989335695170295,0.9673890246977989,-0.04950780792866139,0.07815073755008313,0.10862263417243961,-0.0018371634259819994,0.038359500000000005,0.03589841298229435
site_3c21ace69367fd43,31,0.11509125775914072,-0.07217504705152204,0.08964797931739202,0.09189302924673624,0.030216181002499266,0.08964797931739207,0.32881907637811875,0.2378015192380315,0.4106259259900101,-2.2374264585971835,0.02046908645379928,0.2617741935483872,0.028303545425649723
site_3c2ff06ad9a9ceca,167,0.1029943022508862,-0.0538054324127243,0.08782255825826676,0.09585643659446089,0.05022864313217609,0.08782255825826675,0.5239986475261754,0.4152428096014469,1.7715069914565325,-8.985507212924958,0.333880702586472,1.5344722249101794,0.4213270706802166
site_3c6c836e47ad4756,59,0.08841760978824509,-0.06566234298984884,0.05921258678481985,0.08421123629480415,0.03394942024639967,0.05921258678481987,0.4031459665020303,0.8286277033212203,0.4612427495193161,-3.8740782364010817,0.13976996807867692,0.41840040677966106,0.06800122496893246
site_3cacfdfbb247178d,10,0.1260919309953578,-0.09205629763722421,0.0861673553468183,0.1508304548159953,0.06592436046992983,0.08616735534681885,0.4370759244235778,0.9891501778699721,0.15899175062138066,-0.9205629763722422,0.09835517137952149,0.227498261,0.04346021303369246
site_3d3d4af3226bd56f,68,0.05044083053704785,0.009860357079435798,0.04946767372267671,0.07524260071221434,0.035760402876631396,0.04946767372267674,0.4752680335094573,0.8349491004035384,0.17301086219816814,0.6705042814016343,0.15276895749831898,0.3849785294117647,0.08695883614513111
site_3d8d46208058ae66,97,0.11147870585648985,-0.02891429942723402,0.1076636667965105,0.11531296545543188,0.0347172783077267,0.10766366679651054,0.30107003293697127,0.36355834294457073,1.2054676803654651,-2.8046870444417,0.14117885695685894,1.2898167602061856,0.11691307307032667
site_3e3dd959fc43e496,515,0.08979127535134637,-0.0554514100625677,0.0706230433448904,0.11206714309807403,0.060876730242221434,0.07062304334489089,0.5432165803401091,0.8265128774469419,4.152173661548971,-28.557476182222366,2.903932198432421,6.467907949514563,1.9085777867668616
site_3e869a526b77cd87,53,0.07874017789277664,-0.06276238239418785,0.047548911352331184,0.07062519637074682,0.02734080979908738,0.04754891135233164,0.38712543403860933,0.8996968234105237,0.32860082757306386,-3.3264062668919565,0.09207529071024005,0.2643596732075472,0.039618553664903244
site_3e8e42936f50143d,855,0.07328931301240611,0.044080514487537026,0.0585511028448182,0.06481996959788737,0.054665419719783295,0.058551102844818334,0.8433422610177368,0.530802818635349,4.592481508565026,37.68883988684416,1.6081288564919816,3.592392332163742,2.5550034367347623
site_3ed9981ace9fa417,10,0.02868698978487603,0.009166078481674195,0.02718320047723172,0.08781675751244748,0.06967179915227883,0.02718320047723172,0.7933770401668873,0.9665198317835444,0.008229433829175816,0.09166078481674195,0.05913508054465055,0.077117829,0.048541595971154816
site_3f0cc8bf9a017f1f,60,0.03943878664482771,-0.033650926421086004,0.020567767088794472,0.03820063990156303,0.04237490555688706,0.020567767088794525,1.1092721395788252,0.8747153905493167,0.09332507352097442,-2.01905558526516,0.08495665400475262,0.08755733333333335,0.1077379572573059
site_3f80251a944e7c4c,134,0.05012943119124935,-0.0009103922979155582,0.05012116376763512,0.0655213452514508,0.04047460896532124,0.05012116376763518,0.61773165386016,0.644640458830955,0.33673662278879923,-0.1219925679206848,0.22908034300123573,0.575268255597015,0.21951799210001877
site_3f885209ae19b689,226,0.051318493588726616,-0.01467076177987377,0.049176788559384094,0.06895107869377168,0.04304552319157489,0.04917678855938411,0.6242907871354764,0.7056539805216293,0.5951908392328555,-3.3155921622514724,0.4733357319148109,1.0744607831858408,0.41875925710502904
site_3f8f25f0fa2a3f3b,64,0.08074176092149024,-0.008552030499652027,0.08028757519713814,0.09807921611777565,0.03315235514160385,0.08028757519713815,0.3380161103836085,0.6569954868451099,0.4172308452289977,-0.5473299519777297,0.13672052974964027,0.6156500885937499,0.07034103369184175
site_3fd206a570dca7d5,52,0.14465910673899063,-0.11583061657043604,0.08665751800874122,0.07763247886772603,0.08553239923937496,0.08665751800874132,1.1017605065156968,0.43923092574214095,1.0881653724511795,-6.023192061662674,0.15165975935126724,0.3133936923076923,0.38042114862147913
site_3fe88af73a278f09,684,0.06623683784902716,0.0038677060016763134,0.06612381975145502,0.0664606367230065,0.030899668962004453,0.06612381975145504,0.4649318827742738,0.24333866276758412,3.0009259827550085,2.6455109051465984,0.34181061307656746,3.02123910380117,0.6530760467016397
site_402a00535323377d,283,0.05362455713902661,0.007662224012002506,0.05307432007615945,0.08187684503417353,0.05974377880311463,0.05307432007615948,0.729678565144748,0.7621437207219689,0.8137928553249547,2.168409395396709,1.0550598570733682,1.8971804240282686,1.0101173069061633
site_40392ec0ab51085a,129,0.06047885538144327,0.03805168610210566,0.047008096462591936,0.06886505128688039,0.041836750593753164,0.04700809646259284,0.6075178891462404,0.7432860293583018,0.4718422613241894,4.90866750717163,0.2762501367089129,0.611768992248062,0.2257904673314638
site_4053c6fd726ad6c4,11,0.025175080541159706,0.009358214944059197,0.023371103810360887,0.07855025132659395,0.0923156992499289,0.02337110381036093,1.17524384315591,0.9754033783022984,0.006971631482792659,0.10294036438465116,0.07780366999987852,0.06787156181818182,0.09374407160803655
site_40c02fde736492a1,19,0.05236372023796123,-0.03690946041910272,0.037143652603508985,0.05349600653022093,0.04532191279594247,0.03714365260350958,0.8472017957142136,0.7292611395963077,0.05209722474602994,-0.7012797479629517,0.03359435187162538,0.05437463157894736,0.039027439810177256
site_413c6e860ea2e615,245,0.05620707448445658,0.005990800947218527,0.05588689941401343,0.07791478369582597,0.058740528703489586,0.0558868994140136,0.7539073577205659,0.6989468392457451,0.7740126294148062,1.467746232068539,0.7837326688160426,1.4873248120000002,0.8453601795295436
site_4148b96858a0e60a,171,0.04846032418177806,-0.003500574789200613,0.04833372524385262,0.05715134159019644,0.03569622778109889,0.04833372524385277,0.6245912482170342,0.5402581348887319,0.40157691638631693,-0.5985982889533048,0.18847171359365447,0.5585331695906433,0.21789173590381644
site_420eb683366b57f6,91,0.06550363322250416,0.03192392655388339,0.05719780484188716,0.054566464924093096,0.04518009038748425,0.05719780484188881,0.8279827262098407,0.3543459530195892,0.3904560628467,2.9050773164033883,0.07949536062662418,0.27095241758241767,0.18575289163533348
site_426aa82109fc7c47,28,0.07957707301279955,-0.06279124927095005,0.048885269399665233,0.07781547869472882,0.04021938589993347,0.04888526939966526,0.5168558566312322,0.8440255853296221,0.17731029537996404,-1.7581549795866012,0.07396309427331603,0.16954696428571428,0.045292772060697484
site_42ce68186715eeba,627,0.0786734910280077,0.06860094673553722,0.038515299525279476,0.030375187740154182,0.04824267403059786,0.03851529952527948,1.58822636565383,0.6027716332534946,3.880827905464824,43.01279360318184,0.5538226200647688,0.5785028229665072,1.4592519597093203
site_42d0b232cf256027,295,0.042402874940337995,-0.003848235262046427,0.042227892305606335,0.053491558290896656,0.04235603327987686,0.042227892305607306,0.7918264981090508,0.6338433748927131,0.5304111219457535,-1.135229402303696,0.4236473575655182,0.8440973084745764,0.5292398987857807
site_43b644a004cb99cb,16,0.09611037248129295,-0.039633135858923196,0.08755808495211057,0.11528887359585052,0.03544466944083178,0.08755808495211059,0.3074422390931184,0.8419967596407664,0.14779525917588598,-0.6341301737427711,0.05505144581031054,0.21266438999999998,0.020101193468317347
site_444e34f5ad449f77,182,0.09029523000066011,0.08026151749851941,0.04136807186353958,0.04084400151610815,0.05028081012300721,0.04136807186353985,1.2310451536727456,0.6050328387903914,1.483887598078724,14.607596184730532,0.22614182106577432,0.30361830769230774,0.46012509572591453
site_44541aad5ac7b92b,159,0.06280521938411952,-0.0423374839571287,0.04639001006754852,0.05785655638087453,0.05644822838163416,0.046390010067550294,0.9756582816652751,0.6708335259440423,0.6271747975200939,-6.731659949183463,0.3483491702840763,0.5322335974842768,0.5066379955005953
site_44bc4221af0e2690,281,0.03974081593319175,-0.0016728679433836214,0.03970559109092606,0.06476098679389557,0.035816104333510214,0.03970559109092608,0.5530506267221714,0.8407561717322846,0.44379241874106745,-0.4700758920907976,0.547984391065679,1.1785099003558719,0.36046492562571786
site_4522c9f47db04b3c,148,0.046429104133497885,0.01896417321586931,0.042379497930929946,0.04319437506919969,0.05572408821098667,0.04237949793092994,1.290077426093414,0.6595242020283127,0.31903793317460016,2.806697635948658,0.23494305877682525,0.27613159756756755,0.4595657530279819
site_454d64b6e8b743da,118,0.05413998636145071,-0.04170561934002375,0.03452215866198266,0.047926434974321724,0.061579653283192835,0.03452215866198429,1.2848786544667112,0.829673132465555,0.3458742985397321,-4.9212630821228025,0.2889358283194318,0.2710392939830509,0.44746233642043254
site_454f86a28db067ff,49,0.04130909471256305,-0.005392519032468601,0.0409556106590534,0.06402550512196252,0.03731346312488955,0.0409556106590534,0.5827906090519854,0.79827888631884,0.08361562399260371,-0.26423343259096144,0.09344784590495483,0.200864,0.06822243198825212
site_457c8dbf463cd4ea,137,0.054363375615540846,0.030343039188071762,0.04510738942953275,0.07485257715168976,0.04386482142726504,0.04510738942953281,0.5860161813583571,0.8363834386092945,0.40488659533934424,4.156996368765832,0.37622626845043716,0.7675984379562044,0.26360479056188146
site_460afd4b6202d4b4,50,0.15101799571228144,-0.10811945637178422,0.10543537443773085,0.08084658320547627,0.08191982300477635,0.10543537443773171,1.013275017406393,0.16083566710958958,1.1403217514477328,-5.405972818589211,0.05326023085772988,0.3268085007999999,0.33554287005669425
site_465014c5dd5de0e8,2,0.05165110245705977,-0.014269771647453314,0.04964080984592438,0.1062,0.056559190154077586,0.049640809845926614,0.5325724119969641,,0.005335672770059371,-0.028539543294906627,0.012013171988725663,0.02255688,0.006397883981770214
site_466206aef45119ae,1,0.048406230330467225,0.048406230330467225,0.0,0.0,0.0,0.0,,,0.0023431631348062453,0.048406230330467225,0.0,0.0,0.0
site_4680c02330a5a24c,432,0.061488364400789336,-0.0009613121880425375,0.06148084933994795,0.08912249576590195,0.07233695025993098,0.06148084933994815,0.8116575914787939,0.7286938159363319,1.633313789287599,-0.4152868652343762,2.02944069840014,3.431297916666667,2.260498049096139
site_4689968a649fae30,327,0.09022653981033556,-0.07557396974658383,0.04928898033930605,0.06762547780490988,0.03448354197326446,0.049288980339306634,0.5099193838266799,0.7146151207008009,2.6620509149697638,-24.712688107132912,0.5449318203597759,1.495438116207951,0.38884049611615856
site_46c69a3772747cb8,125,0.0641471611719861,0.045228825697135926,0.045488587716952224,0.0555343636981644,0.060875931047376104,0.04548858771695426,1.0961849023470176,0.6981874180656401,0.514357285803095,5.653603212141991,0.29504580748511555,0.38550819391999996,0.46323487261061125
site_473ba30122663331,178,0.12137279283527558,-0.01947469363286255,0.11980021347452127,0.13794064349000282,0.06137124663125361,0.1198002134745213,0.4449105432489987,0.49860438769081594,2.6221811616329807,-3.4664954666495333,0.7513344302962712,3.3869165605056177,0.6704245245272
site_47749587de8e2aac,260,0.1310673365522525,-0.09928181481696093,0.08556732996624415,0.06501185550949402,0.05933989329265076,0.06372954609653858,0.9127549556555118,0.47777392890766934,4.466448144834371,-25.81327185240984,0.47922020212295735,1.0989007527647057,0.9155179633556265
site_479c9178cadeeacf,620,0.0332068581648093,0.01606476958699284,0.029062322813130266,0.01884253296101925,0.03578835927812468,0.029062322813130422,1.8993390831350725,0.5866663573127519,0.6836711660902125,9.960157143935561,0.24528102128291504,0.22012545000000003,0.7941001290884825
site_47cb8752f353f72a,342,0.0678275367744548,-0.04750847011246877,0.04840991646824727,0.0783111843808055,0.0637301131653557,0.048409916468247605,0.8138060185050183,0.7865151238625551,1.5733965627523858,-16.24789677846432,1.3424609637349758,2.0973634269005847,1.3890423448316136
site_4820638a678db67d,55,0.05603910085644421,0.04055213058428332,0.03867693795886587,0.024085275499104594,0.04124419651027749,0.038676937958866286,1.7124236968686863,0.39525681143635893,0.17272094536392993,2.230367182135583,0.021595164573734452,0.03190552727272725,0.09355960601781121
site_48ab6dd953268db1,549,0.11472200447164645,-0.1022896328659657,0.051941980306284226,0.08093169791951896,0.06350242479735085,0.05194198030628435,0.7846421912524271,0.7670731186300448,7.225464932185864,-56.157008443415165,2.1643030362312152,3.595916910746812,2.213874317373617
site_48bc99c681181b96,271,0.054144869027751494,-0.00607043807225034,0.05380350010587914,0.08908441765563256,0.05219233658479717,0.05380350010588023,0.585875038062812,0.8350593515217429,0.7944817141907704,-1.6450887175798423,1.0521923023051551,2.1506650701107013,0.7382148395069852
site_48c050cdab5aaa88,41,0.08439625716972346,-0.048669656070267284,0.06894920450781135,0.07604714558858423,0.029358789711806173,0.06894920450781152,0.38606037721175623,0.4235129235378602,0.292031857194582,-1.9954558988809585,0.038767838706694,0.23710990243902438,0.03533947986702429
site_48c0bfa2a3485fb7,53,0.07206811092160263,0.06298022336509992,0.035032899918370164,0.02073045202482173,0.03981957205701618,0.03503289991837057,1.9208250745974076,0.47732716242217405,0.27527206842584623,3.337951838350296,0.020883215906569417,0.02277683698113208,0.08403671089660691
site_48d263b97f32a2d9,49,0.10645443156123782,-0.06789285803619696,0.08199454754252304,0.09558676693190744,0.036790593599532066,0.08199454754252362,0.38489212241837156,0.5356269375364201,0.5552947539522871,-3.3267500437736515,0.09229816309834013,0.44770467061224495,0.06632384109289058
site_48ec25901538e693,155,0.05738550001070761,-0.033930455986915097,0.04627979870309443,0.06592912790525561,0.049628367873435046,0.04627979870309443,0.7527532890280939,0.7133051978430872,0.5104298197792331,-5.2592206779718405,0.36175489030004504,0.6737307354838709,0.381761109156055
site_4915d0b8a484d43a,129,0.03794895397038148,-0.011583072459882545,0.03613800686030211,0.028915219834970668,0.0368408894544151,0.03613800686030239,1.274100271921812,0.4165102980693307,0.185775880860551,-1.4942163473248482,0.057236366946989484,0.10785560201550387,0.17508539651722393
site_496ac9a9ab00ede4,112,0.06653306268080382,0.03789091277495027,0.054689369705353895,0.04330095997280345,0.05673164244538684,0.05468936970535418,1.3101705477434902,0.4279453764996358,0.4957846241250302,4.24378223079443,0.11774141289952345,0.20999699107142855,0.3604696765097363
site_496ee2f5b79c4b73,149,0.1060813363041116,0.09859836815827645,0.03913581107618698,0.03571618627308364,0.05538388605085313,0.039135811076187,1.5506662897150194,0.7106332832179016,1.6767342368978375,14.691156855583191,0.20944997701103854,0.19007124832214767,0.4570388502799886
site_49a35425669a6415,148,0.0443488901693373,0.00047579703298774917,0.04434633780184495,0.05371007784067009,0.04730332774429753,0.04434633780184503,0.8807160526674703,0.6210537566131775,0.2910899607692875,0.07041796088218688,0.23352769046659405,0.4269463243243244,0.33116551272129546
site_49b410d6df2872b8,187,0.1303426325888563,0.12077869060587755,0.049007241972215634,0.03234914902423262,0.04273511095900833,0.04900724197221635,1.3210582734957148,0.17036756077876442,3.1769807497262015,22.5856151432991,0.044042930548681934,0.1956894117647059,0.341516175522927
site_49b534f23930be14,386,0.07833915342101296,-0.037063482542420915,0.06901681838906128,0.09067607402182087,0.061818482301573136,0.0690168183890614,0.6817507591550196,0.6493987531830927,2.368890862066308,-14.306504261374473,1.4051083091716694,3.1737500544041453,1.4751085550709857
site_49f7a3a08cf1a503,75,0.17387684056009314,0.12107774398485821,0.1247931712662884,0.11224634495410332,0.05358090315292957,0.12479317126628912,0.4773509834537454,-0.008577983594315292,2.267486676237004,9.080830798864366,-0.0038692671171824235,0.9449431466666667,0.21531848870127135
site_4a00a5537486f4ab,125,0.19287806727896756,-0.1870062046146393,0.047229527553190744,0.03517553695396845,0.03887356808866039,0.04722952755319074,1.1051307657231009,0.18935386191288786,4.650243604658742,-23.375775576829913,0.03236527644038199,0.15466480000000002,0.1888942869929644
site_4a15ec3df99b7e73,6,0.14484040227246642,0.13301500892241797,0.05732145786543613,0.07485908242973742,0.04067828652063278,0.05732145786543662,0.5433981448919486,,0.12587245278269937,0.7980900535345078,0.011918567053973674,0.03362329333333333,0.009928337965528167
site_4a51d234a3956647,115,0.0493321364755732,-0.0015883509775866623,0.04930655970980514,0.058907450400313595,0.06366602875671208,0.049306559709805194,1.080780585886181,0.6789021759066309,0.27987086426312663,-0.18266036242246617,0.2928080607442105,0.39906008695652173,0.4661367700298063
site_4a5737c09be72760,38,0.03640332778463601,0.0272125761737949,0.024180115214387676,0.02185333826562433,0.03168678052110652,0.024180115214388027,1.4499743762695678,0.6476475010833259,0.050357686404234776,1.0340778946042062,0.017041907145906435,0.018147598947368424,0.038153978272125466
site_4a605b11c85f3580,1259,0.07386247837041347,0.04879079301112033,0.0554538026501863,0.07569196006336819,0.042624264779805174,0.0554538026501863,0.5631280355815964,0.6928923120258594,6.868683130173926,61.4276084010005,2.8144797306002793,7.213154478157267,2.2873863865558453
site_4a71668c00a356e4,95,0.13789685885204175,-0.13308416315982213,0.036113005930132176,0.062479687770774894,0.05899949763665426,0.036113005930132336,0.9442988552233369,0.8247500309249034,1.806476649719693,-12.642995500183103,0.2888238881300626,0.3708525814736842,0.3306893685308693
site_4accdc2358f08145,95,0.033863331267138835,0.004793221534082764,0.03352238404160999,0.05083074952184857,0.04429676477334494,0.03352238404161002,0.8714560613414695,0.7599397876447259,0.10893889442825837,0.4553560457378626,0.16255536613897667,0.24545768421052636,0.18640932009158007
site_4aee712beb09287c,127,0.0718865542005126,0.047018398142705746,0.05437781634929119,0.07957466134551537,0.06623538993441219,0.054377816349291196,0.8323678519575008,0.7363696935120817,0.656294937702551,5.97133656412363,0.49290647526584036,0.8041800944881892,0.5571651137299813
site_4afa6fca34a02012,148,0.11603200868290066,-0.09424638291951772,0.06768342740713099,0.07794481317353588,0.05519678804028653,0.06768342740713108,0.7081521629591531,0.5277443981824401,1.9925872017703323,-13.948464672088623,0.3360364394133558,0.8991582972972972,0.45090944067471905
site_4b307595d7b7b6da,381,0.040909133999481956,0.008265696670752498,0.040065390340475675,0.07705495459330633,0.049861092382553325,0.040065390340475716,0.6470848324513152,0.88733479965505,0.6376253101878643,3.1492304315567017,1.2988974005153446,2.2621745564304465,0.9472149712945581
site_4b6df3933469a704,81,0.0573106129704206,0.016491296990712483,0.05488664211453875,0.07092734898485353,0.05390125564691534,0.054886642114540626,0.7599502366629536,0.6439179284313573,0.2660450150826727,1.3357950562477112,0.19940137382480833,0.40748579555555553,0.23533297418544397
site_4b78a1e10bf476d7,14,0.0526035031596394,-0.015885829687118522,0.05014747211792492,0.08027062008592926,0.04201014475809073,0.05014747211792533,0.5233564249674302,0.8441801931815459,0.0387397996253267,-0.22240161561965932,0.03985419026230062,0.09020721428571428,0.024707931676340333
site_4c8563a6e25ebea0,268,0.11333736978816318,-0.08624687888261987,0.07353118572079159,0.09575181774208437,0.039851092835731634,0.07353118572079195,0.4161915018999841,0.7009885855580459,3.4425563166536906,-23.114163540542123,0.7168577802997194,2.457134041044776,0.4256133728541632
site_4cacd33e9c8aef19,344,0.12275796363836974,-0.08330771824249696,0.09016286218764381,0.11485868936883369,0.035964613862159996,0.09016286218764384,0.31312053149649477,0.7694097703580777,5.183914067003922,-28.65785507541895,1.0933404040169403,4.538226372093023,0.4449479868874692
site_4ce2c6daabd8ff5f,337,0.0712648494602611,0.049949483219169366,0.05083038357844249,0.06970245018239757,0.034222191536656094,0.05083038357844276,0.4909754455848161,0.72229071223459,1.7115147450160693,16.832975844860076,0.5806277571554221,1.6372914362017803,0.39468037863362104
site_4d238af0af441869,859,0.04390777666941791,0.013389589739869303,0.04181640513781005,0.04702692445781507,0.050735813129543186,0.041816405137810056,1.07886734491972,0.6364432557629992,1.6560599599122212,11.501657586547731,1.3044098049582131,1.899705664982538,2.211171428433781
site_4d43b32f897968be,48,0.06768744748090877,-0.041202702056616546,0.053702214942351015,0.1095045661148429,0.0639564920332115,0.05370221494235103,0.5840531979838827,0.9422219167588622,0.2199163462310776,-1.977729698717594,0.3167461196035146,0.57558,0.19634077791332388
site_4d97122ac69c458e,260,0.08034135110605577,0.03382876710135203,0.0728721291986793,0.0693706956658196,0.044239183476925036,0.07287212919867952,0.6377214910751228,0.23771549468008923,1.6782305013620973,8.795479446351527,0.1896767025290487,1.2511962884615384,0.5088473922233097
site_4dd15b6db25eea2b,82,0.047805317008613214,0.025285405519531994,0.040570883672984316,0.05580522583253389,0.04792865328858781,0.040570883672985586,0.8588560044970892,0.703896815438779,0.18739856341210834,2.0734032526016235,0.15438067980510434,0.25536630487804884,0.18836677609672803
site_4deb698afc5ebdb4,26,0.08259124363037729,-0.05564930286774269,0.06102842464578765,0.06699584902799761,0.025228536352067604,0.06102842464578767,0.37656864892516817,0.4142847717811617,0.17735415163472076,-1.44688187456131,0.0182059048431424,0.11669953846153847,0.01654845520815751
site_4ea6d277e84496c8,413,0.042299353002102656,-0.024908151185505326,0.0341879989019027,0.03454030199544042,0.026424604960005194,0.03418799890190279,0.765036882523304,0.39578283590531554,0.7389541641957508,-10.2870664396137,0.14919066217443827,0.49272240677966106,0.28838127563173277
site_4f3ef6ee56ee38cd,157,0.0758777942767845,-0.03267022758000975,0.06848427479487829,0.09598347449620769,0.04585433157080117,0.0684842747948786,0.4777315242178785,0.7526656138248311,0.9039180272966748,-5.129225730061531,0.5200900696701116,1.4464138980891719,0.3301112966373807
site_4f44a81224b8cd25,260,0.14799936956980608,-0.12245171177937436,0.08312275064843004,0.10952095960005087,0.06476751250986229,0.08312275064843012,0.5913709370916816,0.6541488873305592,5.694991482195611,-31.837445062637332,1.206436347099107,3.1186585538461538,1.0906559759459438
site_4f633f2c887097a9,136,0.09835646823591994,-0.08731519055804787,0.045277503703884996,0.06934305196606838,0.04829232104809064,0.04527750370388501,0.6964262414022606,0.7600708708948919,1.31566329876272,-11.87486591589451,0.3461577254837269,0.6539504044117648,0.3171721650208127
site_4f8f6e54cc9c215b,18,0.08473623831877855,-0.0740461299046874,0.0411995234263091,0.041864861956856694,0.013133488965257116,0.04119952342630911,0.3137115077267344,0.207112892416971,0.129244141519503,-1.3328303382843731,0.0020497902166098357,0.031548,0.003104793583209548
site_4f9a1ac96b88317a,129,0.05625925489992131,-0.013117507179116096,0.05470863521693954,0.04478407758290468,0.058965564508681,0.05470863521694003,1.3166635932050499,0.4713710899086968,0.40829838528436735,-1.6921584261059763,0.1605738229883849,0.2587241550387597,0.4485249759197372
site_4fa99e2fc956380a,143,0.06959905446289157,-0.054633252635285574,0.04311886001064512,0.060474649534694086,0.04531378429841929,0.04311886001064547,0.7493021397738392,0.7027034796116818,0.6926960586443822,-7.812555126845837,0.27536696295466245,0.5229772027972028,0.29362748378444486
site_4fab225734bfdafc,402,0.13791024077479735,-0.11114758765916921,0.08164219661492382,0.08476233312631581,0.042598197292216214,0.07296629622724454,0.502560461953482,0.5089257140891758,7.645732273246156,-44.68133023898602,0.7387110080326635,2.8882305530406476,0.7294717778437239
site_4fc1c31a5e50a546,49,0.10554037235479272,-0.08640910376334675,0.06059898500472978,0.06814158887892015,0.06387302003994652,0.06059898500472979,0.937357362673794,0.580230598364114,0.5457997396426264,-4.234046084403991,0.12374464508891105,0.22752053061224486,0.19990837176214704
site_503f0d34679d2c3c,109,0.047362962263892375,-0.0013852470624337498,0.04734270044037318,0.05314165488150662,0.06649641612995094,0.047342700440373336,1.2513049561257037,0.7081013727208002,0.2445142711907873,-0.15099192980527873,0.27274402683937765,0.30781986770642206,0.48197329603590827
site_50560992666c8105,554,0.08989920400634042,0.08214562588613816,0.036523458608793344,0.05346890775514346,0.048075449207537646,0.03652345860879377,0.8991290681996962,0.7461870383757225,4.477354252059382,45.50867674092054,1.0626301379473053,1.5838439494765342,1.2804318443446188
site_50a31a0d244519cf,60,0.23540902474748285,-0.23119370340903603,0.04434952577622098,0.040734251217154134,0.029518544779226438,0.0443495257762216,0.7246615292340393,0.23442109743083678,3.32504453595366,-13.871622204542161,0.016912298145890244,0.09955675333333337,0.05228066915299179
site_51e9108791d53546,293,0.09140916444037547,0.0801893489309952,0.04387828234685925,0.06933977302760085,0.06459673698478212,0.04387828234686039,0.9315971795735363,0.7875915400780972,2.4482011557004677,23.495479236781595,1.0336217975153144,1.4087452081911263,1.2226123597207674
site_524c0b4f56437dd1,10,0.08882499752814826,-0.03393767737746239,0.0820860173238952,0.14756248337568734,0.07213194760167103,0.0820860173238952,0.4888230799018637,0.9507538737879814,0.07889880185875545,-0.3393767737746239,0.10119795062355696,0.21774686499999998,0.052030178648102166
site_52a99c537fd71479,333,0.09077170417722653,0.036910366860103676,0.08292844564738017,0.08652864379607587,0.05650385696842108,0.08292844564738071,0.6530075416596737,0.38889422694431963,2.743754258986229,12.291152164414523,0.6331603645088973,2.4932396636636636,1.0631643888184932
site_52efe15d6a747228,616,0.03640799052958356,-0.01318029299941543,0.033938498064172005,0.046588341192413354,0.060536452687163095,0.033938498064172054,1.2993906015486363,0.8302885788238734,0.8165337330317837,-8.119060487639905,1.4424607083514454,1.3370116975974027,2.2574318560302036
site_53e750ed31ea8834,151,0.04698284388601713,0.028839629733799308,0.037089936322878964,0.03583957158577833,0.05380984917183918,0.03708993632288055,1.501408828033863,0.7270623482916275,0.33331553056229646,4.354784089803696,0.21172550940992224,0.19395570860927153,0.4372204800523084
site_545c918e740bed59,7,0.0685092850946568,-0.06599416013785771,0.0183927423697435,0.06309510799627198,0.06004443266917134,0.018392742369745467,0.9516495743650855,,0.03285465500926675,-0.46195912096500397,0.025368117515104156,0.027866948571428577,0.025237337261938553
site_5475cf38df836ff4,649,0.04173227379012469,0.004693094297623599,0.04146754805396071,0.06925576466485667,0.041056522513309886,0.04146754805396071,0.5928246220656302,0.8374551586589108,1.1302871565253592,3.0458181991577153,1.5454122468232303,3.112838249614792,1.093979088534963
site_54c3846d0762e78b,725,0.04223719747987914,0.02636095421413923,0.033001226399550124,0.024181784164419177,0.04157914092383707,0.033001226399550165,1.7194405773009993,0.6089279367982431,1.2933861169418739,19.111691805250942,0.4438822292808777,0.4239500468965517,1.2533980959741193
site_54c3cc61243c3e27,143,0.10761062797761443,-0.08369327488312354,0.06764231658565854,0.10409122170627527,0.05934177037262685,0.06764231658565918,0.5700938984084318,0.791728399463783,1.6559467572843245,-11.968138308286667,0.6993375785244407,1.5494024883916082,0.503566736666933
site_54f5633d7a10a0e4,93,0.08802678675766604,0.013578701826192998,0.08697318002461997,0.0946155407443864,0.0978342535516854,0.08697318002462011,1.0340188597134872,0.5919700195714536,0.7206305123798037,1.2628192698359488,0.5096078068769506,0.8325453511827957,0.8901533286254386
site_551190f45891f632,40,0.16144475611176348,-0.15079597256332639,0.05766267366908436,0.06036803790086274,0.06913059083936052,0.05766267366908492,1.145152190516574,0.6108333184227223,1.0425763710394718,-6.031838902533055,0.10196709310263394,0.14577199999999998,0.19116154359196308
site_554a93a7d6df9a9f,46,0.02604506792761893,0.00684044403874356,0.0251307359364405,0.024483318652697546,0.012256579921382038,0.0251307359364405,0.5006094188147008,0.19678429994542276,0.031203895914297074,0.31466042578220377,0.0027163633629679667,0.027573913043478265,0.006910292562984366
site_557840f3689665d3,108,0.0659388095246025,0.003671396652526327,0.06583652062602965,0.08240330734702579,0.040952699874781014,0.0658365206260302,0.4969788372973495,0.6123592138428178,0.4695760729643554,0.39651083847284335,0.22318098699351155,0.7333529466666666,0.18112935171966
site_572718242301a76e,118,0.04987093879444962,-0.04395464461779191,0.023560555018151793,0.049265718038592386,0.06040920449209751,0.0235605550181556,1.2261914957735083,0.9276028944141154,0.2934790432762893,-5.186648064899445,0.3257557092992936,0.2863990949152543,0.43061409450943033
site_572a1b583bd03d5b,234,0.0923588548081083,0.07344116102757617,0.056004945570787376,0.05137071270857845,0.0737337583487327,0.05600494557079254,1.435326754507337,0.6519775409206401,1.9960569863828637,17.185231680452823,0.5778704079754141,0.6175143290598291,1.2721801061336588
site_57c9411d53d3b891,847,0.04449814062921622,0.0008397901083952983,0.044490215463979764,0.0605363880011129,0.0372288675479193,0.04449021546397988,0.6149832980989036,0.6813821679174373,1.6771315879805053,0.7113022218108176,1.3006801257448053,3.1039621685714285,1.1739323263287393
site_5809bead57720978,62,0.0597049478177646,0.010615552221575088,0.05875364537586588,0.03910725932010139,0.0608977897276127,0.058753645375865894,1.5571991181778069,0.37495138432714675,0.22101020922316364,0.6581642377376555,0.05536375808884058,0.09482141935483872,0.22992952920992893
site_583630b60a1838c6,202,0.036722400767812705,0.013766132582237226,0.03404450487053847,0.05820875358755118,0.03846661462962767,0.034044504870538526,0.6608390020200386,0.8282170451634926,0.2724040130666739,2.7807587816119197,0.3746000234634422,0.6844283168316831,0.2988954490949857
site_58667ddb3903bbc2,535,0.09721080589588915,-0.08453896016623372,0.04799067614589511,0.05884529619790136,0.03938689166209442,0.04799067614589533,0.6693294826766307,0.5848367271727329,5.0557183188666075,-45.22834368893504,0.7251901252634267,1.852581353271028,0.8299600706188361
site_5896b54480755cab,20,0.09813490674193574,-0.047896535339951515,0.08565268135719512,0.10300508482594439,0.023539070297365728,0.08565268135719516,0.22852338151210208,0.7893434279478538,0.19260919842496851,-0.9579307067990304,0.03827753506787121,0.21220095000000003,0.011081756609286508
site_58e380359cb64c9c,342,0.06542680727504456,0.04441797937496363,0.04803863256225272,0.05435285699174179,0.04420225072209251,0.048038632562252846,0.8132461321915141,0.5411741246031889,1.4639881516903914,15.190948946237564,0.4446618701277072,1.0103477076023393,0.6682129273633648
site_591f3f72c730f39a,46,0.10826801371223381,0.09760292051279026,0.046857578902098566,0.07064923070792722,0.061902541877222175,0.04685757890209913,0.8761955545296033,0.7577234939075128,0.5392102884868526,4.489734343588352,0.15243493316808474,0.22960043478260866,0.17626853577961726
site_5977dd6efaf94985,77,0.07489649464684087,-0.006309783389506401,0.07463023210443455,0.08623716657354782,0.032652516511655905,0.07463023210443477,0.37863624013908237,0.5208646137702679,0.43193033809958825,-0.4858533209919929,0.11293452128481557,0.5726373651948052,0.08209638625988502
site_59c7d9e52ad4d8ab,85,0.06584917183576226,-0.03520391670255099,0.0556488785175011,0.08565764802024312,0.05525625535587524,0.05564887851750136,0.6450825656900685,0.7704946627195262,0.36856964167373846,-2.9923329197168345,0.309981771452462,0.623664776470588,0.25952656925606377
site_59cc92ae49f9c2af,36,0.031598222822319506,0.021859931033518576,0.022816465561930593,0.022148628137992246,0.015776699827846654,0.02281646556193101,0.7123104749221185,0.3131864335237038,0.035944116679042314,0.7869575172066687,0.003939747932056585,0.017660222222222226,0.00896055326848716
site_59e0fe7c4ae0f849,113,0.07391714565757905,-0.028964047674584183,0.06800609064244298,0.09194447516960501,0.05015945227981078,0.06800609064244331,0.5455406884131357,0.6878889510984922,0.6174031197045045,-3.2729373872280125,0.3584884773557429,0.9552778761061946,0.28430468379019946
site_5a51afb7ef849491,62,0.09968532878557777,-0.06643352805414508,0.07432194242192448,0.0842079644066458,0.06326902612049985,0.0743219424219257,0.7513425430279915,0.5227529109206625,0.6161042160555019,-4.118878739356995,0.17267619412176072,0.4396408387096774,0.2481841193066625
site_5b0bcc4b6a2f87e4,66,0.044255219225028244,-0.04111140415469806,0.016382212215826815,0.027514066900595928,0.026000627464925267,0.016382212215826825,0.9449939755857073,0.8140252306478359,0.1292626122912504,-2.7133526742100718,0.03843442775356499,0.04996357590909092,0.04461815348560852
site_5ba32085b805fa13,239,0.08255393256795458,0.06531087475591124,0.05049397410634331,0.06628595533113985,0.08491719654257962,0.050493974106343535,1.2810737375416115,0.8043533767794799,1.6288212760018197,15.609299066662787,1.0820864482504242,1.0501248619246861,1.7234123342076122
site_5bf25e0531f88e2f,60,0.03819970577986069,-0.023756877198020616,0.029913680941436985,0.025621066147909523,0.02538223842850122,0.029913680941437204,0.9906784628699851,0.3120531005046039,0.08755305130007535,-1.425412631881237,0.012176062521922089,0.039386341833333324,0.03865548165847704
site_5c129902816da317,37,0.04212524645578983,-0.011795659033027856,0.040440064502144185,0.043345335566963954,0.05420462547570107,0.04044006450214418,1.250529607550521,0.6770667758337653,0.06565784639155824,-0.4364393842220307,0.058858873346568766,0.06951627027027028,0.10871123264955779
site_5c29c7471e58357f,54,0.07631808962572838,0.06335614124492361,0.04254938507985747,0.04978296172852363,0.0474256814190321,0.042549385079857754,0.9526488535907878,0.6177678166427278,0.31452034342251833,3.4212316272258754,0.07876138587792715,0.133830537037037,0.12145654393521443
site_5ca415a5fd8c11f3,149,0.10342027032445589,-0.08871635846483628,0.05315223471051998,0.08101702697285208,0.04595709070841887,0.05315223471052009,0.56725224839241,0.7856796411187988,1.593667094783546,-13.218737411260605,0.4358736329428702,0.9780000402684563,0.31469607377089415
site_5cc61f026daaaf5d,1,0.14972468490600588,-0.14972468490600588,0.0,0.0,0.0,0.0,,,0.022417481270202745,-0.14972468490600588,0.0,0.0,0.0
site_5cf31f5c04158e4a,244,0.10172613679004903,-0.030832226933514485,0.09694111969926915,0.09776181710480544,0.04976038587953579,0.09694111969926963,0.5089961229565754,0.27092182042837126,2.5249624851195756,-7.523063371777535,0.3215783601518049,2.331998983606557,0.6041674247027944
site_5d503d0a92bc4d22,106,0.07822820906170824,-0.042463377489458845,0.06570018466633142,0.10222357348290118,0.06191844278564773,0.06570018466633146,0.605715889945921,0.7873449490082254,0.6486831854582471,-4.501118013882637,0.5282530281734494,1.1076638514150943,0.40639271704195035
site_5d637e79fa207678,82,0.08246390609223572,-0.062378387613994314,0.05393730218195337,0.05495999437371328,0.05571796521183386,0.05393730218195345,1.0137913194271195,0.5250796887109598,0.5576242562551039,-5.115027784347534,0.1318502625517729,0.24768928048780486,0.25456831508246447
site_5d79652f78de4312,15,0.07281321951064512,-0.015692445281346647,0.07110212441690707,0.15182887823687122,0.09089120321440437,0.07110212441690723,0.5986423944501732,0.951372439555302,0.07952647403258085,-0.23538667922019968,0.19693280243873598,0.345780124,0.12391816232643227
site_5de3489054d45a0f,49,0.09359111006083363,-0.07771363523055096,0.05215253379915442,0.0662025214340932,0.03533190093077723,0.05215253379915583,0.5336941881579436,0.622307493201623,0.4292054982385347,-3.807968126296997,0.07132514200557251,0.21475591836734695,0.06116881794573059
site_5e24def8042ec3b4,11,0.07496507565097306,-0.013403764494440772,0.07375704484816133,0.07891013824189748,0.03245011607142973,0.07375704484816134,0.4112287317499627,0.35922972889579646,0.06181738824091726,-0.14744140943884848,0.010118450571190225,0.06849490909090908,0.011583110363541885
site_5ec485e1198852d4,13,0.053149547369304884,0.001962878764592685,0.05311328922706157,0.12134433620484346,0.08797033724598453,0.05311328922706168,0.7249645100656391,0.9200353481806143,0.03672336701230579,0.02551742393970491,0.1276743433657174,0.1914178230769231,0.1006041430572393
site_5ed1da21a10b6003,106,0.09721253408333694,0.009370564660036341,0.096759853766198,0.061833925136552746,0.06482720785847829,0.09675985376619801,1.048408421676535,-0.16670340738059314,1.0017293389878181,0.9932798539638521,-0.07083281058985388,0.40528403556603776,0.4454720891449929
site_5edf4f1cdc32395a,114,0.06991235159774474,-0.04208590520317094,0.05582574217291149,0.05483182057204836,0.053167231965845496,0.05582574217291261,0.9696419234518099,0.4659572774983027,0.5572020072756416,-4.797793193161487,0.15485586794093256,0.34274425438596495,0.32225001925974267
site_5f27021d111ffc54,10,0.054202177432381066,-0.04143663839101791,0.03494110812872624,0.03347372103606052,0.01567976564813062,0.03494110812872704,0.4684201565532301,0.13857408210283034,0.02937876038411319,-0.4143663839101791,0.0007273200675845142,0.011204900000000004,0.00245855050780297
site_5f52ef3c28075a93,123,0.04141493359922162,0.012301461785304836,0.03954580588346406,0.05230450635861821,0.04650134123490594,0.039545805883464076,0.8890503796379662,0.6854338966040765,0.21096919717843612,1.513079799592495,0.20505731958411327,0.3364986504065041,0.26597209260735505
site_6009b70703dc2497,93,0.05579586596804205,0.0020240535825811405,0.05575914154843628,0.08207340859374809,0.05110001206584715,0.05575914154843708,0.6226134985910609,0.7437106472725444,0.2895256152985053,0.18823698318004606,0.2900750800774943,0.6264521290322581,0.2428426446810643
site_613f62e07f148531,126,0.08091131040624489,0.06358594494963449,0.05003466554817533,0.04559188861389942,0.07445100474090766,0.05003466554817542,1.6329879503655846,0.7539126329847903,0.8248766591086196,8.011829063653945,0.32244059344109083,0.2619061587301587,0.6984119654732623
site_617d5a69b08b72f8,37,0.11647277504646468,-0.07639571595836328,0.08791815461116913,0.07206473836561744,0.07138773197528647,0.08791815461117074,0.9906055804033285,0.24880103606336168,0.5019385710999015,-2.8266414904594415,0.0473587583178604,0.1921530810810811,0.18855970623328755
site_617d695493df2178,92,0.0694027407380187,0.058459154113479274,0.037406787115243124,0.06069567942568218,0.058397728932436305,0.037406787115243804,0.9621398011359348,0.8033585634441814,0.44314011881927495,5.378242178440093,0.2619696560638106,0.3389248260869565,0.31374711649090037
site_6198a28ec3f8f86a,57,0.022245085986407443,-0.01271039797402265,0.0182562217855892,0.016859985757086134,0.02412146900593509,0.018256221785591557,1.4306933204731207,0.6550663476863801,0.028206099480931664,-0.724492684519291,0.015185220456188708,0.0162027698245614,0.03316518021924436
site_621b9dc6415ad601,132,0.057147577606224825,-0.005544693182724895,0.05687795709911647,0.07593520439361019,0.03940540872297487,0.05687795709911702,0.5189346501092814,0.6824010194098278,0.43109162266625256,-0.7318995001196862,0.2695334069442342,0.761132495151515,0.2049677832344609
site_621eb1eb5435955b,195,0.061265595075573026,-0.027157356768540846,0.054917675782121964,0.11636337178523204,0.083908024149333,0.054917675782121964,0.7210862220819729,0.8994962319789721,0.7319272622929951,-5.295684569865465,1.7125913704148852,2.6403846871794867,1.372908520745785
site_6277027d8a1380c0,524,0.065389564917203,0.048160579637147996,0.04423068809181056,0.062282883298764025,0.04054669360755029,0.04423068809181065,0.6510086152089706,0.7062025024215453,2.24051668483202,25.23614372986555,0.9345115941044881,2.0326785572519084,0.8614740059523891
site_62a63d63c871f1e4,95,0.08759275073342584,0.0025297629865847168,0.08755621211701532,0.07877731837467375,0.05297857648144994,0.08755621211701546,0.6725105344342632,0.16131566904713035,0.728886548199567,0.24032748372554807,0.06395899586122286,0.5895572595789474,0.2666393087700799
site_63012b87359e4210,129,0.06896703491723043,0.054342078726421036,0.04246634414410947,0.04944230652162411,0.05396454514495857,0.04246634414411026,1.091464960708429,0.6658823435490845,0.6135822957804081,7.010128155708314,0.2291893607134851,0.3153458759689922,0.37567020511859306
site_6307ca95d0b03b26,71,0.034699619894482864,-0.004679467245894418,0.03438264398088362,0.04272980392679444,0.021386266642958358,0.034382643980884156,0.5004999947951492,0.6024321570780123,0.08548851707833297,-0.3322421744585037,0.03908700297875723,0.1296343661971831,0.03247344046558365
site_63148af2428e7132,211,0.056291588488590553,0.03709673912745516,0.042338810572314825,0.05252273314395938,0.04880316165157482,0.04233881057231504,0.9291816843919832,0.6530338402957262,0.6686047591940212,7.827411955893039,0.3531940819611199,0.5820725118483412,0.5025489518970359
site_633f81ba98074791,63,0.06810607390177613,0.030226946372834462,0.061030885748840184,0.06551589945487049,0.031828760510194835,0.06103088574884095,0.4858173477740245,0.3789962445752941,0.29222155004579414,1.9042976214885712,0.04978997294380079,0.27041698412698406,0.06382340972376632
site_6367b6400c1e48bd,400,0.06575967814830852,-0.03189400892467797,0.05750745573298897,0.07382420859675708,0.035997350650590114,0.057507455732989245,0.4876090287295189,0.6469890345365481,1.7297341080676496,-12.757603569871188,0.6877431127834648,2.1800055099750004,0.5183237015446163
site_638a0536fcb5886f,372,0.036228745134421696,-0.0022871105220689564,0.036156480739622944,0.046977141211981564,0.031159513691362536,0.03615648073962298,0.6632909727468744,0.638917652002797,0.4882581743335367,-0.8508051142096518,0.3479085342251766,0.8209488682795698,0.36118048917538187
site_639be43d81e5bd5a,671,0.14080466357083216,-0.08584612105873407,0.11160822900872679,0.10708313036524551,0.04151636501609538,0.11160822900872752,0.3877021980445369,0.08255260209352062,13.3032146530911,-57.602747230410564,0.24625988211451671,7.69422065871833,1.1565413465444276
site_63bba9458fdad7de,128,0.10977834874103716,-0.017708437855541707,0.10834065294719794,0.09727780967856633,0.04639746914659753,0.10834065294719805,0.4769584070602332,-0.013515142458226546,1.542564589095523,-2.2666800455093385,-0.00780797964520754,1.2112604487499998,0.27554881833081213
site_63e7e96910147c52,10,0.030855175327219216,0.0012456749820709185,0.030830020082907507,0.038586252733324604,0.03127734867606721,0.0308300200829075,0.8105826935885606,0.628350262569028,0.009520418444734374,0.012456749820709184,0.007583406509459019,0.014888989000000004,0.009782725402042836
site_63fc50b0256f0fb6,2,0.055487110396735616,0.0158477544784546,0.05317582249641417,0.10999999999999999,0.056824177503585815,0.05317582249641417,0.5165834318507802,,0.006157638840359051,0.0316955089569092,0.012501319050788879,0.024199999999999996,0.0064579742979180565
site_6411ebbe96528026,629,0.19369826850442673,-0.16877941519899947,0.0950396139864674,0.11932053666975967,0.046669408722461676,0.09503961398646742,0.391126372919587,0.6629018877399401,23.599463090394572,-106.16225216017067,2.3219207778370925,8.955318606359302,1.3699832039071307
site_651ac46c08004df7,214,0.09827562295830372,-0.06590542395170605,0.0729011190695216,0.10170371982012809,0.053411170194616615,0.07290111906952236,0.5251643724445766,0.7254841822063212,2.066832986518332,-14.103760725665094,0.8433554424786192,2.2135403778037386,0.6104891637334767
site_651b6ffa617fc102,117,0.11475547234090891,-0.08047669246991473,0.08180660365329853,0.09794072622190715,0.048475727977322525,0.08180660365329857,0.4949496480911287,0.552889670223345,1.540751756565658,-9.415773018980024,0.30712275678930623,1.1223091447863247,0.27493785574297025
site_653b7646a624636a,25,0.05964311026910986,-0.03634691362380982,0.04728850254127853,0.08456618709626207,0.06580458346345676,0.04728850254127865,0.7781429637894294,0.8307045861351342,0.08893251506432995,-0.9086728405952454,0.11556850915253161,0.178786,0.10825608011997617
site_655489b2dd82c473,432,0.09736069989107585,0.09011617999027173,0.03685349355544311,0.02658597445743731,0.04720306924576406,0.036853493555444664,1.775487647493741,0.6282229859004202,4.094973741577019,38.930189755797386,0.34058098011543214,0.3053436643518519,0.9625520503672114
site_655b8133c0a83295,77,0.091138520851823,-0.041087142135415755,0.08135156257996719,0.08222761501634823,0.06377932000861514,0.08135156257996896,0.7756435595989831,0.4014842915351245,0.6395797086954795,-3.1637099444270134,0.16212756551666693,0.5206263116883117,0.3132207278786228
site_657937702d0a4647,131,0.09379516274222292,-0.07921255598541435,0.050228513098614445,0.062484535001768836,0.04128000606876959,0.050228513098614695,0.660643566725767,0.5981038152795378,1.152476764553051,-10.37684483408928,0.20209713791993283,0.5114655419847329,0.22322909603593266
site_6641dc35f7f7b1d6,5,0.04599470941342823,-0.036716230559349056,0.027702557779714615,0.028336548837146692,0.024622891765796014,0.02770255777971718,0.8689446236839397,,0.01057756647012852,-0.18358115279674528,0.0016045377284288397,0.004014799999999998,0.0030314339945505253
site_667d683049a1748d,80,0.07484078341262941,0.0006649523995816718,0.07483782933865997,0.09123269613329422,0.04178180681114003,0.07483782933866052,0.4579696598037103,0.586120090127669,0.4480914289452884,0.053196191966533746,0.17873694096123802,0.6658723874999999,0.13965755043227418
site_669ad6ba4bcd30e6,57,0.07168877466483084,0.0614423853796825,0.03693390978219704,0.05604167314564009,0.053897704421397644,0.03693390978219706,0.9617433134326531,0.7749529551827182,0.29293898353785885,3.5022159666419026,0.13342326240319954,0.1790181403508772,0.16558286488809176
site_66c5aa948cb00d80,6,0.07215861470531802,0.07065784804026286,0.014640156642251476,0.024451766580124407,0.015496349137472573,0.014640156642251477,0.6337517204204283,,0.031241194057143234,0.4239470882415772,0.0018710746169090272,0.003587333333333333,0.0014408210195426818
site_66cab69faab895b3,471,0.09392802070638633,0.02410086350633334,0.09078337651832756,0.08392976881627574,0.05064048581378426,0.09078337651832818,0.6033673930954998,0.16081939754905653,4.155384817768908,11.351506711483003,0.3219387312836139,3.3178210700636943,1.207860096427816
site_67582d7e0a88b810,49,0.03175373014214676,-0.009065310259254611,0.030432212010363835,0.03787679230415345,0.05338266216583655,0.030432212010363835,1.409376531601985,0.8304402241747381,0.04940666951907371,-0.44420020270347593,0.08227689193934203,0.07029791836734692,0.13963572237568
site_6770b4e6f1f2e8bb,271,0.08126647565689801,0.02341887576113768,0.07781899719077337,0.062007567659929944,0.0444395984625214,0.04514463179251281,0.7166802398417382,0.6862008945411046,1.7897490578028563,6.346515331268312,0.512430997444929,1.041978319164314,0.5351919140192465
site_68221dfdbb1b1ea4,128,0.10869475311226723,0.020515093003399675,0.10674118377270597,0.12578338095050492,0.06353449877826939,0.1067411837727063,0.5051104390592734,0.5295828134994202,1.5122623173295011,2.6259319044351583,0.5417223132894142,2.0251467421875002,0.5166889644807571
site_68322e90dd9563bf,434,0.1214983093844377,0.11292579102832051,0.04482861701976353,0.05430036750745142,0.06842586705771392,0.044828617019763754,1.2601363526374683,0.7564189287256856,6.40663820554202,49.0097933062911,1.2197622709602873,1.2796619815668202,2.032031088648374
site_68a69fed5c9dc2db,169,0.09131493163136191,0.01657954767469824,0.08979719003255451,0.09944242756834856,0.03492742577296897,0.0897971900325545,0.3512326340682173,0.4383747708824042,1.4091924288640105,2.801943557024002,0.25731822832889806,1.6712065917159762,0.20616733702033746
site_68bc9d9136a91d21,185,0.06366715897907675,-0.03220286583836015,0.05492251418374445,0.042326490573122995,0.04632071777648477,0.05492251418374461,1.0943670771962861,0.23479068222096247,0.749898819506401,-5.957530180096628,0.08516087751541589,0.33143338378378384,0.3969376456358191
site_68cc6a1e0541208f,9,0.08363972132244672,0.040131180016199745,0.07338318181575339,0.08518190267427629,0.0182353770920762,0.07338318181575346,0.2140757193673607,,0.06296042684606894,0.3611806201457977,0.009915273663732741,0.06530360888888889,0.0029927607992119576
site_68df3e54f8cc23c6,117,0.0692132032037738,0.05062206085268247,0.04720036496420547,0.05615548658312375,0.049638142634719114,0.047200364964205994,0.883941100950886,0.6079937750959437,0.5604846972340455,5.922781119763849,0.19828630135418515,0.36895232478632484,0.2882815888942922
site_68e0a7cac180b7fb,385,0.10759293388269602,-0.08891604960100218,0.06058197376149374,0.0833265780137073,0.04077492904109832,0.06058197376149375,0.4893388161744841,0.7263489828638856,4.456852177272186,-34.23267909638584,0.9501295451614764,2.6731776623376624,0.6400990127480423
site_694aad5289524593,35,0.10607272804972999,-0.08174083386063576,0.06760073753798784,0.13300396188667096,0.08981336895309501,0.06760073753798806,0.6752683730551015,0.8868015268256233,0.3937998272569191,-2.8609291851222514,0.37076611958007727,0.6191518857142857,0.28232544349466704
site_69670e737191984a,288,0.12618320127428018,-0.11139740947137275,0.05926902603293573,0.09884129238454399,0.054928925792924535,0.05926902603293574,0.5557285266892553,0.8540753630489964,4.585593681741745,-32.08245392775535,1.3354517551850942,2.813645111111111,0.8689498239642078
site_697fb58ab8720f1f,11,0.10468630281040095,-0.024234630618312148,0.1018425484505613,0.08030020944159258,0.07474222040749653,0.1018425484505625,0.9307848749991279,0.13850961825239713,0.12055144195722056,-0.26658093680143363,0.009144401600956916,0.07092935999999998,0.06145039462587071
site_69dbfe52882f2d4a,41,0.01967785489641045,0.012685624735384454,0.015043034879876698,0.02210281421431991,0.019015918148549197,0.01504303487987671,0.8603392293923012,0.7421351003584268,0.015875936906291577,0.5201106141507627,0.012788856136971496,0.020029910243902438,0.014825810864325231
site_6a1c5e38a054464b,129,0.062139586518085994,-0.033859453037080836,0.05210437268280285,0.07102085268098324,0.03273458169871388,0.05210437268280287,0.460915075826441,0.731373291751259,0.4981113394303916,-4.367869441783428,0.21934184126966566,0.6506710355038761,0.1382303162296808
site_6a31951f1e7ac87b,178,0.02826597604886407,0.010053711517640715,0.02641757533754784,0.05379300759112447,0.04886278514240236,0.02641757533754813,0.9083482655181457,0.8718684992327927,0.14221584155510242,1.7895606501400472,0.4079200324262126,0.515076404494382,0.4249877753933187
site_6a5dcbf93bf1dcc1,110,0.07442002329629531,0.02130941072268919,0.07130391912141208,0.09400310395789603,0.054882057760507856,0.0713039191214126,0.5838323996736269,0.6555790933726728,0.609217385416325,2.344035179495811,0.37204062146205785,0.972024190909091,0.33132442904304926
site_6a951d61e5b0518b,6,0.035396153713368204,-0.03267553491393725,0.013608714700090424,0.057964376032947074,0.0672226904487148,0.013608714700090932,1.1597242142398858,,0.007517326186202337,-0.1960532094836235,0.02308068565279245,0.020159213333333335,0.0271133406669824
site_6af774998b80a846,413,0.2111374949801937,0.195541060370914,0.07964129265355938,0.06786904268052094,0.03027005244884626,0.0796412926535595,0.4460067691146918,-0.19963314663316156,18.41114425782918,80.75845793318749,-0.16938213420910064,1.9023634721549638,0.3784220190806882
site_6af9b829a3e0be45,70,0.11572181910490727,-0.04066339663948333,0.10834217826261819,0.14303219275137086,0.05761408755713181,0.10834217826261881,0.4028050360472406,0.7304967141265972,0.9374077591864215,-2.846437764763833,0.4213847280165979,1.4320745714285716,0.2323568159528595
site_6bb6d38be9a11acb,136,0.09846212391639822,0.06362152974500376,0.07514712768319068,0.08791988948726233,0.07055259620906805,0.0751471276831912,0.8024645688310331,0.5691207312978452,1.3184914190734296,8.652528045320512,0.48011298001756997,1.0512673475735292,0.6769629611302133
site_6caf07a2afe1dffd,660,0.11958569290690269,-0.11255234972346911,0.04040676329217589,0.03945644272308343,0.030408238344828944,0.04040676329217591,0.7706786584447726,0.3537108955094317,9.438487045695863,-74.28455081748962,0.2800925529091647,1.0274951757575757,0.6102762330957107
site_6cb3e406456efe20,55,0.07414210576053928,-0.06605033694310622,0.03368092689207248,0.028467427580620118,0.038408648771166294,0.0336809268920725,1.3492138923474033,0.5264398717819521,0.30233785156338455,-3.632768531870842,0.03165838217232715,0.04457169381818181,0.08113733652347477
site_6cb8ba95bd0dee4d,341,0.06721517618724084,-0.03634472992124795,0.056541493761956545,0.0826569448695578,0.06509031619465752,0.056541493761956586,0.7874754661859033,0.7315739226027874,1.540597049269703,-12.393552903145553,1.3421724673518884,2.3297701524926686,1.4447314984512891
site_6ccc6476b82407ef,37,0.07416983942894112,-0.04862990248203278,0.056002657664640264,0.08007879611082781,0.03680946286936434,0.056002657664640534,0.45966553765894047,0.7855818597781996,0.2035431079938516,-1.7993063918352128,0.08567817083907288,0.2372667027027027,0.05013265259905114
site_6ce971c90b49aeb0,57,0.08179317958154018,-0.06785428095616793,0.04567188174336052,0.0547489648069256,0.02843091775275548,0.04567188174336057,0.5192959876596432,0.5524495639261752,0.38133708088531065,-3.8676940145015717,0.04901559531686076,0.17085460140350875,0.04607407380304496
site_6d0e46f32994dd93,485,0.04225734927680096,0.0026815878847210673,0.04217217867644578,0.04810719996959778,0.06070071718262097,0.04217217867644707,1.2617802994350513,0.7226339962560326,0.8660565304322521,1.3005701240897176,1.0234438720121979,1.1224368041237112,1.7870198772450003
site_6d48a42f8098677d,204,0.06177705316667087,0.048290870544299765,0.03852786160730127,0.059571649550932755,0.07709796320936368,0.0385278616073014,1.2942056127461472,0.8718416973932661,0.7785464767833665,9.851337591037153,0.8168650866044576,0.7239514117647059,1.2125955699306086
site_6d6ecd1531a550b1,62,0.10081303870609183,-0.0760334854402369,0.06619802009852903,0.10573485972901592,0.05191895139790673,0.06619802009852929,0.491029652197657,0.8646518668215536,0.6301226639356702,-4.714076097294688,0.29429106654743503,0.6931513548387097,0.16712580588400852
site_6d764ff710881490,548,0.06658263617136237,-0.057862403122721805,0.032942218267621975,0.04997190946629732,0.03909277440145377,0.03294221826762206,0.7822949897045499,0.7525431073817826,2.429419596861351,-31.708596911251547,0.8056276784710396,1.3684610711678833,0.8374782657008215
site_6eaed325c7afd5f2,128,0.014076238224516226,-0.006830624788720159,0.012307844959579782,0.016433540379043356,0.015727880508441146,0.012307844959579805,0.9570597780924862,0.7079193851428252,0.025361981766826462,-0.8743199729561804,0.023420443336217435,0.034567839921874996,0.03166287683683877
site_6ec0b265c8640204,38,0.02667385049098437,-0.005279548531692279,0.026146140581678454,0.027717310610505204,0.02949193422392044,0.02614614058167851,1.064025822647549,0.5837775302886631,0.02703678340058471,-0.2006228442043066,0.018133653664177185,0.02919347368421053,0.03305141900218589
site_6ed688016a61001c,62,0.04545155159778383,-0.006191020555265488,0.045027933631583465,0.04897456784950518,0.02429664167301205,0.045027933631584006,0.49610732140962704,0.4039440820023423,0.12808229964405235,-0.38384327442646027,0.029800928850568113,0.14870751435483873,0.03660026138837824
site_6f1d891d977773b1,32,0.041473884465476146,-0.023346133831888438,0.03427887290678061,0.05133711156110655,0.04683139536269985,0.03427887290678069,0.9122327676530155,0.7598483612047758,0.05504265896498123,-0.74707628262043,0.058458199796732516,0.08433596874999999,0.07018174693176016
site_6f28bfb579cd23b2,141,0.06822846364965575,-0.0033213148325047584,0.06814757603741882,0.09158899281270898,0.06923447669411278,0.06814757603741912,0.755925734828102,0.6732146410421113,0.6563723785309278,-0.46830539138317095,0.6019194294683688,1.1827846482269504,0.6758711995981781
site_6f4dcb1e04a51328,266,0.06786744356790593,0.01952488487008819,0.06499822126222145,0.04702640402698127,0.058441239394801316,0.0634607731938839,1.2427324734689649,0.2910166769706643,1.2251933124538104,5.1936193754434585,0.2127456566447234,0.5882543917385621,0.908490670892127
site_6fa03518f2e15749,74,0.06269994700545338,-0.013120163480172288,0.06131186398031148,0.10000801647926467,0.04873847887019595,0.06131186398031154,0.4873457207333096,0.8840250476709688,0.290914968232013,-0.9708920975327493,0.31886222666441594,0.7401186486486487,0.17578250987095972
site_70208b23c7d145de,47,0.1905800997532677,-0.18141517082173772,0.058389298828511155,0.047286902566868266,0.038153772899293156,0.05838929882851138,0.8068570963247176,0.07827719598563701,1.7070763978323766,-8.526513028621673,0.0066376060936520695,0.10509440425531914,0.06841838816318935
site_7062702ffcf77fca,399,0.04108343673473604,-0.025967826436336775,0.03183584087328851,0.08608693131198943,0.08354947425283216,0.03183584087328904,0.9705244800751324,0.9299909922628556,0.6734516608008863,-10.361162748098373,2.6689017484928286,2.956972937343359,2.7852253445219413
site_70a4655a50185729,555,0.03593397527493292,-0.015561566676373954,0.03238963139086732,0.058908875635183995,0.04292976300405615,0.03238963139086739,0.7287486400167491,0.8430656908114502,0.7166440713780171,-8.636669505387545,1.183296618497553,1.925991873873874,1.0228453261293575
site_70a6cc65be0123f1,70,0.03419182624107069,0.019614210834673466,0.028006494158186738,0.06977799928110198,0.06129174764257552,0.028006494158186776,0.8783821300989236,0.9167199000823065,0.08183566871896993,1.3729947584271427,0.27444493292027283,0.34082784285714285,0.26296748303568135
site_70dba7fc35b9a591,3,0.09804739269268646,-0.09042118448019028,0.037911747665245736,0.08112678691748833,0.04578982733821805,0.03791174766524582,0.5644230355725728,,0.0288398736415016,-0.27126355344057085,0.010861444848279157,0.019744666666666667,0.006290124862991464
site_70ecc850263e23bf,307,0.09393041695780861,-0.07665078777637854,0.054291619639944035,0.06720525191563823,0.052101004998071486,0.05102259350075878,0.7752519857149426,0.6608320555298554,2.708637431569408,-23.531791847348213,0.7103604783540534,1.3865795867086295,0.8333560195953845
site_719e76f9794e1f46,104,0.1256240703232225,0.05819477181549256,0.11133182643753183,0.12703211367949516,0.05340203301892064,0.11133182643753213,0.42038214961655407,0.48602446845967634,1.6412663326356913,6.0522562688112265,0.3428962918428991,1.6782644222115386,0.2965848215776046
site_71caeba631cb8f76,161,0.055603358232605836,0.00152752925964616,0.055582372215518296,0.07159939162224704,0.043947599487615965,0.055582372215518705,0.6137985043152345,0.6305913220496046,0.4977690849257027,0.24593221080303174,0.3194613745637747,0.82536213378882,0.31095403161654844
site_71e9fd683ed1988c,57,0.09462736598930617,-0.07800392788962314,0.05356982012163728,0.09840002589914755,0.05222330802326909,0.053569820121637454,0.5307245353450817,0.9282478437102639,0.5103972884622237,-4.446223889708519,0.2718932310444744,0.5519062105263158,0.1554546123509148
site_72da2835c7ea074f,53,0.0603693378912361,0.05088118108713402,0.03248941933313844,0.02941610428270942,0.017513269191736763,0.03248941933314039,0.5953633092751489,0.11302961514791596,0.19315621874359043,2.696702597618103,0.0030861746392441243,0.045861281132075486,0.01625587368245851
site_72f791e7a3b14404,210,0.09913757000899302,0.0014459010948453636,0.09912702536297514,0.09892015738002866,0.042141528439084426,0.08445533666860569,0.4260155822153245,0.5311558476137727,2.063934135330478,0.30363922991752634,0.46498221666374767,2.0548914825788236,0.37294076802825393
site_734432da6e99253a,201,0.05182827647472552,0.027408693022692384,0.043987882298746776,0.05636410211409862,0.033172678673078694,0.04398788229874679,0.5885426615317457,0.626395781007739,0.5399202187104579,5.509147297561169,0.23541168524892028,0.6385593134328358,0.22118574867981333
site_73483f87b1a225a5,300,0.06408571786088856,-0.01856180351316929,0.06133872091985541,0.10228068846724357,0.0637236106225365,0.06133872091985585,0.6230268057194848,0.8254144667834863,1.2320937701236234,-5.568541053950787,1.6139398650033026,3.1384017699999998,1.2182095652317941
site_734a8ec3d3587deb,510,0.08893135623804685,0.08392009685799186,0.029431334758784823,0.03817370726275138,0.04190902014750455,0.029431334758785833,1.0978504094203594,0.7336420713889883,4.033480922392581,42.79924939757585,0.5985855797067284,0.7431882823529411,0.8957466445592104
site_73fced68c3c0a0ff,515,0.06312676787839956,0.02083121349834701,0.05959068188030427,0.06600998664793696,0.06338774916071722,0.05959068188030464,0.9602751398632242,0.5764838552439249,2.0522692437282695,10.728074951648711,1.242250996345513,2.2440189436893205,2.0692734729859343
site_741bd07218da164c,66,0.024262528387376282,-0.01870657670226964,0.015451028180362068,0.022582272244902273,0.017028830811118324,0.015451028180362068,0.7540795995390772,0.7296922040950038,0.03885223872738384,-1.2346340623497962,0.018519792281305698,0.033657295303030306,0.01913875120038372
site_74428aba30f813ae,171,0.033326391489841914,0.014599953894796429,0.029958132718913344,0.05189618521505716,0.06784196716142209,0.02995813271891375,1.3072630845655766,0.9086524589633603,0.1899208712245495,2.496592116010189,0.5470509591533514,0.4605396008187134,0.7870330589246819
site_7463527a899d9995,969,0.07673479270408337,0.02535158872050767,0.07242599920391071,0.087765574681036,0.09296947490111211,0.07242599920391073,1.0592931823096754,0.6802235197830864,5.705693330587148,24.565689470171932,5.378237793870232,7.4640094200206395,8.37538024222347
site_74ac127e792b6d34,11,0.11129920312697543,-0.11032157796187833,0.01471944471442237,0.020652008486959673,0.02388137162992502,0.01471944471442243,1.1563704152554686,0.7909225652761143,0.1362626387836971,-1.2135373575806616,0.004290898220241071,0.004691559999999998,0.006273519020192464
site_74d6733a337aa5b5,241,0.05403266936766939,0.030694384646366243,0.04446778733169433,0.06300647379505633,0.07377944336530634,0.044467787331695124,1.1709819471137473,0.7997962593129372,0.7036065755180068,7.397346699774265,0.8960184661311665,0.9567255933609959,1.3118609094539617
site_754a56eb31e06ac7,75,0.07721542773814767,-0.041036314176718394,0.06540828081806437,0.11176147139729725,0.05140739279336895,0.0654082808180644,0.4599741946007714,0.9446833838772596,0.4471666710588828,-3.0777235632538797,0.40706637461721906,0.9367969866666668,0.1982040025358791
site_756658a5e0df9526,54,0.24182439710375922,-0.23704199972682527,0.04785529646867091,0.05108336622828042,0.02951810799315233,0.047855296468674174,0.5778418724647538,0.3948245856914823,3.157868107868218,-12.800267985248565,0.03214888932428979,0.14091355648148152,0.04705120977275179
site_75a0a6603ab1116e,378,0.04887521243151775,-0.0019015320728695577,0.04883820805477855,0.09667253597122769,0.06244977893512075,0.04883820805477859,0.645992973161555,0.8994585412085501,0.9029612555054234,-0.7187791235446928,2.0526124879547134,3.532628941798942,1.4741905080591806
site_75b87fcb8d56b55c,180,0.12888532110068227,-0.117858361538185,0.0521616009221385,0.07387945143573038,0.07041552371832707,0.05216160092213963,0.95311378671488,0.7396483761278111,2.9900566791406744,-21.2145050768733,0.6926118042789151,0.9824712019999999,0.8925022764947307
site_75f094d197034591,390,0.03901190160152017,-0.02400933113908157,0.03074866639092858,0.03546651326878781,0.0366489977141975,0.030748666390928586,1.0333408710477987,0.636838982697216,0.5935521019610099,-9.363639144241812,0.3228307118555483,0.49057068974358975,0.523828123047549
site_76b0c722c519421c,779,0.0416205383672757,-0.029859425440201096,0.028994549942410557,0.040418565595877066,0.02871913515693566,0.028994549942410578,0.7105431559368643,0.6968402861163173,1.3494377176918757,-23.260492417916655,0.6301195620034554,1.2726214865211811,0.6425104161224612
site_7701ccd363543751,52,0.019278190837948784,-0.003986797721340107,0.018861444428078404,0.04547414572033303,0.04515578453635356,0.018861444428078473,0.9929990727932,0.9133999361295823,0.01932572938318737,-0.20731348150968554,0.09753090672452863,0.10753069230769231,0.10603033360886654
site_772df34a4c6e4a0a,60,0.14986853458549929,-0.14028152299483618,0.05274155823498438,0.044547060602618135,0.057903115323340235,0.052741558234984484,1.2998189900757926,0.4953721690699713,1.3476346595282997,-8.41689137969017,0.07666618222281335,0.11906643649999998,0.20116624584888232
site_783ea304b6cb08b0,11,0.16912041072059422,-0.1669624895334244,0.026930287987758948,0.03451624841952958,0.025451258105600384,0.026930287987761127,0.7373703479083739,0.6339899962413302,0.3146188465453273,-1.8365873848676684,0.006126436431570487,0.013105085454545456,0.007125431930736781
site_792ac7c0f3887a80,3,0.16739222569084,-0.03328568925062814,0.16404944411013325,0.15293900745068276,0.011400374190574653,0.16404944411013334,0.07454196532726196,,0.08406047166519935,-0.09985706775188441,-0.005087867371737957,0.07017102,0.00038990559505536204
site_794f4adab7e8609a,986,0.07638430697236534,-0.024982255020018284,0.07218344190853822,0.08664961290865873,0.06445975375651754,0.07218344190853822,0.7439127722874824,0.5776445107521434,5.75287847872546,-24.632503449738028,3.1812136310033243,7.403041241379311,4.096889016389964
site_79798e714cfe0874,3,0.1382349874778327,-0.09313984209299088,0.10214637329777933,0.07258178528773977,0.07964750112816567,0.10214637329777938,1.097348333502888,,0.0573267352889897,-0.27941952627897265,0.00176693762044112,0.01580434666666667,0.019031173307883453
site_7a906ff08163d278,8,0.139074962635,0.13799490123093128,0.017298915173853253,0.04675608082110818,0.03803419046170726,0.017298915173853353,0.8134597638161453,,0.15473476185541318,1.1039592098474502,0.013333913086540998,0.01748904875,0.011572797152619385
site_7c54957b5bc14b62,396,0.019902378060607,0.0029340584133234287,0.019684916908499685,0.022025910320260998,0.013477728264213196,0.01968491690849969,0.6119033478409936,0.4704147603528059,0.156857442377063,1.1618871316760777,0.055300198319311614,0.19211572727272727,0.07193306702893262
site_7ce6c15ef40a9887,868,0.11073760291979627,-0.08832002336865952,0.06680112403681472,0.07566468504602744,0.06019999038840191,0.06680112403681515,0.7956154228591815,0.5364192042943716,10.644124895966705,-76.66178028399646,2.120868263250571,4.969425480783411,3.1456657155188763
site_7d5d2b00a197b946,177,0.16038125629674677,-0.12943056852251794,0.09470942563050708,0.09956295488153498,0.025094636982167583,0.09470942563050747,0.252047933009084,0.3147188057942578,4.5528200847241305,-22.909210628485678,0.13917930257726185,1.754562411299435,0.11146412253221882
site_7dc3504cdb8699cf,179,0.056264060509654955,-0.04714372851762027,0.03071015087053517,0.043815180527190765,0.03592872638747308,0.030710150870535545,0.8200063529391709,0.7202058242392186,0.5666503664011064,-8.438727404654028,0.20294394018788242,0.3436388379888268,0.23106633498883694
site_7de361dfa684e7f9,3,0.030104153607409485,-0.02253954847653707,0.019955671346570652,0.04027681991198192,0.022161380217494843,0.019955671346570652,0.5502266630266426,,0.0027187801932555167,-0.06761864542961121,0.0025726802647113804,0.004866666666666669,0.0014733803194331152
site_7df014884b3dac8e,148,0.16808152089962916,0.16248366215784804,0.04301694084551759,0.03602433790981813,0.05008899604481212,0.043016940845520546,1.390421002884297,0.5420578585607648,4.181206854854006,24.047581999361512,0.1447590402714103,0.19206743243243243,0.3713183136670262
site_7e8e5e3d7101de47,48,0.07944439187510795,0.07329050359229249,0.030658008474033046,0.059163375348596274,0.04265153110465363,0.0306580084740331,0.7209110510234875,0.867783501632953,0.3029477472194745,3.517944172430039,0.10510907051078974,0.1680146391666667,0.08731934906741934
site_7f0acd7df3af84c3,388,0.11798543512820121,-0.07744759695988494,0.08900804810538311,0.09903529517662706,0.03796856611475417,0.08900804810538317,0.3833841868905237,0.4424158509762634,5.401178406127698,-30.049667620435358,0.6454708007443697,3.8055,0.5593454609704578
site_80ae082a98e7f1d4,133,0.058668310133716345,-0.004238972439801783,0.05851497010680707,0.08540269575418945,0.054227138738615656,0.05851497010680717,0.6349581621485939,0.7352612593470892,0.4577820916548079,-0.5637833344936372,0.45287838586873574,0.9700515187969923,0.3910974825783504
site_81129771a744e168,1,0.07318346691131594,-0.07318346691131594,0.0,0.0,0.0,0.0,,,0.005355819829159675,-0.07318346691131594,0.0,0.0,0.0
site_8126bf120df6e8fa,258,0.057910959144216526,0.046346285803373466,0.0347232052269824,0.05492842855649593,0.04052158842088287,0.03472320522698245,0.7377161423652402,0.7757773182573315,0.8652492307628037,11.957341737270355,0.445492522967705,0.7784201240310078,0.4236357750630686
site_814a74a697656439,144,0.08729064327555791,0.08116331617451375,0.032127441712912916,0.03232151845992938,0.041349529920526394,0.032127441712912916,1.2793189147901418,0.6443389319598691,1.0972305220983414,11.68751752912998,0.12400500018149614,0.150434,0.24620884194938505
site_81c3c43b60e335cf,79,0.1340601056646709,-0.11277773475707328,0.07247961419520624,0.08524339088629278,0.032990783197055736,0.07247961419520627,0.3870186633127084,0.5514333989144211,1.4197968425349952,-8.909441045808789,0.1225105531785684,0.5740484194936708,0.08598295030045566
site_81d19e24593ab11d,26,0.05349275642693074,-0.025879017479144614,0.04681614512606808,0.05531043376109283,0.033820048481717456,0.04681614512606808,0.6114587462430568,0.5376046855715348,0.07439834974392445,-0.6728544544577599,0.026146748129851547,0.07954034615384616,0.029738687661948704
site_827e793321bdd790,11,0.12253326073833329,-0.0707149651018056,0.10006894472222033,0.127330732236569,0.0652312980397531,0.10006894472222061,0.5122981458911212,0.629334708673132,0.16515839985885208,-0.7778646161198616,0.057499441549181934,0.1783442690909091,0.046806344683462064
site_82fc0f846e9a1ddb,251,0.15646109404411562,-0.15104425269393806,0.04081308218710488,0.06195967850119999,0.07782436942903256,0.04081308218710494,1.2560486321362259,0.8533775193319045,6.14449856131988,-37.91210742617845,1.0328557832030958,0.963589441752988,1.5202147517336608
site_83403fd7c9ad70f1,108,0.07084439543146497,-0.06544103979035107,0.027136666619307914,0.04540135475452196,0.0350244475711247,0.02713666661930792,0.7714405827864924,0.802309354825656,0.5420442633173755,-7.067632297357916,0.13778619836405162,0.222618565462963,0.13248488818754603
site_8350ab85e51c782b,81,0.07207079290563054,-0.041491362394226926,0.05892933086941694,0.06538657500920378,0.052906952478380516,0.05892933086941782,0.809140905008916,0.5205930474392108,0.4207301343937491,-3.360800353932381,0.14587629289829437,0.34630773950617283,0.22673079526451878
site_84025ad53bb001c3,582,0.08637636881999021,-0.02793215966009602,0.08173537512760239,0.09712693086174341,0.0702057036790099,0.08173537512760264,0.7228242780464783,0.563276330659366,4.342230466686701,-16.256516922175884,2.23540670430714,5.490378886597938,2.8685853625157978
site_841029a3fc0d0421,80,0.09733427474758227,-0.06407264286279679,0.0732711230787022,0.06869845226604454,0.07136984523180563,0.07327112307870222,1.0388857809403877,0.45324052347711646,0.7579168832510266,-5.125811429023743,0.1777789869979024,0.37755818750000003,0.4074923846729511
site_84dbfb194c437ec0,301,0.06095038104838273,0.03716364878099226,0.048309545218580836,0.06362632770447298,0.036777697564449964,0.04830954521858092,0.5780264065415245,0.6553541341620475,1.118199633932859,11.18625828307867,0.4615980166389895,1.2185411827242527,0.4071323104807868
site_863f22c1c90857e1,146,0.08152760110219923,0.07636866151592503,0.028540800264627984,0.040772729973309975,0.04875642428841216,0.028540800264629722,1.1958096580809858,0.8111510585675397,0.9704254622559803,11.149824581325054,0.235426981155952,0.24271266438356165,0.3470695807711835
site_86b7f22d3a648755,251,0.07281457125949863,-0.01757233195124394,0.07066240115860693,0.10012945980962007,0.06071878332981461,0.07066240115860739,0.606402785406628,0.7170952954570831,1.3307924087138556,-4.410655319762229,1.0942978063815767,2.516503089163346,0.9253794329122962
site_86deda94196a1d6c,8,0.016215071822932723,-0.006810813671350478,0.014715344758347055,0.06693551817794496,0.06997870958216162,0.014715344758347527,1.045464522977569,,0.002103428433782934,-0.05448650937080382,0.03664336806870997,0.03584290875,0.03917615835827615
site_86f357dc9d6e4680,58,0.16491545954404477,0.1241198507995441,0.1085880814552056,0.10935828825954741,0.030065933286080166,0.1085880814552056,0.2749305403786374,0.16299231857743451,1.5774323102041607,7.1989513463735575,0.031082899517668718,0.6936356422413793,0.052429699973055355
site_87666ca1581a674d,87,0.20324919981417977,-0.1977760995489427,0.046849244095407416,0.06475606432062356,0.048885416794343356,0.04684924409540746,0.7549164284027418,0.6931138601978309,3.5939906385840805,-17.206520660758017,0.19089018735769153,0.36482126436781603,0.2079112058386301
site_87ec218e6b6d4b81,397,0.07932060360132992,-0.063774999124127,0.04716468639137668,0.03664557177826156,0.04812033207135903,0.047164686391376894,1.3131281553615815,0.4065892648655242,2.4978279878046874,-25.31867465227842,0.28464039447250533,0.5331304785894209,0.9192798443871723
site_88607d4559554ef6,42,0.06535970814677894,-0.05969277890381358,0.026620736198921083,0.035382426425744774,0.012877367206844726,0.026620736198921094,0.3639481094907319,0.7781261144417518,0.17941944085934905,-2.5070967139601703,0.014890660893792904,0.05258047619047618,0.006964716619556638
site_88b325bed90e5cd8,187,0.0603338516937811,-0.014889146392358181,0.0584678285890121,0.09319952033418968,0.0640361499053275,0.05846782858901232,0.6870866896708289,0.7848588111344035,0.6807124744587414,-2.78427037537098,0.8759353118461561,1.6243101604278074,0.7668175285084463
site_88edadfb8f5755a7,34,0.06252575743835542,-0.015673651517314067,0.06052938948439721,0.039224853095276485,0.062438561443011194,0.06052938948439723,1.591811224667917,0.36203598041770546,0.13292199167016197,-0.5329041515886783,0.030147053089102403,0.052312029411764716,0.13255151447247127
site_8905c26daaab430e,211,0.07872181190328888,-0.06190166949547862,0.04863442179166238,0.06516121103503932,0.060680253893974787,0.04863442179166239,0.9312327522787295,0.7034359256095437,1.3075930942300635,-13.06125226354599,0.5868721984105794,0.8959025023696682,0.7769216678664581
site_8922fa4ef2bfa4f1,176,0.07071547622289967,0.011964503199878063,0.06969597721971904,0.06597570693034428,0.05033840806180844,0.06969597721971905,0.7629839891667192,0.3055030898287091,0.8801194296279421,2.105752563178539,0.17857135916789146,0.7660917272727273,0.4459761374106968
site_899e1b3be68444b6,2,0.13266020848140073,0.13015094377994535,0.025680006766319277,0.025599999999999998,0.05128000676632144,0.0256800067663236,2.0031252643094315,,0.035197461828657406,0.2603018875598907,0.0026255363464355464,0.0013107199999999996,0.005259278187907945
site_89b67bc04797f8a3,780,0.03485734468729621,0.015036815373943399,0.03144723615930209,0.03002518173902597,0.03815322486958337,0.03144723615930241,1.2707075414631972,0.5971989322422486,0.9477268933462022,11.728715991675852,0.5336180632971227,0.703179,1.135421483000216
site_8a227a0556c22f70,136,0.04436533410550851,-0.018639781180988337,0.040259674959173104,0.06560314944766311,0.0508538410115346,0.04025967495917328,0.7751737750350658,0.7896842139723854,0.26768647035990195,-2.535010240614414,0.35829505559771924,0.5853131575735293,0.3517113878051957
site_8adbe57839dd7587,31,0.04881794321475031,-0.04357744575700453,0.022004495018380095,0.012507229959055654,0.019406863350405937,0.02200449501838009,1.5516515978307985,0.1006470766660671,0.07387893897127616,-1.3509008184671403,0.0007573198527097689,0.004849354838709678,0.011675416698141206
site_8b5408c589cc3993,120,0.11338696504065775,-0.07888468534330527,0.08144820599263719,0.08819829703571379,0.024374339810638773,0.08144820599263719,0.27635839500131126,0.40451618640983317,1.542792460935761,-9.466162241196633,0.10435426690712572,0.933472752,0.07129301294453882
site_8b64753d75204fe6,178,0.12484782320719254,-0.047019158061300775,0.1156554267415966,0.11118993593674281,0.04234638072861452,0.11565542674159669,0.38084724459870045,0.0828545727211435,2.774482254804244,-8.369410134911538,0.0694413670887522,2.2006499299438205,0.31919244102467403
site_8b8c1728607fc339,11,0.07825238153022392,0.07398612817200748,0.025485055488795993,0.07558856116180805,0.09407424335524509,0.02548505548879614,1.2445566089539106,0.9783595593521628,0.06735778736666902,0.8138474098920823,0.0765275818345899,0.06284993636363635,0.09734959589148062
site_8bf3ec991527937e,292,0.026383219562017432,-0.014496036833198105,0.02204402845643652,0.04562141821773009,0.046665675324515765,0.022041550678141154,1.0228896239437781,0.8861554976592251,0.2032536881416248,-4.232842755293847,0.5508826882193911,0.6077436296575343,0.6358840940199909
site_8c584caec5491a2c,154,0.04607869489988708,0.018699020021534583,0.04211404485336368,0.08113238142631385,0.07002391587459064,0.04211404485336378,0.8630822199911369,0.8547672394281848,0.32697990304623936,2.879649083316326,0.7478408889032224,1.0136993506493508,0.7551157143394089
site_8cafedb38b43a4db,149,0.06944824905719968,-0.03211671538640989,0.06157577356314071,0.10546118493910432,0.07086768679704002,0.06157577356314092,0.6719788596909908,0.8264022872871166,0.7186358352695146,-4.785390592575073,0.920277242976397,1.6571871677852348,0.7483121257625407
site_8cc96a31a772bfea,373,0.08902690440133694,-0.06768900987034508,0.05782722239617871,0.09165065045932753,0.05300486741670525,0.05782722239617989,0.5783359654411574,0.8095391572569858,2.9563195608172257,-25.248000681638718,1.466891514217406,3.1331409651474527,1.0479494567587133
site_8ce1daba0ed42d33,7,0.06927344627596738,0.05798444923673358,0.03790269127201926,0.08287262170687873,0.07716251479669424,0.03790269127202141,0.9310977884785496,,0.03359167251264537,0.40589114465713505,0.03984858889430761,0.0480751,0.0416783758282504
site_8cee030029879195,657,0.12642088830883197,0.1178539116580374,0.045745999909212624,0.06407762573347169,0.05452779021093583,0.04574599990921266,0.8509645853256483,0.7135817605737964,10.500332337521765,77.43001995933056,1.6380736324110465,2.6976039726027397,1.9534448977741037
site_8e38800fbe0e21e5,171,0.03841057070544468,-0.004871013099059722,0.038100461589156025,0.041607609617375106,0.06803201962386968,0.038100461589156316,1.635085991468731,0.8669217661599917,0.252288602067972,-0.8329432399392125,0.41962576625318815,0.2960340334502924,0.7914488236915427
site_8e3ea373de88dc00,149,0.047678110195692985,-0.031159894967239175,0.036086883177454745,0.055335226554785746,0.04232226334750944,0.03608688317745475,0.7648340123015025,0.7581194529930835,0.33870712658306384,-4.642824350118637,0.26454191107702935,0.4562361073825504,0.2668849222535351
site_8e6ad22dcccafcc7,320,0.069269788475429,0.01811028722580522,0.06686045985505568,0.07619476867500484,0.04307399094953496,0.06686045985505569,0.5653142820507712,0.4860874401160676,1.535457150537816,5.795291912257671,0.510510460436577,1.8578056875,0.5937179828225982
site_8e827922ba5b5da3,25,0.04294836945731595,-0.034981718704581256,0.024916697122926608,0.011159222912013187,0.03072927207406946,0.02491669712292702,2.753710748173031,0.6531864862753936,0.04611406097605273,-0.8745429676145314,0.00559968278358132,0.0031132064000000017,0.02360720405505463
site_8ea1310ade5fc61a,6,0.02220111626362409,-0.003919105261564253,0.021852463872518667,0.08628036502524135,0.07606947154446399,0.02185246387251955,0.8816544937218317,,0.002957337380105725,-0.02351463156938552,0.0382600071379294,0.044665808333333334,0.0347193870063241
site_8eb987af49bead43,440,0.05490463520107827,-0.02929273738204078,0.04643764101707013,0.06812741162612912,0.0520500128753524,0.04643764101707029,0.7640098402826961,0.7323809537673911,1.3263883452879328,-12.888804448097943,1.1427005814334208,2.0421914545454545,1.1920496897427144
site_8fa7ffd1566cb92a,51,0.05072652115179542,-0.00709445527558233,0.05022796683627868,0.06789407466676178,0.030460067283015337,0.05022796683627869,0.4486410254874181,0.7288413335176521,0.13123217735634096,-0.3618172190546988,0.07687159674150101,0.23508987411764704,0.04731860064317689
site_8fd20385af85644b,310,0.08437747132053024,0.06914163945740268,0.048363119828950654,0.04176149128091864,0.05965217272100401,0.0483631198289507,1.4284014026160952,0.5947847818045631,2.20706287659854,21.43390823179483,0.4593289382367605,0.5406468677419355,1.1030983302043134
site_901a320e9c405a2e,98,0.039939813587828964,-0.015830973850829263,0.03666836478989603,0.045669371385158516,0.049485937117837664,0.03666836478989655,1.0835694824982736,0.7057505040077439,0.15632849352419168,-1.5514354373812678,0.1563090434602785,0.20439776530612244,0.2399880812981972
site_90c4f5b431597729,821,0.08151940548343578,-0.03365193083130922,0.07424931664128365,0.11173785338653891,0.05438018030441686,0.07424931664128373,0.48667643646506686,0.817072119946961,5.455884459176085,-27.62823521250487,4.076097051180563,10.250470609013398,2.427864492161469
site_912580bb93bae080,334,0.03971867175092403,0.028597339251798068,0.027563836332688163,0.04433524401755523,0.05004525232526342,0.027563836332688225,1.128791629193407,0.8361341241547765,0.5269093438096553,9.551511310100555,0.619632803526378,0.6565150299401197,0.8365121116199608
site_912957a44bff743f,166,0.047468464696327345,0.030278091963227973,0.036558067340777,0.042314771496204724,0.03789983678586677,0.03655806734077719,0.8956644558334922,0.5893927149699336,0.374040353343995,5.0261632658958435,0.15690695388072046,0.29722962120481927,0.23844200631362644
site_916f2628195f7cd3,128,0.019662171284187586,-0.004058197331056,0.019238815296970364,0.0258360213537156,0.01893144492446589,0.019238815296970364,0.7327538813070099,0.6703638050863128,0.049484925389917556,-0.519449258375168,0.04196912590635475,0.085439999921875,0.04587514968679493
site_917287f92c952f20,38,0.061918812259822834,-0.04561966372195043,0.04186628229928407,0.07256406401536915,0.03722558749263643,0.0418662822992841,0.5130030683611106,0.9067136413844294,0.1456896938433531,-1.7335472214341163,0.09307154098366827,0.2000906486842105,0.052658285838533325
site_91e14ae535f79ace,96,0.056839119144674405,-0.01915361089321474,0.05351471437739174,0.07714961114613605,0.04230845874544793,0.05351471437739176,0.5483949707187461,0.7472613756651574,0.31014580465367925,-1.838746645748615,0.23415568927302957,0.5713980000000001,0.17184054541586585
site_91ea89ee8d5d5b53,178,0.08562060456346673,-0.07301822271105948,0.04471271718350003,0.06795773599882206,0.05597602207639107,0.044712717183501983,0.8236887420346276,0.7560904587817633,1.3048980507948105,-12.997243642568588,0.511958424796884,0.822049191011236,0.5577300784543984
site_91ee6299c921b981,293,0.10296502707682807,-0.07456674721786187,0.07100420417327011,0.0884706502014643,0.02816860157756774,0.07100420417327026,0.318394874610083,0.7180564493388467,3.1063264626730582,-21.84805693483353,0.524313106063232,2.2933273924914674,0.23248674364687527
site_92ac3b6c2c87c639,732,0.06220601277508963,0.02807527588462569,0.055510061334651487,0.040459181415225275,0.0486183828522298,0.055510061334651487,1.2016650152475434,0.233680115425208,2.832538434574218,20.551101947546005,0.336473170544036,1.1982440040983606,1.730262914653507
site_92b0fa719fa97ab5,94,0.08691547983809729,0.07370202398236762,0.04606856082394159,0.04882004723699809,0.06363028896369433,0.04606856082394173,1.3033639368433947,0.6937051918287105,0.7101042597357495,6.927990254342556,0.20256522430352705,0.22403931914893616,0.38058848531870454
site_92d25300e45f668d,35,0.037097023370816704,0.015587142690590446,0.03366348356480793,0.04039826223783313,0.02248548485111821,0.03366348356480793,0.5565953485509202,0.5528482361156846,0.04816662000412223,0.5455499941706656,0.017576763664398875,0.05712068571428571,0.01769589601464533
site_92f4bc71b766e85f,213,0.14237803886107403,0.13158797684018042,0.05437012323908832,0.07759476760749293,0.0803573292750443,0.05437012323908833,1.0356024220798696,0.7635659363880066,4.317830767334133,28.028239066958427,1.0141076999016,1.2824619154929577,1.3754049784304108
site_9325c992d0f1e0e4,864,0.11250498623060258,-0.09516209895260357,0.06001288902963232,0.0828518450934098,0.046223783081611514,0.06001288902963238,0.5579089159631551,0.7049485928207739,10.935969344710337,-82.22005349504948,2.33259242748852,5.930865995370371,1.8460553377327558
site_93742f2df91eb28f,113,0.09000277879063073,-0.04088995718407419,0.08017799942328188,0.10567964792962681,0.049695214067324946,0.0801779994232819,0.47024394044553885,0.6863673536305633,0.9153565214739786,-4.620565161800384,0.4073249243357145,1.262005242477876,0.27906641603528937
site_93e093b0ecc1d78c,41,0.08525762938853086,-0.048882237042450344,0.06985263252503643,0.06770100712145112,0.05046696811271627,0.06985263252503741,0.745438956649225,0.32940766067853733,0.2980233981270354,-2.004171718740464,0.046144494783951016,0.18792048097560976,0.10442350969008674
site_94398cd24f99ecb3,80,0.10029862800459077,0.08965760271325707,0.044959193223578185,0.051530208070121354,0.07303253971333304,0.044959193223578185,1.417276243362955,0.7928752910601286,0.8047851823682624,7.172608217060565,0.23871140581658112,0.2124289875,0.4267001485583653
site_947d9a648844f933,171,0.05851613152512218,0.024337851129777252,0.05321472212696594,0.07570941371040533,0.05526454029382749,0.05321472212696644,0.7299559933883368,0.7115454952002024,0.585527537921783,4.16177254319191,0.5090907764565527,0.9801575204678362,0.5222629697748621
site_948f865f7f081052,88,0.047887087602534066,-0.019139889928292145,0.04389576030308204,0.04972253109145285,0.039015519159025125,0.04389576030308222,0.7846647848088283,0.5329267951158608,0.20179923799664395,-1.6843103136897088,0.09097893467533658,0.21756504863636364,0.1339545447018466
site_952481bd3cb76606,468,0.09792336406869208,0.0888962543667127,0.041066302367005585,0.04006566950554013,0.04949637899612104,0.04106630236700637,1.235381302920119,0.5972219183015418,4.487645087887859,41.60344704362154,0.5542777226742038,0.7512606845299146,1.1465492377845412
site_9563943b41248204,316,0.0689226044172238,-0.024155393240383904,0.06455108346926125,0.09019840954496701,0.051121722025498646,0.06455108346926146,0.566769661276707,0.7137498641138517,1.501102826290385,-7.633104263961314,1.0400099048976656,2.570897974683544,0.8258440262613438
site_956a5215e9d24ea6,175,0.04719810599517274,0.03395900174243109,0.032778764622681,0.01670143486442444,0.036479232926700106,0.03277876462268161,2.18419753888357,0.43924504792918745,0.3898407116680232,5.942825304925441,0.04683218323541538,0.048814137142857136,0.23287852611107723
site_9573cc360aa7a95d,83,0.12099751580597268,-0.08650116572609867,0.08460465211347788,0.11377192578114367,0.055360817710573045,0.08460465211347788,0.48659471420979,0.7026208190178014,1.2151531029909783,-7.179596755266189,0.36731334908306595,1.0743562409638554,0.25438007141941377
site_95a6e0674f2876c2,37,0.04048646275815617,0.02204903033778474,0.03395576427988353,0.0332113668309311,0.048091456049662896,0.03395576427988354,1.4480420602524964,0.7083687719258291,0.06064868566669995,0.8158141224980353,0.041861598422599795,0.0408108108108108,0.08557316136413634
site_95aa1a90ae6a3184,54,0.0719544104457314,-0.022668917015746786,0.0682902436950255,0.1165631007102502,0.06340001933432443,0.0682902436950258,0.5439115719126475,0.8756956295031593,0.2795816078600102,-1.2241215188503265,0.34945996090107495,0.7336956481481481,0.2170563723860064
site_95c50f37760ba8b9,9,0.0671400585037078,0.02846827265951369,0.06080579666170727,0.09212163188810973,0.04578116062918862,0.06080579666170747,0.4969642817964198,,0.04057008710293175,0.2562144539356232,0.030982341701785723,0.07637755555555556,0.01886323201700013
site_960e43f47225dd5e,138,0.08084643848007846,0.06922352286439011,0.041764225087464156,0.06162213300253731,0.04174109544253704,0.04176422508746417,0.6773718047185796,0.7377716004967357,0.9019882328580093,9.552846155285835,0.2618795520884619,0.5240256440579709,0.24044002872653214
site_96144cbf74954033,5,0.07304865014831928,-0.03470736624240875,0.06427677665383393,0.06162381357884304,0.006199432391486243,0.064276776653834,0.10060124538632349,,0.026680526442457726,-0.17353683121204375,-0.0007389416375756263,0.018987472000000002,0.00019216480988304419
site_96a5abc509a3a15b,35,0.04091856119624522,-0.0312376712010588,0.026429842003035265,0.022232226287852635,0.011238741554653625,0.02642984200303529,0.5055157953656809,-0.15599665872588478,0.05860150276298028,-1.093318492037058,-0.00136421864002943,0.017299516,0.004420825910630435
site_96e92296d2491d86,411,0.10017545810796094,-0.09022153153900973,0.04353386789495404,0.06056773353189755,0.044837485835332216,0.04353386789495405,0.7402866711484074,0.6966244445871834,4.124435309334474,-37.081049462533,0.7775406560161615,1.5077330918734793,0.8262744559098165
site_96ea37eab36e72c1,208,0.10385038581275197,0.04326794770715329,0.09440755973262142,0.09320942947555405,0.04117248852433067,0.09440755973262195,0.4417202074509955,0.19157281048934913,2.2432597477591463,8.999733123087884,0.15291995885668752,1.807103530576923,0.3525961527475172
site_971bf07b5c1c6549,83,0.10511723743248579,-0.09053678119900715,0.053410905773640424,0.038328808352425206,0.03297392187083474,0.05341090577364212,0.8602908174876341,-0.11723998768254093,0.9171195892513201,-7.514552839517593,-0.012298432965450983,0.12193509662650603,0.09024420045414483
site_97832a03d9613f37,33,0.06375289746296058,-0.050818457403869345,0.03849566627574957,0.02205277916432583,0.04731341760543804,0.03849566627574957,2.1454628123232493,0.5956379843153852,0.13412625385245122,-1.6770090943276883,0.020508975833993068,0.01604872727272727,0.07387246302171697
site_978ff47db3a1c5a1,160,0.09153379650812363,0.014594768926948309,0.09036276126347384,0.09184001834863305,0.06050575576070705,0.0747580744599043,0.6588168953867333,0.5854725323005529,1.3405497445104935,2.3351630283117295,0.5205412602799195,1.349534235244361,0.5857514368278934
site_97ad06a1706d85fa,20,0.15887493058159127,-0.09992697536945346,0.12351454635312435,0.13773162309360912,0.03196280792176148,0.12351454635312466,0.23206586260903933,0.5378767141813116,0.504824871346109,-1.998539507389069,0.047357779294252396,0.37940000000000007,0.020432421804868373
site_98378de2aa945723,63,0.06043947214487811,-0.012880833939900473,0.059050943346945814,0.07102104202402895,0.04459265917618503,0.05905094334694587,0.6278795397158176,0.5597506449453437,0.2301345769685443,-0.8114925382137298,0.11168261220116937,0.3177712698412698,0.12527583090141414
site_9898264bce191dea,842,0.053338209133118104,0.03204854660429538,0.04263631332655944,0.03291723712311613,0.051802252189405866,0.042636313326559684,1.573712034082828,0.5715392493929894,2.395460154070781,26.98487624081671,0.820597462023783,0.9123444688479809,2.2594845454554253
site_98b84b664f32321c,921,0.060868102658276496,0.014032160774310172,0.059228577437098695,0.07331291176989707,0.05328180929765274,0.059228577437098744,0.7267725153910845,0.6023316958043666,3.4122367734422254,12.923620073139668,2.1669793854597774,4.950175172638437,2.6146740570709506
site_99359b775dbc987c,101,0.05435064871456526,0.0331772999202851,0.04304950389602097,0.07322723950169584,0.08798026051205686,0.043049503896022294,1.2014690313434437,0.8730620834494964,0.29835329458510157,3.350907291948795,0.5680995004852809,0.541585089108911,0.7817931502167086
site_9963ae44b09a6e46,127,0.11032883313201117,0.10056060684900586,0.04538739660336165,0.027516644532563424,0.053588697736448636,0.04538739660336165,1.9475011814406122,0.5319810593778348,1.545901330374438,12.771197069823744,0.09962505354280549,0.09616004724409448,0.36471206268623374
site_9978a236cbbfb40f,39,0.049298293486282285,-0.04089585314500026,0.027529092542294138,0.028855235037790413,0.014297653578434278,0.02752909254229414,0.49549600132209226,0.3383690768665546,0.09478254788572528,-1.59493827265501,0.005444332739290519,0.03247235897435897,0.007972493016107668
site_99e4e71469e203aa,104,0.07448890296886679,-0.04649908219484183,0.05819305818173329,0.08945387484020753,0.053478383919496664,0.05819305818173357,0.5978319442844225,0.7813271048615181,0.5770540532125462,-4.83590454826355,0.3887260650013502,0.8322075552884616,0.2974335048506722
site_9a39d33121ec563e,282,0.06911761375592212,0.05925082823845511,0.03558909783023342,0.06992849898340395,0.05911741235143243,0.03558909783023415,0.8453979881001407,0.860945024159486,1.3471829578302195,16.70873356324434,1.0036774135652058,1.3789785815602835,0.9855529009624614
site_9a5b564ee1a1517d,676,0.04943921849613397,0.03615496542733273,0.03372024318501944,0.022137521158280847,0.04057305170377826,0.033720243185019455,1.8327730288176978,0.5562248174034392,1.6523037560437293,24.440756628876922,0.3377253976912734,0.3312872138905325,1.1128126266008453
site_9a64702d11a0ca56,5,0.06549671165331537,0.05378806886672973,0.03737195318665425,0.08368385746367096,0.11921886976897914,0.03737195318665437,1.4246340140418923,,0.021449096186987687,0.26894034433364866,0.049548660060018304,0.035014939999999994,0.07106569454496403
site_9a99fb7f0cd8cd33,110,0.040328783056178194,0.01637895202680068,0.03685296017006025,0.05151657019793416,0.039638808664563104,0.03685296017006035,0.7694380373589514,0.7020013724772426,0.17890518170715136,1.8016847229480746,0.1576878316204656,0.29193527054545454,0.17283586675804274
site_9aa6317ba764d9b9,127,0.07821678871351577,-0.03593312501719618,0.06947428706473581,0.08380242567905238,0.05931731176762767,0.06947428706473582,0.7078233271528664,0.5748127775972781,0.7769689866551556,-4.563506877183914,0.3628843048292351,0.8919015118110234,0.4468550213679183
site_9b62f4534e47f978,173,0.032807125423893774,0.007418934538529787,0.03195726660545465,0.02586992559360872,0.040328339127968446,0.03195726660545613,1.5588888720241139,0.6107408844868515,0.18620119379418387,1.283475675165653,0.11023223498972251,0.11578077768786128,0.28136286406993455
site_9bb3648a2ef66eb2,76,0.10713655915921334,-0.09135677950633198,0.05596589270892636,0.08224655942588797,0.044977907003542046,0.05596589270892636,0.5468667299581261,0.7643825841648612,0.872346415444147,-6.94311524248123,0.21490244534611702,0.5141017368421053,0.15374892099986504
site_9c2d82de18c716a5,41,0.04922175291163434,-0.002281900109314337,0.0491688304882788,0.030425028051675986,0.057469306621458535,0.04916883048827907,1.8888826174243345,0.5178221876286562,0.09933401934745333,-0.09355790448188782,0.03712200770018305,0.0379529756097561,0.13541156934559995
site_9c3923563de1bc2a,115,0.0836991586780311,0.03524052909042524,0.07591873466304032,0.09790331483060424,0.052150862200722535,0.07591873466304071,0.5326771855575655,0.6405647651817463,0.8056381537921762,4.052660845398903,0.37611423959006424,1.1022817913043477,0.3127669292520563
site_9c3f2a2a90bf94af,109,0.08992938661329557,-0.00031251113327271347,0.08992884361224247,0.11898262064189698,0.053631828795583564,0.08992884361224265,0.45075346723955373,0.7009623815703516,0.8815151088541506,-0.03406371352672577,0.48755918879287513,1.543098177614679,0.3135246635355077
site_9c51efef96062ac3,183,0.054432475583597394,0.029756407995497593,0.04557905858356898,0.04056002971683276,0.06583957938088816,0.04557905858356953,1.6232626021367083,0.7306835744121479,0.5422096748630835,5.44542266317606,0.35708018127211205,0.3010562299453552,0.7932775889885659
site_9c5e0ec7dff35c9c,35,0.09061863760173115,-0.06389122081484112,0.06426234810200365,0.0971756835293056,0.04369781345187475,0.06426234810200367,0.449678477833363,0.8504877903593425,0.2874108118277859,-2.2361927285194394,0.12640185225989137,0.33050897142857144,0.06683246151661959
site_9ca12fe149def76c,9,0.13780270840890374,-0.09954190374877718,0.09529425923369428,0.1385913345945242,0.0451899419420252,0.09529425923369428,0.3260661431267483,,0.1709062780034641,-0.8958771337389946,0.054759118655323985,0.17286802222222222,0.01837917767451247
site_9cfda7361157a69e,189,0.1062834617674168,-0.08363446874341007,0.06558543956758632,0.059035941175169866,0.026625601482156494,0.06558543956758633,0.45100664022876713,-0.03412656679051328,2.1349769323552645,-15.806914592504505,-0.010138421022860462,0.658710804232804,0.13398638166017007
site_9d73848123a6a95b,64,0.07554352226990872,-0.043345654676668344,0.06187065522196458,0.09160607831352881,0.034683284158195826,0.06187065522196466,0.3786133496457476,0.9075013299663,0.36523672044442845,-2.774121899306774,0.18453202580439393,0.5370671093749999,0.07698753279988207
site_9dbd78e6c2f64c18,70,0.08979836640944283,0.020557704736845834,0.08741354234760892,0.08824986956109918,0.03909349339965993,0.08741354234760923,0.44298641566369484,0.24278484191750574,0.5644622626863186,1.4390393315792083,0.05863246612940517,0.5451627634285714,0.10698108583324784
site_9e0c7cff2a642903,104,0.05830054890488771,-0.008926068829802365,0.057613186839966024,0.10147441161700693,0.0740373142701498,0.05761318683996605,0.7296156054551715,0.8291946244887958,0.3534912162715651,-0.9283111582994459,0.6478836426138878,1.0708938461538462,0.5700784860510405
site_9eb9cb71933abd8d,145,0.04766600274357178,0.0027096370828562787,0.04758892396797182,0.08314258629109642,0.06444627842175275,0.04758892396797319,0.7751295851696905,0.8212885913975956,0.32944693354477794,0.3928973770141604,0.6380947410538793,1.0023399999999998,0.6022318063500408
site_9f1083ed35aa92f7,172,0.11114177834101834,-0.07313112009749857,0.08369190024183519,0.09758096650647338,0.04321635618469556,0.08369190024183523,0.4428769024523717,0.5199510021006595,2.1246291215622968,-12.578552656769753,0.3771413298112362,1.6377917441860466,0.3212363920037856
site_9f57a1eb8c53e14d,1084,0.08418949063561595,-0.06796788363340156,0.04968135593842877,0.09429068800350454,0.07086501994819218,0.04968135593842878,0.7515590505136447,0.8563678067286943,7.683251441497162,-73.67718585860729,6.202836490554674,9.637555487084871,5.44368654064732
site_9f76ab7d5518980d,176,0.05734492208825569,0.03711787898262793,0.0437115905583302,0.0101610418606664,0.04661404114573334,0.043711590558330266,4.587525746368317,0.38574326677797083,0.5787654557182282,6.532746700942516,0.032156295995227985,0.01817143181818182,0.38242491442075716
site_9ff0a0ccad22ddc6,126,0.07139291494183782,0.055557634985636144,0.044836341272402075,0.03366192538252311,0.06470763428041997,0.044836341272402935,1.922279654092972,0.7597857502774502,0.6422154862904536,7.0002620081901545,0.2085240563237005,0.14277377777777778,0.5275718197052413
site_a08eaaa4540846cf,142,0.14014365986515467,0.06314990890538189,0.12510928984548725,0.15446513454537567,0.07662273553471963,0.1251092898454873,0.49605197807412604,0.5947420064106704,2.788914846856824,8.967287064564228,0.9995512759564733,3.3880458461971834,0.8336881913169492
site_a0a221a9f908364b,38,0.10343270230329085,-0.09839760376748287,0.03187844849704316,0.04444991586916249,0.029627508916322282,0.03187844849704354,0.6665368952222611,0.697582440312671,0.4065363084189252,-3.739108943164349,0.03490962770889072,0.0750802107894737,0.03335599281429674
site_a0d01f20e2427c2c,13,0.10429760958002636,0.08796474619003443,0.05603744098217217,0.051998571896639055,0.030206380653385826,0.056037440982173226,0.5809078894210598,0.15155203349017307,0.14141388773339889,1.1435417004704476,0.003094533777638125,0.03515006923076923,0.011861530618304139
site_a1da79e1324e0f0b,139,0.11545484759539973,-0.046539556208703155,0.10565931828842137,0.13415239849301042,0.07313395241982378,0.10565931828842141,0.5451557574919853,0.6208047785382014,1.8528452348254998,-6.468998313009738,0.8466176886375001,2.5015643769784175,0.7434519245197615
site_a2c2e8340755d8a7,83,0.09080916247858073,-0.061635956334780494,0.06668817643899334,0.07214866669569184,0.048493767496030904,0.06668817643899337,0.6721367104477147,0.44440917947135095,0.6844432311750858,-5.115784375786781,0.12905515267942322,0.43205069879518077,0.1951865753346056
site_a2dd98acaefee6f4,468,0.08932590602001177,-0.055978441458227286,0.069609852594326,0.11316568063045708,0.0616913648711313,0.06960985259432619,0.545141994705839,0.8427289940098209,3.734226983586516,-26.19791060245037,2.7534228213992384,5.993428555555556,1.7811258658423086
site_a30a3623711ec917,255,0.05767459733599933,0.037035417124570584,0.04421240839717652,0.08265392840056748,0.06874267562077514,0.044212408397176536,0.8316927815895945,0.8450140866177401,0.8482215903567636,9.444031366765499,1.2243175100969919,1.7420763294117647,1.205016640133294
site_a3440058322ffd4e,564,0.07242237214522641,-0.04501043871309318,0.05673676404234339,0.08660177681475399,0.050375864515016244,0.05673676404234424,0.5816955075041129,0.7814690250675393,2.9581799927479,-25.385887434184554,1.9228268923093268,4.229925409574468,1.4312784372582938
site_a3ad14b1dd64a3e4,55,0.0499312585963745,0.020591797528266908,0.04548745386997258,0.03915664055014876,0.022534886764745823,0.04548745386997269,0.5755061325009458,-0.015891399636891446,0.13712218217599123,1.13254886405468,-0.0007712330697341393,0.08432833745454547,0.027930161682495402
site_a3eb3ebe590ad832,109,0.05072908457903652,0.004038821365089593,0.050568052604464966,0.08305922673122955,0.08193425364307956,0.05056805260446696,0.9864557721950593,0.8122179463544889,0.2805049624227474,0.4402315287947656,0.6024936370961438,0.7519730308256879,0.7317411892852861
site_a3fe6dc1994cbcf1,17,0.08160016796416547,0.0772050353232552,0.026419120585570853,0.010772674646119317,0.03114078421272801,0.02641912058557231,2.890719829169442,0.5780391148027363,0.11319598600026029,1.3124856004953385,0.0032965467371484833,0.0019728588235294136,0.01648572350352273
site_a408c1f09c2d83d9,411,0.03171778183162236,0.00192312504586802,0.031659426311548174,0.06415030831891186,0.05318469674749487,0.0316594263115482,0.8290637744575848,0.8707323350912408,0.41347326825485986,0.7904043938517562,1.2209895013629883,1.691372705596107,1.1625595188985496
site_a4122f0bf308f22f,156,0.07336582573495272,0.009627702265519362,0.07273136692554295,0.08344417791794924,0.0611803880062411,0.07273136692554297,0.7331894151608739,0.5304566917639801,0.8396769241803465,1.5019215534210204,0.42245727967081165,1.0862172092307691,0.5839142207486967
site_a42d63e8b2f931d6,6,0.11382104895123132,0.11064158248901367,0.026714629113753045,0.05116530942825313,0.03371180451230788,0.02671462911375489,0.6588801062481693,,0.07773138710615159,0.663849494934082,0.009122109731038414,0.015707333333333334,0.006818914580856372
site_a44b748575c17771,8,0.062443187414990754,-0.05206240210831165,0.03447691896408561,0.08129236972188718,0.07379715107358593,0.03447691896408566,0.9077992353532877,,0.031193213236349278,-0.4164992168664932,0.043463243761286144,0.05286759499999999,0.04356815605262132
site_a4e51d06a4c9f574,191,0.11289319809808321,-0.09154844294574249,0.06605873727996314,0.10123671820061593,0.05641701512052577,0.06605873727996459,0.5572781903965603,0.7938403283566056,2.434270967771294,-17.485752602636815,0.86599361189919,1.9575347643979057,0.60793000266594
site_a507f74864d36b32,315,0.03859491050415226,-0.022842854435860163,0.03110901988243323,0.035634029896598925,0.027320563382050186,0.031109019882433354,0.7666986715038309,0.5384597671706431,0.46921364179940955,-7.195499147295951,0.16512711896184418,0.3999819873015873,0.23512015280647575
site_a55a51839f39337a,11,0.11568160557545969,-0.09341815479343586,0.06822962863379722,0.07161541571892913,0.03519758159453537,0.06822962863379749,0.4914805177236732,0.33966010831152527,0.1472045725536785,-1.0275997027277946,0.009417954123562035,0.05641644545454545,0.013627567251143724
site_a5c2bfa9bb36639b,60,0.0372669069874754,-0.017743380545576413,0.03277185992933577,0.03696011495142057,0.022899505908851668,0.03277185992933581,0.6195734493507445,0.4823211104683538,0.08332934138478859,-1.064602832734585,0.024493279945912466,0.08196300583333334,0.03146324225217195
site_a5c5f553e4031a41,74,0.054418742078190606,-0.026982118527631497,0.0472584888579129,0.06764229381344765,0.03752115381912551,0.0472584888579129,0.5546996073581719,0.73875633198001,0.21914356221357484,-1.9966767710447308,0.1387482287038017,0.3385855135135135,0.10417993680996729
site_a61c8cdc86211521,39,0.04158506582707415,0.014214791398781994,0.03908014080490504,0.048476893510937175,0.03059296793925265,0.03908014080490661,0.6310835064616996,0.5929264207845747,0.06744339029384151,0.5543768645524978,0.03429428898619536,0.09165035897435898,0.03650125780595348
site_a62049e3761071cb,301,0.09096801852372534,-0.02383260057511124,0.08779058915373586,0.07052363150459924,0.042751864681230906,0.06172649756835342,0.6062062285950606,0.4960410305110998,2.4908292986339835,-7.173612773108482,0.4501671768555573,1.4970483627795472,0.5501443020504058
site_a637aa5eb6fad085,105,0.04305421283155349,0.016760473284834907,0.03965793461355546,0.08638912860973952,0.0654901862226137,0.03965793461355558,0.7580836533085522,0.8996060229383938,0.194634850467194,1.7598496949076654,0.5344129484195086,0.783623561904762,0.4503412716046253
site_a6a5e3eb9fd3c985,371,0.10993302454274341,0.08740361856771608,0.0666774125651605,0.07615413085282056,0.043440738906435385,0.0666774125651605,0.5704318126930136,0.48979508678165845,4.4836351273778225,32.426742488622665,0.6011446738638324,2.1515965606469,0.70011328258946
site_a728723d09857d1a,33,0.054636650238154505,0.04753299655805935,0.026940263314562236,0.024269744454109284,0.03737187515799078,0.026940263314562233,1.5398544977948079,0.6945378288047955,0.09851039712513215,1.5685888864159585,0.02078834606036544,0.019437676363636358,0.046089682743206795
site_a73a8fe0a0e90dac,39,0.06017309192244128,-0.024920922802044793,0.054769960728496894,0.06957946374576286,0.049485872943164685,0.05476996072849997,0.7112137731325674,0.6230256987550504,0.14121123866875615,-0.971915989279747,0.08366289355892399,0.1888107692307692,0.0955052132169345
site_a7fe1c93212d2f37,55,0.0789359785507704,0.057573202069022444,0.05400199175296403,0.023507600037097197,0.0591702620000251,0.05400199175296406,2.5170694544168217,0.4088972837402437,0.3426988790372227,3.1665261137962344,0.031281581412635054,0.03039339927272727,0.19256159478333879
site_a85957854004ad6e,10,0.030461192013826497,0.028845404114723205,0.009789120510113096,0.06983379124750425,0.0701473087225996,0.00978912051011491,1.0044894809446074,0.9902290898484257,0.009278842189032072,0.28845404114723205,0.04850788220331073,0.048767584,0.04920644921023698
site_a85f5d6458d2ef6d,586,0.047999496628481755,-0.043826709041670735,0.019574760564675348,0.02767898461990064,0.016721635848560127,0.01957476056467551,0.6041275024423258,0.7157668395016198,1.3501156824803522,-25.68245149841905,0.1941324368557184,0.44894994709897607,0.16385327979478476
site_a8a04a98a04fa26e,41,0.014322641995097021,0.006579327022229752,0.012722048956605777,0.016992422988626146,0.0209380252968616,0.012722048956605777,1.2321977454819975,0.7944241492828552,0.008410661022508387,0.26975240791141986,0.011588502660393714,0.011838440000000002,0.01797443703661267
site_a8d2970296172e46,359,0.06290772992432786,0.054403391664738766,0.03158565274939249,0.03795450487386244,0.05020791120845204,0.03158565274939249,1.3228445839383869,0.7776290422195421,1.4207003118393504,19.530817607641218,0.5319886964712509,0.5171554540389972,0.9049795309017735
site_a8f474364dc17adf,217,0.08184813421154777,0.024136141091832364,0.07820846352605769,0.09616026139465322,0.050037754587839954,0.06685147129934747,0.5203579302106827,0.7566493079581876,1.4537084050388034,5.237542616927623,0.7900377091760897,2.0065547041129035,0.543319583869859
site_a92160c2510cdbec,2,0.0756628518955681,0.07481300765275956,0.011308450067043313,0.0028499999999999914,0.014158450067045265,0.011308450067045766,4.967877216507126,,0.011449734313941345,0.1496260153055191,8.070316538214659e-05,1.6244999999999903e-05,0.0004009234166020281
site_a9455c71e74fd72a,25,0.0653670013542577,-0.0214801626420021,0.06173692152124744,0.05586589657384906,0.04216743706036521,0.06173692152124779,0.7547974640418439,0.23085147954062682,0.10682112165118819,-0.5370040660500526,0.01359554586648941,0.07802496,0.04445231870599653
site_a963d86424b18502,34,0.03558602792714925,0.0277430918952998,0.02228645857288226,0.03380066759337433,0.03067531957358458,0.022286458572882268,0.9075359085392033,0.7651925628892315,0.04305642304348279,0.9432651244401932,0.026975160124634995,0.038844494411764706,0.0319931578520124
site_a98119a935505c9a,155,0.12383313531447292,-0.10107173704293466,0.071548231095789,0.08767248057489926,0.04688218339336808,0.07154823109578919,0.5347422941149279,0.5796754372308682,2.3768700372809466,-15.666119241654874,0.36930715376354994,1.1914018967741937,0.3406805635580567
site_a9866d1cfd06e947,48,0.07464200340665411,-0.06795987132986386,0.0308688283125115,0.03329338172209389,0.0283834937785859,0.030868828312511726,0.852526607705647,0.5085741965211249,0.26742857628283023,-3.2620738238334654,0.023068498180434105,0.05320556479166667,0.03866989051579317
site_a9bff24a5451b631,238,0.061585871222793916,0.02854998506693279,0.05456846971418999,0.08511124328900126,0.05744743036283431,0.054568469714190035,0.674968760211474,0.7737532942637688,0.9026910491563922,6.794896445930004,0.9004031592027104,1.7240538487394956,0.7854493267596621
site_aa2ce12749046dfc,311,0.04472599934733557,0.017117904042316022,0.041320604773114375,0.061349676260487075,0.03697678957387811,0.04132060477311486,0.6027218369804733,0.7546070380735229,0.622129070479155,5.323668157160283,0.5323812083572486,1.1705364437299037,0.4252250027963577
site_aa4df3fb16db7e70,50,0.2446429502521198,-0.23914486868381502,0.05157426577530739,0.060289336536405835,0.03777878533765074,0.051574265775307444,0.6266246654553571,0.5273258613585872,2.992508655403058,-11.957243434190751,0.060053395783156154,0.181740205,0.07136183107941474
site_aaad533d86c5f947,240,0.06262915648532451,0.0475126208824416,0.040803947100061765,0.06253393523164487,0.037402534545591226,0.040803947100061945,0.5981157975592096,0.7790921860195101,0.9413786980951835,11.403029011785984,0.43733766564540566,0.9385183333333333,0.33574790170419483
site_aae8b0a4c0119c59,105,0.027702203889922,-0.018504603299754008,0.020615328206883894,0.026049419211756745,0.027923213109449393,0.020615328206884304,1.0719322715973245,0.7102761729116134,0.08057827053767501,-1.9429833464741708,0.05424753151377043,0.07125008533333334,0.08186911218735127
site_ab53cfe255b5cc4c,78,0.06491163322345783,0.04673373244435358,0.04504973229172717,0.06189138383090922,0.03772897898450672,0.04504973229172721,0.609599861066032,0.6904506521955294,0.3286545699634637,3.6452311306595795,0.12575709385831768,0.2987823846153846,0.11103111670664129
site_abdcb41ac727b4e7,485,0.07028990493700288,-0.03428752500986315,0.0613598921507438,0.10308204768842254,0.08402532704078639,0.061359892150743986,0.8151305578907657,0.8036208119067206,2.3962253069856576,-16.62944962978363,3.3758734854856103,5.153565649484536,3.424223958390887
site_ac16cbbd2f795846,35,0.056940731937100815,-0.0038480490735598974,0.05681055774994863,0.08583817713034932,0.056299394640460854,0.05681055774994872,0.6558782644576384,0.7563545946716247,0.11347864337364706,-0.1346817175745964,0.1279315628164581,0.25788674285714286,0.11093676429088234
site_ac240db4268c6c54,61,0.12487189821169015,-0.11204069434326203,0.055135050322552843,0.08956919197188941,0.059798755371727214,0.05513505032255316,0.6676263797321582,0.7989596586728135,0.951172448742433,-6.8344823549389835,0.26103905437324865,0.4893810491803278,0.21812935978446812
site_ac2a9b93fc2413dd,121,0.05336409189375145,-0.024660538323654613,0.047324244877571066,0.08492078616061244,0.07424833906697274,0.047324244877571066,0.8743246786074886,0.8314348621545314,0.3445748827410147,-2.983925137162208,0.6343286831980526,0.8725963305785124,0.6670507183587022
site_ac6e3a81298a7ce5,53,0.10802073961018596,-0.08250039877756586,0.06972922190498192,0.06493906007692062,0.04341111949366294,0.06972922190498193,0.668490111224928,0.21983122514897702,0.6184294498543748,-4.372521135210991,0.03284522444515857,0.22350532075471696,0.09987984067173339
site_acf798671ee3a747,30,0.1413755092133069,-0.10880651789625487,0.09026724914726159,0.11309052760215302,0.02940582924793377,0.09026724914726159,0.2600202675805179,0.8278393644116226,0.5996110381596548,-3.264195536887646,0.08258990937717259,0.383684023,0.025941083812759114
site_ad04b63315ba2272,10,0.0490979044507939,-0.04095701223850251,0.02707632489749012,0.0352938649059578,0.012385840074229411,0.02707632489749012,0.3509346484787675,0.7616921552286353,0.02410604221459288,-0.4095701223850251,0.0033296928219497205,0.012456569,0.0015340903434438724
site_ad53cb9b838bb8cd,636,0.05220903450153922,0.01621895925410139,0.049625886836375144,0.01997911936331535,0.047760638099314724,0.04962588683637515,2.390527691976774,0.11397588924855559,1.7335981683587325,10.315258085608484,0.06916980748921164,0.2538690738993711,1.4507659588517614
site_ae3ed38eaa09b85f,486,0.04200631820405924,-0.027783787427952997,0.0315054269169456,0.04645377373304071,0.02388770282779098,0.03150542691694567,0.5142252374385811,0.78220432563484,0.85756195376349,-13.502920689985157,0.42184399419612495,1.0487652037037039,0.2773224603449826
site_af194bfb42414cbb,864,0.05522069230793997,0.022284971763298814,0.05052430001966533,0.04457700989190736,0.05296637218771416,0.050524300019665735,1.1881993053403483,0.47432512503198926,2.6346166781485074,19.254215603490174,0.9676115284982999,1.7168628766203704,2.423897207476526
site_af687448e37c8c15,597,0.07208398161450537,0.0002913922340027238,0.07208339265022361,0.09347797865726644,0.07766122743074495,0.07208339265022362,0.8307970341922666,0.6593589208115023,3.1020719420240077,0.1739611636996261,2.8576548983136836,5.2166650988274705,3.6006659488917854
site_afb9454fdc863c14,194,0.08844102168399283,-0.027825416385267202,0.08394974996684024,0.10937564938938447,0.049540333251632825,0.08394974996684025,0.45293750051500037,0.6800506094143268,1.517431977402647,-5.398130778741837,0.714862527518128,2.3208283397938145,0.47612345602447037
site_b019e673dfa447d5,669,0.08812990860240986,0.07406756843203743,0.047758518578726566,0.05393584758916921,0.07072953453254711,0.047758518578726886,1.3113641055814282,0.738017969097397,5.196043248690039,49.55120328103304,1.8835248822218589,1.9461716133034381,3.3467842599226283
site_b04900ecbfac7c98,10,0.10308079557012871,0.09424535589933396,0.04175479980527444,0.06557104238915223,0.0711075303458916,0.041754799805278936,1.084434954135414,0.8163243162253236,0.10625650415370667,0.9424535589933396,0.038061895825564865,0.042995616,0.05056280871891894
site_b050cd10feccfd77,44,0.04783919908904288,0.007505451137369329,0.04724676891286475,0.03862411570572958,0.044447508099561835,0.0472467689128657,1.1507708924186035,0.35973473552915075,0.10069791465716758,0.3302398500442505,0.0271732145872983,0.0656401818181818,0.08692556295546705
site_b07ebc840452ba9d,7,0.02142363953270239,0.00015026007550103328,0.0214231125828363,0.11753381102769482,0.10169885813174766,0.021423112582838442,0.8652732115338629,,0.0032128063157901804,0.001051820528507233,0.08294266654540385,0.09669937714285715,0.07239860421710936
site_b0b863b5597ced77,64,0.0659053043972256,-0.05626596175134182,0.034316915594025985,0.05769357489343483,0.04210217061344713,0.034316915594026436,0.7297549283644424,0.8076267409732988,0.2779845854522217,-3.6010215520858764,0.12555170107074082,0.21302710937499994,0.1134459373032839
site_b12672b82d8e070e,371,0.0987865135938095,-0.018661265697280036,0.09700789880517684,0.13394413567023197,0.0774047956790473,0.09700789880517778,0.5778886495607132,0.7003335099735983,3.620505624435386,-6.923329573690893,2.693831267855499,6.656122679245283,2.222847388216687
site_b18fe53daa1d7307,44,0.10973599197327112,-0.09022673045478083,0.06245898690979664,0.0750882776613551,0.031227629316905193,0.06245898690979664,0.4158788866850889,0.5783554672405358,0.5298474691117443,-3.9699761400103566,0.05967036304030229,0.2480829754545455,0.04290725264117762
site_b2267c975c71dbb8,491,0.09803213322145435,0.028909938628950332,0.09367237902615316,0.1117896625758952,0.0282919060874626,0.09367237902615316,0.2530815948053777,0.7150196108615255,4.718656879678946,14.194779866814613,1.1103586970446155,6.13599197148676,0.39301208748034544
site_b2271a910bc63599,20,0.0525452582264544,0.044877183492183684,0.027332079392055945,0.048808088212918155,0.034604268839184424,0.027332079392055987,0.7089863607898009,0.8385718342299566,0.05522008324169547,0.8975436698436737,0.028326423330008985,0.0476445895,0.023949108437890998
site_b2c81cb18e128f03,52,0.029326034661269824,-0.021839410781401853,0.01957182785728476,0.032330516834516924,0.02914465520581598,0.019571827857284833,0.901459613373714,0.8021214778601944,0.04472084806560796,-1.1356493606328963,0.03930203680461989,0.054353640576923073,0.04416936820742662
site_b2da63ab5c4ee3dc,2,0.05800740654585043,-0.057480608463287355,0.007799927234649659,0.0165,0.008700072765350342,0.007799927234649659,0.5272771372939601,,0.006729718428351143,-0.11496121692657471,0.0002871024012565613,0.0005445000000000001,0.0001513825322447815
site_b2eaf44be71ff0ae,155,0.05140482599949865,0.022531792157311596,0.046203619752335896,0.07791314997229684,0.06836640166144405,0.046203619752336576,0.8774693576854835,0.8081686184453383,0.40958070108600353,3.492427784383297,0.6672478235803785,0.9409211354838709,0.7244645558007545
site_b30a47c3dfe5fc92,477,0.07177893183434346,0.042829825107156605,0.057600530696945,0.06429340664426855,0.0624118020408014,0.05760053069694539,0.9707340969832576,0.5870227461279802,2.457606581368238,20.4298265761137,1.1235863874275667,1.9717472997903562,1.8580261572085468
site_b33e3bea3571d4bd,118,0.08838482731371369,-0.06506792652596861,0.059816742111938354,0.08425870736789311,0.03767528585241994,0.05981674211193837,0.4471381893852333,0.7782264308727974,0.9218015685144488,-7.678015330064296,0.2915139433745358,0.8377445125423729,0.1674924053592634
site_b4081a628b4563f6,155,0.11308926986105455,-0.08859949821849022,0.07028023814087547,0.07336472668625012,0.06509011231292819,0.07028023814087549,0.8872126327314085,0.4899981190469147,1.9823233584444955,-13.732922223865986,0.36268403263777016,0.8342693838709678,0.6566920217409888
site_b419a77ce9d11fde,169,0.08589170765246579,0.06627352690202949,0.0546370302580825,0.07070852911122187,0.04619308257223275,0.054637030258082586,0.6532886930736851,0.6350246212329579,1.246778139944174,11.200226046442985,0.35053066480428685,0.8449486390532543,0.36061234830174416
site_b42936ae6e6a0d03,186,0.07250041425618277,-0.05250086245902123,0.049999695082840696,0.07487274362083088,0.0501252343108478,0.049999695082840974,0.6694723859017516,0.7485313959499816,0.9776736725211683,-9.765160417377949,0.5225202529595423,1.042702559139785,0.4673322753374352
site_b436f4a91f17ee10,151,0.1654782745151646,-0.11777963406787013,0.11623690091943599,0.12606925764110985,0.05910548868006148,0.11335376851989294,0.4688334792001488,0.43869962470573864,4.134841959813942,-17.78472474424839,0.49360689558540954,2.399912116049261,0.5275122776084402
site_b491b5d705afd5f5,391,0.06378717815854312,0.04087319816119225,0.048971274942619485,0.04204957950480631,0.047774085105869106,0.04897127494262106,1.1361370474681793,0.4112601097397384,1.5909024020950207,15.981420481026172,0.32303336435933705,0.6913533503836315,0.8924040142118044
site_b4a169fed07d4305,259,0.05802341465213458,-0.03366553833470842,0.047258313305997536,0.061761847544239926,0.07431047068225416,0.04725831330599755,1.2031775867622105,0.7738471803555996,0.8719796118044284,-8.71937442868948,0.9198674676695904,0.9879621853281854,1.4302099277317022
site_b4d57a535cfd4a12,156,0.09741054654210553,0.06393304344018301,0.07349408502803054,0.05214215258565391,0.10481644030885277,0.07349408502803398,2.0102054693018436,0.7596862389068326,1.4802550741105465,9.97355477666855,0.6477049566918076,0.4241334358974359,1.71389184080701
site_b5639796f8098e20,328,0.06029636278337786,0.0251517968352248,0.05479998613927098,0.08939263547860543,0.05400601762415349,0.05479998613927105,0.6041439245526987,0.8186702610264535,1.1924936476887464,8.249789361953734,1.2963633767969724,2.621062195121951,0.9566611801954839
site_b582b14f96e98786,39,0.0753280109222353,-0.05170404898050503,0.054781388705672084,0.06014136316583706,0.023713511376672117,0.05478138870567212,0.3942962069430184,0.41310625771810344,0.22129805995051563,-2.016457910239696,0.022977115916327027,0.141062358974359,0.021930894250650756
site_b61ae4423402851d,358,0.07445160240385892,0.036360272131319156,0.0649690057722812,0.07382807372468785,0.04839642359926334,0.06496900577228121,0.6555287326029713,0.499833732362022,1.9844087139798205,13.016977423012257,0.6393569571144837,1.9513092402234635,0.8385125465573615
site_b67b52a6713d2819,119,0.07267591170770335,-0.0036997556289704906,0.07258167779014063,0.11061508376292459,0.06691248338694383,0.0725816777901412,0.6049128302461334,0.7731426683541588,0.6285327889629612,-0.4402709198474884,0.6809701956642714,1.4560479139495799,0.5327963715279561
site_b69cf9ad02aa761c,62,0.07538919634686578,-0.03776666868309821,0.06524729620763889,0.09497987628473452,0.04413446958135142,0.06524729620764033,0.4646717947814895,0.8005725709369164,0.35237891740122934,-2.3415334583520893,0.20806637789837773,0.5593129677419355,0.1207667871240885
site_b708e7aad1210ce8,162,0.11245080757703509,-0.06776721808056772,0.08973732934709026,0.11452000377685578,0.06997694670395084,0.08973732934709028,0.6110456199451595,0.6213572534700951,2.0485198282058343,-10.978289329051972,0.8066641005935492,2.124602664938272,0.7932772373412273
site_b72a5ec99205d5b7,153,0.06837462319519284,-0.056438921512341964,0.0385971143430219,0.061489892484022216,0.04726886096750456,0.03859711434302193,0.7687257052821663,0.7785181197131499,0.7152886318539444,-8.63515499138832,0.3462095367328989,0.5784940522875817,0.34185481822628727
site_b756906d27dccd10,62,0.15576565863427125,-0.13153822145538946,0.08343043033642611,0.07280918320657881,0.056260495566013466,0.08343043033642625,0.7727115329173195,0.1837989036952616,1.5043023054056361,-8.155369730234147,0.046679298247060456,0.3286729838709677,0.19624508840267207
site_b7a18627a594b786,48,0.08966032893463619,-0.06982019732818008,0.05625046337339058,0.07420451114875962,0.032408544442085255,0.056250463373391096,0.43674628321605735,0.705344244474798,0.38587078006402364,-3.3513694717526437,0.08142020635103497,0.2643028547916667,0.05041506013702152
site_b7a3262e8a713a7b,102,0.03824584226916715,-0.01637201718430893,0.03456445434539226,0.07305809270471093,0.06128285321756992,0.03456445434539375,0.8388236121255638,0.8820643187036902,0.14919993398955728,-1.6699457527995105,0.40281694670101886,0.5444234607843139,0.38306998604559445
site_b812626cb80e0341,68,0.1012945498001161,-0.06580460847300643,0.07700869641100629,0.11366791593258296,0.042853559942266785,0.07700869641100691,0.3770066477481953,0.9060098297606085,0.6977198357061576,-4.474713376164437,0.3001004352348254,0.8785868676470588,0.12487707678133075
site_b843de06c1a6a47d,69,0.13178633910030996,-0.09993825724470443,0.08590683274544096,0.07980383758425219,0.04642032276964591,0.08590683274544098,0.581680332360434,0.1543405053908364,1.19836710296887,-6.895739749884605,0.03945126566662305,0.4394370220289855,0.14868439925662935
site_b87223f545f36d24,58,0.0841172224049357,-0.0541322518126718,0.0643848306576239,0.04813199869581796,0.052044777042550554,0.0643848306576254,1.0812926629425959,0.17563572324507673,0.41039101209704215,-3.139670605134964,0.02551830921450566,0.13436797931034486,0.15710221140971026
site_b87cd5aaea8e51ba,65,0.06181086737391054,-0.018889241312100336,0.05885388592241297,0.07075796900360265,0.04797798999404632,0.058853885922413,0.6780577604142866,0.5662733229668924,0.24833791615848527,-1.2278006852865218,0.12495592892949398,0.3254348615384616,0.14962268905147258
site_b881d34c09ab42e7,66,0.1228051582918405,-0.09666826678695102,0.07573871598786755,0.06640967428998663,0.06089865191177228,0.07573871598786759,0.9170147657380499,0.29455793614259407,0.9953530556035439,-6.380105607938767,0.07862373896792078,0.2910761593939393,0.24477062310829956
site_b904064dea358149,1211,0.11437173895263963,0.0946283397965447,0.06423684284272088,0.06765767789582397,0.06729043894106415,0.06423684284272135,0.9945721022922887,0.5468377379286257,15.840963446642453,114.59491949361563,3.014901102791447,5.543426829066887,5.483411842358992
site_b9048e7e348a00c2,124,0.050696831290690865,0.04144759092061749,0.029193593643022393,0.04441798252471714,0.05957185260439572,0.029193593643022615,1.3411652042333522,0.8823485150416606,0.31870091916167975,5.139501274156569,0.2895088068385038,0.24464668927419353,0.44005189721726135
site_b9661fa344baf0d4,144,0.1133746585206793,0.10885950482967827,0.03167682753872129,0.03914794666895138,0.050033999393807906,0.031676827538722876,1.2780746795461013,0.7741097524954899,1.8509491000340117,15.67576869547367,0.218342982298798,0.22068888888888885,0.360489757728898
site_b969a6c48312ad74,9,0.1253952749138747,-0.12163706570466361,0.030469644196898106,0.02736668696710574,0.03861112117718171,0.03046964419689972,1.4108803606220794,,0.14151577473653593,-1.0947335913419725,0.0059010975748300535,0.006740419999999998,0.013417368107031091
site_b9eaf91685021861,238,0.05090499864948274,-0.001881641256208179,0.050870210474174116,0.0647945061807904,0.04477381189879737,0.050870210474174254,0.6910124721665282,0.6230822185243884,0.6167338952259138,-0.4478306189775466,0.43021402998747565,0.9992020714285714,0.4771172272038354
site_bb41a05397abcbe3,238,0.09961950626937396,0.09225795191250931,0.037583458306320885,0.03927229290354515,0.046282983011250965,0.03758345830632097,1.1785149169905724,0.6249621999923722,2.3619229549862135,21.957392555177215,0.27035742899897597,0.3670704915966386,0.5098232549078994
site_bb59973d2df99f1c,65,0.046347963652397295,0.0006167859334212079,0.04634385946202878,0.08388345535825427,0.0701890667815806,0.046343859462029555,0.8367450587462462,0.8335329119529313,0.13962869275705614,0.04009108567237851,0.31899354073187475,0.4573682153846154,0.3202228312184967
site_bbd4ea535f73b619,96,0.0510568300966733,-0.04220424278452992,0.028733287151055626,0.033865973005424876,0.02212473621332137,0.028733287151055626,0.6533028361469868,0.5410600321527088,0.2502527903539742,-4.051607307314873,0.0389187019011937,0.11010279625,0.04699237944086918
site_bbfd063296f373c3,52,0.07583089503778931,-0.048107303188397336,0.05861750610672408,0.060392120430228076,0.03423977293634539,0.0586175061067266,0.5669576211668724,0.33454634906659325,0.2990168813960754,-2.5015797657966616,0.03597251420410781,0.18965482692307692,0.060962826638089496
site_bc37e7bebe33d230,276,0.05451027418016448,0.006172243065376213,0.054159702794038866,0.04322011711482802,0.08083597200975566,0.0541597027940391,1.870332090840687,0.7827083884049856,0.8200981175702908,1.7035390860438349,0.7547440092671068,0.5155620724637682,1.803509406330312
site_bc93eecd419d5cf1,153,0.03783751262787692,0.01033415335845324,0.03639893729532107,0.04305533038598709,0.06335725136420256,0.036398937295321364,1.4715309532225302,0.8327054599089863,0.21904663636530608,1.5811254638433456,0.3475410406216054,0.28362550562091504,0.6141636189652924
site_bcf274618f28d9ed,84,0.09633325258587284,0.021351976429422694,0.09393715269439964,0.08133476478471574,0.06552770238657836,0.09393715269440006,0.8056542926019773,0.19560601991199542,0.7795280265169804,1.7935660200715062,0.08757147362535553,0.555688892857143,0.360685901525375
site_bd11119142bc591a,41,0.09029846771450815,0.046694470364872995,0.0772880308258146,0.10489694100970975,0.06365700894472336,0.07728803082581585,0.6068528627429751,0.6800632441016072,0.33430634413511096,1.9144732849597927,0.18618393789704255,0.4511380975609756,0.16614080629933214
site_bd599065e701bf2f,260,0.06188404932019822,-0.04365417059705808,0.043862842472275725,0.06182782975767772,0.05084673380864838,0.04386284247227856,0.8223923435115282,0.7131819671917337,0.9957052456688286,-11.3500843552351,0.5829358498345201,0.9938969384615384,0.672201488141962
site_bdd9f4c5442812d1,142,0.0444154642354188,-0.024233113076905132,0.03722216670009546,0.05363880748875492,0.0595985901080981,0.03722216670009662,1.1111095286857862,0.7888557581700993,0.2801281517811828,-3.4411020569205286,0.35809729816657027,0.408551276971831,0.5043828558879786
site_bdfe6061d850b13b,146,0.04688059032428759,-0.0018526392019774835,0.04684396948531351,0.07322054408813285,0.04078016957945578,0.04684396948531356,0.556949829959884,0.8087742543530921,0.3208773033764384,-0.27048532348871257,0.35258363661557846,0.7827422191780822,0.24280124571565892
site_be8516cfd6e0790e,150,0.11979568693290288,-0.09106634807626407,0.07783268500944056,0.08362365029636586,0.06427502867199596,0.07783268500944078,0.7686226138682354,0.4712883534954969,2.152650991158912,-13.65995221143961,0.37997005079219737,1.0489372333333333,0.6196918966178855
site_bef664d28695b721,15,0.025372592789943194,0.015519038844108579,0.02007306399729066,0.10624619627178293,0.10740355128619702,0.020073063997290683,1.0108931430491264,0.9824037889820575,0.00965652697326416,0.2327855826616287,0.16815636864652236,0.16932381333333335,0.1730328424333013
site_bf2aa2626c0e2039,210,0.056319588379837714,-0.021117963624057313,0.05221041704149991,0.06079515819425051,0.057430279934845375,0.0522104170415003,0.9446521999555655,0.6112532585890749,0.6660981674076139,-4.434772361052036,0.4481778698891826,0.7761707645714285,0.6926297812128877
site_bfacedeb5df79c6e,50,0.07171293126875153,0.01086329042005539,0.07088535414601675,0.08558305916476695,0.03055362373822349,0.07088535414601745,0.35700551062799457,0.6182424569865465,0.2571372255578341,0.5431645210027695,0.08083126267826557,0.3662230008,0.04667619617684671
site_c0555c6b321e4775,2,0.06153527358438454,-0.03573933603167534,0.0500928114116192,0.02560000000000001,0.02449281141161947,0.05009281141161934,0.9567504457663851,,0.007573179790210108,-0.07147867206335068,-0.001254031944274903,0.0013107200000000011,0.0011997956216903138
site_c0951b8580287e99,50,0.1117149372853924,0.10645171289086341,0.0338859858242363,0.031165853108811252,0.042578365152517866,0.03388598582423631,1.3661864157500008,0.616419950325222,0.6240113606339579,5.322585644543171,0.04089918859452009,0.04856552,0.09064585895305738
site_c0aaae0aecb597e5,655,0.12775553492484268,-0.12062255062256153,0.04209129346124065,0.03983966157125624,0.028899071099351702,0.04209129346124078,0.7253844525677893,0.28257684783534975,10.690567241075914,-79.0077706577778,0.2130970316633241,1.0396151053435116,0.547027383315527
site_c0baac71bcc40ff4,11,0.021408547635470235,0.01143156449794769,0.01810097359230879,0.07213076509179196,0.08109490721704454,0.01810097359230879,1.124276265666183,0.9788621220089878,0.00504158503046218,0.1257472094774246,0.06298372302353382,0.05723132000000001,0.0723402237419517
site_c0e5aee02ccea819,55,0.060289387323654804,-0.027611271675066516,0.05359503615398853,0.06727519405796753,0.043932840656507446,0.05359503615398873,0.6530317938384956,0.606244076777343,0.1999145623123918,-1.5186199421286584,0.09854950389184736,0.24892734545454548,0.10615519684825403
site_c1458c9cb325529c,104,0.2031621170516271,0.1989827722872679,0.04099636737288214,0.017171163645680672,0.04500611283505062,0.04099636737288265,2.6210287062503017,0.4138786551744663,4.2925839637094985,20.694208317875862,0.03326423961617625,0.03066428153846154,0.2106572200222161
site_c1eaac8764a60481,45,0.060905447359574164,0.024808248350355357,0.05562395465855471,0.06595597484143458,0.031454183241182085,0.055623954658555005,0.4768966468436166,0.5411986227740627,0.16692630831314367,1.116371175765991,0.050524468397928596,0.19575857777777778,0.0445214539516437
site_c204fd32b9271e1b,91,0.10669507496254586,0.02901173029627118,0.10267501412943512,0.13493713515257091,0.049432538782173525,0.10267501412943518,0.36633754471132846,0.7577972721315112,1.0359293509349585,2.6400674569606775,0.4599798752255328,1.6569307703296705,0.22236540603104915
site_c29be1fac6229539,472,0.0612761668843805,-0.03555732745753001,0.049904359450056376,0.11395275257323767,0.07637389877281398,0.04990435945005639,0.6702242556512912,0.9380516570108175,1.7722507924360362,-16.783058559954164,3.853350685195082,6.1290284745762715,2.7531629792947365
site_c2fa2fe516862278,53,0.07454678720408563,-0.06432526558210265,0.03767603602083404,0.04345334673907901,0.027375931449540612,0.037676036020834754,0.6300074333496744,0.5120107658260721,0.2945328445699149,-3.4092390758514406,0.03228100879580345,0.10007424716981132,0.03972040600468718
site_c33eaf01c8613ed2,878,0.06767885682426612,0.060788756167508465,0.029751550962037493,0.020196042709814937,0.03929257742808482,0.02975155096203763,1.9455582458730534,0.6720596384797055,4.021615486392693,53.37252791507243,0.4682514468726424,0.35811876391799546,1.3555500307471116
site_c3aa24263a4277b0,258,0.07268636445909414,-0.026814414206170298,0.0675595646008779,0.09840480401585196,0.06479628178638923,0.06755956460087796,0.6584666514446921,0.730660364517864,1.3630933551963078,-6.9181188651919365,1.2019921774806153,2.498344406976744,1.083227998402018
site_c3aefe4e5e9b8037,305,0.0676152979270966,-0.017451466963721105,0.06532438147111831,0.09016047111083199,0.043758128707291975,0.06532438147111841,0.4853360698781311,0.732070773843889,1.3944076966998604,-5.322697423934937,0.8809024585568026,2.479317718032787,0.5840060175289987
site_c3d5b5decd374619,53,0.043489013099763454,0.004699935780381254,0.04323430193783275,0.031450866369180014,0.04060136883288525,0.04323430193783296,1.2909459585721361,0.3008827088827249,0.10023859580074405,0.24909659636020645,0.020363216984243884,0.05242532075471698,0.08736897100851126
site_c3fac8d15831ac8c,148,0.0552156179249168,0.042392311157809726,0.03537875658541202,0.054643480170353635,0.05244088397331643,0.035378756585412084,0.9596915095786266,0.7824494526788834,0.45121714049889816,6.274062051355839,0.3318381866430612,0.44191466891891895,0.4070068541616197
site_c3fba37c42f73863,128,0.022548056841509005,0.015364358344906943,0.01650307122862922,0.01969198355444656,0.016720054092353873,0.01650307122862923,0.8490792228281335,0.5998205456234922,0.0650771030179739,1.9666378681480887,0.025278916171687888,0.0496350996875,0.03578370673295865
site_c438c579f3fbc2ec,83,0.07921075729694395,0.04782366805234587,0.06314460266384128,0.08455079810219648,0.04247563948979113,0.06314460266384131,0.5023682856127609,0.6913525059421941,0.5207705579390948,3.9693644483447073,0.2060797274147441,0.5933535091566267,0.1497469358555364
site_c45005d41e05ffcd,278,0.07770974915067234,0.044905650063384366,0.06342150822430266,0.09478918420125944,0.04625242052485155,0.0634215082243028,0.4879504018796798,0.8099471768162942,1.678787821430797,12.483770717620853,0.9871763515298744,2.4978270647482015,0.5947216204253429
site_c4ae57110fb255d4,1016,0.1063442888489195,0.08311435465021864,0.0663408759503528,0.03309788869498283,0.07023876617952719,0.06634087595035318,2.122152467996377,0.3501106101717003,11.490053495114942,84.44418432462214,0.8269440858228293,1.1129977598425196,5.01242002281305
site_c4f8e2def8cc0f30,94,0.10237275625259419,0.08382455243011738,0.058767555952613564,0.07413675607400827,0.05957048889791923,0.058767555952614035,0.803521654473956,0.6330182056378058,0.985137034938788,7.879507928431034,0.2627899774553136,0.5166483085106383,0.3335724558684891
site_c56fc9c5f1ff5d0d,122,0.048314062620499296,-0.025375872260234397,0.04111342547063907,0.05707869031375326,0.045181337619972166,0.04111342547064012,0.7915622690642852,0.6997223989486459,0.2847783349214983,-3.0958564157485964,0.22015000059113637,0.39747318032786877,0.2490450988338493
site_c59fe04d734e33bd,568,0.06749652492588477,0.020392762185045533,0.06434218000297132,0.07799892408405983,0.04384192896856885,0.0643421800029716,0.562083765685283,0.565271440643398,2.587683538176092,11.583088921105862,1.0979527376636113,3.455616665897887,1.091761169869101
site_c5ee40e68c26cb53,124,0.174230699279688,0.17033339586950122,0.03664520191038492,0.023903501968279766,0.03552747875734156,0.036645201910384936,1.4862876077524936,0.2889132866192555,3.764185734864645,21.121341087818152,0.030423916469177893,0.07085079838709678,0.1565130166098161
site_c6112b3d07cf93a0,216,0.14779194496189155,-0.12057392719608766,0.08546570701826163,0.11398090644317443,0.05161010743027703,0.08546570701826167,0.4527960782274304,0.7097975588458717,4.717971143053657,-26.043968274354935,0.9018932198156362,2.8061957592592597,0.5753382888163832
site_c62b54e06aa4fffe,37,0.04278749840551564,0.02658198766611718,0.03352861392184888,0.03362320757535222,0.04397287362940277,0.03352861392184891,1.3078131683557002,0.656054740153503,0.06773849073267414,0.9835335436463356,0.035889366400201586,0.04182924324324325,0.07154370376341473
site_c6d377978f89caf6,53,0.04602827551785401,0.0006552608271814745,0.04602361111859694,0.08859817651313413,0.06973275495520022,0.04602361111859705,0.7870676090592311,0.8573799735070532,0.11228591379881638,0.03472882384061815,0.28074421218951356,0.41603075471698114,0.257720827023026
site_c6dbad6563643f29,50,0.13980499817952624,-0.12865324383330343,0.05471544907195688,0.03219481877569743,0.05830787851043394,0.05471544907195722,1.8110950993905952,0.3842227214016441,0.9772718757988669,-6.432662191665171,0.036063367131039505,0.05182531779999999,0.1699904348193762
site_c7184b24616d8b68,11,0.04031569546708655,0.031570909879424354,0.025072553726737307,0.08969228294471443,0.10549311410396242,0.025072553726737345,1.176167119851186,0.9799741090819308,0.017878908310943492,0.3472800086736679,0.10199678386043419,0.08849176181818182,0.12241676835686799
site_c79eeb4ffddf3d41,568,0.07097445070015339,0.0573966150707762,0.041749266228350054,0.037862885422486836,0.046226539039877675,0.041749266228350866,1.2208931919494876,0.5220593439019865,2.8612276664430705,32.60127736020088,0.5190070956785389,0.8142837165492959,1.2137551737918302
site_c7e77fa91cd0e5b5,45,0.07622989618605686,-0.036442132837904824,0.06695497014233898,0.06847696197253246,0.03847728675937184,0.06695497014233914,0.5619011949567198,0.32006660090658906,0.26149486826416524,-1.639895977705717,0.03794912753825387,0.21100924444444452,0.06662257183633193
site_c83832e8d67694ad,46,0.05383111142747655,-0.033939661595484484,0.0417838237635259,0.04370764641784688,0.023226184887878226,0.0417838237635259,0.531398663424586,0.3467063271770757,0.1332982736458002,-1.5612244333922862,0.016190300105236793,0.08787648434782606,0.024814960564511532
site_c8f87af663a64c0b,62,0.07831672448436976,0.06807400950135722,0.038722584680904316,0.018646476680913814,0.02832139775662519,0.03872258468090437,1.5188605462186027,-0.3310449594235068,0.3802775787055622,4.220588589084148,-0.010839022926938151,0.021556847741935482,0.04973029739511642
site_c8f923241d7b6cf3,153,0.057255893796838,-0.003977835695727977,0.057117547195696214,0.08825432910147732,0.054884590052022036,0.05711754719569867,0.6218911934497194,0.7781830868772078,0.5015703182946433,-0.6086088614463805,0.57671289339983,1.1916904705882354,0.460884688452313
site_c90d703c921023d7,384,0.09929165319212627,-0.07649803581538922,0.06329994399691766,0.07920925509474842,0.04027691017728138,0.06329994399691766,0.508487425227052,0.609573979764908,3.785791639152184,-29.37524575310946,0.746774913807516,2.4092567395833333,0.6229361254766563
site_c91d0d6c46ea62b9,342,0.059526492687828184,-0.033556218952811946,0.04916689436302649,0.059308350639052314,0.033215788955019525,0.049166894363026535,0.5600524816002584,0.5592423992746619,1.2118439394462093,-11.476226881861685,0.3767789359112319,1.2029783157894736,0.37732471347930374
site_c9aed1d9afe08cac,128,0.07475263372612873,-0.001712169626727698,0.07473302298289605,0.10018987832485875,0.047010704795233046,0.07473302298289629,0.46921610826598764,0.7073246174252995,0.7152583998710731,-0.21915771222114536,0.4264315750356763,1.2848655,0.2828808147641021
site_c9e5c8b8112d21fb,124,0.03192093058045246,-0.023148507962111504,0.021979362780802477,0.04699091275175974,0.05624307389843993,0.021979362780802928,1.196892560813978,0.9248008077739635,0.12634928033113604,-2.8704149873018263,0.30307688498140106,0.27381008927419354,0.3922471368316265
site_ca4c08bc8824e7df,72,0.11087633673576751,0.10257352691971594,0.04209790521146651,0.02617135116713656,0.05702036442380063,0.04209790521146653,2.1787321586743778,0.7250646603484662,0.8851364674519182,7.385293938219548,0.07790500647874754,0.049315652777777774,0.23409518104965804
site_caaaa1aabb1e21d9,11,0.11397183221494196,-0.08501394204226408,0.0759092102242241,0.13489371083612645,0.06422866930065296,0.07590921022422441,0.47614280089514455,0.9556407987939526,0.1428853639227397,-0.9351533624649049,0.09107684842524205,0.20015944545454548,0.04537854156145904
site_caab4140fe1f5c75,199,0.05628159649005195,-0.030684455805687447,0.047181376361630674,0.0745912890863636,0.04013300214941694,0.04718137636163107,0.5380387259824666,0.8265101674485755,0.6303560025903365,-6.106206705331802,0.4923693813744128,1.1072082211055276,0.32052091444349584
site_cadb6c34bf67432d,262,0.06298772655153642,-0.0028167465058446845,0.0629247140259925,0.08020170337813158,0.03285446236603091,0.06292471402599258,0.4096479374151205,0.6740476403981686,1.039472868386355,-0.7379875845313073,0.46533941657889555,1.6852660648854962,0.28280691270856656
site_cb6d0d529a35bf72,121,0.10651238975960639,0.049794788991518256,0.09415608403917654,0.08029625390703674,0.05051177499631748,0.09415608403917661,0.6290676406248997,0.016464833377311743,1.3727315898485788,6.025169467973709,0.008080358412960353,0.7801460953719007,0.30872416900671107
site_cb73c7416c77fcc5,47,0.0535992549373339,-0.020411832010492358,0.04956044031092491,0.04779927284365394,0.023688600619332992,0.049560440310924915,0.49558495788870566,0.17207620241941657,0.13502536610235366,-0.9593561044931409,0.00915755143698226,0.10738421276595744,0.02637404056720638
site_cb8aadebec9e1fcf,153,0.03316451043518805,0.009510856368261227,0.031771502381033254,0.045301158013228364,0.06507396393150268,0.03177150238103495,1.4364746241696618,0.8951017552844087,0.1682823671180716,1.4551610243439677,0.40372013116956634,0.31398582235294115,0.6478969796090521
site_cbe94aaae2e082ea,54,0.044147650071018646,0.0071885155805835,0.04355846933193155,0.04945340773937663,0.02539656259679638,0.04355846933193157,0.513545249108783,0.47505391997513324,0.10524681036682808,0.388179841351509,0.032218686312188716,0.13206453499999996,0.03482921115358184
site_cc2f4e33aba4f988,24,0.15071512738075368,-0.13345634839733442,0.07003179773393012,0.061927302249402794,0.025514992169826483,0.07003179773393102,0.41201523791669026,-0.13241371516847153,0.5451611909135233,-3.202952361536026,-0.005021365254372356,0.09203977833333332,0.01562435581023136
site_cc39c5b4f811532d,154,0.04878499704021393,0.03668335175398108,0.03216065360510223,0.04908372963373881,0.04608182473112754,0.03216065360510313,0.9388411409440279,0.7733518741861103,0.366516294176907,5.649236170113086,0.26937983726506887,0.3710187272727273,0.32702432386475505
site_cc701381aa01ffc3,51,0.07142698299816716,-0.029835394308847542,0.06489732773124059,0.08519605361131434,0.030446674146554498,0.0648973277312409,0.3573718835083586,0.7659602301569096,0.2601925089112435,-1.5216051097512246,0.10132946145724432,0.3701767450980393,0.04727699829590998
site_cc73ca175d85bc6f,40,0.07255567262669646,-0.04561017547920346,0.05642727641016015,0.07918143721858047,0.03515582194162222,0.0564272764101603,0.44399070257558637,0.7762352506393343,0.210573025212494,-1.8244070191681383,0.08643188586644829,0.250788,0.049437272655641865
site_ccee683800437b50,18,0.1826109342635143,-0.1616964169608222,0.08485883604331058,0.07771759576413839,0.02300888415568919,0.08485883604331058,0.2960575906840686,-0.17659946410884617,0.6002415596266837,-2.9105355052947997,-0.005684297518597708,0.10872044444444441,0.009529357501618652
site_cd09f5e742102c10,336,0.0855840342134873,0.0674550885263653,0.05267293369611746,0.09010750539408285,0.062640139196191,0.052672933696117565,0.6951711616278352,0.821061510512577,2.461074642517803,22.66490974485874,1.5571435526148196,2.728105809523809,1.3183924449421098
site_cd9b47f2c6e7c758,40,0.09979177357990725,0.07117265147268773,0.06994892248327202,0.05713072181409929,0.05349045254088773,0.06994892248327224,0.9362817559866157,0.20162255139763727,0.398335922968939,2.846906058907509,0.02464592262916267,0.130556775,0.11444914052115851
site_cdb6242d14e183d0,160,0.08276001626465586,-0.030985073404014112,0.07674076829348245,0.1102085494641863,0.05549175620808008,0.07674076829348295,0.5035158930760888,0.7632949482939653,1.0958752467401764,-4.957611744642258,0.7468891091026366,1.9433478999999998,0.492693601129119
site_cdbb0d22e7b06f01,175,0.12872145887609554,-0.09299049962479727,0.08900551081096571,0.08999552269316693,0.0657321596647459,0.08900551081096574,0.7303936651254844,0.38017529189864074,2.8996124456583128,-16.273337434339524,0.3935688718751159,1.417358968342857,0.7561254424835384
site_cdd0193742d73d25,11,0.09851965566265293,0.08577995747219433,0.04845535520410757,0.05671488938264758,0.019526479151634222,0.04845535520410757,0.34429193751735543,0.5643367775222402,0.10676734807076471,0.9435795321941376,0.00687467339783907,0.035382365454545456,0.004194117268651265
site_ce2a9736239174ff,54,0.11175660467617021,0.09828369969791838,0.05319636324444739,0.062441031166324074,0.05611688264399636,0.05319636324444739,0.8987180640005434,0.6019033421460572,0.6744350891922727,5.307319783687593,0.11388961336568551,0.21053964814814813,0.17005164395472327
site_ce840bd031a93a0e,69,0.0374324098050332,-0.01463537066958953,0.034452739066374166,0.07901782346484096,0.059878351558799774,0.03445273906637444,0.7577828511746175,0.9132749339044369,0.09668178596302426,-1.0098405762016776,0.29815735525637865,0.4308233333333332,0.24739377199254614
site_cec4a302b657dde7,101,0.05016133292837854,-0.0029532895377366855,0.05007431878775714,0.0984110503445555,0.07505362129268293,0.050074318787757574,0.7626544075071465,0.867191996101882,0.25413209143631493,-0.29828224331140524,0.6469223465988098,0.9781582178217822,0.5689376529836925
site_cedd671db129d181,93,0.07087224251312892,-0.023516023131467965,0.06685709696748746,0.0607916632045953,0.07828116298977585,0.06685709696748934,1.2876956948244591,0.5624997921329152,0.4671273525720975,-2.186990151226521,0.24894683513710258,0.343693247311828,0.5698984645499623
site_cf410c13c4f583ea,45,0.02755200606930779,-0.01644601181745529,0.02210524222313101,0.06510923774324326,0.0622816034302856,0.02210524222313105,0.9565709197194355,0.9407357029014064,0.0341600867299428,-0.7400705317854881,0.17166530771123037,0.19076457777777778,0.1745549156631313
site_cf467e53e3fb79b4,253,0.06415755924883033,0.012657759546762399,0.0628965303655418,0.07252174968612889,0.05899249682974716,0.0628965303655418,0.8134455812920156,0.5590553997601067,1.0413966794180953,3.2024131653308867,0.6051184839568001,1.3306292569169962,0.8804690145985553
site_cf53fcd25709e5dc,34,0.06486271531916386,0.025113151052418875,0.05980385842730624,0.06480489750384943,0.031046525903140998,0.05980385842730641,0.4790768460253613,0.3944050981820688,0.14304384251154645,0.8538471357822417,0.02698002048187396,0.14278894117647065,0.03277215020224977
site_cf6b1b2134e1588b,836,0.05215185394088586,0.026287633335547584,0.04504193826965376,0.04415691325293052,0.04133929694968264,0.04504193826965376,0.9361908227799215,0.4464720592607739,2.2737660668781676,21.97646146851778,0.6813375995236328,1.6300603779904308,1.428671726837818
site_cfa28b3d4c2af861,102,0.1108655976185311,-0.04298520023028056,0.10219321551099532,0.10268213657996172,0.041687513313179395,0.10219321551099637,0.4059860332251272,0.21469333239503846,1.2537004350020329,-4.384490423488617,0.09373884876165904,1.0754493596078434,0.17726057415612395
site_d04beb93196a3a21,622,0.039592154933926677,0.018969416908033408,0.034751977706042436,0.05554434597774493,0.042950384346946306,0.03475197770604273,0.7732629413650011,0.7801245694810455,0.975009091498098,11.79897731679678,1.1576072885921747,1.918978458199357,1.1474254906723553
site_d0ce78b41de4999b,52,0.0686086657740781,-0.023103433852929338,0.06460170557734891,0.08190731971972125,0.043991132965887005,0.06460170557734957,0.537084269347603,0.6203726770667716,0.24477174900355617,-1.2013785603523255,0.11623685943449918,0.3488580692307692,0.10063142854036222
site_d122c9eee96eec44,13,0.03798508217294165,-0.017387653415019695,0.03377182222510777,0.022781701366661872,0.030908499976250635,0.03377182222510795,1.3567248327414783,0.2370277335660018,0.018757264079906685,-0.22603949439525603,0.0021697345249927957,0.006747076923076924,0.01241935982016451
site_d132cef849713e59,125,0.05032116661544095,0.011841322572231293,0.04890810658039559,0.07024353066297281,0.057088288700880584,0.04890810658039559,0.8127195225249876,0.7233296017167709,0.3165274761923711,1.4801653215289117,0.36257646359473467,0.6167692000000001,0.40738408834938616
site_d15ecf104b47687d,115,0.08932227311231458,0.07362332696862842,0.05057740800022622,0.05843127318654265,0.046439564649729925,0.050577408000227926,0.794772424374033,0.5551404529454356,0.9175238745043555,8.466682601392268,0.17323442743452996,0.39263457391304346,0.24801281395849123
site_d1bc13bbd7c8604f,141,0.0517995682733964,-0.02267423210279316,0.04657332360760738,0.05890450722807299,0.043073325736216625,0.04657332360760868,0.731239895946172,0.621937901175426,0.37833053353674595,-3.1970667264938353,0.2224964412380406,0.48923347702127656,0.26159890598692925
site_d1da6ed45ac274f5,50,0.08597563917183089,-0.042433531844615936,0.07477436663855354,0.10882830514163123,0.06353775707079837,0.07477436663855444,0.5838348487381947,0.7440258523334221,0.36959052655024316,-2.1216765922307967,0.2572360166847706,0.5921799999999999,0.2018523286793894
site_d2a88afeebc07d80,46,0.08681137735798933,0.05937317167157713,0.06333278554152384,0.051980006516974646,0.0523677956523982,0.06333278554152419,1.0074603518046292,0.26326673691358116,0.34666590098439615,2.731165896892548,0.03296510361458944,0.12428836956521742,0.12614975698860142
site_d2c6c5fd07d735c9,451,0.052132737638131775,-0.0040852385718648035,0.051972426915213706,0.059102753639767254,0.048416958453998286,0.04551531959798251,0.8191997068207828,0.6579754661050501,1.225737872474473,-1.8424425959110264,0.84916377953518,1.5754041049991625,1.0572350415372245
site_d355ed29576c96c4,250,0.054131341708882785,0.02999383592391014,0.0450618681567175,0.06243067502438204,0.07292245742987043,0.045061868156717685,1.1680549249450027,0.7890770982048156,0.7325505388009583,7.498458980977535,0.898087752479732,0.9743972959999999,1.329421199402816
site_d3c0f0b2faa9bb95,81,0.03938698561799603,0.020073634594384535,0.03388781241454448,0.053459110804130454,0.031181885186214404,0.03388781241454473,0.583284770681318,0.8044012242563416,0.12565810552185033,1.6259644021451474,0.10861300779039293,0.2314879987654321,0.07875710706506685
site_d4253e2faeb3b528,43,0.10269604645286148,-0.09751178952774335,0.03221690332954682,0.062157952638881506,0.043958999810097626,0.03221690332954697,0.7072144101252149,0.8706765834670832,0.4534985521530762,-4.193006949692964,0.10229863142894884,0.16613527627906977,0.08309292756507902
site_d46dadf54503ff71,88,0.054323568406552204,-0.023801361917094754,0.04883180577567072,0.05799199770244737,0.06647978436601977,0.04883180577567075,1.1463613429411865,0.7000874859606933,0.2596924074290794,-2.0945198487043384,0.23751588394865392,0.29595031818181816,0.3889214321830189
site_d47f3d91f6768d70,53,0.0251953455938318,0.011489789399335969,0.022422983279473015,0.023595725819878736,0.03357094097822193,0.022422983279473025,1.4227551733093693,0.7454427330579008,0.03364468829840883,0.6089588381648063,0.03129586866343359,0.02950818867924528,0.05973142814265281
site_d55e4a9082082245,5,0.07168828602038024,0.06831029906749726,0.021746572002247347,0.08287425173116195,0.06351792006345525,0.021746572002247548,0.7664373280799297,,0.02569605176269922,0.3415514953374863,0.026074385938346385,0.034340708,0.020172630845937456
site_d583e7eb857a6d07,415,0.06486179458233518,-0.016157705965674066,0.06281704334309174,0.08165805495321894,0.05102790775510496,0.06281704334309174,0.624897418685007,0.6390819857846218,1.745926744523034,-6.705447975754738,1.1051251576545007,2.767235744578313,1.080596658493353
site_d5dd2bb3b8af01ea,43,0.09560095279863168,-0.03695099990451059,0.08817122989991157,0.10177320782100992,0.03281630467034343,0.08817122989991195,0.3224454193097457,0.5480129539992543,0.3930003135682667,-1.5888929958939553,0.07870139285714128,0.4453847906976744,0.04630712364532258
site_d5fa35b8748ecd00,221,0.13315977501629764,-0.11586309705605873,0.06562978304831825,0.060033626254582965,0.050115799965486686,0.0656074895660984,0.8347954820014033,0.3010149255705457,3.9186671758084124,-25.60574444938898,0.20014721353203607,0.7964920181617647,0.5550621427659292
site_d65f83745aba7368,108,0.040568179694413,0.012280153873893949,0.038664906886628735,0.03172314651309605,0.037976327256732216,0.03866490688662972,1.1971172922917563,0.39576732764546757,0.1777439380015638,1.3262566183805464,0.051493559330701835,0.10868666666666667,0.15575775464632557
site_d68e520b86217ecc,289,0.11439409024266434,0.10897322100772165,0.03479719795686262,0.04461660394612093,0.05802641074072253,0.03479719795686263,1.300556420896474,0.8008796041534246,3.781856278027134,31.493260871231556,0.5992213719428668,0.5752953494809689,0.9730815952573504
site_d6e0f79187805dc4,57,0.04809761498458381,-0.026596140077239587,0.04007525296485489,0.089119622819205,0.05959648786214494,0.04007525296485491,0.6687246419685484,0.9308623175320703,0.13186269233069986,-1.5159799844026565,0.2818086451471767,0.4527115087719298,0.202449257833659
site_d735284ea202b77e,489,0.16217140752694756,-0.13948395693577628,0.08272720941026485,0.07610930634956983,0.04156951912170165,0.08011043520747378,0.5461818155426744,0.17430939038148682,12.860487490023669,-68.2076549415946,0.2696760681514313,2.832594364863196,0.8450041858846549
site_d74ec077de336965,56,0.0499354779187024,-0.023441722856036247,0.04409124158503594,0.033292132275187354,0.02382006573832505,0.04409124158503594,0.7154863359736846,-0.16914814106035722,0.13963890947827604,-1.3127364799380299,-0.007511727476492523,0.0620685,0.0317741497795751
site_d7943e43ff597b33,72,0.08666349513332608,-0.06979711488700575,0.05137045982054426,0.07444795778401095,0.040573978139932215,0.05137045982054445,0.5449978662631121,0.7531197361120563,0.5407604199881303,-5.025392271864415,0.16379359121287448,0.3990598861111111,0.11852983455117821
site_d830d9e3fbd26651,704,0.08478824244780735,0.07701416782848537,0.03546637860106454,0.06944315061280372,0.07807366383647418,0.03546637860106464,1.124281705935145,0.8908661160958117,5.061088424401264,54.2179741512537,3.4003144175648607,3.3949352215909094,4.291229877334947
site_d8459840bc683e6d,9,0.056323406191174714,0.05118808697329627,0.023496932501718498,0.04536999606799494,0.04520570883276213,0.023496932501720597,0.996378945349993,,0.028550934764784524,0.4606927827596664,0.015974490677813688,0.018525928888888887,0.01839200499965221
site_d8c17cfcfd29e789,109,0.07422775886459307,-0.002864145804982668,0.0741724804416569,0.10371761736159257,0.06650464106610149,0.07417248044165693,0.641208723820228,0.7015853465341375,0.6005638602805592,-0.3121918927431108,0.5274866745897662,1.1725505124770643,0.48209253388307816
site_d8f779aeecdbd8d2,131,0.14420864463842634,-0.11759139863088841,0.08347691990294935,0.09065674437343546,0.054198894364730216,0.0834769199029496,0.5978473497953204,0.42614971914747535,2.7242934476872023,-15.404473220646382,0.2742988887744323,1.0766425343511452,0.3848151396970532
site_d93f1ce9d07f856a,55,0.07726686992025003,-0.04502150334011425,0.06279517038967983,0.10731925031234286,0.06281032131519808,0.06279517038967984,0.5852661207788387,0.8544533810100808,0.3283593053000062,-2.4761826837062837,0.31678142449395225,0.6334581818181818,0.21698250550451348
site_da42d7233341c5fa,34,0.0986058726788068,0.030311082970745414,0.09383153188502065,0.1138287907280751,0.06972868866713644,0.09383153188502069,0.6125751509889169,0.5678831405246811,0.330586016309468,1.030576821005344,0.15325036318139995,0.44053778235294117,0.165311060790107
site_da8bcad340f647ba,6,0.09417983926468813,0.08956618656516076,0.02911598097432595,0.06655862077897948,0.08543875295560927,0.029115980974328094,1.2836617098681302,,0.05321905274353496,0.5373971193909646,0.03264627047553658,0.02658029999999999,0.04379868303965778
site_da99bb912bf39167,787,0.07679055656210275,0.030204019155708323,0.0706010396804403,0.08023980321932427,0.042411189327156686,0.07060103968044117,0.5285555002076916,0.4778967978032001,4.640773397191475,23.77056307554245,1.279909195464639,5.067041278271919,1.4155839673732722
site_daa49998006715f8,95,0.08414263510744775,0.039095046747358225,0.07450879386117436,0.07487550960800315,0.07420820150417641,0.07450879386117455,0.9910877654480043,0.5004734957929649,0.6725983890683843,3.714029440999031,0.26417784047754184,0.5326024842105264,0.5231514311960228
site_dabd51f8216ca183,414,0.05277532815399815,-0.010579880964640834,0.0517039783820957,0.06775277996840244,0.03652232798632721,0.05170397838209572,0.5390528330108368,0.656906925709011,1.1530873983695464,-4.3800707193613055,0.6729607786714382,1.9004418260869567,0.552226502797916
site_dad0353659cda19f,170,0.057739012196212434,0.030205582206389484,0.04920788893020524,0.07133913570920959,0.052527094703621754,0.04920788893020524,0.7363012486965231,0.7241269834783127,0.5667448999970426,5.134948975086212,0.4612908884456929,0.8651762882352941,0.46904626526055226
site_daf47f9c44bf482f,99,0.053027408346855084,-0.02743607085280948,0.04537805694544153,0.052974494924817705,0.048494717467976164,0.04537805694544153,0.915435202106234,0.6031309830387974,0.27837869756242756,-2.7161710144281384,0.1533939007933844,0.27782341414141415,0.23282202460758442
site_dafe0965d62ae39c,205,0.0523395416638331,0.04271621951097396,0.030244870842349614,0.05842314617955921,0.04422448421253936,0.030244870842349815,0.7569685493591647,0.8619923051278408,0.561582662423925,8.75682499974966,0.4565674721140687,0.6997191219512195,0.4009400257923544
site_db96cd85e659d65b,81,0.08406943160139424,-0.026142907139695724,0.07990129996481128,0.06763450176041677,0.05563374143208902,0.0799012999648123,0.8225645193508142,0.17079499453532848,0.5724812157123018,-2.1175754783153535,0.05205551176084044,0.37052849209876537,0.2507041680443356
site_dbd5f7c9c3a46705,3,0.060261350838604025,0.040216400531927744,0.04487840831790811,0.05837128289378834,0.02134040305300648,0.044878408317908174,0.36559763628695996,,0.010894291214679967,0.12064920159578324,0.0027728219039738176,0.01022162,0.0013662384073943046
site_dc096381800c2a0d,61,0.02025737463211912,0.005080135575669709,0.019610034408915202,0.028580942169699603,0.028112189068873035,0.019610034408916573,0.9835991025752985,0.7608296782961069,0.025032034846147418,0.3098882701158523,0.03728966539100301,0.0498290855737705,0.04820800562888794
site_dc3fa845eee493af,75,0.06622673053652547,0.008385610319773359,0.06569369358715085,0.08920098255562485,0.04568989310512966,0.06569369358715398,0.5122128904425227,0.7028098483994304,0.3289484878168166,0.628920773983002,0.214827009139657,0.5967611466666667,0.15656747489686307
site_dd81667799d2704b,215,0.04857308692274706,0.029595252658045565,0.038515786287069205,0.0658336481338303,0.06327905020247002,0.03851578628706943,0.9611961663408483,0.8227342097861049,0.5072591262390194,6.362979321479797,0.736895474991133,0.9318248837209301,0.860911211823245
site_ddb8d9051d38fd31,29,0.04275193833051156,0.023190713442605114,0.035915442932516334,0.04800322026455042,0.049765617701155486,0.03591544293251696,1.036714150152684,0.73066941705382,0.053004118699460034,0.6725306898355483,0.05061959888863152,0.06682496551724137,0.07182188445014925
site_ddd5a78c36a9e7a3,382,0.04731501596437648,-0.016447877694955048,0.04436415281554469,0.07588470319358175,0.047381736905242014,0.04436415281554514,0.6243911475066495,0.8392792096068963,0.855187501040915,-6.283089279472828,1.1527497711358543,2.199742484293194,0.8576010750041929
site_de08b55dd68ab719,250,0.10732290891944314,-0.09021780153250694,0.058128780011043386,0.10030286408672485,0.05643165028256535,0.058128780011043615,0.5626125514598752,0.8715365853794348,2.8795516947327724,-22.554450383126735,1.2332800790051817,2.5151661359999995,0.7961327884034395
site_de0c25f31478d5ae,20,0.03641517288361895,0.02682433799028397,0.02462762082554597,0.04058414838332819,0.04011189389943746,0.024627620825546377,0.9883635729046187,0.8137803132685645,0.026521296322877145,0.5364867598056794,0.026495174246728422,0.032941462000000005,0.03217928064399456
site_de2dd333b47cf663,29,0.10022151104322441,-0.058805439303661215,0.08115584750398808,0.10077300518059006,0.03693520430072408,0.08115584750398815,0.36651883343693503,0.662686928536372,0.2912861869978274,-1.7053577398061752,0.07153047643370669,0.2945007586206897,0.03956207018535057
site_df32de3b824705c1,130,0.10796421133361343,0.10024574964046479,0.040088160445577885,0.03443732322305598,0.06146716848360023,0.040088160445578884,1.7848997172476986,0.7929746152353956,1.5153152207555884,13.031947453260422,0.21821029257625343,0.15417080000000002,0.49116766418086866
site_df4d1a2cf99eda94,136,0.05186117341765105,0.010774596124887468,0.05072957112573726,0.07668485253944575,0.07193361445850838,0.05072957112573737,0.9380420262464038,0.7687804544890336,0.36578305792277194,1.4653450729846955,0.576743503579322,0.7997570588235294,0.7037245049128842
site_df5a72d9e6b0c9b0,180,0.06371296383006556,-0.042034649200903045,0.04787932775810729,0.0787738306094663,0.047191493976022285,0.047879327758109116,0.5990757794930853,0.8258235640382072,0.7306815168020236,-7.566236856162548,0.5525931119408458,1.11695695,0.40086667866401055
site_df8e2a9486152870,479,0.03698395007924882,0.008206846769020303,0.03606189442575348,0.05472766722265866,0.03583183804296293,0.03606189442575348,0.6547298626338603,0.7594565831551658,0.6551822178994327,3.9310796023607253,0.7133694184494821,1.4346613110647182,0.614997975800283
site_dfda0bf114384539,49,0.07887249929344138,0.015688428952985882,0.077296470435467,0.07796440841558305,0.04724288870929743,0.07729647043546709,0.6059545588734924,0.31705509757159106,0.30482268609490165,0.7687330186963082,0.05722208169954164,0.29784400000000005,0.10936263614635405
site_dffc4a16666e5428,8,0.05335976177715993,0.05077724812626838,0.016399245398451463,0.050504325309818764,0.06373195414451405,0.016399245398451886,1.2619108116691073,,0.022778113415322064,0.40621798501014705,0.02537405441775918,0.020405495000000003,0.03249409583262752
site_e06c7a98fed0bd3d,30,0.029394856006961977,-0.024830871038635564,0.01573166879681485,0.02199618653817571,0.014969537916386272,0.015731668796814872,0.6805515078900489,0.6991679189338148,0.02592172679010086,-0.7449261311590669,0.006906508267795047,0.014514966666666667,0.006722611962903788
site_e0819506e4cfd43e,250,0.06165095902838789,-0.029878370034694672,0.05392702247658238,0.07722653688985412,0.05427275685928666,0.05392702247658326,0.7027734124177322,0.715929496099203,0.9502101872799904,-7.469592508673668,0.7501682979896664,1.4909845000000002,0.7363830342768118
site_e08b0590bf66e62a,111,0.06211943324831103,-0.060090406344441676,0.015746969627558616,0.026312745231973116,0.021500470223534733,0.015746969627558633,0.8171123930242407,0.8013128874698258,0.42832946256714205,-6.670035104233026,0.05031983696086382,0.07685202234234235,0.051311994401474506
site_e0a3f27c6c9560a4,56,0.17249621116806402,0.1159756204098463,0.12768946055915725,0.13244723915852033,0.04964162118143841,0.12768946055915792,0.3748029894532155,0.28152259446809924,1.6662768005708908,6.494634742951392,0.10365497453771533,0.982367185,0.13800027099720036
site_e0ceb845349c800e,31,0.04812290889950761,-0.016200621266518875,0.045313951841889986,0.05864159469618785,0.046824092823016014,0.045313951841890014,0.7984791864137339,0.6515271741876205,0.07179024518945958,-0.5022192592620851,0.05545866001805952,0.10660393548387098,0.06796736572965101
site_e0f23347bc3a360e,5,0.1699235682319423,-0.15965713326931,0.058168882032417726,0.04735145193127663,0.012159599528700148,0.058168882032417726,0.256794650063697,,0.14437009520337774,-0.79828566634655,-0.0024840074405074117,0.011210800000000003,0.0007392793034918244
site_e112cf24dd2b666b,2,0.13605391562965335,0.13525661051273347,0.014707728266716,0.011499999999999996,0.003207728266750614,0.014707728266723548,0.27893289276092303,,0.03702133591632167,0.27051322102546693,-7.377775013446805e-05,0.00026449999999999987,2.05790412666218e-05
site_e1c83eb53198657c,16,0.07918262170985717,0.02242038594782353,0.07594217454614387,0.08943485735963076,0.035252151348239634,0.07594217454614406,0.39416567979177886,0.5509588026501707,0.10031820129354149,0.35872617516517646,0.02779275208655745,0.127977499375,0.0198834267948671
site_e1d83ae86567245b,279,0.09097896031487791,0.05784817220169156,0.07021937192042926,0.09997047893539995,0.07993558117279127,0.07021937192042932,0.7995918597573685,0.7166030127565194,2.3093307703733403,16.139640044271946,1.5976981876332272,2.7883529677419356,1.782725501343501
site_e217e123676f78e8,634,0.11202962731715847,0.1040538018905214,0.04151437954431628,0.044256155423150145,0.05819054122434329,0.04151437954431639,1.314857575583806,0.7030864840269184,7.9571041095847805,65.97011039859056,1.147952946982937,1.2417570236593058,2.146812181780586
site_e236e8f6fb4c7e9a,128,0.023227819481305888,0.006691491669602693,0.02224310088750602,0.02586381683905867,0.016900681617303834,0.022243100887506088,0.6534488595581527,0.5259637976746431,0.06906004452558506,0.8565109337091447,0.029428129505412653,0.08562393874999999,0.03656102900857239
site_e285e97bc06024be,13,0.06605178833543798,0.05475573753026815,0.0369411416962969,0.07495386904761556,0.05399391922834466,0.03694114169629692,0.720362002847968,0.8856787372408079,0.05671690365002353,0.7118245878934859,0.04659705601861844,0.07303507230769231,0.03789946307728109
site_e3489f2db8b7f610,188,0.06197796420876195,-0.04585825729084777,0.04169278457609883,0.06212729524813025,0.042706129101730356,0.04169278457609929,0.6873972049027133,0.7434987498893161,0.7221583929229645,-8.62135237067938,0.3708606432473406,0.7256425531914894,0.34287693101648814
site_e35bffa822780b41,151,0.11142746569756488,-0.03511094229142397,0.10575113164023492,0.09416377956573939,0.05327993545523039,0.10497539479762372,0.5658219721101317,0.06834063292076534,1.874828096879082,-5.301752286005019,0.05177302204327923,1.338889424697879,0.428651479839141
site_e4206af93f2d6f2c,175,0.09626324801516044,-0.05162358291196823,0.0812503452654783,0.08711951206549892,0.05884413429615653,0.08125034526547836,0.6754415044463958,0.43410192090507405,1.6216572607249504,-9.03412700959444,0.3894470053105865,1.3282166419428574,0.6059606246862184
site_e44008751f3e2871,30,0.017037832420494694,-0.009021337061325711,0.014453484397016911,0.016486704744530768,0.02572386781316211,0.01445348439701717,1.5602795229104618,0.8543061763497423,0.008708632007665803,-0.2706401118397713,0.010869383960813283,0.008154343,0.01985152125807113
site_e443401d44fc1f23,274,0.10011580700385368,0.07663786842418413,0.0644190339529422,0.08025707237598909,0.050125644922760476,0.06441903395294221,0.62456358597198,0.5970719151091852,2.7463498984970087,20.998775948226452,0.6581433433504218,1.7648881605839415,0.6884469964248097
site_e473611ef37db918,1,0.08293409156799317,-0.08293409156799317,0.0,0.0,0.0,0.0,,,0.006878063544208275,-0.08293409156799317,0.0,0.0,0.0
site_e4827c2c7a3df4be,641,0.023967854915437056,0.01899462545587566,0.014617191010534152,0.024064894785190544,0.025087909764734552,0.014617191010534384,1.042510677427668,0.8239172078920108,0.3682276223876092,12.1755549172163,0.3188526634433119,0.3712153822152886,0.40344746168897994
site_e4a78bd8d0c42b04,2,0.06491170859167324,0.050924129009246824,0.040252490568161006,0.0793,0.03904750943183899,0.040252490568161006,0.4924023887999873,,0.00842705982458061,0.10184825801849365,0.006192934995889663,0.012576979999999998,0.0030494159856591097
site_e4ad3110c632fc3e,37,0.11085582476071289,-0.08283271489916619,0.07367330063063096,0.09002233307843846,0.022056629466098505,0.07367330063063102,0.24501286194038177,0.7964286015909194,0.45469351368498173,-3.064810451269149,0.05851106241385679,0.2998487567567567,0.0180003114259763
site_e526161d153fbae1,108,0.07229424636609416,-0.016086879463107495,0.07048170235444777,0.08910861105679899,0.05747523525154272,0.07048170235444783,0.6450020325746887,0.6127140319029134,0.564457470225284,-1.7373829820156095,0.3389081507051984,0.8575572129629627,0.3567674880597793
site_e580905782041227,176,0.10565425817209026,-0.10147073098786853,0.029436593258770977,0.05287503761013062,0.06631872034352054,0.029436593258770977,1.254253866115722,0.9022158968546906,1.9646567195014675,-17.85884865386486,0.5568137737881392,0.49205545,0.7740783895683669
site_e5a46bf8593cb776,159,0.11461471400556826,0.03551954404677985,0.10897199024192901,0.13154045689507898,0.05410391708976451,0.10897199024192931,0.41131008943445874,0.5870031209079731,2.0887086939859345,5.647607503437996,0.664240863493141,2.7511597962264154,0.46543018126852176
site_e60e5a5f7ff91a10,8,0.14249650796111563,-0.12189952169358728,0.07379540224151455,0.05858643054283132,0.06521428321815798,0.07379540224151476,1.1131294843177237,,0.1624420382488983,-0.9751961735486983,0.008958044749684634,0.027458958749999995,0.034023221885264965
site_e60f7e42ba2fd8cd,702,0.07664970584377573,-0.05854022433572685,0.04947948605897319,0.07753782631007897,0.05600826099988248,0.049479486058973225,0.7223346805712827,0.7714934856480792,4.124374538968018,-41.09523748368025,2.3519879142304445,4.220504385242165,2.202121560762132
site_e621c0e748219561,130,0.1098509843648938,-0.10045915588965781,0.04444318579797772,0.06501725078322125,0.05188731383978523,0.04444318579797902,0.7980545657457357,0.7328051212113773,1.5687410395716985,-13.059690265655515,0.32138206574779293,0.5495415769230769,0.3499981338760878
site_e692ba92ac3619b9,78,0.07646081216168708,-0.05535896662626511,0.05274126098698116,0.05932681468080804,0.0491461806150498,0.05274126098698118,0.8283974266858518,0.540760737027439,0.456007952121134,-4.317999396848679,0.12298171855012574,0.2745343333333334,0.18839707138567352
site_e6f2aca5e6ecbaba,167,0.0787775719578339,-0.07019653380759461,0.03575405550382955,0.037831817415747426,0.038072344155880455,0.03575405550383003,1.0063577897273555,0.5562543110851844,1.0363862758764735,-11.7228211458683,0.1338001756798632,0.23901815029940116,0.24206706605047534
site_e6f4ed93ce9ba081,116,0.11529067167160861,-0.07822130973277422,0.08469572408439552,0.10986853293969592,0.05939157021866248,0.08469572408439553,0.5405694299318716,0.6455743840934871,1.541864921040916,-9.07367192900181,0.48865507298039984,1.4002469655172414,0.40917359911244466
site_e722a68e19572b18,15,0.01170461566381138,0.004912434839010239,0.010623841668154565,0.01038992246789594,0.010792760391818725,0.010623841668154567,1.0387719855626951,0.4974682974395609,0.0020549704175630806,0.07368652258515358,0.0008367611548056204,0.0016192573333333332,0.001747255153128166
site_e755ae9494167172,176,0.12893207390586217,0.07603642422407865,0.10412464584757372,0.13551439769330695,0.06040053468174174,0.1041246458475741,0.4457130438526454,0.6823604644262955,2.92573242397334,13.382410663437843,0.9829982535240832,3.2320907488636363,0.6420875278118905
site_e7895d956d62a46d,90,0.03569817905561156,-0.024483541994624665,0.025979148548094376,0.03150423056051166,0.013858108732954478,0.025979148548094393,0.43988088223061206,0.5836696528237252,0.11469239890978535,-2.20351877951622,0.022934140271113977,0.0893264888888889,0.017284245988895025
site_e7920aa397fb1716,99,0.055979876999010234,-0.0071284458077315125,0.055524155907051384,0.09645427835761575,0.05437508398812425,0.055524155907051384,0.5637394723593507,0.8748955215030915,0.31024091625360717,-0.7057161349654197,0.4542687113091651,0.9210393535353536,0.292708326112841
site_e7d7202b18581b5a,73,0.238418210569774,-0.2325028470934254,0.05277943941294141,0.058260075884856294,0.03229669234338715,0.05277943941294145,0.5543537637544018,0.4388915693337637,4.149556748584396,-16.972707837820053,0.06028498970962142,0.2477792602739726,0.07614457255160834
site_e7defe0b5f5d29b7,231,0.0684440047908338,0.007164875161596191,0.06806795395578173,0.10492177169239797,0.056439669790593255,0.06806795395578298,0.537921433085013,0.8072586571709914,1.0821383939075742,1.65508616232872,1.104268720795582,2.5429815584415585,0.7358357913224483
site_e7df8a81d2875ad9,50,0.06893772417462575,-0.03816394731044769,0.057410129246171816,0.11438415274853418,0.06884069388587064,0.0574101292461722,0.601837686704838,0.9224236625271639,0.23762049071883903,-1.9081973655223847,0.36317131486564874,0.65418672,0.23695205673440733
site_e7ee204eaac12eb2,47,0.06576006083842227,-0.025997010343886438,0.0604031543435677,0.09823004475756789,0.04720955828824395,0.060403154343567717,0.48060202359428134,0.887280406469708,0.20324612326923097,-1.2218594861626626,0.1933895612565127,0.4535096595744681,0.10475089250724184
site_e813e7562543b91c,20,0.12368263937174058,-0.09555483044683934,0.07852814565641938,0.10038818406565585,0.03649412962919564,0.07852814565641941,0.36353013025245845,0.7155487517936354,0.30594790563920066,-1.9110966089367867,0.052429393371567136,0.20155574999999998,0.026636429947850704
site_e84e6fd19eaae8f3,84,0.13490759146224088,-0.09110972125842456,0.09949410498293386,0.1077720028923389,0.056989640856134754,0.09949410498293561,0.5287981973673231,0.4040733937807388,1.5288048916680026,-7.653216585707663,0.2084689675312489,0.9756435870238096,0.27281680985254275
site_e894534d7e7a123f,174,0.10581194919175667,-0.07661009068687756,0.07298672890811923,0.09238506886898627,0.06210985320816927,0.07298672890811954,0.6722931959519229,0.6156800118606071,1.9481333349660477,-13.330155779516696,0.6147047830321494,1.4850901652873563,0.6712282926040183
site_e8fdb2dcaaa2ec50,118,0.08160541132123868,-0.031080300851393558,0.07545500683119323,0.08065588476573,0.04963910312461582,0.07545500683119333,0.6154430426099182,0.4091173020628186,0.785814292515209,-3.6674755004644397,0.19328130077734842,0.7676338661864407,0.29075678596391685
site_e908f29f409c402b,51,0.03168693832558816,-0.0281700406240482,0.014508992786858165,0.02258828295201944,0.022203614510069494,0.01450899278685817,0.9829704434477363,0.7902836649533238,0.051207165082931015,-1.436672071826458,0.020214363884750536,0.026021756862745098,0.025143025362900195
site_e9578e4592e63187,8,0.028706805344048132,-0.006409643284976483,0.02798208616276539,0.018289341158171882,0.036657917056785456,0.02798208616276553,2.0043322905815164,,0.006592645384488564,-0.051277146279811864,0.003581222947686911,0.002676,0.010750423063537295
site_e98d1003be09654d,174,0.08309247562498008,0.07504642452453744,0.03567062757467007,0.03720863645046457,0.04528916649724707,0.035670627574670336,1.2171681313165026,0.641841959385029,1.201358553954896,13.058077867269516,0.18819818745442163,0.24089997701149427,0.3568928967506737
site_e99ab7a415991029,162,0.06502444002077573,0.039925840713727616,0.05132353303619609,0.04860985967426981,0.04944158592438037,0.05132353303619622,1.017110237628413,0.4521366302578844,0.6849648036025047,6.467986195623874,0.1760359904691577,0.38279279012345674,0.39600420783229767
site_ea33c67804056e7d,182,0.0899507414510239,-0.015963318872255286,0.08852292549487759,0.09435775635973616,0.053311979762486396,0.0885229254948776,0.5649983829547203,0.3885621389722396,1.472586731541189,-2.905324034750462,0.35574129802733656,1.620416285714286,0.5172744278876282
site_ea99257f5d54ddf2,142,0.10034435563223282,-0.08257636330413147,0.0570099458929063,0.08630036744962383,0.06242261264657042,0.05700994589290634,0.723318040134747,0.7512586050082354,1.429796538429218,-11.725843589186669,0.5746883463204746,1.057580985915493,0.5533147248865757
site_eafced833314a87c,939,0.05070910611957598,-0.010430754743635468,0.04962471963572736,0.05705850238702884,0.07330289921058528,0.04962471963572799,1.2846972167858597,0.7371543134918921,2.4145572233961863,-9.794478704273704,2.895113028885299,3.0570766602768904,5.0455428156839135
site_eb3bc9a7aee9d6f6,324,0.035246358952602565,-0.007013714222628396,0.034541476983751096,0.048606134861892365,0.035866618754228335,0.03454147698375112,0.7379031238780536,0.7043549403227474,0.40250708549068903,-2.2724434081316,0.397848842886449,0.7654682561728396,0.4167982464390171
site_eb828ca3e955ad1d,72,0.07635567070401254,0.056323220754663145,0.0515546627617821,0.035015998878643116,0.061184314822495735,0.05155466276178216,1.7473245596832925,0.5395176071182771,0.4197735683034911,4.055271894335746,0.0832232629903075,0.08828065277777777,0.26953346738147554
site_eba5cbc1dd84d08d,137,0.04785094780573504,-0.03771730505558696,0.029446869192682842,0.04200977355463329,0.03257647402916503,0.029446869192682988,0.7754498839847268,0.7157056124658573,0.31369070920928355,-5.1672707926154136,0.1341866795887912,0.24178048715328468,0.14538805244368236
site_ebf4f84d79acafd6,8,0.09362407407026649,0.08960061061382293,0.027151387131136146,0.05560539542166749,0.0806959431731988,0.027151387131136146,1.451225057591343,,0.07012373796411797,0.7168048849105835,0.035466389685869217,0.024735679999999996,0.05209468195689704
site_ec20e4065643efdb,232,0.0659119278641758,-0.005167159043766299,0.06570907625426445,0.08330052171121309,0.05787753358745026,0.06570907625426464,0.6948039747950264,0.6192511730301746,1.0078966784671768,-1.1987808981537813,0.6926479606832024,1.609842644827586,0.7771556634466124
site_ec919d9a24ddf81b,54,0.12633674161573308,0.12080752221743264,0.036966401742190444,0.04855266327516042,0.05650747608732171,0.036966401742190444,1.1638388561113389,0.7624942970920331,0.8618925032323473,6.523606199741363,0.11296640989184382,0.1272975,0.1724271221029987
site_ecbc4520bb039c64,117,0.19570450524574154,0.018307327976593603,0.19484633718866237,0.17172270627834763,0.06740937133518841,0.19484633718866246,0.39254780451644916,-0.16985483542925064,4.481129644697216,2.1419573732614516,-0.23004445934766887,3.450176478632479,0.5316507312252227
site_ed130293b294c5a2,39,0.05704645349803952,-0.025578977705576492,0.05099033002679633,0.054385126389359315,0.01858989241064824,0.05099033002679733,0.34181942094898643,0.3478253321083504,0.12691761641145544,-0.9975801305174832,0.013714590161694927,0.11535193692307688,0.013477779893739605
site_ed8668d708cd9f42,70,0.07815243148543263,-0.06159049151795251,0.04810835584035545,0.09594681881551013,0.07466441830792339,0.048108355840355506,0.7781854492903066,0.8700780420727572,0.42754617829596697,-4.311334406256676,0.4363153725145118,0.644405442857143,0.3902342752882396
site_ed9138fe753e1f02,20,0.0461082879719224,-0.01489992809474468,0.04363446301346176,0.04288317239897253,0.014683464359344563,0.0436344630134618,0.342406205929307,0.11958914429296068,0.04251948439403448,-0.2979985618948936,0.0015060423811897629,0.03677932949999999,0.004312082511842841
site_eda005e51a299a0e,329,0.21305424556662525,-0.2095674604447417,0.038387381738085126,0.07235669123153658,0.054571664961749256,0.0383873817380859,0.7542034334754689,0.8534573573621278,14.934004701254107,-68.94769448632002,1.1087244573317037,1.722476462006079,0.9797839168934483
site_edb67bacc6a2f615,2,0.05829937329853735,0.05667107238769531,0.013682341957092281,0.07665,0.06296765804290771,0.013682341957092281,0.8214958648781177,,0.006797633854004419,0.11334214477539062,0.009652941977977753,0.011750444999999998,0.007929851918817121
site_edc41c47fa42988f,103,0.021545360158514947,-0.0012679130735327904,0.02150802038305915,0.021369083293466096,0.0192881829549307,0.02150802038305915,0.902620982381043,0.44408385096472036,0.047812862069092694,-0.1305950465738774,0.01885295425795597,0.047033685242718455,0.038319502175396564
site_ee1921e55841ea0d,206,0.06960080711488796,-0.03926275782735601,0.05746919347645512,0.08555681359390584,0.05486926216871815,0.05746919347645547,0.6413196081513075,0.7485341413565593,0.9979201043150308,-8.088128112435339,0.7238732966981032,1.5079134805825243,0.6201910017735421
site_eef5f3ba42e04423,79,0.031406801892719355,-0.019372032865089706,0.02472067045616693,0.029943061386108267,0.027888983691321218,0.024720670456167264,0.9314005449108816,0.6366269185670432,0.07792458920515309,-1.5303905963420867,0.04199919615383202,0.07083036708860758,0.061445837495447686
site_eefad9fa85f80180,151,0.06750219516153318,0.05733962223821918,0.035619012805017974,0.03970231760324784,0.05434276101711548,0.03561901280501807,1.3687553850173717,0.7556535131833976,0.6880384990954826,8.658282957971096,0.24618251967454785,0.2380173774834437,0.4459234869194622
site_ef1a0b7a4f85647e,128,0.17347666503100745,-0.12660897219902836,0.11859309199521713,0.10085710807870707,0.0739677587775829,0.11859309199521713,0.7333916288761699,0.10583292484215415,3.852051623715887,-16.20594844147563,0.10106010365393013,1.302036,0.7003173553380726
site_ef1b5625cbf889df,183,0.09422314434464313,0.0029178439278420196,0.09417795451698985,0.12119144356353147,0.05533173625979021,0.0941779545169899,0.4565647097914465,0.6620812313776214,1.624674170225036,0.5339654387950896,0.8124724120881226,2.687787976721312,0.5602729898667058
site_f005fd2353ec048d,130,0.1029666705725912,-0.07754965200222455,0.06773615521372903,0.08307237396376928,0.05346051890024075,0.0677361552137299,0.6435414849653475,0.582160808609532,1.3782775823445876,-10.081454760289192,0.3361058788048533,0.897132511076923,0.37154352054078976
site_f059546b5612f674,32,0.12251264970877365,-0.07534560907445847,0.09660428837201565,0.12720319313503886,0.038991009372478375,0.09660428837201565,0.30652539776328985,0.8436423704687468,0.48029917883726964,-2.411059490382671,0.13389700198033824,0.517780875,0.048649561980310285
site_f07b80b3214910ba,44,0.09268626617789767,-0.05417025396769697,0.0752085601715344,0.09835446468331012,0.0637572060213723,0.07520856017153445,0.6482390629308293,0.644435076601857,0.3779927332720044,-2.383491174578667,0.1778095994337716,0.42563843181818184,0.17885917806467533
site_f0ccb43d6f9d9cfd,309,0.0725870523896799,0.0682608959024778,0.024684615962441526,0.025492549272102424,0.02971741980593194,0.024684615962441526,1.16572962118202,0.6096211855460766,1.6280839739582396,21.09261683386564,0.14270621825884847,0.20080985113268607,0.27288563733589677
site_f1050af72de062ae,91,0.08361781607716125,-0.0695942511345004,0.0463527709478307,0.06255148363789058,0.033325136604570954,0.0463527709478309,0.5327633281648374,0.6895233385377852,0.636266464061771,-6.333076853239537,0.1307976424515002,0.35605461758241763,0.10106139040391166
site_f1573be180b99853,119,0.060812650457245945,-0.056333041186267585,0.022907791825958607,0.04469950703262642,0.03408731057548239,0.022907791825959714,0.7625880650227722,0.864752902358786,0.4400832362205859,-6.703631901165843,0.15679581282081845,0.23776746554621847,0.1382714243300578
site_f2457bdf17f809aa,15,0.07410424150426337,-0.06896079271237054,0.027126512444537544,0.04126600968782365,0.0319075716850506,0.027126512444537707,0.7732167933471299,0.7538284269972011,0.08237157913383285,-1.0344118906855582,0.014888467567414047,0.025543253333333335,0.015271396962549644
site_f2e692f63befa2ca,575,0.09974086179593766,-0.002477081562539805,0.0997100976768595,0.1344642444121515,0.06413902759729906,0.0997100976768596,0.47699689889829805,0.7103297591544685,5.720237719282894,-1.4243218984603878,3.522548988472094,10.396363989565216,2.365443545148077
site_f35139d0576344b1,63,0.06931650709160249,0.06475435392913365,0.024731595229597964,0.06413612224691127,0.06365016064334834,0.024731595229598172,0.9924229656153506,0.9251133594386745,0.30270102378895125,4.07952429753542,0.2379236997121147,0.25914685714285707,0.25523460584521523
site_f39ad74b903eb489,68,0.09053339925752181,0.08065795017691219,0.041116802579731326,0.07388664398366968,0.07657903998835444,0.04111680257973192,1.036439549281462,0.8512466950853869,0.5573481539162859,5.484740612030029,0.3275217983911142,0.3712280588235294,0.3987757568565833
site_f408269ff3bfc904,433,0.0481894624453658,-0.004843597017968499,0.0479454258370999,0.06692052862627104,0.0484764501846973,0.04794542583709998,0.7243883331439624,0.6981291977366261,1.0055231179048478,-2.09727750878036,0.9806496350901936,1.9391286466512703,1.0175353743465871
site_f40d91148ce5f169,100,0.11436874255072771,-0.08797805479896068,0.07307579042628073,0.08172392327831551,0.05852142951850195,0.07307579042628128,0.7160868833866904,0.49800165073574454,1.3080209272634635,-8.797805479896068,0.23817431012316048,0.6678799635999999,0.3424757712888991
site_f41236f6a73e8c51,344,0.10758754753453434,0.08645401441305878,0.06403736234701049,0.08022211993946854,0.058988232046086095,0.06403736234701056,0.7353113092822224,0.6143510585257501,3.9818276522665164,29.740180958092218,1.0000795986366047,2.213842453488372,1.1969863628534771
site_f459e887bba62073,76,0.06720824059078968,0.05350209864111324,0.040675214127353525,0.04930889935297341,0.05447960222099319,0.04067521412735353,1.1048634817623033,0.697033248494078,0.34328801785151974,4.066159496724606,0.14230701963162343,0.1847839342105263,0.22557005641998112
site_f468c03f1fedb166,24,0.09075174210084665,-0.054652175019184755,0.07245011014491957,0.08441858956348944,0.03689238259070868,0.07245011014491984,0.4370172823482522,0.5199275426110793,0.19766108866412596,-1.311652200460434,0.038862332365165154,0.17103595833333332,0.0326651494372614
site_f4812d36f8b87671,83,0.09796766608119245,-0.072107733208731,0.0663184620516376,0.06853445413576326,0.05173048304452589,0.0663184620516377,0.7548098791602024,0.4195496486035795,0.7966060785838701,-5.984941856324673,0.12345734863871909,0.3898486265060241,0.22211155870965843
site_f48c6b207c3fab2d,284,0.1437943802413647,0.13666274120899993,0.04472268947905625,0.04645192347155819,0.03802923720922092,0.04472268947905657,0.8186794941334484,0.4539645571160966,5.872217956075482,38.81221850335598,0.22775168742092564,0.6128098591549297,0.4107272986911148
site_f4ae282ac466260d,9,0.12139878304468556,0.11785422890716128,0.02912121655132328,0.022557372669005475,0.033396419498063455,0.029121216551323704,1.480510163488639,,0.1326389807225757,1.0606880601644515,0.0034924978961547223,0.004579515555555557,0.010037887517615696
site_f4e6d6d6c1cafad7,124,0.049072048500668985,-0.015111353520424135,0.04668739593115871,0.04518406323870869,0.0701063185692002,0.04668739593115906,1.5515718052806922,0.7539855622008181,0.2986001770624492,-1.8738078365325928,0.2961605171856861,0.2531583467741936,0.6094470920124468
site_f4e907a8ba8d1abb,25,0.2092281307206116,-0.2008650016336441,0.05856331448575549,0.07287956377476473,0.04037554878616684,0.0585633144857555,0.5540037109847147,0.5967530047844221,1.0944102671210334,-5.021625040841102,0.043899424402832996,0.13278577039999997,0.04075462349460346
site_f5ae0072aa9d0a04,65,0.09481484765920267,-0.04209953885298509,0.08495577770230704,0.10741916563426719,0.051143090829705765,0.0849557777023083,0.4761076901661475,0.6313548179882422,0.5843405968814577,-2.736470025444031,0.22545278340564323,0.7500270144615384,0.1700150230750097
site_f5fb4b6c3b6ce99f,102,0.05972840980757847,0.0038117356592533656,0.05960665742520724,0.06258778072467487,0.05505740425282684,0.05960665742520815,0.87968296072081,0.49269769987733375,0.36388325969048774,0.3887970372438433,0.173175316934346,0.3995574901960784,0.3091944118320379
site_f617214b073c06c0,689,0.04030301152423329,-0.0097998314858348,0.03909342707888018,0.05048433233973089,0.05481376733459518,0.03909342707888019,1.0857579925139873,0.7272455638763202,1.1191652564285897,-6.752083893740177,1.38658523641738,1.7560321223222062,2.0701343226042708
site_f645d63c8edb6a7a,176,0.10156674133846523,-0.03327475742467425,0.09596141654041893,0.11337114285856807,0.041337314097547324,0.09596141654041906,0.36461936481593155,0.5711344779329278,1.8155813185161873,-5.856357306742668,0.47108125727637246,2.262130821818182,0.30074414247667414
site_f65ec349d3fa498b,397,0.14405548461767603,0.13915220487553165,0.03726454785330902,0.026685419576828063,0.03357101765794825,0.03726454785331008,1.2580284736125795,0.25142320305331356,8.238537111428098,55.24342533558607,0.08941994609719409,0.28270831234256927,0.4474242509563386
site_f695cfa2b198ee8e,37,0.015893627254418265,0.010063480478847349,0.012301778243581108,0.0214687688296765,0.016082170954823845,0.01230177824358114,0.7490960977973408,0.8228628442926565,0.009346473330188322,0.3723487777173519,0.010511894429968418,0.0170535972972973,0.009569540236946651
site_f6a13c8718860659,32,0.030985013193070864,-0.00894788985233754,0.02966490029926294,0.03236991695135315,0.03757535338345152,0.029664900299263004,1.160810929478791,0.6493866727651912,0.03072227336239282,-0.28633247527480127,0.02527539832901675,0.03352996875,0.045181029820520364
site_f6e487124edabf8f,133,0.07959706639199468,-0.06397306468056556,0.047361798673485625,0.08439375235256907,0.07385180532701668,0.04736179867348579,0.8750861677353599,0.8289640974324112,0.8426471661021442,-8.50841760251522,0.6871614317391319,0.9472666230075188,0.7253938569579227
site_f7b6fd0b704f24d5,64,0.07999785312010155,0.026540386605262756,0.07546697544402141,0.08017830495799659,0.04302179796389406,0.07546697544402141,0.5365765463167638,0.37458111381722875,0.4095780162448219,1.6985847427368164,0.08269348170608282,0.4114278775,0.11845600640295162
site_f801eca3ddf0629c,849,0.04399457124199639,-5.9437394029821955e-05,0.04399453109152644,0.047011938799655636,0.06650810514925096,0.04399453109152665,1.414706707431903,0.7512663965594819,1.6432584316532644,-0.05046234753131884,1.9942719957331692,1.8763939088574795,3.755405514911705
site_f80bf9d30cd43152,124,0.017322564827453573,-0.0007428762849300139,0.01730662841302777,0.019698500407753276,0.01779121208004596,0.01730662841302785,0.9031759632344089,0.5778669880327539,0.03720883527296512,-0.09211665933132172,0.025112403031017996,0.04811583387096774,0.03924937618236948
site_f8577ef511842081,219,0.08255502823181556,-0.06147907121116168,0.055096792006148365,0.07858698888785544,0.06162282349903405,0.05509679200614837,0.7841351904571703,0.7162900867690895,1.492557858311934,-13.463916595244408,0.7596705626447247,1.3525253461187212,0.8316245503424896
site_f85796d856927f97,73,0.10898742855531121,-0.06493587929255341,0.08753051561371038,0.10187417131815199,0.03424858541779523,0.08753051561371084,0.3361851681800409,0.5574189812005342,0.8671129495662316,-4.740319188356399,0.1419748245766514,0.7576193150684932,0.08562648902776115
site_f863ed028d428c3e,85,0.10124940896101046,-0.058443016861466815,0.0826792392023793,0.09495401524096084,0.02759121423229988,0.08267923920237936,0.29057448663211144,0.5614121458527556,0.8713726392710854,-4.967656433224679,0.12502154951963357,0.7663825258823529,0.06470838373907672
site_f8923c8bedba827f,29,0.06641648995256376,-0.04066594788329354,0.05251124470408463,0.06536619612398584,0.06630614457843893,0.0525112447040848,1.0143797331065465,0.6819990135845799,0.1279233539909511,-1.1793124886155129,0.08572129697095733,0.12390944827586206,0.12749863945684853
site_f8bf18cf05681ba1,521,0.05262344139021743,0.021213117449846466,0.04815838693113244,0.06413669338200492,0.07005913302171698,0.04815838693113288,1.0923408945396886,0.7458300287023315,1.4427670501335668,11.052034191370009,1.7460187884030036,2.1431415431861804,2.5572149843921648
site_f9474c251f4c85b7,278,0.11274722025016934,-0.09586579873557573,0.059343780692927575,0.06737369251298479,0.03448569031072263,0.05934378069292759,0.5118569136473599,0.4749001673027768,3.533918117410974,-26.65069204849005,0.30674422312342975,1.2619016151079139,0.33061506846556504
site_f956c78502603f81,228,0.03986675456784785,0.0007482643498663322,0.039859731813394535,0.05377132362069216,0.03197240845648961,0.03985973181339483,0.5945996174843288,0.6761265862931148,0.3623736513082479,0.17060427176952375,0.26502627958612224,0.6592289956140351,0.2330695577719627
site_f9b796db02c200aa,619,0.09777497847902458,0.08613998894718429,0.046258498902933404,0.0436637165351701,0.06430202351296042,0.046258498902933404,1.4726649175904813,0.6947803947333996,5.917606831859134,53.320653158307074,1.2074900002950302,1.1801359676898222,2.5594103910461534
site_f9f0235d2e05c1c5,86,0.1228674568504964,0.038884128817014904,0.11655229074990497,0.13398621998457327,0.05116852250028461,0.11655229074990536,0.38189391794302424,0.5094963380489897,1.2982914279501392,3.344035078263282,0.30040179954734314,1.5438984145348835,0.22516672175814345
site_fa6684a460ee051b,87,0.0246389954875408,-0.006135757953134076,0.023862786362359445,0.025409193582436075,0.03772732619286163,0.02386278636235961,1.4847903799253344,0.7821369391699847,0.05281596858124986,-0.5338109419226647,0.0652302373930555,0.056169559310344834,0.12383154932464474
site_fa67fc8ac26d4830,132,0.08843599999234557,0.079421470136805,0.0388993081680733,0.06730838360274266,0.05161207146654273,0.038899308168073576,0.7668000433818122,0.8176728163300664,1.0323622444932912,10.48363405805826,0.3749505043895633,0.5980152424242424,0.3516223815809119
site_fa6f730253456586,123,0.03967537220420125,-0.023045147857724164,0.032296382456206085,0.03858576805590042,0.03714426736628794,0.03229638245620624,0.9626416484045586,0.6368443758071686,0.1936186246236543,-2.8345531865000724,0.11226835915539564,0.18312996406504067,0.16970268157592883
site_fa8f84308360a237,255,0.051713509233582367,-0.002648388464778076,0.05164564914677169,0.08446777864135166,0.05380150522699396,0.051645649146775996,0.6369470831645043,0.8100060326066079,0.6819431944992111,-0.6753390585184094,0.9386721509816015,1.8193754352941178,0.7381235009960159
site_faac0be9a66c6585,533,0.0864572151197926,0.05256829141642318,0.06863981922927903,0.0802532364799751,0.07505527186809176,0.06863981922927913,0.9352304674568438,0.6111511939182218,3.9840950746619606,28.018899324953555,1.9620931959974162,3.432830187617261,3.0025456141579574
site_fab524c655a9dd78,4,0.08217169222000624,-0.03821120612621308,0.0727467575131668,0.11416458513917528,0.04574790118783508,0.07274675751316681,0.40071884930046325,,0.027008748009197735,-0.15284482450485232,0.019668664468824863,0.05213421,0.00837148185236769
site_fadb31acf1acd232,565,0.052775191783808295,-0.03828174229754811,0.036328075568103836,0.037817834341110856,0.03262535484602196,0.036328075568103885,0.8626975979572614,0.4761120124358071,1.5736497903170268,-21.62918439811468,0.33190170685412873,0.8080565557522124,0.6013937850382995
site_fb12f9388775927e,36,0.04827731638109035,-0.027665630613764133,0.03956402608055266,0.058105241896084285,0.032522861880498896,0.03956402608055282,0.559723371234956,0.7590012986641366,0.08390517397055619,-0.9959627020955087,0.05163558337796065,0.12154388888888888,0.0380785156163283
site_fb318c5726a2f05c,229,0.043459252468387666,0.008970064408393924,0.04252345905050909,0.06367017176423491,0.057608551742604375,0.04252345905050913,0.9047965498809053,0.7585159178170959,0.4325138171504326,2.0541447495222087,0.6371228195075513,0.9283409868995633,0.7599926585585945
site_fb4c3069d7e94bed,118,0.024208380503347518,0.01023235278159885,0.02193956797997085,0.015938574997119745,0.02113241929786254,0.021939567979970855,1.3258662899086884,0.3255036104075822,0.06915339101819303,1.2074176282286644,0.012937087835131563,0.02997650440677966,0.05269633915491942
site_fb501c568fd614c3,94,0.07931437787344722,-0.04988796242855964,0.06166004980681249,0.06920450863485399,0.042844997536669316,0.06166004980681289,0.619107026143828,0.47604254562183573,0.5913324305204856,-4.689468468284606,0.1326808160951163,0.45019081744680856,0.17255521850821676
site_fb66aa74c523bf6b,430,0.0647383525699995,0.05535477247418359,0.03356938274393689,0.0497236059932219,0.03982359766825429,0.0335693827439369,0.8008992282997911,0.7402011451807772,1.8021533461953514,23.802552163898945,0.630262280276695,1.0631479069767442,0.681945140434485
site_fbbe7c46acc177a1,41,0.03979103413385618,0.020822317499939985,0.033908074132474715,0.023180152128636305,0.022618718751206277,0.03390807413247473,0.9757795645898093,-0.0961573273422181,0.06491638229511001,0.8537150174975394,-0.002067047814770443,0.02203009756097561,0.020975863955792984
site_fbcf22b1e9843130,94,0.09545718176585251,-0.002344565751070673,0.09542838446771439,0.1116111889197399,0.06874285841204868,0.09542838446771454,0.615913682825133,0.526301128713435,0.8565349137638266,-0.22038918060064325,0.379574891093088,1.1709634042553196,0.4442045747699433
site_fc3e5e33830dc393,21,0.03891351982329139,-0.011818748633066811,0.037075318013283086,0.07398777247755521,0.0626213413131031,0.03707531801328341,0.8463741942237791,0.8656026282795338,0.03179950252579153,-0.24819372129440304,0.08422095841169355,0.11495800000000002,0.0823500801448952
site_fc969b6a7d772c7d,88,0.07994167343659538,0.05299628957496449,0.059850350401060896,0.06332166402843957,0.03779207697150393,0.05985035040106153,0.5968269714853106,0.3877487285515599,0.5623790613622067,4.663673482596875,0.08165563005691565,0.3528477159090909,0.1256852152001668
site_fca46353b779e0c3,13,0.10865310075874764,0.10823586399738606,0.009512836024546846,0.011665454994842098,0.012250691456081575,0.009512836024551264,1.0501683356112763,0.6845860436338478,0.15347145195837736,1.4070662319660188,0.0012718435090321757,0.001769076923076924,0.0019510327349774315
site_fd9f51d6899fafaa,46,0.05188704824740008,0.014916677938855212,0.04969666482870348,0.06476356956877241,0.04633864655576624,0.0496966648287042,0.7155048256961692,0.6450781668967516,0.12384422568808909,0.6861671851873398,0.08905212709469641,0.19293871739130433,0.09877442757253041
site_fdbd79ba7196fbc0,8,0.10937648866606806,0.09430986504256725,0.055397343154444376,0.055083219711178834,0.05349534874872993,0.05539734315444441,0.9711732362273905,,0.0957057301833481,0.754478920340538,0.01130819121170789,0.024273288750000004,0.02289401870198593
site_fe445170e29174a0,133,0.025203623418717964,0.0061363555024441015,0.02444519941788515,0.051508748070784524,0.0651722421167689,0.0244451994178891,1.2652655045548318,0.9388019101400461,0.08448461024652895,0.8161352818250656,0.4191497989684344,0.3528691,0.5649070119560573
site_fe8014b9bedb3a60,34,0.06271782856683879,0.026755137766108796,0.05672467384882807,0.09546928345308234,0.06709844395808191,0.0567246738488294,0.7028275643344168,0.8116731020490708,0.13373988468473894,0.909674684047699,0.1767812429035411,0.3098890588235294,0.1530748401742592
