physical_site_id,n,rmse,bias,ubrmse,observed_sd,predicted_sd,within_series_ubrmse,amplitude_ratio,r,sse,sum_e,anom_xy,anom_yy,anom_pp
site_0089d624f3191d41,19,0.04902992204593711,-0.04203396448649858,0.02524042561801299,0.027497469034878458,0.020044076037372422,0.025240425618013117,0.7289425805679799,0.472453930711511,0.04567473186078273,-0.798645325243473,0.004947568670307335,0.014366105263157892,0.007633534699647379
site_008c2bef2cb4aaa3,42,0.02820849906105642,-0.010635607638529368,0.026126677351643403,0.04564469529547525,0.030780030626325273,0.026126677351643413,0.6743397108267364,0.8357071007875247,0.033420215609660076,-0.44669552081823344,0.04931314971528593,0.08750440476190477,0.03979123198501591
site_00edf1317915280d,216,0.09318429488477145,0.08644133170114622,0.03480242788807203,0.0416768380074971,0.04315430975378912,0.03480242788807286,1.0354506679711701,0.6638859001344478,1.8755955676451612,18.671327647447583,0.25790878329025924,0.37518310648148145,0.4022556012704115
site_01183702de237e95,654,0.07637970612305343,0.040684305545204635,0.06464245346324995,0.08191912268218,0.05537236234810494,0.0646424534632505,0.6759393965061369,0.6170773897407279,3.8153441178683796,26.607535826563833,1.8306095633323585,4.38882570030581,2.005228426854429
site_01e54199a3b60966,138,0.050799452250034544,0.013868887665133547,0.04886960511233385,0.06063687222785308,0.05034510291471271,0.04886960511233404,0.8302720946016585,0.6261889844843552,0.3561206401486885,1.9139064977884295,0.26380227364918246,0.5074025777536232,0.349778855474036
site_026dbe6171ec07f4,71,0.058433604157470766,-0.032471059216579924,0.04858102930347755,0.0623497612794217,0.041081772649843494,0.04858102930347756,0.6588922203845291,0.62759423938407,0.24242851273307092,-2.3054452043771745,0.11413563704514798,0.276011983943662,0.11982755512779347
site_02b6ac3cafd20e22,104,0.07868901719935807,-0.05130987086846279,0.05965952211728271,0.050130688072770435,0.06931522621698501,0.05965952211728274,1.3826905012028963,0.5408090073748996,0.6439639884912906,-5.33622657032013,0.19543825043073065,0.26136093221153844,0.49967846089322787
site_0312a18810484838,58,0.15015914257058077,-0.11862369662112202,0.09206620822794866,0.057037839204077095,0.06959783602342924,0.09206620822794914,1.220204639492275,-0.047738096745949,1.3077705496568561,-6.880174404025077,-0.010991371700475958,0.18869227586206894,0.28094380919036044
site_0322f6b7744e5e7d,83,0.027456253824269073,-0.015798036776393295,0.022455910314979774,0.048264746403469304,0.05333154129274479,0.022455910314979784,1.1049792087773465,0.9070339348976932,0.06256920754720327,-1.3112370524406434,0.193783052060026,0.19334731686746987,0.23607302362275862
site_0430e77fe9702577,394,0.06478506360708558,-0.014825867363765156,0.06306582373588858,0.06308981520330414,0.03808918728361061,0.05441005285623531,0.6037295744308315,0.5140691244261538,1.6536591598302048,-5.841391741323472,0.4867194523434578,1.568247964260504,0.5716097580428299
site_0472cafe265e9bf9,112,0.07270215787079576,0.05755561841279268,0.044417952994156656,0.05345248029673131,0.06794468425554798,0.044417952994156816,1.2711231336388122,0.7572932433069341,0.5919876210158523,6.44622926223278,0.30803882033497626,0.3200027767857143,0.5170457732816442
site_047754da87a40137,94,0.06624734498568366,-0.06378823579841471,0.017882161261380827,0.02643204199540929,0.01390109328748698,0.01788216126138084,0.525918250655826,0.7785358851549872,0.41253880745930543,-5.996094165050983,0.02688971272105391,0.06567336734042555,0.018164597091217066
site_04a0ab31c36d8277,117,0.06960381400645115,0.022781688112886545,0.06576994458696014,0.0971675470643278,0.07879305944003095,0.06576994458696069,0.8108989248011748,0.7395508765484178,0.5668288381366234,2.6654575092077257,0.6624652792356336,1.1046592676923077,0.7263765072626693
site_04a334aa2f23d43d,112,0.06354470545142453,0.007176998778113298,0.06313810481355348,0.09028436569669096,0.05574784164915385,0.06313810481355348,0.617469494512903,0.7224755813065079,0.45224811418173,0.8038238631486894,0.4072694224673589,0.9129418691964286,0.34807604703638284
site_05aa898de0a23cc1,66,0.032119439780101754,-0.0053689512971675755,0.031667535012315465,0.04924598588518144,0.05432018848524035,0.03166753501231582,1.1030378925074131,0.8173707425131361,0.06808945517798048,-0.35435078561306,0.1443095685609362,0.16006103030303032,0.19474506988675455
site_05ff70d4d3251126,56,0.09403167721671893,-0.006229645360793385,0.09382509173386383,0.1301280165895516,0.0652072454646657,0.09382509173386419,0.5011007404373319,0.7296237621104389,0.4951495539305963,-0.34886014020442957,0.3466998562650489,0.9482648392857145,0.23811115222099333
site_0616304fbe5abc7f,91,0.0598240511914017,-0.020096015814896465,0.056347735085972024,0.11940051015747982,0.11097084166664659,0.05634773508597206,0.9294000630339421,0.8828674049103483,0.3256814561865821,-1.8287374391555784,1.0645153735921933,1.2973398461538461,1.120622020718559
site_062fed1c5ac99ce7,88,0.08072749009369118,0.012095502457835456,0.07981620435174491,0.09858150901895621,0.045232859542598675,0.07981620435174643,0.4588371591461525,0.6047936286250566,0.5734896338007767,1.0644042162895202,0.2373227571323514,0.8552116249999999,0.1800490192512405
site_06fbc9bb474fb230,264,0.07107739412041493,0.05662415713071823,0.04296161989711895,0.042388523924692556,0.042266408229336,0.042961619897119455,0.9971191331037262,0.48490877041082836,1.3337269321064817,14.948777482509612,0.22935467820388802,0.4743517575757576,0.47162260585674487
site_0749a2df9169c11c,244,0.10748809787981965,-0.06101343228924469,0.08849323288312752,0.12497917536826818,0.05979507376983225,0.08849323288312766,0.4784402969025673,0.7603359739650832,2.819100649340492,-14.887277478575704,1.3864315285252742,3.811229803278689,0.8724100067020821
site_079486718438a070,226,0.07825005812784389,0.012075537537578989,0.07731269617720926,0.10253387561981735,0.0628643169351495,0.07731269617720926,0.6131077807713272,0.6584107205238894,1.383814180924474,2.7290714834928513,0.9591287453563604,2.375982216814159,0.8931344496813811
site_088275f9ba9853b1,86,0.08039606970854567,0.019022401781969293,0.07811322714512994,0.08186361730849549,0.03869745321183326,0.07811322714513123,0.47270636803166755,0.3310488857294935,0.5558634101139946,1.6359265532493592,0.09019114416213922,0.576342058139535,0.12878438811705406
site_08cce474c4f1c65e,101,0.06705406511394882,-0.019652765040350434,0.06410941018738567,0.13094279995895935,0.07924276132954963,0.06410941018738596,0.6051708177493244,0.9307495558343972,0.4541210124788746,-1.9849292690753937,0.9754284882873003,1.7317477029702968,0.6342209375363286
site_08db8db92cc27df6,416,0.045848759703137856,-0.01506041523642265,0.043304649394985364,0.06347767054392484,0.044063069241875204,0.04330464939498538,0.69415069684047,0.7321496836226428,0.8744772467874884,-6.265132738351822,0.8519006224507467,1.676236497596154,0.807686493541944
site_0902e4bb7164303d,146,0.05947800172300366,-0.02454219441601675,0.05417853248481416,0.06793365152536904,0.04151450239938767,0.054178532484815,0.6111036499176634,0.6033407626525373,0.5164943725883975,-3.5831603847384454,0.2484278721886547,0.6737872273972603,0.2516242707824396
site_097bbf563f897742,21,0.03637309977684484,-0.003976602088837395,0.036155069121816985,0.06067051643612284,0.033543338858530336,0.03615506912181709,0.5528770946567853,0.8596364816749057,0.027783050134902506,-0.08350864386558529,0.03673822029360703,0.07729914285714289,0.023628267217342014
site_0983900925777e9a,101,0.055898290482451506,0.0325826534640671,0.04542014500308255,0.06572609390238202,0.046275878719790484,0.04542014500308361,0.7040716399261538,0.7230543216462605,0.3155865067649134,3.290847999870777,0.22211853334204393,0.43631186138613853,0.21628715208016452
site_098c5f4a8213f315,52,0.07830972320780635,0.06284100397389668,0.046727090305688244,0.04125759330326376,0.02728955640980525,0.04672709030568827,0.6614432453491282,0.11701198753105617,0.3188854629419287,3.2677322066426275,0.006850686070423287,0.08851382826923078,0.038725434230285016
site_09d142dad852325f,523,0.048199164065325824,0.0164825001945915,0.04529333950959553,0.06482218046550325,0.05607150841937719,0.04529333950959555,0.865004972321427,0.7283235752683525,1.2150123748798105,8.620347601771355,1.3844967223259106,2.197601586998088,1.6443193515099022
site_0a639c884418ac75,179,0.04467100848269059,0.041507692183362706,0.016510920279373432,0.02607977763824632,0.027390074041742207,0.01651092027937345,1.0502418548835448,0.8103854422088106,0.35719432079604996,7.429876900821924,0.10361956199345976,0.12174770949720672,0.13428869192616955
site_0ad0f907a285c78b,99,0.04057570366131787,-0.025932999628059786,0.031206846330607257,0.04790816343017889,0.05644109265180556,0.03120684633060729,1.1781101301047059,0.8333838735112241,0.1629923850334974,-2.567366963177919,0.22309262935147442,0.22722402020202023,0.31537409703324026
site_0b0ed8efdae8e576,91,0.06748266697143467,0.010352124525950504,0.06668391004865246,0.09835363969989684,0.054408936377131734,0.06668391004865289,0.5531969792185413,0.7649544079934852,0.41440584108355777,0.9420433318614959,0.3725097257941634,0.8802828982417583,0.26939024454985994
site_0b38093eb399bd08,170,0.07167884904996542,0.013435620023643272,0.07040839094673308,0.07589725955043725,0.059757791256519976,0.07040839094673318,0.787351106093734,0.48220613241727595,0.873435758191714,2.284055404019356,0.3717939191303797,0.9792669812352942,0.6070689146958286
site_0b499005763b91ab,135,0.0360272953325086,0.015718286340148362,0.03241761070012565,0.04105325728377326,0.0467284879947715,0.03241761070012566,1.1382406923711128,0.7344880460256216,0.1752254112117324,2.121968655920029,0.19021635272566917,0.22752494103703705,0.2947794646874631
site_0b5d986a46425a8d,144,0.04990762666426824,0.025494446604616108,0.042904596392278956,0.04989857769070733,0.04803120703398195,0.042904596392279164,0.9625766756659849,0.616696746429981,0.35867105269343685,3.6712003110647196,0.21283635694409409,0.358541,0.3322075462763381
site_0b72a3f0c80e88c1,80,0.08777074399151626,-0.02914245793297887,0.08279142858079479,0.08590768787447081,0.034628733890276264,0.0827914285807949,0.4030923744668361,0.28990456942895537,0.6162962800659428,-2.3313966346383097,0.06899437601328827,0.5904104668749999,0.09593193686748541
site_0bcb08d77ff25c9a,123,0.07709172021887922,0.03604810296374608,0.06814446124976785,0.101546749476787,0.06591106813746116,0.06814446124976795,0.6490711763504359,0.7479651703388313,0.7310053991356319,4.433916664540768,0.6157591334480278,1.2683443065040652,0.5343450750715888
site_0bf83088dda14a95,57,0.07374943070701259,-0.06845655122660753,0.027434998155044757,0.03429183320502716,0.03319502226398049,0.027434998155044778,0.9680153891310225,0.669918239249188,0.31002177618768173,-3.9020234199166293,0.043467065811157224,0.067028,0.06280884167705114
site_0c4d512642175d8c,82,0.05646139254247216,0.020393653381161572,0.052649669985709954,0.0907497162824984,0.05743299904654855,0.05264966998571028,0.6328724914991809,0.8405626385117125,0.2614068855224807,1.672279577255249,0.35924497804445465,0.6753119024390243,0.27048104911742943
site_0cc518f8eb987b6e,366,0.08150835906223663,-0.05002616340899077,0.06435056776435967,0.060518452887148,0.0442339602400549,0.061259744447985695,0.730916904345528,0.3485973887890784,2.431562210508768,-18.30957580769062,0.34154572620285606,1.3404688291865465,0.7161314252978654
site_0cc8f0bf6d22e691,356,0.11093658507843092,0.09372157905995847,0.059356478394290674,0.0649383079578163,0.07121456560521809,0.059356478394290965,1.0966495408454253,0.6233365882340689,4.381265623555563,33.36488214534521,1.0262245867958062,1.501246247191011,1.8054591101450082
site_0ce5386aeb45589f,400,0.044528884806326476,0.035252811461687086,0.02720405973640399,0.0460423107043945,0.03722590568657444,0.027204059736404104,0.8085151487199669,0.8067839175144201,0.7931286328380373,14.101124584674835,0.5531203126087785,0.8479577500000001,0.5543072216742941
site_0d5442a09f1a2d6e,357,0.13221612448060385,0.06548252081804248,0.1148614079662319,0.12121564115778115,0.05744566502659575,0.11486140796623209,0.47391297424910056,0.3446702001158059,6.240753975443379,23.377259932041166,0.8568166097203473,5.2454837030812325,1.178101581634181
site_0d5e4db658745469,47,0.03902764367290602,0.0067734912370113615,0.03843535855330937,0.057639846275628945,0.04105728536628854,0.0384353585533099,0.7123073363165479,0.7459798508484274,0.07158837762098812,0.318354088139534,0.0829732306703291,0.15615053829787237,0.07922793203749601
site_0d7b03db25fcc113,73,0.09351438282998112,0.08082177261457052,0.04704020479877746,0.04879072462602647,0.07972118196521538,0.0470402047987775,1.6339413397990334,0.8385347899778203,0.6383806051132755,5.899989400863648,0.23809755905227706,0.17377904109589043,0.4639490803369617
site_0da833e2b1888903,55,0.10034201810346081,-0.0824760400095853,0.05715088294517018,0.0796117640295756,0.037399862562575985,0.05715088294517029,0.469778091447415,0.7507314468318441,0.5537686328391392,-4.5361822005271915,0.12294037993016568,0.34859181345454543,0.0769312345834765
site_0dbafc8a640ef8c3,279,0.098483212954871,-0.014290158558917299,0.09744092878393285,0.1067653435399822,0.06622118119445039,0.09744092878393348,0.6202497832983739,0.4447832885835577,2.7060051622621373,-3.986954237937926,0.8773641600723654,3.1802759641577065,1.2234833100219165
site_0dc29dbfcf3d5b45,16,0.05573614604569462,-0.037969037137925626,0.04080282091774813,0.09213167801440501,0.05874028881565143,0.040802820917748145,0.6375688588507771,0.9491960975890124,0.049704287616432,-0.60750459420681,0.08219037943240255,0.1358119375,0.05520674448233831
site_0e03bfb1bac21c69,145,0.07846896435795435,0.07140171033020677,0.03254495551281569,0.05988983783069082,0.042711881061633164,0.032544955512816096,0.713174097789012,0.8506470579791883,0.8928198632744369,10.353247997879981,0.31551444141618135,0.5200849379310346,0.2645241936543492
site_0e7b99291027b045,131,0.07041547846870452,0.019392554407811347,0.0676924548344693,0.09203751423507633,0.0605510702709871,0.06769245483446933,0.6578955415541909,0.6778313634239985,0.6495424886449334,2.5404246274232865,0.49485693408912834,1.109688427480916,0.4803026065360243
site_0e88bbb351409588,121,0.05377821583187916,0.024596091315766008,0.047823935325803944,0.048021335160093395,0.031172335287384483,0.04782393532580395,0.6491351226171084,0.3308870785901903,0.3499436762652816,2.976127049207687,0.05993337683071775,0.2790318842975207,0.11757745295956301
site_0e94595e2d8280b9,63,0.07921353088342528,0.044050942929207325,0.06583538487824835,0.07008050055705249,0.05338179100015921,0.06583538487824858,0.7617210290428952,0.4579756128140833,0.39531135892622044,2.7752094045400613,0.1079377193993046,0.30941042317460316,0.17952578345423476
site_0ea793c6917b8d1e,142,0.1130796001800863,-0.09656890823135914,0.058834020259468156,0.054577722511885814,0.03965356453384016,0.05883402025946917,0.7265522031485373,0.2517536294495834,1.8157534287181203,-13.712784968852997,0.07736806348018661,0.4229793468309859,0.22328153559399855
site_0ed7401c57e72edd,149,0.05480528862596359,-0.03975535315707226,0.037724415923001894,0.05783183408977834,0.06948314524147212,0.03772441592300193,1.2014688161818667,0.8398120575676583,0.4475393295449009,-5.923547620403767,0.502822622782712,0.4983336340939597,0.7193582134244789
site_0ed89141fd172a0b,19,0.045175109703319546,0.04124237190547742,0.018435218911562797,0.03126168080862911,0.04796795633007316,0.018435218911563217,1.53440106511588,0.9797414916796724,0.03877502019743216,0.783605066204071,0.027914422138897995,0.01856856105263158,0.043717571855192316
site_0f170214c09c03f1,20,0.12290287520068073,-0.04774677226305009,0.11324911686655456,0.130831361970286,0.032635313238858245,0.11324911686655457,0.24944564321106946,0.6272710345964133,0.302102334651882,-0.9549354452610017,0.05356546474143863,0.3423369055,0.021301273403967924
site_0f333b36a4874c91,102,0.09348695968817533,-0.06081107052050385,0.07100581197260424,0.13807256587995165,0.08746959610753342,0.07100581197260493,0.6335045311143461,0.8972785606976985,0.891460786437329,-6.202729193091392,1.1053300562579842,1.944531411764706,0.7803948848079327
site_0f556398a37eba54,17,0.2260673280092934,-0.22153162185304306,0.04505748897155489,0.050312791854770424,0.02599228145781294,0.045057488971555926,0.5166137775228323,0.44993446159121825,0.8688094254854447,-3.766037571501732,0.01000278646104476,0.04303340941176471,0.011485177821496828
site_0f5c2c2840148780,191,0.0731927357581475,-0.003533032889765596,0.07310741580962794,0.06924151015778757,0.04779553460953758,0.07121685396057569,0.6902728507887987,0.30321785628570397,1.0232207244425426,-0.6748092819452288,0.1916646388873015,0.9157278652258206,0.4363229075647974
site_0fabc5d0b4df5f64,317,0.11147871346458979,0.10339827806280237,0.04166892906432215,0.04014546811777349,0.02939618031307586,0.04166892906432262,0.7322415627795701,0.31331230521334463,3.939518627163275,32.77725414590835,0.11720985891719818,0.5108957794952681,0.2739309271886414
site_0ff1990da553fc4d,975,0.08430385575240432,0.062485931231303096,0.05659194724410051,0.056202421944953874,0.058218616604695635,0.05659194724410053,1.0358738038320925,0.5112229816198456,6.929461592354139,60.92378295052052,1.6309171412450074,3.079744426666667,3.304672136380429
site_1053b206858b1513,880,0.06259586909110754,-0.036241095665300434,0.05103749418074535,0.06806196826388455,0.040855994446431544,0.05103749418074554,0.6002764170443597,0.6647185272673332,3.448053687998544,-31.89216418546438,1.626599917320945,4.076539741079545,1.4689068083420238
site_1055453212517d95,143,0.08291740768159654,-0.048404239617027604,0.06732255256400682,0.09560491294354456,0.048196467607444456,0.06732255256400682,0.5041212436007848,0.7520773548155323,0.9831673990189601,-6.921806265234947,0.49555740413069727,1.307062811188811,0.3321746270464683
site_108f541d7e13b076,361,0.050407535554452425,0.0036011616483619677,0.05027873581799519,0.08593626697125445,0.059421609035664166,0.05027873581799533,0.691461371664429,0.8213125955450006,0.9172719902830921,1.3000193550586703,1.5140373078224734,2.6660001551246535,1.2746648709598245
site_10a7b62e4edfa545,50,0.1024608316579422,-0.07785844176244736,0.06660544324873732,0.0911019013852071,0.04381282315884394,0.06660544324873767,0.4809210619390887,0.7244061242546213,0.5249111012018586,-3.8929220881223676,0.14457087096968294,0.4149778218,0.09597817365740657
site_10d7d76e5b99709b,40,0.05122853255376995,0.01871034254282713,0.04768947084569864,0.0606743561976557,0.0406711975522339,0.04768947084569864,0.6703193919312708,0.6202617335255898,0.10497450190450669,0.7484137017130852,0.06122476361580193,0.14725510000000003,0.06616585241331346
site_10dfc2a732e16d10,6,0.02262121166049056,-0.006668065675099692,0.021616107816655416,0.06679038520292839,0.05460404890618545,0.021616107816655985,0.8175435542149166,,0.0030703153019322844,-0.04000839405059815,0.020925904786090053,0.026765733333333333,0.017889612941694555
site_10ec1b51ff0dc0c8,84,0.09152402914979538,-0.07825613993973958,0.04746182122026599,0.044927618785166164,0.02950763030486764,0.04746182122026681,0.6567815322233421,0.24008564139322364,0.703638424592258,-6.573515754938125,0.026735801499514354,0.1695532380952381,0.07313882068153443
site_11d0ddb199b9f010,2,0.03699416635949987,-0.034824031770229344,0.01248419624567032,0.0020000000000000018,0.010484196245670319,0.01248419624567032,5.242098122835155,,0.002737136689268703,-0.06964806354045869,-4.1936784982681314e-05,8.000000000000015e-06,0.0002198367418354552
site_125ba37c83dbcda5,409,0.047230605550742946,-0.015796241002677413,0.044510772526156,0.03803221699319482,0.06075787917416294,0.041259272096390756,1.5975371402890992,0.7434018609465268,0.912368611182157,-6.460662570095062,0.7025887638946865,0.5915978575317398,1.5098316316325526
site_12aaba88bfb65c8b,227,0.08918693139006417,-0.06756572753689886,0.0582166745287427,0.07802533013998211,0.047266660758795084,0.05821667452874298,0.6057861039997635,0.6687788009674616,1.805628081886155,-15.337420150876042,0.5598850772444502,1.3819651365638765,0.5071491487781534
site_12f6f97179080a87,406,0.06286154273612578,0.025626577246952525,0.057400802204949565,0.06934672900402701,0.058994047074410146,0.057400802204949794,0.8507113157562821,0.6104082578376219,1.604338863397302,10.404390362262726,1.0138661069607942,1.9524413423645322,1.4130008216283945
site_12f79a44d2a41795,112,0.18180127905085589,-0.1360054076918534,0.12064093062928484,0.08819210550072622,0.04352106782416539,0.07760800619175638,0.49348031297208367,0.4753418669377257,3.7017909672270433,-15.23260566148758,0.20433997876023924,0.871118916936937,0.21213733459022766
site_13345716e1eac548,38,0.05258291246179652,-0.04087112372486216,0.03308343888461365,0.04952444204744566,0.022126279453713482,0.03308343888461388,0.44677493655589195,0.8431021916276059,0.10506858195266833,-1.553102701544762,0.03510684480871025,0.09320147368421054,0.01860374521362529
site_13471aa5ce158e45,113,0.03730298121530343,-0.007178809529279184,0.03660569766158829,0.07406047423873999,0.06958334412165562,0.036605697661588305,0.9395476445012765,0.8719351601459606,0.15724090205306868,-0.8112054768085478,0.5077552465115435,0.6197997844247788,0.5471281210442603
site_136f0d570907389a,58,0.03844831718744562,-0.006487139185954785,0.03789709909384194,0.04404887635035534,0.026375719057122292,0.03789709909384195,0.5987830165595023,0.5163412278354828,0.0857398394836927,-0.37625407278537754,0.034793966369639176,0.11253760344827587,0.04034935623525415
site_139d8263042fc17e,25,0.06823541417117342,-0.05721313355684281,0.037185065492996536,0.03391627338019317,0.020360184149154345,0.037185065492996536,0.6003072307184706,0.13186867405215855,0.11640179367778934,-1.4303283389210701,0.0022765200358629218,0.028757839999999996,0.010363427464686895
site_13a4a69bc620b9a3,67,0.13472508669129835,-0.12177880558327063,0.05762613551757422,0.06772633727709822,0.03181711675802622,0.05762613551757429,0.46978942073669816,0.5286695165638883,1.2161068819265164,-8.159179974079132,0.07632687520002251,0.30731940298507465,0.06782603755918948
site_14144d0d858434fd,21,0.0268354823793234,-0.019290731642927442,0.018655047231554648,0.04125019068189282,0.03258782890005323,0.01865504723155502,0.7900043214674881,0.8984662705536972,0.015123005405150512,-0.4051053645014763,0.02536310738325119,0.03573314285714286,0.022301298440802045
site_14672231a55d516b,109,0.08934523274845241,-0.04266320179110273,0.07850109443699992,0.11655873747981593,0.07629632144668524,0.07850109443699994,0.6545740207583941,0.7446666928519322,0.8701001970213894,-4.650288995230198,0.7218332136150893,1.4808673818348626,0.6345030246262555
site_14af94b228986e6c,11,0.04890830483573127,0.04430237257372249,0.020720088470947598,0.09379196955880077,0.09137066353347537,0.02072008847094947,0.974184292784177,0.97529361017786,0.026312245100952956,0.4873260983109474,0.09193915303112432,0.0967662690909091,0.09183457970002323
site_14d94a059a5aad1d,372,0.11718177072277002,0.1078351522083244,0.04586008436463399,0.04719982917498008,0.05538616301153657,0.04586008436463547,1.173439903907448,0.6105658139412212,5.1081430689772676,40.11467662149668,0.5937684676202755,0.8287504811827957,1.1411572637682668
site_153d5fe2ea0a30b2,107,0.09580111046111832,-0.024842021048180413,0.09252419551568744,0.09541664076087732,0.046707276540510566,0.09252419551568758,0.48950870799951135,0.30574280993130915,0.9820302459174232,-2.658096252155304,0.14579703691518192,0.9741638807476636,0.23342795595599497
site_1540ed4ad947cd80,639,0.08160396759814088,0.0719680728117625,0.03846822095599535,0.04208249465567663,0.06214413930507444,0.03846822095599553,1.4767218486818399,0.7940229222267358,4.255233610237635,45.98759852671623,1.3268919293347148,1.1316283317683882,2.4677502979298698
site_15a7df29fffec944,41,0.05790310645010771,0.0434279268427593,0.038298628000392534,0.05262709326825448,0.04249631076614817,0.03829862800039264,0.8074987259800388,0.6950194071764032,0.1374635591994727,1.7805450005531311,0.06372963059166582,0.1135540487804878,0.07404339357805467
site_15fd0f8efa3618ec,756,0.1487898293710176,0.14336105334955862,0.039824888032002424,0.03447419682666433,0.045756109151406196,0.03982488803200274,1.3272567126499601,0.5376139746468694,16.736640473137935,108.38095633226632,0.6411144844783105,0.8984835066137566,1.5827778726546007
site_162f5acccb1ccdb2,7,0.05200364433515102,0.04204797082628522,0.030599790416418728,0.08241799387443081,0.06107129916601076,0.030599790416418804,0.7409947305810047,,0.018930653168958193,0.29433579578399655,0.03355128742903471,0.047549080000000014,0.02610792507277071
site_164f38fa74238777,27,0.0714581447234394,-0.03607661998713458,0.06168260644314485,0.07479114036863327,0.03714421693918374,0.06168260644314484,0.4966392644383544,0.5703018441011561,0.13786919407753231,-0.9740687396526336,0.04277695849261902,0.15103029629629633,0.03725170700467889
site_165766e1d399cf97,157,0.0698812732550962,-0.06458458729443277,0.026687514604421637,0.058285950012353316,0.07127585170857025,0.026687514604422417,1.2228650591345565,0.9345888202074469,0.7666925992252877,-10.139780205225945,0.6095741322342757,0.5333685591082803,0.797598784774789
site_165c41e6efa0bc8e,45,0.09923464407989095,-0.07613931771834692,0.06364211563930963,0.07344546827324706,0.04444340807382348,0.06364211563931053,0.6051211751891333,0.508419840619596,0.4431381563548186,-3.4262692973256113,0.07468052508102521,0.2427406564444444,0.0888847434547379
site_16e59e7364e5ed25,142,0.055848739757630585,-0.00530636497618447,0.05559608100626401,0.06632083633875623,0.06138375939169948,0.055596081006264016,0.9255576796131015,0.6233686162506398,0.44290960601720775,-0.7535038266181948,0.36036014687973006,0.6245803732394366,0.5350511602222436
site_17476f5e1149b6dd,119,0.04650825796810067,-0.039480747334897016,0.024582283236213483,0.03744841300707971,0.021638628773743784,0.024582283236213528,0.5778249873940706,0.7813616904811701,0.2573991490480606,-4.6982089328527445,0.07534635194965145,0.16688365277310924,0.0557194003697392
site_179c7b165166f05c,71,0.11085508751133763,0.02690105516574752,0.10754154387080246,0.15497239334112836,0.055105285394343555,0.1075415438708025,0.3555813019745051,0.9068043286679518,0.872508380327389,1.909974916768074,0.549818728894457,1.705167431549296,0.21559806596583575
site_181ff8c89ef12a6c,94,0.07262982956643871,0.014273324837709994,0.07121351234791853,0.04288316742016048,0.07264107448312244,0.07121351234791855,1.6939297830171938,0.3281340816327352,0.49585866142789387,1.3416925347447395,0.09608338822868277,0.1728628085106383,0.49601221599387907
site_182cb9b0a7d4c94d,1,0.08209164819717407,0.08209164819717407,0.0,0.0,0.0,0.0,,,0.006739038703728593,0.08209164819717407,0.0,0.0,0.0
site_183b638a356ad6ca,93,0.12385074668055465,0.11096784445419106,0.05500131771622726,0.06885529523773322,0.042850802746821355,0.055001317716227474,0.6223312615082476,0.6019475343885363,1.4265276931597755,10.320009534239768,0.16517255829274657,0.44091780645161294,0.1707657905323703
site_18793582c71deee9,486,0.06306900071930943,0.003412087435413289,0.06297663464385302,0.07015747129618724,0.06316092013297618,0.06297663464385303,0.9002736125754393,0.5580096189515187,1.933161641941875,1.6582744936108584,1.201711812215967,2.392126398436214,1.9388006903734791
site_18be3f84accd05c4,1182,0.0328352110913233,-0.01512472568500264,0.02914436069577066,0.05485124564095864,0.04563563374360217,0.029144360695771997,0.8319890133821324,0.8473004543311853,1.2743745853207007,-17.87742575967312,2.506948985011218,3.5562351133671743,2.4616462814069973
site_18bedc0a241bdc83,127,0.021450796222962275,-0.010248699646578062,0.018844118821353346,0.02294682958567427,0.012129753568857303,0.01884411882135335,0.5286025907661737,0.5722996981158763,0.05843735564207969,-1.3015848551154139,0.020230280565640586,0.06687273748031496,0.018685627048433226
site_1929ba01621eda50,217,0.08681015644643136,-0.04910842942147759,0.07158467309424303,0.08892729570559497,0.05798892587837709,0.0715846730942436,0.6520936616621824,0.5959525267281165,1.6353127079090939,-10.656529184460638,0.6668859216070944,1.7160498709677419,0.729709268822557
site_194102884b72b2f0,88,0.05427829762337429,0.04305915306305344,0.033046072843594225,0.04704843534693839,0.043657091067244407,0.033046072843594246,0.9279180220407762,0.7369661982078857,0.25925975617446073,3.789205469548703,0.13320797330124134,0.19479286363636364,0.1677228608399231
site_19bcb346c9572bcb,74,0.10271858932814255,-0.04203491939692884,0.09372392514644966,0.08038934647717337,0.051655247026746426,0.09372392514644966,0.6425633406711917,0.0417260439013517,0.7807820359237064,-3.1105840353727343,0.012821884819865228,0.47822108,0.19745157635917043
site_19cb1bd872c4d23c,70,0.1409357244688318,-0.10456163441181181,0.09449731763751328,0.053252233851774536,0.0715559198076784,0.09449731763751433,1.3437167726494152,-0.12776404115902096,1.390401490208813,-7.319314408826827,-0.03407925398354016,0.19850602871428571,0.35841747616660324
site_19feb3f9e9d0726a,57,0.030549890807971804,-0.002046831747941804,0.03048124518740364,0.03404281843835552,0.023440425792204445,0.03048124518740368,0.6885571426657928,0.4882719728791388,0.053197862217603004,-0.11666940963268282,0.022208931100603783,0.06605806877192981,0.03131885299523107
site_1a0cd59d1873112a,14,0.10116197248422712,-0.031122220865317757,0.0962556598092284,0.13098356338698003,0.10429061778311953,0.09625565980922886,0.7962114870474365,0.6869540503255657,0.14327242547659336,-0.4357110921144486,0.13137652352878026,0.24019371428571426,0.1522714614061862
site_1a52df5386240d07,520,0.04776762889860577,0.03261581849318284,0.03489920850985978,0.06093857365918064,0.04290296013723288,0.03489920850985989,0.7040361721818768,0.8292809119330682,1.1865081127093569,16.960225616455077,1.1274169383198023,1.9310250750000002,0.9571452740392368
site_1a9dbac658ebe085,81,0.10669654345686687,-0.04417327010190045,0.09712298695029734,0.09384853557693087,0.0413904556566533,0.09712298695029757,0.44103464590264296,0.14002592825665794,0.9221163432370895,-3.5780348782539364,0.04405763563771306,0.7134113580246914,0.13876675537669603
site_1ae2faafa57e844c,288,0.04639921798590417,-0.018510985316501728,0.04254680778055753,0.05689688689912418,0.034445910581480166,0.04254680778055864,0.6054094074171639,0.6667667256703346,0.6200315797545944,-5.3311637711524975,0.3763505724887881,0.9323296527777778,0.34171797766675027
site_1b2f4be319c8a70d,152,0.0753598431985379,-0.06499002348200271,0.03814974200066045,0.060973029719586645,0.055496145746236396,0.03814974200066116,0.9101753021206541,0.7893758531851828,0.8632241069700495,-9.878483569264413,0.4060018595678634,0.5650919736842106,0.4681329732885018
site_1ba2419bf83859ca,145,0.08823221721732627,0.051839955238967096,0.07139708114417097,0.07518436354245599,0.04730170917226909,0.07139708114417105,0.6291429087586571,0.3926213506644408,1.1288140024873896,7.516793509650229,0.20246328365962057,0.8196398355862069,0.3244304951395993
site_1c7e765219227837,159,0.08836403453642741,-0.05068221129261473,0.07238450150443597,0.10815436669192725,0.05838270783408633,0.07238450150443705,0.5398090675375761,0.7812680393792598,1.2415042133292347,-8.058471595525742,0.7843781282668406,1.8598813584905662,0.5419579512724053
site_1ce5634596e14607,319,0.03256197050883615,-0.0063864657688290334,0.0319295314466387,0.049508104260382296,0.052749154211420624,0.03192953144663891,1.0654650384913222,0.8068185969764654,0.3382299335704425,-2.037282580256462,0.6721378933124967,0.781885711598746,0.8876089731364547
site_1cedce47f64df34a,254,0.10269232697887593,0.07867523270986211,0.06599940740935036,0.07596983462422138,0.05037662831952634,0.06599940740935054,0.6631135709154856,0.5164869505629889,2.6786113611654376,19.983509108304975,0.5020689317618063,1.4659396062992127,0.6446023889343007
site_1d1f4a4194ae00c3,182,0.05453599083167393,0.011562913551435369,0.053296091096762956,0.08642897312384384,0.05373760956755534,0.05329609109676303,0.6217545763335041,0.8092632944252631,0.541299721870621,2.104450266361237,0.6840674523485231,1.3595340659340662,0.5255669841303727
site_1d6a4da433bfddd7,6,0.0693990309664772,0.023108194231987,0.06543880239141624,0.08422522715249207,0.041257498904214575,0.06543880239141643,0.4898472856537002,,0.02889735299451637,0.138649165391922,0.013541499738891918,0.04256333333333333,0.0102130872949876
site_1d92331b9f8c002c,75,0.08665085335313968,-0.009040134872118634,0.08617799225046512,0.10982142218873127,0.055205090809905724,0.08617799225046531,0.5026805308989187,0.6335212419015365,0.5631277790120489,-0.6780101154088976,0.2880637677961587,0.9045558578666667,0.22857015384974533
site_1dab76a1b26190f6,1016,0.030770079318476928,-0.011843489041830612,0.028399463878415028,0.03612319055400619,0.023960801448826747,0.02839946387841513,0.6633080046737292,0.6195407572728873,0.9619465457656073,-12.032984866499902,0.5448174794711848,1.3257630541338583,0.5833059261672194
site_1e0ab3dca10c0e53,65,0.06648965065457102,-0.009356852762515732,0.06582797999747143,0.06311185899307777,0.0671801762096385,0.06582797999747206,1.0644620089071841,0.490930616559401,0.28735678687084826,-0.6081954295635226,0.13529619579361038,0.2589019384615385,0.2933564449112751
site_1e115354ece8fb9b,39,0.048411242351772285,0.02126941245641464,0.043488624717286074,0.04699525064481482,0.024083970069829864,0.04348862471728613,0.5124766809279088,0.39640624723387613,0.0914022870556392,0.829507085800171,0.017497948995003332,0.08613358974358976,0.02262146695865397
site_1e3671cb73e4a59d,71,0.13162919128826342,-0.08909591165462011,0.09689253080415626,0.052473938478076076,0.07062086583733791,0.09689253080415912,1.345827431398993,-0.22226801667985494,1.230163323943359,-6.325809727478028,-0.058480627318964896,0.19549950957746481,0.3540987751046849
site_1e4554eec29098a5,97,0.03499979318691457,0.020899297291470557,0.028074987014236042,0.03270554823780097,0.03715433259620505,0.02807498701423618,1.1360253717827056,0.6838203381287647,0.11882359574329875,2.027231837272644,0.08060178238721852,0.10375632989690721,0.13390310977493425
site_1ead9d05e7924900,21,0.16223839834429118,-0.15821800864651092,0.03589372699029055,0.042266424171496904,0.04153338047649251,0.03589372699029073,0.982656595409395,0.6331967691120118,0.552747255843739,-3.3225781815767292,0.023342683022362844,0.03751546285714285,0.03622545556990686
site_1ebbce006aed7c73,31,0.0750066423408365,-0.04582818350215113,0.05937822826709575,0.054305153131242526,0.04001163885077154,0.059378228267095864,0.7367926714813419,0.23568412039619643,0.17440588825263115,-1.4206736885666849,0.01587520707389039,0.0914205393548387,0.049628868549261684
site_1f03845600024bcb,415,0.10241436683110039,0.08915730914925955,0.050395205711243556,0.022812113734234734,0.05765192705939184,0.050395205711243556,2.527250553414175,0.49593135807985395,4.3528115513673065,37.00028329694271,0.27067554711135755,0.21596290120481929,1.3793540478694961
site_1f2f25947066509c,400,0.1129399571002774,-0.07879621258303522,0.08091100538481537,0.09433676294928717,0.0459427316291971,0.0809110053848154,0.4870077178066268,0.5149374032736654,5.1021735639250005,-31.51848503321409,0.8927137281841598,3.5597699375,0.8442938358209708
site_1f80e745021951bc,179,0.15799897891595174,-0.1390335940768599,0.07505555979775456,0.08837868265780333,0.05288765655668121,0.07505555979775476,0.5984209649453464,0.5321360936479385,4.468498243588521,-24.88701333975792,0.4452230043509486,1.3981316871508382,0.5006816546742863
site_1f87127a283de97d,2,0.031221707562380997,0.019788005399703976,0.02415015249252321,0.07280000000000002,0.04864984750747681,0.02415015249252321,0.6682671360917143,,0.0019495900462216775,0.03957601079940795,0.007083417797088624,0.010599680000000004,0.0047336153250014945
site_1fa5a52b4f99f39b,10,0.08455704423142717,-0.041358105411529546,0.0737522938350011,0.15297964864647848,0.08313944415512597,0.07375229383500134,0.543467349354772,0.9779164064713809,0.0714989372915553,-0.41358105411529544,0.12437769614249468,0.234027729,0.06912167174423312
site_1fe95dec232c15f6,833,0.05292583976772093,0.018945904559447987,0.049418591800482935,0.021987651489445755,0.06094034448504602,0.049418591800483046,2.7715713301303624,0.6548769585268962,2.333353381093686,15.781938498020173,0.7309513309830252,0.4027195294117647,3.0935334131014134
site_203c950b486649d5,44,0.05927689047358282,0.05161093593077226,0.0291558062239214,0.03830572879441239,0.034305833037844895,0.02915580622392141,0.8955796983256731,0.6826514101326174,0.15460498874555387,2.2708811809539795,0.03947147605114363,0.06456246977272727,0.05178316793850157
site_20551d8a0ce0f349,48,0.08855607514393352,-0.005888040038943288,0.08836011220792897,0.06525920270219664,0.03986235570306056,0.08836011220792976,0.6108311786303633,-0.37667205637991963,0.37642456535510394,-0.2826259218692778,-0.047033723756981394,0.2044206497916667,0.0762723553054716
site_20c84fb12b0c9692,116,0.05488592791676998,0.017289273526956295,0.05209170859354642,0.07747374126510456,0.06051890470832488,0.05209170859354747,0.7811537653930698,0.7412803196898368,0.3494459496610449,2.00555572912693,0.4031679938937312,0.6962529479310344,0.42485438794305574
site_20e55f2eceb79ec1,659,0.07036846919542204,0.05608612481668614,0.042497859474968425,0.044946196275520954,0.021044872864741153,0.04249785947496843,0.46822366759882683,0.3472820659561341,3.2631844401017527,36.96075625419617,0.21647463769349232,1.3312858088012138,0.29186231809556507
site_2266e199c1b4f8b1,182,0.07291654364874725,-0.0627511047420921,0.037136520991157065,0.06535172949187187,0.08248619759768051,0.03713652099115739,1.262188441515381,0.89931287444099,0.9676616654576986,-11.420701063060761,0.88230871368419,0.7772944356593408,1.2383230485304941
site_228e3c936ac52751,419,0.06837927737501538,0.012287906037025632,0.06726613516142071,0.08282325804289989,0.03578250818056361,0.0672661351614208,0.43203453988768925,0.6099537486279414,1.9591290156439731,5.14863262951374,0.7574152017329644,2.8742109785202867,0.5364825266189905
site_237e685bbdd8644d,293,0.07870027864189849,-0.04993888662072986,0.060826322109711284,0.09238469387604381,0.06194462591792557,0.060826322109712144,0.6705074544170609,0.7576994586142858,1.8147640204855517,-14.632093779873848,1.2704812381086343,2.5007349771331056,1.1242810472727387
site_23d2f2404f4bbe4e,117,0.08332639154771838,-0.06757997337977091,0.04874663810308491,0.07626167795162501,0.050577492787546384,0.04874663810308556,0.6632098079408789,0.7774822443908017,0.8123646408185499,-7.906856885433196,0.35086495709763116,0.6804536923076921,0.29929568487089386
site_23e0c01fc0e0a37a,340,0.06833272500099113,-0.0533508998152789,0.04269710522929106,0.07566476276596505,0.07083704643003834,0.04030962304830573,0.9361959760468809,0.8505971815258123,1.5875828440607669,-18.139305937194827,1.5500902193809956,1.9465531503061224,1.7060816299566786
site_24a155d00f2ce6ce,294,0.06021535205460677,0.013099276351685426,0.05877327268514499,0.07451103477539117,0.07392298042517542,0.058773272685146864,0.9921078219892074,0.6864648683747309,1.0660112551797094,3.851187247395515,1.111643952149315,1.6322569251700683,1.6065944682726154
site_24bc1a63008e8e56,630,0.04820234071705553,0.039110193202609105,0.028175493576115006,0.034156578567099354,0.034566833598192265,0.02817549357611526,1.0120110107131188,0.6638856742972477,1.463783359879959,24.639421717643735,0.49381901293971714,0.7350032714285714,0.7527655705532216
site_24bea14e8249e50f,135,0.06531326156991672,-0.04800332013810121,0.04428886307661696,0.06072831051673292,0.03142527021257087,0.044288863076616974,0.5174731512399317,0.7110581744057269,0.5758859884815486,-6.480448218643664,0.18319310416330897,0.49787023925925916,0.1333189270709677
site_257ba699ad2936b5,31,0.04235594811407619,0.004772531056404113,0.04208621256371227,0.020917484185269484,0.035955642972709104,0.04208621256371228,1.7189276996336775,-0.02719039695100019,0.05561481655991174,0.14794846274852752,-0.0006339481669087553,0.013563775483870968,0.04007705610900869
site_25bb1d03fe665fce,56,0.08588341399993293,-0.058324311550174444,0.06304153775473807,0.07371731159002765,0.021902614958344276,0.06304153775473811,0.2971163012584309,0.6006840131240527,0.4130538048158971,-3.266161446809769,0.05431247045259391,0.3043175535714286,0.026864574352755244
site_25c3911a44e2e266,323,0.0490624244360995,-0.0005778034061839347,0.0490590219508275,0.06399540981400864,0.05505069916105982,0.048937608586014814,0.8602288714308567,0.6714608420354776,0.7775002417699952,-0.1866305001974109,0.7640730410345291,1.3228182301559208,0.9788771714332485
site_25db0a3f364cf3fa,37,0.02333747385197319,-0.012050359875769228,0.019985657673841594,0.02349014060461417,0.017715352510651452,0.019985657673841632,0.7541611950663089,0.5601459277904611,0.020151594374286697,-0.4458633154034614,0.00862458728958626,0.020416108108108108,0.011611847439335854
site_26066c2f9061bb32,267,0.18989246867092668,0.18062804372926777,0.058588902332068066,0.05816210348991648,0.06912381018538204,0.05858890233206948,1.1884681955728436,0.5880370321805168,9.62779295866968,48.22768767571449,0.6312243040487003,0.9032156853932586,1.2757530029234416
site_26149aa81404cf67,120,0.07433197827277682,-0.06957824545562268,0.026155510953940243,0.050555396122306605,0.06491280109943763,0.02615551095394027,1.2839935215302587,0.9271754294341782,0.6630291592733478,-8.349389454674721,0.3651245442238078,0.30670176925000003,0.5056406095890182
site_261c25e44abd6c6d,260,0.12177401757733541,-0.10656291607407423,0.058934338672076446,0.09202318572884982,0.052508414771780164,0.05893433867207664,0.5705998369421638,0.8021686183189893,3.85551695280055,-27.7063581792593,1.0077787276461663,2.2017493450384613,0.7168547416797784
site_261e3bb708a6a167,65,0.09922066960800432,0.004831553794420679,0.09910296345413881,0.10080146218531866,0.040531989511033845,0.0991029634541401,0.4020972378011514,0.24260071021040858,0.6399081830349489,0.31405099663734415,0.064427336578415,0.6604607606153847,0.10678474129196625
site_2689516b5f07761f,394,0.06165389360193113,0.03818081080610981,0.04840896902916124,0.07761763262977116,0.04882116549309586,0.04840896902916236,0.6289958072538524,0.8002060430535488,1.4976738229336282,15.043239457607267,1.1947212380995302,2.373651776649746,0.9391014428410762
site_26f018cca8362487,256,0.11208951558060645,-0.08834530017687939,0.06898671929981953,0.09751956935020786,0.04839907740049175,0.06898671929981953,0.49630118060389683,0.7514390141077516,3.2163992327923245,-22.616396845281123,0.9079513164437376,2.434577,0.5996724974640106
site_270decc0b97d0896,280,0.07746820303513585,0.04313252023245607,0.06434988873253629,0.08253754216928766,0.08049614440626676,0.06434988873253693,0.9752670395874654,0.6886838071888626,1.680370294818049,12.0771056650877,1.281163373242425,1.907484842857143,1.8142961939968747
site_284ff462bff5925c,321,0.04216228721412008,0.019517309135551393,0.03737289267949801,0.05150318722251192,0.052056796847127794,0.037372892679498795,1.010749036214479,0.7395786552078873,0.5706283666634312,6.265056232511997,0.6365037232147199,0.851477632398754,0.8698811414525862
site_28bd97dda8311cf0,96,0.15360611401223054,-0.10559219896979631,0.11155772397580238,0.1201631630903951,0.09117706027866308,0.11155772397580281,0.7587771321405159,0.47039063905303413,2.265104473146083,-10.136851101100445,0.4947511827017491,1.3861618333333334,0.7980726068216604
site_292d280e566004c1,45,0.16879963709635776,-0.13252454577181075,0.104549329274928,0.1127679451871337,0.02432263624831935,0.10454932927492805,0.21568750062756706,0.4334304284320903,1.2821992867737935,-5.9636045597314835,0.053496851489080316,0.5722474257777777,0.02662157853306263
site_29971fce7657be9c,156,0.04939592625679307,0.019950550915339052,0.04518775330707429,0.06579308652922992,0.056809128276162586,0.04518775330707447,0.8634513331567744,0.7376396065723466,0.3806333747995801,3.112285942792892,0.4300977908447384,0.6752819166666667,0.5034552206576093
site_29fa7d91f9cd3f03,186,0.07770775625277875,0.028446571913201317,0.07231381561104587,0.09904484624120609,0.04860024663176478,0.072313815611046,0.4906893036454167,0.7211413398766247,1.1231601410224772,5.291062375855445,0.6456597178587269,1.824637971451613,0.4393290189163157
site_2a096aef4be52591,150,0.05594634278670946,0.03993558986902237,0.03918088734346423,0.036816370754809,0.05540059663838317,0.039180887343464345,1.5047815822841981,0.7083398819518033,0.4694989906811996,5.990338480353355,0.21671469978173571,0.20331677333333334,0.46038391618332486
site_2a66162bd2a4e4b1,187,0.07809608914793097,-0.033801971210196693,0.07040188834474977,0.0943881143546723,0.06361173371680362,0.07040188834474982,0.673937965089296,0.6661298850148455,1.1405128392176955,-6.320968616306782,0.7479198625881803,1.66600471657754,0.7566866486275583
site_2b657e21e1c1d622,416,0.14924183177755954,-0.12243512780477223,0.08533911079774893,0.10738545052849152,0.05915068935506296,0.08533911079774893,0.5508259178869775,0.6098684355652073,9.265619730565692,-50.933013166785244,1.6115164425642443,4.7971601538461535,1.4555024852905298
site_2c61711a8eb15185,175,0.06690471500227174,-0.05312459624324526,0.04066962212176771,0.057723266627973176,0.03257988961258639,0.04066962212176774,0.5644152092528648,0.7283262886605221,0.783342155668661,-9.29680434256792,0.23969807346143893,0.5830957142857143,0.18575361125445505
site_2d0695836558269a,137,0.033524134604897206,0.017029540314291516,0.028876674976374736,0.037942959508294405,0.019321587677032858,0.028876674976374746,0.5092272170495589,0.6677842288745698,0.1539698613379955,2.3330470230579374,0.06707037547089323,0.1972345401459854,0.05114535379949371
site_2e03a5b4a3fc6fe0,33,0.039627391606021446,-0.028631684443444917,0.02739629192843392,0.03025205045073522,0.02158607435173158,0.02739629192843437,0.7135408684738251,0.4828224587778834,0.05182089546140031,-0.9448455866336822,0.010404707790911197,0.030201156363636357,0.015376633995309974
site_2e6f197ad6e426eb,271,0.05580128708304714,0.04781871367864503,0.02876028967594746,0.020637397606801333,0.03722429517440628,0.028760289675947504,1.8037300963828167,0.6407055119948392,0.8438353664737784,12.958871406912802,0.13338566734518073,0.11541949077490775,0.3755106489836895
site_2eadbc791936fa20,822,0.08233383174709669,-0.05704723704521093,0.05936726872331873,0.07744559044861371,0.0609335613643034,0.05936726872331873,0.7867918755779093,0.6554565656377377,5.572222796830883,-46.89282885116339,2.5425470175548535,4.9302076125060825,3.0520028962416834
site_2eb90940ae2529bc,146,0.0831110172236709,0.06980150443805408,0.04511309302339664,0.05015914810742728,0.05605786131265362,0.04511309302339666,1.1175999479216214,0.6442872927491511,1.0084864128571849,10.191019647955896,0.26449599379219424,0.36732726027397256,0.45880263698251134
site_2ecbb3b2737ff9d4,59,0.06749289983061597,0.06402061223539256,0.02136943463339794,0.035437799735600774,0.031676331001423086,0.021369434633398538,0.8938571592412122,0.8029004326308757,0.2687622001251882,3.777216121888161,0.05317595834820453,0.07409442135593222,0.059200006796991334
site_301436b06877aab0,44,0.06883958106715174,-0.022832647602666508,0.06494272957732376,0.07381237381987941,0.06630969472589181,0.06494272957732408,0.8983547242052395,0.5749015877665109,0.20851106854604207,-1.0046364945173263,0.12380904840948907,0.23972372727272728,0.19346692704420243
site_3058377fafc959d8,52,0.03320041252807785,-0.020323431869653553,0.02625310475113561,0.044146887811060555,0.05655982771689127,0.02625310475113601,1.2811736120325288,0.8928399655336982,0.057317904385796536,-1.0568184572219848,0.11592714394800939,0.10134528057692309,0.16634873379094994
site_313b58fce7205197,400,0.11195008505027443,-0.06553824307888746,0.09076100614744383,0.10657849208446872,0.046213177358072045,0.07832373912340092,0.43360697317284075,0.7471604435311558,5.013128617105471,-26.215297231554985,1.4720049252514442,4.543589989999664,0.854263104611449
site_31563788a284dc59,162,0.11773794548090169,0.09041762838319496,0.07541138033229626,0.039447574210730765,0.07462057803245957,0.07541138033229695,1.8916392078720223,0.2441678739987624,2.2456802565823324,14.647655798077583,0.11643470496435959,0.25209,0.9020533678755387
site_319d460a95d287a7,55,0.07428813187252424,0.06470309553579852,0.0364998077418893,0.06179279157724702,0.06283954345405254,0.03649980774188934,1.016939708501387,0.828595195308165,0.30352995954102535,3.558670254468918,0.17696033704876904,0.21000919999999995,0.21718445218325666
site_323cc8255b0caa4e,56,0.06692269765108835,0.0286520789116621,0.06047897018748644,0.1129061094043025,0.10374814943505101,0.06047897018748676,0.9188887118901777,0.8474518247104383,0.2508042578103432,1.6045164190530776,0.5559053420781025,0.7138762142857142,0.6027659966270698
site_32983262837b2abc,52,0.12376376169792574,-0.11573543646473151,0.043849486381701754,0.06613636844255384,0.06893304052734504,0.04384948638170177,1.0422864476936073,0.7899798117831452,0.7965083729002895,-6.0182426961660385,0.18727815213054416,0.227449,0.24709173196991885
site_32a7eff6ca5c3a9e,91,0.1776326075685762,0.161635386296681,0.07367051763313807,0.06137889241232721,0.06688466921412643,0.07367051763314204,1.0897014687852764,0.34267623579285383,2.8713542377166736,14.708820152997971,0.12801799197969857,0.34283052747252757,0.4070938668053632
site_32aa1fd33af84607,47,0.09290714705344799,-0.07200266988277434,0.05871416782483788,0.06902556982214028,0.043190456268442166,0.05871416782483823,0.6257167652470232,0.5337686748397447,0.4056916847597175,-3.3841254844903945,0.07479089551672657,0.22393287659574465,0.0876745290957821
site_32d33ae0920bdcec,147,0.06025908063475939,0.049081699843309366,0.0349591696045218,0.04051448711343963,0.057491188882560815,0.034959169604522305,1.4190279324427042,0.7995181395015876,0.5337800494451259,7.2150098769664766,0.2737519940431831,0.24128927891156465,0.48586980947215186
site_32e9d9454ab82a2b,29,0.12861291668893043,-0.11504928749183128,0.05748864050276116,0.06701844564800732,0.04725114591943478,0.057488640502761444,0.7050468786997258,0.5398681336262707,0.47969718783777904,-3.336429337263107,0.04957838638332384,0.13025268965517242,0.06474745293029183
site_33d9c76285abfbd1,64,0.11166417144221046,-0.10111954780947419,0.047367966334674265,0.039686363664834544,0.040424816653939814,0.04736796633467428,1.0186072222525038,0.3008915470776657,0.7980087797680235,-6.471651059806348,0.03089436888829805,0.10080047749999999,0.1045866112962976
site_33e57061030aaa1a,19,0.11508606689330084,-0.11134378090281238,0.029109538767143537,0.02755576868482595,0.018574461469188615,0.02910953876714506,0.6740679848795855,0.25102472529686815,0.25165125306641695,-2.1155318371534353,0.0024411747147378158,0.014427087368421054,0.006555201758537077
site_345540dea6a21328,13,0.08338854173293124,-0.0626072183755728,0.055081622158558066,0.06610525943859373,0.02070423943120801,0.05508162215855836,0.3132010918199409,0.6446403387273356,0.09039743560048258,-0.8138938388824464,0.011469807415627517,0.05680876923076922,0.0055726518955222515
site_3527ca4be8ad318d,825,0.07051034874634918,-0.057183963431950764,0.041251710346906854,0.05370875985208079,0.07848805269066257,0.04125171034690686,1.4613640848685838,0.87098905326032,4.101660156273723,-47.17676983135938,3.029111948558689,2.3798204800000002,5.082308892517085
site_360469521723c0bf,302,0.09035244774226912,-0.057512055198483125,0.06968449124350484,0.07636390903574251,0.042393344421827864,0.06968449124350484,0.5551489565834751,0.4282419798376991,2.465396573531881,-17.368640669941904,0.4186798041277373,1.7610968741721855,0.5427530866828525
site_3611ac9a5b4c6a7c,47,0.04300177917547297,0.0007167974532918713,0.042995804605415806,0.058791326737815466,0.04747698428732286,0.04299580460541582,0.8075508229139001,0.6917807112557129,0.08691019157603863,0.03368948030471795,0.09075335568918828,0.16245174468085105,0.10594100973987897
site_365133aa4290174f,670,0.06988544654022781,-0.0264102361129291,0.06470297571662663,0.10243208140498707,0.062374177900371475,0.06470297571662754,0.6089320557078389,0.7979502107538897,3.272263677545116,-17.694858195662498,3.415792091544729,7.029861971641791,2.606660506060617
site_3669ed0d65622c4a,171,0.06528818922579371,-0.02539631933664021,0.06014627683019491,0.07838154474022148,0.04966852665422465,0.060146276830195036,0.633676292280793,0.6412704283738759,0.7288956485575009,-4.342770606565476,0.4269061579827415,1.0505669810526315,0.4218505943402435
site_367fad9034e246b1,37,0.062548948691352,-0.04630085536918124,0.04205474734766034,0.045173374479553524,0.022548213291047992,0.042054747347660355,0.49914830474428723,0.38310921380773433,0.14475772634855522,-1.713131648659706,0.014438397335240967,0.07550344918918918,0.01881161113688795
site_36915ea55aeee9ea,33,0.1240427075228686,-0.10722303132577377,0.06236838015305558,0.08376423031934177,0.0452629182364247,0.062368380153057054,0.5403609400320982,0.6825110469118516,0.5077575785569294,-3.5383600337505343,0.08539349288832057,0.23154272727272723,0.06760814832014983
site_3697f876563488cb,53,0.051782259055297694,-0.022935706509284257,0.04642580876829111,0.039688321573839856,0.027573714667285143,0.046425808768291124,0.6947563810675247,0.08229367063742267,0.14211432470210789,-1.2155924449920656,0.004773097587953195,0.08348363207547167,0.04029641624930136
site_36bf0be122b5ada0,62,0.06420917168430453,-0.006332586830662142,0.06389613503504432,0.08161925258993903,0.0389918278662617,0.06389613503504432,0.47772831322236475,0.6440486672727345,0.25561469915983864,-0.39262038350105277,0.12707981779955088,0.41302554838709676,0.09426248370183532
site_36f59764e16c0acf,11,0.08839451209828911,0.08344736990061674,0.029156924147862785,0.075215719519326,0.09473939939466816,0.029156924147864326,1.259569143260349,0.9670951970774093,0.08594948746004037,0.9179210689067842,0.07580557619089429,0.062231449090909094,0.09873109177428696
site_37100d9c494e6343,36,0.03671985043190955,-0.023733313070403203,0.028019230297137654,0.015852011400200882,0.020220215188940197,0.028019230297137678,1.2755614841838907,-0.19488577841864102,0.04854050696670509,-0.8543992705345153,-0.0022488101770480468,0.009046305555555556,0.01471885568233372
site_3744ab32b5fabc06,14,0.2632584415106039,-0.23985843611615043,0.10850316885006923,0.08633790521868724,0.04569589275559556,0.10850316885006966,0.529268027060089,-0.28269030699433667,0.9702700983722888,-3.358018105626106,-0.015614124107573714,0.1043592742857143,0.029233604606232477
site_3754c55a59175277,6,0.14282577090568196,0.03914331974585852,0.13735720350267702,0.12887841815706252,0.025033120453681463,0.13735720350267813,0.1942382658916089,,0.1223952050088141,0.23485991847515109,-0.004892092703282834,0.09965787999999998,0.0037599427178911515
site_37c98a51b9f80f45,156,0.06288981101060863,0.004936254780644025,0.0626957870808768,0.10616510744027001,0.06457856840191631,0.06269578708087936,0.6082843031854804,0.8394599992908065,0.6170000193162108,0.770055745780468,0.8978314657224199,1.7582806858974358,0.6505810735071935
site_383a8c8b2965611f,677,0.034785701329588255,0.015114878766645884,0.031330264232223064,0.029614607542098832,0.03481483712582004,0.0313302642322238,1.1755967752173921,0.5370914700728239,0.8192004765031223,10.232772925019264,0.37489294980638044,0.5937459113737076,0.8205733425339248
site_386cdfdcf9b17142,388,0.08197955215840637,0.03794106830733339,0.07267133071432733,0.056645076186551756,0.06535104651106964,0.07267133071432777,1.1536933288931612,0.2969221346068145,2.6076110251720337,14.721134503245354,0.426470515925322,1.2449618865979382,1.6570546006756908
site_389215a205727fd3,94,0.13353776949730703,-0.11623510084063446,0.06573992101366896,0.04363320016491984,0.06740754181162927,0.06573992101367032,1.5448681636196717,0.36139853554329404,1.676239572937695,-10.926099479019639,0.09991709483724004,0.1789624787234043,0.4271150091501355
site_38bba0231f056806,585,0.056945359148790044,-0.02078601487620264,0.053016181625527965,0.0522732394217771,0.030682378254517546,0.05301618162552858,0.5869614853395756,0.26909469954646764,1.8970227482220414,-12.159818702578544,0.2524814313982414,1.5985075623931624,0.5507238761816753
site_38d8c6108ca3a5d7,59,0.06863073881377349,-0.044397865242069054,0.05233553164028692,0.06676530857553956,0.030123602348660183,0.052335531640286946,0.4511864468442883,0.6528477579039066,0.27790052029733936,-2.6194740492820743,0.07746788427948446,0.2629987793220339,0.05353845368915211
site_38eb3791b353069b,415,0.04925111379271186,0.009047369639557528,0.04841298702236689,0.07905803546385205,0.07457844633054896,0.0484129870223669,0.9433379654955971,0.8029392332662593,1.0066539670764008,3.754658400416374,1.9646723155812866,2.5938217831325305,2.308207032687607
site_38fe9bf25990ebba,147,0.09016367506264351,-0.05537211838839005,0.0711576897178659,0.09193691571855366,0.05875776572607169,0.07115768971786603,0.6391096032190895,0.633232587659413,1.1950347802178887,-8.139701403093337,0.5028469203747555,1.2425022813605442,0.507513829868629
site_395c4ccb7a4b9df2,171,0.041867834665428615,-0.014446000815936695,0.03929667466844519,0.04738580500444651,0.04371138639189324,0.039296674668445226,0.9224573981130324,0.6304910309000716,0.2997485641067549,-2.470266139525175,0.22331498556708296,0.38396588222222217,0.3267271863515375
site_3987775e61ab1836,60,0.17278259236745477,-0.1602092429717382,0.06470566197513634,0.05935917929576407,0.07129896267052357,0.06470566197513654,1.2011446842158673,0.5222084868620278,1.7912294535130826,-9.612554578304291,0.13260694658756256,0.21141072999999996,0.3050125246735629
site_39ac65528c2f5495,202,0.0985993689203054,-0.007938839309522418,0.09827924695427853,0.10876887988504753,0.06004598828589719,0.09827924695427853,0.5520511781435723,0.4422952257410543,1.9638107813994623,-1.6036455405235284,0.5835153354365711,2.3897951847524754,0.7283151832644807
site_39e3332a33e328c0,156,0.10106661463795484,0.06466669515501232,0.07767032336810228,0.06342926238283068,0.05103337791459958,0.07767032336810238,0.8045715178994974,0.0919054844270794,1.5934558527227913,10.088004444181921,0.04640983274450097,0.627630326923077,0.40628728317439705
site_3a1e52ef4ac63381,15,0.1037243987692223,-0.09981913911819458,0.028193800129446264,0.04083129301024997,0.03777199638718684,0.028193800129446334,0.9250747062480938,0.7453343916180926,0.1613812635005497,-1.4972870867729187,0.01724270875667532,0.02500791733333332,0.021400855666104834
site_3a558feb29bc33aa,50,0.043712622377063054,-0.028808633751869196,0.03287637413752278,0.03371153511781984,0.023350478069413896,0.03287637413752286,0.6926554364197698,0.3816510184521397,0.09553966775398569,-1.4404316875934597,0.015021411240994936,0.05682338000000001,0.02726224130350896
site_3aab5eecf1e576ed,227,0.027808498957096042,0.005724509994101419,0.02721291236847399,0.04385816136397615,0.02478251078752198,0.02721291236847402,0.5650604133140344,0.8267288468275682,0.17554196343402625,1.2994637686610222,0.20397863151323428,0.43664319823788544,0.13941723489193703
site_3b418123c1eb9bb6,39,0.058484710118293835,-0.004274729624772688,0.05832827791265529,0.06864754334352098,0.03485629761034104,0.05832827791265546,0.5077573925102568,0.52767877155955,0.1333979913872136,-0.16671445536613483,0.049242544375933145,0.18378692307692304,0.04738349784092599
site_3ba67f452cc05c7e,156,0.06526595747395707,0.008002302000767144,0.06477351594348489,0.10190028489719828,0.07006234405763187,0.06477351594348574,0.6875578819854528,0.7771545224640448,0.6645046519788103,1.2483591121196747,0.8655497564453345,1.6198522176923076,0.7657622005565976
site_3bce6f9707106717,37,0.045746702078120656,0.006415504732647456,0.04529461391876199,0.08380881927612827,0.0580248696253726,0.045294613918763105,0.6923480145233373,0.8574140258307206,0.07743214778790017,0.23737367510795587,0.15427523021883258,0.25988497297297297,0.12457476331653505
site_3c025b5f7926190d,54,0.04465716547937195,-0.03024640387296676,0.03285448951673714,0.026652600456824306,0.028395286482075316,0.03285448951673714,1.0653852155279955,0.2888683747040969,0.10769017114720852,-1.633305809140205,0.011805369950830934,0.038359500000000005,0.043539783897552975
site_3c21ace69367fd43,31,0.1405157087491189,-0.10163752057859975,0.09702823720908217,0.09189302924673624,0.03900270178919582,0.09702823720908217,0.4244359132450852,0.07687625640503111,0.6120845965632834,-3.1507631379365924,0.008541441703996356,0.2617741935483872,0.0471575331525651
site_3c2ff06ad9a9ceca,167,0.10692565202407536,-0.03927598764468096,0.0994509520080553,0.09585643659446089,0.07251066102401041,0.09945095200805554,0.7564506213680853,0.3277236239946253,1.9093268751491996,-6.55908993666172,0.38040600537542635,1.5344722249101794,0.8780519256772035
site_3c6c836e47ad4756,59,0.07905246460954275,-0.05231489771301464,0.05926587245725675,0.08421123629480415,0.03615267368143677,0.05926587245725702,0.4293093804593319,0.8024579620288087,0.3687082374897376,-3.0865789650678637,0.14414008258763006,0.41840040677966106,0.07711393304467062
site_3cacfdfbb247178d,10,0.1359967019915823,-0.09628171188354494,0.09604652471256467,0.1508304548159953,0.05628221956662177,0.09604652471256486,0.37314890839043696,0.9831803703331554,0.18495102952587253,-0.9628171188354494,0.08346289714992047,0.227498261,0.03167688239345423
site_3d3d4af3226bd56f,68,0.04897489349098284,-0.001311055739136303,0.048957341893754724,0.07524260071221434,0.037457374627259864,0.04895734189375473,0.4978213707753898,0.8280759728482717,0.16310073308681175,-0.0891517902612686,0.15870120672048896,0.3849785294117647,0.09540773414974857
site_3d8d46208058ae66,97,0.11307096538407005,-0.044461754629292444,0.10396247201836901,0.11531296545543188,0.038735900970146654,0.10396247201836917,0.3359197364941409,0.4465610342632842,1.2401491916499,-4.312790199041367,0.19348369023933545,1.2898167602061856,0.1455455923249938
site_3e3dd959fc43e496,515,0.08938225769284841,-0.010965936892703901,0.0887070246279064,0.11206714309807403,0.08473109704967473,0.08870702462791079,0.7560743917200019,0.6250001147200747,4.11443181498944,-5.647457499742509,3.0563877914002218,6.467907949514563,3.6973697857293195
site_3e869a526b77cd87,53,0.08521733397183291,-0.07131873809886428,0.046643666292997495,0.07062519637074682,0.029688175028990224,0.04664366629299764,0.42036237142821103,0.8808165266357848,0.3848856824911461,-3.7798931192398073,0.0978823740832086,0.2643596732075472,0.046713550037253804
site_3e8e42936f50143d,855,0.06941611002085638,0.04020937946602616,0.05658446901213045,0.06481996959788737,0.053911200261560314,0.05658446901213151,0.8317066576241868,0.5589095496243601,4.119899862515629,34.379019443452364,1.6699192411418198,3.592392332163742,2.484986974163962
site_3ed9981ace9fa417,10,0.02902910157842299,0.014519968841075898,0.025136810523703784,0.08781675751244748,0.06672106225190735,0.02513681052370489,0.7597759714875612,0.9840566960636445,0.008426887384504003,0.14519968841075898,0.05765811902359128,0.077117829,0.04451700148022897
site_3f0cc8bf9a017f1f,60,0.042143691026383524,-0.037209378103415174,0.01978769502707091,0.03820063990156303,0.029471467945257106,0.01978769502707091,0.7714914729491547,0.8599456712202651,0.10656544159963675,-2.2325626862049104,0.05808910311758518,0.08755733333333335,0.05211404537089903
site_3f80251a944e7c4c,134,0.05222641387590646,0.020030835154163307,0.04823239522731802,0.0655213452514508,0.03955908221334104,0.0482323952273181,0.6037586997264088,0.6812601049707798,0.3654981730492216,2.684131910657883,0.23661744922375053,0.575268255597015,0.2096994120652913
site_3f885209ae19b689,226,0.047615756492531,-0.011216154206379324,0.046275891684274734,0.06895107869377168,0.04417685038361416,0.04627589168427657,0.6406984665144135,0.7492326074334694,0.5124008201964578,-2.5348508506417273,0.5157757549193911,1.0744607831858408,0.4410602688184681
site_3f8f25f0fa2a3f3b,64,0.06365810580754785,0.007308498534746469,0.06323717485919629,0.09807921611777565,0.06276539710120678,0.06323717485919672,0.639945949668243,0.7764877365340559,0.25935068384031734,0.46774390622377404,0.30592279754806073,0.6156500885937499,0.2521276846894193
site_3fd206a570dca7d5,52,0.11784028498506569,-0.08950700837602982,0.07664742798642903,0.07763247886772603,0.05559428614580769,0.07664742798642914,0.7161214862214038,0.37566689419590216,0.7220893037987978,-4.654364435553551,0.08431015346715084,0.3133936923076923,0.16071768190722113
site_3fe88af73a278f09,684,0.05914651927328808,0.013277711031816858,0.05763690772327232,0.0664606367230065,0.027886340714353478,0.05763690772327236,0.4195918379563182,0.5052087310375465,2.39284454762748,9.08195434576273,0.6404466762558955,3.02123910380117,0.5319112309309137
site_402a00535323377d,283,0.05533062143743721,0.02189254343256933,0.05081529504692511,0.08187684503417353,0.05172885247526541,0.050815295046925564,0.6317885411153173,0.8024632104702153,0.8663981802287951,6.195589791417121,0.9618459274439214,1.8971804240282686,0.7572723924893996
site_40392ec0ab51085a,129,0.06417350142730302,0.041880288345869196,0.04862385971420734,0.06886505128688039,0.04001682201414906,0.04862385971420797,0.5810904263680224,0.7220260249131627,0.531252738821768,5.402557196617126,0.2566752731580605,0.611768992248062,0.20657363969045894
site_4053c6fd726ad6c4,11,0.04110365712427991,0.000880870512398806,0.04109421730767911,0.07855025132659395,0.11706615172380141,0.041094217307679155,1.490334527856151,0.9888391917610873,0.018584616918894032,0.009689575636386866,0.10002240141718226,0.06787156181818182,0.150749322673621
site_40c02fde736492a1,19,0.04749206372718595,-0.029905619771857017,0.0368937667245865,0.05349600653022093,0.048274650792955495,0.03689376672458657,0.9023972801723847,0.7417450274368337,0.04285442622427474,-0.5682067756652833,0.036395588706982764,0.05437463157894736,0.04427839627445418
site_413c6e860ea2e615,245,0.06270455154551832,0.021999286983353756,0.058718754727502584,0.07791478369582597,0.06890829216740543,0.058718754727503264,0.8844058713737657,0.6864601280184284,0.9633058922085183,5.38982531092167,0.9029688261532782,1.4873248120000002,1.163346418709985
site_4148b96858a0e60a,171,0.046494341134025285,0.0025298082894749095,0.04642546529121296,0.05715134159019644,0.0342096757887923,0.04642546529121299,0.5985804503784478,0.5834024484237971,0.3696547625302968,0.4325972175002095,0.19504721149619214,0.5585331695906433,0.20012162790520222
site_420eb683366b57f6,91,0.074627580404966,0.03419612315919372,0.06633174894408349,0.054566464924093096,0.0655269470362633,0.06633174894408374,1.2008648008885536,0.40152701063262297,0.5068040938960696,3.111847207486629,0.13064774287221853,0.27095241758241767,0.3907340516982863
site_426aa82109fc7c47,28,0.08456991987597767,-0.06355912952337946,0.055788066842825425,0.07781547869472882,0.03831939604680477,0.055788066842825425,0.49243925102783564,0.7396965061918315,0.20025799773921996,-1.7796556266546248,0.0617584301015096,0.16954696428571428,0.041114531174972546
site_42ce68186715eeba,627,0.06564498141872985,0.056353212726078156,0.033668664970782115,0.030375187740154182,0.043085447446954445,0.033668664970782816,1.4184421777251457,0.6286363985354188,2.701908268086798,35.333464379251005,0.5158419322607477,0.5785028229665072,1.1639350751285793
site_42d0b232cf256027,295,0.03697343840035514,0.011495477387056509,0.035140989553348226,0.053491558290896656,0.05151115636325444,0.03514098955335551,0.9629772997662092,0.7766273891865847,0.4032753684077326,3.39116582918167,0.6312788914931529,0.8440973084745764,0.7827527728144963
site_43b644a004cb99cb,16,0.10017553769462959,-0.050717541098594665,0.08638790064193315,0.11528887359585052,0.03532578932890035,0.08638790064193315,0.3064110891805243,0.8687870106146265,0.16056221363853043,-0.8114806575775146,0.05661253111511469,0.21266438999999998,0.01996658226735759
site_444e34f5ad449f77,182,0.09234948323297863,0.08472221735480066,0.036750142038965115,0.04084400151610815,0.046416900066631205,0.03675014203896521,1.1364435007261766,0.6519992632097865,1.5521737237184725,15.419443558573722,0.22496911999010127,0.30361830769230774,0.3921242073468043
site_44541aad5ac7b92b,159,0.0713474037172702,-0.0553905637781575,0.04497040650842517,0.05785655638087453,0.04878202441536339,0.04497040650842579,0.8431546477503303,0.6563176971958388,0.8093818707340277,-8.807099640727042,0.29452600008211793,0.5322335974842768,0.37837005906371646
site_44bc4221af0e2690,281,0.04289782088677341,-0.006375272270411359,0.042421444344951494,0.06476098679389557,0.04834915285997182,0.042421444344951514,0.7465783838940708,0.7556431189078028,0.5171026733502677,-1.7914515079855917,0.6648526108740329,1.1785099003558719,0.656877003619815
site_4522c9f47db04b3c,148,0.05073695219803161,0.005991033700269621,0.05038199910233394,0.04319437506919969,0.0663478398602119,0.05038199910233487,1.5360296277910983,0.6506690038892472,0.3809872711151109,0.8866729876399039,0.2759788603058639,0.27613159756756755,0.6515013064092157
site_454d64b6e8b743da,118,0.04532566980403161,-0.030898363394050277,0.03316183774692405,0.047926434974321724,0.06116269821168271,0.03316183774692533,1.2761787569731147,0.8423044997894134,0.24242112849572417,-3.6460068804979326,0.29134856900854395,0.2710392939830509,0.44142332699893827
site_454f86a28db067ff,49,0.04248578438718748,-0.00461149276276024,0.04223477251618142,0.06402550512196252,0.03757693794709843,0.04223477251618153,0.5869057631879346,0.7746670225821304,0.0884470518747346,-0.22596314537525178,0.09132413127166884,0.200864,0.06918928700852423
site_457c8dbf463cd4ea,137,0.04359922573790455,0.015967135768737237,0.040570223813623095,0.07485257715168976,0.053206056016508796,0.04057022381362312,0.7108112778626982,0.8521859959972187,0.26042227043743194,2.1874976003170015,0.46496770053139347,0.7675984379562044,0.38783116236596643
site_460afd4b6202d4b4,50,0.2845389511895455,-0.2766536976904869,0.06652177311397532,0.08084658320547627,0.03406099089112914,0.06652177311397597,0.42130402474228457,0.5939567337353717,4.048120737202327,-13.832684884524346,0.08177937045645714,0.3268085007999999,0.05800755502427912
site_465014c5dd5de0e8,2,0.045911887739437794,0.02167968206405639,0.04047088856697083,0.1062,0.06572911143302917,0.04047088856697083,0.6189181867516871,,0.004215802871597477,0.04335936412811278,0.013960863268375397,0.02255688,0.008640632179551133
site_466206aef45119ae,1,0.058801772117614746,0.058801772117614746,0.0,0.0,0.0,0.0,,,0.003457648404171895,0.058801772117614746,0.0,0.0,0.0
site_4680c02330a5a24c,432,0.06912455548620018,0.035935462529736534,0.059049527550511946,0.08912249576590195,0.05941764668622621,0.059049527550511946,0.6666963955127394,0.7540842464726151,2.0641842019431795,15.524119812846184,1.7250687256320898,3.431297916666667,1.525157310699018
site_4689968a649fae30,327,0.08970362755125114,-0.07422802340984344,0.05036805869319678,0.06762547780490988,0.036381723938304585,0.0503680586931972,0.5379884197382059,0.6828132299973751,2.6312842402441214,-24.272563655018807,0.5493426278869448,1.495438116207951,0.4328269566084225
site_46c69a3772747cb8,125,0.05469799955916602,0.029962060937118534,0.04576184065545137,0.0555343636981644,0.06068572404574361,0.045761840655451635,1.0927598698272198,0.6932460279093293,0.37398389447181585,3.7452576171398166,0.2920422871338248,0.38550819391999996,0.46034463786951796
site_473ba30122663331,178,0.12769793339055954,-0.007661797133724345,0.1274678746072964,0.13794064349000282,0.05019557047564333,0.12746787460729642,0.36389253526486004,0.3826653851560921,2.9026036702151217,-1.3637998898029333,0.4716250054769804,3.3869165605056177,0.44848796257679924
site_47749587de8e2aac,260,0.11930343609853092,-0.08608710460011776,0.08259733825302505,0.06501185550949402,0.05212970154941043,0.06090856004572492,0.8018491572171424,0.4771537401127737,3.700660564878225,-22.382647196030618,0.4204452789646533,1.0989007527647057,0.7065515037439571
site_479c9178cadeeacf,620,0.03530460802043219,0.01497657282977335,0.0319705741855047,0.01884253296101925,0.038299040168360395,0.03197057418550473,2.032584485726631,0.5541044033977146,0.7727775154353461,9.285475154459476,0.24791937286071478,0.22012545000000003,0.9094262162469635
site_47cb8752f353f72a,342,0.08535737205930699,-0.06929427288132801,0.049841596189518354,0.0783111843808055,0.07484684542086387,0.049841596189518375,0.955761887815468,0.7891112859745526,2.491771289985869,-23.69864132541418,1.5818367239940931,2.0973634269005847,1.9159011921535039
site_4820638a678db67d,55,0.06310780299354941,0.042565224630182454,0.04659180669232257,0.024085275499104594,0.05136269419671966,0.04659180669232263,2.1325350502479883,0.4233462958809663,0.21904271392699542,2.341087354660035,0.028804336004365577,0.03190552727272725,0.14509694953301566
site_48ab6dd953268db1,549,0.1202948939255659,-0.10681596145321545,0.055328219593516144,0.08093169791951896,0.062278555116843395,0.055328219593516595,0.7695199374017232,0.7308426889947472,7.944502966005171,-58.641962837815285,2.0223365517160388,3.595916910746812,2.129361516665494
site_48bc99c681181b96,271,0.061384729522161556,-0.028479763448458317,0.054378195008926045,0.08908441765563256,0.05680764442143559,0.05437819500892631,0.6376832886872871,0.8107764623085819,1.0211510400159207,-7.718015894532204,1.1119338454997574,2.1506650701107013,0.8745463939370232
site_48c050cdab5aaa88,41,0.09137634943070949,-0.05959771992811342,0.06926578531030507,0.07604714558858423,0.03027255582925608,0.06926578531030515,0.39807616176721333,0.41306040627755103,0.34233512664660803,-2.44350651705265,0.0389878629660461,0.23710990243902438,0.037573533093852474
site_48c0bfa2a3485fb7,53,0.045551791802187276,0.03876859735722811,0.023915718583035313,0.02073045202482173,0.030595573948811256,0.02391571858303591,1.475875871504271,0.6258309632808342,0.10997318402866024,2.05473565993309,0.021037798563292565,0.02277683698113208,0.04961272469863043
site_48d263b97f32a2d9,49,0.11559747691159725,-0.08502487663395551,0.07831696509510506,0.09558676693190744,0.03775210625709923,0.07831696509510566,0.394951178587225,0.613603936535903,0.6547760567480356,-4.16621895506382,0.10849836068203558,0.44770467061224495,0.06983585481551824
site_48ec25901538e693,155,0.056562947234337926,-0.03684319634822107,0.04291789699741736,0.06592912790525561,0.054971718714761586,0.042917896997417576,0.833800180001766,0.7624491939732237,0.49590188497434695,-5.710695433974267,0.4283110258644146,0.6737307354838709,0.4683929280605047
site_4915d0b8a484d43a,129,0.03612771407389708,-0.019322410472973374,0.030526319426344047,0.028915219834970668,0.030338974211160667,0.030526319426344095,1.0492389262234858,0.4700367589766818,0.1683723124224787,-2.492590951013565,0.05319231901882693,0.10785560201550387,0.11873848294792588
site_496ac9a9ab00ede4,112,0.060752190098775666,0.02639703919206347,0.05471768382973133,0.04330095997280345,0.04912897319983471,0.0547176838297317,1.1345931644631373,0.3042788807476415,0.41337280340135096,2.956468389511109,0.07249783623857158,0.20999699107142855,0.2703294728590486
site_496ee2f5b79c4b73,149,0.08199414935428542,0.07232990985188709,0.03861896773802677,0.03571618627308364,0.05468617368506219,0.03861896773802707,1.5311313830355586,0.7103279422412617,1.0017330387215968,10.777156567931176,0.2067225169366438,0.19007124832214767,0.4455960612546055
site_49a35425669a6415,148,0.04736902564567997,-0.020768602619300018,0.042573345368466055,0.05371007784067009,0.04271680377137646,0.04257334536846638,0.795321948668461,0.6313427168885503,0.3320860394119208,-3.073753187656403,0.21437859571704992,0.4269463243243244,0.2700593480174578
site_49b410d6df2872b8,187,0.0750003524026901,0.06148891613190186,0.04294375453371118,0.03234914902423262,0.029890602039962477,0.04294375453371305,0.9239996396063322,0.04951182137227081,1.0518848849186804,11.498427316665648,0.00895257632872638,0.1956894117647059,0.16707479288823346
site_49b534f23930be14,386,0.0808306687688543,-0.046687548557093714,0.06598386032469797,0.09067607402182087,0.06329092987957703,0.06598386032469829,0.6979893049223359,0.6860131876503048,2.5219684472574113,-18.021393743038175,1.5196863196648156,3.1737500544041453,1.546216336738313
site_49f7a3a08cf1a503,75,0.1720736987010912,0.12157903573671978,0.12176984788527632,0.11224634495410332,0.04726368763978624,0.12176984788527924,0.42107106168233804,0.0004903014225911146,2.220701833850544,9.118427680253983,0.00019508515735466424,0.9449431466666667,0.16753921269834615
site_4a00a5537486f4ab,125,0.25018822629110526,-0.2472474322414398,0.03824729826672618,0.03517553695396845,0.03705870505514904,0.03824729826672648,1.0535363000611746,0.4402598762241189,7.82426857183616,-30.905929030179976,0.07173813722878693,0.15466480000000002,0.17166845254556617
site_4a15ec3df99b7e73,6,0.17185684989446584,0.16211401885350543,0.057042280343743666,0.07485908242973742,0.026273646592919975,0.05704228034374367,0.3509747346633639,,0.1772086611338938,0.9726841131210326,0.009121094942092895,0.03362329333333333,0.004141827031737932
site_4a51d234a3956647,115,0.06585063525885933,-0.006441621083280314,0.06553481274723202,0.058907450400313595,0.05586403067382545,0.0655348127472323,0.9483355720574193,0.3488605567152242,0.4986752088594626,-0.7407864245772361,0.13202379235366118,0.39906008695652173,0.3588908411595027
site_4a5737c09be72760,38,0.02992169214679662,0.023129480957357507,0.018982485916520703,0.02185333826562433,0.011912159426447168,0.018982485916520755,0.5450956408424427,0.4977195693983049,0.03402169111525148,0.8789202763795853,0.0049235301156577305,0.018147598947368424,0.0053921826036415765
site_4a605b11c85f3580,1259,0.06707570532910224,0.045078403632635156,0.049669787309085396,0.07569196006336819,0.06151999554283698,0.049669787309085556,0.8127679015226101,0.7566616997724789,5.6644301589542625,56.75371017348766,4.436020338602861,7.213154478157267,4.764949703152668
site_4a71668c00a356e4,95,0.12785912175446443,-0.12328132799964199,0.03390677192638132,0.062479687770774894,0.06702697375762222,0.033906771926382646,1.072780229048685,0.8652055020958439,1.5530557265031812,-11.71172615996599,0.3442162270971113,0.3708525814736842,0.42679844505497283
site_4accdc2358f08145,95,0.037509090899722285,0.021576062600863612,0.030682330790982038,0.05083074952184857,0.03869191635264849,0.030682330790982183,0.7611911434832875,0.7981292616370592,0.13365853051174478,2.049725947082043,0.14912264309823514,0.24545768421052636,0.142221117148833
site_4aee712beb09287c,127,0.07332840279798644,0.05184381412708852,0.05185820661823584,0.07957466134551537,0.06591470920311718,0.051858206618236,0.82833791672595,0.7614287716812438,0.6828859414267756,6.584164394140243,0.5072127285192566,0.8041800944881892,0.5517831089451006
site_4afa6fca34a02012,148,0.11454883755017038,-0.0929455497063495,0.066951930322283,0.07794481317353588,0.04354214446017308,0.06695193032228307,0.5586278635786975,0.5139761622725495,1.941972555246108,-13.755941356539726,0.25816759405164297,0.8991582972972972,0.28059591494020597
site_4b307595d7b7b6da,381,0.044782214566993855,-0.0055768742986864305,0.0444336045643489,0.07705495459330633,0.04323140279507029,0.044433604564348916,0.5610463729846354,0.8753731224714673,0.7640752085207494,-2.12478910779953,1.111010287580997,2.2621745564304465,0.7120715454868818
site_4b6df3933469a704,81,0.09848981840975933,0.06497616987934819,0.07401582045885496,0.07092734898485353,0.06689092216082884,0.07401582045885505,0.9430906853026938,0.42436832950422776,0.7857197907613769,5.263069760227204,0.16308307624558607,0.40748579555555553,0.36242603286961117
site_4b78a1e10bf476d7,14,0.06801169680518186,-0.040186382591724405,0.0548693498823481,0.08027062008592926,0.03319509638079872,0.054869349882348116,0.4135398025487227,0.8509075814532803,0.06475827263247978,-0.5626093562841417,0.031742489213390006,0.09020721428571428,0.01542680193222723
site_4c8563a6e25ebea0,268,0.11690365083282588,-0.09235505376155695,0.07167292112606542,0.09575181774208437,0.050286164776263347,0.07167292112606546,0.5251719075632945,0.681216269495339,3.662612238915597,-24.751154408097264,0.8790535803741373,2.457134041044776,0.6776911625986762
site_4cacd33e9c8aef19,344,0.109593591447177,-0.07638268503200177,0.07859033473394016,0.11485868936883369,0.055477402019596715,0.07859033473394084,0.4830057031335952,0.7920372120418503,4.131699818484017,-26.275643651008608,1.7361370305016985,4.538226372093023,1.05874329438632
site_4ce2c6daabd8ff5f,337,0.06305985541618414,0.026019667866675717,0.057441468028053846,0.06970245018239757,0.02567706542495756,0.0574414680280541,0.36838110221040643,0.6196998408700413,1.3400957880420865,8.768628071069717,0.373770238676791,1.6372914362017803,0.2221880391382547
site_4d238af0af441869,859,0.03915049039009965,0.021686704456375973,0.03259521050103968,0.04702692445781507,0.043299345662453116,0.03259521050103968,0.9207352205499696,0.7425265565367225,1.3166416111975598,18.62887912802696,1.2987724421891635,1.899705664982538,1.6104818345902774
site_4d43b32f897968be,48,0.09208857923500788,-0.06510676455373565,0.06512615169704682,0.1095045661148429,0.05318234438593172,0.06512615169704682,0.48566325837186314,0.9082008670104608,0.4070547084250715,-3.1251246985793113,0.25387670686841013,0.57558,0.13576136421042445
site_4d97122ac69c458e,260,0.09901672056636582,0.06043809059033027,0.07843180577745743,0.0693706956658196,0.0546135689781692,0.07843180577745744,0.7872714617316207,0.2168868842771069,2.5491208474466207,15.71390355348587,0.21364033290342638,1.2511962884615384,0.7754868982986438
site_4dd15b6db25eea2b,82,0.05276149998791359,0.03390960584253799,0.040421708432206556,0.05580522583253389,0.055355051466203446,0.04042170843220756,0.9919331145136591,0.7355684101420127,0.22826962223991765,2.7805876790881157,0.18632410805917735,0.25536630487804884,0.2512629012717346
site_4deb698afc5ebdb4,26,0.06413146509414332,-0.014867293401406363,0.06238436023586217,0.06699584902799761,0.026362989900230956,0.06238436023586246,0.3935018405276698,0.36565356600370935,0.10693396519315437,-0.38654962843656543,0.016791354078512927,0.11669953846153847,0.018070188148471666
site_4ea6d277e84496c8,413,0.02744610187932186,-0.0034620938404997677,0.027226869350141757,0.03454030199544042,0.021417462651461647,0.027226869350141944,0.6200716674188,0.6153555392043188,0.3111081539568575,-1.429844756126404,0.18800539615005257,0.49272240677966106,0.18944628275424963
site_4f3ef6ee56ee38cd,157,0.07601014459834075,-0.022959335351825514,0.07245971985912646,0.09598347449620769,0.040387718343065426,0.07245971985912684,0.4207778323826061,0.7214635524650508,0.9070741068521252,-3.604615650236606,0.4390963571298938,1.4464138980891719,0.256093343494529
site_4f44a81224b8cd25,260,0.1591892265983494,-0.1366062956255216,0.08173083787930498,0.10952095960005087,0.06480522704104855,0.08173083787930503,0.5917152961196154,0.6702773576308886,6.588714564894963,-35.51763686263561,1.2369016638035957,3.1186585538461538,1.0919265374788807
site_4f633f2c887097a9,136,0.11750222574048615,-0.1067078379002564,0.0491956337963113,0.06934305196606838,0.04021229693941809,0.0491956337963119,0.5799037653995266,0.7181923258226961,1.8777211353396703,-14.51226595443487,0.2723588561614537,0.6539504044117648,0.219915920219575
site_4f8f6e54cc9c215b,18,0.06580633675936706,-0.04983743200037215,0.04297329786385386,0.041864861956856694,0.03545460222325949,0.04297329786385406,0.846882100311158,0.3917636486339104,0.07794853123837003,-0.8970737760066987,0.0104669204056263,0.031548,0.02262651873857202
site_4f9a1ac96b88317a,129,0.056955242410874726,0.009510397774304529,0.05615560499412331,0.04478407758290468,0.06482007489554298,0.056155604994123844,1.447391090629197,0.5259905786568325,0.41846305331251393,1.2268413128852842,0.19697034136927866,0.2587241550387597,0.5420118321208303
site_4fa99e2fc956380a,143,0.0798959224764469,-0.06597122878253044,0.04506834145257001,0.060474649534694086,0.04894335126215722,0.045068341452570264,0.8093201306454633,0.6793425180802011,0.912820255255825,-9.433885715901852,0.2875357819498106,0.5229772027972028,0.3425495834862397
site_4fab225734bfdafc,402,0.10980637955488357,-0.06183277731611954,0.0907422098051746,0.08476233312631581,0.07441669626752928,0.08406055396400669,0.8779453505206244,0.4483640356787579,4.847091278362363,-24.856776481080054,1.1369205345985667,2.8882305530406476,2.2262135627162296
site_4fc1c31a5e50a546,49,0.11872810273135624,-0.10318262079783846,0.058734224635019684,0.06814158887892015,0.047865598752377156,0.058734224635019885,0.7024432441314054,0.5341921125321726,0.6907217565311866,-5.055948419094085,0.08537472211706394,0.22752053061224486,0.1122646616522549
site_503f0d34679d2c3c,109,0.06141272990794011,-0.04756277613442972,0.038849784055149196,0.05314165488150662,0.05744919531781039,0.03884978405515088,1.0810577022094734,0.7558503895814721,0.4110960500272706,-5.184342598652839,0.2515251193767089,0.30781986770642206,0.35974469465036807
site_50560992666c8105,554,0.06622004162981593,0.05668117624344808,0.0342394242520772,0.05346890775514346,0.04711190304570701,0.034239424252077565,0.8811083866057666,0.7753241803599443,2.429342028053824,31.401371638870238,1.0819945009646594,1.5838439494765342,1.2296204003578062
site_50a31a0d244519cf,60,0.0999605601852312,-0.07338864405552546,0.06786914259246696,0.040734251217154134,0.06739075732491435,0.06786914259246705,1.6544002973236083,0.2904385788988929,0.5995268155527136,-4.403318643331528,0.04783718636433284,0.09955675333333337,0.2724908503695298
site_51e9108791d53546,293,0.06563217997895188,0.04645491425576064,0.04636295924851497,0.06933977302760085,0.060898072579255225,0.046362959248516265,0.8782560126785331,0.7539154931867467,1.2621218332953328,13.611289876937867,0.9327736127463013,1.4087452081911263,1.0866125464533933
site_524c0b4f56437dd1,10,0.06941908207056885,-0.015082754576206208,0.06776075169236469,0.14756248337568734,0.08348049378933091,0.0677607516923651,0.5657297971652686,0.9803135699439789,0.048190089555203736,-0.1508275457620621,0.12076079936698078,0.21774686499999998,0.06968992843310517
site_52a99c537fd71479,333,0.08763496975313027,0.03875484180522037,0.0785999374063644,0.08652864379607587,0.04443969028543604,0.07859993740636449,0.5135835757482589,0.4270325947515314,2.557402678569475,12.905362321138382,0.5468096612432787,2.4932396636636636,0.6576370621976043
site_52efe15d6a747228,616,0.035335820864894556,-0.015167335219410334,0.03191507760507488,0.046588341192413354,0.05772633522491361,0.031915077605075136,1.2390725608044189,0.8336941606981368,0.769150065496685,-9.343078495156766,1.3811431895867305,1.3370116975974027,2.0527151435554467
site_53e750ed31ea8834,151,0.03737885328696253,0.0006864102699898712,0.03737255027409184,0.03583957158577833,0.053733186937664094,0.037372550274092114,1.4992697892344846,0.720495286532833,0.2109739796302887,0.10364795076847055,0.20951421807351098,0.19395570860927153,0.4359755621501713
site_545c918e740bed59,7,0.08893164721801869,-0.08633357993704933,0.021338951524459825,0.06309510799627198,0.0460542155063661,0.02133895152445985,0.7299173734529029,,0.05536186513837092,-0.6043350595593453,0.019763213983816762,0.027866948571428577,0.01484693536134768
site_5475cf38df836ff4,649,0.04128953722179399,-0.008579407770203882,0.040388360282418954,0.06925576466485667,0.043991517791799994,0.04038836028241896,0.6352036975504389,0.8370452471755849,1.1064319987094524,-5.56803564286232,1.655078154991962,3.112838249614792,1.2559796108194397
site_54c3846d0762e78b,725,0.07402216338270795,0.06953515659850219,0.025379965891980386,0.024181784164419177,0.03364122157754384,0.025379965891980393,1.3911802929348438,0.6590912922008556,3.972478487095825,50.41298853391409,0.38872607964812683,0.4239500468965517,0.8205055471913159
site_54c3cc61243c3e27,143,0.11152357049773161,-0.07927213839134138,0.07844383246263874,0.10409122170627527,0.05702036681529828,0.07844383246263874,0.5477922718228673,0.6682765455372972,1.7785634690484393,-11.335915789961817,0.5672001918890156,1.5494024883916082,0.4649390791404173
site_54f5633d7a10a0e4,93,0.08072101221715373,-0.010944476669834509,0.079975622809612,0.0946155407443864,0.06348375934116698,0.07997562280961214,0.6709654549528484,0.5482504738171756,0.605977008642655,-1.0178363302946094,0.3062577423094341,0.8325453511827957,0.37480745610811017
site_551190f45891f632,40,0.11814458638701474,-0.10789637717604639,0.04813018891343694,0.06036803790086274,0.06230151036900552,0.048130188913441146,1.0320280820012397,0.6925333012821532,0.5583257317023516,-4.3158550870418555,0.10418526218831538,0.14577199999999998,0.1552591277703721
site_554a93a7d6df9a9f,46,0.02777126448789795,-0.010955402151398038,0.025519057485689497,0.024483318652697546,0.01143346871833677,0.0255190574856895,0.46699015278621325,0.1409906288585245,0.03547718403781197,-0.5039484989643097,0.0018155004971701161,0.027573913043478265,0.006013313518926533
site_557840f3689665d3,108,0.0730292003738852,-0.006017039573634113,0.07278089956862582,0.08240330734702579,0.07008328236262473,0.07278089956862616,0.8504911346274292,0.554528800920772,0.5759925235829,-0.6498402739524842,0.3458652580671841,0.7333529466666666,0.5304599784056938
site_572718242301a76e,118,0.05730155163726195,-0.04937222891732798,0.029083514776807158,0.049265718038592386,0.0580281228303538,0.02908351477680727,1.177860084874788,0.8654904393347119,0.38744920276446015,-5.825923012244702,0.2919628676966969,0.2863990949152543,0.3973370386273261
site_572a1b583bd03d5b,234,0.08191764585519021,0.055388310217449804,0.06035425249070613,0.05137071270857845,0.07904445566321328,0.060354252490706146,1.5387066189177778,0.6457640518153187,1.5702571643747887,12.960864590883254,0.6135878152835827,0.6175143290598291,1.4620380772359232
site_57c9411d53d3b891,847,0.05652941958243417,-0.006910864434135283,0.056105393957264896,0.0605363880011129,0.04937920094129537,0.056105393957264944,0.8156945363239642,0.49429721967364565,2.706652260742877,-5.853502175712585,1.2515037070668558,3.1039621685714285,2.0652447463038994
site_5809bead57720978,62,0.04782614956638509,0.009990044135239814,0.046771140680148024,0.03910725932010139,0.04616062474581879,0.04677114068014804,1.1803594920314942,0.4078852053203005,0.14181511610546665,0.6193827363848685,0.04565188364588446,0.09482141935483872,0.13210980316930648
site_583630b60a1838c6,202,0.03333119329971464,-0.001199332765423426,0.03330960893947456,0.05820875358755118,0.04715810874078151,0.033309608939474766,0.8101549309048764,0.8201442628166272,0.22441562625015427,-0.24226521861553207,0.45476423281881184,0.6844283168316831,0.44922521844148944
site_58667ddb3903bbc2,535,0.10188688037678996,-0.08918787823286012,0.04925909833964506,0.05884529619790136,0.03996747122775622,0.04925909833964515,0.6791956844493139,0.5599114474924953,5.553800970209155,-47.715514854580164,0.7045171231865535,1.852581353271028,0.8546083346427139
site_5896b54480755cab,20,0.10100538191694192,-0.05553178751766682,0.0843700643076678,0.10300508482594439,0.025626260695107667,0.08437006430766791,0.24878636562855444,0.7857989342672896,0.20404174352374596,-1.1106357503533364,0.041484449859336026,0.21220095000000003,0.013134104744272401
site_58e380359cb64c9c,342,0.06709575332663352,0.0364931444442063,0.05630355693064825,0.05435285699174179,0.05395134909280574,0.05630355693064886,0.9926129384698755,0.45950099819004725,1.5396293191482113,12.480655399918556,0.460826294148526,1.0103477076023393,0.9954758395753565
site_591f3f72c730f39a,46,0.1036959383745573,0.09487627607324849,0.04184901281813854,0.07064923070792722,0.06573700861091,0.041849012818139256,0.9304702677184842,0.8140493245096544,0.49463099122747933,4.36430869936943,0.17391054921823998,0.22960043478260866,0.19878229785109935
site_5977dd6efaf94985,77,0.06907571458147423,-0.003305100183672718,0.068996598885142,0.08623716657354782,0.047761173566229546,0.06899659888514208,0.5538351439862785,0.6018090277564806,0.36740198456047946,-0.2544927141427993,0.19086174574159573,0.5726373651948052,0.17564698693260983
site_59c7d9e52ad4d8ab,85,0.06430453655601233,0.019997251042197735,0.06111614657714317,0.08565764802024312,0.054687938916633975,0.061116146577143336,0.6384478231728917,0.7036934661862017,0.35148124084309973,1.6997663385868076,0.2801948480819954,0.623664776470588,0.25421550635070655
site_59cc92ae49f9c2af,36,0.023364606448459117,-0.011591526577870053,0.020286481855805095,0.022148628137992246,0.01221020492358358,0.02028648185580537,0.5512849304936871,0.4217388087068668,0.01965257404168958,-0.4172949568033219,0.004105970758530828,0.017660222222222226,0.005367207753932568
site_59e0fe7c4ae0f849,113,0.0784866932023492,-0.02136961812466647,0.07552152296561301,0.09194447516960501,0.029450015614319723,0.07552152296561303,0.32030217759136553,0.6680025519891458,0.6960981941118848,-2.4147668480873112,0.2043938069111478,0.9552778761061946,0.09800528642425532
site_5a51afb7ef849491,62,0.08486135133369566,-0.04833326708693658,0.0697520196330098,0.0842079644066458,0.05158330372992417,0.06975201963301096,0.6125703678196637,0.5624750928403417,0.4464898349112177,-2.996662559390068,0.15148070175993827,0.4396408387096774,0.16497190786900373
site_5b0bcc4b6a2f87e4,66,0.033595073343315775,-0.02978128975936861,0.01554682389465104,0.027514066900595928,0.021082718280577468,0.015546823894651122,0.7662523449094629,0.8273130554719214,0.07448951089422255,-1.965565124118328,0.03167343809181316,0.04996357590909092,0.029335746666480894
site_5ba32085b805fa13,239,0.049254922396413076,0.028047294247599327,0.04048946363765833,0.06628595533113985,0.05821249535519403,0.04048946363765848,0.878202555343529,0.7960157831528255,0.5798253238861251,6.703303325176239,0.7341035359650225,1.0501248619246861,0.8098980130993583
site_5bf25e0531f88e2f,60,0.039805767148323255,-0.030732089518706002,0.025298967806627444,0.025621066147909523,0.02223007327595123,0.025298967806627933,0.8676482527158624,0.44822235564499213,0.09506994589599187,-1.8439253711223602,0.015317322489867608,0.039386341833333324,0.029650569471249666
site_5c129902816da317,37,0.040384277414160646,-0.013628401579083623,0.03801521448924255,0.043345335566963954,0.04932088196902164,0.038015214489242735,1.1378590412070082,0.6703551593018268,0.060342924903763764,-0.5042508584260941,0.05302490314760724,0.06951627027027028,0.09000432773348005
site_5c29c7471e58357f,54,0.05299711794376954,0.031192525389017886,0.042845313281633206,0.04978296172852363,0.041199971254688716,0.042845313281633206,0.8275918069993572,0.5704523338268122,0.15166950355867426,1.6843963710069658,0.0631816210705373,0.133830537037037,0.09166163209490752
site_5ca415a5fd8c11f3,149,0.10190114862477616,-0.08835256341559775,0.05077074579855508,0.08101702697285208,0.05265670389438218,0.050770745798555096,0.6499461392483196,0.7921561816299221,1.547192769566259,-13.164531948924065,0.5035319779221243,0.9780000402684563,0.41313654128807586
site_5cc61f026daaaf5d,1,0.18272010262012484,-0.18272010262012484,0.0,0.0,0.0,0.0,,,0.03338663590150895,-0.18272010262012484,0.0,0.0,0.0
site_5cf31f5c04158e4a,244,0.09691393745994248,-0.020894632456732575,0.09463469558511667,0.09776181710480544,0.04585367882372002,0.09463469558511675,0.4690346413524887,0.3016244264151235,2.2917239508534726,-5.098290319442748,0.32991327069137916,2.331998983606557,0.5130246062472041
site_5d503d0a92bc4d22,106,0.10032612984756352,-0.07015506700266083,0.07171888805637151,0.10222357348290118,0.054328094047799265,0.07171888805637151,0.5314634599120786,0.743444266739375,1.0669252270001586,-7.4364371022820475,0.4376528993452284,1.1076638514150943,0.31286343110385134
site_5d637e79fa207678,82,0.08943144763645153,-0.0780874431562133,0.04359283252642033,0.05495999437371328,0.044456126248545724,0.043592832526420336,0.8088815647661086,0.6336926262448317,0.6558346737608125,-6.40317033880949,0.12696113689125677,0.24768928048780486,0.16206046720418416
site_5d79652f78de4312,15,0.07539344032826445,-0.012004274768829351,0.07443163461731861,0.15182887823687122,0.08672718689350031,0.07443163461731914,0.5712166743285525,0.9505669609525289,0.0852625626679736,-0.18006412153244028,0.18775158735990527,0.345780124,0.11282407419690199
site_5de3489054d45a0f,49,0.11158888187645447,-0.09240882071426935,0.0625514860945392,0.0662025214340932,0.042348814666901484,0.0625514860945392,0.6396858269070783,0.40367900184807737,0.6101518493634281,-4.5280322149991985,0.05545593461455131,0.21475591836734695,0.08787768308088695
site_5e24def8042ec3b4,11,0.06992100887710866,-0.008237975895404813,0.06943402073579952,0.07891013824189748,0.03341405362123469,0.06943402073579968,0.4234443680583167,0.4782907422748055,0.05377842230631978,-0.09061773484945294,0.013872241136702627,0.06849490909090908,0.012281488773430216
site_5ec485e1198852d4,13,0.04029593246002998,0.011313450259428759,0.0386751601942478,0.12134433620484346,0.09372062299233787,0.03867516019424863,0.7723526777065761,0.9677862992167745,0.021108908246702873,0.14707485337257387,0.14307952806559893,0.1914178230769231,0.1141862172629351
site_5ed1da21a10b6003,106,0.08323566135124573,0.009044934504661921,0.08274276089414492,0.061833925136552746,0.04697583397321677,0.08274276089414559,0.7597097203432635,-0.14049663452307912,0.7343865839814017,0.9587630574941637,-0.04325866387102684,0.40528403556603776,0.23391327161279807
site_5edf4f1cdc32395a,114,0.07074061384254789,-0.047687362474307673,0.05225083642454414,0.05483182057204836,0.051631353271983794,0.05225083642454434,0.941631204897543,0.5196277938943692,0.5704827269375344,-5.436359322071075,0.16770399101000086,0.34274425438596495,0.30390081703938865
site_5f27021d111ffc54,10,0.059799196611344474,-0.04146711275577545,0.04308622140617621,0.03347372103606052,0.02664774486402285,0.043086221406177135,0.7960795525336372,-0.014478807473362172,0.03575943915362232,-0.4146711275577545,-0.00012915084362030184,0.011204900000000004,0.007101023063380563
site_5f52ef3c28075a93,123,0.03830356855608132,0.008744232900743562,0.03729211384606638,0.05230450635861821,0.05246895495639131,0.037292113846067065,1.003144061749586,0.7466306718314937,0.18046109378804187,1.075540646791458,0.2520301281683814,0.3364986504065041,0.3386179218085459
site_6009b70703dc2497,93,0.05749559983501065,0.0006219196870762809,0.057492236139243216,0.08207340859374809,0.05237981771829101,0.05749223613924507,0.6382069249440314,0.7181142809360643,0.307434192036054,0.057838530898094126,0.28710646060397554,0.6264521290322581,0.25515901329072954
site_613f62e07f148531,126,0.09048008441906483,0.07706896133176863,0.04740275177374674,0.04559188861389942,0.07034891487210017,0.04740275177374677,1.543013834497156,0.745254543931984,1.0315173552366184,9.710689127802848,0.3011758630864677,0.2619061587301587,0.6235701977839316
site_617d5a69b08b72f8,37,0.140113507108727,-0.09102567239387613,0.10651817609943395,0.07206473836561744,0.08431381098222396,0.10651817609943395,1.1699731782062588,0.07867142050393132,0.7263764103493697,-3.367949878573417,0.017686432872269606,0.1921530810810811,0.263026292726809
site_617d695493df2178,92,0.04966082781936404,0.03619672648155171,0.03399992370174166,0.06069567942568218,0.05440881600446749,0.03399992370174186,0.8964199185065134,0.8309597711734823,0.22689019941281596,3.3300988363027573,0.25246133761852985,0.3389248260869565,0.27234937182873575
site_6198a28ec3f8f86a,57,0.027823113337427256,-0.0018732860251476908,0.02775997902116118,0.016859985757086134,0.03298725248313935,0.027759979021162867,1.9565409460251195,0.541028234493929,0.044125161239877385,-0.10677730343341837,0.01715134305951365,0.0162027698245614,0.06202505310402384
site_621b9dc6415ad601,132,0.06000936298028764,-0.009567886705561116,0.05924170143817161,0.07593520439361019,0.029958766210214673,0.05924170143817192,0.394530658730085,0.6932324583349171,0.47534832117958903,-1.2629610451340674,0.20817084748997833,0.761132495151515,0.11847365281465566
site_621eb1eb5435955b,195,0.0572462893943369,0.004978165902694068,0.057029426734497554,0.11636337178523204,0.09262053812736964,0.05702942673449796,0.7959595593217792,0.8752679698763636,0.6390418416369331,0.9707423510253431,1.8394976791002047,2.6403846871794867,1.672819996185689
site_6277027d8a1380c0,524,0.06274137365401265,0.0424757771151894,0.04617670761816163,0.062282883298764025,0.03252846919732566,0.04617670761816213,0.5222698031060995,0.6922547949447784,2.062715503228035,22.257307208359244,0.7349022798754048,2.0326785572519084,0.5544450855603948
site_62a63d63c871f1e4,95,0.11825380296407059,-0.011630108337527832,0.11768051026199111,0.07877731837467375,0.09552576343109132,0.11768051026199115,1.212604914739038,0.09849056302493207,1.3284763819691967,-1.104860292065144,0.07041090650905903,0.5895572595789474,0.8668912905138182
site_63012b87359e4210,129,0.08077849383924371,0.06802893412944883,0.04355719444762079,0.04944230652162411,0.056334664687529346,0.04355719444762083,1.139402035438836,0.6679506478032065,0.8417462936348387,8.775732502698899,0.23999849708089532,0.3153458759689922,0.40939368346387117
site_6307ca95d0b03b26,71,0.0570904129619155,-0.04627994582283664,0.0334287580803917,0.04272980392679444,0.021150146949333485,0.03342875808039172,0.4949741165573412,0.6393879354827736,0.2314113829035055,-3.285876153421402,0.04102674624451869,0.1296343661971831,0.03176033883446644
site_63148af2428e7132,211,0.04659903486358603,0.01860681959520584,0.0427230185587251,0.05252273314395938,0.050054992830953556,0.04272301855872523,0.9530157673584502,0.6540225842131726,0.4581801805959359,3.926038934588432,0.36280220813689074,0.5820725118483412,0.5286609868417373
site_633f81ba98074791,63,0.06695903227863811,0.0276815650236039,0.06096919682541086,0.06551589945487049,0.03340683876661033,0.06096919682541103,0.5099042987209854,0.3863305050411674,0.2824612562325771,1.7439385964870455,0.05326987038103362,0.27041698412698406,0.07030906321183283
site_6367b6400c1e48bd,400,0.07650657121138575,0.047378097858786584,0.06007138488337088,0.07382420859675708,0.05288164704796257,0.06007138488337168,0.7163185092415001,0.5940030155922784,2.3413021754091354,18.951239143514634,0.9275822175273225,2.1800055099750004,1.1185874378021152
site_638a0536fcb5886f,372,0.035467556866875534,-0.00441931224958871,0.03519115328240445,0.046977141211981564,0.0336148415873995,0.03519115328240463,0.7155574119701009,0.6644143351637428,0.4679565035190786,-1.643984156847,0.39030093098143415,0.8209488682795698,0.4203442178798982
site_639be43d81e5bd5a,671,0.18797509222452205,-0.1552067919990878,0.1060447406247451,0.10708313036524551,0.025567522389172353,0.10604474062474517,0.23876330755334785,0.15979836172703227,23.70954028416459,-104.14375743138791,0.293565182581344,7.69422065871833,0.43863149295207665
site_63bba9458fdad7de,128,0.11664255437081741,-0.06342479131482542,0.09789168165283474,0.09727780967856633,0.04786048171215153,0.09789168165283475,0.4919979373538141,0.2331322178020811,1.7415021427390842,-8.118373288297654,0.13893226424055174,1.2112604487499998,0.2932000908440564
site_63e7e96910147c52,10,0.02711490814830974,-0.006859884665012364,0.026232808204117265,0.038586252733324604,0.03971127909131233,0.026232808204122385,1.0291561444373196,0.7758629820663665,0.007352182438912739,-0.06859884665012364,0.011888621803969147,0.014888989000000004,0.015769856870681
site_63fc50b0256f0fb6,2,0.05843954703107215,0.026271556317806255,0.05220139831304549,0.10999999999999999,0.05779860168695498,0.05220139831304602,0.5254418335177726,,0.006830361314393789,0.05254311263561251,0.012715692371129989,0.024199999999999996,0.00668135671393455
site_6411ebbe96528026,629,0.19196118480553512,-0.16849989144396516,0.0919613128185802,0.11932053666975967,0.050210884290639066,0.09196131281858021,0.420806725246354,0.6928206907059148,23.178081680853282,-105.98643171825408,2.610865879725006,8.955318606359302,1.5857925948849574
site_651ac46c08004df7,214,0.08538289062960605,-0.04987736763012744,0.06929997265913158,0.10170371982012809,0.05447407993321225,0.06929997265913336,0.5356154133747951,0.7678928885297561,1.5601109346251958,-10.673756672847272,0.9104186805212993,2.2135403778037386,0.6350290322979795
site_651b6ffa617fc102,117,0.10862140167398956,-0.06499039362455025,0.08703365807633388,0.09794072622190715,0.05038469327413605,0.08703365807633388,0.5144406746584458,0.4616423605405128,1.3804372414897952,-7.60387605407238,0.2665345135667258,1.1223091447863247,0.2970182260104661
site_653b7646a624636a,25,0.05924679177356862,-0.03771664743423462,0.045690664711538626,0.08456618709626207,0.07368078389638741,0.04569066471153862,0.8712794844648282,0.841985595607634,0.08775455838651496,-0.9429161858558656,0.13115826342254877,0.178786,0.13572144788965357
site_655489b2dd82c473,432,0.09894271498006836,0.09288513294165884,0.03408831069497882,0.02658597445743731,0.04469483461114318,0.03408831069497882,1.681143366879298,0.6490308912617463,4.2291334861748835,40.12637743079662,0.3331647401900134,0.3053436643518519,0.862975400076335
site_655b8133c0a83295,77,0.09243956215912456,-0.04886841539748303,0.07846623878273826,0.08222761501634823,0.06103577045558371,0.07846623878273835,0.742278253400014,0.43135540660377064,0.6579705942171403,-3.7628679856061935,0.16669711973044002,0.5206263116883117,0.28685312618321634
site_657937702d0a4647,131,0.09862453354512342,-0.082751637506121,0.05365598854786596,0.062484535001768836,0.03797753770455025,0.053655988547865976,0.6077909950594202,0.5199402113673082,1.2742106188261058,-10.84046451330185,0.16163077222226002,0.5114655419847329,0.1889404314831702
site_6641dc35f7f7b1d6,5,0.0308925412011622,0.0024596344947814984,0.030794468659445722,0.028336548837146692,0.021162455289255446,0.030794468659449327,0.7468254306788888,,0.00477174550932752,0.012298172473907493,0.0007562755346298211,0.004014799999999998,0.002239247569348679
site_667d683049a1748d,80,0.07307544529607134,0.02525084214508534,0.0685741618700739,0.09123269613329422,0.038311572967449796,0.06857416187007427,0.41993248682988854,0.7279507111616981,0.42720165641752916,2.020067371606827,0.20355063163228332,0.6658723874999999,0.1174221298592184
site_669ad6ba4bcd30e6,57,0.06442134233304692,0.05222780780415785,0.03771426043240898,0.05604167314564009,0.057593511572696064,0.03771426043240901,1.0276907940100768,0.7800314367658313,0.2365562328355225,2.9769850448369977,0.1435065135317936,0.1790181403508772,0.18906971679063367
site_66c5aa948cb00d80,6,0.02141466963658083,0.0025704192320505823,0.021259845263204565,0.024451766580124407,0.031377556041193945,0.021259845263204565,1.2832429075574099,,0.0027515284538633823,0.015422515392303493,0.003391376674175262,0.003587333333333333,0.0059073061387096
site_66cab69faab895b3,471,0.09312404074992141,0.017385238614558162,0.09148683207931017,0.08392976881627574,0.05324349713125196,0.09148683207931031,0.6343815535558456,0.16886687082266139,4.084552960794314,8.188447387456895,0.35542499237483854,3.3178210700636943,1.3352237637666144
site_67582d7e0a88b810,49,0.03397925735373332,-0.010693673726247282,0.03225267853291891,0.03787679230415345,0.058110825582418354,0.03225267853291896,1.5342066222446746,0.8567005086492073,0.05657490658525075,-0.5239900125861168,0.09239646222807316,0.07029791836734692,0.16546653444364212
site_6770b4e6f1f2e8bb,271,0.0789097157012216,-0.021489855314972665,0.07592713184750995,0.062007567659929944,0.04772150088789521,0.04358124153798203,0.7696076896551682,0.713555433118455,1.6874474158849049,-5.823750790357592,0.5722104675538539,1.041978319164314,0.6171595863352068
site_68221dfdbb1b1ea4,128,0.12634969072602617,0.0498998588938266,0.11607863037156606,0.12578338095050492,0.055260941731649874,0.11607863037156671,0.4393342054734143,0.38850910622198737,2.0434232763599955,6.387181938409805,0.34566285923006945,2.0251467421875002,0.3908827751768067
site_68322e90dd9563bf,434,0.10782658392473926,0.09175826712687443,0.056630315333326464,0.05430036750745142,0.07038306697438768,0.05663031533332653,1.2961803060491126,0.614276123284208,5.045932335181416,39.823087933063505,1.018883010710714,1.2796619815668202,2.149938834656975
site_68a69fed5c9dc2db,169,0.08948378676281973,0.007160433836237214,0.0891968400824304,0.09944242756834856,0.03388482036726405,0.08919684008243076,0.34074812125814613,0.4571627813835941,1.353241827786931,1.210113318324089,0.26033614897630974,1.6712065917159762,0.19404259767337617
site_68bc9d9136a91d21,185,0.04893604488631212,-0.0066777953934025166,0.048478279030912466,0.042326490573122995,0.04022190016333978,0.048478279030912584,0.9502772287216362,0.3110776676905176,0.4430262504863036,-1.2353921477794656,0.09797503052482734,0.33143338378378384,0.2992932317586894
site_68cc6a1e0541208f,9,0.08099601622864763,0.035791160525216,0.07265911830713039,0.08518190267427629,0.018588237128912333,0.07265911830713069,0.218218148988655,,0.059043191804202165,0.32212044472694396,0.010449592333204215,0.06530360888888889,0.0031097030360460742
site_68df3e54f8cc23c6,117,0.03823936130365348,0.014203200886392185,0.03550377215863322,0.05615548658312375,0.04324385468959305,0.03550377215863335,0.7700735461633236,0.774786538012047,0.17108310409062807,1.6617745037078855,0.22013268055212803,0.36895232478632484,0.21879362330451269
site_68e0a7cac180b7fb,385,0.0745541347749425,-0.041385353055093194,0.06201267261250379,0.0833265780137073,0.03502973720543386,0.06201267261250441,0.4203909249659987,0.74083001843896,2.1399528196355115,-15.93336092621088,0.8325296840650308,2.6731776623376624,0.47242675814247664
site_694aad5289524593,35,0.11826689331423301,-0.08779990858180182,0.07923530846300414,0.13300396188667096,0.07392022561607463,0.07923530846300422,0.5557746142860017,0.858246739024758,0.48954703189700605,-3.0729968003630637,0.29533034169546196,0.6191518857142857,0.19124699142959817
site_69670e737191984a,288,0.12933547529524567,-0.11264206440208685,0.06355651419865015,0.09884129238454399,0.05631061340288784,0.06355651419865015,0.5697073767895535,0.7996185354820389,4.817567568915965,-32.440914547801015,1.281752030156139,2.813645111111111,0.9132149323611334
site_697fb58ab8720f1f,11,0.10809211616235721,-0.017357551689581443,0.1066893667419581,0.08030020944159258,0.08239872865109622,0.10668936674195811,1.0261334213708375,0.14018100565215588,0.12852296134102179,-0.19093306858539588,0.010202792291343212,0.07092935999999998,0.07468505531648684
site_69dbfe52882f2d4a,41,0.014206539898786901,0.0035772762356734854,0.013748777059415499,0.02210281421431991,0.01686648951969144,0.013748777059415511,0.7630923988296487,0.7832468817104892,0.00827485681172879,0.1466683256626129,0.011971671882762415,0.020029910243902438,0.01166361721743231
site_6a1c5e38a054464b,129,0.06568006878397148,-0.037820858876649724,0.05369780320739174,0.07102085268098324,0.03100446649718418,0.05369780320739179,0.43655441080737734,0.7088637436144815,0.556489415175272,-4.878890795087814,0.20135509309109098,0.6506710355038761,0.1240047256179771
site_6a31951f1e7ac87b,178,0.0292277530484006,0.008572800234797296,0.027942237641115107,0.05379300759112447,0.0510475152799857,0.027942237641115114,0.9489619109604914,0.8592077400219896,0.15205855558997572,1.5259584417939187,0.4199703375434273,0.515076404494382,0.4638410892943465
site_6a5dcbf93bf1dcc1,110,0.06994977622314112,0.03167283752723173,0.06236828165535027,0.09400310395789603,0.07362678628860539,0.06236828165535052,0.7832378207594379,0.7489860775086271,0.5382268313034272,3.4840121279954905,0.5702226560946214,0.972024190909091,0.5962994025106767
site_6a951d61e5b0518b,6,0.026891965655050584,0.0005083042581876113,0.026887161314901365,0.057964376032947074,0.07641764200605357,0.026887161314902402,1.3183552939932903,,0.004339066900754521,0.0030498255491256676,0.025429816365242,0.020159213333333335,0.03503793605859218
site_6af774998b80a846,413,0.19989077585947335,0.18753046786987176,0.06920004258820377,0.06786904268052094,0.03817606311830557,0.06920004258820377,0.5624959718086973,0.24604133768814865,16.501961099039015,77.45008323025704,0.2632818946347326,1.9023634721549638,0.6019110714229075
site_6af9b829a3e0be45,70,0.12203815632199114,-0.0630986798746245,0.10445988797883327,0.14303219275137086,0.06744314793806822,0.10445988797883596,0.4715242536713597,0.7305684846049424,1.042531811892952,-4.4169075912237155,0.49332213596786784,1.4320745714285716,0.3184004742657308
site_6bb6d38be9a11acb,136,0.09228291652850075,0.055590971356542666,0.07365989809008895,0.08791988948726233,0.06494650405711454,0.07365989809008895,0.7387009291739824,0.5711096837059881,1.1581945888888483,7.560372104489803,0.44350788436346306,1.0512673475735292,0.5736545809367481
site_6caf07a2afe1dffd,660,0.17598133774175165,-0.17158993918588666,0.03906819683016064,0.03945644272308343,0.028311515200942133,0.03906819683016142,0.717538461326593,0.37241511812157996,20.439824614028467,-113.2493598626852,0.27456949138505893,1.0274951757575757,0.5290176493622971
site_6cb3e406456efe20,55,0.08160111386471808,-0.07549915756659074,0.030961572807236232,0.028467427580620118,0.03141594285607808,0.030961572807236236,1.1035750514200036,0.4689185741191171,0.36623079811794773,-4.152453666162491,0.023065264967151666,0.04457169381818181,0.05428288060449998
site_6cb8ba95bd0dee4d,341,0.05759468103246526,-0.007289603658610425,0.057131505859129836,0.0826569448695578,0.05064514392809864,0.057131505859130086,0.6127149268343093,0.7325416756566969,1.131147223581912,-2.485754847586155,1.0456922161674393,2.3297701524926686,0.8746413357927589
site_6ccc6476b82407ef,37,0.07600458969492851,-0.05400133976420841,0.053484137446208835,0.08007879611082781,0.03997180894490566,0.05348413744620885,0.49915596744967655,0.8044323857072727,0.21373781322369406,-1.9980495712757111,0.09527141356266834,0.2372667027027027,0.059116583882137475
site_6ce971c90b49aeb0,57,0.07936124689648064,-0.062225477374645705,0.0492564460193954,0.0547489648069256,0.036145474620822085,0.04925644601939554,0.6602038001684696,0.4744355670633637,0.3589978280109569,-3.546852210354805,0.0535157897431861,0.17085460140350875,0.07447023412717613
site_6d0e46f32994dd93,485,0.057601387127495345,0.03538896862624846,0.0454482199715455,0.04810719996959778,0.06324689170700301,0.04544821997154555,1.314707398205945,0.6982331224084611,1.6091911025206194,17.163649783730506,1.0303658404755838,1.1224368041237112,1.9400821156397223
site_6d48a42f8098677d,204,0.05406126106362665,0.0466010885890208,0.02740362184288475,0.059571649550932755,0.05523008910722614,0.027403621842884765,0.9271203588211091,0.8887421703529823,0.5962144693490774,9.506622072160244,0.5965149396561524,0.7239514117647059,0.6222739995295965
site_6d6ecd1531a550b1,62,0.09713792072625074,-0.06958708246965563,0.06777472682630833,0.10573485972901592,0.04895845772483219,0.06777472682630849,0.46303043149918643,0.8676882869243366,0.585018089867201,-4.3143991131186485,0.2784847039981715,0.6931513548387097,0.1486096961332392
site_6d764ff710881490,548,0.0477955485828786,-0.03619103917479515,0.03121895494385984,0.04997190946629732,0.03939613148912946,0.03121895494386002,0.7883655419591179,0.7808766940786902,1.251859126457393,-19.832689467787745,0.842446911398974,1.3684610711678833,0.8505262366172104
site_6eaed325c7afd5f2,128,0.013062145924556835,0.0018130351489409808,0.01293570870509696,0.016433540379043356,0.01564992458237045,0.01293570870509705,0.952316069538357,0.6758765679555981,0.021839315987765343,0.23206849906444554,0.0222495250637061,0.034567839921874996,0.03134977784753701
site_6ec0b265c8640204,38,0.021705829956279687,-0.0002963781325440661,0.021703806442499397,0.027717310610505204,0.018844030792347668,0.021703806442499828,0.6798650510199769,0.624434499548612,0.017903436055455288,-0.011262369036674512,0.012393540207884815,0.02919347368421053,0.013493704867111989
site_6ed688016a61001c,62,0.04497360149118907,-0.011192530658168175,0.04355860521819138,0.04897456784950518,0.02559294151688348,0.043558605218191486,0.5225761582119212,0.46120626472453363,0.1254027395274736,-0.6939369008064269,0.03584080075232253,0.14870751435483873,0.04060991664017033
site_6f1d891d977773b1,32,0.03549664735457309,-0.010540441446006299,0.033895590679883916,0.05133711156110655,0.04628743620028387,0.033895590679884034,0.9016369404653385,0.7636179758380343,0.04032038314927747,-0.33729412627220157,0.05806583529431373,0.08433596874999999,0.06856085599985118
site_6f28bfb579cd23b2,141,0.07718287103703468,0.013785242841937016,0.07594183735799623,0.09158899281270898,0.07131770356126241,0.07594183735799712,0.7786711194335385,0.5899949594043074,0.8399645769942533,1.9437192407131194,0.5433855027994999,1.1827846482269504,0.7171562926165462
site_6f4dcb1e04a51328,266,0.05102195184899606,-0.015491719121861279,0.048613230803255914,0.04702640402698127,0.0443295222630158,0.0484093510366902,0.9426517544820535,0.43967018346572784,0.6924617257480183,-4.1207972864151,0.24380548561368504,0.5882543917385621,0.5227183407218787
site_6fa03518f2e15749,74,0.0635845930095604,-0.015639617280380148,0.061631183985987756,0.10000801647926467,0.049548551394969796,0.06163118398598776,0.4954457966401426,0.8736446566309952,0.29918203464616644,-1.157331678748131,0.3203556002398601,0.7401186486486487,0.1816743619551573
site_70208b23c7d145de,47,0.18793811717980266,-0.17841877288387176,0.059054867468335034,0.047286902566868266,0.036230205969779064,0.059054867468335555,0.7661784554094242,0.017861632998295136,1.660074586787194,-8.385682325541973,0.0014382377710431171,0.10509440425531914,0.06169350775679289
site_7062702ffcf77fca,399,0.04959855941072855,-0.03968508704951532,0.02975081446770761,0.08608693131198943,0.08014738105156419,0.029750814467707717,0.9310052040431133,0.9384147254721293,0.981546821152208,-15.834349732756614,2.583415568394246,2.956972937343359,2.5630174730804276
site_70a4655a50185729,555,0.03563849976219505,-0.017784032534371625,0.030884152119110997,0.058908875635183995,0.03782525847043737,0.03088415211911126,0.6420977834424293,0.8857144761204571,0.7049069792414869,-9.870138056576252,1.0953410499682565,1.925991873873874,0.7940663489872438
site_70a6cc65be0123f1,70,0.03669473560338671,0.010595176478794646,0.035131835368873814,0.06977799928110198,0.04893882021137252,0.035131835368873814,0.7013502925789196,0.882868386853229,0.09425525347017191,0.7416623535156252,0.21104060078391007,0.34082784285714285,0.16765056865767303
site_70dba7fc35b9a591,3,0.08125634561784796,-0.07138903645674387,0.038809781974971896,0.08112678691748833,0.042759959321176245,0.03880978197497317,0.5270757162448223,,0.019807781109501477,-0.21416710937023162,0.010355655749638875,0.019744666666666667,0.005485242363445941
site_70ecc850263e23bf,307,0.06699538167644074,-0.033620604948422804,0.0579485641657674,0.06720525191563823,0.05219498448951594,0.05446699577859174,0.7766503807624372,0.6092474753433013,1.3779330179533957,-10.321525719165802,0.6560910295801716,1.3865795867086295,0.8363651365992686
site_719e76f9794e1f46,104,0.10576107078074719,0.060326464880659035,0.08686841616889783,0.12703211367949516,0.058873762896283176,0.08686841616889894,0.4634557450946852,0.8060826441420123,1.1632820256397824,6.27395234758854,0.6269721190592561,1.6782644222115386,0.360476475587048
site_71caeba631cb8f76,161,0.05963106322174067,-0.01695623685780519,0.05716948252850679,0.07159939162224704,0.04852713073306584,0.057169482528506774,0.6777589813764242,0.6062728099761505,0.5724940558537925,-2.729954134106636,0.339146948005259,0.82536213378882,0.3791360691666341
site_71e9fd683ed1988c,57,0.10265552506698593,-0.08778738853387666,0.05321213434152737,0.09840002589914755,0.05692389734351054,0.053212134341527474,0.5784947394409545,0.9008034360339181,0.6006749391263788,-5.003881146430969,0.2876038724195801,0.5519062105263158,0.184698815060148
site_72da2835c7ea074f,53,0.052744049789466424,0.040613221917512286,0.0336526521045907,0.02941610428270942,0.024534061111670186,0.03365265210459104,0.8340350195892913,0.23190243548720213,0.1474425437742668,2.152500761628151,0.00887024833143882,0.045861281132075486,0.031901768195451874
site_72f791e7a3b14404,210,0.08670803328491256,-0.0022889679538636,0.08667781528074925,0.09892015738002866,0.05336123210967645,0.07323440463911447,0.5394373960069108,0.6885799535546964,1.5788394375888755,-0.48068327031135594,0.7632807635782193,2.0548914825788236,0.5979584293751807
site_734432da6e99253a,201,0.054810725859551525,0.028222918009876613,0.046985982678440306,0.05636410211409862,0.04242340292458192,0.046985982678440424,0.7526670581694648,0.5790030804787037,0.603847349519433,5.672806519985199,0.2782819427344114,0.6385593134328358,0.3617487682559865
site_73483f87b1a225a5,300,0.08709406469579782,-0.060840677210092536,0.06232004574655848,0.10228068846724357,0.05884188891000102,0.062320045746559326,0.5752981309746046,0.8341035428864848,2.275612831570745,-18.25220316302776,1.505987853296548,3.1384017699999998,1.0387103671490705
site_734a8ec3d3587deb,510,0.08802874805684391,0.08353658885710379,0.027761462615908818,0.03817370726275138,0.03621198345021905,0.02776146261591076,0.9486106026058801,0.722627100127424,3.9520208470722036,42.60366031712293,0.5094494205766741,0.7431882823529411,0.6687669501534586
site_73fced68c3c0a0ff,515,0.07346390604364203,0.0316084081372011,0.06631631794830879,0.06600998664793696,0.07048446736806237,0.06631631794830882,1.0677849056990414,0.5295362860970176,2.7794269279623682,16.27833019065857,1.268837546183762,2.2440189436893205,2.5585509721821156
site_741bd07218da164c,66,0.026522880656906937,-0.020094779603409045,0.01731077788636155,0.022582272244902273,0.009088944742500925,0.017310777886361556,0.4024814085992904,0.7135354378017721,0.046428571090474866,-1.3262554538249969,0.009665861873057756,0.033657295303030306,0.005452188491127524
site_74428aba30f813ae,171,0.03356125099802885,0.0005488915729940989,0.033556762158971604,0.05189618521505716,0.07012262616404324,0.03355676215897169,1.3512096481360998,0.8909271748446783,0.19260714422251038,0.09386045898199091,0.5544111087677424,0.4605396008187134,0.8408382417243099
site_7463527a899d9995,969,0.07449230871713987,0.015934862907210863,0.07276801634054668,0.087765574681036,0.08782253456931048,0.07276801634054686,1.000649000345312,0.6565048234267844,5.377081832211372,15.440882157087326,4.903338390701527,7.4640094200206395,7.4737008532542255
site_74ac127e792b6d34,11,0.11193565420761639,-0.11044230513789435,0.018223279581768503,0.020652008486959673,0.02162766694051205,0.018223279581768514,1.0472427877496002,0.6293154824978243,0.13782549751175777,-1.214865356516838,0.003091954322159291,0.004691559999999998,0.005145315750186896
site_74d6733a337aa5b5,241,0.05591299183361119,0.019042501906883665,0.052570388784103576,0.06300647379505633,0.06926510016630552,0.05257038878410358,1.0993330684019373,0.6878572518625474,0.7534293000442986,4.589242959558963,0.7234607997389504,0.9567255933609959,1.1562346383526494
site_754a56eb31e06ac7,75,0.0753687489277349,-0.035560234692891435,0.06645237409994033,0.11176147139729725,0.05265552730442062,0.06645237409994037,0.47114203710898894,0.9216289325122824,0.42603362361989555,-2.6670176019668577,0.4067742382903895,0.9367969866666668,0.20794534167799394
site_756658a5e0df9526,54,0.18116738142485023,-0.17187049416082875,0.05729008054846575,0.05108336622828042,0.04701294946883893,0.057290080548468146,0.9203181571619284,0.32011729279651957,1.7723674849862072,-9.281006684684753,0.041514508630500914,0.14091355648148152,0.11935174055901854
site_75a0a6603ab1116e,378,0.05598077979295057,0.024487927459535142,0.05034073017908429,0.09667253597122769,0.07332897770576348,0.05034073017908564,0.758529575841355,0.8596913556573204,1.184594432953739,9.256436579704284,2.303631993760744,3.532628941798942,2.032558531178751
site_75b87fcb8d56b55c,180,0.11827538046600032,-0.10541309139225218,0.05363903231328675,0.07387945143573038,0.06680639017001397,0.05363903231328683,0.9042621306972014,0.7136005302067946,2.5180318123878838,-18.97435645060539,0.6339709192038079,0.9824712019999999,0.8033568781586651
site_75f094d197034591,390,0.043505986064075006,-0.027326987163225815,0.03385271918160166,0.03546651326878781,0.02602814302279815,0.03385271918160168,0.7338793871712258,0.42753098238099374,0.7381806211289207,-10.657524993658068,0.15391958335103134,0.49057068974358975,0.264211049393942
site_76b0c722c519421c,779,0.03173222924388706,-0.00771229193613067,0.03078075577172358,0.040418565595877066,0.03841831173733677,0.03078075577172366,0.9505115080396537,0.6962113666761651,0.7844018764007621,-6.007875418245792,0.8421660702239449,1.2726214865211811,1.1497780411860599
site_7701ccd363543751,52,0.02426063212006799,-0.004268138378858566,0.02388223745054448,0.04547414572033303,0.02900074618815119,0.023882237450544495,0.6377414183106682,0.8866424154219353,0.03060607008499429,-0.22194319570064547,0.06080307851330593,0.10753069230769231,0.04373425053241742
site_772df34a4c6e4a0a,60,0.24626675559498076,-0.240562482153972,0.05269731578740894,0.044547060602618135,0.028471606442519583,0.0526973157874095,0.639135468364578,0.0071219407210417925,3.638838894676679,-14.43374892923832,0.0005419767165929107,0.11906643649999998,0.04863794240506336
site_783ea304b6cb08b0,11,0.16750128218895124,-0.16554211491237988,0.025543839282282866,0.03451624841952958,0.043803346641719525,0.025543839282282866,1.2690645318491576,0.8127431221463296,0.3086234748843695,-1.8209632640361788,0.01351689271181822,0.013105085454545456,0.021106064947161052
site_792ac7c0f3887a80,3,0.169690359450509,-0.0310914982318878,0.1668176754068329,0.15293900745068276,0.014276847465050129,0.16681767540683357,0.09334994193455773,,0.08638445427132885,-0.0932744946956634,-0.006350952681899071,0.07017102,0.0006114851206209249
site_794f4adab7e8609a,986,0.07046901698636658,-0.002465804566355315,0.07042586288335673,0.08664961290865873,0.06571194730112102,0.07042586288335743,0.7583640029689569,0.6029606621386162,4.896360002054475,-2.4312833024263405,3.3851417433228983,7.403041241379311,4.257607177851833
site_79798e714cfe0874,3,0.11754889511204082,-0.07318679734071097,0.09198606110205654,0.07258178528773977,0.059512709023625134,0.09198606110205654,0.8199399999282987,,0.041453228226184725,-0.2195603920221329,0.0005226639807224273,0.01580434666666667,0.010625287605992018
site_7a906ff08163d278,8,0.15001956351859483,0.14682705788910388,0.030784484889948085,0.04675608082110818,0.02697518589963912,0.030784484889948137,0.5769342816145764,,0.18004695550647765,1.174616463112831,0.007864428952522578,0.01748904875,0.0058212852345607136
site_7c54957b5bc14b62,396,0.022599821176156755,0.007327257754450493,0.02137903671810562,0.022025910320260998,0.01821662263430854,0.02137903671810562,0.8270542451792149,0.4485157523822458,0.20225775920892824,2.9015940707623953,0.071264725219289,0.19211572727272727,0.1314107547195177
site_7ce6c15ef40a9887,868,0.11407001812177889,-0.09312922088990014,0.06587045810333457,0.07566468504602744,0.05074598118627011,0.0658704581033347,0.6706692977761147,0.515848101513157,11.294389121774973,-80.83616373243332,1.7192397528150287,4.969425480783411,2.2352341984917192
site_7d5d2b00a197b946,177,0.07906112499685446,0.016233309984341852,0.07737661877285999,0.09956295488153498,0.09240094770350993,0.0773766187728615,0.9280655421833676,0.6773895106018542,1.106367082980979,2.873295867228508,1.1030264749847813,1.754562411299435,1.5112145191616995
site_7dc3504cdb8699cf,179,0.056607760332804936,-0.044905593044931004,0.03446630591141628,0.043815180527190765,0.046150138035833295,0.03446630591141741,1.0532910621512446,0.7076089502685801,0.5735944968514348,-8.03810115504265,0.2561202742748754,0.3436388379888268,0.3812405080900376
site_7de361dfa684e7f9,3,0.09106825503130042,-0.09062984824180603,0.008925115243691996,0.04027681991198192,0.03485759838623009,0.008925115243697525,0.8654506106094124,,0.024880281223337925,-0.2718895447254181,0.004136425058046978,0.004866666666666669,0.0036451564957671323
site_7df014884b3dac8e,148,0.16364628900346115,0.15741683773535325,0.04472188616332934,0.03602433790981813,0.053642800102010064,0.04472188616332949,1.4890710895588777,0.5628243739852956,3.9634559698814416,23.297691984832284,0.16096893087381847,0.19206743243243243,0.4258774004120632
site_7e8e5e3d7101de47,48,0.05252754295985556,0.040190652021269,0.03382091452791803,0.059163375348596274,0.03766945514708908,0.033820914527919584,0.6367022659734514,0.8470228597861558,0.13243885293117463,1.9291512970209121,0.09061052578110247,0.1680146391666667,0.06811141685177069
site_7f0acd7df3af84c3,388,0.09727567792182391,-0.03600703726954682,0.09036620376125075,0.09903529517662706,0.03366114325518994,0.09036620376125074,0.3398903713585758,0.4162132723297611,3.671472315878363,-13.970730460584166,0.5383522259071469,3.8055,0.4396321553156107
site_80ae082a98e7f1d4,133,0.0715217586673866,-0.03194097884615561,0.06399324834094085,0.08540269575418945,0.048755738571400815,0.06399324834094114,0.5708922668171056,0.6695219391951059,0.6803431410624934,-4.248150186538696,0.3707778423912543,0.9700515187969923,0.31615723180448985
site_81129771a744e168,1,0.040865172863006616,-0.040865172863006616,0.0,0.0,0.0,0.0,,,0.0016699623531234123,-0.040865172863006616,0.0,0.0,0.0
site_8126bf120df6e8fa,258,0.04537666863198508,0.030317165214423986,0.03376257616797478,0.05492842855649593,0.0435179414262408,0.03376257616797479,0.7922662739473965,0.788795995923272,0.5312328504833405,7.8218286253213885,0.48646312028134986,0.7784201240310078,0.48860329630225297
site_814a74a697656439,144,0.07735485080822745,0.06919293109327554,0.03458484104755071,0.03232151845992938,0.04662055469475687,0.03458484104755072,1.4423998907277433,0.6709524209795376,0.8616633038730902,9.963782077431677,0.14558727206289768,0.150434,0.3129805612867417
site_81c3c43b60e335cf,79,0.06278381396783095,-0.01195832737246646,0.06163445223898824,0.08524339088629278,0.06839080531318173,0.06163445223898834,0.8023003848404985,0.6985524901042353,0.31140277641142916,-0.9447078624248504,0.3217248234159585,0.5740484194936708,0.3695068778594566
site_81d19e24593ab11d,26,0.062154485377818716,-0.04191191613444915,0.04589740012811599,0.05531043376109283,0.02814945367896401,0.045897400128116383,0.5089356883468389,0.5604081593869491,0.1004426813671185,-1.0897098194956778,0.022685838327671473,0.07954034615384616,0.020602185303027654
site_827e793321bdd790,11,0.12304603066105352,-0.07850736817663367,0.0947466031233807,0.127330732236569,0.06746825280453955,0.09474660312338072,0.529866212338979,0.6860936327230818,0.16654358227585014,-0.8635810499429704,0.06483488937738266,0.1783442690909091,0.05007161650146985
site_82fc0f846e9a1ddb,251,0.16976183104793466,-0.16578375804690249,0.03653525487243246,0.06195967850119999,0.07435822108478576,0.03653525487243291,1.2001066319823732,0.8718204061731316,7.233588899467626,-41.611723269772526,1.008181905261175,0.963589441752988,1.3878154057663634
site_83403fd7c9ad70f1,108,0.061013895558744397,-0.05260340983536507,0.030912404062867466,0.04540135475452196,0.03254491048066382,0.030912404062867636,0.7168268580668808,0.7325738887178859,0.40205110873536387,-5.681168262219428,0.11690338428689646,0.222618565462963,0.11439048940499752
site_8350ab85e51c782b,81,0.07629184138451164,-0.02981729159443467,0.07022374373252924,0.06538657500920378,0.0628249473960746,0.07022374373252938,0.9608233400699056,0.40056933048372934,0.47145605000899815,-2.4152006191492084,0.13328566292914346,0.34630773950617283,0.31970489524088275
site_84025ad53bb001c3,582,0.0788057306993626,-0.011837082623616118,0.07791165937150965,0.09712693086174341,0.07009944160023808,0.07791165937151048,0.7217302243393444,0.6078646337582225,3.614419737197189,-6.88918208694458,2.408707611872056,5.490378886597938,2.85990825677114
site_841029a3fc0d0421,80,0.10116742841145646,-0.08067028691619635,0.06105041670820707,0.06869845226604454,0.057565247360616294,0.06105041670820707,0.8379409646331867,0.5444336231916403,0.8187878857109735,-6.453622953295708,0.17224326668772846,0.37755818750000003,0.2651006162951153
site_84dbfb194c437ec0,301,0.05810288650846374,0.030519899131253712,0.04944169472857415,0.06362632770447298,0.05244712214972194,0.04944169472857436,0.8242990604977957,0.6524581687927002,1.0161595716052407,9.186489638507368,0.6553566177073508,1.2185411827242527,0.8279608871581441
site_863f22c1c90857e1,146,0.03219397746125459,-0.01706152721096392,0.02730121744547862,0.040772729973309975,0.03774315955979047,0.027301217445478723,0.9256961597738813,0.7608089641509912,0.15132201897726216,-2.490982972800732,0.17093717441896664,0.24271266438356165,0.2079837296591472
site_86b7f22d3a648755,251,0.07647209372830502,-0.028370177722357184,0.07101488671533973,0.10012945980962007,0.05949619962322145,0.07101488671533994,0.5941927554222687,0.7153039474374678,1.4678432609168577,-7.1209146083116535,1.0695853407005864,2.516503089163346,0.8884892401711604
site_86deda94196a1d6c,8,0.026165087169624263,-0.007720704650878905,0.02500005012570841,0.06693551817794496,0.054676830260510956,0.02500005012570841,0.8168582502813402,,0.005476894292752289,-0.06176563720703124,0.027379667419195175,0.03584290875,0.023916446138693814
site_86f357dc9d6e4680,58,0.1369117721809103,0.10724483837505866,0.08510803724458123,0.10935828825954741,0.040763993773008725,0.08510803724458237,0.3727563262170014,0.7153130595317589,1.087200334979614,6.220200625753402,0.18494925147700927,0.6936356422413793,0.09637878492290186
site_87666ca1581a674d,87,0.1386637083646737,-0.1303820601372883,0.04720320340612289,0.06475606432062356,0.06020750283523394,0.04720320340612404,0.929758524809838,0.7169061665358032,1.672803289517565,-11.343239231944084,0.2431714750685911,0.36482126436781603,0.3153700755959592
site_87ec218e6b6d4b81,397,0.08275401461502593,-0.0713498678480648,0.04192163275646135,0.03664557177826156,0.04897791366651738,0.04192163275646141,1.3365302078755246,0.5527870841825985,2.718746093156858,-28.325897535681722,0.39388566702491695,0.5331304785894209,0.9523379027685575
site_88607d4559554ef6,42,0.04771247795496671,-0.043523343692223236,0.019549913208293204,0.035382426425744774,0.021420120218098738,0.019549913208293336,0.6053886740371526,0.8764651387533259,0.09561218320933375,-1.827980435073376,0.02789930941306409,0.05258047619047618,0.0192705051066277
site_88b325bed90e5cd8,187,0.05728818035859704,-0.020852319136022885,0.053358376994138396,0.09319952033418968,0.05616758387529274,0.0533583769941384,0.6026595810138307,0.8590438633809386,0.6137219588454399,-3.8993836784362794,0.8409232614687421,1.6243101604278074,0.5899471284585645
site_88edadfb8f5755a7,34,0.06252729549075628,-0.01860042452549233,0.059696623764328695,0.039224853095276485,0.06125857221525444,0.059696623764328695,1.5617285313079041,0.3594707895274049,0.1329285311672039,-0.6324144338667392,0.02936775298274177,0.052312029411764716,0.12758883077495248
site_8905c26daaab430e,211,0.09285766573398209,-0.07959673739609562,0.047821600574018304,0.06516121103503932,0.04789651012392494,0.047821600574018346,0.7350463467931776,0.6813779201437012,1.8193572240539937,-16.794911590576174,0.44870770734711,0.8959025023696682,0.4840499689128126
site_8922fa4ef2bfa4f1,176,0.08312838649597418,0.029254114033484994,0.07781083120967106,0.06597570693034428,0.05953955752814473,0.07781083120967194,0.9024466776991916,0.23461688147421728,1.216217840890635,5.148724069893359,0.16220400786179712,0.7660917272727273,0.623912768273917
site_899e1b3be68444b6,2,0.11550019895417918,0.11381103821992873,0.01968104513883591,0.025599999999999998,0.04528104513883652,0.01968104513883732,1.7687908257358018,,0.026680591916909947,0.22762207643985746,0.0023183895111083984,0.0013107199999999996,0.004100746097730701
site_89b67bc04797f8a3,780,0.05354284909914593,0.04104287066291539,0.034384872508141,0.03002518173902597,0.039927267755175626,0.03438487250814344,1.3297927087408492,0.5477782273881123,2.2361326179300516,32.01343911707401,0.5122177286669612,0.703179,1.24346563410692
site_8a227a0556c22f70,136,0.04449814027609184,-0.021334263657822327,0.03905039925800079,0.06560314944766311,0.05068857744217179,0.03905039925800081,0.7726546342506029,0.8041564148097629,0.2692914903721816,-2.9014598574638364,0.3636756564480855,0.5853131575735293,0.34942913610310233
site_8adbe57839dd7587,31,0.04979488360800896,-0.046286957544665185,0.01835886692564446,0.012507229959055654,0.01322677176005358,0.01835886692564446,1.0575300688764384,-0.017136229500163854,0.07686544343958994,-1.4348956838846207,-8.788038646021278e-05,0.004849354838709678,0.005423372226969078
site_8b5408c589cc3993,120,0.09061667302135742,-0.05494097365021706,0.07206157675089937,0.08819829703571379,0.037342568011634374,0.07206157675090218,0.42339329971998657,0.604292487957271,0.9853657715351527,-6.5929168380260466,0.23883216851264238,0.933472752,0.16733608628442465
site_8b64753d75204fe6,178,0.1177885525579029,-0.03679786484429006,0.11189307510559898,0.11118993593674281,0.06866857571831338,0.11189307510559948,0.6175790564119014,0.2985175456380092,2.469597474236082,-6.550019942283631,0.4057078250508128,2.2006499299438205,0.8393364458303494
site_8b8c1728607fc339,11,0.08035427308536673,0.07506512125405398,0.02867118369010713,0.07558856116180805,0.09030895635347157,0.028671183690107262,1.194743688269875,0.9556608554387276,0.07102490123385462,0.8257163337945939,0.07176015771085566,0.06284993636363635,0.08971278357418555
site_8bf3ec991527937e,292,0.03329299456241093,-0.024329409452252194,0.022726709454678768,0.04562141821773009,0.04171052639208514,0.022724303383760615,0.9142750931814513,0.8683323780328215,0.32365965818435527,-7.104187560057641,0.4824844257824021,0.6077436296575343,0.5080122594762106
site_8c584caec5491a2c,154,0.06747731906535295,0.04958297077130961,0.045768084925403005,0.08113238142631385,0.05687298265162713,0.04576808492540301,0.7009899333878222,0.8367879652282476,0.7011910425901066,7.63577749878168,0.5946157042870854,1.0136993506493508,0.4981185679766112
site_8cafedb38b43a4db,149,0.07426818777582389,-0.04376219497671063,0.06000528315344741,0.10546118493910432,0.0647530106705029,0.060005283153448455,0.613998512418505,0.857702541091221,0.8218487936102505,-6.520567051529884,0.8727213035429884,1.6571871677852348,0.6247499062432451
site_8cc96a31a772bfea,373,0.09206748622058127,-0.07341051768905037,0.055563638394210156,0.09165065045932753,0.060500616225972616,0.05556363839421018,0.6601220604846815,0.8091051843973198,3.1617054130783915,-27.382123098015786,1.673436223194083,3.1331409651474527,1.3653010622684632
site_8ce1daba0ed42d33,7,0.08935699556183606,0.08221961052417756,0.03499440385390987,0.08287262170687873,0.06438831645357565,0.03499440385391304,0.7769552251082118,,0.055892708590865925,0.5755372736692429,0.03426191448122263,0.0480751,0.029020987070080606
site_8cee030029879195,657,0.15843981116635336,0.14540583428200704,0.06293105051707956,0.06407762573347169,0.07640602856700593,0.06293105051707977,1.192397934418072,0.6110710538234236,16.49278516191632,95.53163312327862,1.9655817873037025,2.6976039726027397,3.835487949308057
site_8e38800fbe0e21e5,171,0.047482690508678024,-0.03236073522267983,0.034747499389028144,0.041607609617375106,0.06673381213548144,0.03474749938902842,1.603884788123319,0.8962660226243344,0.38553760854823627,-5.533685723078251,0.4255511255184896,0.2960340334502924,0.7615316876448677
site_8e3ea373de88dc00,149,0.04893937997090906,-0.02864298333337643,0.03968176429672621,0.055335226554785746,0.05531467801360235,0.039681764296726214,0.9996286535275489,0.7427770272715065,0.3568643738786152,-4.267804516673088,0.338755857051819,0.4562361073825504,0.4558973269585269
site_8e6ad22dcccafcc7,320,0.0687681539098431,0.019679528627544643,0.06589214782631933,0.07619476867500484,0.03962289670044349,0.06589214782631934,0.5200212217908012,0.5024484666382047,1.5132988774937177,6.297449160814286,0.48541465139295903,1.8578056875,0.502391661738885
site_8e827922ba5b5da3,25,0.04368861545098739,-0.041064897895336155,0.014912051531223703,0.011159222912013187,0.01799253682757421,0.01491205153122373,1.6123467529450273,0.5625243702703793,0.04771737800060637,-1.0266224473834038,0.0028236294577717795,0.0031132064000000017,0.008093284537290357
site_8ea1310ade5fc61a,6,0.02662748965363994,0.001465142488479616,0.026587150331375375,0.08628036502524135,0.09004629992359386,0.026587150331377228,1.0436476467994866,,0.004254139231528212,0.008790854930877695,0.04453728286822637,0.044665808333333334,0.04865001677957892
site_8eb987af49bead43,440,0.04614314648041937,-0.01597554098069668,0.04328939890420656,0.06812741162612912,0.050989032666685266,0.04328939890420662,0.7484363701721684,0.7725444184940703,0.9368435855299129,-7.029238031506539,1.180795794128017,2.0421914545454545,1.1439478390050906
site_8fa7ffd1566cb92a,51,0.054809452069889526,0.012998213064904307,0.053245868321597195,0.06789407466676178,0.040442340066984994,0.053245868321598486,0.5956681826136433,0.6209614034259378,0.1532078778462774,0.6629088663101197,0.08695667666652623,0.23508987411764704,0.08341472637477665
site_8fd20385af85644b,310,0.0528378837816829,0.039254170632939185,0.03536880052315492,0.04176149128091864,0.03728876360254734,0.03536880052315509,0.8928982768291384,0.6047650962236196,0.865471008383255,12.168792896211148,0.29194590915775587,0.5406468677419355,0.4310400862120643
site_901a320e9c405a2e,98,0.043437164395018754,0.012199832427258389,0.04168874355778427,0.045669371385158516,0.05031085420095197,0.041688743557787046,1.1016322904173328,0.6264886497715212,0.18490515056662873,1.1955835778713222,0.1410671874921845,0.20439776530612244,0.24805584094208577
site_90c4f5b431597729,821,0.0734288703644041,-0.026950184467939457,0.06830436706489927,0.11173785338653891,0.06578658172434901,0.06830436706489933,0.5887582384169404,0.8262808588000117,4.426666981456812,-22.126101448178293,4.986645486077677,10.250470609013398,3.5531848290140244
site_912580bb93bae080,334,0.04124154646795051,0.029632909056312308,0.02868372109626721,0.04433524401755523,0.048641536779989725,0.02868372109626754,1.097130237080219,0.8135407212541375,0.5680889617927525,9.89739162480831,0.5859791367832952,0.6565150299401197,0.7902436995065771
site_912957a44bff743f,166,0.043276023172303946,0.019747605574490075,0.038507742801729576,0.042314771496204724,0.03930940154887495,0.03850774280172979,0.9289758672666039,0.5569790623018263,0.3108871541472248,3.2781025253653526,0.15379258254147077,0.29722962120481927,0.25650802232169495
site_916f2628195f7cd3,128,0.021756954594962526,-0.005276074415910989,0.021107536853101322,0.0258360213537156,0.012990202051703089,0.021107536853101357,0.5027942140880336,0.5820912005435096,0.0605907293756494,-0.6753375252366066,0.025005903150636,0.085439999921875,0.021599404716041104
site_917287f92c952f20,38,0.05255843420970656,-0.03831181311325023,0.03598046668056768,0.07256406401536915,0.0614241778750792,0.035980466680568014,0.8464820529080275,0.8686955849979723,0.10497078224989001,-1.4558488983035087,0.1471337015985854,0.2000906486842105,0.14337132584991602
site_91e14ae535f79ace,96,0.056936246752776073,-0.020001427981381617,0.05330740167179984,0.07714961114613605,0.03962813637497208,0.05330740167179988,0.5136530928186902,0.7655087491101724,0.31120667465212837,-1.9201370862126352,0.2246770857386291,0.5713980000000001,0.150757362485125
site_91ea89ee8d5d5b53,178,0.08876904598886574,-0.07434611294410201,0.04850359796835889,0.06795773599882206,0.061741704158516444,0.04850359796835912,0.9085309163269748,0.7242545655889372,1.4026299475876582,-13.233608104050159,0.5409146679760365,0.822049191011236,0.6785427697668025
site_91ee6299c921b981,293,0.10453143083241775,-0.08158379744873114,0.06535215394856508,0.0884706502014643,0.038741613926433674,0.06535215394856562,0.43790357410295666,0.7377200300943845,3.201558269338653,-23.90405265247822,0.7408599596482291,2.2933273924914674,0.43976740634007805
site_92ac3b6c2c87c639,732,0.06944775790143516,0.04252268529996846,0.054907306548547766,0.040459181415225275,0.04954430246329988,0.05490730654854791,1.2245502931667265,0.26858547752076806,3.5304294687566085,31.126605639576912,0.3940981695112757,1.1982440040983606,1.796794947612858
site_92b0fa719fa97ab5,94,0.09071511611238428,0.06936702239576807,0.058458947093053056,0.04882004723699809,0.05865517965644809,0.05845894709305321,1.201456839476314,0.4201742171638444,0.7735478353806362,6.520500105202198,0.11309979502365308,0.22403931914893616,0.323400429449839
site_92d25300e45f668d,35,0.03584913792332558,-4.3260044710978696e-05,0.03584911182183112,0.04039826223783313,0.020368113301674446,0.03584911182183116,0.5041829072192028,0.46286286626238365,0.04498062414459671,-0.0015141015648842543,0.013330114225617478,0.05712068571428571,0.014520101381444661
site_92f4bc71b766e85f,213,0.1458386841968142,0.13771488186647074,0.04799513642820604,0.07759476760749293,0.07819935391588674,0.04799513642820621,1.0077915860442042,0.8102158477060323,4.530280345158976,29.33326983755827,1.0471669788651274,1.2824619154929577,1.3025245969596297
site_9325c992d0f1e0e4,864,0.11845842701851246,-0.09846766888184678,0.06585223699066892,0.0828518450934098,0.05919209987318503,0.06585223699066894,0.7144330920627051,0.6149470795854411,12.123992676989012,-85.07606591391563,2.6056580282370385,5.930865995370371,3.0272008499111043
site_93742f2df91eb28f,113,0.09511302178659367,-0.05274738121433595,0.07914670358521925,0.10567964792962681,0.06819051388479469,0.07914670358521946,0.6452568230564457,0.6628830229978342,1.0222530212116057,-5.960454077219962,0.539797241732755,1.262005242477876,0.5254439187775786
site_93e093b0ecc1d78c,41,0.07013631003538075,-0.03485082319073561,0.06086478545355381,0.06770100712145112,0.03587671467543043,0.06086478545355433,0.5299288179135945,0.4458915731787019,0.20168318140054106,-1.4288837508201602,0.04440387971350332,0.18792048097560976,0.05277268489199205
site_94398cd24f99ecb3,80,0.09894966278154813,0.08978931603282689,0.041580217543192646,0.051530208070121354,0.06926832074052207,0.04158021754319463,1.344227460643338,0.8018897434917439,0.7832828611665672,7.1831452826261515,0.228981924440898,0.2124289875,0.38384802065694723
site_947d9a648844f933,171,0.05998858660647469,0.02939042027233637,0.05229563766948401,0.07570941371040533,0.05101988852874679,0.05229563766948496,0.6738909473516993,0.724898535740645,0.6153658194402701,5.025761866569519,0.47880945891638593,0.9801575204678362,0.44511796335806286
site_948f865f7f081052,88,0.053650639623565706,-0.015045962935686108,0.05149767112555362,0.04972253109145285,0.05692287830668679,0.05149767112555362,1.1448105528254504,0.5406636085146435,0.2532984196175593,-1.3240447383403775,0.13466349782611836,0.21756504863636364,0.28513883857517286
site_952481bd3cb76606,468,0.08208304426592777,0.07206325729947824,0.03930029393466994,0.04006566950554013,0.04842026343437232,0.039300293934670084,1.2085225089693548,0.6199172014366486,3.153209040990337,33.72560441615582,0.5628324032673532,0.7512606845299146,1.0972362543732783
site_9563943b41248204,316,0.07526845909922641,-0.040956285084161576,0.06315000908374284,0.09019840954496701,0.04502905493055305,0.06315000908374314,0.49922227185285917,0.7602327357376488,1.7902477355143263,-12.942186086595058,0.9757203455663557,2.570897974683544,0.6407265889886493
site_956a5215e9d24ea6,175,0.06600499354940804,0.04683693550859179,0.04650764072301896,0.01670143486442444,0.04733421668219647,0.046507640723018974,2.834140723023901,0.22547950725004845,0.7624153553550446,8.196463714003563,0.031194218109803534,0.048814137142857136,0.39209241206049716
site_9573cc360aa7a95d,83,0.13969767944062958,-0.10985309841115791,0.08630028047790667,0.11377192578114367,0.06151365430537228,0.08630028047791027,0.5406751611439051,0.6630139790748982,1.6197816562110428,-9.117807168126106,0.38513005758247465,1.0743562409638554,0.31406616227807016
site_95a6e0674f2876c2,37,0.044697703629581594,-0.015267290579306116,0.04200945784135928,0.0332113668309311,0.05673349337761855,0.04200945784135933,1.7082552990496114,0.6785091471968239,0.07392173426104273,-0.5648897514343263,0.0473024577754172,0.0408108108108108,0.11909150302064664
site_95aa1a90ae6a3184,54,0.07178712483434609,-0.03078696491210549,0.06485024351136064,0.1165631007102502,0.06455996032528526,0.06485024351136094,0.5538627570123318,0.9002547641422187,0.27828312976702735,-1.6624961052536964,0.3658335527045031,0.7336956481481481,0.22507137776893
site_95c50f37760ba8b9,9,0.06207878272834406,0.015370197501447469,0.0601459249974547,0.09212163188810973,0.06462903818691247,0.06014592499745539,0.7015620203668389,,0.034683977385296536,0.13833177751302722,0.040705989052024154,0.07637755555555556,0.03759221319268852
site_960e43f47225dd5e,138,0.08628736982452419,0.07173525870796563,0.04795375740581179,0.06162213300253731,0.04056311761414303,0.04795375740581186,0.6582556564939553,0.6287223469269082,1.0274804063903205,9.899465701699256,0.2168732746547763,0.5240256440579709,0.22706057845987448
site_96144cbf74954033,5,0.08699396994020259,-0.061746777906417846,0.06128039020871507,0.06162381357884304,0.0015473168734777727,0.061280390208715084,0.025109073645662918,,0.03783975402978436,-0.30873388953208925,0.00011150591343641278,0.018987472000000002,1.1970947534745147e-05
site_96a5abc509a3a15b,35,0.032075279789935705,-0.015387229085309165,0.028143502885726104,0.022232226287852635,0.015361316405496005,0.028143502885726333,0.6909481851527035,-0.09050056184630718,0.03600882507609303,-0.5385530179858208,-0.0010817594769597049,0.017299516,0.008258951459841624
site_96e92296d2491d86,411,0.09196838970829761,-0.08085624773421138,0.043822960966611355,0.06056773353189755,0.04653358287320992,0.04382296096661176,0.7682899814750926,0.6942460354624795,3.476313913975831,-33.23191781876088,0.8041981047133351,1.5077330918734793,0.889968851692355
site_96ea37eab36e72c1,208,0.09967458256735763,0.03490686117124099,0.09336237707529034,0.09320942947555405,0.04999050898426673,0.09336237707529045,0.5363245893204152,0.2651002517063068,2.0664846612752146,7.260627123618127,0.256933588965624,1.807103530576923,0.5198026056092588
site_971bf07b5c1c6549,83,0.0924010398602137,-0.07900749264136854,0.04791417612536914,0.038328808352425206,0.028335385887461872,0.047914176125370085,0.7392712454539169,-0.01094626271936044,0.7086500298816504,-6.557621889233589,-0.000986730172583861,0.12193509662650603,0.06664020975148399
site_97832a03d9613f37,33,0.05137908806804047,-0.033597761703260016,0.038871597590456886,0.02205277916432583,0.046644347491719966,0.0388715975904569,2.1151233204736046,0.5594872482871455,0.08711375279321415,-1.1087261362075806,0.01899181552231312,0.01604872727272727,0.07179794004663466
site_978ff47db3a1c5a1,160,0.09962061504643065,0.020363577835708857,0.09751713510946755,0.09184001834863305,0.0502845593806471,0.08069429498750219,0.5475234030307173,0.48196477338725946,1.5878827107566598,3.258172453713417,0.3561245311082446,1.349534235244361,0.40456590593693176
site_97ad06a1706d85fa,20,0.17541049476959247,-0.12965217977762225,0.1181488635333593,0.13773162309360912,0.031085138371794226,0.11814886353335938,0.22569354570567465,0.6980336703326206,0.6153768335062646,-2.593043595552445,0.05977131873369217,0.37940000000000007,0.019325716551871874
site_98378de2aa945723,63,0.0667039805245194,-0.0201884752663355,0.06357551796278205,0.07102104202402895,0.03490516949702644,0.06357551796278281,0.4914764484195653,0.4478643467675611,0.2803135241223741,-1.2718739417791365,0.06994615268210568,0.3177712698412698,0.07675736402981714
site_9898264bce191dea,842,0.0523564321937934,0.03166024279064917,0.041699220838049646,0.03291723712311613,0.05359140430881508,0.04169922083804966,1.6280650805647512,0.6283039563118774,2.308087025317287,26.6579244297266,0.9332551588832696,0.9123444688479809,2.418256514495924
site_98b84b664f32321c,921,0.06866122227013265,0.0014827311196881215,0.06864521070005736,0.07331291176989707,0.05311142914975885,0.06864521070005741,0.7244485025565016,0.4473115682916516,4.341928731581904,1.36559536123276,1.6041250347626614,4.950175172638437,2.597978817729796
site_99359b775dbc987c,101,0.04057062622358378,0.02069124818910466,0.03489767844070171,0.07322723950169584,0.08061573480141392,0.03489767844070262,1.100898181469028,0.9014733743284483,0.16624354692954818,2.0898160670995707,0.537485505774027,0.541585089108911,0.6563885664547617
site_9963ae44b09a6e46,127,0.09925728574829074,0.08326177108663273,0.05403227044678953,0.027516644532563424,0.06206395959948483,0.0540322704467896,2.2555061001728545,0.49467811137754397,1.2512051143129654,10.574244928002356,0.10729052442429571,0.09616004724409448,0.48919575530814363
site_9978a236cbbfb40f,39,0.03584220452021496,-0.02218952531539477,0.02814762141187727,0.028855235037790413,0.01983930766055029,0.028147621411877283,0.6875462159489477,0.37900303000080304,0.050101881369887774,-0.8653914873003961,0.008461715464599623,0.03247235897435897,0.015350327009548803
site_99e4e71469e203aa,104,0.09998177951628288,-0.06698935989668736,0.07422116878542602,0.08945387484020753,0.031092617255735068,0.07422116878542664,0.347582676673047,0.6219926188600818,1.0396210484652308,-6.966893429255486,0.17991816314494669,0.8322075552884616,0.10054208817240995
site_9a39d33121ec563e,282,0.07356440070991041,0.06461475910066712,0.03516609102773609,0.06992849898340395,0.07149570686044178,0.035166091027736227,1.022411576107329,0.8765700343875673,1.526105336609931,18.221362066388128,1.2358617727038919,1.3789785815602835,1.4414813800517308
site_9a5b564ee1a1517d,676,0.05668322687040076,0.04548323714156475,0.033826961843557685,0.022137521158280847,0.04371418719123094,0.03382696184355792,1.9746649536178558,0.6493261456214727,2.1719800289063342,30.74666830769777,0.42477699015313236,0.3312872138905325,1.2917887893700262
site_9a64702d11a0ca56,5,0.06980744893241177,0.06600331810712814,0.022729758584299275,0.08368385746367096,0.10322511340664699,0.022729758584301665,1.2335128486573328,,0.024365399632256382,0.3300165905356407,0.04285442528128624,0.035014939999999994,0.053277120189075655
site_9a99fb7f0cd8cd33,110,0.04354253660162949,0.006976166102452713,0.04298006049571398,0.05151657019793416,0.052247405997201554,0.04298006049571453,1.014186421892207,0.6569426052255736,0.2085547743074668,0.7673782712697984,0.19450545609988948,0.29193527054545454,0.3002770576780054
site_9aa6317ba764d9b9,127,0.07448335051745412,-0.02319567754794293,0.07077944650389538,0.08380242567905238,0.05051110505930414,0.07077944650389573,0.6027403699834682,0.5391612071887494,0.7045667270468535,-2.945851048588752,0.289845003024565,0.8919015118110234,0.3240242102576316
site_9b62f4534e47f978,173,0.03266531266131784,0.0007667588905102946,0.03265631228515362,0.02586992559360872,0.04100565790831549,0.032656312285154164,1.5850705778004297,0.6053290789427623,0.18459491866826577,0.13264928805828097,0.11109041883297738,0.11578077768786128,0.29089326862542686
site_9bb3648a2ef66eb2,76,0.10302267615626373,-0.07702323687390275,0.06841851199686423,0.08224655942588797,0.06445094765914527,0.06841851199686672,0.7836309276526243,0.5883307778942377,0.8066390569822777,-5.853766002416609,0.23701847949231927,0.5141017368421053,0.3156982737163032
site_9c2d82de18c716a5,41,0.03890311810613037,-0.01534888682132814,0.03574722746907217,0.030425028051675986,0.045524355338219316,0.03574722746907231,1.4962798147925314,0.6210057369388138,0.062051556533560676,-0.6293043596744538,0.03526584227819269,0.0379529756097561,0.08497114408737877
site_9c3923563de1bc2a,115,0.07619719866059757,-0.02364613348867582,0.07243530530589552,0.09790331483060424,0.06313169992734967,0.07243530530589583,0.6448372053242768,0.6733589104985939,0.6676915046280958,-2.719305351197719,0.4786183353072923,1.1022817913043477,0.45834532660744604
site_9c3f2a2a90bf94af,109,0.10324043064631563,0.022271424242334626,0.10080957386208242,0.11898262064189698,0.04684148781593439,0.10080957386208246,0.39368344354183976,0.5551821454643268,1.161785930684001,2.4275852424144744,0.33726882532862346,1.543098177614679,0.23915962290832593
site_9c51efef96062ac3,183,0.04567110067028134,0.01708704936908242,0.04235424630770228,0.04056002971683276,0.06177546252047229,0.042354246307702396,1.5230625557168898,0.7318447151435881,0.3817104468675999,3.126930034542083,0.33557090639589265,0.3010562299453552,0.6983660218401446
site_9c5e0ec7dff35c9c,35,0.09104724886934785,-0.06836365235533032,0.060133289975823706,0.0971756835293056,0.05150033438419926,0.06013328997582375,0.5299714137711018,0.8471625007546667,0.2901360534336937,-2.3927278324365613,0.1483892435857228,0.33050897142857144,0.09282995545895179
site_9ca12fe149def76c,9,0.1321929489536792,-0.09698010356691149,0.08983226182848315,0.1385913345945242,0.05271855036632844,0.08983226182848346,0.3803885035133458,,0.15727478177763027,-0.8728209321022034,0.06262635740488769,0.17286802222222222,0.025013209974543982
site_9cfda7361157a69e,189,0.07203267854049063,-0.019981076607628476,0.06920594884341766,0.059035941175169866,0.022371767240288234,0.06920594884341766,0.37895164868986037,-0.3042711089167037,0.9806655809886374,-3.776423478841782,-0.07595201584775613,0.658710804232804,0.09459373822673678
site_9d73848123a6a95b,64,0.0664100116719571,-0.05135982082225382,0.04210057547558537,0.09160607831352881,0.05914271146124521,0.042100575475585406,0.6456199473884774,0.9336830408500161,0.2822585376172466,-3.2870285326242445,0.3237464143231046,0.5370671093749999,0.22386306041523873
site_9dbd78e6c2f64c18,70,0.0921095921117488,0.053044409154483246,0.07530250737156437,0.08824986956109918,0.03964143755207944,0.075302507371565,0.4491954237352608,0.5272505105029551,0.5938923871294914,3.7131086408138274,0.12911554013056414,0.5451627634285714,0.11000104998367899
site_9e0c7cff2a642903,104,0.06608132338797533,-0.018655202891964175,0.06339341216377162,0.10147441161700693,0.07138978952559168,0.06339341216377439,0.7035250403326987,0.785095361477974,0.45414109527344226,-1.9401411007642744,0.5914913448995123,1.0708938461538462,0.530036213044861
site_9eb9cb71933abd8d,145,0.0541543356866983,0.004838651587223186,0.05393773748021943,0.08314258629109642,0.08555117890366269,0.05393773748021943,1.028969421327999,0.7959018602037485,0.42524035068180277,0.701604480147362,0.8208750398308038,1.0023399999999998,1.0612556107119426
site_9f1083ed35aa92f7,172,0.08915197813080032,-0.03737986408867115,0.08093714206312928,0.09758096650647338,0.04424218097369161,0.08093714206312928,0.45338945244774403,0.5708098531246986,1.3670689351971683,-6.429336623251438,0.42385913872173014,1.6377917441860466,0.3366677392971274
site_9f57a1eb8c53e14d,1084,0.06806939349954759,-0.044524513648114966,0.051487959910983816,0.09429068800350454,0.06461127798362051,0.05148795991098388,0.6852349829202549,0.8547215721955643,5.022651487233538,-48.26457279455662,5.644572860512264,9.637555487084871,4.5252850910615265
site_9f76ab7d5518980d,176,0.11151616368973778,0.10242100135338578,0.04411114650341955,0.0101610418606664,0.04721415716104915,0.04411114650341956,4.646586226931721,0.40295379863392644,2.188710438477445,18.026096238195898,0.03402345428031615,0.01817143181818182,0.3923350880113718
site_9ff0a0ccad22ddc6,126,0.05032682681730277,0.0354886042068875,0.03568400858852145,0.03366192538252311,0.054877898828072195,0.035684008588523115,1.63026618960317,0.7771794402262749,0.319131476684847,4.471564130067825,0.18089571347170405,0.14277377777777778,0.37945955625280003
site_a08eaaa4540846cf,142,0.15556766689873236,0.07856273657049931,0.13427283942357546,0.15446513454537567,0.07081396832714719,0.13427283942357546,0.45844629298105377,0.49573111248871227,3.4365844557727225,11.155908593010903,0.769987935037785,3.3880458461971834,0.7120757716538251
site_a0a221a9f908364b,38,0.12036979608740073,-0.11642574795296316,0.03056031779474034,0.04444991586916249,0.031129035440199185,0.03056031779474035,0.7003170834299648,0.7266400017883332,0.5505777367846524,-4.4241784222126,0.038206698045448254,0.0750802107894737,0.03682264020261272
site_a0d01f20e2427c2c,13,0.07798079049248108,0.06568693536428305,0.04202654171212198,0.051998571896639055,0.02554398515767113,0.04202654171212223,0.4912439750931347,0.5985754008584354,0.07905304791581895,0.8539301597356797,0.010335756916839344,0.03515006923076923,0.008482437310559199
site_a1da79e1324e0f0b,139,0.14172339119759467,-0.08114824026008303,0.11619157764329689,0.13415239849301042,0.048031427534012114,0.11619157764329699,0.35803629360018213,0.5279249156143868,2.791887226143957,-11.279605396151542,0.47283639293152224,2.5015643769784175,0.3206755063027529
site_a2c2e8340755d8a7,83,0.11578566225522428,-0.09678346455958954,0.0635553347227717,0.07214866669569184,0.061445370572224677,0.06355533472277217,0.8516494259192419,0.5573492464247611,1.112724525462112,-8.033027558445932,0.2050798486085182,0.43205069879518077,0.3133692858749152
site_a2dd98acaefee6f4,468,0.07581975802449482,-0.039706829289085845,0.0645910474810584,0.11316568063045708,0.07443319518868916,0.06459104748105853,0.6577364689896668,0.8414040033831003,2.6903615108258987,-18.582796107292175,3.316895806501309,5.993428555555556,2.592860655526829
site_a30a3623711ec917,255,0.053537691783663646,0.01385214200814565,0.05171462658966738,0.08265392840056748,0.04430706724973911,0.051714626589667446,0.5360551894764497,0.8356266396787901,0.7309025325882543,3.532296212077141,0.7803491493388134,1.7420763294117647,0.5005946331095905
site_a3440058322ffd4e,564,0.06262102748049517,-0.03233169327919365,0.05362886062945096,0.08660177681475399,0.05659463928315165,0.053628860629451,0.6535043663620289,0.7984546771299466,2.2116656986500933,-18.23507500946522,2.2071480826831404,4.229925409574468,1.8064656023127894
site_a3ad14b1dd64a3e4,55,0.06133200286380893,-0.04669641183419661,0.039762541381272026,0.03915664055014876,0.01880357509788044,0.03976254138127204,0.48021420718660207,0.2076351607392498,0.20688880164074466,-2.5683026508808133,0.008408324059789831,0.08432833745454547,0.019446594005389617
site_a3eb3ebe590ad832,109,0.05395621854055353,-0.013977711108518299,0.05211426974795653,0.08305922673122955,0.06494309273415587,0.05211426974795653,0.7818889639353918,0.7786755352057714,0.317328813592361,-1.5235705108284945,0.4578296113598783,0.7519730308256879,0.4597189770326114
site_a3fe6dc1994cbcf1,17,0.07032482720009482,0.04953060664289138,0.04992294388665757,0.010772674646119317,0.05873701232788623,0.04992294388665758,5.452407527135826,0.8485016152852236,0.08407488245229434,0.8420203129291534,0.00912718788437984,0.0019728588235294136,0.05865062249250641
site_a408c1f09c2d83d9,411,0.05222973041834837,0.03412819744287616,0.03953746171510516,0.06415030831891186,0.07915891347015659,0.03953746171510679,1.2339599846758664,0.8682616632489654,1.121185287964645,14.026689149022102,1.8121369682444564,1.691372705596107,2.5753809021098286
site_a4122f0bf308f22f,156,0.06213912598665252,-0.003576596934520283,0.062036109909898884,0.08344417791794924,0.05801300779491847,0.06203610990989924,0.6952313419872473,0.6693002250588684,0.6023582726280716,-0.5579491217851641,0.5054369555868781,1.0862172092307691,0.5250194154524703
site_a42d63e8b2f931d6,6,0.09698218709366763,0.0930713923573494,0.027262805030581046,0.05116530942825313,0.03411545981984229,0.027262805030583873,0.6667693443285221,,0.056433267680826904,0.5584283541440964,0.0091154788484176,0.015707333333333334,0.006983187592315643
site_a44b748575c17771,8,0.06025059165439434,-0.04562220592200756,0.03935413728586249,0.08129236972188718,0.07152747748109299,0.03935413728586253,0.8798793506180066,,0.02904107035763659,-0.3649776473760605,0.040703525153175,0.05286759499999999,0.04092944027846612
site_a4e51d06a4c9f574,191,0.09221435572485087,-0.0626323366545882,0.06768070483480255,0.10123671820061593,0.060604920049190665,0.06768070483480258,0.5986456408937794,0.761245057251505,1.6241660937341231,-11.962776301026345,0.892079981549716,1.9575347643979057,0.7015346598262393
site_a507f74864d36b32,315,0.033669265042063155,0.011978184765861148,0.031466529808474086,0.035634029896598925,0.028903068194782125,0.03146652980847411,0.811108602609686,0.5413115029046636,0.3570901136688993,3.7731282012462617,0.17561705798012395,0.3999819873015873,0.2631470155877512
site_a55a51839f39337a,11,0.13175554531387257,-0.11209296123114498,0.06924371280765464,0.07161541571892913,0.02570285515663263,0.06924371280765497,0.3589011513597755,0.27019655712423973,0.19095476093051522,-1.2330225735425948,0.00547092022624883,0.05641644545454545,0.0072670043952312025
site_a5c2bfa9bb36639b,60,0.0382189981019143,-0.022699008314808207,0.030748119250425657,0.03696011495142057,0.021599888932946957,0.030748119250425664,0.5844107617451216,0.5556308773984674,0.08764150895484775,-1.3619404988884924,0.02661475385098408,0.08196300583333334,0.027993312114938662
site_a5c5f553e4031a41,74,0.046023282339498275,-0.012815851391972723,0.044202901153657825,0.06764229381344765,0.04011248612336865,0.04420290115365814,0.5930089572952074,0.7796030835444618,0.15674254628028686,-0.9483730030059815,0.15653201444285947,0.3385855135135135,0.11906685418181073
site_a61c8cdc86211521,39,0.050751981195637896,0.024816165600067528,0.044271000894404985,0.048476893510937175,0.03919154441495421,0.044271000894405006,0.8084582483840876,0.5068900281002453,0.10045478021601292,0.9678304584026336,0.037558264339199426,0.09165035897435898,0.05990310899154383
site_a62049e3761071cb,301,0.0905502308659852,-0.021329977879650967,0.08800213834638804,0.07052363150459924,0.05367270206006197,0.06605857377930438,0.7610598166170963,0.4610868696009015,2.4680026372748483,-6.4203233417749415,0.5253362597789667,1.4970483627795472,0.8671084428748823
site_a637aa5eb6fad085,105,0.03869717311829368,0.009215275636173432,0.03758390483034645,0.08638912860973952,0.06746149622307884,0.03758390483034653,0.78090261250156,0.9095482574090883,0.15723447677145508,0.9676039417982103,0.5565832183962778,0.783623561904762,0.4778606146289306
site_a6a5e3eb9fd3c985,371,0.09883228734692424,0.07431475848811014,0.06515472118794512,0.07615413085282056,0.03663208658822376,0.06515472118794552,0.4810256013428981,0.5190951695428487,3.6238615992454752,27.570775399088863,0.5372495001855324,2.1515965606469,0.49784852385644285
site_a728723d09857d1a,33,0.058999983696879366,0.054500385103081216,0.02259880748729618,0.024269744454109284,0.03459557325627937,0.022598807487296185,1.4254609611442257,0.7593669722562782,0.11487293651565701,1.79851270840168,0.02104027340168303,0.019437676363636358,0.03949617173470954
site_a73a8fe0a0e90dac,39,0.06938619213283366,-0.042367132406968336,0.05494970200378634,0.06957946374576286,0.06182888402287601,0.05494970200378677,0.8886082285542358,0.6560455489011513,0.18776330268908575,-1.6523181638717652,0.11007053702496562,0.1888107692307692,0.14908962508105583
site_a7fe1c93212d2f37,55,0.05140071583946983,0.03798683836330067,0.034627066002917324,0.023507600037097197,0.037879165205490964,0.03462706600291753,1.6113582477885486,0.4427010230928258,0.14531184738454583,2.0892761099815367,0.021681129695461557,0.03039339927272727,0.07891571361656824
site_a85957854004ad6e,10,0.049934681264916916,0.038631522681713104,0.03163981429024403,0.06983379124750425,0.09704446405972636,0.031639814290245746,1.3896490842919056,0.980768939556588,0.024934723930288442,0.38631522681713104,0.06646654278159142,0.048767584,0.09417628004639522
site_a85f5d6458d2ef6d,586,0.0403481069414711,-0.03568417779933471,0.018831069766368985,0.02767898461990064,0.01898965699782304,0.018831069766369044,0.6860676884862984,0.7344966564000597,0.9539902639835873,-20.91092819041014,0.22623235366377764,0.44894994709897607,0.21131574471645215
site_a8a04a98a04fa26e,41,0.023912622773166466,0.021496718624452266,0.01047399714879122,0.016992422988626146,0.01549695563261952,0.010473997148791233,0.9119921063048152,0.7959445241538881,0.02344435464356214,0.8813654636025429,0.008593465860933066,0.011838440000000002,0.009846380989054493
site_a8d2970296172e46,359,0.07326113530413397,0.06725382124730139,0.02905369982784732,0.03795450487386244,0.041918563635361006,0.0290536998278476,1.1044423784389408,0.739659150690098,1.9268226266321742,24.144121827781202,0.422469933409441,0.5171554540389972,0.6308225858333998
site_a8f474364dc17adf,217,0.09624600467313635,0.001945239379219193,0.09622634493369744,0.09616026139465322,0.0451866219036441,0.08209405960452126,0.4699095161377816,0.5234783986921764,2.0101346711724806,0.42211694529056487,0.49358733722972536,2.0065547041129035,0.44307728339664676
site_a92160c2510cdbec,2,0.07020051248808717,0.070197969019413,0.0005975777268409643,0.0028499999999999914,0.0022524222731713497,0.0005975777268874111,0.7903236046215285,,0.009856223907180167,0.140395938038826,1.2838806957006416e-05,1.6244999999999903e-05,1.014681219335678e-05
site_a9455c71e74fd72a,25,0.07313874148158861,-0.053991826078891754,0.04933718903806088,0.05586589657384906,0.022880902298058822,0.04933718903806102,0.4095683359849525,0.4734458792243915,0.13373188763776628,-1.3497956519722938,0.0151296983474493,0.07802496,0.013088392249332836
site_a963d86424b18502,34,0.0300638463363663,-0.02040734823486384,0.02207657116849546,0.03380066759337433,0.01654990177257592,0.02207657116849548,0.4896323934092965,0.8303657098711579,0.030730385122245945,-0.6938498399853705,0.015793159525994867,0.038844494411764706,0.009312574455184991
site_a98119a935505c9a,155,0.10756668502712372,-0.08057996698887117,0.07125630251280847,0.08767248057489926,0.04820539213727532,0.07125630251280847,0.5498349290584187,0.5835812669321595,1.7934417177972883,-12.489894883275031,0.3822891350937466,1.1914018967741937,0.3601827738218153
site_a9866d1cfd06e947,48,0.11062327637737743,-0.10658202804674705,0.029627361912732905,0.03329338172209389,0.02177392408252951,0.029627361912733272,0.6540015749760881,0.4860985397202196,0.5874004452703503,-5.115937346243858,0.016914539100881667,0.05320556479166667,0.022756980957684414
site_a9bff24a5451b631,238,0.055867473811213035,0.01975663040640975,0.05225753711218221,0.08511124328900126,0.05740078894595433,0.05225753711218222,0.6744207548589778,0.799099377189137,0.7428395619510847,4.702078036725521,0.929142970373588,1.7240538487394956,0.7841744360450824
site_aa2ce12749046dfc,311,0.04699604669944491,-0.017977983485847424,0.0434214292159874,0.061349676260487075,0.03306573066027427,0.043421429215987406,0.5389715590328324,0.7324622923676314,0.6868834340720624,-5.591152864098549,0.4621000973649346,1.1705364437299037,0.3400295312144163
site_aa4df3fb16db7e70,50,0.21366931792841765,-0.20727955846190455,0.05186291611385845,0.060289336536405835,0.04867217071039891,0.051862916113860305,0.807309774938527,0.5646823350099002,2.282728871199761,-10.363977923095227,0.08285055584572255,0.181740205,0.11844901008311065
site_aaad533d86c5f947,240,0.05570861198481048,0.034922069661319256,0.04340389959259578,0.06253393523164487,0.05971232335824128,0.043403899592595836,0.9548787092488027,0.7488064254923239,0.7448278678258009,8.381296718716621,0.6710587339860697,0.9385183333333333,0.8557347746014001
site_aae8b0a4c0119c59,105,0.029712889871578125,-0.023570134547892075,0.01809156106903975,0.026049419211756745,0.02185537987960163,0.018091561069039936,0.8389968199267092,0.7279959936179579,0.09269986157465564,-2.474864127528668,0.04351857767442862,0.07125008533333334,0.05015405111657806
site_ab53cfe255b5cc4c,78,0.06961811635611041,0.05426783662881608,0.04360830233569127,0.06189138383090922,0.04287529190857865,0.04360830233569258,0.6927505777818184,0.709815757756163,0.37804120574788835,4.232891257047655,0.14691885062983406,0.2987823846153846,0.14338667118717474
site_abdcb41ac727b4e7,485,0.09911098549474628,-0.07375268805887282,0.06620822040978304,0.10308204768842254,0.07856923064282399,0.06620822040978333,0.7622009108735268,0.7664764660055243,4.764148911183808,-35.77005370855332,3.0107597465811624,5.153565649484536,2.993965141845557
site_ac16cbbd2f795846,35,0.06010477072195488,0.0078725599527359,0.059586963870710385,0.08583817713034932,0.046494526531851585,0.05958696387071077,0.5416532373613603,0.7491003872245997,0.12644042122385676,0.27553959834575653,0.10463822927517549,0.25788674285714286,0.0756609349097368
site_ac240db4268c6c54,61,0.1164589440092272,-0.10486794846175146,0.050649768263712265,0.08956919197188941,0.06819635630456843,0.050649768263712376,0.7613818412693879,0.8273984988048595,0.8273238240244032,-6.396944856166839,0.30829351622574647,0.4893810491803278,0.28369532380639867
site_ac2a9b93fc2413dd,121,0.05411881785669672,-0.015702965118668297,0.05179057185133412,0.08492078616061244,0.07417511333371178,0.05179057185133413,0.8734623958075806,0.7962541509695827,0.3543904199909642,-1.900058779358864,0.6068890536647936,0.8725963305785124,0.6657356400063474
site_ac6e3a81298a7ce5,53,0.12847353669911044,-0.09866634016891696,0.08228245833498929,0.06493906007692062,0.0542379952321141,0.08228245833499039,0.8352137398950485,0.0551420452468449,0.8747888304948169,-5.229316028952598,0.01029362557181772,0.22350532075471696,0.1559132867203381
site_acf798671ee3a747,30,0.15026438353745905,-0.10659138900756836,0.10591345877332979,0.11309052760215302,0.02551234193798741,0.10591345877332983,0.22559220899329951,0.38518699427889336,0.6773815487967778,-3.197741670227051,0.0333402941274643,0.383684023,0.019526387734823736
site_ad04b63315ba2272,10,0.0352814745138294,-0.026006027522087104,0.02384258745166812,0.0352938649059578,0.017932527630509242,0.023842587451668167,0.5080919213095908,0.7890271123157672,0.012447824438699937,-0.26006027522087105,0.004993817354142665,0.012456569,0.003215755472189774
site_ad53cb9b838bb8cd,636,0.09213210371277587,0.06869384731914638,0.06139609006309355,0.01997911936331535,0.05963857364171894,0.06139609006309363,2.985045164264061,0.07823781148082064,5.398574403968514,43.689286894977094,0.05928944688235299,0.2538690738993711,2.2620990203879145
site_ae3ed38eaa09b85f,486,0.03181080554430698,-0.0037401158979522833,0.031590170661894124,0.04645377373304071,0.02519314959556758,0.03159017066189415,0.5423272981081557,0.7667619952806152,0.4917966917975679,-1.8176963264048096,0.4361142865474348,1.0487652037037039,0.3084616662606984
site_af194bfb42414cbb,864,0.04923127835439576,0.03259683602263254,0.03689397037080181,0.04457700989190736,0.04237633239509092,0.036893970370801825,0.9506320073474476,0.6409966244133767,2.094093015904509,28.163666323554516,1.046173669246441,1.7168628766203704,1.5515310648319764
site_af687448e37c8c15,597,0.06445490070815423,0.018207971963251454,0.06182963676331495,0.09347797865726644,0.07110218965418164,0.061829636763315245,0.760630371725037,0.7500764640339709,2.480197232502918,10.870159262061119,2.9762688407274447,5.2166650988274705,3.018146260050671
site_afb9454fdc863c14,194,0.0836272933784514,0.05132254326122323,0.06602666696877445,0.10937564938938447,0.062355306528192246,0.06602666696877471,0.5701022748327031,0.8424809254448118,1.3567436943742828,9.956573392677306,1.1146945295151822,2.3208283397938145,0.754307744931614
site_b019e673dfa447d5,669,0.09512329992201136,0.08179128233545387,0.04856571138133364,0.05393584758916921,0.07074781239874045,0.04856571138133365,1.3117029871789245,0.7279780591307687,6.053407823807408,54.71836788241863,1.8583817478059474,1.9461716133034381,3.3485142297097323
site_b04900ecbfac7c98,10,0.10696922542279967,0.10106399762153626,0.03504972998908615,0.06557104238915223,0.06655519310221716,0.03504972998908614,1.0150089227989418,0.859361967021336,0.1144241518755373,1.0106399762153626,0.03750335878282785,0.042995616,0.044295937288734155
site_b050cd10feccfd77,44,0.06047819049959834,0.01432219661907716,0.05875786083674424,0.03862411570572958,0.05401048339545139,0.05875786083674512,1.3983616817779823,0.22924719278442418,0.16093490714865114,0.630176651239395,0.02104230525209145,0.0656401818181818,0.12835382193085454
site_b07ebc840452ba9d,7,0.03829784772701965,0.029846332926409584,0.023998365597846513,0.11753381102769482,0.10163268593140477,0.023998365597846537,0.8647102058781773,,0.010267075983653888,0.20892433048486708,0.08248617311535138,0.09669937714285715,0.07230441994742093
site_b0b863b5597ced77,64,0.05298229949158284,-0.03720358493737876,0.037722901892922066,0.05769357489343483,0.03851038441403401,0.03772290189292208,0.6674986683554645,0.7625750066348658,0.17965593980260985,-2.381029435992241,0.10843459086329675,0.21302710937499994,0.09491518129386711
site_b12672b82d8e070e,371,0.09945041616484288,-0.020286484399574468,0.09735935407584759,0.13394413567023197,0.0800100343041007,0.09735935407584811,0.5973388375963241,0.6934761017812108,3.6693329371587233,-7.526285712242128,2.7572336467105263,6.656122679245283,2.3749956736463904
site_b18fe53daa1d7307,44,0.1230104232135706,-0.1053373950324275,0.06352635222460096,0.0750882776613551,0.02780824777577595,0.06352635222460097,0.37034073282636665,0.5689336938797526,0.665788825643997,-4.6348453814268105,0.0522709145099602,0.2480829754545455,0.034025140351793715
site_b2267c975c71dbb8,491,0.08923622358837474,0.018856478398783388,0.08722119480212723,0.1117896625758952,0.03881167794406567,0.08722119480212741,0.34718485636107904,0.7370494339809578,3.909883867754375,9.258530893802643,1.5701537234246306,6.13599197148676,0.7396160553134319
site_b2271a910bc63599,20,0.050239716265126966,0.03753174325346947,0.033397564862667935,0.048808088212918155,0.03570158501032972,0.03339756486266814,0.7314686216470264,0.7292388025473334,0.05048058180800925,0.7506348650693894,0.02541435308493674,0.0476445895,0.025492063444995994
site_b2c81cb18e128f03,52,0.024782346599944816,-0.007027756421153359,0.023765002476009427,0.032330516834516924,0.0153541882962928,0.02376500247600955,0.47491317181481796,0.7214195356919435,0.031936564555989415,-0.3654433338999747,0.01862218993284668,0.054353640576923073,0.01225905710837677
site_b2da63ab5c4ee3dc,2,0.04023847235499621,-0.038840157330036165,0.01051555210351944,0.0165,0.00598444789648056,0.01051555210351944,0.3626938119079127,,0.0032382693149275886,-0.07768031466007233,0.0001974867805838585,0.0005445000000000001,7.16272332513812e-05
site_b2eaf44be71ff0ae,155,0.0484278561736106,-0.012467438779338712,0.046795514997223356,0.07791314997229684,0.059654673889014555,0.04679551499722342,0.7656560402220377,0.8002910084022901,0.36351487430364676,-1.9324530107975004,0.5765472094455073,0.9409211354838709,0.5515954181047247
site_b30a47c3dfe5fc92,477,0.06461827517601161,0.04268249004766876,0.04851521957132025,0.06429340664426855,0.0632271082089711,0.04851521957132027,0.9834151199796083,0.7106347277652134,1.9917237491667559,20.359547752738,1.3779535026512806,1.9717472997903562,1.9068872603476845
site_b33e3bea3571d4bd,118,0.09165553235372766,-0.07105197821572674,0.05789950779304698,0.08425870736789311,0.07655907572989838,0.05789950779304698,0.9086191578470775,0.7447537806181267,0.9912869201033356,-8.384133429455757,0.5668996616335996,0.8377445125423729,0.6916324650407252
site_b4081a628b4563f6,155,0.10029206409941314,-0.06278442811043032,0.0782087828070927,0.07336472668625012,0.059768021475279515,0.07820878280709272,0.8146697217435573,0.3236115694960353,1.559067208804723,-9.7315863571167,0.21994389986042534,0.8342693838709678,0.5536935406157684
site_b419a77ce9d11fde,169,0.1163238620018935,0.10023403529408416,0.05902862898373852,0.07070852911122187,0.06487492603416183,0.05902862898373853,0.9174978867417252,0.6239165346156655,2.2867797072050102,16.93955196470022,0.4836841750327476,0.8449486390532543,0.7112797687215164
site_b42936ae6e6a0d03,186,0.05675751354282203,-0.023184039170383128,0.051806521513316904,0.07487274362083088,0.04954840510587678,0.05180652151331692,0.661768257842919,0.7247048671705069,0.5991832539028346,-4.3122312856912615,0.5000662558519391,1.042702559139785,0.4566382674277103
site_b436f4a91f17ee10,151,0.10799985667160523,-0.012149569820410365,0.10731429072712657,0.12606925764110985,0.06605722320324554,0.1035122691340875,0.5239756657510846,0.5729149163835122,1.7612593252041784,-1.8345850428819652,0.7204379571653212,2.399912116049261,0.6588970673358336
site_b491b5d705afd5f5,391,0.05280157961094068,0.012954537676728288,0.051187759894263135,0.04204957950480631,0.05128371435833694,0.05118775989426327,1.2196011223483259,0.4122499063887514,1.090110662479508,5.0652242316007605,0.3475989475914889,0.6913533503836315,1.0283375691295102
site_b4a169fed07d4305,259,0.0469850020280959,-0.015948042745295637,0.04419559195411233,0.061761847544239926,0.06563004899948358,0.04419559195411527,1.0626309219858239,0.7609079356780155,0.5717659176352655,-4.13054307103157,0.7988309540273371,0.9879621853281854,1.1155915629037252
site_b4d57a535cfd4a12,156,0.04136906245206553,-0.008765081745691787,0.0404298487525521,0.05214215258565391,0.06689457756768731,0.04042984875255212,1.2829270417595358,0.7968853857291444,0.2669782951934121,-1.3673527523279188,0.43361104129751527,0.4241334358974359,0.698081983241656
site_b5639796f8098e20,328,0.05929879135604589,-0.017995966992727142,0.056502140032785815,0.08939263547860543,0.07325583417711973,0.05650214003278591,0.8194839964714121,0.7761257457664162,1.153361703262419,-5.902677173614503,1.667054865243958,2.621062195121951,1.7601848550432972
site_b582b14f96e98786,39,0.06513574985667775,-0.03290907739064632,0.05621084001051884,0.06014136316583706,0.025226260350348258,0.05621084001051904,0.41944942752275166,0.3604440016382335,0.16546397046627612,-1.2834540182352066,0.02132694018039948,0.141062358974359,0.024818204239278552
site_b61ae4423402851d,358,0.07082049565604069,0.033252441956843744,0.06252853515695067,0.07382807372468785,0.03834309077311649,0.06252853515695067,0.5193565108592926,0.5318219336086792,1.7955642525782856,11.90437422055006,0.5389617274196288,1.9513092402234635,0.5263289543926915
site_b67b52a6713d2819,119,0.08126862974305661,0.007964542773190668,0.08087741488653086,0.11061508376292459,0.058982171949685774,0.08087741488653091,0.5332199727489166,0.7030188656259236,0.785946231457369,0.9477805900096894,0.5458195089406574,1.4560479139495799,0.4139886963403736
site_b69cf9ad02aa761c,62,0.08192476866356029,-0.046639837903361174,0.06735275228916829,0.09497987628473452,0.05079770569280536,0.06735275228916852,0.5348259829326577,0.7321805490186225,0.4161233986758279,-2.8916699500083927,0.21902090741549765,0.5593129677419355,0.15998522802647797
site_b708e7aad1210ce8,162,0.15880940015688938,-0.12232859285856469,0.10127260709310554,0.11452000377685578,0.061945398734208755,0.10127260709310612,0.5409133486836977,0.4719435249614686,4.085708943666945,-19.81723204308748,0.5423697420984782,2.124602664938272,0.6216316527430981
site_b72a5ec99205d5b7,153,0.06549185870345886,-0.05242086936601626,0.03925857882482346,0.061489892484022216,0.05862166353425161,0.03925857882482357,0.9533544647111573,0.7873561070985657,0.6562450841343743,-8.020393013000488,0.43423467809341704,0.5784940522875817,0.5257844136350198
site_b756906d27dccd10,62,0.17322378502029162,-0.1586200473760405,0.06961436825238651,0.07280918320657881,0.04963948581232149,0.06961436825238662,0.6817750677339864,0.4038358461617752,1.860401741198885,-9.83444293731451,0.0904919587559998,0.3286729838709677,0.15277287020612335
site_b7a18627a594b786,48,0.07073540846466117,-0.04704225361148517,0.05282541420391485,0.07420451114875962,0.04248740845597437,0.052825414203915226,0.5725717722309202,0.716985868140266,0.24016790451179798,-2.258028173351288,0.1085031591915836,0.2643028547916667,0.0866486341106305
site_b7a3262e8a713a7b,102,0.05015095157171225,0.003372360691136007,0.05003743725369145,0.07305809270471093,0.04330276502475047,0.05003743725369147,0.5927168835323047,0.7442222958831837,0.25654203024191924,0.3439807904958727,0.24015233131761055,0.5444234607843139,0.19126320479645276
site_b812626cb80e0341,68,0.10203267245941028,-0.06488609739086208,0.07874300359138495,0.11366791593258296,0.03911592940856654,0.07874300359138496,0.3441246290797344,0.9277519974764237,0.7079253049462325,-4.412254622578621,0.28049967466623466,0.8785868676470588,0.10404380347772535
site_b843de06c1a6a47d,69,0.08852059888411319,-0.05452598092659659,0.06973387864441848,0.07980383758425219,0.04609950805916245,0.06973387864441918,0.5776602912171148,0.4934879830565038,0.5406768534493422,-3.762292683935165,0.12526961404581863,0.4394370220289855,0.14663636038747807
site_b87223f545f36d24,58,0.26939706878841674,-0.2655928265033097,0.045113536569124923,0.04813199869581796,0.027717363848065037,0.045113536569124965,0.5758614767533706,0.39341750062391817,4.209337278963875,-15.404383937191962,0.030441600885627598,0.13436797931034486,0.04455863100378932
site_b87cd5aaea8e51ba,65,0.057716736444759095,-0.008991553739401009,0.057012048087972125,0.07075796900360265,0.04255939772180396,0.05701204808797213,0.6014785093624867,0.5923489546670586,0.21652940827919587,-0.5844509930610655,0.11594761375509777,0.3254348615384616,0.11773465173877501
site_b881d34c09ab42e7,66,0.08564586165826174,-0.04830943986069071,0.07072065921307871,0.06640967428998663,0.059929347393142374,0.0707206592130788,0.9024189326912364,0.3769401986230081,0.4841240988662832,-3.1884230308055868,0.09901187599834166,0.2910761593939393,0.23704076081188408
site_b904064dea358149,1211,0.10828913580551168,0.08763575767245203,0.06361219152552298,0.06765767789582397,0.06774877154264042,0.06361219152552308,1.0013463903824293,0.5586010288002616,14.200836226474012,106.1269025413394,3.10073311368939,5.543426829066887,5.558364111145167
site_b9048e7e348a00c2,124,0.041922052009493734,0.02730272782848727,0.03181225389390454,0.04441798252471714,0.056948532788343366,0.03181225389390455,1.2821053445336783,0.8309959185959161,0.2179248471411505,3.3855382507324214,0.26065252975105274,0.24464668927419353,0.4021487879563824
site_b9661fa344baf0d4,144,0.113179622480001,0.10826985201487938,0.03297371816146412,0.03914794666895138,0.05302204225950208,0.03297371816146434,1.354401616715044,0.7844645659240749,1.8445862800390391,15.59085869014263,0.23447754751476976,0.22068888888888885,0.40483252301305306
site_b969a6c48312ad74,9,0.15775419960735368,-0.15615282406012218,0.022420593921779024,0.02736668696710574,0.024632181201989064,0.022420593921779024,0.9000790352005887,,0.22397748744381107,-1.4053754165410997,0.0038384859353303886,0.006740419999999998,0.0054606991569086105
site_b9eaf91685021861,238,0.05143290990254323,0.010383066847795198,0.050373962955849984,0.0647945061807904,0.040791440006795236,0.05037396295585001,0.6295509050254736,0.6289550636429578,0.6295919246082647,2.471169909775257,0.3956432823544102,0.9992020714285714,0.39601809552305806
site_bb41a05397abcbe3,238,0.07291862219065584,0.0656385454798446,0.031760144985090624,0.03927229290354515,0.042761623603413144,0.03176014498509094,1.0888496810827413,0.7032979555512622,1.265475859999698,15.621973824203014,0.28109735340171127,0.3670704915966386,0.43519643586159523
site_bb59973d2df99f1c,65,0.04405271072214806,0.0008770328796826876,0.04404397955790569,0.08388345535825427,0.06540811726485012,0.04404397955790619,0.7797499159458964,0.85432536893237,0.12614168592800182,0.057007137179374695,0.30468047192944925,0.4573682153846154,0.278084417268605
site_bbd4ea535f73b619,96,0.04258565107623621,-0.032082004203771546,0.028005047471056393,0.033865973005424876,0.01596997378534713,0.028005047471056487,0.4715640026875635,0.5710219194584868,0.17409961704834603,-3.0798724035620686,0.029647752309730276,0.11010279625,0.02448384601964876
site_bbfd063296f373c3,52,0.07709849241139476,-0.05199952947634918,0.05692298715236393,0.060392120430228076,0.038422025159278,0.05692298715236393,0.6362092419600922,0.4058015533522283,0.30909723166971453,-2.703975532770157,0.04896407778733053,0.18965482692307692,0.07676510490168997
site_bc37e7bebe33d230,276,0.0314411051526188,-0.0003934592038824936,0.03143864314936179,0.04322011711482802,0.05135237940216435,0.03143864314936187,1.1881591913721654,0.7922340756679317,0.272837893728177,-0.10859474027156824,0.4852986812642303,0.5155620724637682,0.7278304561928179
site_bc93eecd419d5cf1,153,0.04924666675029332,0.029195583209492806,0.03965919952636497,0.04305533038598709,0.0726520183882366,0.03965919952636687,1.6874105421307397,0.8886068503147423,0.3710608304602102,4.466924231052399,0.425280723474613,0.28362550562091504,0.8075823137103542
site_bcf274618f28d9ed,84,0.0947525728697275,0.029615004257077263,0.09000556420736618,0.08133476478471574,0.06504475060774882,0.09000556420736738,0.7997164653996994,0.2594475105810881,0.7541562054963737,2.48766035759449,0.11529680214875511,0.555688892857143,0.3553888448564362
site_bd11119142bc591a,41,0.08890032047514394,0.052568352553902596,0.07169264460425419,0.10489694100970975,0.056810738232029236,0.07169264460425483,0.5415862243949571,0.7627602766728665,0.3240339462039152,2.1553024547100064,0.18636535488686914,0.4511380975609756,0.13232585911719408
site_bd599065e701bf2f,260,0.06959116869270199,-0.05430322131193601,0.04352115480043016,0.06182782975767772,0.04789058240378095,0.04352115480043161,0.7745797093554614,0.712958320085507,1.2591619976041877,-14.118837541103362,0.5488726750460955,0.9938969384615384,0.5963120495730667
site_bdd9f4c5442812d1,142,0.03709095363795925,-0.010799036001655417,0.03548407619212022,0.05363880748875492,0.0570531881228011,0.035484076192120455,1.063655043687576,0.7961840431213562,0.19535491553180043,-1.5334631122350693,0.3459878479214097,0.408551276971831,0.46221941104655406
site_bdfe6061d850b13b,146,0.04349242726024016,-0.0006611377090623952,0.04348740192190076,0.07322054408813285,0.05018446150572656,0.043487401921902515,0.6853877163944778,0.8148754124906562,0.27617231943214315,-0.0965261055231097,0.43716591129033533,0.7827422191780822,0.36769810578648365
site_be8516cfd6e0790e,150,0.11750834152145047,-0.0902081190252304,0.07530408746576578,0.08362365029636586,0.06046618432512118,0.07530408746576582,0.723075160087205,0.49228361492659944,2.0712315490682762,-13.531217853784561,0.3733776560007533,1.0489372333333333,0.5484239170259295
site_bef664d28695b721,15,0.02132930115463696,0.012005043037732439,0.017630032030810087,0.10624619627178293,0.10051584812321741,0.017630032030812884,0.946065380694599,0.9869852028677913,0.006824086316177964,0.18007564556598657,0.1581065393755833,0.16932381333333335,0.15155153585894565
site_bf2aa2626c0e2039,210,0.05136858734460397,0.005477895357154666,0.051075673546574704,0.06079515819425051,0.05387702524788412,0.05107567354657491,0.8862058566528962,0.6090835962457525,0.5541336708138436,1.1503580250024799,0.41895637152482357,0.7761707645714285,0.60957410840784
site_bfacedeb5df79c6e,50,0.0703554135025549,0.004506640723228455,0.07021092791373167,0.08558305916476695,0.03979977259869761,0.07021092791373168,0.46504264964487835,0.5840707427701975,0.24749421045577427,0.22533203616142275,0.09947268791002034,0.3662230008,0.07920109494540206
site_c0555c6b321e4775,2,0.06357376262655404,-0.04477757202386856,0.0451286199450493,0.02560000000000001,0.019528619945049286,0.0451286199450493,0.7628367166034874,,0.008083246588994876,-0.08955514404773712,-0.0009998653411865239,0.0013107200000000011,0.0007627339939163535
site_c0951b8580287e99,50,0.12011273186261336,0.11305878360509873,0.040555884964275084,0.031165853108811252,0.0439604638833116,0.0405558849642751,1.4105329871712398,0.45948646552764427,0.7213534177750027,5.652939180254936,0.03147632449001074,0.04856552,0.0966261192417972
site_c0aaae0aecb597e5,655,0.18044496068254479,-0.1750405323418042,0.043831448449976274,0.03983966157125624,0.028722663093391256,0.04383144844997647,0.720956503157503,0.21453885825963023,21.32705141239996,-114.65154868388176,0.16080057956153204,1.0396151053435116,0.5403693507405813
site_c0baac71bcc40ff4,11,0.03167283572145157,0.02497553876746784,0.019477961544082815,0.07213076509179196,0.07968221968583009,0.01947796154408324,1.1046911755951614,0.971956128261396,0.011034853749018641,0.27473092644214625,0.06144991831481457,0.05723132000000001,0.06984181747466978
site_c0e5aee02ccea819,55,0.05820200944102784,-0.03261125417297537,0.048207675781343065,0.06727519405796753,0.03293418787265022,0.04820767578134307,0.48954430134043975,0.7416845409361777,0.18631106466354216,-1.7936189795136452,0.09038239270855081,0.24892734545454548,0.05965634019570615
site_c1458c9cb325529c,104,0.20527862113392598,0.20011432771098156,0.045755525780257475,0.017171163645680672,0.050198396479016034,0.045755525780259154,2.923412618669161,0.418323151405172,4.382488478643176,20.81189008194208,0.0375003059903303,0.03066428153846154,0.2620674169427069
site_c1eaac8764a60481,45,0.05589354848108382,0.021643042947848634,0.05153316848171522,0.06595597484143458,0.038770258299542296,0.05153316848171538,0.587820260298635,0.6252431174390122,0.14058399428132703,0.9739369326531886,0.07194726207297711,0.19575857777777778,0.06764098178759527
site_c204fd32b9271e1b,91,0.09484186987362794,0.028011243818225433,0.0906109844383235,0.13493713515257091,0.061529469160411375,0.09061098443832362,0.4559861826830779,0.8300736169781938,0.8185432055824821,2.5490231874585145,0.6271517760445702,1.6569307703296705,0.34451467733974334
site_c29be1fac6229539,472,0.06710785061409609,-0.031496867613393355,0.05925715943738959,0.11395275257323767,0.06565542361979408,0.0592571594373896,0.5761635602228846,0.921221636990565,2.1256348258286915,-14.866521513521665,3.2531310319292466,6.1290284745762715,2.0346195551278585
site_c2fa2fe516862278,53,0.07796858348185713,-0.06732803189102209,0.03931966596817474,0.04345334673907901,0.026966142799296444,0.039319665968174926,0.6205768904572064,0.45628870902713237,0.32219230053886827,-3.568385690224171,0.028337246813920313,0.10007424716981132,0.03854016144601852
site_c33eaf01c8613ed2,878,0.06630264096558215,0.048881598796021684,0.04479541827191329,0.020196042709814937,0.05094699661087118,0.04479541827191332,2.5226227406476913,0.4844106577006543,3.8597232947315634,42.91804374290704,0.4376158798189651,0.35811876391799546,2.2789336951006094
site_c3aa24263a4277b0,258,0.07395486929700044,-0.02514819526857184,0.06954776033396187,0.09840480401585196,0.05759816402586004,0.06954776033396196,0.5853186193692494,0.7202059906518101,1.4110852547259962,-6.4882343792915345,1.053177025075049,2.498344406976744,0.8559275127806684
site_c3aefe4e5e9b8037,305,0.06881194728244867,-0.022395464999558495,0.06506556106156348,0.09016047111083199,0.04659623691432222,0.06506556106156368,0.5168144791195982,0.7220176579041966,1.4442006470847613,-6.830616824865341,0.9251553729101283,2.479317718032787,0.6622188348455715
site_c3d5b5decd374619,53,0.04312567823793567,-0.010993883686245614,0.04170082307311525,0.031450866369180014,0.047067296709298705,0.04170082307311533,1.4965341862703618,0.49500830346088165,0.09857067854454381,-0.5826758353710175,0.03883651240282465,0.05242532075471698,0.11741251223462151
site_c3fac8d15831ac8c,148,0.042305539717942875,0.02062420722520029,0.03693779591635698,0.054643480170353635,0.05488527105310868,0.03693779591635752,1.0044248807360228,0.7725430635951884,0.2648842862423134,3.052382669329643,0.34290875810414956,0.44191466891891895,0.445834160828835
site_c3fba37c42f73863,128,0.028743305359698896,0.02205640979586169,0.018430745777583486,0.01969198355444656,0.018732569890555727,0.01843074577758349,0.9512789729263109,0.5408119494856157,0.10575073318411458,2.8232204538702965,0.02553542407009518,0.0496350996875,0.04491637436218304
site_c438c579f3fbc2ec,83,0.09249171842964264,0.05608313134463436,0.0735486257971472,0.08455079810219648,0.0849345365649863,0.07354862579714735,1.004538555181064,0.6233783564747146,0.7100415921796687,4.654899901604652,0.3715624730900109,0.5933535091566267,0.5987516666252466
site_c45005d41e05ffcd,278,0.06861582582400474,0.037592954359895035,0.057401231136666446,0.09478918420125944,0.059900279468415356,0.05740123113666842,0.6319315855829412,0.8170392076323487,1.3088605718758233,10.45084131205082,1.2896602904441758,2.4978270647482015,0.9974760875496049
site_c4ae57110fb255d4,1016,0.09641531388293545,0.07110988667619039,0.06510988226102335,0.03309788869498283,0.06946312416639465,0.06510988226102347,2.0987176797450613,0.36564562225237485,9.444647355163285,72.24764486300944,0.8540999361843633,1.1129977598425196,4.902327628859256
site_c4f8e2def8cc0f30,94,0.07071209591126913,0.04329331606880147,0.055909652940537756,0.07413675607400827,0.053666431290786354,0.0559096529405379,0.7238842664927628,0.6598278803390205,0.4700188477674654,4.069571710467338,0.24677139236651202,0.5166483085106383,0.27072806966393714
site_c56fc9c5f1ff5d0d,122,0.04432851827197564,-0.01986781302143316,0.03962685374760718,0.05707869031375326,0.04089529851117239,0.03962685374760718,0.7164722646293543,0.7197418178401422,0.23973213892704315,-2.4238731886148455,0.20496700220933703,0.39747318032786877,0.20403590371878366
site_c59fe04d734e33bd,568,0.0637464182206093,0.018008783239462006,0.06114973067962689,0.07799892408405983,0.03861636541132713,0.061149730679627035,0.49508843698549077,0.6367400000477884,2.308128114823479,10.22898888001442,1.089357621719767,3.455616665897887,0.8470150488660888
site_c5ee40e68c26cb53,124,0.1561410564727557,0.1519162764904961,0.036075953954004314,0.023903501968279766,0.0384407433638276,0.036075953954004314,1.6081636663464176,0.40680129793392106,3.023123660037107,18.837618284821517,0.0463508095872258,0.07085079838709678,0.18323365304509331
site_c6112b3d07cf93a0,216,0.1454342842210519,-0.11222850724116519,0.09249807127345648,0.11398090644317443,0.056337041383966564,0.0924980712734573,0.49426735706873487,0.5925249036470388,4.568644301808176,-24.241357564091683,0.8218385362292606,2.8061957592592597,0.6855542420901324
site_c62b54e06aa4fffe,37,0.04853205328711739,0.03774535709136242,0.030506527404952848,0.03362320757535222,0.05025421715081339,0.03050652740495291,1.4946288820954927,0.8064583512165729,0.08714832726175328,1.3965782123804096,0.05041912697356294,0.04182924324324325,0.09344299463332095
site_c6d377978f89caf6,53,0.04000595936900442,-0.009191848642421218,0.038935673919546485,0.08859817651313413,0.07446959954075623,0.038935673919546485,0.8405319665886866,0.9002428153584378,0.08482526960682493,-0.48716797804832457,0.31480334299156126,0.41603075471698114,0.2939232265553118
site_c6dbad6563643f29,50,0.15039855100640107,-0.14545409103584286,0.03824698087119757,0.03219481877569743,0.04961026595812011,0.03824698087119795,1.5409394382293868,0.637009000702479,1.130986207241251,-7.272704551792144,0.05087133246684075,0.05182531779999999,0.12305892442177058
site_c7184b24616d8b68,11,0.05172144952153973,0.04870345087484879,0.01740925654617027,0.08969228294471443,0.0961435616401321,0.017409256546172168,1.071926797753539,0.984839786434412,0.029426191746701004,0.5357379596233367,0.09341864318156784,0.08849176181818182,0.10167942889334869
site_c79eeb4ffddf3d41,568,0.04326854183345803,0.011839748782381206,0.04161714864288291,0.037862885422486836,0.044341303796299525,0.04161714864288291,1.1711020779722494,0.49668606836389134,1.0633906926396262,6.724977308392525,0.4736444800531518,0.8142837165492959,1.1167738942980525
site_c7e77fa91cd0e5b5,45,0.07089776439236456,-0.03330270876222186,0.06258931685945987,0.06847696197253246,0.043057923063894415,0.06258931685945987,0.6287942955349837,0.44525658138635255,0.22619218481258566,-1.4986218942999838,0.05907727067917586,0.21100924444444452,0.08342931323593128
site_c83832e8d67694ad,46,0.05067784174615222,-0.028188086373650507,0.04211502618590741,0.04370764641784688,0.01604342192614703,0.042115026185907435,0.3670621330824191,0.2809918372357744,0.11813920762621023,-1.2966519731879234,0.009063709172509288,0.08787648434782606,0.01184000380661726
site_c8f87af663a64c0b,62,0.06085915902486822,0.049629427522613165,0.03522438304629176,0.018646476680913814,0.03130003419925737,0.035224383046291774,1.678603134247635,0.07421249529840473,0.22963790870728035,3.077024506402016,0.0026854082473343403,0.021556847741935482,0.06074091273423021
site_c8f923241d7b6cf3,153,0.074485250778114,-0.04495006310900832,0.05939313436732147,0.08825432910147732,0.056413428853543425,0.059393134367321965,0.6392142960905371,0.7475559202016632,0.8488520452722157,-6.877359655678273,0.5694474219896045,1.1916904705882354,0.4869186681171123
site_c90d703c921023d7,384,0.10446712953293182,-0.08490280130691825,0.06086785262425736,0.07920925509474842,0.04475028766238568,0.06086785262425748,0.5649628646154585,0.6448895780618608,4.190738362694536,-32.60267570185661,0.877785380245031,2.4092567395833333,0.7689938864126469
site_c91d0d6c46ea62b9,342,0.07030372977721026,-0.05269351214031029,0.046540393196727224,0.059308350639052314,0.0365253693728796,0.046540393196727266,0.6158554230444072,0.6198645571031796,1.6903741318407546,-18.02118115198612,0.4592333018199394,1.2029783157894736,0.45626309187624947
site_c9aed1d9afe08cac,128,0.07505134275856302,0.0036732778996229195,0.07496139726109334,0.10018987832485875,0.06016660655957468,0.07496139726109337,0.600525797271543,0.6667806772034681,0.7209861183825037,0.4701795711517337,0.5144845557957888,1.2848655,0.4633626297465159
site_c9e5c8b8112d21fb,124,0.05627418874208391,-0.050363908913154745,0.025104999453637408,0.04699091275175974,0.060995907868352336,0.02510499945364131,1.2980362435302584,0.924270284050037,0.3926812555038807,-6.245124705231189,0.3284999109423629,0.27381008927419354,0.4613420963088813
site_ca4c08bc8824e7df,72,0.08235820904424482,0.07109134540789658,0.041579985630957994,0.02617135116713656,0.05441620162331034,0.04157998563095831,2.0792278272449654,0.6730939312439491,0.48836697098223814,5.118576869368554,0.06901802697425916,0.049315652777777774,0.21320085593583094
site_caaaa1aabb1e21d9,11,0.10651184814290951,-0.08092870742190969,0.06924823542760605,0.13489371083612645,0.0685882106846613,0.06924823542760605,0.5084611451454889,0.9784428415017802,0.12479251174300036,-0.8902157816410066,0.09957935767024756,0.20015944545454548,0.05174776909415835
site_caab4140fe1f5c75,199,0.06700289590112166,-0.04717055497337227,0.04758494302445481,0.0745912890863636,0.03963532512845457,0.0475849430244549,0.5313666731588972,0.823706237499919,0.8933882237681725,-9.386940439701082,0.4846140139948334,1.1072082211055276,0.31262084060962225
site_cadb6c34bf67432d,262,0.05298885075358345,0.0018855197998403582,0.05295529359063125,0.08020170337813158,0.04592390940761269,0.05295529359063125,0.5726051626496336,0.7788191406234158,0.7356483956966118,0.4940061875581738,0.7515542784598834,1.6852660648854962,0.5525594292829978
site_cb6d0d529a35bf72,121,0.10692549878330547,0.037553591595602426,0.10011388539223395,0.08029625390703674,0.06783765991521208,0.10011388539223398,0.8448421515871882,0.09423771986801062,1.3834005370970976,4.5439845830678935,0.062112109979728526,0.7801460953719007,0.5568357204354086
site_cb73c7416c77fcc5,47,0.07292764880769761,-0.05741249971060043,0.04496939890191091,0.04779927284365394,0.02394232065819256,0.04496939890191096,0.5008929892407611,0.365143188609554,0.24996677214908733,-2.6983874863982202,0.019640321584141005,0.10738421276595744,0.026942031769486563
site_cb8aadebec9e1fcf,153,0.03673585362000277,0.017123078577347052,0.032501124922443364,0.045301158013228364,0.0681316555309859,0.032501124922443635,1.5039716095356943,0.913315826198375,0.2064770100021114,2.619831022334099,0.43129126253537103,0.31398582235294115,0.7102141402651168
site_cbe94aaae2e082ea,54,0.046636126673145865,-0.00014342886960065122,0.046635906115707365,0.04945340773937663,0.02561970207456586,0.04663590611570831,0.5180573644102286,0.36586993530788986,0.11744612879798019,-0.0077451589584351666,0.02503172516922157,0.13206453499999996,0.035443933257033766
site_cc2f4e33aba4f988,24,0.07702105753059056,-0.04636925609707832,0.061499068221673926,0.061927302249402794,0.01838531307224817,0.06149906822167394,0.29688541894177983,0.17165435583352698,0.14237383927513297,-1.1128621463298798,0.0046905013022323465,0.09203977833333332,0.008112473682349908
site_cc39c5b4f811532d,154,0.04970734304289336,0.03545522306104759,0.0348388735477374,0.04908372963373881,0.05417988162273006,0.034838873547737514,1.1038256877995736,0.7766792543892821,0.38050627266711723,5.460104351401329,0.318081223254854,0.3710187272727273,0.4520607741885685
site_cc701381aa01ffc3,51,0.0684878433453536,-0.021193999248392444,0.06512602461348947,0.08519605361131434,0.028852514676564023,0.06512602461348972,0.3386602248995757,0.7830039757577103,0.23921981899098252,-1.0808939616680147,0.09816061983973372,0.3701767450980393,0.04245584776122846
site_cc73ca175d85bc6f,40,0.0652252867496831,-0.03461957714706659,0.05527949809591881,0.07918143721858047,0.03879302379155679,0.05527949809591886,0.4899257345439259,0.7681080794796986,0.17017352126313545,-1.3847830858826635,0.0943755157031119,0.250788,0.06019594779569165
site_ccee683800437b50,18,0.22920954506088306,-0.2172709011303054,0.07300939027989511,0.07771759576413839,0.026243368749448846,0.07300939027989534,0.3376760242184235,0.3428092639088254,0.9456662798463058,-3.910876220345497,0.012585312230719457,0.10872044444444441,0.012396859259751869
site_cd09f5e742102c10,336,0.07291876301675128,0.05406672887326706,0.04892785330297829,0.09010750539408285,0.06748270579189278,0.048927853302979135,0.7489132619614638,0.8452436557179317,1.7865610559640928,18.16642090141773,1.7269296711243334,2.728105809523809,1.5301156352143737
site_cd9b47f2c6e7c758,40,0.11491478662146204,0.07227038872539997,0.08934427288716235,0.05713072181409929,0.07070257862771287,0.08934427288716268,1.2375579440038544,0.0347059689836818,0.528216327370246,2.890815549015999,0.005607498037442569,0.130556775,0.19995418498431683
site_cdb6242d14e183d0,160,0.101526251777339,-0.0681440074775368,0.07525937845117403,0.1102085494641863,0.05365720569181187,0.0752593784511745,0.48686972065854545,0.7915002340728651,1.6492127679929007,-10.903041196405887,0.7488836842237041,1.9433478999999998,0.46065531562454537
site_cdbb0d22e7b06f01,175,0.18052198548084264,-0.15834222075830187,0.08669445407449522,0.08999552269316693,0.06126709334688166,0.08669445407449583,0.6807793489434721,0.39328146745187,5.702932767340474,-27.709888632702828,0.37948071566273484,1.417358968342857,0.6568899272557144
site_cdd0193742d73d25,11,0.09600952238137477,0.07814288613362746,0.05578098004343985,0.05671488938264758,0.022258964920699228,0.05578098004343991,0.3924712745275945,0.23784674188425028,0.10139611226689672,0.8595717474699021,0.0033028735433112493,0.035382365454545456,0.005450076712750107
site_ce2a9736239174ff,54,0.09209442158357273,0.07836862310436035,0.04837087346264835,0.062441031166324074,0.05455681135404807,0.0483708734626484,0.8737333502504977,0.6657089957355999,0.45799465428789254,4.231905647635459,0.12246083924477852,0.21053964814814813,0.1607280659165442
site_ce840bd031a93a0e,69,0.036945123127015506,-0.018371789058049523,0.03205338499561112,0.07901782346484096,0.06625398009209944,0.03205338499561112,0.8384688059850092,0.9174342612391891,0.09418100647805319,-1.267653445005417,0.33140654506534345,0.4308233333333332,0.30288170158505734
site_cec4a302b657dde7,101,0.049439646523508365,0.0032255794152174833,0.049334311445540395,0.0984110503445555,0.06772885766668894,0.049334311445540624,0.6882241113122718,0.8880407109328761,0.24687214348531475,0.32578352093696583,0.597821964599856,0.9781582178217822,0.46330701424429555
site_cedd671db129d181,93,0.0649003607609963,0.007874656408063826,0.06442085542246709,0.0607916632045953,0.0676576435441143,0.06442085542246716,1.1129427947449215,0.5012297229942094,0.39172128490239444,0.7323430459499359,0.19172584407688473,0.343693247311828,0.4257127758846462
site_cf410c13c4f583ea,45,0.029203192476008926,-0.015640612830056085,0.02466166419954479,0.06510923774324326,0.061405826142852206,0.02466166419954479,0.9431200282977452,0.9256541324607048,0.038377190285587094,-0.7038275773525238,0.16653803946077825,0.19076457777777778,0.1696803967928786
site_cf467e53e3fb79b4,253,0.0777545853120689,0.04668836702494754,0.06217694043289355,0.07252174968612889,0.053779651112407664,0.062176940432894005,0.7415658246686513,0.549419169197083,1.5295812108741056,11.812156857311727,0.5421389159088432,1.3306292569169962,0.7317394710643896
site_cf53fcd25709e5dc,34,0.0674680518883809,0.02429413327048806,0.06294229988051772,0.06480489750384943,0.029316626433660387,0.06294229988051794,0.4523828840546962,0.28881224161303876,0.1547658928708507,0.8260005311965941,0.018655905598664983,0.14278894117647065,0.02922179590532703
site_cf6b1b2134e1588b,836,0.04871922792842019,0.004153947517774894,0.04854181589064144,0.04415691325293052,0.047289250638753895,0.04854181589064193,1.0709365115238325,0.4381391797699659,1.984298810070975,3.472700124859811,0.764855699449029,1.6300603779904308,1.8695244169150047
site_cfa28b3d4c2af861,102,0.10289635858097503,-0.013174397913147418,0.10204947745505924,0.10268213657996172,0.04446363238511785,0.10204947745505927,0.43302208023780897,0.23069589363648288,1.0799413821409083,-1.3437885871410367,0.10743353636136242,1.0754493596078434,0.2016554896976479
site_d04beb93196a3a21,622,0.03762758435742777,0.004616353950508155,0.03734333114197193,0.05554434597774493,0.05239111504249793,0.037343331141971935,0.9432303886247863,0.7621018665212099,0.8806494350458631,2.871372157216072,1.3794339455856532,1.918978458199357,1.7072835978164693
site_d0ce78b41de4999b,52,0.07289453517599992,-0.032395314688636705,0.06530051182608976,0.08190731971972125,0.04027116460487896,0.06530051182608981,0.49166746931388916,0.6164036665635829,0.2763078894433047,-1.6845563638091088,0.10572689081636757,0.3488580692307692,0.0843318683289293
site_d122c9eee96eec44,13,0.05256583832363385,-0.0449586449769827,0.027237613707886407,0.022781701366661872,0.025493401334819928,0.027237613707886504,1.119029739022314,0.3676345442967063,0.035921175662663375,-0.5844623847007752,0.0027757068838064488,0.006747076923076924,0.00844887565103658
site_d132cef849713e59,125,0.06790898485782121,0.0484408720445633,0.047593194261175996,0.07024353066297281,0.0660257954571598,0.04759319426117605,0.9399555351787536,0.7577211535370852,0.5764537780524738,6.055109005570412,0.4392779453605414,0.6167692000000001,0.5449257082188379
site_d15ecf104b47687d,115,0.09458289536931654,0.08172249090775198,0.04761678880684282,0.05843127318654265,0.0418039655369347,0.04761678880684434,0.7154382106902747,0.5924745793026499,1.028781271090954,9.398086454391478,0.16642953206093417,0.39263457391304346,0.20097072648052072
site_d1bc13bbd7c8604f,141,0.0857922810813917,-0.07146898156649678,0.04746051165965517,0.05890450722807299,0.03526396171450982,0.04746051165965725,0.5986632156682156,0.5923311072078025,1.0378044845339414,-10.077126400876047,0.173485539941458,0.48923347702127656,0.17534012640814045
site_d1da6ed45ac274f5,50,0.09724245327636465,-0.05135713365077972,0.08257444848366781,0.10882830514163123,0.05729102854941768,0.08257444848366806,0.5264349975390873,0.6661968660662886,0.472804735960298,-2.567856682538986,0.207683060246706,0.5921799999999999,0.16411309761250958
site_d2a88afeebc07d80,46,0.09586552722636581,0.06505078003976657,0.07041729422952143,0.051980006516974646,0.06521304677082757,0.07041729422952224,1.254579426601871,0.2944247712377518,0.4227491682778979,2.9923358818292622,0.04590954606073058,0.12428836956521742,0.19562610758017063
site_d2c6c5fd07d735c9,451,0.05718405239172924,-0.019144999134989904,0.05388399443305285,0.059102753639767254,0.04310011503473794,0.0474377081291956,0.7292403886531956,0.6085612348073379,1.4747771474209554,-8.634394609880447,0.6991445411591107,1.5754041049991625,0.8377865821194472
site_d355ed29576c96c4,250,0.03956431514635175,0.009093815950393675,0.03850503271599966,0.06243067502438204,0.0598148247593122,0.038505032715999955,0.9580999202067215,0.8023990010350988,0.39133375824995964,2.273453987598419,0.749095612565875,0.9743972959999999,0.8944533152468068
site_d3c0f0b2faa9bb95,81,0.043760177951723524,0.021304906275978794,0.03822373795088948,0.053459110804130454,0.02984215292392514,0.038223737950889486,0.558223892523469,0.716895364864454,0.15511120712368728,1.7256974083542824,0.09263874728468097,0.2314879987654321,0.07213488138192964
site_d4253e2faeb3b528,43,0.10248710137807034,-0.09346233876222788,0.042052314823008544,0.062157952638881506,0.03433495979500939,0.042052314823008814,0.5523824118610355,0.7670596628593657,0.45165505580179127,-4.018880566775799,0.07039322220579136,0.16613527627906977,0.05069224695737118
site_d46dadf54503ff71,88,0.062023828568457846,-0.02676696223156019,0.05595073764646608,0.05799199770244737,0.06913293992565617,0.05595073764646616,1.1921117165228925,0.6250627962935119,0.33853206730547136,-2.3554926763772968,0.22052580603245986,0.29595031818181816,0.42058397768326583
site_d47f3d91f6768d70,53,0.025637356026412667,0.0014675176233615507,0.025595320198234697,0.023595725819878736,0.03751799744289088,0.02559532019823484,1.5900336242796576,0.739461578473291,0.03483552327332701,0.07777843403816219,0.03469480681559949,0.02950818867924528,0.07460280700261263
site_d55e4a9082082245,5,0.055839325009326694,0.04808684542655946,0.028384599951723755,0.08287425173116195,0.054951749663324445,0.028384599951723915,0.6630738560582595,,0.015590151087486088,0.24043422713279727,0.02270537719160318,0.034340708,0.015098473955303393
site_d583e7eb857a6d07,415,0.05770128214715389,-0.005365417350631162,0.05745128595670428,0.08165805495321894,0.04530706136998655,0.05745128595670439,0.5548388508144421,0.7325103735435178,1.381716753991566,-2.2266482005119324,1.1246743793093834,2.767235744578313,0.8518828711432469
site_d5dd2bb3b8af01ea,43,0.09057340086629054,-0.03767808733707251,0.08236445033572248,0.10177320782100992,0.039891971044998524,0.08236445033572287,0.39196928051199037,0.6361252034654138,0.35275226061288767,-1.6201577554941178,0.1110529288559459,0.4453847906976744,0.06842888221576504
site_d5fa35b8748ecd00,221,0.12404178479002266,-0.10760181902037486,0.06171071963120174,0.060033626254582965,0.047282740398510256,0.061706984328723666,0.7876042702801198,0.35791844093373737,3.4003865266306397,-23.780002003502844,0.22452958060443842,0.7964920181617647,0.494080316250034
site_d65f83745aba7368,108,0.04099461360986434,0.014813747951277979,0.038224484517885675,0.03172314651309605,0.043436002227154887,0.0382244845178858,1.369221120900586,0.5195969917636089,0.18150030126238406,1.5998847787380217,0.07732438726557625,0.10868666666666667,0.2037621192635597
site_d68e520b86217ecc,289,0.09163081748983455,0.0863764123610353,0.03058303617190025,0.04461660394612093,0.04969308471679822,0.03058303617190045,1.1137800800977067,0.7948815125344638,2.4265037403042022,24.9627831723392,0.5093223166978663,0.5752953494809689,0.7136573712458858
site_d6e0f79187805dc4,57,0.040268034914913195,-0.00666957168202651,0.039711855276314885,0.089119622819205,0.06606021306835068,0.03971185527631488,0.741253283829147,0.9112239950688729,0.09242633424679407,-0.3801655858755111,0.30578298296870887,0.4527115087719298,0.2487452497862458
site_d735284ea202b77e,489,0.12713983491359246,-0.0924835993631242,0.08724288779434504,0.07610930634956983,0.040265275949452055,0.08495792068055881,0.5290453675206781,0.03198999721646475,7.904458897087363,-45.22448008856773,0.04793927977688067,2.832594364863196,0.7928120067226202
site_d74ec077de336965,56,0.03809126233717086,-0.019500402041843952,0.032721225323108234,0.033292132275187354,0.018189283502771072,0.03272122532310825,0.5463538157430534,0.3042947845218025,0.0812528789205936,-1.0920225143432614,0.010319050535559655,0.0620685,0.018527601923274073
site_d7943e43ff597b33,72,0.07794228546643622,-0.05830866823163297,0.051721359927836295,0.07444795778401095,0.03633816888153378,0.05172135992783631,0.4881016210942735,0.7740099158248122,0.43739999018866327,-4.198224112677574,0.15076302707116637,0.3990598861111111,0.09507330127172664
site_d830d9e3fbd26651,704,0.08556787724455185,0.07622587455758317,0.03887772709496131,0.06944315061280372,0.08398739881087124,0.038877727094962504,1.209441076185646,0.8885575624854622,5.15459057776164,53.66301568853855,3.6483943450164302,3.3949352215909094,4.965933743947501
site_d8459840bc683e6d,9,0.08397995348612718,0.08286845403247409,0.01361807305751488,0.04536999606799494,0.04359637410345231,0.013618073057524945,0.9609076015372682,,0.06347369328778876,0.7458160862922668,0.016981328089700806,0.018525928888888887,0.0171057945147135
site_d8c17cfcfd29e789,109,0.06711925159547957,-0.012178959071636202,0.0660050520086811,0.10371761736159257,0.06534596698818287,0.06600505200868138,0.6300372940535847,0.7872171580698084,0.4910443388863643,-1.327506538808346,0.5815571100854133,1.1725505124770643,0.4654403987766547
site_d8f779aeecdbd8d2,131,0.13602003442961286,-0.10759276138644183,0.08321807173609143,0.09065674437343546,0.05328347857543487,0.08321807173609151,0.5877497470673365,0.42775294452810636,2.4236899193765318,-14.09465174162388,0.27068051365404644,1.0766425343511452,0.37192591067194636
site_d93f1ce9d07f856a,55,0.08388661707317027,-0.05345400801030072,0.06465008547260714,0.10731925031234286,0.05335701708932604,0.06465008547260728,0.4971803002167394,0.8893067677929218,0.3870330488189387,-2.93997044056654,0.280080878238109,0.6334581818181818,0.1565834199968847
site_da42d7233341c5fa,34,0.11449920328994377,0.044330322883760216,0.10556936121362787,0.1138287907280751,0.07056273050341791,0.10556936121362788,0.619902311639107,0.4227554209444188,0.44574229683708366,1.5072309780478474,0.11545044263022788,0.44053778235294117,0.16928936382733145
site_da8bcad340f647ba,6,0.07421431156673493,0.07122318123579026,0.020857192907440352,0.06655862077897948,0.07553374187716826,0.020857192907441684,1.134845358770164,,0.03304658424794643,0.4273390874147416,0.029101120997965337,0.02658029999999999,0.034232076971800085
site_da99bb912bf39167,787,0.07506956839339955,0.021896521136297205,0.07180517015437665,0.08023980321932427,0.05073088439286569,0.07180517015437665,0.6322408874084589,0.4736441700713352,4.4350913577330076,17.2325621342659,1.5173620461817958,5.067041278271919,2.025441010819173
site_daa49998006715f8,95,0.12312090500461573,0.07098199468662865,0.10059976977837987,0.07487550960800315,0.0848590482544203,0.10059976977838016,1.1333351679165071,0.21145291479483608,1.440081938669783,6.743289495229722,0.1276366006864529,0.5326024842105264,0.684100516711373
site_dabd51f8216ca183,414,0.062430559272104495,-0.03048495466784002,0.054481577344341746,0.06775277996840244,0.03567174214027332,0.05448157734434183,0.5264985755109884,0.5988494316094357,1.6135959386454897,-12.620771232485769,0.5991967129441708,1.9004418260869567,0.5268038995513706
site_dad0353659cda19f,170,0.058519054118558865,0.03403680161658455,0.04760226707462669,0.07133913570920959,0.06184500374783859,0.047602267074630285,0.8669155174507484,0.7534165321559871,0.5821615481382396,5.786256274819374,0.565088580041335,0.8651762882352941,0.6502167630569289
site_daf47f9c44bf482f,99,0.04688585534382231,0.0014099332407267403,0.04686465106643305,0.052974494924817705,0.0483320364425043,0.046864651066433075,0.9123642709779101,0.5753060769445745,0.21763005970086124,0.1395833908319473,0.1458263733122084,0.27782341414141415,0.23126258892127682
site_dafe0965d62ae39c,205,0.05125144263025476,0.04063503476759283,0.031233064548949033,0.05842314617955921,0.04370920421686238,0.03123306454894933,0.748148757386762,0.8513871503139675,0.5384756261948704,8.33018212735653,0.44569605772124554,0.6997191219512195,0.3916513793206329
site_db96cd85e659d65b,81,0.07505147733645685,-0.04436818386743098,0.06053254092379183,0.06763450176041677,0.05261762657281712,0.060532540923792254,0.7779701957324345,0.516871712622122,0.4562506642811604,-3.593822893261909,0.1489935037257495,0.37052849209876537,0.22425778471867086
site_dbd5f7c9c3a46705,3,0.057900064000904805,0.04167296668688456,0.040196781697328494,0.05837128289378834,0.029083915379267196,0.0401967816973288,0.4982572583197791,,0.010057252233926619,0.1250189000606537,0.003955949312448502,0.01022162,0.002537622401365125
site_dc096381800c2a0d,61,0.02195867565426914,-0.006450806295676311,0.020989772143238123,0.028580942169699603,0.027913096482097742,0.020989772143238175,0.9766331815222702,0.7241576096131052,0.029413189625852924,-0.39349918403625495,0.035240940614997364,0.0498290855737705,0.04752759826835273
site_dc3fa845eee493af,75,0.06512811290227363,-9.151782830555954e-05,0.0651280486019534,0.08920098255562485,0.046680369258046854,0.06512804860195347,0.5233167608769044,0.707769180580086,0.31812533176584756,-0.006863837122916966,0.22103285430967812,0.5967611466666667,0.16342926555507042
site_dd81667799d2704b,215,0.07122005853790249,0.05861173621582431,0.040459376118631485,0.0658336481338303,0.07288472899831772,0.04045937611863406,1.1071045136394932,0.834602453863618,1.0905437987005855,12.601523286402227,0.8609988719247454,0.9318248837209301,1.1421195000490165
site_ddb8d9051d38fd31,29,0.028911531540637508,0.013207528149259502,0.025718434171072606,0.04800322026455042,0.04144485449158071,0.025718434171072734,0.8633765456395234,0.8445765525098715,0.024240423024733043,0.38301831632852557,0.04872793531905989,0.06682496551724137,0.049812602951020635
site_ddd5a78c36a9e7a3,382,0.053478182896931806,-0.026066609017824007,0.04669526678657683,0.07588470319358175,0.04398420741863969,0.04669526678657704,0.5796188898101908,0.825808734770627,1.0924879295558372,-9.95744464480877,1.052916291484073,2.199742484293194,0.739021211857941
site_de08b55dd68ab719,250,0.13299591106416844,-0.11491297315692901,0.06695461866087442,0.10030286408672485,0.0701153554758677,0.06695461866087533,0.6990364244758143,0.7460719751305173,4.42197808994705,-28.728243289232253,1.3117383321855067,2.5151661359999995,1.2290407683768225
site_de0c25f31478d5ae,20,0.033270532892393664,0.016490078718662263,0.02889646453800483,0.04058414838332819,0.04781746687831339,0.028896464538005172,1.17823014115424,0.7983427304476164,0.022138567178876974,0.32980157437324525,0.030985775758624073,0.032941462000000005,0.04573020277317197
site_de2dd333b47cf663,29,0.08263627437549748,-0.0435962628866064,0.0702005676970237,0.10077300518059006,0.0413080214609932,0.07020056769702374,0.4099115768847743,0.8327979163981559,0.19803386143721255,-1.2642916237115858,0.10053475682488802,0.2945007586206897,0.049484226473634374
site_df32de3b824705c1,130,0.09890827891762585,0.09316514126337491,0.03321301088161485,0.03443732322305598,0.05271882300421793,0.03321301088161485,1.5308629727911716,0.788242106145873,1.2717701929980931,12.111468364238739,0.18603646346330643,0.15417080000000002,0.3613056588635075
site_df4d1a2cf99eda94,136,0.055230886309042854,0.028589919233146837,0.04725534171630291,0.07668485253944575,0.06425461561905073,0.04725534171630295,0.8379049250436902,0.789079919598765,0.41486130913760877,3.88822901570797,0.5287785343304277,0.7997570588235294,0.5614971654558663
site_df5a72d9e6b0c9b0,180,0.06545879964006082,-0.04332873317698638,0.04906603032236403,0.0787738306094663,0.053626004733018755,0.049066030322364375,0.6807591343231503,0.7898999433497875,0.7712738010571728,-7.799171971857548,0.6006230496827512,1.11695695,0.517634709052635
site_df8e2a9486152870,479,0.03780994643932105,0.004903257279157141,0.03749066707593663,0.05472766722265866,0.03590585290325046,0.03749066707593672,0.6560822838870157,0.732502260995462,0.6847745918275323,2.3486602367162708,0.6894720526335757,1.4346613110647182,0.6175413006280228
site_dfda0bf114384539,49,0.08168280783529581,0.01584008917030023,0.08013221993015543,0.07796440841558305,0.044301856794615235,0.08013221993015689,0.5682318085255996,0.2345028670666425,0.3269319736970353,0.7761643693447113,0.03968830519063133,0.29784400000000005,0.09617007125707921
site_dffc4a16666e5428,8,0.056065205213595,0.05298194384276867,0.018336326302840142,0.050504325309818764,0.06303434778853091,0.018336326302840236,1.2480980074844428,,0.02514645788514016,0.42385555074214937,0.024751180055364967,0.020405495000000003,0.03178663200900378
site_e06c7a98fed0bd3d,30,0.0243578488612258,-0.017341445473829906,0.017104942853587768,0.02199618653817571,0.015406141501718536,0.017104942853587834,0.7004005660244902,0.6323874956237218,0.01779914403438957,-0.5202433642148971,0.006429035222530364,0.014514966666666667,0.007120475879129229
site_e0819506e4cfd43e,250,0.05699798971440261,-0.018321176517009735,0.05397319077575197,0.07722653688985412,0.06080379097365403,0.053973190775752536,0.7873432297032383,0.7185278272832782,0.8121927078707865,-4.580294129252434,0.8434917092815041,1.4909845000000002,0.9242752491919528
site_e08b0590bf66e62a,111,0.056785915815013355,-0.05436840464607015,0.0163925840303157,0.026312745231973116,0.026270218545621976,0.016392584030315745,0.9983837989546045,0.8056287301013828,0.35793506607942605,-6.034892915713787,0.061814131375200844,0.07685202234234235,0.07660380645025622
site_e0a3f27c6c9560a4,56,0.14515558573726858,0.10320886721951619,0.10206896589068494,0.13244723915852033,0.05537696205393032,0.10206896589068529,0.4181058239171904,0.6947146723879751,1.1799280679608537,5.779696564292907,0.2853425480931997,0.982367185,0.17173004387405655
site_e0ceb845349c800e,31,0.04636891669594511,-0.020546129859262897,0.0415684132889602,0.05864159469618785,0.05360530711551186,0.041568413288960375,0.91411748594546,0.729192235534798,0.06665236950222042,-0.6369300256371498,0.07105870523952668,0.10660393548387098,0.08907939747939875
site_e0f23347bc3a360e,5,0.1616220280590916,-0.15159656171798705,0.05603715222259547,0.04735145193127663,0.01007460866551668,0.05603715222259547,0.21276240230475785,,0.13060839976966898,-0.7579828085899353,-0.0019912617236375807,0.011210800000000003,0.0005074886988165189
site_e112cf24dd2b666b,2,0.05238516997962341,0.05111817240715026,0.011451571226119991,0.011499999999999996,4.842877388000488e-05,0.011451571226119991,0.004211197728696077,,0.0054884120675880756,0.10223634481430052,1.1138617992401119e-06,0.00026449999999999987,4.690692279041286e-09
site_e1c83eb53198657c,16,0.06518732870985681,0.006080065949261193,0.06490316342351547,0.08943485735963076,0.03566507615201373,0.06490316342351564,0.39878272527007225,0.7928910496724644,0.06799020518923077,0.09728105518817909,0.04046536596389488,0.127977499375,0.02035196251086302
site_e1d83ae86567245b,279,0.11021298560870439,0.08084400757880193,0.07490760065162343,0.09997047893539995,0.08668037184472945,0.07490760065162348,0.8670596836966394,0.6864269052137555,3.38898571290287,22.55547811448574,1.6595526666431337,2.7883529677419356,2.0962628348162173
site_e217e123676f78e8,634,0.10928338061792964,0.1034108026947133,0.035342087732876774,0.044256155423150145,0.04793721847201205,0.03534208773287698,1.0831762952218928,0.7088138003975626,7.571771515065598,65.56244890844823,0.9533841704259207,1.2417570236593058,1.456917364004384
site_e236e8f6fb4c7e9a,128,0.02776545006353529,-0.01910052579306066,0.020151678135065982,0.02586381683905867,0.014636695463115133,0.020151678135066048,0.565913977592483,0.6301229955171168,0.098677787805526,-2.4448673015117643,0.03053310360992327,0.08562393874999999,0.027421805322236814
site_e285e97bc06024be,13,0.04194602290366662,-0.001956102984685167,0.04190038780904337,0.07495386904761556,0.050635321133006214,0.0419003878090434,0.6755531338994574,0.8466199420830106,0.022873094886654018,-0.02542933880090717,0.04177144226385997,0.07303507230769231,0.03333116470115466
site_e3489f2db8b7f610,188,0.06289578134816227,-0.03865150530604607,0.04961794482818217,0.06212729524813025,0.05748307074653412,0.04961794482818246,0.9252466330129526,0.658332582816748,0.7437053105424174,-7.266482997536661,0.44200339610272266,0.7256425531914894,0.6212090434207969
site_e35bffa822780b41,151,0.11515477896053711,0.006030851827236198,0.11499674753525894,0.09416377956573939,0.05701671190449497,0.1145469093482058,0.6055057705568135,-0.09343347090187806,2.002354090734974,0.9106586259126659,-0.07574700751541588,1.338889424697879,0.49088672089642693
site_e4206af93f2d6f2c,175,0.08768622589404766,-0.03589173251778739,0.08000411082196686,0.08711951206549892,0.053965722664341645,0.08000411082196784,0.6194447304040074,0.4361883731704427,1.345552987019842,-6.281053190612793,0.35887694997013464,1.3282166419428574,0.5096523639698116
site_e44008751f3e2871,30,0.011834602700276654,0.0012557134238878895,0.011767795242544937,0.016486704744530768,0.022546970047320973,0.011767795242545103,1.3675849963165387,0.8631325251643344,0.004201734632201865,0.03767140271663669,0.009625444301664829,0.008154343,0.015250975749443674
site_e443401d44fc1f23,274,0.08077403480260069,0.055223669681453355,0.05894735791539326,0.08025707237598909,0.04530347936610568,0.058947357915393545,0.5644795907065675,0.6901699602016846,1.7876978473319387,15.13128549271822,0.6875772308253132,1.7648881605839415,0.5623590364929947
site_e473611ef37db918,1,0.09970695781707764,-0.09970695781707764,0.0,0.0,0.0,0.0,,,0.0099414774371365,-0.09970695781707764,0.0,0.0,0.0
site_e4827c2c7a3df4be,641,0.025510575918019966,0.019321140118396595,0.01665782183223082,0.024064894785190544,0.031131326894832518,0.016657821832230833,1.2936406816950072,0.8481333170732148,0.4171560590318676,12.384850815892218,0.40729000488300804,0.3712153822152886,0.6212312486233034
site_e4a78bd8d0c42b04,2,0.0793438703953185,0.07504352104663849,0.025766639637947078,0.0793,0.05353336036205499,0.025766639637951387,0.6750739011608449,,0.012590899538618198,0.15008704209327697,0.008490390953421592,0.012576979999999998,0.005731641343307281
site_e4ad3110c632fc3e,37,0.11343666249417507,-0.09066695247147533,0.06817169594012325,0.09002233307843846,0.03446200840287558,0.06817169594012325,0.38281621042689556,0.7485083487339398,0.4761114267192432,-3.354677241444587,0.0859190014508125,0.2998487567567567,0.04394231085691508
site_e526161d153fbae1,108,0.07231920446693338,-0.01341046603410332,0.07106494730511154,0.08910861105679899,0.054967572782817484,0.07106494730511245,0.6168603924011389,0.603455535835865,0.5648472721508527,-1.4483303316831586,0.3192238018779015,0.8575572129629627,0.32631487822450844
site_e580905782041227,176,0.11176274148044325,-0.10635691059997136,0.03433828695281832,0.05287503761013062,0.07002518771188825,0.03433828695282143,1.3243524898878132,0.880490192980701,2.198400227447493,-18.71881626559496,0.5737757137643174,0.49205545,0.8630207368789926
site_e5a46bf8593cb776,159,0.10173774926659698,0.022445945607941106,0.09923078731723489,0.13154045689507898,0.06410073344693565,0.0992307873172349,0.48730812527179,0.685796160709727,1.64574057050744,3.568905351662636,0.9194212108217321,2.7511597962264154,0.65331574052118
site_e60e5a5f7ff91a10,8,0.16953046441403863,-0.15880910378694532,0.059331668768262694,0.05858643054283132,0.03600774730941181,0.05933166876826316,0.6146089969261276,,0.2299246269155169,-1.2704728302955626,0.004834723164886237,0.027458958749999995,0.010372462930387627
site_e60f7e42ba2fd8cd,702,0.073819079487454,-0.055416615119262304,0.04876735860284624,0.07753782631007897,0.061278171278154034,0.04876735860284683,0.7903003500910449,0.7775508827502178,3.825378060455287,-38.902463813722136,2.593494605164822,4.220504385242165,2.636020021186737
site_e621c0e748219561,130,0.1314508103851485,-0.12431014941518125,0.042735258315442344,0.06501725078322125,0.050355381825553276,0.04273525831544244,0.7744926341694579,0.7539176220469539,2.246311021618595,-16.16031942397356,0.32087932986966694,0.5495415769230769,0.32963638224364394
site_e692ba92ac3619b9,78,0.07489366654989543,-0.02708812082333442,0.06982331272252386,0.05932681468080804,0.06949935837123371,0.06982331272252433,1.1714662036914723,0.42134232567702906,0.4375067805643802,-2.112873424220085,0.13550693343083065,0.2745343333333334,0.37675254349302745
site_e6f2aca5e6ecbaba,167,0.11665128830783189,-0.10916312761420975,0.04112097558862963,0.037831817415747426,0.04776750950796403,0.04112097558863045,1.2626279351856062,0.5594630270515444,2.272456351667445,-18.23024231157303,0.16884090280763048,0.23901815029940116,0.3810497390871035
site_e6f4ed93ce9ba081,116,0.09188545898319357,-0.04761148224411339,0.07858806735803232,0.10986853293969592,0.06258017233810029,0.07858806735803242,0.5695914076913086,0.7134868212256934,0.9793807584160492,-5.522931940317154,0.5690547138087708,1.4002469655172414,0.4542882445044947
site_e722a68e19572b18,15,0.012708264569023076,0.008544284177621207,0.009407188541128491,0.01038992246789594,0.011446689655437348,0.009407188541128493,1.101710786659548,0.6326482839935152,0.002422499825344309,0.1281642626643181,0.0011286149753133455,0.0016192573333333332,0.001965400561018446
site_e755ae9494167172,176,0.11669556950383912,0.06307028667533938,0.09818347559806516,0.13551439769330695,0.0673012456165837,0.09818347559806517,0.49663538902263604,0.7266006899420295,2.396742645761261,11.100370454859732,1.1663180991622704,3.2320907488636363,0.797184548431696
site_e7895d956d62a46d,90,0.026342620978682407,-0.006238563374678294,0.02559324143297681,0.03150423056051166,0.010728657989197959,0.025593241432976817,0.34054658051689024,0.6695401815346227,0.06245403120238665,-0.5614707037210465,0.020367298728558747,0.0893264888888889,0.010359369202426305
site_e7920aa397fb1716,99,0.04826465497055491,0.004543239890625982,0.04805034745683881,0.09645427835761575,0.06737736044381339,0.04805034745683919,0.6985419578176074,0.8874129895910753,0.23061821502324434,0.4497807491719722,0.5709478808454793,0.9210393535353536,0.44943116133717925
site_e7d7202b18581b5a,73,0.28483765536850264,-0.2802854751887387,0.05072023574520183,0.058260075884856294,0.02913665323654642,0.05072023574520307,0.5001135476399198,0.4920869274585194,5.92267176385529,-20.460839688777924,0.0609783121808751,0.2477792602739726,0.061972953013352816
site_e7defe0b5f5d29b7,231,0.06309733887256666,-0.0017792628843546928,0.06307224743409633,0.10492177169239797,0.05927707400578309,0.06307224743409633,0.5649644782930974,0.8476820091987571,0.9196743339166873,-0.411009726285934,1.2178598679983383,2.5429815584415585,0.8116812171207166
site_e7df8a81d2875ad9,50,0.10950101705369833,-0.07993825986623763,0.0748354684982475,0.11438415274853418,0.06288223063439664,0.07483546849824757,0.5497460017266463,0.7950778711529134,0.5995236367897167,-3.9969129933118817,0.2859390496051311,0.65418672,0.19770874647787262
site_e7ee204eaac12eb2,47,0.06913591805514374,-0.049901363882612675,0.04785006842192213,0.09823004475756789,0.05771412710106914,0.04785006842192215,0.5875404744394429,0.9428418067646653,0.22464943277039487,-2.3453641024827956,0.2512251781350437,0.4535096595744681,0.1565532619508031
site_e813e7562543b91c,20,0.12836604371857613,-0.10111517713963984,0.07907946719584451,0.10038818406565585,0.03741364390226217,0.07907946719584466,0.3726897169271725,0.6954422545477511,0.3295568235991879,-2.022303542792797,0.05224006118066609,0.20155574999999998,0.027995615000905583
site_e84e6fd19eaae8f3,84,0.09224747699560062,-0.05072986334789368,0.07704594717931568,0.1077720028923389,0.06313518121024188,0.07704594717931586,0.5858217302810276,0.7102062499372518,0.7148061490125248,-4.261308521223069,0.40592066495897516,0.9756435870238096,0.3348282929418067
site_e894534d7e7a123f,174,0.15660463326315746,-0.1320115386760098,0.08424942027029275,0.09238506886898627,0.026769563692447516,0.08424942027029281,0.2897607158837555,0.4354127856759771,4.267351941750919,-22.970007729625703,0.18736717366678957,1.4850901652873563,0.12469006000941674
site_e8fdb2dcaaa2ec50,118,0.07281373265447046,0.0074178193100428195,0.07243490608650123,0.08065588476573,0.07437233479696705,0.07243490608650127,0.922094339588315,0.5659519111932818,0.6256170802430503,0.8753026785850527,0.40059821833334225,0.7676338661864407,0.6526868136119544
site_e908f29f409c402b,51,0.027357447391817374,-0.02271501111657012,0.015246579871241657,0.02258828295201944,0.012360120161152855,0.01524657987124168,0.5471916651392856,0.7710499986278688,0.038169926317598815,-1.158465566945076,0.010978894933386177,0.026021756862745098,0.007791401090305003
site_e9578e4592e63187,8,0.0173467291413904,-0.006791313245892525,0.01596205113075784,0.018289341158171882,0.023586972087092324,0.01596205113075795,1.2896567395788012,,0.0024072720952381032,-0.0543305059671402,0.0025442327037453654,0.002676,0.00445076201789818
site_e98d1003be09654d,174,0.08044506645137654,0.07017885788213248,0.03932348690955368,0.03720863645046457,0.05130046675539268,0.03932348690955417,1.3787247168728798,0.646966019115788,1.1260251166477513,12.21112127149105,0.21487989869953575,0.24089997701149427,0.45792239274188007
site_e99ab7a415991029,162,0.08644260616905144,0.06806032087847039,0.05329274700385954,0.04860985967426981,0.056338882154330916,0.05329274700385967,1.159001127175692,0.4923768430108928,1.2105165141302323,11.025771982312204,0.21844656855548605,0.38279279012345674,0.5141992820687331
site_ea33c67804056e7d,182,0.09881599944963523,-0.04404537985809557,0.08845680448889379,0.09435775635973616,0.05795627526326852,0.08845680448889431,0.6142184543082174,0.4057428052690505,1.7771575179959167,-8.016259134173394,0.403831588819623,1.620416285714286,0.6113252313152986
site_ea99257f5d54ddf2,142,0.09862079677892296,-0.08183665853906685,0.05503474244938192,0.08630036744962383,0.06184442985592566,0.05503474244938194,0.7166183839486681,0.7722840300637333,1.3811007411379665,-11.620805512547493,0.5853001475269106,1.057580985915493,0.5431121575970403
site_eafced833314a87c,939,0.05439197561496474,-0.03594859745517706,0.04081893374776656,0.05705850238702884,0.0556163385040385,0.040818933747766566,0.9747248206199295,0.7378027682740146,2.778019303609685,-33.75573301041126,2.198510959717182,3.0570766602768904,2.904493304971452
site_eb3bc9a7aee9d6f6,324,0.04717665788994778,-0.02735760300358137,0.03843434151333425,0.048606134861892365,0.019562330391311857,0.03843434151333436,0.4024662822274498,0.6667947013501043,0.7211064040915157,-8.863863373160363,0.20542288645600648,0.7654682561728396,0.12398986558978531
site_eb828ca3e955ad1d,72,0.06829430405795137,0.04163454122013516,0.05413572705846648,0.035015998878643116,0.06912676022759486,0.05413572705846658,1.9741478878603833,0.6349717343214709,0.33581606160671373,2.9976869678497313,0.11066227966381444,0.08828065277777777,0.34405264652856404
site_eba5cbc1dd84d08d,137,0.06963834010912474,-0.06410705693803564,0.027198964390167286,0.04200977355463329,0.03594288506771334,0.027198964390168032,0.8555838802837148,0.767218986888884,0.664381282602116,-8.782666800510883,0.15870959520852806,0.24178048715328468,0.17698906521774654
site_ebf4f84d79acafd6,8,0.10647308230177907,0.0996010145843029,0.03763183690200225,0.05560539542166749,0.0905166126658726,0.03763183690200391,1.6278386652853734,,0.09069213803873136,0.7968081166744232,0.03947624807953834,0.024735679999999996,0.06554605734802887
site_ec20e4065643efdb,232,0.06732040634425396,-0.01996768656218874,0.06429096829034119,0.08330052171121309,0.04973041423869426,0.06429096829034119,0.5970000333383271,0.6371362600488286,1.0514326096024686,-4.632503282427788,0.6123364400243194,1.609842644827586,0.5737624712816929
site_ec919d9a24ddf81b,54,0.09307566652695826,0.08529616899181294,0.037251083940707315,0.04855266327516042,0.063899525396123,0.037251083940707856,1.3160869267662612,0.8143239328565014,0.46780630376962695,4.605993125557899,0.1364274144594868,0.1272975,0.2204900646758874
site_ecbc4520bb039c64,117,0.22683792590766944,0.07162456176933062,0.21523328455758106,0.17172270627834763,0.09792907116478315,0.21523328455758137,0.5702744458618572,-0.215458431136701,6.02028702172092,8.380073727011682,-0.4239246931152465,3.450176478632479,1.122042048566068
site_ed130293b294c5a2,39,0.08723270444634286,-0.06582133732086573,0.05724592805008768,0.054385126389359315,0.023982086599032115,0.05724592805008783,0.44096774598512867,0.09805730597952153,0.2967722442758972,-2.5670321555137634,0.004987830348427478,0.11535193692307688,0.02243047862809555
site_ed8668d708cd9f42,70,0.06901231062888091,-0.05409404142158372,0.04285479787628373,0.09594681881551013,0.071503859236368,0.04285479787628465,0.7452447107585516,0.909695854678655,0.3333889312836004,-3.7865828995108606,0.4368721078922706,0.644405442857143,0.3578961319986031
site_ed9138fe753e1f02,20,0.05563328366924534,-0.027218996332883834,0.048519980322060896,0.04288317239897253,0.019737164071628097,0.04851998032206136,0.4602542901443783,-0.07423648779187302,0.0619012450364544,-0.5443799266576766,-0.001256663698628545,0.03677932949999999,0.007791112911807341
site_eda005e51a299a0e,329,0.24873134811622685,-0.245846895547261,0.037770193082505836,0.07235669123153658,0.060966543399045975,0.037770193082505905,0.8425833514685891,0.8530091995767091,20.354336283250444,-80.88362863504886,1.2379978332475372,1.722476462006079,1.2228664872151318
site_edb67bacc6a2f615,2,0.061811118693460794,0.06179955288171768,0.0011956829667091329,0.07665,0.07545431703329124,0.001195682966732346,0.9844007440742497,,0.007641228788274197,0.12359910576343536,0.01156714680120349,0.011750444999999998,0.011386707917920846
site_edc41c47fa42988f,103,0.02239689066115702,-0.009083612085198893,0.020472144557262463,0.021369083293466096,0.013168546761969355,0.020472144557262515,0.6162429422508652,0.37480421518293083,0.051666933262645716,-0.9356120447754859,0.010863391555368324,0.047033685242718455,0.01786129425368388
site_ee1921e55841ea0d,206,0.07680638466222851,-0.04940693004559544,0.05880625807132987,0.08555681359390584,0.053729045308814664,0.05880625807133044,0.6279925940654919,0.7340406962394754,1.2152394693257356,-10.17782758939266,0.6951060754000706,1.5079134805825243,0.5946829238181118
site_eef5f3ba42e04423,79,0.02467894700311766,-0.014558951763563517,0.019927050678134006,0.029943061386108267,0.02681319948566729,0.01992705067813459,0.8954728823455226,0.7588079879566447,0.048114983589432524,-1.150157189321518,0.04812866610250895,0.07083036708860758,0.0567968656659969
site_eefad9fa85f80180,151,0.049376613566611154,0.03549184487355466,0.03432752415741603,0.03970231760324784,0.050266401123414656,0.0343275241574174,1.2660822883373088,0.7327296192048629,0.3681455450632738,5.3592685759067535,0.22080776735942886,0.2380173774834437,0.3815333733669033
site_ef1a0b7a4f85647e,128,0.1345131598086765,-0.08975548229645938,0.10018854006045057,0.10085710807870707,0.06452204066742791,0.10018854006045057,0.6397371677271975,0.3301960950248164,2.3160051406994615,-11.488701733946801,0.2750404110364616,1.302036,0.5328759976818203
site_ef1b5625cbf889df,183,0.09879558652384728,-0.002762132979742166,0.09875696703520828,0.12119144356353147,0.07995294689407169,0.09875696703520867,0.6597243546501567,0.5844867649592725,1.7861839287361518,-0.5054703352928164,1.0364114572440015,2.687787976721312,1.1698226902194633
site_f005fd2353ec048d,130,0.08729854960202493,-0.05492966787521656,0.0678510747868861,0.08307237396376928,0.06882772079283571,0.06785107478688623,0.8285271927205771,0.6151536512500119,0.990734779140237,-7.140856823778153,0.4572428975255215,0.897132511076923,0.6158431694397515
site_f059546b5612f674,32,0.12825764117680358,-0.08204591876640915,0.09858240073163917,0.12720319313503886,0.03732121245602992,0.09858240073163918,0.2933983930451316,0.8273026192749783,0.5264007206476063,-2.625469400525093,0.12568056814279407,0.517780875,0.04457193277401994
site_f07b80b3214910ba,44,0.08412022138046434,-0.021985569487918508,0.08119634461840161,0.09835446468331012,0.06419600262095303,0.08119634461840189,0.6527004425031102,0.5703138074461236,0.3113533123843265,-0.9673650574684143,0.15844138411771166,0.42563843181818184,0.18132957711041398
site_f0ccb43d6f9d9cfd,309,0.04846612687581264,0.04377943699356036,0.020792458990442842,0.025492549272102424,0.023636828624147607,0.020792458990442922,0.9272053717285305,0.6441180103207812,0.7258303253917919,13.52784603101015,0.11992960297147529,0.20080985113268607,0.17263819722886298
site_f1050af72de062ae,91,0.09917222422140132,-0.0872247993202,0.047190724094579625,0.06255148363789058,0.0318617997677321,0.04719072409457967,0.50936920940484,0.677595105658071,0.8949968351888107,-7.9374567381381995,0.12289085668721696,0.35605461758241763,0.09238085988395389
site_f1573be180b99853,119,0.05505751270686564,-0.04650089328609595,0.029478748770288544,0.04469950703262642,0.031038252586876102,0.029478748770288884,0.6943757246410146,0.7540833872882597,0.3607282349505339,-5.533606301045418,0.12449913420091159,0.23776746554621847,0.11464140171395981
site_f2457bdf17f809aa,15,0.09035679810155788,-0.08592425921758015,0.027953043502913676,0.04126600968782365,0.03392562298132232,0.027953043502913787,0.8221202689082083,0.7401770320659756,0.1224652644474854,-1.2888638882637022,0.015543441068629425,0.025543253333333335,0.01726421842006237
site_f2e692f63befa2ca,575,0.10459850933953992,-0.004530826161115068,0.10450033382890014,0.1344642444121515,0.10078226985760476,0.10450033382890017,0.7495098068501629,0.6389416798148944,6.290987689730946,-2.6052250426411643,4.978746512131211,10.396363989565216,5.840312902649364
site_f35139d0576344b1,63,0.10206769605509354,0.09823628119249189,0.027702845259370345,0.06413612224691127,0.05548595857085314,0.02770284525937352,0.8651280530688037,0.9026847987109474,0.6563223184136824,6.18888571512699,0.2023776134078701,0.25914685714285707,0.19395757070716513
site_f39ad74b903eb489,68,0.08157187496216511,0.07107876193172791,0.0400222486511671,0.07388664398366968,0.07828762082068838,0.04002224865116712,1.0595639022120344,0.8632175184520589,0.4524700133693308,4.833355811357498,0.3395378497584778,0.3712280588235294,0.4167687070159438
site_f408269ff3bfc904,433,0.04977727039447607,0.007097866335173951,0.04926862025075177,0.06692052862627104,0.035466300415225936,0.04926862025075189,0.5299763935412625,0.6970560826350357,1.0728772885514313,3.0733761231303207,0.7163592432132356,1.9391286466512703,0.544652715406943
site_f40d91148ce5f169,100,0.08104843121379275,-0.038372631959438325,0.07138899998404788,0.08172392327831551,0.07654175222951037,0.07138899998404788,0.9365893016276647,0.5947803724018366,0.6568848202216895,-3.8372631959438324,0.3720525075820684,0.6678799635999999,0.5858639834363757
site_f41236f6a73e8c51,344,0.12129406536993377,0.09680616971503855,0.0730808853194111,0.08022211993946854,0.08673951913647533,0.07308088531941137,1.0812419218281004,0.6192861933182378,5.061014101124224,33.301322381973264,1.4823849082689646,2.213842453488372,2.588167997929278
site_f459e887bba62073,76,0.06545328929255631,0.03311831605434418,0.05645626821655532,0.04930889935297341,0.06628469339077396,0.05645626821655576,1.344274446612179,0.5564939697630154,0.32559411402034505,2.516992020130157,0.13823328067009386,0.1847839342105263,0.3339182039210774
site_f468c03f1fedb166,24,0.10727230241425771,-0.0660450515250365,0.0845304562528278,0.08441858956348944,0.04175233136909382,0.08453045625282825,0.4945869338138228,0.2446123996385875,0.27617632476614307,-1.5850812366008757,0.020692288851986332,0.17103595833333332,0.04183817219411079
site_f4812d36f8b87671,83,0.10856291186872133,-0.08515820169017975,0.0673348833689524,0.06853445413576326,0.05583464780495204,0.06733488336895241,0.8146945723729914,0.42864360779111754,0.9782301841735076,-7.06813074028492,0.1361404504065054,0.3898486265060241,0.2587531553267519
site_f48c6b207c3fab2d,284,0.11497267981782472,0.10783228908206376,0.039886270016313535,0.04645192347155819,0.03265292516146093,0.03988627001631371,0.7029402169202706,0.5383338856226317,3.7541156576757393,30.624370099306105,0.2318973855590317,0.6128098591549297,0.3028046401343909
site_f4ae282ac466260d,9,0.12963770402233357,0.12522796421580842,0.03352448780438507,0.022557372669005475,0.04040291370200076,0.033524487804390955,1.7911178883662995,,0.15125340873763948,1.127051677942276,0.004578026466568312,0.004579515555555557,0.01469155892050189
site_f4e6d6d6c1cafad7,124,0.05341161635220632,-0.02763893494490654,0.045704376557026756,0.04518406323870869,0.06349487512196733,0.04570437655702709,1.4052493417097551,0.6943829170178669,0.3537472944080539,-3.427227933168411,0.24702713946493407,0.2531583467741936,0.49991829667752397
site_f4e907a8ba8d1abb,25,0.2357370325074462,-0.22666079188871383,0.06478297550898617,0.07287956377476473,0.044136098656937045,0.06478297550898623,0.6056032222330563,0.4760575494885503,1.3892987123854188,-5.666519797217846,0.0382824013107121,0.13278577039999997,0.048699880116371996
site_f5ae0072aa9d0a04,65,0.17402209784746328,-0.15413405844284936,0.0807860295296679,0.10741916563426719,0.0491981577251008,0.08078602952966808,0.4580016744182043,0.7032355117329506,1.9684398850500853,-10.018713798785209,0.24157098231297272,0.7500270144615384,0.1573298170303532
site_f5fb4b6c3b6ce99f,102,0.0549587051609097,0.012723419157313365,0.05346563268035939,0.06258778072467487,0.048455230136132864,0.05346563268035953,0.7741963299400016,0.5616381065186742,0.30808684584230783,1.2977887540459632,0.17373485302939717,0.3995574901960784,0.2394867514096511
site_f617214b073c06c0,689,0.03744036644000475,-0.011793909018409963,0.03553427569583067,0.05048433233973089,0.04695620772363293,0.03553427569583088,0.9301144641795859,0.736298409392126,0.9658271359825036,-8.126003313684464,1.2026042004362125,1.7560321223222062,1.519166070767841
site_f645d63c8edb6a7a,176,0.097419946231329,0.022809077813408588,0.09471215282642932,0.11337114285856807,0.08105345322580255,0.0947121528264301,0.7149390151858815,0.5687314690746688,1.6703536825738459,4.014397695159912,0.9198012049483982,2.262130821818182,1.1562605612496157
site_f65ec349d3fa498b,397,0.13011634815699344,0.12578483745042862,0.0332932234137997,0.026685419576828063,0.029718511482488018,0.033293223413800345,1.1136610161563172,0.3069555736651147,6.721314830911638,49.936580467820164,0.0966422692628141,0.28270831234256927,0.3506264001197046
site_f695cfa2b198ee8e,37,0.028552522816377365,0.026248247733953834,0.011237261680531303,0.0214687688296765,0.014099650552215275,0.01123726168053139,0.6567517058884711,0.8811172159249382,0.030164122689650748,0.9711851661562919,0.009868494417578788,0.0170535972972973,0.007355605390699627
site_f6a13c8718860659,32,0.02641330696459573,-0.008642171924933792,0.02495948014734777,0.03236991695135315,0.02492460468137429,0.02495948014734777,0.7699928522779967,0.6482785197694625,0.02232520911379076,-0.27654950159788133,0.016737148683751,0.03352996875,0.019879549392729123
site_f6e487124edabf8f,133,0.09461565636285058,-0.08121114921551897,0.04854762272313382,0.08439375235256907,0.05695210753694362,0.04854762272313382,0.6748379583718073,0.8331571327107102,1.1906322830534126,-10.801082845664023,0.5325969250790774,0.9472666230075188,0.43139115953564555
site_f7b6fd0b704f24d5,64,0.08298230373443106,0.021268148089945316,0.08021052680226909,0.08017830495799659,0.04813147148521284,0.0802105268022691,0.6003054256438536,0.29948312350972345,0.44070801491669587,1.3611614777565002,0.07396705674789845,0.4114278775,0.1482648670292388
site_f801eca3ddf0629c,849,0.037377348624124236,-0.009912991302903606,0.036038851169229565,0.047011938799655636,0.05313140752873856,0.036038851169229565,1.130168397333312,0.7475086867807668,1.1861091954537542,-8.416129616165161,1.5851976413570283,1.8763939088574795,2.396681549621177
site_f80bf9d30cd43152,124,0.018715662123173302,-0.0007230107538161739,0.018701691478544127,0.019698500407753276,0.01211447265576334,0.018701691478544134,0.6149946648220551,0.3876979363617346,0.043434225079889185,-0.08965333347320557,0.011472362316736292,0.04811583387096774,0.018198295518177476
site_f8577ef511842081,219,0.08128599932628397,-0.05992249883865112,0.054924564808512516,0.07858698888785544,0.05405567325313114,0.0549245648085126,0.6878450748414502,0.7157625817811788,1.4470235973375076,-13.123027245664595,0.6658938981225637,1.3525253461187212,0.6399214625759917
site_f85796d856927f97,73,0.08845955198737071,-0.05541247756677132,0.0689532426193171,0.10187417131815199,0.05437574727533867,0.0689532426193172,0.533754008221807,0.7744871820278835,0.5712317406598629,-4.045110862374306,0.3131889437114539,0.7576193150684932,0.21584069809785955
site_f863ed028d428c3e,85,0.1152679220546558,-0.079223340920841,0.08372786936342287,0.09495401524096084,0.04042574580097516,0.08372786936342297,0.4257402459326068,0.47415232959959025,1.1293689776578475,-6.733983978271485,0.15470636759680859,0.7663825258823529,0.13891047850303018
site_f8923c8bedba827f,29,0.06475710977941156,-0.04183277637383034,0.04943179227824803,0.06536619612398584,0.062280496777273806,0.04943179227824818,0.952793652840696,0.701061516788382,0.12161101474250001,-1.2131505148410797,0.08276741790720103,0.12390944827586206,0.11248694808589638
site_f8bf18cf05681ba1,521,0.048075273128308955,0.01809496758514997,0.044539915070124204,0.06413669338200492,0.06488800476925137,0.04453991507012422,1.0117142207935723,0.7617273492702252,1.2041518127943442,9.427478111863135,1.6516128695622632,2.1431415431861804,2.1936460978888164
site_f9474c251f4c85b7,278,0.11576445402954491,-0.10121589299736264,0.056184978610880086,0.06737369251298479,0.02911135746367348,0.056184978610880135,0.4320879022336932,0.5684721049737002,3.7255916510588953,-28.138018253266814,0.30996079190426484,1.2619016151079139,0.23559697507902216
site_f956c78502603f81,228,0.04168514217269899,-0.01694060728921179,0.038087621383211,0.05377132362069216,0.03869864346449848,0.03808762138321119,0.7196892480736061,0.706017931362555,0.3961844457744531,-3.8624584619402884,0.3349631615902313,0.6592289956140351,0.3414493813662605
site_f9b796db02c200aa,619,0.11834897425451024,0.1054798655246109,0.05367008175887872,0.0436637165351701,0.07290022421072805,0.05367008175887879,1.6695835809580852,0.6818026999245578,8.670010938691636,65.29203675973415,1.3433801556685292,1.1801359676898222,3.289640025094166
site_f9f0235d2e05c1c5,86,0.11645528414478322,0.018888748450750528,0.11491322111579007,0.13398621998457327,0.0555589434990872,0.11491322111579087,0.4146616234526512,0.5261898964344845,1.166317655650829,1.6244323667645453,0.33686436333515096,1.5438984145348835,0.2654644734351897
site_fa6684a460ee051b,87,0.018664369744824032,-0.011678676222110619,0.01455909405391046,0.025409193582436075,0.024569203164101234,0.01455909405391097,0.9669414766899379,0.8307967545142242,0.03030720672352074,-1.0160448313236239,0.04512279546867157,0.056169559310344834,0.052517179738342745
site_fa67fc8ac26d4830,132,0.07760662948579826,0.06758828164591933,0.03813939071744401,0.06730838360274266,0.05977591036476564,0.03813939071744408,0.8880901184251572,0.8262827390365404,0.7950081400992681,8.921653177261351,0.43883167936427125,0.5980152424242424,0.4716570487116175
site_fa6f730253456586,123,0.03672215650193881,-0.01835204355522869,0.0318075348856191,0.03858576805590042,0.03326034643221921,0.03180753488561922,0.8619848225914254,0.6168857956860233,0.16586756371280506,-2.257301357293129,0.09737866124393857,0.18312996406504067,0.13606882930932218
site_fa8f84308360a237,255,0.06582093889956891,0.034684257178213086,0.05594102521063016,0.08446777864135166,0.047384404444212096,0.05594102521063276,0.5609760929715607,0.7808568127876274,1.1047609793933,8.844485580444337,0.7969628617188509,1.8193754352941178,0.5725468550558301
site_faac0be9a66c6585,533,0.11099059754423712,0.0893971144685602,0.06578045810057843,0.0802532364799751,0.08392751994549576,0.0657804581005794,1.0457836172929607,0.6797864256045574,6.565980492139892,47.64866201174259,2.4404316168271185,3.432830187617261,3.754360646039447
site_fab524c655a9dd78,4,0.09605903640813847,-0.06247874178290368,0.0729640000334776,0.11416458513917528,0.04525265861661579,0.0729640000334777,0.3963808790742713,,0.03690935390264029,-0.2499149671316147,0.019515220621973278,0.05213421,0.008191212447487883
site_fadb31acf1acd232,565,0.06492802116652686,-0.05139691541427004,0.03967373209693449,0.037817834341110856,0.03036311690563483,0.03967373209693465,0.8028782566385041,0.33881589543206214,2.3818410819195424,-29.039257209062576,0.21981394042367425,0.8080565557522124,0.5208841605472649
site_fb12f9388775927e,36,0.047137144422962476,-0.022551263382037483,0.04139264311716754,0.058105241896084285,0.029320247873001814,0.0413926431171676,0.5046058998504523,0.7403311183217139,0.079988773836644,-0.8118454817533494,0.04540581300440761,0.12154388888888888,0.030948369672033627
site_fb318c5726a2f05c,229,0.055594566345078776,-0.034424626695016586,0.043654334080433725,0.06367017176423491,0.053144018187129764,0.043654334080434475,0.8346768465446808,0.7347715616166829,0.7077830798252968,-7.883239513158799,0.5693485658400445,0.9283409868995633,0.6467616472179413
site_fb4c3069d7e94bed,118,0.0183633956200293,0.0011026443697638429,0.018330261157210485,0.015938574997119745,0.014017150498044468,0.018330261157210544,0.8794481627483952,0.2562966336093669,0.03979128724632994,0.13011203563213347,0.006756692208993737,0.02997650440677966,0.023184699954009735
site_fb501c568fd614c3,94,0.07873755479807558,-0.04716532418550328,0.06304787649125332,0.06920450863485399,0.05127122220303948,0.06304787649125349,0.7408653455450931,0.4851710394197138,0.5827626383445158,-4.433540473437309,0.16181947304184768,0.45019081744680856,0.24710139326218417
site_fb66aa74c523bf6b,430,0.0699246440355075,0.04485135341868844,0.05364524154111283,0.0497236059932219,0.07680969933173976,0.05364524154111347,1.5447330859755046,0.7192966480678616,2.102466012701746,19.28608197003603,1.1812863173453616,1.0631479069767442,2.5368838619158733
site_fbbe7c46acc177a1,41,0.05187378590720107,0.0337430037027452,0.039399230518661864,0.023180152128636305,0.02515942497391403,0.03939923051866221,1.08538653388873,-0.32748946098638687,0.11032647623819143,1.3834631518125533,-0.00783065657862803,0.02203009756097561,0.02595286326573837
site_fbcf22b1e9843130,94,0.12355350519665872,-0.050880400035609584,0.1125906458752108,0.1116111889197399,0.054911869317795334,0.1125906458752108,0.4919925130202018,0.22808110197527498,1.4349540527597928,-4.782757603347301,0.13139871523640256,1.1709634042553196,0.28343945884561544
site_fc3e5e33830dc393,21,0.034308966541573685,-0.008770319810935429,0.033169062024192605,0.07398777247755521,0.07504536292360442,0.03316906202419262,1.014294124699727,0.901028347091777,0.024719208888167272,-0.184176716029644,0.10506100811809302,0.11495800000000002,0.1182679364230455
site_fc969b6a7d772c7d,88,0.09811884405349347,0.06959851543063468,0.06916179731792313,0.06332166402843957,0.05682365612590407,0.06916179731792314,0.8973809674424055,0.3411745237167426,0.847203065138652,6.1246693578958515,0.10802910019440407,0.3528477159090909,0.2841456548053196
site_fca46353b779e0c3,13,0.08039068979225199,0.07991950832880461,0.008691098535640958,0.011665454994842098,0.015040280885804542,0.00869109853564126,1.2893008367401553,0.8171983037806607,0.08401461906856315,1.03895360827446,0.0018639250214283285,0.001769076923076924,0.002940730638610667
site_fd9f51d6899fafaa,46,0.05074679518062258,0.01135607324929341,0.049459850600873656,0.06476356956877241,0.046891372727812554,0.049459850600874385,0.7240393486652803,0.6498247320881221,0.1184609121707867,0.5223793694674969,0.09077741103692223,0.19293871739130433,0.10114483846973756
site_fdbd79ba7196fbc0,8,0.11894707122561893,0.1128693972826004,0.03753538211094941,0.055083219711178834,0.036917025550925145,0.037535382110952364,0.6702045694586194,,0.1131872460252197,0.9029551782608032,0.011952491836249825,0.024273288750000004,0.010902934204221282
site_fe445170e29174a0,133,0.033967053471600075,-0.01943733424019993,0.027855892719087106,0.051508748070784524,0.06831732354188709,0.027855892719089666,1.3263246749465514,0.92989045325504,0.15345017596515764,-2.5851654539465905,0.43520639479383827,0.3528691,0.6207451405582751
site_fe8014b9bedb3a60,34,0.0714477877522166,0.03222601407415727,0.063767314445396,0.09546928345308234,0.05968062545747488,0.06376731444539976,0.6251290813008402,0.7555628846684345,0.1735627367393169,1.095684478521347,0.14636814268985218,0.3098890588235294,0.12110041986984355
