physical_site_id,n,rmse,bias,ubrmse,observed_sd,predicted_sd,within_series_ubrmse,amplitude_ratio,r,sse,sum_e,anom_xy,anom_yy,anom_pp
site_0089d624f3191d41,19,0.02607953274380975,-0.009388468387879823,0.024331023189854264,0.027497469034878458,0.01954468250915918,0.024331023189854296,0.7107811444161727,0.5080730861871411,0.012922698534573451,-0.17838089936971663,0.005188013918305697,0.014366105263157892,0.0072578976732928235
site_008c2bef2cb4aaa3,42,0.025194685579013835,-0.0037427251736323044,0.024915139768823827,0.04564469529547525,0.052863015425207736,0.02491513976882399,1.1581414901119527,0.8821633265206467,0.026660431619865445,-0.1571944572925568,0.08940062079401244,0.08750440476190477,0.11736893279352156
site_00edf1317915280d,216,0.1045818364095143,0.09842940204618153,0.03534138253687261,0.0416768380074971,0.04085992668816238,0.03534138253687428,0.9803989131999944,0.6334673854057795,2.3624698694658646,21.26075084197521,0.23300774448992753,0.37518310648148145,0.3606192595357929
site_01183702de237e95,654,0.07030203532246201,0.03132253751204283,0.06293865913957308,0.08191912268218,0.06382216584298595,0.06293865913957312,0.7790875164837341,0.6524868825143649,3.2323140154943757,20.484939532876012,2.2310349007758346,4.38882570030581,2.6639178297897996
site_01e54199a3b60966,138,0.0517919602698773,0.014016602120192156,0.049859221951418106,0.06063687222785308,0.04499770856167351,0.049859221951419376,0.7420849214086633,0.589272146950061,0.3701721865063237,1.9342910925865175,0.2218820604686396,0.5074025777536232,0.27942154106058015
site_026dbe6171ec07f4,71,0.061936038526276535,-0.03613411450050246,0.050303067874563956,0.0623497612794217,0.03260207419627559,0.050303067874563956,0.5228901206240189,0.59525551807914,0.2723611736513172,-2.5655221295356747,0.08590962142471069,0.276011983943662,0.07546556217486156
site_02b6ac3cafd20e22,104,0.07169049553253017,-0.05451185137044924,0.0465616280843548,0.050130688072770435,0.05371711014048307,0.046561628084354836,1.0715414490722037,0.5998473318835905,0.5345108235687717,-5.669232542526721,0.16799268712867768,0.26136093221153844,0.30009490387185805
site_0312a18810484838,58,0.19347928943868437,-0.17527897100407505,0.08192385345826232,0.057037839204077095,0.055126664291628075,0.08192385345826242,0.966492859141964,-0.06666869784564966,2.171185655618496,-10.166180318236353,-0.012158352905306341,0.18869227586206894,0.17625904872346798
site_0322f6b7744e5e7d,83,0.027678122260415824,0.01408601758278996,0.02382567020085391,0.048264746403469304,0.05509805889023237,0.02382567020085391,1.141579786406417,0.902047605043033,0.06358451150458966,1.1691394593715667,0.1991012000512287,0.19334731686746987,0.2519710757581357
site_0430e77fe9702577,394,0.10696568146042723,-0.08586922204506578,0.0637819231104611,0.06308981520330414,0.03829708952971351,0.05455591918039112,0.6070249121241333,0.511275601237861,4.508012862055672,-33.83247348575592,0.48671677564966825,1.568247964260504,0.5778668241800755
site_0472cafe265e9bf9,112,0.09855291260049058,0.08384584620488542,0.05179334567516022,0.05345248029673131,0.07432212701279836,0.051793345675160224,1.3904336449910866,0.7171939293031533,1.0878197771884728,9.390734774947166,0.31911015121173114,0.3200027767857143,0.6186631991351315
site_047754da87a40137,94,0.06215085965368471,-0.059699669219331536,0.017282327701858113,0.02643204199540929,0.014154931208161681,0.017282327701858117,0.5355216676267428,0.8022799966666035,0.3630965594350493,-5.611768906617164,0.028215795325741484,0.06567336734042555,0.018834035285732215
site_04a0ab31c36d8277,117,0.08078447584846105,0.0339832650396559,0.07328894347277144,0.0971675470643278,0.06989378178328785,0.07328894347277187,0.7193119914513855,0.659318699551834,0.7635573899589386,3.97604200963974,0.5238911163981145,1.1046592676923077,0.5715614656404737
site_04a334aa2f23d43d,112,0.0637919578900326,0.013040962404438429,0.062444753110327184,0.09028436569669096,0.06447934049204246,0.0624447531103272,0.7141805781596771,0.7222828311082884,0.4557743558416936,1.460587789297104,0.4709322715178398,0.9129418691964286,0.4656495592323395
site_05aa898de0a23cc1,66,0.040809795505611486,-0.022328190433256557,0.03415979100032753,0.04924598588518144,0.05821747490003724,0.03415979100032756,1.1821770618172436,0.810531489082235,0.10991900100784861,-1.4736605685949327,0.15336915621567856,0.16006103030303032,0.22369210932660677
site_05ff70d4d3251126,56,0.0962426756519792,-0.02585165753534862,0.09270568709268663,0.1301280165895516,0.05563970227919437,0.09270568709268692,0.4275766567217613,0.7896605017188897,0.518708546532516,-1.4476928219795226,0.3201725170537829,0.9482648392857145,0.17336348230417364
site_0616304fbe5abc7f,91,0.06236927201785305,-0.017352427443305212,0.0599067554943662,0.11940051015747982,0.11563133988144032,0.0599067554943662,0.9684325446259128,0.870545467998165,0.3539832743753622,-1.5790708973407743,1.0937412501825736,1.2973398461538461,1.2167252154127226
site_062fed1c5ac99ce7,88,0.080959991438536,0.0003508413704958822,0.08095923124672424,0.09858150901895621,0.04396802726757045,0.08095923124672429,0.44600683946840225,0.5879779987083984,0.5767977788080484,0.03087404060363763,0.22427258560061455,0.8552116249999999,0.17012049311856003
site_06fbc9bb474fb230,264,0.07559611699948862,0.0634179633189783,0.04114528932785739,0.042388523924692556,0.03756060618573325,0.041145289327857396,0.8861031880341815,0.47566562746976676,1.5087000470256982,16.74234231621027,0.1999339668058762,0.4743517575757576,0.37245097217849216
site_0749a2df9169c11c,244,0.0966779924924168,-0.04601701676601269,0.08502392839854148,0.12497917536826818,0.06416850346608911,0.08502392839854148,0.5134335642478667,0.7798471981528738,2.2805787526967674,-11.228152090907097,1.5260153709237203,3.811229803278689,1.0046936282469077
site_079486718438a070,226,0.07876073310898195,0.012718663742584466,0.07772701378843365,0.10253387561981735,0.06143731820455742,0.07772701378843413,0.5991904415313357,0.654526045475756,1.4019351960493287,2.874418005824089,0.931826368121249,2.375982216814159,0.8530469594059775
site_088275f9ba9853b1,86,0.10004113300813658,0.048208003227100824,0.0876596641472434,0.08186361730849549,0.04206877561874936,0.08765966414724373,0.5138885502727916,0.11429142999419467,0.860707633245444,4.145888277530671,0.03385033110685127,0.576342058139535,0.1522012418572185
site_08cce474c4f1c65e,101,0.07340022737144077,-0.042314243105378485,0.05997581353010672,0.13094279995895935,0.08411309254982595,0.05997581353010725,0.6423651592618229,0.9362594778664974,0.5441469311960995,-4.273738553643227,1.0415085150348669,1.7317477029702968,0.7145762461678542
site_08db8db92cc27df6,416,0.0475198953473948,-0.017099446379937804,0.04433677240538587,0.06347767054392484,0.04055121338948604,0.04433677240538591,0.6388264257653516,0.720265554528015,0.9393864287921792,-7.113369694054127,0.7712777649648667,1.676236497596154,0.684070777461607
site_0902e4bb7164303d,146,0.061241566992673316,-0.03437822418768112,0.05068202077087723,0.06793365152536904,0.036889493504520414,0.05068202077087795,0.5430223854630345,0.6797878794494977,0.5475773110468417,-5.019220731401443,0.24872184131545566,0.6737872273972603,0.19868187072892785
site_097bbf563f897742,21,0.04141131622770274,0.007940597673257192,0.04064288400571813,0.06067051643612284,0.028413286872485156,0.04064288400571896,0.46832116391163714,0.8226888676764581,0.03601283934592673,0.16675255113840104,0.029782015359827455,0.07729914285714289,0.016953612288860886
site_0983900925777e9a,101,0.04954643642456385,0.0168003157914275,0.046611144071795306,0.06572609390238202,0.062479577662012516,0.0466111440717957,0.9506053677069065,0.736754101119023,0.24793978559970806,1.6968318949341774,0.30557642378672806,0.43631186138613853,0.3942734601071688
site_098c5f4a8213f315,52,0.06112225918497005,0.042109193780101264,0.04430289343896781,0.04125759330326376,0.027917917852458236,0.0443028934389681,0.6766734464428814,0.22523051658817078,0.1942683895294821,2.189678076565266,0.013490172158568528,0.08851382826923078,0.040529327135263526
site_09d142dad852325f,523,0.0564447714563115,0.033649006729258184,0.04531839108893403,0.06482218046550325,0.07148954320944793,0.04531839108893408,1.1028561936063364,0.7832050079533174,1.6662843935469893,17.59843051940203,1.898205827350698,2.197601586998088,2.6729247542785584
site_0a639c884418ac75,179,0.049562579492160905,0.047373564068831545,0.014566904727260431,0.02607977763824632,0.025910385040238664,0.014566904727260454,0.9935048296669815,0.8430114125419826,0.43970442217910166,8.479867968320846,0.10196807864283383,0.12174770949720672,0.12017130147508281
site_0ad0f907a285c78b,99,0.03413534190875129,-0.021076772944493727,0.026851279475540994,0.04790816343017889,0.05140460039212889,0.026851279475541247,1.0729820705201043,0.8560997809296487,0.11535693515550785,-2.086600521504879,0.20872337583505146,0.22722402020202023,0.2616008612059713
site_0b0ed8efdae8e576,91,0.07664100354777843,0.021333939072849986,0.0736118636392702,0.09835363969989684,0.05247897171167051,0.07361186363927073,0.533574272104193,0.6789477216375902,0.5345197516577634,1.9413884556293488,0.3188992372786606,0.8802828982417583,0.2506178649442026
site_0b38093eb399bd08,170,0.07337774048417665,0.0058386567740580635,0.07314508107615933,0.07589725955043725,0.05576395649018187,0.07314508107616004,0.7347295122444328,0.41582399468081527,0.91532977575574,0.9925716515898708,0.2991838470307212,0.9792669812352942,0.5286352033846125
site_0b499005763b91ab,135,0.0405733979231218,0.011812200473679438,0.038815879984841144,0.04105325728377326,0.05803430229485753,0.03881587998484115,1.4136345355913138,0.7443193892788849,0.22223708356877786,1.594647063946724,0.2394007405286172,0.22752494103703705,0.45467733278487227
site_0b5d986a46425a8d,144,0.05833009519650797,0.03729586959216329,0.0448488362948029,0.04989857769070733,0.05151134849639506,0.04484883629480451,1.0323209774772413,0.6092317119026783,0.48994560081125016,5.370605221271514,0.22549456529815992,0.358541,0.38209233944405696
site_0b72a3f0c80e88c1,80,0.09136187290971352,-0.039761879422515634,0.08225560629136457,0.08590768787447081,0.03362055707389095,0.08225560629136479,0.3913567912922724,0.30199589308387853,0.6677593457256518,-3.1809503538012507,0.06977951710144989,0.5904104668749999,0.09042734863670071
site_0bcb08d77ff25c9a,123,0.0887832843717119,0.04798848271951443,0.07469656692316676,0.101546749476787,0.07445381756120523,0.07469656692316723,0.7331974479224954,0.6795501296589829,0.9695440048108764,5.902583374500275,0.6319454743708295,1.2683443065040652,0.6818346267807796
site_0bf83088dda14a95,57,0.08028515814139747,-0.07506764915742371,0.028470241793267955,0.03429183320502716,0.035743431311552186,0.028470241793268052,1.0423307234071177,0.6702119621052924,0.36740527721398447,-4.278856001973152,0.04682458910346031,0.067028,0.072822794269648
site_0c4d512642175d8c,82,0.07471443394685792,0.0541789387638976,0.0514479274064294,0.0907497162824984,0.05489239105343918,0.051447927406429554,0.6048767236093883,0.8633795086060301,0.45774422447995033,4.442672978639603,0.3526736510265165,0.6753119024390243,0.24708031683622256
site_0cc518f8eb987b6e,366,0.07572552558986757,-0.03233380948650381,0.06847539696819702,0.060518452887148,0.0463815654098837,0.06527658954325116,0.7664036867626787,0.2765822008822353,2.098774012665378,-11.834174272060395,0.2841440281408752,1.3404688291865465,0.7873573572129033
site_0cc8f0bf6d22e691,356,0.12530272651688934,0.10734381213901419,0.06463806361603348,0.0649383079578163,0.07278647473517365,0.06463806361603354,1.1208557325277937,0.5645433320591392,5.589475285033624,38.21439712148905,0.9499460348646794,1.501246247191011,1.8860420419571695
site_0ce5386aeb45589f,400,0.03780952593417291,0.027927345959469677,0.025487714668580755,0.0460423107043945,0.037545617917114485,0.025487714668581855,0.8154590276358775,0.8329860151686725,0.5718241005467576,11.17093838378787,0.5759888401501811,0.8479577500000001,0.5638693699111794
site_0d5442a09f1a2d6e,357,0.1415302386222422,0.083312994854123,0.11441045989290355,0.12121564115778115,0.061947777001377095,0.1144104598929037,0.511054319473032,0.3622970286911387,7.150998614675368,29.742739162921907,0.9712194645780476,5.2454837030812325,1.3699971659222072
site_0d5e4db658745469,47,0.04280264242285016,-0.020235005780483817,0.03771751237080938,0.057639846275628945,0.03489647627101152,0.03771751237080938,0.6054227852055586,0.7749484264900546,0.08610711132378349,-0.9510452716827393,0.0732613720911773,0.15615053829787237,0.05723491063826369
site_0d7b03db25fcc113,73,0.08869236463562377,0.07330471661074522,0.04992748809300125,0.04879072462602647,0.0762848347533691,0.04992748809300136,1.5635110021029783,0.7666803414701029,0.5742424947600665,5.351244312584401,0.20831122157957455,0.17377904109589043,0.4248144489744646
site_0da833e2b1888903,55,0.10017270351921896,-0.08051778630083258,0.05959409886526349,0.0796117640295756,0.038081087904894714,0.05959409886526352,0.4783349341530439,0.698740310203105,0.5519013791692138,-4.428478246545792,0.11651050422985444,0.34859181345454543,0.0797593090811175
site_0dbafc8a640ef8c3,279,0.09823450264699367,-0.009955853957001878,0.09772869835564708,0.1067653435399822,0.05865187887871941,0.09772869835564821,0.5493531602486257,0.4222287711844493,2.692354885374315,-2.7776832540035237,0.7376736277920531,3.1802759641577065,0.9597719679851081
site_0dc29dbfcf3d5b45,16,0.06877754740794458,-0.03581860772520304,0.058714379568212155,0.09213167801440501,0.03455279120196242,0.05871437956821216,0.3750370333704332,0.9792596145070419,0.07568561643923301,-0.5730977236032486,0.049878104844130584,0.1358119375,0.019102326077542586
site_0e03bfb1bac21c69,145,0.049316663206115705,0.03299905615099545,0.036649632507419434,0.05988983783069082,0.03319220135015058,0.03664963250741952,0.5542209254929904,0.8414307758486274,0.3526593241188897,4.78486314189434,0.2425356523621699,0.5200849379310346,0.15974972341799598
site_0e7b99291027b045,131,0.06739348284832725,0.006597410895897232,0.06706978231587214,0.09203751423507633,0.055372199677338044,0.06706978231587232,0.601626414376098,0.6905599878037814,0.594986480486039,0.8642608273625374,0.4610301879576144,1.109688427480916,0.4016565451210164
site_0e88bbb351409588,121,0.055359246891126535,0.0010223089899898544,0.05534980669055393,0.048021335160093395,0.038164984548970216,0.055349806690555226,0.7947505920386406,0.19070245892401985,0.37082219217867707,0.12369938778877237,0.04229032131770919,0.2790318842975207,0.17624449152039934
site_0e94595e2d8280b9,63,0.07616528468637351,0.046837904387239414,0.06006131287249839,0.07008050055705249,0.04485447137017858,0.060061312872498974,0.6400421089124868,0.5274247223827015,0.36547248725544834,2.950787976396083,0.1044489239720953,0.30941042317460316,0.1267511869195847
site_0ea793c6917b8d1e,142,0.09891566016231128,-0.0788904159354492,0.05967084798188872,0.054577722511885814,0.03898142013404668,0.05967084798188992,0.7142368413331537,0.22036692387216372,1.389371711199111,-11.202439062833786,0.06657448560752918,0.4229793468309859,0.21577625842472248
site_0ed7401c57e72edd,149,0.03896156927591412,-0.023170672072580195,0.03132289635628876,0.05783183408977834,0.07118547356463097,0.031322896356288925,1.2309046511324953,0.9024962613985383,0.22618257818583642,-3.452430138814449,0.5535922789272896,0.4983336340939597,0.7550383753464954
site_0ed89141fd172a0b,19,0.042329019288777914,0.035956066546942056,0.022336229592785056,0.03126168080862911,0.0511197659021924,0.022336229592787384,1.6352212862490074,0.967284814490866,0.03404317160504492,0.6831652643918991,0.02937035200431158,0.01856856105263158,0.0496513788520041
site_0f170214c09c03f1,20,0.12504233960862746,-0.06858960514873266,0.10455167507190052,0.130831361970286,0.032429305251102915,0.10455167507190058,0.24787103613939412,0.8529159083967953,0.31271173389598644,-1.3717921029746534,0.07237452353728935,0.3423369055,0.021033196781384225
site_0f333b36a4874c91,102,0.09183587053113598,-0.06562888108749015,0.06423921764324071,0.13807256587995165,0.09829076891067978,0.06423921764324075,0.7118776151095759,0.9062693529038538,0.8602503658535803,-6.694145870923996,1.25452001253384,1.944531411764706,0.9854296758113708
site_0f556398a37eba54,17,0.22280914678574174,-0.2192032268860761,0.03992319143206927,0.050312791854770424,0.03209032039713378,0.03992319143207066,0.637816332867466,0.6092409878061921,0.8439465701536335,-3.7264548570632936,0.01672208802296835,0.04303340941176471,0.01750640727424191
site_0f5c2c2840148780,191,0.06652548221792214,0.002520666202949602,0.06647771074744062,0.06924151015778757,0.042834496002165844,0.06465417288053028,0.6186245202416092,0.4128591499966242,0.8452971988064713,0.48144724476337397,0.23388128640629346,0.9157278652258206,0.35044566312207626
site_0fabc5d0b4df5f64,317,0.05748763480856183,0.0426402172254087,0.03855697123546569,0.04014546811777349,0.038621450281729766,0.038556971235465747,0.9620376120270223,0.5213349938615564,1.0476305254147746,13.516948860454558,0.25623664772297117,0.5108957794952681,0.4728424057309273
site_0ff1990da553fc4d,975,0.06380275226825646,0.038230229561023225,0.051080727723046115,0.056202421944953874,0.047455878328244834,0.051080727723046324,0.8443742580119477,0.5251949307216874,3.969021417079393,37.274473821997645,1.3657467893880606,3.079744426666667,2.195758878207548
site_1053b206858b1513,880,0.07616862830884986,-0.048697980023209346,0.0585676248460771,0.06806196826388455,0.05440121465677853,0.05856762484607715,0.7992894717040563,0.5619965146686091,5.105460745837518,-42.85422242042422,1.83117307998948,4.076539741079545,2.604353097396948
site_1055453212517d95,143,0.10732646792443883,-0.07997837535443006,0.07157115475386358,0.09560491294354456,0.039962952576241745,0.0715711547538638,0.4180010351543354,0.7348095221412579,1.6472128125503902,-11.436907675683498,0.40146583367977934,1.307062811188811,0.22837637374136538
site_108f541d7e13b076,361,0.051128089614843455,-0.0020726279334018103,0.05108606229798051,0.08593626697125445,0.05441590648340777,0.05108606229798057,0.633212360755789,0.8271868056173147,0.9436834387065102,-0.7482186839580535,1.3964106512345849,2.6660001551246535,1.0689538071063638
site_10a7b62e4edfa545,50,0.12294425604638559,-0.09701229064893722,0.0755242051123039,0.0911019013852071,0.04351630332809187,0.07552420511230426,0.4776662469874415,0.5662015915622582,0.755764504739961,-4.850614532446861,0.1122329883374274,0.4149778218,0.09468343276712499
site_10d7d76e5b99709b,40,0.05156597754873192,0.014094879226386548,0.049602262248307806,0.0606743561976557,0.04408752648943328,0.049602262248307806,0.7266253694692967,0.591537201621681,0.10636200162225298,0.5637951690554619,0.0632940614361316,0.14725510000000003,0.07774839967825925
site_10dfc2a732e16d10,6,0.03299490029844339,-0.02684274160663287,0.019186731580541804,0.06679038520292839,0.06032936385177176,0.01918673158054506,0.9032641999065257,,0.006531980674225318,-0.1610564496397972,0.023197371088713406,0.026765733333333333,0.021837792856556792
site_10ec1b51ff0dc0c8,84,0.0960659275978886,-0.0829808181240445,0.048402957231010374,0.044927618785166164,0.029803156482484622,0.04840295723101188,0.6633593608643418,0.21055981179974842,0.775207645400393,-6.970388722419738,0.023682657487335657,0.1695532380952381,0.07461116345083507
site_11d0ddb199b9f010,2,0.02982598793423751,-0.027903340190649037,0.010535329252481462,0.0020000000000000018,0.00853532925248146,0.010535329252481462,4.267664626240727,,0.0017791791125065628,-0.055806680381298074,-3.4141317009925875e-05,8.000000000000015e-06,0.00014570369089653146
site_125ba37c83dbcda5,409,0.04541438183014842,-0.0032489908122783177,0.045298014699501406,0.03803221699319482,0.06195199556611408,0.04196119969975838,1.6289346365792792,0.747771681107144,0.8435486254989365,-1.328837242221832,0.7206083072767469,0.5915978575317398,1.5697623496411421
site_12aaba88bfb65c8b,227,0.06170407748134008,-0.02385962698795722,0.056904405609924116,0.07802533013998211,0.0537638102692408,0.05690440560992439,0.6890558511291822,0.6842039893276531,0.864278251365871,-5.416135326266289,0.651534044844201,1.3819651365638765,0.6561542358893915
site_12f6f97179080a87,406,0.06270779278485622,0.025282408521827223,0.05738525154849374,0.06934672900402701,0.06540043964973694,0.05738525154849437,0.9430933598315661,0.6386689798643224,1.5965005140350768,10.264657859861853,1.1760032046345326,1.9524413423645322,1.736550307589827
site_12f79a44d2a41795,112,0.19513597216182357,-0.1578407557950488,0.11473597274433049,0.08819210550072622,0.0456204594370881,0.07290053594075228,0.5172850696564041,0.5647743072261235,4.264741334732478,-17.678164649045467,0.2544967964813851,0.871118916936937,0.23309734775611207
site_13345716e1eac548,38,0.06187362279847375,-0.05461876465929182,0.029071218503886356,0.04952444204744566,0.03089902845618198,0.02907121850388651,0.6239147212719718,0.8372071923415431,0.1454771175318968,-2.0755130570530893,0.04868340691257464,0.09320147368421054,0.03628049846236586
site_13471aa5ce158e45,113,0.044677719019988814,-0.023684736112999705,0.03788313413759001,0.07406047423873999,0.07125433088360812,0.037883134137590035,0.9621101082058152,0.8647695303286554,0.2255591391816849,-2.6763751807689666,0.5156755939058892,0.6197997844247788,0.5737213026727902
site_136f0d570907389a,58,0.04621907275071677,-0.02201701531122471,0.04063808217326878,0.04404887635035534,0.027600662497313057,0.04063808217326881,0.6265917495325712,0.4320880163946913,0.12389975578429087,-1.276986888051033,0.030468744303645757,0.11253760344827587,0.044184201076853835
site_139d8263042fc17e,25,0.05341496375579351,-0.03307537792444229,0.041942552714254885,0.03391627338019317,0.031018326569386204,0.04194255271425494,0.9145558600049691,0.16790100258673546,0.07132895882581836,-0.8268844481110573,0.004415905687212941,0.028757839999999996,0.024053414579127255
site_13a4a69bc620b9a3,67,0.07937165562224582,-0.058537217714893286,0.05360274114647096,0.06772633727709822,0.038796840099605684,0.05360274114647097,0.5728471619670019,0.612505148083452,0.4220906009864979,-3.92199358689785,0.1078297230930471,0.30731940298507465,0.10084805171486289
site_14144d0d858434fd,21,0.02512475373634552,-0.0003657527707871936,0.025122091378359995,0.04125019068189282,0.03562773822025853,0.025122091378360488,0.8636987522071669,0.7960374587171708,0.013256318256552171,-0.007680808186531066,0.024567842110991472,0.03573314285714286,0.02665605034451668
site_14672231a55d516b,109,0.0877697887476698,-0.043419069959701746,0.07627791410785371,0.11655873747981593,0.06594278214089365,0.07627791410785409,0.5657472238176287,0.7881695703325217,0.8396854040323536,-4.73267862560749,0.6603257942205039,1.4808673818348626,0.4739811062964685
site_14af94b228986e6c,11,0.0450075154199406,0.03660212471430952,0.026190855478092415,0.09379196955880077,0.09018114138782428,0.026190855478092787,0.9615017342320255,0.9602209979237102,0.0222824408870381,0.4026233718574047,0.0893398599778048,0.0967662690909091,0.08945902088211828
site_14d94a059a5aad1d,372,0.1412970130695429,0.1322868168472603,0.04964920936725971,0.04719982917498008,0.06435268659405878,0.049649209367261075,1.3634093114085077,0.6426552516742895,7.4269226756833415,49.210695867180824,0.7261529568720969,0.8287504811827957,1.5405517971368128
site_153d5fe2ea0a30b2,107,0.11625521303244954,-0.012750682901110606,0.11555386035427616,0.09541664076087732,0.08863767544705467,0.1155538603542762,0.9289540560245529,0.21331801711836282,1.4461343776225641,-1.3643230704188347,0.19304288369850992,0.9741638807476636,0.8406602134263415
site_1540ed4ad947cd80,639,0.08008575469304553,0.07106392393873331,0.03692758886232068,0.04208249465567663,0.05974087400868485,0.036927588862320754,1.419613416397743,0.7908095413714384,4.09837225893823,45.40984739685059,1.2704155698839534,1.1316283317683882,2.280573125458475
site_15a7df29fffec944,41,0.05195687036164493,0.033927255210353106,0.03935044766795348,0.05262709326825448,0.028440769709472312,0.0393504476679535,0.5404206834016472,0.6781438984497646,0.11068017148884789,1.3910174636244774,0.04161562721522116,0.1135540487804878,0.03316397264835674
site_15fd0f8efa3618ec,756,0.1339892529592848,0.1259277108109029,0.04577479173642209,0.03447419682666433,0.051462396900088345,0.04577479173642263,1.492780155512843,0.49081016823778356,13.572558650891928,95.20134937304259,0.6582934195864552,0.8984835066137566,2.0021739907948803
site_162f5acccb1ccdb2,7,0.05106310136718668,0.037409643806729995,0.03475570271896643,0.08241799387443081,0.05929914736015814,0.03475570271896669,0.7194927293486936,,0.018252082248649076,0.26186750664710995,0.03185404502153397,0.047549080000000014,0.02461472214349225
site_164f38fa74238777,27,0.06676370903340399,-0.026683328094305816,0.061199614751309174,0.07479114036863327,0.03733207202437851,0.06119961475130937,0.49915099355852643,0.5805658584881419,0.12034960678521979,-0.720449858546257,0.04376707335313161,0.15103029629629633,0.03762945724410138
site_165766e1d399cf97,157,0.05186356369890132,-0.04205054982285591,0.030357544353018868,0.058285950012353316,0.07455191557649855,0.030357544353018896,1.2790718099421519,0.9244017162509175,0.4223031906093492,-6.601936322188378,0.630642277487059,0.5333685591082803,0.8726041342316826
site_165c41e6efa0bc8e,45,0.08418390703661303,-0.04820024497032166,0.06901932040197213,0.07344546827324706,0.042307417113864064,0.06901932040197216,0.5760384964319818,0.3894855765181372,0.31891185917770976,-2.1690110236644746,0.054460974689390915,0.2427406564444444,0.0805462894280915
site_16e59e7364e5ed25,142,0.05348887129564428,-0.005928101340649835,0.05315935446350891,0.06632083633875623,0.06510978563770171,0.05315935446350892,0.9817395140364535,0.6729548708964072,0.40627042805244384,-0.8417903903722765,0.4126392591552625,0.6245803732394366,0.6019783543818205
site_17476f5e1149b6dd,119,0.041123722102291455,-0.032922606360311274,0.024642696889555057,0.03744841300707971,0.019353861965216643,0.02464269688955506,0.516813942464204,0.8069393146956845,0.20124810182603284,-3.9177901568770412,0.0695967394337559,0.16688365277310924,0.04457406478327047
site_179c7b165166f05c,71,0.11332583460941649,0.049575876692818925,0.10190670851351856,0.15497239334112836,0.06920168105800431,0.10190670851351864,0.44654199090592966,0.858809059948703,0.9118348800843783,3.5198872451901435,0.6539220032270526,1.705167431549296,0.34000995894901637
site_181ff8c89ef12a6c,94,0.09864561409281376,0.06960215900553034,0.06990348089699974,0.04288316742016048,0.0633985404734835,0.06990348089699987,1.4784015334575822,0.17873129367266732,0.9147099748963435,6.542602946519851,0.04567668400990202,0.1728628085106383,0.37782124381178495
site_182cb9b0a7d4c94d,1,0.05930190167427063,0.05930190167427063,0.0,0.0,0.0,0.0,,,0.003516715542184862,0.05930190167427063,0.0,0.0,0.0
site_183b638a356ad6ca,93,0.11363191122952135,0.0994175197155245,0.05503060987566031,0.06885529523773322,0.04634162314470093,0.055030609875660365,0.6730291836626294,0.6048874382632838,1.2008356462196654,9.245829333543778,0.1795006808023299,0.44091780645161294,0.19972178131874974
site_18793582c71deee9,486,0.07253849519201097,0.030101324718013224,0.06599805705429612,0.07015747129618724,0.0733021043381909,0.06599805705429632,1.0448224969330464,0.5774726280929872,2.5572509763746,14.629243812954426,1.4433047558260708,2.392126398436214,2.6113744711978137
site_18be3f84accd05c4,1182,0.0297038867210129,-0.007413257196772523,0.028763944515126347,0.05485124564095864,0.05228150971110564,0.02876394451512669,0.953150819095818,0.8568958985188594,1.042903287647694,-8.762470006585122,2.9045586830630468,3.5562351133671743,3.2308270965688166
site_18bedc0a241bdc83,127,0.018525286734809965,-0.0016200182858414542,0.01845431627995102,0.02294682958567427,0.01252087938137746,0.01845431627995103,0.5456474644843424,0.5965025025570863,0.043584653573079606,-0.20574232230186468,0.021765743816438622,0.06687273748031496,0.019910097401341406
site_1929ba01621eda50,217,0.10294532414815442,-0.06141736892318944,0.08261747126680548,0.08892729570559497,0.060307348981700586,0.08261747126680871,0.6781646569052956,0.43999818969757115,2.2997095287811833,-13.32756905633211,0.5120542169045056,1.7160498709677419,0.7892238660405351
site_194102884b72b2f0,88,0.04971231658664609,0.025191951716488067,0.04285650463027827,0.04704843534693839,0.045881198182255875,0.04285650463027857,0.9751907336327931,0.5748900352844523,0.21747566899616166,2.21689175105095,0.10920622354881329,0.19479286363636364,0.18524742250427073
site_19bcb346c9572bcb,74,0.11316536806745554,-0.041287658079733724,0.10536474657177174,0.08038934647717337,0.0570311749498953,0.10536474657177176,0.7094369770264192,-0.15123434628048507,0.9476736392083588,-3.0552866979002955,-0.0513089314468205,0.47822108,0.24068906379625182
site_19cb1bd872c4d23c,70,0.24180018671574932,-0.23459410895943641,0.058591247958200275,0.053252233851774536,0.04507702638168499,0.05859124795820059,0.8464814172332205,0.2988612500865312,4.092713120703986,-16.421587627160548,0.050218153311195134,0.19850602871428571,0.1422356815190587
site_19feb3f9e9d0726a,57,0.034842298646565115,-0.0032793491409536,0.034687629555623434,0.03404281843835552,0.018926126589593216,0.03468762955562344,0.5559506368094786,0.24358276292968684,0.06919718917365669,-0.1869229010343552,0.008945583155633588,0.06605806877192981,0.020417301258062515
site_1a0cd59d1873112a,14,0.11008660371645829,-0.0622980450136321,0.09076350536038146,0.13098356338698003,0.09160696343564076,0.09076350536038151,0.6993775483492964,0.7213312085238484,0.16966684444954336,-0.8721726301908493,0.12117361005502088,0.24019371428571426,0.11748570049858353
site_1a52df5386240d07,520,0.047432464762804535,0.028834663641108916,0.03766166334854059,0.06093857365918064,0.0424047196086416,0.037661663348540694,0.6958600614087914,0.7920157583175396,1.1699161310068409,14.994025093376637,1.0642499708162623,1.9310250750000002,0.935043327445507
site_1a9dbac658ebe085,81,0.10170441958486383,-0.028838728318979705,0.09753008106239895,0.09384853557693087,0.04549822954948271,0.09753008106239985,0.48480489620625183,0.15989909715601025,0.8378469060106167,-2.335936993837356,0.05530355230636066,0.7134113580246914,0.16767720026313115
site_1ae2faafa57e844c,288,0.045436089814889224,0.014955682086033956,0.04290414701410767,0.05689688689912418,0.04094426040200744,0.04290414701410888,0.719622155683138,0.6595383564230051,0.594558218208004,4.307236440777779,0.44250082094460313,0.9323296527777778,0.48281254844180954
site_1b2f4be319c8a70d,152,0.0613245944348591,-0.04747079257667065,0.03882305674135749,0.060973029719586645,0.059123469806741054,0.03882305674135758,0.9696659339161647,0.7914237018829555,0.5716272941551928,-7.215560471653939,0.43366096283279754,0.5650919736842106,0.5313288716622704
site_1ba2419bf83859ca,145,0.07266161850250384,0.0063833274055349375,0.07238068758057742,0.07518436354245599,0.04782297294747133,0.07238068758057795,0.6360760495161483,0.37557105338915736,0.7655580664934942,0.925582473802566,0.19580519629316084,0.8196398355862069,0.33162032752251336
site_1c7e765219227837,159,0.06677951330819153,0.004827173780345317,0.0666048180762719,0.10815436669192725,0.06878762739175398,0.06660481807627254,0.6360134083877759,0.8060090793898207,0.7090610402309498,0.7675206310749054,0.95343578259675,1.8598813584905662,0.7523462914676986
site_1ce5634596e14607,319,0.030615082987304674,0.0025980406883741995,0.030504647037805636,0.049508104260382296,0.049995690430477115,0.030504647037805838,1.0098486132195734,0.8120760318087225,0.2989933747159371,0.8287749795913696,0.6412040293290511,0.781885711598746,0.7973625306568122
site_1cedce47f64df34a,254,0.09054133791728337,0.06073283885126039,0.06715099520423011,0.07596983462422138,0.04551525526309501,0.0671509952042308,0.5991227371789412,0.48207113992158324,2.082224403450331,15.42614106822014,0.423392355852357,1.4659396062992127,0.5261961692628333
site_1d1f4a4194ae00c3,182,0.05550825798616077,0.00022123137673179106,0.05550781711917818,0.08642897312384384,0.04584683562309376,0.05550781711917827,0.5304567897318408,0.8190271653646175,0.5607723402477889,0.04026411056518597,0.5906611593206832,1.3595340659340662,0.3825516852704781
site_1d6a4da433bfddd7,6,0.07150299330293731,0.02174844837188721,0.06811521889192791,0.08422522715249207,0.04579606491647825,0.06811521889192809,0.5437333500278156,,0.030676068307679386,0.13049069023132326,0.0136544562180837,0.04256333333333333,0.012583677371005741
site_1d92331b9f8c002c,75,0.07133158923159,-0.007264641051610313,0.07096069766212523,0.10982142218873127,0.06272877420685284,0.07096069766212522,0.571188871503154,0.7954914956891059,0.3816146716728214,-0.5448480788707735,0.4110083727132876,0.9045558578666667,0.29511743351207453
site_1dab76a1b26190f6,1016,0.03156739228497301,-0.007691767307541033,0.03061595942249755,0.03612319055400619,0.02551866673828724,0.030615959422497646,0.7064344634822721,0.5525780909036461,1.0124442597641472,-7.814835584461689,0.5175251404827196,1.3257630541338583,0.6616215897333637
site_1e0ab3dca10c0e53,65,0.080671531267158,-0.040456317334908704,0.06979385606688612,0.06311185899307777,0.07049529375280349,0.0697938560668863,1.1169896573722466,0.4586906225511282,0.42301323720422324,-2.629660626769066,0.1326491023705556,0.2589019384615385,0.3230231186841135
site_1e115354ece8fb9b,39,0.07998565006719335,0.06167886815315637,0.05092564619145308,0.04699525064481482,0.03729787302273598,0.0509256461914536,0.7936519650598184,0.2870408300266121,0.24951046445018885,2.4054758579730984,0.01962213776585384,0.08613358974358976,0.05425412194878532
site_1e3671cb73e4a59d,71,0.19869538586867336,-0.18697082297298273,0.0672440906125332,0.052473938478076076,0.04111796868414206,0.06724409061253367,0.7835883845715411,-0.017974919345661162,2.8030698019505715,-13.274928431081774,-0.002753598473945149,0.19549950957746481,0.12003880175841619
site_1e4554eec29098a5,97,0.03784982849964483,0.026060020902722154,0.02744967810379952,0.03270554823780097,0.037005000316566526,0.027449678103799592,1.1314594101130604,0.6963486434082058,0.138963123192895,2.527822027564049,0.08174859813915701,0.10375632989690721,0.1328288946976216
site_1ead9d05e7924900,21,0.16972802274620757,-0.1637430140069553,0.044674680404622955,0.042266424171496904,0.0597657141504068,0.04467468040462297,1.4140234316465041,0.665568806995213,0.6049596358120803,-3.4386032941460614,0.03530692337442722,0.03751546285714285,0.07501075234607085
site_1ebbce006aed7c73,31,0.06657205455928926,-0.03272120046730965,0.05797552490683564,0.054305153131242526,0.03698510065328859,0.057975524906835635,0.6810606088137617,0.23793742007553945,0.13738699189559453,-1.014357214486599,0.014814680500136268,0.0914205393548387,0.04240482778035054
site_1f03845600024bcb,415,0.1281296971744939,0.11055127047400877,0.06477372842912528,0.022812113734234734,0.07240880927567085,0.06477372842912582,3.174138535308329,0.47457143857734346,6.813146008681418,45.87877724671364,0.32531690207030406,0.21596290120481929,2.1758597991989976
site_1f2f25947066509c,400,0.12958591595844196,-0.100252611528337,0.08210921687932927,0.09433676294928717,0.037367829618570936,0.08210921687932937,0.3961110011656734,0.5040701630947515,6.717003845915352,-40.1010446113348,0.7107712075231597,3.5597699375,0.558541876161019
site_1f80e745021951bc,179,0.13913778551217618,-0.11487797190556978,0.07850079571632036,0.08837868265780333,0.05542070015193799,0.07850079571632047,0.6270822158158144,0.48181527789536605,3.46531888094459,-20.56315697109699,0.42242842098799993,1.3981316871508382,0.5497902669542526
site_1f87127a283de97d,2,0.029331724175818544,-0.009210235428810123,0.027848188567161578,0.07280000000000002,0.04495181143284091,0.027848188567165564,0.6174699372642981,,0.0017207000862525961,-0.018420470857620247,0.006544983744621279,0.010599680000000004,0.0040413307021873734
site_1fa5a52b4f99f39b,10,0.1053612909476194,-0.06684432210564614,0.08144223862582323,0.15297964864647848,0.0769196138227035,0.08144223862582323,0.502809455396629,0.9639797920557994,0.11101001630148905,-0.6684432210564614,0.11343280829124153,0.234027729,0.05916626990633839
site_1fe95dec232c15f6,833,0.04395352659191097,-0.03352586079223388,0.02842409467345583,0.021987651489445755,0.033849737773302954,0.028424094673457544,1.5394885529066664,0.5517658406384555,1.609283112388232,-27.927042039930825,0.34208494765586966,0.4027195294117647,0.9544553545187038
site_203c950b486649d5,44,0.06314416446761181,0.054209783616662024,0.03238031603532448,0.03830572879441239,0.04528362478114403,0.03238031603532485,1.182163248327219,0.711812230495144,0.17543616227776365,2.385230479133129,0.054327914635346024,0.06456246977272727,0.09022669362605545
site_20551d8a0ce0f349,48,0.08081664766916548,-0.015404355573654173,0.07933496309851325,0.06525920270219664,0.03576023427252765,0.07933496309851387,0.5479722827095458,-0.16207814662585918,0.3135038659431374,-0.7394090675354003,-0.018155483454962568,0.2044206497916667,0.06138212905085094
site_20c84fb12b0c9692,116,0.05114776419550634,0.0007524838697293717,0.05114222863959799,0.07747374126510456,0.05587019456192728,0.051142228639598476,0.7211500780728674,0.7517814803164654,0.3034668787350979,0.08728812888860712,0.3774716371949505,0.6962529479310344,0.3620915222849626
site_20e55f2eceb79ec1,659,0.08080703427311409,0.06677194622109259,0.04551136106362626,0.044946196275520954,0.028915542509999257,0.04551136106362714,0.6433368094765235,0.3020001571140533,4.303122903302699,44.002712559700015,0.2586526143128485,1.3312858088012138,0.5509955665087514
site_2266e199c1b4f8b1,182,0.08255237577410521,-0.07299808633242336,0.03855092914254001,0.06535172949187187,0.08355345204508813,0.03855092914254043,1.2785193704090128,0.8942495655269757,1.2403108437627313,-13.28565171250105,0.8886926920213583,0.7772944356593408,1.2705746414544532
site_228e3c936ac52751,419,0.0816173923212523,-0.037822363185285104,0.0723247369328199,0.08282325804289989,0.049693134691957276,0.0723247369328199,0.5999900977841004,0.4978721748143191,2.7911260675855885,-15.847570174634459,0.8585796324819825,2.8742109785202867,1.0346817992799504
site_237e685bbdd8644d,293,0.0785668080622044,-0.0487426647304268,0.061618957830041836,0.09238469387604381,0.05771577697120256,0.06161895783004192,0.6247331083722818,0.7566639444934036,1.808613795421397,-14.281600766015053,1.1821299783502677,2.5007349771331056,0.9760154970371515
site_23d2f2404f4bbe4e,117,0.0950037371690352,-0.07985233928046673,0.051471487131424,0.07626167795162501,0.042379665121789485,0.05147148713142614,0.555713777353183,0.7677368449529216,1.056008078901725,-9.342723695814607,0.2903100848102417,0.6804536923076921,0.21013621385269737
site_23e0c01fc0e0a37a,340,0.07030645349594579,-0.05378513074068463,0.04527866069557545,0.07566476276596505,0.07840638682056775,0.0424359389264183,1.0362338287253032,0.848861189767002,1.6806191170803797,-18.286944451832774,1.7122245140403263,1.9465531503061224,2.0901709080472095
site_24a155d00f2ce6ce,294,0.05864307023130009,0.009281447054577521,0.05790392410472945,0.07451103477539117,0.06898156962351579,0.05790392410473217,0.925789983073734,0.6768130593660712,1.0110688477290393,2.7287454340457913,1.0227505631716478,1.6322569251700683,1.398986342630843
site_24bc1a63008e8e56,630,0.051945042527566376,0.04072612669704452,0.03224391489020768,0.034156578567099354,0.03847258362946225,0.03224391489020783,1.1263594084484858,0.611502739763623,1.699921089210128,25.657459819138047,0.5062495734731711,0.7350032714285714,0.9324880054093592
site_24bea14e8249e50f,135,0.06928076331221023,-0.0531699328691871,0.04441601517255495,0.06072831051673292,0.035820676826430926,0.04441601517255496,0.5898513645717344,0.6891522908492022,0.6479762622915368,-7.177940937340258,0.2023829673330403,0.49787023925925916,0.17322131992098674
site_257ba699ad2936b5,31,0.06385650166281322,0.05950560842098728,0.0231675499580986,0.020917484185269484,0.03357716890210931,0.023167549958099002,1.6052202360814993,0.7319941569000162,0.12640723694299888,1.8446738610506057,0.015937596698441813,0.013563775483870968,0.03495021441590407
site_25bb1d03fe665fce,56,0.09027628743477413,-0.06812705697252282,0.05923269520517016,0.07371731159002765,0.035905181014235316,0.05923269520517016,0.48706579553414564,0.6073128460576154,0.45638925208833364,-3.815115190461278,0.09001753237281396,0.3043175535714286,0.07219419332524023
site_25c3911a44e2e266,323,0.05796957031936069,-0.0025760846451709143,0.05791230327756113,0.06399540981400864,0.04739598401877924,0.05746851451480821,0.7406153684541954,0.5009950457325557,1.085432159812651,-0.8320753403902053,0.4908246012799596,1.3228182301559208,0.7255805142580056
site_25db0a3f364cf3fa,37,0.023062562367599702,-0.013461017768125277,0.018726526202305686,0.02349014060461417,0.02363291820416501,0.018726526202305693,1.0060781926321374,0.6841679241647882,0.01967962596949876,-0.49805765742063524,0.01405294677997763,0.020416108108108108,0.020665048445255893
site_26066c2f9061bb32,267,0.22274381669080612,0.21418923168950313,0.061137393649449756,0.05816210348991648,0.0732270521272328,0.061137393649451824,1.2590165715022343,0.5878380183661067,13.247153702354645,57.188524861097335,0.6684679475396537,0.9032156853932586,1.4317077105862732
site_26149aa81404cf67,120,0.05952365475803675,-0.05125079085389773,0.030272461290816503,0.050555396122306605,0.06979569264592113,0.030272461290817745,1.3805784940754349,0.9225980821837506,0.42516785709047406,-6.150094902467727,0.39065189258418975,0.30670176925000003,0.5845726454308666
site_261c25e44abd6c6d,260,0.13590509784438828,-0.12184218322928135,0.06020529882007886,0.09202318572884982,0.05215069639364291,0.06020529882007918,0.5667125733650118,0.7879942119139508,4.802250861224117,-31.678967639613152,0.9832268992017268,2.2017493450384613,0.7071207349288992
site_261e3bb708a6a167,65,0.09308595060594095,0.006810581139050994,0.09283647012225359,0.10080146218531866,0.04349563009886221,0.09283647012225435,0.4314980076270876,0.39163583707703686,0.5632246230137591,0.4426877740383146,0.11161131902813913,0.6604607606153847,0.12297153945030814
site_2689516b5f07761f,394,0.06184035739960438,0.03267153435249619,0.05250524398919089,0.07761763262977116,0.0440109867077419,0.05250524398919126,0.5670230489722636,0.7618002968110433,1.506746542504457,12.872584534883497,1.0253186503359055,2.373651776649746,0.7631649786896796
site_26f018cca8362487,256,0.11206806449091328,-0.0872978070145473,0.0702733517714244,0.09751956935020786,0.04587631964310856,0.07027335177142441,0.47043193431627656,0.7461555096309501,3.2151682761573115,-22.34823859572411,0.8545739700552075,2.434577,0.5387869962231471
site_270decc0b97d0896,280,0.11717346807813199,0.09749929474358048,0.06498853088015945,0.08253754216928766,0.08922049966293091,0.06498853088016146,1.0809687000363575,0.7162666961592669,3.844294054007965,27.299802528202534,1.4768927994083612,1.907484842857143,2.2288833168288558
site_284ff462bff5925c,321,0.049852941552423084,0.03682115911509018,0.03360830288560439,0.05150318722251192,0.05090870291020324,0.033608302885604686,0.9884573296456334,0.7846716932486046,0.7977863658388094,11.819592075943948,0.660418386667758,0.851477632398754,0.8319344262717867
site_28bd97dda8311cf0,96,0.15134009215962996,-0.12286107210007807,0.08836843586544187,0.1201631630903951,0.05693081399535678,0.08836843586544188,0.47377925589832764,0.7214838546263188,2.198767055508988,-11.794662921607495,0.47382349866038814,1.3861618333333334,0.31114728788869545
site_292d280e566004c1,45,0.12466441644730869,-0.09095051614734861,0.0852597228512906,0.1127679451871337,0.043678647097164,0.08525972285129066,0.38733211840191917,0.7466385905485698,0.6993547527666604,-4.092773226630688,0.16549229999898207,0.5722474257777777,0.0858520895507367
site_29971fce7657be9c,156,0.05952902032080984,0.02946894912612744,0.051723160167927704,0.06579308652922992,0.07041787029831854,0.05172316016792801,1.0702928531409446,0.7135882259759841,0.5528178646154409,4.597156063675881,0.5157454687816402,0.6752819166666667,0.7735535273467267
site_29fa7d91f9cd3f03,186,0.07728778264921936,0.023005743052113434,0.07378439627355574,0.09904484624120609,0.04745511623198838,0.07378439627355766,0.4791275672882554,0.7039864309352988,1.111052650510933,4.279068207693099,0.6154491215776532,1.824637971451613,0.41886977852602403
site_2a096aef4be52591,150,0.05585215933941879,0.040100061733722686,0.03887735525762337,0.036816370754809,0.05534169129646938,0.038877355257623585,1.5031816054068985,0.7133073400322252,0.46791955543137387,6.015009260058403,0.2180024399461349,0.20331677333333334,0.45940541933305723
site_2a66162bd2a4e4b1,187,0.07271942180334535,-0.016860552587929897,0.07073779805621963,0.0943881143546723,0.06155523963017094,0.07073779805622006,0.6521503268819555,0.6621529836179725,0.9888773754862046,-3.1529233339428906,0.7194196290587359,1.66600471657754,0.7085518873484924
site_2b657e21e1c1d622,416,0.1308465691932281,-0.10103873237680931,0.08313843412842062,0.10738545052849152,0.0636059420351436,0.08313843412842137,0.592314337949047,0.634326801682917,7.122263062569502,-42.032112668752674,1.802393136556332,4.7971601538461535,1.6830177986660675
site_2c61711a8eb15185,175,0.06737616124204271,-0.05399417142868042,0.04030107387457571,0.057723266627973176,0.029338597185593694,0.04030107387457573,0.5082629397029996,0.758347330817437,0.7944207431499042,-9.448980000019073,0.22474832096312727,0.5830957142857143,0.1506318248432421
site_2d0695836558269a,137,0.03370208216561336,0.01919882085158007,0.027699018397890716,0.037942959508294405,0.024153141892072065,0.027699018397890716,0.636564522247985,0.6851536983292634,0.1556087568947923,2.6302384566664694,0.08602276712204637,0.1972345401459854,0.07992227406642362
site_2e03a5b4a3fc6fe0,33,0.03206165306592947,0.00024375568989551443,0.03206072644971833,0.03025205045073522,0.023443745708295972,0.03206072644971875,0.7749473294867593,0.3080177800800097,0.03392233671156082,0.008043937766551976,0.007208942215618762,0.030201156363636357,0.01813710402356311
site_2e6f197ad6e426eb,271,0.058222927979904394,0.048959406255795944,0.031510091742695125,0.020637397606801333,0.03993865328037892,0.03151009174269524,1.9352562780113611,0.6236805802475948,0.9186654318318994,13.2679990953207,0.13930921992889136,0.11541949077490775,0.4322710230054372
site_2eadbc791936fa20,822,0.07443614836005207,-0.04499245428560424,0.05929940336999601,0.07744559044861371,0.06907293094600378,0.05929940336999615,0.8918897841166914,0.6778777312250042,4.554488430162698,-36.983797422766685,2.980765182070373,4.9302076125060825,3.9218193669454964
site_2eb90940ae2529bc,146,0.08278838677539994,0.07085762321704056,0.04281488312380558,0.05015914810742728,0.057116004292716384,0.04281488312380566,1.138695660667709,0.6885192284826133,1.0006718797914895,10.345212989687921,0.2879896623875997,0.36732726027397256,0.476286740169377
site_2ecbb3b2737ff9d4,59,0.06419449776187121,0.05974260579286996,0.02348945712392327,0.035437799735600774,0.040127702420121245,0.02348945712392327,1.1323418135299468,0.8137322625415084,0.2431350790310344,3.5248137417793277,0.06827230889143074,0.07409442135593222,0.09500371758955045
site_301436b06877aab0,44,0.06778596528270385,-0.007311170033433219,0.06739053258470482,0.07381237381987941,0.06920459766941929,0.067390532584705,0.937574475497777,0.5575455599284869,0.202177231929549,-0.32169148147106164,0.1253132976801558,0.23972372727272728,0.2107281588977925
site_3058377fafc959d8,52,0.04570494534283742,-0.039548324025135764,0.02291008720181188,0.044146887811060555,0.04867433945301471,0.022910087201812528,1.1025542652367863,0.8826392774495687,0.10862498549717131,-2.05651284930706,0.09862494015387045,0.10134528057692309,0.12319794870173983
site_313b58fce7205197,400,0.09376001844203481,-0.032506415196955206,0.08794472144076565,0.10657849208446872,0.05382811590836757,0.07379582305745028,0.505056084540079,0.7678875092546043,3.516376423300283,-13.002566078782081,1.762123507303461,4.543589989999664,1.1589864248978616
site_31563788a284dc59,162,0.11176549216401134,0.08975706717408734,0.06659725317886658,0.039447574210730765,0.06343553909821951,0.06659725317886664,1.6080973384914352,0.2287792928396248,2.0236270886635164,14.540644882202148,0.09274375266664558,0.25209,0.6518989545504414
site_319d460a95d287a7,55,0.04216760726536892,0.029075741125236854,0.030540274728702167,0.06179279157724702,0.046724959906585886,0.03054027472870227,0.7561555112488345,0.8777963477592942,0.09779589063675165,1.599165761888027,0.13939372118860485,0.21000919999999995,0.12007720330496324
site_323cc8255b0caa4e,56,0.0725715033043469,0.03183391055677619,0.06521675574969985,0.1129061094043025,0.11205373081374363,0.0652167557497,0.9924505538712116,0.8319376512926964,0.29493089314375864,1.7826989911794664,0.5894168811882181,0.7138762142857142,0.7031381609996195
site_32983262837b2abc,52,0.09134534005095737,-0.08314882207833804,0.037818573955265986,0.06613636844255384,0.0725952627547715,0.03781857395526642,1.0976602505447193,0.8553975082269877,0.433886499749302,-4.323738748073578,0.2135600185990333,0.227449,0.2740437530705844
site_32a7eff6ca5c3a9e,91,0.15823818590841723,0.1399271801356431,0.07388983515257094,0.06137889241232721,0.06838698408826195,0.07388983515257144,1.114177551931961,0.35550065035131584,2.2785784366424,12.733373392343522,0.13579203308480126,0.34283052747252757,0.4255869429346255
site_32aa1fd33af84607,47,0.07978915610440866,-0.05325116404117421,0.0594190454325349,0.06902556982214028,0.04105506881672049,0.059419045432535095,0.5947805852600421,0.5150988055228778,0.2992165432971236,-2.5028047099351878,0.06860648761052401,0.22393287659574465,0.0792193777506458
site_32d33ae0920bdcec,147,0.06866064076181158,0.052849871730317875,0.0438312063250772,0.04051448711343963,0.06673456456391112,0.04383120632507909,1.647177820048811,0.7718543872479419,0.6929996877039135,7.768931144356728,0.30677070773808524,0.24128927891156465,0.654664809807619
site_32e9d9454ab82a2b,29,0.1155429243748384,-0.10000257689377356,0.05787617806744436,0.06701844564800732,0.039577244788777825,0.05787617806744451,0.59054256490287,0.5105136539594527,0.38715485381959913,-2.9000747299194334,0.03926858642954251,0.13025268965517242,0.04542439084705441
site_33d9c76285abfbd1,64,0.08837604157899982,-0.07233255084790291,0.050777227307215664,0.039686363664834544,0.04348578382993271,0.05077722730721578,1.0957361626070259,0.2571844458945486,0.49986078241107873,-4.629283254265786,0.028406209383439268,0.10080047749999999,0.1210248572994328
site_33e57061030aaa1a,19,0.12055002076610091,-0.11587202497783462,0.033256297662900426,0.02755576868482595,0.029575567454878722,0.03325629766290043,1.073298581983126,0.3239679909912186,0.2761138426274399,-2.201568474578858,0.00501650581653965,0.014427087368421054,0.016619569615283547
site_345540dea6a21328,13,0.07168051742661949,-0.024170214102818412,0.06748257055545394,0.06610525943859373,0.020755129160633976,0.06748257055545409,0.31397092057272324,0.08993411464693896,0.0667952555211227,-0.3142127833366394,0.0016040919904525468,0.05680876923076922,0.0056000800241697846
site_3527ca4be8ad318d,825,0.09312716377986192,-0.08794580568999955,0.030630114188786018,0.05370875985208079,0.060802431755029494,0.030630114188786237,1.1320766281419525,0.8640560073431782,7.154951622787013,-72.55528969424962,2.3278871124941114,2.3798204800000002,3.049971958543141
site_360469521723c0bf,302,0.08266703119903948,-0.04994945159436062,0.06587025377729763,0.07636390903574251,0.038139228772454355,0.06587025377729773,0.4994404981887857,0.5059565518684984,2.063819090273416,-15.084734381496908,0.4450207133255652,1.7610968741721855,0.4392894329499983
site_3611ac9a5b4c6a7c,47,0.041855587247071294,-0.007357518485251895,0.04120384818844441,0.058791326737815466,0.03933401004766956,0.04120384818844451,0.6690444361475744,0.7147739004328072,0.08233883863846826,-0.34580336880683904,0.07768694250142956,0.16245174468085105,0.07271672428221798
site_365133aa4290174f,670,0.06744677076491806,-0.007708163629538976,0.06700485877961133,0.10243208140498707,0.06237640146950791,0.06700485877961136,0.6089537634492608,0.7742183454898681,3.047874814032322,-5.164469631791114,3.3143210464911004,7.029861971641791,2.6068463583911035
site_3669ed0d65622c4a,171,0.06601751420326109,-0.025682402809042684,0.06081715520748942,0.07838154474022148,0.04464130682605468,0.06081715520748942,0.5695384924347758,0.634140787396377,0.7452713830498003,-4.391690880346299,0.37943074262663723,1.0505669810526315,0.3407767130485905
site_367fad9034e246b1,37,0.067996711329263,-0.05456379894630329,0.040575172164052674,0.045173374479553524,0.030058215985121824,0.04057517216405277,0.6653967371582311,0.477889173662161,0.17107145180901953,-2.0188605610132218,0.024009032007810235,0.07550344918918918,0.033429364883704626
site_36915ea55aeee9ea,33,0.11583156952285316,-0.09940268473552936,0.05946476911160531,0.08376423031934177,0.04512540037331533,0.05946476911160552,0.538719214649019,0.7297411840901368,0.4427594324382097,-3.280288596272469,0.09102537302672864,0.23154272727272723,0.06719795804211626
site_3697f876563488cb,53,0.04426931790017163,0.007411501860168745,0.043644497333835464,0.039688321573839856,0.027569474097640632,0.043644497333835616,0.694649534280451,0.19667431470700641,0.10386794288936217,0.3928095985889435,0.01140551053191412,0.08348363207547167,0.04028402280708532
site_36bf0be122b5ada0,62,0.06290244167690671,-0.003329778010806728,0.06281424796425886,0.08161925258993903,0.03222463902061541,0.06281424796425887,0.3948166394332756,0.7137423050571826,0.2453164644728323,-0.20644623667001716,0.11638950018704898,0.41302554838709676,0.06438249632055609
site_36f59764e16c0acf,11,0.08301772019997808,0.0754759984612465,0.034573335440477325,0.075215719519326,0.09578084073025842,0.03457333544047765,1.2734152028639225,0.9463931700522922,0.07581136053922033,0.8302359830737115,0.07499832114678892,0.062231449090909094,0.10091366396094642
site_37100d9c494e6343,36,0.0401129883185627,-0.01806987219717767,0.03581244965961995,0.015852011400200882,0.029182254725485513,0.035812449659620035,1.8409181011007667,-0.19416589986718466,0.05792586594642532,-0.6505153990983962,-0.003233543297896782,0.009046305555555556,0.03065774367107238
site_3744ab32b5fabc06,14,0.2638420041660714,-0.23154477653758865,0.12648960281591273,0.08633790521868724,0.05520255832371006,0.12648960281591273,0.6393780134448044,-0.576791733043629,0.9745764442731691,-3.241626871526241,-0.03848644308245608,0.1043592742857143,0.042662514236756544
site_3754c55a59175277,6,0.15234320189519604,0.04226036202907563,0.14636431588625667,0.12887841815706252,0.03808244512246773,0.14636431588625667,0.2954912518871634,,0.1392507069820828,0.25356217217445376,-0.01008778101503849,0.09965787999999998,0.008701635759034598
site_37c98a51b9f80f45,156,0.09479369218061937,0.0637197323349806,0.07018290239362039,0.10616510744027001,0.059666600776349235,0.07018290239362064,0.5620170526358531,0.7818672482661496,1.4017916760485067,9.940278244256973,0.772628492814035,1.7582806858974358,0.5553761067198613
site_383a8c8b2965611f,677,0.09132162809527221,0.08260618505854728,0.03893402044541833,0.029614607542098832,0.035134505262832544,0.03893402044541923,1.1863910474885364,0.28621027958204465,5.645936116146509,55.92438728463651,0.20161076650551712,0.5937459113737076,0.8357114524633331
site_386cdfdcf9b17142,388,0.06638563444965935,0.0007586997579975211,0.06638129884207608,0.056645076186551756,0.059056156529253154,0.06638129884207608,1.0425646941450104,0.34225004956877864,1.7099363549781135,0.2943755061030382,0.44422458418001676,1.2449618865979382,1.3532002941149681
site_389215a205727fd3,94,0.13750353715880145,-0.12306854691403975,0.061329890686749856,0.04363320016491984,0.06311842094475152,0.06132989068675001,1.4465686840796375,0.3860549034896659,1.777278936731098,-11.568443409919736,0.09994247919447874,0.1789624787234043,0.3744898958805316
site_38bba0231f056806,585,0.07932404419802304,0.04610495802744841,0.06454949134747023,0.0522732394217771,0.04666066000053054,0.06454949134747033,0.8926299673919127,0.15232478058905305,3.680997832938999,26.971400446057324,0.21734853604846022,1.5985075623931624,1.2736720571357896
site_38d8c6108ca3a5d7,59,0.07199193035329399,-0.048956797088808936,0.05278323649416282,0.06676530857553956,0.03139368321183345,0.05278323649416287,0.47020951271892997,0.6338474184106,0.30578744412361836,-2.8884510282397273,0.07838444173980062,0.2629987793220339,0.05814823739069225
site_38eb3791b353069b,415,0.050190222263731044,-0.011669213496776947,0.04881483245130891,0.07905803546385205,0.06786762373536065,0.04881483245130899,0.8584532026019287,0.7896122872428712,1.04540924051633,-4.842723601162433,1.7582096370450526,2.5938217831325305,1.9114959558660627
site_38fe9bf25990ebba,147,0.08814535018911918,-0.04209173685746127,0.07744603571703775,0.09193691571855366,0.06591610180133829,0.07744603571703908,0.7169709934921806,0.5609985467907778,1.1421316057144804,-6.187485318046807,0.4997588767676354,1.2425022813605442,0.6387050740726057
site_395c4ccb7a4b9df2,171,0.03984761236924813,0.004488012320883791,0.03959406466804655,0.04738580500444651,0.0442259537283117,0.039594064668046665,0.9333165010948259,0.6283536850927621,0.27151930817160547,0.7674501068711282,0.22517789085474277,0.38396588222222217,0.33446488212356934
site_3987775e61ab1836,60,0.267606921040386,-0.2632939318537712,0.04785153746429763,0.05935917929576407,0.0407131913933923,0.04785153746429877,0.6858786101225229,0.5981926873712,4.2968078513229235,-15.797635911226273,0.08673919447213409,0.21141072999999996,0.09945383720609957
site_39ac65528c2f5495,202,0.09685564032209884,0.013036418781186096,0.09597430305850267,0.10876887988504753,0.050506792837624215,0.09597430305850273,0.46434966408592565,0.47059936101288335,1.8949650425651632,2.6333565937995913,0.5222243891691513,2.3897951847524754,0.5152890967940231
site_39e3332a33e328c0,156,0.12178139809447466,0.10070262914055433,0.06848130698245247,0.06342926238283068,0.04906428651538536,0.0684813069824525,0.7735276223023885,0.2796953338568874,2.313590591807807,15.709610145926476,0.1357891182701748,0.627630326923077,0.37553945695715674
site_3a1e52ef4ac63381,15,0.10331172203113029,-0.10076489396413167,0.02279798353878763,0.04083129301024997,0.026667517260011184,0.02279798353878768,0.6531146895915537,0.8534555359456095,0.16009967863556296,-1.511473409461975,0.013939521842002863,0.02500791733333332,0.010667347152194917
site_3a558feb29bc33aa,50,0.04117940849053445,-0.025018130905628197,0.0327083599347193,0.03371153511781984,0.026842775307979544,0.03270835993471932,0.7962489757338436,0.43494069322795553,0.08478718418151501,-1.2509065452814099,0.019679134415388107,0.05682338000000001,0.03602672931173381
site_3aab5eecf1e576ed,227,0.03336299957192137,0.020103760478780135,0.02662571229184045,0.04385816136397615,0.030012174422917558,0.026625712291840704,0.6843007889420716,0.8035305266989615,0.2526713710789778,4.563553628683091,0.24009113276365832,0.43664319823788544,0.20446584928529932
site_3b418123c1eb9bb6,39,0.06676413762220448,0.004727103881346871,0.06659658070300319,0.06864754334352098,0.036232113752029664,0.0665965807030032,0.5277991314375169,0.31966017212127407,0.17384055282502978,0.18435705137252797,0.03100786089782531,0.18378692307692304,0.051197876610660664
site_3ba67f452cc05c7e,156,0.06891124147390992,0.024295833427783773,0.06448621309648216,0.10190028489719828,0.07476655378166151,0.06448621309648234,0.733722715859818,0.7754067338774373,0.7408064354301815,3.7901500147342686,0.9215882478653239,1.6198522176923076,0.8720458600442291
site_3bce6f9707106717,37,0.04975431079631901,-0.019537379338934614,0.04575786545921123,0.08380881927612827,0.053892997243665204,0.04575786545921127,0.6430468500707759,0.8672898801787835,0.09159318338421811,-0.7228830355405808,0.1449399351461513,0.25988497297297297,0.10746484062051109
site_3c025b5f7926190d,54,0.038553663072425345,-0.010647151733990069,0.03705432628257443,0.026652600456824306,0.03000648399585675,0.037054326282574435,1.1258370095805676,0.14862572692168216,0.08026478656031306,-0.5749461936354637,0.006418631609529255,0.038359500000000005,0.04862101041685479
site_3c21ace69367fd43,31,0.129846684906711,-0.08872273728732141,0.09480737033325862,0.09189302924673624,0.0317186409779728,0.09480737033325891,0.34516917374447476,0.0792465867480786,0.5226650090191435,-2.7504048559069636,0.007160434871912005,0.2617741935483872,0.031188237750175596
site_3c2ff06ad9a9ceca,167,0.10664030809478361,-0.058529023060827204,0.08914319250562842,0.09585643659446089,0.06396831411662339,0.0891431925056285,0.6673345722964192,0.4349387563307577,1.8991499368619122,-9.774346851158143,0.4453800552641828,1.5344722249101794,0.6833548502241409
site_3c6c836e47ad4756,59,0.09109273775972071,-0.07014073911157705,0.058121971658254445,0.08421123629480415,0.041274877414113835,0.05812197165825446,0.4901350369637134,0.7792409024550813,0.4895753254811135,-4.138303607583046,0.15980103491499262,0.41840040677966106,0.10051331482745735
site_3cacfdfbb247178d,10,0.15085027860908376,-0.12122600873529912,0.0897778444971106,0.1508304548159953,0.06214417751234806,0.08977784449711072,0.4120134596700678,0.9896084121572329,0.2275580655643819,-1.2122600873529912,0.09275831768069417,0.227498261,0.038618987986862266
site_3d3d4af3226bd56f,68,0.052197612148912075,-0.025787494445110068,0.04538277034615308,0.07524260071221434,0.039242507453793485,0.04538277034615309,0.5215463990125363,0.8706968235420223,0.18527216855528122,-1.7535496222674847,0.1748221353028408,0.3849785294117647,0.10471825860575053
site_3d8d46208058ae66,97,0.11063718777832732,-0.03803831199518184,0.10389260868827033,0.11531296545543188,0.03693462157049211,0.10389260868827034,0.3202989483846657,0.45404263161332487,1.1873369699911953,-3.6897162635326386,0.18757724843241044,1.2898167602061856,0.13232412824387974
site_3e3dd959fc43e496,515,0.10091216578227845,-0.053719102100724156,0.08542554227139575,0.11206714309807403,0.05981096270610352,0.08542554227139652,0.5337064999842173,0.6593375083460712,5.244381579478075,-27.66533758187294,2.2760096815304847,6.467907949514563,1.8423358988129166
site_3e869a526b77cd87,53,0.08248110561274932,-0.06791113746436138,0.04681036414511343,0.07062519637074682,0.02927667363081691,0.04681036414511391,0.41453581915905857,0.8835622544521097,0.36056603750437993,-3.599290285611153,0.0968265424321845,0.2643596732075472,0.045427551800924615
site_3e8e42936f50143d,855,0.06672899065351155,0.03366926961272781,0.05761196470683738,0.06481996959788737,0.05136503110198193,0.0576119647068374,0.7924260289016862,0.5287397222820446,3.8071082555591502,28.787225518882277,1.5051661115971051,3.592392332163742,2.255803289191973
site_3ed9981ace9fa417,10,0.024413307136220964,0.0010653617119789128,0.02439005063033094,0.08781675751244748,0.06839865005050488,0.024390050630330985,0.7788792479705233,0.9818688134623766,0.005960095653274574,0.010653617119789127,0.058976418294906616,0.077117829,0.04678375328731432
site_3f0cc8bf9a017f1f,60,0.050405415457427105,-0.04759007671972116,0.016609951994117418,0.03820063990156303,0.03137506371134125,0.01660995199411755,0.8213229881015032,0.9043417082483618,0.1524423544461499,-2.8554046031832696,0.06503379019598166,0.08755733333333335,0.05906367737344337
site_3f80251a944e7c4c,134,0.05518668030570735,0.02232280255146881,0.050470408849270135,0.0655213452514508,0.04852573397752685,0.05047040884927173,0.740609549320149,0.64484483356456,0.4081063375440226,2.9912555418968205,0.2747356019377264,0.575268255597015,0.31553607897973235
site_3f885209ae19b689,226,0.049340502516391584,0.0006638292918163069,0.04933603672004239,0.06895107869377168,0.042165437801907894,0.0493360367200424,0.6115268767465517,0.7047874297207102,0.55019365261683,0.15002541995048535,0.463088789306647,1.0744607831858408,0.40181085677600326
site_3f8f25f0fa2a3f3b,64,0.07261529286730271,0.009356778275594117,0.07200993999793025,0.09807921611777565,0.04497990024529123,0.07200993999793034,0.4586078684731574,0.7318549194289936,0.33747076852506525,0.5988338096380235,0.20663336325914133,0.6156500885937499,0.1294842512688864
site_3fd206a570dca7d5,52,0.13244165642751468,-0.10870192297719992,0.07566164350794093,0.07763247886772603,0.06307194217683974,0.075661643507941,0.8124427185212616,0.4370721425518197,0.9121212025777199,-5.652499994814396,0.11128487153637869,0.3133936923076923,0.20685963427784798
site_3fe88af73a278f09,684,0.07570319033143709,0.023002405886064496,0.0721239374258681,0.0664606367230065,0.036039168657340505,0.0721239374258681,0.542263367225083,0.10729345043408187,3.919985550028729,15.733645626068116,0.1757796419745649,3.02123910380117,0.8883940274183684
site_402a00535323377d,283,0.06489153067314507,0.03951126388189228,0.05147592427105319,0.08187684503417353,0.052773261917006015,0.051475924271054456,0.6445443995183212,0.7913919769993388,1.191687743128355,11.181687678575514,0.9677275767370586,1.8971804240282686,0.7881598600611397
site_40392ec0ab51085a,129,0.05480580856894636,0.020378817844298455,0.050876128352744146,0.06886505128688039,0.037047304525436704,0.050876128352744306,0.5379696062535955,0.6911313172322632,0.38747428822358326,2.6288675019145007,0.22746038682412267,0.611768992248062,0.17705285766545714
site_4053c6fd726ad6c4,11,0.04686418556348473,-0.03610997861948881,0.029871748067844837,0.07855025132659395,0.10239067337835041,0.029871748067845115,1.3035053567509725,0.9798605535219662,0.024158770773816035,-0.39720976481437686,0.08668918855142864,0.06787156181818182,0.11532234994359236
site_40c02fde736492a1,19,0.0434855107899447,-0.022179647677823124,0.03740391527033008,0.05349600653022093,0.04553709674420594,0.03740391527033009,0.8512242258397579,0.7258457166912377,0.035928803324585534,-0.42141330587863934,0.033595771661714506,0.05437463157894736,0.03939891641793225
site_413c6e860ea2e615,245,0.07063785809431872,0.045975095263208664,0.05362832844394832,0.07791478369582597,0.06484801350770232,0.05362832844394836,0.8322940837629039,0.7322915939542778,1.2224782140575114,11.263898339486122,0.9064976434148848,1.4873248120000002,1.0302898896943098
site_4148b96858a0e60a,171,0.05054836564768938,0.02011923603809368,0.046371905405061545,0.05715134159019644,0.03506617277658069,0.04637190540506236,0.6135669225059072,0.5851962223424481,0.43692847311057814,3.4403893625140194,0.20054526952205343,0.5585331695906433,0.21026783691668843
site_420eb683366b57f6,91,0.06222908185651448,0.031843472073366345,0.053464492095385285,0.054566464924093096,0.04351256189550597,0.05346449209538533,0.7974231417783046,0.4237812422565725,0.35239373521213496,2.8977559586763375,0.09156375510122751,0.27095241758241767,0.1722942168866317
site_426aa82109fc7c47,28,0.08525712837699968,-0.06400757092237472,0.05631881394089699,0.07781547869472882,0.03277319760044493,0.05631881394089703,0.42116553351826863,0.775905046068828,0.20352578229458174,-1.7922119858264922,0.055405313624335185,0.16954696428571428,0.03007430946681866
site_42ce68186715eeba,627,0.06992223266369627,0.05948850403600142,0.03674556447021485,0.030375187740154182,0.04283031933784366,0.03674556447021512,1.4100429503263463,0.5406896600493836,3.065477375163898,37.29929203057289,0.44104803196301584,0.5785028229665072,1.1501915316227038
site_42d0b232cf256027,295,0.05254809098430622,-0.0247703621229883,0.0463436190471887,0.053491558290896656,0.039945817346194366,0.046343619047188825,0.7467686233585096,0.5403694762324641,0.8145840504980026,-7.307256826281549,0.34061940555431075,0.8440973084745764,0.47072215541937923
site_43b644a004cb99cb,16,0.08974195264284995,-0.027839707292616367,0.08531452843456949,0.11528887359585052,0.04026103984250637,0.08531452843456973,0.349218780501256,0.8223268721234478,0.12885788902642437,-0.44543531668186187,0.06107125553749502,0.21266438999999998,0.02593522126719816
site_444e34f5ad449f77,182,0.10474541810804538,0.09802663422285855,0.03691045377081048,0.04084400151610815,0.046561891118487596,0.036910453770811286,1.1399933745503465,0.6504086789447524,1.9968316758625222,17.840847428560256,0.22512131157975934,0.30361830769230774,0.39457776622444074
site_44541aad5ac7b92b,159,0.0677040026301958,-0.04822236862047662,0.047522995873370916,0.05785655638087453,0.05254404666959591,0.04752299587337092,0.908177913730193,0.6331908771907621,0.7288292835717798,-7.6673566106557836,0.3060609141812197,0.5322335974842768,0.43897941762625103
site_44bc4221af0e2690,281,0.041818888400852634,-0.01522048255790595,0.03895069110795658,0.06476098679389557,0.044345948413391165,0.03895069110795662,0.6847633213885995,0.8084217101372456,0.4914182590103138,-4.276955598771572,0.6523966059847818,1.1785099003558719,0.5526042425319653
site_4522c9f47db04b3c,148,0.04954021600565428,0.006255059371123442,0.04914374053885811,0.04319437506919969,0.06420727232100061,0.049143740538859594,1.486473000665877,0.6441965885756206,0.36322648427925897,0.9257487869262694,0.2644183260554599,0.27613159756756755,0.6101409251976635
site_454d64b6e8b743da,118,0.05495644778600002,-0.03971668501860004,0.03798415570193258,0.047926434974321724,0.06972883184905886,0.03798415570193266,1.4549138045927792,0.8552522820133646,0.35638491608413086,-4.686568832194805,0.3372591674836195,0.2710392939830509,0.5737289789420503
site_454f86a28db067ff,49,0.04418514801839252,0.009639406693225005,0.043120866688992524,0.06402550512196252,0.03615723436695161,0.04312086668899309,0.5647317314884983,0.7661391891688781,0.09566403796495554,0.4723309279680252,0.08690644309989043,0.200864,0.06405993425626666
site_457c8dbf463cd4ea,137,0.044491773747208974,0.015744950318858572,0.04161267199579365,0.07485257715168976,0.04976868252949088,0.04161267199579365,0.6648893655142157,0.8520376192201206,0.27119395657067824,2.1570581936836244,0.43485276834938646,0.7675984379562044,0.3393382812188114
site_460afd4b6202d4b4,50,0.1042974669627345,-0.032663797041893004,0.0990506838827916,0.08084658320547627,0.06260405684604205,0.09905068388279355,0.7743562481413743,0.06365922833356963,0.5438980807421346,-1.6331898520946502,0.016109999298334125,0.3268085007999999,0.19596339667912321
site_465014c5dd5de0e8,2,0.07276759543662029,-0.048435675573349005,0.05430569286346436,0.1062,0.051894307136535645,0.05430569286346436,0.4886469598543846,,0.010590245891255283,-0.09687135114669801,0.011022350835800172,0.02255688,0.005386038226362189
site_466206aef45119ae,1,0.034886142283678055,0.034886142283678055,0.0,0.0,0.0,0.0,,,0.00121704292343703,0.034886142283678055,0.0,0.0,0.0
site_4680c02330a5a24c,432,0.07013741136315951,0.03912869148370293,0.05820826380762658,0.08912249576590195,0.0629739397160464,0.05820826380762825,0.7065998228041105,0.7590640761854435,2.125118796217224,16.903594720959667,1.840392221631482,3.431297916666667,1.7131897800116265
site_4689968a649fae30,327,0.07932019733220096,-0.06066978304739757,0.05109668413704563,0.06762547780490988,0.030218652040767843,0.051096684137046086,0.4468530651708586,0.7035550752630944,2.057383841475911,-19.839019056499005,0.47014442162632675,1.495438116207951,0.2986055864896478
site_46c69a3772747cb8,125,0.06704188615842424,0.04636153567714691,0.04842749745068136,0.0555343636981644,0.0660798440318887,0.04842749745068145,1.1898910806116407,0.695613526914121,0.5618268124598894,5.795191959643364,0.3190868018314361,0.38550819391999996,0.5458182234098422
site_473ba30122663331,178,0.12620848150208683,0.0019094343493493723,0.1261940365608776,0.13794064349000282,0.04716453431288163,0.12619403656087774,0.34191905387406624,0.409411032485649,2.8352873829451415,0.33987931418418826,0.474118980827442,3.3869165605056177,0.39595980685727605
site_47749587de8e2aac,260,0.11039499071429688,-0.0741884807920456,0.08175037181920322,0.06501185550949402,0.048847935924370506,0.060970222971425084,0.7513696623723803,0.4558520505283588,3.1686340334505205,-19.289005005931855,0.376388234517548,1.0989007527647057,0.6203914194585658
site_479c9178cadeeacf,620,0.050451340583277215,0.03779317628029854,0.03342175329476469,0.01884253296101925,0.04110586386916952,0.03342175329476469,2.181546608102416,0.5988852625905225,1.5781094153228974,23.431769293785095,0.2875930448517203,0.22012545000000003,1.0476090675470315
site_47cb8752f353f72a,342,0.07533785806783082,-0.056368832163469135,0.04998347345648627,0.0783111843808055,0.07310653837987705,0.04998347345648628,0.9335389185838422,0.78417174242425,1.9411211575210285,-19.278140599906443,1.535385048754644,2.0973634269005847,1.827841556229845
site_4820638a678db67d,55,0.06257507042219126,0.04410578524416145,0.0443882771273915,0.024085275499104594,0.046580944600188204,0.044388277127393475,1.9340009044912074,0.3474264227610166,0.21536016910882075,2.4258181884288796,0.021438058107820422,0.03190552727272725,0.11933814199151915
site_48ab6dd953268db1,549,0.13262989467833194,-0.12060536317367154,0.05518183882521692,0.08093169791951896,0.053950890037358916,0.05518183882521723,0.6666224906217758,0.7346664640725129,9.657288240349597,-66.21234438234568,1.7610830036885696,3.595916910746812,1.5979734961669334
site_48bc99c681181b96,271,0.05395463927036423,-0.015514121065280537,0.051676059702409086,0.08908441765563256,0.053183695097468224,0.05167605970240911,0.5970033424145706,0.854200046681231,0.7889089397734801,-4.204326808691025,1.0967537677045018,2.1506650701107013,0.7665249699637462
site_48c050cdab5aaa88,41,0.08265828089941198,-0.04210613287658226,0.07112991617755286,0.07604714558858423,0.03216266877080916,0.07112991617755295,0.4229306507414426,0.35940872956649156,0.28012804745108993,-1.7263514479398727,0.036041883103731194,0.23710990243902438,0.04241192776089209
site_48c0bfa2a3485fb7,53,0.03128104577607277,0.018767773249914063,0.025025477259875983,0.02073045202482173,0.03148128909248141,0.025025477259876,1.518601188955605,0.6087363584440421,0.051860702716772275,0.9946919822454454,0.021055540337821223,0.02277683698113208,0.05252679283499262
site_48d263b97f32a2d9,49,0.10862974588176058,-0.0735620166725042,0.07993154191813202,0.09558676693190744,0.039723303565827206,0.07993154191813205,0.41557325183018956,0.5696199921039574,0.5782206628264581,-3.6045388169527057,0.10598012689905507,0.44770467061224495,0.07731910146296017
site_48ec25901538e693,155,0.055198247179796836,-0.03834643221901309,0.03970387421643616,0.06592912790525561,0.051279708672908215,0.03970387421643624,0.777800500358513,0.7986007038202636,0.47226120621690215,-5.94369699394703,0.4184892120101759,0.6737307354838709,0.4075893208446424
site_4915d0b8a484d43a,129,0.04864735519909142,-0.03505310856778492,0.033731954399377,0.028915219834970668,0.03234835431100068,0.03373195439937737,1.1187310522148584,0.3980613856181806,0.3052869066547871,-4.521851005244255,0.04803064850508128,0.10785560201550387,0.13498766743527468
site_496ac9a9ab00ede4,112,0.04897834020886958,0.008936088741357836,0.048156247025929536,0.04330095997280345,0.04463257569416653,0.048156247025929536,1.0307525681231882,0.40049391704928783,0.26867431467696623,1.0008419390320777,0.08668888592221108,0.20999699107142855,0.22311148306669654
site_496ee2f5b79c4b73,149,0.08480926313747288,0.07577121962076866,0.03809636978902791,0.03571618627308364,0.053421293540904004,0.03809636978902792,1.4957166236184416,0.7018187466398944,1.0716990559742463,11.28991172349453,0.19952196449091372,0.19007124832214767,0.4252213559339313
site_49a35425669a6415,148,0.04463084670792788,0.0029505939660845566,0.04453320640953065,0.05371007784067009,0.0503520082496278,0.04453320640953065,0.937477849110479,0.6354233204776594,0.29480304672425034,0.4366879069805144,0.25432991352475975,0.4269463243243244,0.37522806074604675
site_49b410d6df2872b8,187,0.06475733465019862,0.05284905306221968,0.03742312094714314,0.03234914902423262,0.027099296325969337,0.03742312094714483,0.8377128036867172,0.21693607429741193,0.7841868171165912,9.88277292263508,0.03556266165656202,0.1956894117647059,0.137327538074824
site_49b534f23930be14,386,0.07283927830990071,-0.027068139388462423,0.06762304558916243,0.09067607402182087,0.06083625326121066,0.06762304558916246,0.6709184745533935,0.666225588339263,2.047946339376968,-10.448301803946496,1.418612496510959,3.1737500544041453,1.4286051883927955
site_49f7a3a08cf1a503,75,0.18862369063050607,0.14519434354464214,0.12040556162284743,0.11224634495410332,0.044981886167067296,0.12040556162284786,0.4007425469885906,0.01238972794030881,2.6684172500304646,10.88957576584816,0.00469172883709271,0.9449431466666667,0.15175275623602502
site_4a00a5537486f4ab,125,0.1721249945587834,-0.16349535633087153,0.05381711818838456,0.03517553695396845,0.05398814382937282,0.05381711818838481,1.5348207448836673,0.3306253029639183,3.7033767189826525,-20.436919541358943,0.07848474150240421,0.15466480000000002,0.36433995926763085
site_4a15ec3df99b7e73,6,0.13608585289752123,0.12175081139405569,0.060795553157569605,0.07485908242973742,0.02952356836689169,0.060795553157569605,0.3943885953264582,,0.11111615615307474,0.7305048683643341,0.008338272082805633,0.03362329333333333,0.005229846534687166
site_4a51d234a3956647,115,0.04981392554836091,-0.018318426598673283,0.04632345437774112,0.058907450400313595,0.06802386265449831,0.04632345437774177,1.1547582214513257,0.7426134719018488,0.285364125531829,-2.1066190588474276,0.3422095927129621,0.39906008695652173,0.5321332774003756
site_4a5737c09be72760,38,0.040412813856472204,0.03665830637843985,0.01701070537227389,0.02185333826562433,0.028278509725581234,0.017010705372273907,1.2940132707351082,0.7992804510402698,0.06206142990431912,1.3930156423807143,0.018769689759396406,0.018147598947368424,0.030387616267392115
site_4a605b11c85f3580,1259,0.0802986791877607,0.05939210182631934,0.05404124461881893,0.07569196006336819,0.04820225092023494,0.054041244618819054,0.636821280356338,0.7033358294280039,8.11787825003733,74.77465619933605,3.230766289152258,7.213154478157267,2.925232355165608
site_4a71668c00a356e4,95,0.11886518233648712,-0.11224046217366267,0.039128125727268384,0.062479687770774894,0.06173364912493319,0.039128125727268676,0.988059501056107,0.8016056107517654,1.3422484993292012,-10.662843906497953,0.2937278682760346,0.3708525814736842,0.36204912625663466
site_4accdc2358f08145,95,0.035185659268328714,0.0024997186613710297,0.03509675233922535,0.05083074952184857,0.04120978997627339,0.03509675233922535,0.8107256014110159,0.7280742275212438,0.11761290872395802,0.23747327283024783,0.1448859184488262,0.24545768421052636,0.1613334450394135
site_4aee712beb09287c,127,0.06498400461656159,0.041806146987075875,0.049751049537676145,0.07957466134551537,0.06064201511650348,0.049751049537676374,0.7620769487562653,0.7806763973185744,0.5363109487126729,5.309380667358636,0.47843527601700375,0.8041800944881892,0.46703665766856006
site_4afa6fca34a02012,148,0.11404782642613755,-0.0920717602130529,0.06730302878620313,0.07794481317353588,0.050523200391282254,0.06730302878620321,0.6481919493321215,0.5203488709562496,1.925022193453907,-13.62662051153183,0.3032734596032548,0.8991582972972972,0.3777838791110941
site_4b307595d7b7b6da,381,0.03988865266599253,-0.0029214472072956756,0.039781525331781545,0.07705495459330633,0.04895170607579901,0.039781525331781975,0.6352830435650063,0.8949120926799276,0.6062108569846214,-1.1130713859796524,1.2860970844017865,2.2621745564304465,0.91297869006567
site_4b6df3933469a704,81,0.07136843726547763,0.03607909091858216,0.061577211987918865,0.07092734898485353,0.0575683896298667,0.061577211987919094,0.8116529160304634,0.5575388295441255,0.41256976085502967,2.922406364405155,0.18439873893680395,0.40748579555555553,0.26844367825066767
site_4b78a1e10bf476d7,14,0.06416370267960299,-0.032091364026069644,0.05556190328365986,0.08027062008592926,0.038023362514929555,0.05556190328366052,0.47368965723979395,0.7866601359035147,0.057637730381790875,-0.449279096364975,0.03361416414592947,0.09020721428571428,0.0202408653571845
site_4c8563a6e25ebea0,268,0.10305445069102583,-0.07656186037966563,0.06898189140951164,0.09575181774208437,0.05308068931669357,0.06898189140951165,0.5543569883933787,0.7110049932734573,2.8462189083373914,-20.51857858175039,0.9684808241332145,2.457134041044776,0.7551059669938729
site_4cacd33e9c8aef19,344,0.10129592669764415,-0.061253410538268646,0.08067765776821248,0.11485868936883369,0.05480047551349018,0.0806776577682132,0.4771121437535749,0.769482672025566,3.5297374793438663,-21.071173225164415,1.6661169024553413,4.538226372093023,1.0330636880775952
site_4ce2c6daabd8ff5f,337,0.06599375178274934,0.042410268216175565,0.05056228262445417,0.06970245018239757,0.03316136146225498,0.05056228262445426,0.47575603691804563,0.7358141411785919,1.4676940674603753,14.292260388851165,0.5731633707681113,1.6372914362017803,0.370590776288221
site_4d238af0af441869,859,0.044251917750328704,0.01250275932426225,0.04244894856014021,0.04702692445781507,0.057821958114309506,0.04244894856014025,1.2295500669234278,0.6900949931546438,1.682121480915815,10.739870259541272,1.611912310402071,1.899705664982538,2.871962423708575
site_4d43b32f897968be,48,0.09210801158153563,-0.053402761425822974,0.07504685782630034,0.1095045661148429,0.04080376147736431,0.07504685782630036,0.37262155291836296,0.8979196678772758,0.4072265182802065,-2.5633325484395026,0.19257998594641684,0.57558,0.07991745363367869
site_4d97122ac69c458e,260,0.08066599963941674,0.033949585974216455,0.07317396470060693,0.0693706956658196,0.041159258128339635,0.07317396470060712,0.5933234160807136,0.2017249455518029,1.6918209094348597,8.826892353296278,0.1497533487878167,1.2511962884615384,0.44046197771557605
site_4dd15b6db25eea2b,82,0.0460455294730591,0.026847036672801507,0.03740892148062552,0.05580522583253389,0.04758015096312782,0.037408921480625974,0.8526110279691597,0.749215693381952,0.17385564432525707,2.2014570071697235,0.16312533017157055,0.25536630487804884,0.18563740278527074
site_4deb698afc5ebdb4,26,0.0986483878084599,-0.07292509534267277,0.06643368788852824,0.06699584902799761,0.030435936869124366,0.06643368788852824,0.4542958602764355,0.24554074647030918,0.25301911484741585,-1.8960524789094921,0.013017616996971463,0.11669953846153847,0.024085002580634424
site_4ea6d277e84496c8,413,0.03731313392248225,-0.022115200172757987,0.030053084441300542,0.03454030199544042,0.020986607033887085,0.030053084441300556,0.6075976705894892,0.5037237057139438,0.5750074947673605,-9.133577671349048,0.15080328509893456,0.49272240677966106,0.18190075969025193
site_4f3ef6ee56ee38cd,157,0.07016287453323496,-0.016843442746408425,0.06811114005223323,0.09598347449620769,0.04803235182554883,0.06811114005223454,0.500423141354886,0.7462409024058775,0.7728841471543357,-2.6444205111861225,0.5401433337248245,1.4464138980891719,0.3622157710372487
site_4f44a81224b8cd25,260,0.14773959268242906,-0.12327373470916198,0.08142833399269078,0.10952095960005087,0.06688100593539201,0.08142833399269085,0.6106685531210497,0.671502248655829,5.675016683952212,-32.051171024382114,1.2788536760766918,3.1186585538461538,1.1629979282817846
site_4f633f2c887097a9,136,0.10649784706658588,-0.0959329633335857,0.04624562655921987,0.06934305196606838,0.04478602133197698,0.0462456265592199,0.6458616986441862,0.7527674979541644,1.5424836344552366,-13.046883013367655,0.3179400239066385,0.6539504044117648,0.2727871281177685
site_4f8f6e54cc9c215b,18,0.081617114533917,-0.0704634177452988,0.04118567887620688,0.041864861956856694,0.016829809673849283,0.041185678876206895,0.40200322865492866,0.24103021974211325,0.11990436092716544,-1.2683415194153784,0.0030568411424756058,0.031548,0.005098364885843837
site_4f9a1ac96b88317a,129,0.057533551462601924,-0.04206438896083094,0.039251709838576315,0.04478407758290468,0.04581069551395521,0.039251709838578445,1.0229237261647302,0.6247683566216269,0.42700413116308245,-5.4263061759471904,0.1653481173545931,0.2587241550387597,0.2707219572279288
site_4fa99e2fc956380a,143,0.07195521587322859,-0.05824233044485946,0.04225380498505104,0.060474649534694086,0.04655884847643949,0.04225380498505122,0.7698903397485396,0.7173395489554857,0.7403900920648987,-8.328653253614902,0.28882607840381924,0.5229772027972028,0.30998487111764345
site_4fab225734bfdafc,402,0.12210275558219377,-0.0849528019236688,0.08770464278521888,0.08476233312631581,0.06517725138827396,0.07983630521657939,0.7689412146211753,0.4578533883489589,5.99345133414751,-34.151026373314856,1.0168372085673072,2.8882305530406476,1.7077257876091647
site_4fc1c31a5e50a546,49,0.11804611446542354,-0.101884445015265,0.0596191664174812,0.06814158887892015,0.044916680153174494,0.05961916641748181,0.6591669036803108,0.5074566968326878,0.68280937187881,-4.992337805747985,0.07610531252196856,0.22752053061224486,0.0988578996431464
site_503f0d34679d2c3c,109,0.05982424627164944,-0.044467643775852446,0.040019608931058444,0.05314165488150662,0.060879490053319524,0.04001960893105845,1.1456077193882361,0.761733827006262,0.39010450817483483,-4.8469731715679165,0.2686184388067881,0.30781986770642206,0.40398804169759317
site_50560992666c8105,554,0.12501539381303942,0.12006408611538179,0.03483480896327007,0.05346890775514346,0.052286994199378344,0.03483480896327115,0.9778953113989611,0.7832287704230719,8.65838217438705,66.51550370792151,1.2130910143290765,1.5838439494765342,1.5145970883728266
site_50a31a0d244519cf,60,0.21196372559525525,-0.2086731602708499,0.037203939990233276,0.040734251217154134,0.04264715983891509,0.03720393999023384,1.0469606919141154,0.6026727394670307,2.6957172580932403,-12.520389616250993,0.06281778941253822,0.09955675333333337,0.1091268145395583
site_51e9108791d53546,293,0.049562002881866324,0.022084012613158177,0.044369905528003954,0.06933977302760085,0.054439375283554546,0.0443699055280055,0.7851103761456623,0.7686420181353902,0.7197228939910028,6.470615695655346,0.8501338140740482,1.4087452081911263,0.8683481553102612
site_524c0b4f56437dd1,10,0.07994054056357713,-0.03539607115983963,0.07167711051684833,0.14756248337568734,0.0798799792546862,0.07167711051684834,0.5413298653378951,0.9763861372216668,0.0639049002559692,-0.3539607115983963,0.11508944706842303,0.21774686499999998,0.06380811085729099
site_52a99c537fd71479,333,0.08323781450701352,0.01454974093997443,0.08195632252903752,0.08652864379607587,0.052152990085122086,0.08195632252903752,0.6027251531646824,0.38671754144198167,2.307201743380029,4.845063733011485,0.5811352446256457,2.4932396636636636,0.9057381468146745
site_52efe15d6a747228,616,0.036327623219721175,-0.012696499242575526,0.03403667310089669,0.046588341192413354,0.06296195784658527,0.03403667310089693,1.3514530939521467,0.8482252300518317,0.8129328646171196,-7.821043533426524,1.5326654589888422,1.3370116975974027,2.4419522116991113
site_53e750ed31ea8834,151,0.036431611601947356,0.007977662421220184,0.03554742221607913,0.03583957158577833,0.051454991207431536,0.035547422216080475,1.4357033003109232,0.7235062741760662,0.2004166109111869,1.2046270256042477,0.2014696197977524,0.19395570860927153,0.3997900341436853
site_545c918e740bed59,7,0.09693840066638454,-0.09282051201888494,0.027953641485655184,0.06309510799627198,0.04032513384818942,0.027953641485656478,0.6391166467386356,,0.06577937466629552,-0.6497435841321946,0.01688996050219451,0.027866948571428577,0.011382814939120744
site_5475cf38df836ff4,649,0.04025560383230948,-0.0022521959822424014,0.04019255221009759,0.06925576466485667,0.04450311381896455,0.040192552210097605,0.6425907508829707,0.8373270744700704,1.0517133522975985,-1.4616751924753184,1.67488949495143,3.112838249614792,1.28536211358983
site_54c3846d0762e78b,725,0.04459838178217599,0.037028964575118034,0.024857019935691827,0.024181784164419177,0.032668838367959384,0.024857019935691862,1.3509689006333938,0.6545267665187324,1.442036351751827,26.845999316960572,0.37487583903109717,0.4239500468965517,0.7737584252260951
site_54c3cc61243c3e27,143,0.10181774277332242,-0.06968326106604995,0.07423675552349508,0.10409122170627527,0.05857701590272315,0.0742367555234959,0.5627469342997611,0.7179470455007295,1.4824599423139866,-9.964706332445143,0.6259934650768038,1.5494024883916082,0.49067115126570693
site_54f5633d7a10a0e4,93,0.09586228985226403,-0.03349592374281217,0.08981982914888668,0.0946155407443864,0.07707833133411611,0.08981982914888681,0.8146476860746495,0.4679657002037697,0.8546308112619119,-3.115120908081532,0.31738891215201825,0.8325453511827957,0.552519431996416
site_551190f45891f632,40,0.11955305844013904,-0.10854005891084673,0.05011975053829803,0.06036803790086274,0.0561096041142247,0.05011975053829804,0.9294588008039735,0.6318736017897146,0.571717351295652,-4.341602356433869,0.08561196559667586,0.14577199999999998,0.12593150695420086
site_554a93a7d6df9a9f,46,0.02584095502109491,0.004110079977823342,0.02551200107749578,0.024483318652697546,0.014167769890139213,0.02551200107749586,0.5786703220716455,0.21520261860121484,0.030716727994503513,0.18906367897987375,0.0034338171294201964,0.027573913043478265,0.009233382368357024
site_557840f3689665d3,108,0.0669838854510784,-0.0028435936358239926,0.06692350024735329,0.08240330734702579,0.05737514075995579,0.06692350024735333,0.696272305167696,0.5925945286453698,0.4845788182933049,-0.3071081126689912,0.3025866754941642,0.7333529466666666,0.35552593194027193
site_572718242301a76e,118,0.04633733357670237,-0.03430623088893244,0.031148531348907063,0.049265718038592386,0.06950744075782463,0.031148531348907188,1.4108683182771407,0.9181587324485181,0.25336352099383347,-4.048135244894028,0.3710016930726373,0.2863990949152543,0.570091549842895
site_572a1b583bd03d5b,234,0.09787233803279308,0.08117883697992716,0.054671665226072315,0.05137071270857845,0.07342212287822661,0.05467166522607423,1.4292603510242086,0.6682271592513629,2.2414847251692436,18.995847853302955,0.5897697710042709,0.6175143290598291,1.261449101939225
site_57c9411d53d3b891,847,0.05538618340624538,0.019885978890253495,0.05169310549663895,0.0605363880011129,0.05375345361646951,0.051693105496638976,0.8879527733878227,0.5964756090995919,2.598282027526783,16.84342412004471,1.6439892627757962,3.1039621685714285,2.4473504080161543
site_5809bead57720978,62,0.06663938663740761,0.03523733642793471,0.05656092266639968,0.03910725932010139,0.05773673411712269,0.05656092266639969,1.4763687131469638,0.3684289570738506,0.2753300867874138,2.184714858531952,0.05157687698016243,0.09482141935483872,0.2066788889237018
site_583630b60a1838c6,202,0.03455011059131243,0.015685862051378383,0.03078414971340035,0.05820875358755118,0.054300955594354286,0.03078414971340035,0.9328658019223995,0.8525063813122413,0.2411294486581277,3.168544134378433,0.5443080788090235,0.6844283168316831,0.5956159432489273
site_58667ddb3903bbc2,535,0.09716923065877885,-0.08423240923758979,0.04844337540727485,0.05884529619790136,0.03568249996357668,0.04844337540727486,0.6063781180329797,0.5689372932675983,5.0513947719481465,-45.06433894211054,0.6391241255346443,1.852581353271028,0.6811838299530978
site_5896b54480755cab,20,0.09116547701342713,-0.032633344101905826,0.08512466770456327,0.10300508482594439,0.025185913560320506,0.08512466770456334,0.24451136177285887,0.7705746994848733,0.1662228839817142,-0.6526668820381165,0.03998168690055609,0.21220095000000003,0.012686604837358728
site_58e380359cb64c9c,342,0.057223347531530924,0.022411297586926244,0.05265211527739982,0.05435285699174179,0.05076041826093412,0.052652115277399894,0.9339052456551917,0.49993369408247496,1.1198829339283132,7.664663774728775,0.47172194782287236,1.0103477076023393,0.8812040612125412
site_591f3f72c730f39a,46,0.06729367724804107,0.05101923610853112,0.043880252329099874,0.07064923070792722,0.0429865250503453,0.04388025232910018,0.608450008862191,0.8089784886249658,0.2083081938879219,2.3468848609924313,0.11301460759438899,0.22960043478260866,0.08500070145158234
site_5977dd6efaf94985,77,0.07505401364324724,0.027152370721024357,0.06997037750497564,0.08623716657354782,0.04564430669205777,0.06997037750497564,0.5292881075021149,0.5874137476217463,0.4337490822249771,2.0907325455188754,0.17803931929798092,0.5726373651948052,0.16042201047169447
site_59c7d9e52ad4d8ab,85,0.055536199609563804,0.0007579540589276505,0.05553102711744012,0.08565764802024312,0.054860201838743655,0.05553102711744237,0.6404588861204638,0.7728108866611362,0.26216290470123177,0.0644260950088503,0.308685126090751,0.623664776470588,0.25581954839195387
site_59cc92ae49f9c2af,36,0.029750846546726033,-0.020809368542499016,0.02126224473354808,0.022148628137992246,0.01347682110047746,0.0212622447335481,0.6084720469598855,0.3686909093884338,0.03186406332888625,-0.7491372675299646,0.00396186091668076,0.017660222222222226,0.006538489451073881
site_59e0fe7c4ae0f849,113,0.08173233917542688,-0.025969907443607807,0.0774967042812626,0.09194447516960501,0.03694202657450298,0.07749670428126272,0.4017862574815727,0.561258840355067,0.7548598051808334,-2.934599541127682,0.21542097769611707,0.9552778761061946,0.1542126059997352
site_5a51afb7ef849491,62,0.08303107807671473,-0.042569527979820006,0.07128811411558604,0.0842079644066458,0.05201302075227678,0.07128811411558714,0.6176734127083572,0.5381776951025414,0.4274379154480528,-2.6393107347488405,0.14614455187705258,0.4396408387096774,0.16773196832216009
site_5b0bcc4b6a2f87e4,66,0.023069649487618436,-0.01684380437785929,0.015763723594442457,0.027514066900595928,0.024236850980005994,0.015763723594442516,0.8808894398479872,0.8217340554363396,0.03512577601378385,-1.111691088938713,0.03616647676209157,0.04996357590909092,0.038770046398183156
site_5ba32085b805fa13,239,0.08674518753025175,0.07032578280780107,0.050783972197225156,0.06628595533113985,0.08753128801157761,0.05078397219722518,1.3205103188798297,0.8166483266722576,1.798409886758392,16.807862091064454,1.1324468195483899,1.0501248619246861,1.8311526050508147
site_5bf25e0531f88e2f,60,0.02749274253784297,-0.006991391121546425,0.0265889327058775,0.025621066147909523,0.02442808738071528,0.0265889327058775,0.9534375829519653,0.43634937148546155,0.045351053535127216,-0.4194834672927855,0.01638597423593203,0.039386341833333324,0.03580388718479166
site_5c129902816da317,37,0.05098979390522933,-0.037682264753290125,0.03435121548883985,0.043345335566963954,0.0390919514222481,0.03435121548883995,0.901872160197149,0.6571417994570176,0.09619848605241718,-1.3942437958717346,0.041199366353250846,0.06951627027027028,0.05654268464197798
site_5c29c7471e58357f,54,0.05304803193387929,0.029068131685256963,0.04437496380152255,0.04978296172852363,0.04940996455551362,0.04437496380152277,0.9925075335002358,0.599760387390051,0.15196105937112536,1.569679111003876,0.07966486251326624,0.133830537037037,0.13183260825836407
site_5ca415a5fd8c11f3,149,0.08570220876829321,-0.07016873281514084,0.0492058687849477,0.08101702697285208,0.05803387017638857,0.04920586878494877,0.7163169563829476,0.7986920375977559,1.0943854195768528,-10.455141189455986,0.5595301062094685,0.9780000402684563,0.5018215830598385
site_5cc61f026daaaf5d,1,0.1666870641231537,-0.1666870641231537,0.0,0.0,0.0,0.0,,,0.027784577345996354,-0.1666870641231537,0.0,0.0,0.0
site_5cf31f5c04158e4a,244,0.09321534194054062,-0.015301647836067632,0.09195085397424474,0.09776181710480544,0.043357117717698575,0.09195085397424477,0.44349746150092145,0.35179107631360784,2.1201403934344265,-3.7336020720005023,0.36383486524688413,2.331998983606557,0.4586808762558747
site_5d503d0a92bc4d22,106,0.086820008403138,-0.056701957426206116,0.065746497117015,0.10222357348290118,0.0633865064141142,0.06574649711701501,0.6200771921235643,0.7828348824721343,0.798997669066821,-6.010407487177848,0.5376800332556777,1.1076638514150943,0.42589201471097327
site_5d637e79fa207678,82,0.06625202368004054,-0.032343357426364246,0.05782073911747498,0.05495999437371328,0.050396451441658364,0.057820739117475595,0.9169660953561231,0.40024089874326124,0.35992511261945354,-2.652155308961868,0.09090378252253299,0.24768928048780486,0.2082637900687372
site_5d79652f78de4312,15,0.059375185573194426,-0.009578627986907966,0.05859746195646786,0.15182887823687122,0.10443811273582097,0.05859746195646786,0.6878672486329315,0.9625465487041198,0.05288118992776914,-0.14367941980361948,0.2289424883306026,0.345780124,0.16360979087730076
site_5de3489054d45a0f,49,0.08684243397460323,-0.06846178767145897,0.05342838166612752,0.0662025214340932,0.035490952370361914,0.05342838166612758,0.5360966863731064,0.5932500866384699,0.3695388085930328,-3.3546275959014893,0.06830084463467403,0.21475591836734695,0.06172077730760961
site_5e24def8042ec3b4,11,0.07415040661178361,0.007751877681775528,0.07374409259798125,0.07891013824189748,0.041533062082396655,0.07374409259798126,0.5263336626667395,0.3834792155448563,0.060481110807621266,0.0852706544995308,0.013824876836077735,0.06849490909090908,0.01897494770534236
site_5ec485e1198852d4,13,0.037923440124313784,0.003980745871250447,0.03771393606043971,0.12134433620484346,0.09136854595749734,0.03771393606043971,0.752969185172817,0.9763781750068558,0.01869643504121136,0.05174969632625581,0.1407270679503679,0.1914178230769231,0.10852674547503494
site_5ed1da21a10b6003,106,0.08402042508116707,0.016088998631711277,0.08246560467157686,0.061833925136552746,0.047116676972879176,0.08246560467157711,0.7619874829040482,-0.12994405989266924,0.7482997740669207,1.7054338549613954,-0.040129501575737636,0.40528403556603776,0.23531801239046413
site_5edf4f1cdc32395a,114,0.05037485432647315,-7.93875570882858e-05,0.05037479177157133,0.05483182057204836,0.06284229573196344,0.050374791771572044,1.1460917233158325,0.6410873450480786,0.28928935811912654,-0.009050181508064581,0.251829592942538,0.34274425438596495,0.4502035711464447
site_5f27021d111ffc54,10,0.05212085140907393,-0.03392440200448036,0.039569155920302024,0.03347372103606052,0.02635624838024958,0.039569155920302086,0.7873713338250193,0.14135793331116078,0.027165831516067638,-0.3392440200448036,0.0012471186421811565,0.011204900000000004,0.006946518286814085
site_5f52ef3c28075a93,123,0.04691794340937638,0.020744234564827713,0.042082896122829415,0.05230450635861821,0.05641788050361746,0.04208289612282942,1.0786428250903755,0.7027949578111569,0.2707590898931496,2.5515408514738085,0.25508776151104184,0.3364986504065041,0.3915062005840164
site_6009b70703dc2497,93,0.06326012093984505,0.01721313421187862,0.06087323641739182,0.08207340859374809,0.05577933362477122,0.06087323641739243,0.6796273553212726,0.6707981097277383,0.37217138982311554,1.6008214817047117,0.2855949808839829,0.6264521290322581,0.2893540675449886
site_613f62e07f148531,126,0.06724638244018014,0.05066780013035214,0.04421368545192376,0.04559188861389942,0.06943576416346417,0.044213685451923834,1.522985036910613,0.781041121924111,0.5697815698626618,6.38414281642437,0.31154102727960026,0.2619061587301587,0.6074869934654912
site_617d5a69b08b72f8,37,0.11151519877452823,-0.07681073142064583,0.08084399233306054,0.07206473836561744,0.058905169234549574,0.08084399233306071,0.8173923970374618,0.25057733732501003,0.46011866363573406,-2.8419970625638955,0.03935679606529506,0.1921530810810811,0.12838330161438427
site_617d695493df2178,92,0.10072512762328155,0.09157276832409526,0.041952108840771385,0.06069567942568218,0.07798504780323694,0.04195210884077208,1.2848533625647018,0.8456636957451334,0.9333907227948247,8.424694685816764,0.3682600722989958,0.3389248260869565,0.5595134266403299
site_6198a28ec3f8f86a,57,0.02451811002695164,0.00035626793263251143,0.024515521459962553,0.016859985757086134,0.030484232278945214,0.024515521459963604,1.8080817337661688,0.5958949227799277,0.03426484999974128,0.020307272160053152,0.017457297229989056,0.0162027698245614,0.05296943980529106
site_621b9dc6415ad601,132,0.06516487033328396,-0.01869530507506746,0.06242552277477433,0.07593520439361019,0.03286765190536717,0.062425522774774346,0.43283813045392844,0.5908882707247144,0.56053276297309,-2.467780269908905,0.19466646634827958,0.761132495151515,0.14259729551395495
site_621eb1eb5435955b,195,0.05626036785908178,-0.009199683699546716,0.05550310632268699,0.11636337178523204,0.09278917819286989,0.05550310632268699,0.7974088131798703,0.8830790485500006,0.6172196533696443,-1.7939383214116096,1.8592929294682083,2.6403846871794867,1.6789171599930914
site_6277027d8a1380c0,524,0.0711569203027977,0.0529384348414099,0.04754818002321965,0.062282883298764025,0.03373710010521087,0.04754818002321999,0.5416753097858005,0.655925781168944,2.653173028856841,27.739739856898787,0.7222082536229366,2.0326785572519084,0.596412567918726
site_62a63d63c871f1e4,95,0.10263461687992725,0.0025148611979735544,0.10260380136839169,0.07877731837467375,0.07374967944265302,0.10260380136839184,0.9361791054106627,0.0961599945475471,1.0007171352984976,0.23891181380748766,0.05307370001533311,0.5895572595789474,0.5167064456999375
site_63012b87359e4210,129,0.08895294548577491,0.07141439640059952,0.05303405035760781,0.04944230652162411,0.06978441022949772,0.053034050357608574,1.4114311232421322,0.6523769260881108,1.0207288198667863,9.212457135677338,0.29036578317107853,0.3153458759689922,0.6282124445291685
site_6307ca95d0b03b26,71,0.03553359206859366,-0.01633790867865925,0.031554855494915726,0.04272980392679444,0.022810163809099875,0.03155485549491581,0.5338232735207188,0.69276037468453,0.08964716773610279,-1.1599915161848067,0.04794029380169133,0.1296343661971831,0.03694155368285584
site_63148af2428e7132,211,0.07001415279842148,0.05539638085952867,0.04281614858609722,0.05252273314395938,0.049496987250846246,0.042816148586097245,0.9423916899979313,0.6491796213806899,1.0343181159290298,11.68863636136055,0.3561011830599387,0.5820725118483412,0.516939818598102
site_633f81ba98074791,63,0.06420651613406415,0.011783032567728132,0.06311605863472226,0.06551589945487049,0.03438076398180938,0.06311605863472236,0.5247697775330395,0.3309083182408878,0.2597160329866519,0.7423310517668723,0.04695809440681385,0.27041698412698406,0.07446832671429149
site_6367b6400c1e48bd,400,0.06363077400572933,0.015674968559801578,0.061669852936564,0.07382420859675708,0.04979010853672562,0.061669852936564205,0.6744414804185626,0.5612374081261008,1.61955016022728,6.269987423920631,0.8251795843637921,2.1800055099750004,0.9916219632395669
site_638a0536fcb5886f,372,0.03803736485365957,-0.01549818047112034,0.03473683242748251,0.046977141211981564,0.028698000545493083,0.03473683242748251,0.6108928684271155,0.6764007981401651,0.5382248985038749,-5.765323135256766,0.3392229878676114,0.8209488682795698,0.3063699875349931
site_639be43d81e5bd5a,671,0.1883657787355519,-0.15582053199903445,0.1058377456590454,0.10708313036524551,0.030609466175899026,0.10583774565904541,0.28584769675199484,0.1833735164975973,23.808198287694754,-104.55557697135211,0.4033071743497394,7.69422065871833,0.6286863505338229
site_63bba9458fdad7de,128,0.13642482181181056,-0.08338175270538777,0.10797784644158182,0.09727780967856633,0.04873538219674909,0.10797784644158183,0.5009917714819516,0.01886725063104069,2.3823016968171853,-10.672864346289634,0.011449242339888581,1.2112604487499998,0.3040175971664907
site_63e7e96910147c52,10,0.028798146178277185,-0.008529021844863895,0.027506163121657937,0.038586252733324604,0.04041201700143162,0.027506163121660522,1.0473164440383769,0.7584710247872588,0.008293332233054208,-0.08529021844863896,0.011827205042243008,0.014888989000000004,0.016331311181239982
site_63fc50b0256f0fb6,2,0.06906640449205344,0.04135836362838746,0.05531413912773131,0.10999999999999999,0.05468586087226868,0.05531413912773131,0.4971441897478971,,0.009540336458919878,0.08271672725677492,0.012030889391899108,0.024199999999999996,0.0059810867586822525
site_6411ebbe96528026,629,0.1815948250758705,-0.1544325438308981,0.09553674633487226,0.11932053666975967,0.048986131048804483,0.09553674633487229,0.41054232922520384,0.6424033796163858,20.742332030937344,-97.1380700696349,2.3618200250984387,8.955318606359302,1.5093742110971768
site_651ac46c08004df7,214,0.07920473555863165,-0.023029692222247614,0.0757827382130081,0.10170371982012809,0.054472618276183465,0.0757827382130081,0.5356010416582899,0.683014132954016,1.3425054888713328,-4.92835413556099,0.8097641610976274,2.2135403778037386,0.6349949543586386
site_651b6ffa617fc102,117,0.10004020193365905,-0.04782712905142043,0.0878669888503416,0.09794072622190715,0.052356110119544316,0.08786698885034172,0.534569347596214,0.4497976213697408,1.1709409143424918,-5.59577409901619,0.26985701282075336,1.1223091447863247,0.3207159852214325
site_653b7646a624636a,25,0.05411296537607837,-0.020456958460807802,0.050097164314214834,0.08456618709626207,0.07979802626828307,0.05009716431421487,0.9436162254477505,0.8157297462193098,0.0732053255448164,-0.5114239615201951,0.1376179890498519,0.178786,0.15919312490783988
site_655489b2dd82c473,432,0.0874400568060959,0.0826268462676693,0.028610624077643303,0.02658597445743731,0.03756767359302869,0.02861062407764331,1.4130636307189899,0.6505862958571343,3.302969846797416,35.69479758763313,0.28070848661723236,0.3053436643518519,0.6096946028510932
site_655b8133c0a83295,77,0.08302947160565924,-0.02730743701117379,0.07841043960465817,0.08222761501634823,0.05809089814064346,0.07841043960466137,0.7064645877068674,0.4174174752661811,0.5308297729438529,-2.102672649860382,0.1535278390440848,0.5206263116883117,0.25984053840256927
site_657937702d0a4647,131,0.0929157864289676,-0.07891985287420622,0.04904080127839637,0.062484535001768836,0.03424864881078282,0.04904080127839727,0.5481140062867284,0.6243629122385924,1.130967981170471,-10.338500726521016,0.17503478996694544,0.5114655419847329,0.15365906284272796
site_6641dc35f7f7b1d6,5,0.05564857688882963,-0.05143217329978942,0.021248427222088966,0.028336548837146692,0.0315043355759169,0.021248427222088962,1.1117915507980818,,0.015483820548759918,-0.2571608664989471,0.003359968751668929,0.004014799999999998,0.0049626158003999166
site_667d683049a1748d,80,0.0776576700595886,0.03711866634190083,0.06821230334831513,0.09123269613329422,0.03410268819495073,0.06821230334831599,0.37379897383636984,0.77676704821189,0.4824570975267139,2.9694933073520664,0.1933391943115741,0.6658723874999999,0.09303946736976254
site_669ad6ba4bcd30e6,57,0.04229673234101119,0.028688909977151636,0.03107989721749464,0.05604167314564009,0.05012725257397717,0.031079897217495947,0.8944638830412391,0.8342989757387654,0.10197377330344708,1.6352678686976432,0.13359234120304647,0.1790181403508772,0.14322626268507216
site_66c5aa948cb00d80,6,0.06065050349676694,0.05653840672969818,0.02195204179293028,0.024451766580124407,0.03297376309609655,0.02195204179293084,1.3485227330322727,,0.022070901446468033,0.3392304403781891,0.0036097974081834155,0.003587333333333333,0.006523614316304993
site_66cab69faab895b3,471,0.09174066828343763,0.016065782093318406,0.09032298081231459,0.08392976881627574,0.04854047199065472,0.0903229808123146,0.5783463087681198,0.1524479037975535,3.964100952250209,7.56698336595297,0.2925245945006134,3.3178210700636943,1.109759565326577
site_67582d7e0a88b810,49,0.03492819904698395,-0.006165386384239002,0.03437974839056812,0.03787679230415345,0.05937136712312803,0.034379748390568156,1.5674866722179521,0.8399254420182463,0.05977897534462081,-0.3021039328277111,0.0925522664831001,0.07029791836734692,0.17272300246939315
site_6770b4e6f1f2e8bb,271,0.0776008730311525,-0.01573544568901133,0.0759887573537377,0.062007567659929944,0.051080166401680185,0.042846524203005325,0.8237731026932189,0.7290459196462116,1.6319336791984007,-4.26430578172207,0.6257792720153524,1.041978319164314,0.7070887012979243
site_68221dfdbb1b1ea4,128,0.12555848215089038,0.04958327743783593,0.11535350466525952,0.12578338095050492,0.04852841797349423,0.11535350466525986,0.3858094575513906,0.39891715237557185,2.0179113523245387,6.346659512042999,0.3116822550906799,2.0251467421875002,0.3014409409293002
site_68322e90dd9563bf,434,0.14263874685819347,0.1360572515119056,0.04282798636758282,0.05430036750745142,0.06075667701326171,0.042827986367583955,1.1188999228214123,0.7283278606284801,8.830082453689696,59.04884715616703,1.0428298034134411,1.2796619815668202,1.602056229935111
site_68a69fed5c9dc2db,169,0.10636549597931999,0.060384535763390666,0.08756327184137497,0.09944242756834856,0.04759968337129039,0.08756327184137531,0.4786657419296635,0.47399048001472593,1.9120015662026186,10.204986544013023,0.379168373143091,1.6712065917159762,0.3829083458409597
site_68bc9d9136a91d21,185,0.06095266669767451,-0.010945018210282202,0.0599619392109227,0.042326490573122995,0.04744910719373419,0.05996193921092363,1.1210262545098417,0.11141347138445487,0.6873171018481928,-2.0248283689022073,0.041395176700079764,0.33143338378378384,0.41651228809425844
site_68cc6a1e0541208f,9,0.09614612547884166,0.059992732466591724,0.07513287892650672,0.08518190267427629,0.01843056216209328,0.07513287892650718,0.21636711065928146,,0.0831966970013385,0.5399345921993255,0.008778117010659642,0.06530360888888889,0.0030571705944970606
site_68df3e54f8cc23c6,117,0.059981283478748336,0.05060370707970398,0.0322027824504263,0.05615548658312375,0.04802382403863841,0.032202782450426404,0.8551938013670577,0.8199913179580954,0.42093726102768225,5.920633728325365,0.25872836834122226,0.36895232478632484,0.2698356580094102
site_68e0a7cac180b7fb,385,0.10680408150048172,-0.08403762677505419,0.06591501430765404,0.0833265780137073,0.03942385229009509,0.06591501430765404,0.4731245807743339,0.6320700865839906,4.391738052687193,-32.35448630839586,0.7994081521748335,2.6731776623376624,0.5983824498156258
site_694aad5289524593,35,0.11444822214245857,-0.08357375129972185,0.07819094349898704,0.13300396188667096,0.07756357054238704,0.07819094349898724,0.5831673691681217,0.8526507663460978,0.458443844304934,-2.9250812954902647,0.30786590988252843,0.6191518857142857,0.21056376163493473
site_69670e737191984a,288,0.13822002519069762,-0.11842221983625656,0.0712808053600014,0.09884129238454399,0.05382113236221818,0.07128080536000163,0.5445207267507796,0.712943442509378,5.502175304750521,-34.10559931284189,1.0922921504968155,2.813645111111111,0.8342537151604059
site_697fb58ab8720f1f,11,0.11288597683379412,-0.014657174772566022,0.11193038458526958,0.08030020944159258,0.08896351227076908,0.11193038458526959,1.1078864288078585,0.12837859879059427,0.14017568142291892,-0.16122892249822623,0.010088205371797084,0.07092935999999998,0.0870595716710641
site_69dbfe52882f2d4a,41,0.02257192463732047,0.0182220142498249,0.013321035189205578,0.02210281421431991,0.015624429290608605,0.01332103518920558,0.7068977343385482,0.8038469423642962,0.02088916305514787,0.7471025842428208,0.011381747770927304,0.020029910243902438,0.010009034416946352
site_6a1c5e38a054464b,129,0.06197083361116427,-0.0319482464474301,0.053100788764357136,0.07102085268098324,0.03464783688900822,0.05310078876435714,0.4878544199496163,0.6958820697097153,0.4954095641816763,-4.121323791718483,0.22089575252497146,0.6506710355038761,0.15486096554026418
site_6a31951f1e7ac87b,178,0.03479402357449918,0.01557218953464808,0.03111480338359543,0.05379300759112447,0.04497101601255199,0.031114803383595433,0.8360011463640852,0.8159865632323091,0.21549108561749925,2.7718497371673583,0.3513674571997162,0.515076404494382,0.359985826053815
site_6a5dcbf93bf1dcc1,110,0.0597318160887345,0.01179588370323181,0.05855550342126889,0.09400310395789603,0.049522742379515455,0.05855550342126952,0.5268202888459586,0.8442369919565477,0.3924678838584242,1.297547207355499,0.4323186222073706,0.972024190909091,0.2697752214066642
site_6a951d61e5b0518b,6,0.02305326809235147,-0.01037553616364797,0.020586437745629124,0.057964376032947074,0.07146274289659398,0.02058643774563152,1.2328734955410268,,0.0031887190184269817,-0.06225321698188782,0.02412897327641646,0.020159213333333335,0.03064154173382816
site_6af774998b80a846,413,0.2447988743230996,0.23210177230661777,0.07781552648401013,0.06786904268052094,0.0357439461878169,0.07781552648401044,0.5266605329336074,-0.0353310101350541,24.749639903250824,95.85803196263313,-0.03539813057764392,1.9023634721549638,0.5276610615890283
site_6af9b829a3e0be45,70,0.12372788866957382,-0.06145012801034108,0.10738934864381638,0.14303219275137086,0.06367656116612325,0.10738934864381773,0.4451904144181761,0.7126003541212103,1.0716013304241319,-4.301508960723876,0.4543154141072716,1.4320745714285716,0.2838293109360124
site_6bb6d38be9a11acb,136,0.09110980926155328,0.0570909848600626,0.0710043434684437,0.08791988948726233,0.07064915831757329,0.07100434346844482,0.8035628653492427,0.6181788252646147,1.1289356387400202,7.764373940968514,0.522212374799337,1.0512673475735292,0.6788172856534886
site_6caf07a2afe1dffd,660,0.15115078759786033,-0.14601821515849142,0.039054339494888346,0.03945644272308343,0.03062765577302763,0.03905433949488839,0.7762396622518979,0.4011816958931415,15.078729990359303,-96.37202200460433,0.3199755032525821,1.0274951757575757,0.6191151767797081
site_6cb3e406456efe20,55,0.05517345685786737,-0.04734801659497348,0.0283244711542699,0.028467427580620118,0.030359224650557546,0.028324471154271065,1.0664547952069021,0.5379244042618,0.16742606879058233,-2.6041409127235413,0.025569535427472805,0.04457169381818181,0.05069253867606616
site_6cb8ba95bd0dee4d,341,0.07346693613080266,-0.04876979061384356,0.05494450134389514,0.0826569448695578,0.0684923871840325,0.054944501343895155,0.8286343911225051,0.7510971018495608,1.8405102302165761,-16.630498599320653,1.4500137393039343,2.3297701524926686,1.59970162183909
site_6ccc6476b82407ef,37,0.062628730916823,-0.03298784186066808,0.053236831476219305,0.08007879611082781,0.04335956228436534,0.05323683147621932,0.541461215580169,0.7860339281738407,0.14512724364131735,-1.220550148844719,0.10098234254484241,0.2372667027027027,0.06956191073519502
site_6ce971c90b49aeb0,57,0.09430624236790945,-0.08017788568944263,0.049650518586672895,0.0547489648069256,0.03342181075199123,0.0496505185866729,0.6104555742716702,0.4506732938077889,0.5069390389246282,-4.57013948429823,0.0470048386852208,0.17085460140350875,0.06366999373468923
site_6d0e46f32994dd93,485,0.04785184564650859,0.024048126237908588,0.041370119122657784,0.04810719996959778,0.05704725192768546,0.041370119122657874,1.1858360487356885,0.7027452260594313,1.1105525789119821,11.663341225385665,0.9353721846592488,1.1224368041237112,1.578378641962894
site_6d48a42f8098677d,204,0.045523739906562014,0.03331400353534549,0.031025603354766444,0.059571649550932755,0.06604157825190438,0.03102560335476666,1.1086075129653736,0.8829842484896918,0.4227718225963826,6.79605672121048,0.7086637093188132,0.7239514117647059,0.8897439718324913
site_6d6ecd1531a550b1,62,0.1041856640075663,-0.08092438305193378,0.06561933261136835,0.10573485972901592,0.05133156144140378,0.0656193326113684,0.48547434188648475,0.8759862592773727,0.6729884602512448,-5.017311749219894,0.2947756814365426,0.6931513548387097,0.1633656104007819
site_6d764ff710881490,548,0.04345885043642253,-0.030378017010262416,0.031078091379290813,0.04997190946629732,0.042207560575293596,0.031078091379290847,0.8446257312572724,0.7853295290047968,1.0349920813279279,-16.647153321623804,0.9077132668108239,1.3684610711678833,0.9762500370049587
site_6eaed325c7afd5f2,128,0.016896500836190653,0.007913619319722058,0.014928709581538292,0.016433540379043356,0.01578400025568418,0.014928709581538337,0.9604747298283034,0.5712112352524945,0.0365429427849461,1.0129432729244234,0.01896509079623502,0.034567839921874996,0.0318892370011441
site_6ec0b265c8640204,38,0.031089100840559197,-0.01478229611798337,0.027349879571119,0.027717310610505204,0.03206619659072916,0.027349879571119003,1.1569014411728558,0.5898332877920696,0.036728223260829425,-0.5617272524833681,0.019921012815676244,0.02919347368421053,0.039073156624221034
site_6ed688016a61001c,62,0.055710681783086656,-0.03230769177617566,0.04538604539758863,0.04897456784950518,0.03054101181310301,0.04538604539758889,0.6236096234060304,0.4249985474790998,0.1924281640136533,-2.0030768901228906,0.03941242603523837,0.14870751435483873,0.05783071095922204
site_6f1d891d977773b1,32,0.03862016830646024,-0.017454219236038626,0.03445094528281649,0.05133711156110655,0.039508733720489846,0.034450945282816496,0.7695940133574249,0.7419081123473777,0.047728556800618126,-0.558535015553236,0.04815314292407129,0.08433596874999999,0.04995008128629029
site_6f28bfb579cd23b2,141,0.07202220664097664,0.008253355945593921,0.07154774884698238,0.09158899281270898,0.07133911319202274,0.07154774884698266,0.7789048771166708,0.6396456222123853,0.7313949531704109,1.1637231883287429,0.5892906278831844,1.1827846482269504,0.7175869390144167
site_6f4dcb1e04a51328,266,0.060647209739650515,-0.02089407393950269,0.056934363291563685,0.04702640402698127,0.05196758008920063,0.055851407950538334,1.105072377198656,0.36678467311706037,0.9783703570885727,-5.557823667907716,0.23843339403519445,0.5882543917385621,0.7183674151671102
site_6fa03518f2e15749,74,0.06133062229994168,-0.028795161356394355,0.054150567071428866,0.10000801647926467,0.06485886763355807,0.05415056707142889,0.6485366865265815,0.8692017532016124,0.2783469471456596,-2.130841940373182,0.41721170979667765,0.7401186486486487,0.3112937805923481
site_70208b23c7d145de,47,0.17853900165147735,-0.16736621147520997,0.06216692341705123,0.047286902566868266,0.04310332725173709,0.062166923417051455,0.9115278208545127,0.05623075243340626,1.4981802302031928,-7.866211939334868,0.005386707773836365,0.10509440425531914,0.08732115054800604
site_7062702ffcf77fca,399,0.03366019241027668,-0.016998051691174805,0.02905296528413231,0.08608693131198943,0.0875855621112517,0.029052965284132308,1.0174083426650562,0.9441755972402113,0.4520704126856423,-6.782222624778747,2.840504070430994,2.956972937343359,3.0608210454472276
site_70a4655a50185729,555,0.03068920282285394,-0.014477782662924345,0.027059582019450957,0.058908875635183995,0.04866867334695901,0.027059582019451456,0.8261687703625273,0.8905902416445213,0.5227140792957577,-8.035169377923012,1.417102150131185,1.925991873873874,1.3145950697709141
site_70a6cc65be0123f1,70,0.057586688966373555,0.04392202198846,0.03724355958491463,0.06977799928110198,0.05788422884215026,0.037243559584914925,0.8295484169582243,0.8458025664428093,0.23213587222768947,3.0745415391922,0.23913646406190736,0.34082784285714285,0.23454087640552945
site_70dba7fc35b9a591,3,0.0811573504831553,-0.0711052041053772,0.039122442236884415,0.08112678691748833,0.042996230644533895,0.03912244223688473,0.5299880875137345,,0.01975954661233712,-0.21331561231613158,0.010349498877922693,0.019744666666666667,0.005546027548913868
site_70ecc850263e23bf,307,0.09792339271671321,-0.08129064038638571,0.05459691041371262,0.06720525191563823,0.05095951036743184,0.05089647206529943,0.7582667859262037,0.6603359412419838,2.9438201882335546,-24.956226598620415,0.6942753904821839,1.3865795867086295,0.7972396109447366
site_719e76f9794e1f46,104,0.1091570306009123,0.05159544039758353,0.0961933878173958,0.12703211367949516,0.06053185247983551,0.09619338781739585,0.47650826807903646,0.6858775000378751,1.2391867622792845,5.365925801348687,0.548500950958107,1.6782644222115386,0.3810669371226191
site_71caeba631cb8f76,161,0.0550465299380951,-0.005008687302192545,0.05481818593983619,0.07159939162224704,0.04478700346455003,0.05481818593983666,0.6255221231605271,0.6435410977359557,0.4878493937743215,-0.8063986556529997,0.3322488615471384,0.82536213378882,0.32294598437271227
site_71e9fd683ed1988c,57,0.09019712392039882,-0.07521043268944089,0.0497886731915891,0.09840002589914755,0.06330988924010662,0.0497886731915891,0.6433930139916262,0.8998671412229802,0.4637247063201715,-4.28699466329813,0.31953616303950544,0.5519062105263158,0.22846409830889036
site_72da2835c7ea074f,53,0.0479892755242581,0.026842751556972286,0.03977985990666407,0.02941610428270942,0.02336865526970399,0.03977985990666408,0.7944170664175922,-0.12440524543454295,0.12205743996318737,1.4226658325195312,-0.004532454368570503,0.045861281132075486,0.028942984603056
site_72f791e7a3b14404,210,0.0969672834449754,-0.010841309294416793,0.09635932789035524,0.09892015738002866,0.04712657402988702,0.08291456192553534,0.4764102209101578,0.5503584481997956,1.974557352326622,-2.2766749518275264,0.5387851283409653,2.0548914825788236,0.46639193575682864
site_734432da6e99253a,201,0.05776916963326005,0.035592694131889153,0.045502055827733305,0.05636410211409862,0.03504975988922478,0.04550205582773332,0.6218454401752568,0.5909652159150666,0.6707926689833914,7.15413152050972,0.23466353938250398,0.6385593134328358,0.24692561932675433
site_73483f87b1a225a5,300,0.07098471074171524,0.0015413311984141663,0.07096797487051308,0.10228068846724357,0.059350382480852795,0.07096797487051457,0.5802696811124844,0.7369659868129006,1.5116487477254945,0.46239935952424993,1.3421030515102297,3.1384017699999998,1.0567403701870555
site_734a8ec3d3587deb,510,0.09418893769240723,0.08992197207154012,0.028028466286782995,0.03817370726275138,0.03920637227971453,0.028028466286784025,1.0270517351080226,0.7379055978794495,4.524493551648328,45.86020575648546,0.5632380409377462,0.7431882823529411,0.7839412099411396
site_73fced68c3c0a0ff,515,0.06692373201045271,0.01793903282869209,0.06447462297197248,0.06600998664793696,0.07095103840722172,0.06447462297197311,1.0748530943603694,0.5588146447083863,2.30657474169655,9.238601906776427,1.3478557290935402,2.2440189436893205,2.592535673297472
site_741bd07218da164c,66,0.020999846350316438,-0.011752475929079634,0.017403242694202205,0.022582272244902273,0.009837064115412788,0.017403242694202473,0.4356100222657359,0.6839145017404616,0.029105574084635308,-0.7756634113192559,0.01002718179805035,0.033657295303030306,0.006386676807108971
site_74428aba30f813ae,171,0.036046730264003506,0.019249630800185845,0.030476523370987746,0.05189618521505716,0.06927221484443387,0.030476523370987902,1.334822869106287,0.9128096797573872,0.22219171642611624,3.2916868668317796,0.5611395192227299,0.4605396008187134,0.8205673971565319
site_7463527a899d9995,969,0.08121432111594291,0.03614979840469065,0.07272522278840896,0.087765574681036,0.08631237504796667,0.07272522278840969,0.9834422592417282,0.6510450075841991,6.391297209739463,35.029154654145245,4.778945283528483,7.4640094200206395,7.218881477741812
site_74ac127e792b6d34,11,0.10149282535452424,-0.09999028727249665,0.01739931175672053,0.020652008486959673,0.02209144679692002,0.017399311756720583,1.0696996764682356,0.6704926716590581,0.11330872958288354,-1.099893159997463,0.00336490784585476,0.004691559999999998,0.005368352237392626
site_74d6733a337aa5b5,241,0.05986881211255305,0.021009075884997102,0.056061514376857614,0.06300647379505633,0.060820301362515594,0.05606151437685809,0.9653024157541051,0.5905461260345902,0.8638101939681311,5.063187288284301,0.5453867841443643,0.9567255933609959,0.8914852829363592
site_754a56eb31e06ac7,75,0.06868846304655961,-0.03942084482034048,0.05625035065978897,0.11176147139729725,0.06638841015137868,0.05625035065978952,0.5940187554920127,0.9255096386686004,0.3538578716773939,-2.956563361525536,0.5150229578237734,0.9367969866666668,0.330556575182076
site_756658a5e0df9526,54,0.35914890652257203,-0.35655493989741366,0.04308725903455635,0.05108336622828042,0.02762961776283437,0.043087259034556895,0.5408730826266154,0.5371897677093921,6.965348601043396,-19.253966754460336,0.040942643179192606,0.14091355648148152,0.04122337199689796
site_75a0a6603ab1116e,378,0.05785838483698576,0.019645141351002236,0.05442114586485556,0.09667253597122769,0.086304208481233,0.054421145864857245,0.8927479517752531,0.8289539429122513,1.2653900390671131,7.425863430678845,2.6143112196374743,3.532628941798942,2.8155013997942655
site_75b87fcb8d56b55c,180,0.11899793571222796,-0.10658616250018278,0.052914068708200535,0.07387945143573038,0.06442310859802854,0.05291406870820068,0.8720030718429446,0.7152588261356261,2.548891566678877,-19.1855092500329,0.6127750438759476,0.9824712019999999,0.747060645858008
site_75f094d197034591,390,0.04272754210889309,-0.030125216772006115,0.03030039882752162,0.03546651326878781,0.038955576032503256,0.030300398827521658,1.0983762552939194,0.6721451543474496,0.7120007133202204,-11.748834541082385,0.36217277818066185,0.49057068974358975,0.5918393925694155
site_76b0c722c519421c,779,0.03509865694512139,-0.021295923502898186,0.027899809345406406,0.040418565595877066,0.03183724407265748,0.027899809345406423,0.787688617923271,0.7261611504876688,0.9596623453746768,-16.589524408757686,0.7279253298527297,1.2726214865211811,0.7896022758005898
site_7701ccd363543751,52,0.026717926132901366,-0.016808128481874098,0.020768591521333035,0.04547414572033303,0.04566540237505576,0.02076859152133325,1.0042058328241934,0.8961526486798246,0.037120073995845035,-0.8740226810574532,0.09676920524153572,0.10753069230769231,0.1084371066519389
site_772df34a4c6e4a0a,60,0.2201296542513058,-0.21358716162602107,0.05326902542134015,0.044547060602618135,0.02718773617143096,0.053269025421340425,0.6103149299559637,-0.04705321137255341,2.9074238808479658,-12.815229697561264,-0.003419263886362315,0.11906643649999998,0.04435037988764012
site_783ea304b6cb08b0,11,0.15444098457880043,-0.15373207768960434,0.01478059562083776,0.03451624841952958,0.03492454722206794,0.014780595620838007,1.0118291767278897,0.9094542698907881,0.262372194894362,-1.6910528545856478,0.012059461681951177,0.013105085454545456,0.013416963985330987
site_792ac7c0f3887a80,3,0.169572517782844,-0.04929163246949512,0.1622503428523501,0.15293900745068276,0.010481124776517086,0.16225034285235018,0.06853140314708048,,0.08626451636163883,-0.14787489740848536,-0.00423746966868639,0.07017102,0.000329561929742761
site_794f4adab7e8609a,986,0.07005683384721278,0.0015455521191593128,0.07003978324740119,0.08664961290865873,0.06556803643856834,0.07003978324740119,0.7567031662067155,0.6073940353848222,4.839248529134235,1.5239143894910825,3.4025635300674315,7.403041241379311,4.238979058775694
site_79798e714cfe0874,3,0.12440246608048555,-0.07338027650117875,0.10045550551123075,0.07258178528773977,0.07583312154931567,0.10045550551123078,1.0447954848270329,,0.04642792070071908,-0.22014082950353625,0.0013912039379278826,0.01580434666666667,0.017251986971739852
site_7a906ff08163d278,8,0.13357211928552787,0.1308167753279209,0.026990412061166313,0.04675608082110818,0.03391877784496306,0.02699041206116657,0.725440996107833,,0.1427320884034183,1.0465342026233673,0.010432528964057566,0.01748904875,0.009203867923967657
site_7c54957b5bc14b62,396,0.02718408969447622,0.017532291478881933,0.020774828230742417,0.022025910320260998,0.01712504186985047,0.02077482823074242,0.7774953053403489,0.45972856311263804,0.29263399407686197,6.9427874256372455,0.06866923069976495,0.19211572727272727,0.11613375538147613
site_7ce6c15ef40a9887,868,0.11883879560873094,-0.09591091737016555,0.07016947535037586,0.07566468504602744,0.06177354172908602,0.07016947535037596,0.8164118001880095,0.4939329362323768,12.258468308624877,-83.2506762773037,2.0039341314664254,4.969425480783411,3.3122623573314547
site_7d5d2b00a197b946,177,0.12784965078584257,-0.08529834520129835,0.09523510651005772,0.09956295488153498,0.03654541180202727,0.09523510651005772,0.3670583285270193,0.2993791632023861,2.893159377472955,-15.097807100629808,0.19280818829381535,1.754562411299435,0.23639538090901646
site_7dc3504cdb8699cf,179,0.0707670728294131,-0.06359197222087637,0.031048988162301592,0.043815180527190765,0.040104290130148934,0.031048988162301852,0.9153058288841481,0.7296034736028356,0.8964281688349787,-11.38296302753687,0.22948555966857925,0.3436388379888268,0.28789538154492583
site_7de361dfa684e7f9,3,0.024955495955008563,0.02105224887530009,0.013400731161129793,0.04027681991198192,0.03394910922975692,0.013400731161129793,0.8428944813405546,,0.0018683303350813464,0.06315674662590026,0.0038927769660949715,0.004866666666666669,0.003457626052481899
site_7df014884b3dac8e,148,0.15744882611700547,0.15074763421110202,0.045445391684733036,0.03602433790981813,0.054359612456163324,0.045445391684733834,1.5089690917358418,0.5585128267588704,3.6689396611522085,22.3106498632431,0.16187032045061522,0.19206743243243243,0.43733518502487145
site_7e8e5e3d7101de47,48,0.0372799551579273,0.02020689225047827,0.03132852633231624,0.059163375348596274,0.04078642112793103,0.03132852633231812,0.6893863118460286,0.8666084782732962,0.06671016271569938,0.969930828022957,0.10037665365381787,0.1680146391666667,0.07984954312439707
site_7f0acd7df3af84c3,388,0.11555858643927104,-0.06842494787513903,0.09312257195829046,0.09903529517662706,0.03701409989234637,0.09312257195829049,0.3737465499177099,0.3418471635843778,5.181269317138881,-26.548879775553942,0.48620665544643993,3.8055,0.5315769132461512
site_80ae082a98e7f1d4,133,0.06126664275647368,-0.020441749727815615,0.05775583418767942,0.08540269575418945,0.05201580518244557,0.0577558341876795,0.6090651439406574,0.7500104756260842,0.499229001448366,-2.7187527137994767,0.44312461520171254,0.9700515187969923,0.35985065050749143
site_81129771a744e168,1,0.034491916418075586,-0.034491916418075586,0.0,0.0,0.0,0.0,,,0.001189692298191512,-0.034491916418075586,0.0,0.0,0.0
site_8126bf120df6e8fa,258,0.05528466539107844,0.04394378567666046,0.03354605681458309,0.05492842855649593,0.044552041538061804,0.03354605681458311,0.8110925928317497,0.7920726777420143,0.7885497106701045,11.337496704578399,0.500091557600355,0.7784201240310078,0.5121001765439696
site_814a74a697656439,144,0.09626104354724496,0.08968162276471653,0.03497706452936933,0.03232151845992938,0.04970848476851301,0.03497706452937053,1.5379377930569422,0.7133519061840116,1.3343311446918613,12.914153678119181,0.16503976587206126,0.150434,0.3558144179493345
site_81c3c43b60e335cf,79,0.11473874145913014,-0.09574989153222194,0.06322133392449772,0.08524339088629278,0.04787375796140525,0.06322133392449772,0.5616125480656284,0.6813896540566198,1.0400333245383837,-7.564241431045533,0.21967511545393284,0.5740484194936708,0.18105983940642978
site_81d19e24593ab11d,26,0.05004838895624945,-0.016035072835592124,0.04741010099412664,0.05531043376109283,0.03664735227339955,0.04741010099412664,0.6625757525549999,0.531468940236653,0.06512587216501683,-0.4169118937253952,0.02800921285782869,0.07954034615384616,0.03491873914491672
site_827e793321bdd790,11,0.11354878633152755,-0.053405644857883454,0.1002056084991081,0.127330732236569,0.05916460350071185,0.10020560849910821,0.46465297467063466,0.6419617234338204,0.1418265956509919,-0.587462093436718,0.05319820937541398,0.1783442690909091,0.038504953381360896
site_82fc0f846e9a1ddb,251,0.15682504992362406,-0.14988608392448538,0.04613304812527891,0.06195967850119999,0.08900105743183068,0.04613304812527904,1.4364351072303736,0.8733314166518895,6.173118167170341,-37.62140706504583,1.2088074477556603,0.963589441752988,1.9882182442199896
site_83403fd7c9ad70f1,108,0.06452642219164846,-0.058030175496361865,0.02821627000006034,0.04540135475452196,0.03000103784470622,0.028216270000060863,0.6607960931324,0.7948046567519738,0.4496751893723252,-6.267258953607081,0.11692011919981214,0.222618565462963,0.09720672535002545
site_8350ab85e51c782b,81,0.08830072992760986,-0.06127008462452595,0.06358455501025484,0.06538657500920378,0.054800416955650265,0.06358455501025485,0.8380989055924184,0.45147965553403285,0.6315585313656442,-4.962876854586602,0.13103751729085675,0.34630773950617283,0.2432499415795628
site_84025ad53bb001c3,582,0.07602648814189755,0.016744836249711997,0.07415953989987006,0.09712693086174341,0.07161021284535639,0.0741595398998712,0.737284831405729,0.6514493790349596,3.363975655328632,9.745494697332381,2.637049543947596,5.490378886597938,2.984509143746717
site_841029a3fc0d0421,80,0.09089642652359721,-0.05636793180927635,0.07130790011144962,0.06869845226604454,0.06874563267502917,0.07130790011145001,1.0006867754283884,0.4616644711601113,0.6609728283807765,-4.509434544742108,0.17442490949342027,0.37755818750000003,0.3780769609512031
site_84dbfb194c437ec0,301,0.050283618172253935,0.012936771400545126,0.04859096831946307,0.06362632770447298,0.04958450932362644,0.04859096831946309,0.7793080492391927,0.6570536161985988,0.7610611192044009,3.893968191564083,0.6239505664397067,1.2185411827242527,0.740045693024304
site_863f22c1c90857e1,146,0.0634779111853187,-0.05190647202587292,0.03653988738732623,0.040772729973309975,0.030976514855244663,0.03653988738732632,0.7597360999747144,0.5094218492369484,0.5882990004338765,-7.578344915777446,0.09393615265958624,0.24271266438356165,0.14009349299627022
site_86b7f22d3a648755,251,0.07266476290168203,-0.015598892037896994,0.07097071462756803,0.10012945980962007,0.05770590007888629,0.07097071462756806,0.5763129071963906,0.7198814501017076,1.3253221096569738,-3.9153219015121454,1.0440391800120947,2.516503089163346,0.8358226968825166
site_86deda94196a1d6c,8,0.02491669160195903,-0.00911564612239599,0.02318936213349523,0.06693551817794496,0.0629253666042861,0.02318936213349525,0.9400893324976128,,0.004966732163097084,-0.07292516897916793,0.03160887535950169,0.03584290875,0.031676814098270445
site_86f357dc9d6e4680,58,0.14499028815777965,0.10206082292322453,0.10298432931427082,0.10935828825954741,0.04024692307479963,0.1029843293142713,0.36802810025042537,0.33777004064702704,1.2192866522844066,5.919527729547023,0.08622506036836781,0.6936356422413793,0.09394925938535265
site_87666ca1581a674d,87,0.1260933564125745,-0.11713062927914762,0.04668993698924239,0.06475606432062356,0.05348084788308065,0.046689936989242516,0.8258816906827987,0.7036246474415326,1.3832595042308031,-10.190364747285843,0.21200154521307724,0.36482126436781603,0.24883749485550943
site_87ec218e6b6d4b81,397,0.06402866868965124,-0.04979511879253148,0.040250671529886345,0.03664557177826156,0.04563970662847166,0.040250671529887296,1.2454357897492403,0.5398420312431255,1.6275691544251427,-19.768662160634996,0.35844419240613734,0.5331304785894209,0.8269441799897851
site_88607d4559554ef6,42,0.06855437222109118,-0.06245637353758016,0.028264878474215507,0.035382426425744774,0.01023506157947244,0.028264878474215546,0.2892696350532155,0.7700988670224997,0.1973874819263725,-2.623167688578367,0.011713153833079904,0.05258047619047618,0.004399772392494901
site_88b325bed90e5cd8,187,0.05074407057081378,0.016806543354682103,0.04788006681869732,0.09319952033418968,0.06486614306670534,0.04788006681869815,0.6959922415277667,0.876790823531818,0.48151765054390144,3.1428236073255533,0.991218399827015,1.6243101604278074,0.7868242885575034
site_88edadfb8f5755a7,34,0.07171312716550991,0.0033339358498068405,0.07163558808026893,0.039224853095276485,0.07619763575663112,0.07163558808026893,1.9425856247708153,0.37021227705451204,0.17485426866712425,0.11335381889343257,0.037621192365884785,0.052312029411764716,0.19740670962660778
site_8905c26daaab430e,211,0.08346365435696079,-0.06790037713231634,0.04853576396748517,0.06516121103503932,0.050486207128736034,0.048535763967485566,0.7747892699782383,0.6746911481335163,1.4698643173084442,-14.326979574918747,0.4683271758135108,0.8959025023696682,0.5378088502618295
site_8922fa4ef2bfa4f1,176,0.08670619495486692,0.053510408838364214,0.06822463183852663,0.06597570693034428,0.05105538818150681,0.0682246318385269,0.7738513243277558,0.34212618597606714,1.3231617068650445,9.417831955552101,0.20282646364820278,0.7660917272727273,0.4587708685761248
site_899e1b3be68444b6,2,0.14645344694829648,0.14544419922828672,0.01716382923126221,0.025599999999999998,0.04276382923126221,0.01716382923126221,1.6704620793461802,,0.04289722424607499,0.29088839845657344,0.002189508056640625,0.0013107199999999996,0.003657490181041112
site_89b67bc04797f8a3,780,0.04553916667173009,0.030644685954237597,0.033685589261904944,0.03002518173902597,0.04055004667133521,0.033685589261905124,1.3505345953869545,0.5794960156556231,1.6175762469013777,23.902855044305326,0.5503285708390177,0.703179,1.2825589023370219
site_8a227a0556c22f70,136,0.049948065774444314,-0.030033709150026826,0.03990971798071004,0.06560314944766311,0.05866182655661271,0.03990971798071013,0.8941922308686102,0.7993187564633679,0.33929406134671725,-4.0845844444036485,0.41834943157152876,0.5853131575735293,0.4680045457143033
site_8adbe57839dd7587,31,0.05424376165570497,-0.051210712667434446,0.01788431118758557,0.012507229959055654,0.014106770171909847,0.01788431118758557,1.1278892463071786,0.10083841884962405,0.09121395603538879,-1.587532092690468,0.0005515392787994871,0.004849354838709678,0.006169029905175646
site_8b5408c589cc3993,120,0.14094759303293655,-0.11502077845811844,0.08146437567837088,0.08819829703571379,0.03315603251029652,0.0814643756783709,0.37592599431790363,0.3833076789565222,2.383946877813397,-13.802493414974212,0.1345090552294254,0.933472752,0.13191869901886077
site_8b64753d75204fe6,178,0.12641978632928275,-0.04308506486489532,0.11885133386348372,0.11118993593674281,0.06317957917927287,0.11885133386348375,0.5682131089203653,0.15866495830334745,2.8447893028463884,-7.669141545951367,0.19840071508043516,2.2006499299438205,0.7105153420980619
site_8b8c1728607fc339,11,0.09093358155133359,0.0850404570687901,0.03220305754558572,0.07558856116180805,0.09746467051555763,0.03220305754558618,1.2894103157608816,0.9620974265827764,0.0909580787912834,0.935445027756691,0.07796775614063849,0.06284993636363635,0.10449298198576829
site_8bf3ec991527937e,292,0.02569607576220188,-0.0073721208187815255,0.0246158514825327,0.04562141821773009,0.04880991855470102,0.02461364640278583,1.0698904256275787,0.8662495468629606,0.19280418639643115,-2.1526592790842054,0.5632519925997426,0.6077436296575343,0.6956631796004317
site_8c584caec5491a2c,154,0.04781188739625278,0.012272804124014713,0.04620989997095344,0.08113238142631385,0.07116970468448568,0.0462098999709535,0.8772046799726139,0.8236888795769413,0.3520403927643611,1.890011835098266,0.7324421200601312,1.0136993506493508,0.780029537191043
site_8cafedb38b43a4db,149,0.06753873681618039,-0.021135939944110466,0.06414634060805212,0.10546118493910432,0.07875752173072612,0.06414634060805212,0.74679154967017,0.7952248927937792,0.6796606646380667,-3.1492550516724593,0.9841491529668538,1.6571871677852348,0.9242093371457036
site_8cc96a31a772bfea,373,0.07924947190774224,-0.056666322033143236,0.05540222689470281,0.09165065045932753,0.060323221780421134,0.05540222689470286,0.6581865101676633,0.8111659961173996,2.3426185915256976,-21.136538118362427,1.6727793121847245,3.1331409651474527,1.3573063750667633
site_8ce1daba0ed42d33,7,0.06899786307738379,0.05945868284702301,0.03500528736266183,0.08287262170687873,0.05814280102607611,0.03500528736266183,0.7015923935859995,,0.0333249357647178,0.4162107799291611,0.03158080308735371,0.0480751,0.023664097178105137
site_8cee030029879195,657,0.12645091456372806,0.11282424491444318,0.05710099433012526,0.06407762573347169,0.05895265770342243,0.05710099433012529,0.9200193831874116,0.5719101808111251,10.505320802660137,74.12552890878916,1.4193941058027622,2.6976039726027397,2.2833482136450582
site_8e38800fbe0e21e5,171,0.04075380414162308,-0.017088688527352628,0.036997963138920245,0.041607609617375106,0.07034262925286329,0.036997963138920245,1.6906193338126447,0.9072109423409612,0.28400920639435545,-2.9221657381772994,0.45404171300306917,0.2960340334502924,0.846122618825188
site_8e3ea373de88dc00,149,0.04847159827061948,-0.03054838861475055,0.03763365238653433,0.055335226554785746,0.052395891494655074,0.03763365238653492,0.9468813043130758,0.7572459910184655,0.35007487999733994,-4.551709903597832,0.3271313588821748,0.4562361073825504,0.40905408738243054
site_8e6ad22dcccafcc7,320,0.07203290966830142,0.026764004457741974,0.066876215059374,0.07619476867500484,0.03780076109096206,0.06687621505937497,0.49610703921412824,0.479496693810202,1.6603968240901352,8.564481426477432,0.44193794749211524,1.8578056875,0.4572472124979172
site_8e827922ba5b5da3,25,0.04767578279963709,-0.042669071078777314,0.021268066175193775,0.011159222912013187,0.026918576446407664,0.02126806617519394,2.412226788428891,0.6604861234268918,0.0568245066389543,-1.0667267769694329,0.00496009218835831,0.0031132064000000017,0.018115243947527337
site_8ea1310ade5fc61a,6,0.050298011948165244,-0.046180330743392305,0.019931559356173537,0.08628036502524135,0.08107806767391597,0.01993155935617667,0.9397047364159453,,0.015179340035626642,-0.2770819844603538,0.04086206216476858,0.044665808333333334,0.03944191834641658
site_8eb987af49bead43,440,0.043471791753321457,-0.0069100658351724815,0.04291908280005212,0.06812741162612912,0.05429613969009221,0.042919082800052535,0.7969793420020063,0.7768695814912749,0.8315105384274248,-3.0404289674758918,1.2644208129793406,2.0421914545454545,1.2971511455082432
site_8fa7ffd1566cb92a,51,0.056424231477587364,-0.011883920912181628,0.05515855619565629,0.06789407466676178,0.03582788112122297,0.055158556195656856,0.5277026205463974,0.5859763903709824,0.1623683887896544,-0.6060799665212631,0.07269479103202328,0.23508987411764704,0.06546549034746074
site_8fd20385af85644b,310,0.07836182560448973,0.06921518320114382,0.03674008881998738,0.04176149128091864,0.042659144840885746,0.03674008881998893,1.021494767845545,0.6213805369672905,1.9035784707412235,21.456706792354584,0.3431685532394917,0.5406468677419355,0.5641388179522573
site_901a320e9c405a2e,98,0.0428461420642452,-0.01917899617005368,0.03831393996574286,0.045669371385158516,0.04434514995408973,0.03831393996574342,0.9710041677626611,0.6380126691000044,0.17990760519936924,-1.8795416246652605,0.12662706476191476,0.20439776530612244,0.19271624779616903
site_90c4f5b431597729,821,0.07163052403497494,-0.020018612849073494,0.06877635577088997,0.11173785338653891,0.06650605632952342,0.06877635577089006,0.595197189796161,0.8193928460413767,4.212495150264125,-16.435281149089338,4.999157789020886,10.250470609013398,3.6313285889032136
site_912580bb93bae080,334,0.05124322639383811,0.0427114128577495,0.02831260254630466,0.04433524401755523,0.04962082517841581,0.028312602546304785,1.1192184971118615,0.8241629116610993,0.8770399959175491,14.265611894488334,0.6055815273198538,0.6565150299401197,0.8223835813232261
site_912957a44bff743f,166,0.04081159961719906,0.021845728792052675,0.034472464328194515,0.042314771496204724,0.036470918218608366,0.03447246432819453,0.8618956673765684,0.626050942577268,0.27648738611021734,3.6263909794807443,0.16038230814694102,0.29722962120481927,0.22080122736759766
site_916f2628195f7cd3,128,0.021825570062443005,0.005467253081128001,0.02112971018015876,0.0258360213537156,0.01297354207795944,0.021129710180158794,0.5021493789752444,0.5807963927642559,0.06097350509447787,0.6998083943843841,0.024918281033006494,0.085439999921875,0.02154403763821877
site_917287f92c952f20,38,0.04501455230861279,-0.021460137367562238,0.03956984235134372,0.07256406401536915,0.0441550261429367,0.03956984235134372,0.6084971499609588,0.8816037991608019,0.07699977694270378,-0.815485219967365,0.10733930863159659,0.2000906486842105,0.07408732067997009
site_91e14ae535f79ace,96,0.061445240064605715,-0.03264451610234876,0.05205624933704425,0.07714961114613605,0.045976076300557764,0.05205624933704426,0.5959339991159556,0.7549977474080087,0.36244968255331467,-3.133873545825481,0.257088431853801,0.5713980000000001,0.20292476083149208
site_91ea89ee8d5d5b53,178,0.09623021113896661,-0.0847225530750296,0.045632691530293104,0.06795773599882206,0.05959225377937493,0.0456326915302939,0.8769016934349884,0.7515452888512616,1.6483251293813166,-15.08061444735527,0.5417561770099937,0.822049191011236,0.6321201344699658
site_91ee6299c921b981,293,0.10579809936074092,-0.07981038787788093,0.06945170851121955,0.0884706502014643,0.032981196460212234,0.06945170851121955,0.372792518028384,0.7010727693566332,3.2796186837051455,-23.38444364821911,0.5993718537018211,2.2933273924914674,0.318713480744505
site_92ac3b6c2c87c639,732,0.07785021226880105,0.05659183848930186,0.053460446749893094,0.040459181415225275,0.04779623649553176,0.053460446749893135,1.1813446249692403,0.27495296438966627,4.436399862817685,41.425225774168965,0.38920667550572363,1.1982440040983606,1.6722395233361393
site_92b0fa719fa97ab5,94,0.08081947216860372,0.06589944696680029,0.04678728428837892,0.04882004723699809,0.0668165307907788,0.04678728428837916,1.3686289664247222,0.7141041619319665,0.6139879856715008,6.194548014879227,0.2189634039186417,0.22403931914893616,0.4196581859700187
site_92d25300e45f668d,35,0.03617790634688874,0.009089673571927205,0.0350174062717395,0.04039826223783313,0.019063088638519788,0.035017406271739805,0.4718789270263989,0.4994069360876766,0.04580943176754884,0.3181385750174522,0.013461038469842502,0.05712068571428571,0.012719047195402178
site_92f4bc71b766e85f,213,0.1125618755841771,0.10199954662972213,0.047605339221130506,0.07759476760749293,0.07494421240967135,0.04760533922113057,0.9658410575925789,0.805749390666102,2.698747452860914,21.725903432130814,0.9980450061149371,1.2824619154929577,1.1963432493993646
site_9325c992d0f1e0e4,864,0.11102091668242478,-0.09129741963088787,0.06316981169631167,0.0828518450934098,0.06330366800996017,0.06316981169631168,0.7640586391116528,0.6560139371888924,10.649356365029103,-78.88097056108712,2.972746443952865,5.930865995370371,3.462354187357179
site_93742f2df91eb28f,113,0.09117088784607817,-0.055858342988617644,0.07205536974582888,0.10567964792962681,0.07300590575628768,0.0720553697458293,0.6908227571396064,0.7327106008511185,0.9392707793425644,-6.311992757713794,0.6387931783228982,1.262005242477876,0.6022744371084434
site_93e093b0ecc1d78c,41,0.09905936810195327,-0.06976434962982084,0.07032562782859741,0.06770100712145112,0.05698808030310131,0.07032562782859762,0.8417611897688387,0.3739322486808067,0.4023230947590894,-2.8603383348226545,0.05915016151430403,0.18792048097560976,0.1331532931619417
site_94398cd24f99ecb3,80,0.09584564601060135,0.08487518166452646,0.044526300055171136,0.051530208070121354,0.06700034175389177,0.0445263000551712,1.3002148499520698,0.7475386849827865,0.7349110287351601,6.7900145331621165,0.2064726696914062,0.2124289875,0.3591236636110635
site_947d9a648844f933,171,0.05468924084735385,0.018125315210972614,0.05159831405155368,0.07570941371040533,0.0618966595629299,0.05159831405155383,0.8175556582658222,0.7362879267812474,0.5114461340226389,3.099428901076317,0.5900120538873108,0.9801575204678362,0.6551345955234202
site_948f865f7f081052,88,0.05657567981947275,-0.0039049688007343885,0.0564407544749429,0.04972253109145285,0.06272261680596564,0.05644075447494336,1.2614526137175557,0.516380195909757,0.2816710641391237,-0.3436372544646262,0.14171951162281698,0.21756504863636364,0.3462031459909442
site_952481bd3cb76606,468,0.09195193412131628,0.08276316068498497,0.04006766055164993,0.04006566950554013,0.04948224067413674,0.040067660551650904,1.2350284242047802,0.6174739735126308,3.9570140322886154,38.73315920057297,0.5729098267568611,0.7512606845299146,1.145894322518334
site_9563943b41248204,316,0.07811620948546043,-0.04068183205493643,0.06668681072768651,0.09019840954496701,0.04487755475148441,0.06668681072768656,0.4975426393645157,0.7043948383080947,1.9282769302629226,-12.855458929359912,0.9010135302216382,2.570897974683544,0.636422394869304
site_956a5215e9d24ea6,175,0.04378887940545783,0.026701439888477327,0.03470589384337711,0.01670143486442444,0.03734418306253446,0.03470589384337742,2.23598651048126,0.37600271287725084,0.3355565429275026,4.6727519804835325,0.04103985092120511,0.048814137142857136,0.24405290150641495
site_9573cc360aa7a95d,83,0.13059107089138197,-0.10135032240597598,0.08235374882033404,0.11377192578114367,0.05958345291295123,0.08235374882033406,0.5237096278704854,0.7163451567396946,1.41548430711431,-8.412076759696006,0.40305210900701677,1.0743562409638554,0.29466559246547974
site_95a6e0674f2876c2,37,0.0396067482259352,-0.019420040219216735,0.03451893021106861,0.0332113668309311,0.04988820158080459,0.034518930211068714,1.502142378986392,0.7243453635390774,0.058041696686206984,-0.7185414881110191,0.04440501351533709,0.0408108108108108,0.09208680830777877
site_95aa1a90ae6a3184,54,0.08451971005297437,-0.03824520277425095,0.07537165151564139,0.1165631007102502,0.05460411237563088,0.07537165151564212,0.4684510968129142,0.8553008356062148,0.3857533949216983,-2.065240949809551,0.2939673514497224,0.7336956481481481,0.16100689076984837
site_95c50f37760ba8b9,9,0.08820984003523903,0.06761259990268284,0.056652556989443915,0.09212163188810973,0.06416163950663885,0.05665255698944479,0.6964883078121012,,0.07002878291138212,0.6085133991241456,0.042271194746096925,0.07637755555555556,0.03705044385761891
site_960e43f47225dd5e,138,0.07606716084059932,0.061692982582510374,0.044499313010693535,0.06162213300253731,0.03609469981624687,0.04449931301069354,0.5857424606636168,0.7013488748600235,0.7984973882522458,8.513631596386432,0.21527487828067463,0.5240256440579709,0.1797901749658461
site_96144cbf74954033,5,0.07395033050859655,-0.039105272605419156,0.0627648710409455,0.06162381357884304,0.008329742651171012,0.06276487104094565,0.1351708400927465,,0.027343256911653326,-0.19552636302709578,-0.00018137506037950522,0.018987472000000002,0.0003469230631736875
site_96a5abc509a3a15b,35,0.03028645659093486,-0.01631515972988946,0.02551636760635759,0.022232226287852635,0.01053982563169084,0.025516367606357664,0.47407873126271866,-0.09756842456968036,0.03210443084921036,-0.5710305905461311,-0.0008001911008357999,0.017299516,0.0038880773521256518
site_96e92296d2491d86,411,0.09549007670017544,-0.08445464552675722,0.04456195234900708,0.06056773353189755,0.037072635940227985,0.044561952349007186,0.6120855739253304,0.6807374071198092,3.7476438015124147,-34.71085931149722,0.6282264636782471,1.5077330918734793,0.564870317913797
site_96ea37eab36e72c1,208,0.10168874549057877,0.015445760178565983,0.10050885260490207,0.09320942947555405,0.043999523409969384,0.10050885260490208,0.4720501311673525,0.06363138947614431,2.1508449995651224,3.2127181171417245,0.054280340556915,1.807103530576923,0.40267927654332425
site_971bf07b5c1c6549,83,0.07800480386335412,-0.056368257002658156,0.053920024371680565,0.038328808352425206,0.033383609816423625,0.053920024371680704,0.870979590846354,-0.12653083750736205,0.5050342023381088,-4.678565331220627,-0.01343795207724514,0.12193509662650603,0.0925006285631429
site_97832a03d9613f37,33,0.051291759059859256,-0.033189619349710875,0.03910618512302053,0.02205277916432583,0.04774829190875545,0.039106185123020644,2.1651825174940558,0.5873462715705245,0.0868178700660036,-1.0952574385404588,0.020409357114271682,0.01604872727272727,0.0752366795467228
site_978ff47db3a1c5a1,160,0.10066065783487727,0.034446944211125374,0.09458317012167573,0.09184001834863305,0.04732225694837354,0.0770338038437944,0.5152683742803051,0.5452938473864721,1.621210885720038,5.51151107378006,0.37918224306567605,1.349534235244361,0.35830336043006206
site_97ad06a1706d85fa,20,0.16288100726871219,-0.108771637827158,0.12123924007213116,0.13773162309360912,0.0369447986070582,0.12123924007213116,0.26823758972148837,0.5537979047073444,0.5306044505774055,-2.17543275654316,0.05635964810848236,0.37940000000000007,0.02729836288232179
site_98378de2aa945723,63,0.06515217631899307,0.01251306458503481,0.06393926253712903,0.07102104202402895,0.037693616997129725,0.06393926253712941,0.5307387208480641,0.44387979206000144,0.26742278298337324,0.788323068857193,0.07486188817946685,0.3177712698412698,0.08951095202655734
site_9898264bce191dea,842,0.06363706498482963,0.04478029876800161,0.045215051499826284,0.03291723712311613,0.05626303118178999,0.045215051499826325,1.7092270220418735,0.5952063376652276,3.4098272255818474,37.705011562657354,0.9281670363846944,0.9123444688479809,2.665375146676507
site_98b84b664f32321c,921,0.0634517502162063,0.02220955023282773,0.05943787078921433,0.07331291176989707,0.05644994615953383,0.059437870789214746,0.7699864157177382,0.6075277169995426,3.708060761665349,20.45499576443434,2.315632985519033,4.950175172638437,2.934855304122541
site_99359b775dbc987c,101,0.0499459615283004,0.03329649393983407,0.0372282495465615,0.07322723950169584,0.07869006582992626,0.037228249546561704,1.0746010141226736,0.8823290719009979,0.2519545063716328,3.3629458879232406,0.5135048313033167,0.541585089108911,0.6254047724921309
site_9963ae44b09a6e46,127,0.09971570431627004,0.08589237902295871,0.05065294574914868,0.027516644532563424,0.05841762966000384,0.05065294574914869,2.1229924888142495,0.49894464327366633,1.2627891542858038,10.908332135915757,0.10185808104077193,0.09616004724409448,0.4334026707968568
site_9978a236cbbfb40f,39,0.03849563235564561,-0.02956356132183319,0.024655821877017967,0.028855235037790413,0.01352768509525086,0.024655821877017967,0.46881216103539813,0.5222479966859479,0.057794634707980144,-1.1529788915514945,0.007950409363477658,0.03247235897435897,0.007136932297414619
site_99e4e71469e203aa,104,0.093128358528219,-0.06629195675345569,0.06540846758607378,0.08945387484020753,0.039673195683761174,0.06540846758607392,0.4435044960839299,0.7463804388023216,0.9019806808646922,-6.894363502359391,0.275479908482014,0.8322075552884616,0.16369209539924867
site_9a39d33121ec563e,282,0.07044085915769013,0.061730501700800355,0.03393021954896581,0.06992849898340395,0.06990270328407154,0.03393021954896681,0.9996311132126755,0.8822407813021422,1.3992599281623375,17.4080014796257,1.2161423567971017,1.3789785815602835,1.3779613952507068
site_9a5b564ee1a1517d,676,0.0959011703850118,0.08597210343716413,0.042495081030686555,0.022137521158280847,0.05284108543967013,0.042495081030686575,2.3869468068200668,0.6310716744022749,6.217195309301383,58.11714192352295,0.49902936568487677,0.3312872138905325,1.8875138898591428
site_9a64702d11a0ca56,5,0.08335369558033665,0.07898331878185272,0.026635951665064727,0.08368385746367096,0.10921632145412757,0.026635951665064897,1.30510620284851,,0.03473919283449717,0.3949165939092636,0.04555429737716914,0.035014939999999994,0.05964102435985663
site_9a99fb7f0cd8cd33,110,0.037068559078839,0.0029629952586780906,0.03694994900237926,0.05151657019793416,0.045166408713575815,0.03694994900238118,0.8767355540176667,0.7152820041002371,0.15114858793995145,0.32592947845458997,0.18307645123690366,0.29193527054545454,0.2244004923689955
site_9aa6317ba764d9b9,127,0.07462312156828764,-0.021630800894864893,0.07141931619136484,0.08380242567905238,0.049838017471122986,0.07141931619136546,0.5947085310154777,0.5274639634414201,0.7072135046196204,-2.7471117136478416,0.2797781939288293,0.8919015118110234,0.31544615415239896
site_9b62f4534e47f978,173,0.027145732029491,-0.003938529917614998,0.026858494922556347,0.02586992559360872,0.03439493231477447,0.02685849492255649,1.329533484366569,0.6354758729589395,0.1274821027631295,-0.6813656757473947,0.09782161042487862,0.11578077768786128,0.20466096682625973
site_9bb3648a2ef66eb2,76,0.1343221140928096,-0.11112468739559779,0.07545683657292053,0.08224655942588797,0.05131456880703544,0.07545683657292057,0.623911433684649,0.43880986518183845,1.3712247054114939,-8.445476242065432,0.1407499982989148,0.5141017368421053,0.2001220578607501
site_9c2d82de18c716a5,41,0.04212339544605499,-0.009679776207702913,0.04099612635937101,0.030425028051675986,0.04989409414014585,0.04099612635937123,1.639902979067176,0.5712737837123236,0.07274959820009379,-0.39687082451581945,0.03555562200351822,0.0379529756097561,0.10206624583269519
site_9c3923563de1bc2a,115,0.07237601679569049,-0.005139875993521318,0.07219327864823218,0.09790331483060424,0.06386578731934049,0.07219327864823624,0.6523352904837116,0.6758732890869332,0.6024030978291581,-0.5910857392549516,0.4859916308585716,1.1022817913043477,0.4690664608407118
site_9c3f2a2a90bf94af,109,0.10211452928266612,0.02888469519440187,0.0979441242451377,0.11898262064189698,0.047292904810335185,0.09794412424513774,0.3974774177539176,0.6042643145268455,1.136584102877632,3.148431776189804,0.37062351054059806,1.543098177614679,0.2437914541485373
site_9c51efef96062ac3,183,0.06111788510110871,0.029025562997203054,0.053785802698553487,0.04056002971683276,0.07490644477447952,0.05378580269855367,1.846804484548805,0.7180514705554625,0.6835774458995156,5.311678028488159,0.39923087003211094,0.3010562299453552,1.0268085107816436
site_9c5e0ec7dff35c9c,35,0.0936384559796238,-0.06570885274921144,0.06671212115223432,0.0971756835293056,0.040606807713698845,0.06671212115223442,0.4178700497789955,0.8415520520381898,0.30688561533867803,-2.2998098462224004,0.11622658588545663,0.33050897142857144,0.057711949144405916
site_9ca12fe149def76c,9,0.12946593507349372,-0.0977508479171329,0.08488934017846787,0.1385913345945242,0.05798473639031285,0.08488934017846796,0.41838644934012964,,0.1508528551000868,-0.8797576312541961,0.069136144213544,0.17286802222222222,0.03026006688828664
site_9cfda7361157a69e,189,0.06832523263443409,-0.00445225390555367,0.06818001796501684,0.059035941175169866,0.01992252062339552,0.06818001796501708,0.3374642671365558,-0.32579564192413557,0.8823157713498624,-0.8414759881496436,-0.07242155593617883,0.658710804232804,0.07501539049003814
site_9d73848123a6a95b,64,0.051926688459972246,-0.03538936557248235,0.03799965498259446,0.09160607831352881,0.06657216602926055,0.0379996549825946,0.7267221482990706,0.9329926704562762,0.17256838236281696,-2.2649193966388705,0.36414569904049854,0.5370671093749999,0.28363861054895567
site_9dbd78e6c2f64c18,70,0.09702179315929985,0.04033845254216875,0.08823852670092104,0.08824986956109918,0.040000167495951554,0.08823852670092225,0.4532603582859431,0.22691373123615877,0.6589259843492172,2.8236916779518126,0.056070534901704105,0.5451627634285714,0.11200093797929256
site_9e0c7cff2a642903,104,0.06346386328316195,-0.0037731233514272243,0.06335160205550279,0.10147441161700693,0.06761089619021031,0.06335160205550286,0.666285175866729,0.7910813701229445,0.4188768420536826,-0.39240482854843134,0.5644529287104423,1.0708938461538462,0.475408261498913
site_9eb9cb71933abd8d,145,0.06632816575438737,-0.04099594491925733,0.052141711446007454,0.08314258629109642,0.06402885242217156,0.05214171144600762,0.7701089811904046,0.7789600386188665,0.6379167079895154,-5.944412013292313,0.6012878505736589,1.0023399999999998,0.5944556216625325
site_9f1083ed35aa92f7,172,0.09293533327461598,-0.04410800507248834,0.0818013450952323,0.09758096650647338,0.05550183440236386,0.08180134509523233,0.5687772563585127,0.5457092886723165,1.4855599013885983,-7.586576872467995,0.5083493184799026,1.6377917441860466,0.5298380229887163
site_9f57a1eb8c53e14d,1084,0.06787503329323313,-0.04361801238033604,0.052004703061803534,0.09429068800350454,0.06322221740534845,0.05200470306180356,0.6705032993607878,0.8541216609473349,4.994009836700337,-47.28192542028427,5.519345064684144,9.637555487084871,4.332800870635672
site_9f76ab7d5518980d,176,0.04944439509911144,0.03556773628700863,0.034346533189462444,0.0101610418606664,0.037410171796262603,0.03434653318946253,3.6817259794074997,0.42496844469265543,0.4302756843821983,6.259921586513519,0.028431337737901644,0.01817143181818182,0.24631568787335523
site_9ff0a0ccad22ddc6,126,0.034918363388321334,0.016156607862975857,0.03095571230130048,0.03366192538252311,0.04759448099273465,0.030955712301301102,1.4138965745983492,0.7615225053697525,0.1536308048165763,2.035732590734958,0.15372653419276072,0.14277377777777778,0.28541956224194026
site_a08eaaa4540846cf,142,0.15257583732583774,0.07777009180994102,0.13126766149952487,0.15446513454537567,0.07977758625222436,0.13126766149952515,0.5164763329085691,0.5271806523871287,3.305672831266631,11.043353037011624,0.9224846892986709,3.3880458461971834,0.9037537840888159
site_a0a221a9f908364b,38,0.12084959283591132,-0.11719424926450377,0.029498000405703807,0.04444991586916249,0.031052880428546488,0.02949800040570415,0.698603806584248,0.7498179711576874,0.5549757153670108,-4.453381472051143,0.039328943139255834,0.0750802107894737,0.036642692550565015
site_a0d01f20e2427c2c,13,0.07937776264196574,0.06299398375841288,0.04829686544993438,0.051998571896639055,0.02215614899888706,0.0482968654499345,0.42609149041493444,0.3741724267741905,0.08191077962657525,0.8189217888593674,0.00560403483550136,0.03515006923076923,0.006381634199991493
site_a1da79e1324e0f0b,139,0.13891715740897087,-0.08156013226166045,0.11245408595533223,0.13415239849301042,0.054032745182951,0.11245408595533274,0.40277136890523957,0.5704864807884878,2.682418750539842,-11.336858384370803,0.5747985077141751,2.5015643769784175,0.4058157197287944
site_a2c2e8340755d8a7,83,0.09516924367744067,-0.0741644214305533,0.05963911079155497,0.07214866669569184,0.0589965866296989,0.059639110791556184,0.8177086193225761,0.6025107012965343,0.7517463501972949,-6.155646978735923,0.2128619578624346,0.43205069879518077,0.2888895704183121
site_a2dd98acaefee6f4,468,0.07259388107380232,-0.03845721251447486,0.06157040177694046,0.11316568063045708,0.07741264134416356,0.06157040177694048,0.6840646467452868,0.8565922219390361,2.466299894459242,-17.997975456774235,3.5119361013658343,5.993428555555556,2.8045915746638874
site_a30a3623711ec917,255,0.053317368443476634,0.021239084917190027,0.04890442770974658,0.08265392840056748,0.048162762802659215,0.048904427709746644,0.5827038561222039,0.8490265775788626,0.7248991533230467,5.415966653883457,0.8618592702797231,1.7420763294117647,0.5915111888002296
site_a3440058322ffd4e,564,0.046727102553209436,-0.010365988354839333,0.04556279620968721,0.08660177681475399,0.07252914604547457,0.045562796209688186,0.8375018240170572,0.8505107672050594,1.2314500717422376,-5.846417432129384,3.012994137781771,4.229925409574468,2.966909042712379
site_a3ad14b1dd64a3e4,55,0.038922446533596285,-0.008497915297421539,0.03798344744436069,0.03915664055014876,0.017900171241163644,0.037983447444361065,0.4571426708131027,0.2931303698608591,0.08332262642883638,-0.46738534135818466,0.011300199621644883,0.08432833745454547,0.017622887175464008
site_a3eb3ebe590ad832,109,0.05020152847008112,0.0034444217690634085,0.050083224930201606,0.08305922673122955,0.07111324540507917,0.05008322493020233,0.8561751439751991,0.799747868955709,0.27470108721982783,0.37544197282791153,0.5148941671813847,0.7519730308256879,0.5512232102526884
site_a3fe6dc1994cbcf1,17,0.04455930027860531,0.03235302704712923,0.03064005356076649,0.010772674646119317,0.039790539108812736,0.030640053560766517,3.693654585878228,0.8871150073906463,0.03375403110242156,0.550001459801197,0.006464459434852883,0.0019728588235294136,0.02691587904368925
site_a408c1f09c2d83d9,411,0.05005319535419777,0.030598934095271313,0.03961095299786068,0.06415030831891186,0.07900771430294896,0.03961095299786109,1.2316030331479646,0.8669902464600193,1.0296874920830144,12.57616191315651,1.8060271694644596,1.691372705596107,2.565551975863703
site_a4122f0bf308f22f,156,0.06752314799165193,0.0014693149835635442,0.06750715982902557,0.08344417791794924,0.055488719294268136,0.06750715982902712,0.6649801181914724,0.5922745944131949,0.7112625802935943,0.2292131374359129,0.4278075491928138,1.0862172092307691,0.4803236831512212
site_a42d63e8b2f931d6,6,0.12543557328364438,0.12287437287966409,0.025218476052802814,0.05116530942825313,0.03774772334674654,0.025218476052810638,0.7377600911351571,,0.09440449826997913,0.7372462372779846,0.010220423916975658,0.015707333333333334,0.008549343707175083
site_a44b748575c17771,8,0.05117183682554153,-0.0334338439643383,0.03873932061701815,0.08129236972188718,0.07387401244274706,0.038739320617018326,0.9087447283857097,,0.020948455072798786,-0.2674707517147064,0.04226033651009203,0.05286759499999999,0.043658957715129176
site_a4e51d06a4c9f574,191,0.1004040226027851,-0.07651309975997315,0.06501317804830783,0.10123671820061593,0.06456481777892284,0.06501317804830786,0.6377608729964739,0.7795486975584961,1.9254648411707305,-14.614002054154874,0.9732190590004255,1.9575347643979057,0.7962055977116724
site_a507f74864d36b32,315,0.040039022419147495,0.004791534221929216,0.03975128320043363,0.035634029896598925,0.04719032889780377,0.03975128320043367,1.324305138507723,0.569864323737809,0.5049838446285136,1.509333279907703,0.3018561071515793,0.3999819873015873,0.7014820495671115
site_a55a51839f39337a,11,0.15088113043759926,-0.13615311505686153,0.06501880329905242,0.07161541571892913,0.03311456935221942,0.06501880329905277,0.4623944303023391,0.42122837646439754,0.2504162707434063,-1.4976842656254767,0.010988437292453922,0.05641644545454545,0.012062321737212445
site_a5c2bfa9bb36639b,60,0.043160579215317914,-0.028750401416420934,0.03219083746342107,0.03696011495142057,0.022573919493449807,0.03219083746342108,0.6107643204876497,0.5030247230435692,0.11177013589210398,-1.725024084985256,0.02518145765767743,0.08196300583333334,0.030574910477805195
site_a5c5f553e4031a41,74,0.05652464866009439,-0.027919279437612844,0.04914824251009998,0.06764229381344765,0.04652632810527692,0.049148242510100124,0.6878289526016522,0.6870712765851607,0.2364326570548862,-2.0660266783833503,0.16001128696650266,0.3385855135135135,0.16018774131503116
site_a61c8cdc86211521,39,0.037455741276719606,0.012472406070965985,0.03531814889528453,0.048476893510937175,0.03052401473262394,0.035318148895286325,0.6296611132010186,0.6874164016143843,0.054714369628953714,0.4864238367676734,0.03966988425033214,0.09165035897435898,0.03633690354050029
site_a62049e3761071cb,301,0.0966044579146813,-0.038635900967105286,0.08854201514224454,0.07052363150459924,0.05126020492843035,0.06353461534430455,0.7268514657400673,0.4930136707398273,2.809058807985818,-11.629406191098692,0.5364638513743419,1.4970483627795472,0.7909101914007073
site_a637aa5eb6fad085,105,0.04180269883560184,0.00846309957561039,0.04093704404953209,0.08638912860973952,0.0551577884302747,0.04093704404953209,0.6384806666987981,0.9265015661838466,0.18348389114370287,0.8886254554390909,0.46355513352517574,0.783623561904762,0.31945007057448926
site_a6a5e3eb9fd3c985,371,0.09655561788332757,0.07047884381652843,0.06599787814101725,0.07615413085282056,0.044929925023110225,0.06599787814101747,0.5899867087964557,0.5059665810268678,3.4588283049323634,26.147651055932048,0.6422807444863403,2.1515965606469,0.7489370183180357
site_a728723d09857d1a,33,0.06620932865508466,0.05900186853444938,0.03004088398167682,0.024269744454109284,0.043285592591488425,0.03004088398167682,1.7835207401270938,0.7425813205574433,0.14466128163158148,1.9470616616368295,0.025743437139148062,0.019437676363636358,0.06183020335787848
site_a73a8fe0a0e90dac,39,0.06594878929970358,-0.041179865195201,0.05151176091536543,0.06957946374576286,0.047751662699339004,0.051511760915365745,0.6862896051314697,0.672387415134797,0.16962046959377114,-1.6060147426128388,0.08712720028540263,0.1888107692307692,0.08892863033150633
site_a7fe1c93212d2f37,55,0.04657716313775542,0.02371025283856825,0.040090597854013706,0.023507600037097197,0.04190358242286797,0.040090597854013796,1.7825546783482868,0.35595124738311307,0.11931876692785953,1.3040639061212538,0.019284689684754067,0.03039339927272727,0.09657506209285494
site_a85957854004ad6e,10,0.02706562222052824,0.01554614829659462,0.022155477411345485,0.06983379124750425,0.09021802007342068,0.022155477411347,1.2918963507748111,0.9940202215314455,0.007325479061843519,0.1554614829659462,0.06262592183321715,0.048767584,0.08139291145968136
site_a85f5d6458d2ef6d,586,0.033277039947239295,-0.027632696803112488,0.01854172200841704,0.02767898461990064,0.018596398595459994,0.018541722008417097,0.6718598550789883,0.7461753005010915,0.6489137731629937,-16.19276032662392,0.22506993515484366,0.44894994709897607,0.20265405986263865
site_a8a04a98a04fa26e,41,0.026225797702950845,0.016994464336081247,0.01997449992079312,0.016992422988626146,0.02621027990613696,0.01997449992079313,1.5424686593360333,0.6474757888375836,0.028199491071400174,0.6967730377793312,0.011823181576281785,0.011838440000000002,0.028166129683079924
site_a8d2970296172e46,359,0.06330366217664463,0.05230755827511585,0.035654915401247364,0.03795450487386244,0.05057611102952258,0.03565491540124737,1.3325456674407066,0.7103633263508093,1.4386399585459342,18.77841342076659,0.4895349946402864,0.5171554540389972,0.9183015394665439
site_a8f474364dc17adf,217,0.08140267896281013,-0.005322994025786351,0.08122845484757032,0.09616026139465322,0.0469749594981174,0.06745994248365908,0.48850698632490763,0.7640479057169426,1.4379279628839459,-1.155089703595638,0.7489319753811543,2.0065547041129035,0.47884235990740015
site_a92160c2510cdbec,2,0.040412936946940044,0.04039129549264908,0.0013223921895027246,0.0028499999999999914,0.004172392189509368,0.0013223921895237137,1.4639972594769757,,0.0032664109453547038,0.08078259098529816,2.3782635480165408e-05,1.6244999999999903e-05,3.481771316615756e-05
site_a9455c71e74fd72a,25,0.09679844513444544,-0.08106410523414612,0.052901321562258984,0.05586589657384906,0.021069360878502433,0.052901321562259025,0.3771417299398546,0.32554303431985165,0.2342484745111561,-2.026602630853653,0.009579581809937955,0.07802496,0.011097949195714218
site_a963d86424b18502,34,0.02217702059847624,-0.01150977394510718,0.0189564064726881,0.03380066759337433,0.023461005689425683,0.01895640647268811,0.6940988850180153,0.8408338684427286,0.01672188824925814,-0.3913323141336441,0.022670495713107724,0.038844494411764706,0.018714238790614984
site_a98119a935505c9a,155,0.12298557783950383,-0.1004840456281939,0.07091127506051279,0.08767248057489926,0.050320813865368345,0.07091127506051279,0.5739636147557031,0.5882289963999557,2.3444451152600814,-15.575027072370053,0.402243540132911,1.1914018967741937,0.3924885677513223
site_a9866d1cfd06e947,48,0.10555674361629254,-0.10061538983186086,0.03191816805298174,0.03329338172209389,0.03350453616988195,0.03191816805298174,1.0063422349087456,0.5433690008484554,0.5348268538980343,-4.829538711929321,0.029093610206246373,0.05320556479166667,0.05388258931002854
site_a9bff24a5451b631,238,0.06560386326990932,0.02673391525009099,0.05990963738279436,0.08511124328900126,0.05109540573595045,0.05990963738279446,0.6003367329795946,0.7203721627475732,1.024320316472996,6.3626718295216556,0.7455944488517814,1.7240538487394956,0.6213562359824928
site_aa2ce12749046dfc,311,0.05182975570650165,-0.029499704570919754,0.04261561928241916,0.061349676260487075,0.03816535223953604,0.04261561928241942,0.6220954137962884,0.726966633199727,0.8354466323212439,-9.174408121556043,0.5293664546526035,1.1705364437299037,0.4530007686976041
site_aa4df3fb16db7e70,50,0.21986849122035326,-0.21315499989390374,0.053917524532794164,0.060289336536405835,0.03187481687508418,0.05391752453279432,0.5286974232306655,0.4536863476034124,2.417107671575728,-10.657749994695187,0.04359271497689187,0.181740205,0.05080019754100756
site_aaad533d86c5f947,240,0.04867270632770887,-0.005304723410556716,0.04838276811842087,0.06253393523164487,0.04788422082444448,0.04838276811842103,0.7657317686319699,0.6449562354097946,0.5685677619032139,-1.273133618533612,0.46349992904625836,0.9385183333333333,0.550295664951399
site_aae8b0a4c0119c59,105,0.029027391954181355,-0.02189767518963133,0.01905469246540277,0.026049419211756745,0.023997581862875143,0.019054692465402773,0.9212328945915402,0.7129595069683672,0.0884718957844756,-2.2992558949112896,0.046797180758168314,0.07125008533333334,0.06046781320286637
site_ab53cfe255b5cc4c,78,0.05788338514835751,0.036207352444147446,0.04516097768226884,0.06189138383090922,0.04749003796365378,0.04516097768226894,0.7673125889929893,0.6883335469048725,0.26133792954618135,2.8241734906435005,0.1578069945299568,0.2987823846153846,0.17591368905156365
site_abdcb41ac727b4e7,485,0.07635626988264158,-0.02766587312074052,0.07116796621274127,0.10308204768842254,0.08488144713196424,0.07116796621274135,0.8234357876604109,0.7294999442809141,2.8276857759395364,-13.417948463559151,3.095728132939216,5.153565649484536,3.4943571325999745
site_ac16cbbd2f795846,35,0.05887548535110812,0.008071693536213466,0.05831955537198476,0.08583817713034932,0.05897438469144773,0.05831955537198481,0.6870414384719791,0.7353444370495009,0.12132129713649913,0.2825092737674713,0.1302875028701765,0.25788674285714286,0.12172923174072026
site_ac240db4268c6c54,61,0.13221312967810092,-0.11879729323650969,0.058030291908253054,0.08956919197188941,0.05752766889883809,0.058030291908253144,0.6422707142082146,0.7728518562951809,1.0662990112159783,-7.246634887427091,0.24291902084447078,0.4893810491803278,0.20187539402499494
site_ac2a9b93fc2413dd,121,0.05048872395557163,-0.0028668936638792685,0.0504072630419657,0.08492078616061244,0.07483471894026054,0.05040726304196582,0.8812297003318373,0.8080916975229884,0.3084424608460914,-0.3468941333293915,0.6213884162741506,0.8725963305785124,0.6776284542230027
site_ac6e3a81298a7ce5,53,0.14083892639422732,-0.11444582500547733,0.08208383718305468,0.06493906007692062,0.0470307019558353,0.08208383718305474,0.7242282518429928,-0.050552517255179015,1.0512869689575646,-6.065628725290298,-0.0081828787288857,0.22350532075471696,0.11723000710230636
site_acf798671ee3a747,30,0.13021318330697434,-0.08563440732876461,0.0980929222135162,0.11309052760215302,0.030553409860480205,0.09809292221351618,0.2701677188028127,0.5934007793868132,0.5086641932080712,-2.569032219862938,0.06151135348573328,0.383684023,0.028005325623074673
site_ad04b63315ba2272,10,0.022451555886490067,0.009078980026245114,0.020533983622454482,0.0352938649059578,0.024260419042904397,0.020533983622454535,0.6873834619004591,0.8248702633157609,0.005040723617241867,0.09078980026245115,0.007062901743650437,0.012456569,0.005885679321373183
site_ad53cb9b838bb8cd,636,0.06425737043320719,0.039112103704480254,0.050982869660312284,0.01997911936331535,0.04870789109046,0.050982869660312284,2.4379398413272892,0.08856419930269432,2.6260501405739003,24.875297956049444,0.054813935455836876,0.2538690738993711,1.5088837042493513
site_ae3ed38eaa09b85f,486,0.04775707022467334,-0.033578641538266785,0.033958983920149406,0.04645377373304071,0.020233919807812493,0.03395898392014941,0.4355710673602588,0.7522549888813023,1.1084385496319693,-16.319219787597657,0.34363893987355687,1.0487652037037039,0.19897399424344758
site_af194bfb42414cbb,864,0.0552305883949384,0.03193824828893498,0.045059584892511446,0.04457700989190736,0.05348049590332154,0.045059584892511446,1.1997326880605903,0.5907941189908681,2.6355610608057543,27.594646521639824,1.2169038509062355,1.7168628766203704,2.4711812139443254
site_af687448e37c8c15,597,0.07485148566864842,0.043980904324769574,0.06056752398422232,0.09347797865726644,0.07577790663111966,0.060567523984222583,0.8106498206273434,0.7631748874566245,3.3448387093619165,26.256599881887436,3.227381601700606,5.2166650988274705,3.42814780663663
site_afb9454fdc863c14,194,0.09091836459578194,-0.026951610218987027,0.08683178984320968,0.10937564938938447,0.055871481664275136,0.08683178984320968,0.5108219423262028,0.6173229107532188,1.603632910029678,-5.228612382483483,0.731854855287559,2.3208283397938145,0.6055947578921179
site_b019e673dfa447d5,669,0.07749954765517414,0.06501694161758295,0.04217792301017701,0.05393584758916921,0.06905778168672022,0.0421779230101792,1.2803688970039961,0.7918881432229539,4.0181343442401705,43.49633394216299,1.973240814023466,1.9461716133034381,3.1904457544872855
site_b04900ecbfac7c98,10,0.09739503923928905,0.08879932122945786,0.04000592728096937,0.06557104238915223,0.07210996387971641,0.04000592728097006,1.0997227015510422,0.8352781842185706,0.09485793668422654,0.8879932122945786,0.03949467136561871,0.042995616,0.051998468907340056
site_b050cd10feccfd77,44,0.06121356628390204,0.03005970783667131,0.053324615910174455,0.03862411570572958,0.049397808854831464,0.05332461591017584,1.278936953047282,0.2852415060654074,0.1648724306765214,1.3226271448135376,0.023945925778286022,0.0656401818181818,0.1073663148649725
site_b07ebc840452ba9d,7,0.05585667653389151,0.02625378642933709,0.049302200879215746,0.11753381102769482,0.08322162446113218,0.049302200879216676,0.708065396105657,,0.021839778193882504,0.18377650500535964,0.06408264975388135,0.09669937714285715,0.048480871445648
site_b0b863b5597ced77,64,0.04753639225162413,-0.03134738830849528,0.035735834040031646,0.05769357489343483,0.04836715550470122,0.03573583404003353,0.8383456146380193,0.7867624479474173,0.1446213496512173,-2.006232851743698,0.14050817539403215,0.21302710937499994,0.1497204308234208
site_b12672b82d8e070e,371,0.09849431721413525,-0.031737500517034146,0.09324087936313105,0.13394413567023197,0.06699648801023582,0.09324087936313119,0.5001823161200575,0.7653234800623335,3.5991194242105977,-11.77461269181967,2.5479722204729915,6.656122679245283,1.6652444095168044
site_b18fe53daa1d7307,44,0.11422153613229717,-0.09570735095685177,0.06234310137652495,0.0750882776613551,0.03455186088835969,0.06234310137652506,0.4601498657911303,0.5676405229983708,0.5740486099225535,-4.211123442101478,0.06479920136258006,0.2480829754545455,0.05252856799733663
site_b2267c975c71dbb8,491,0.10150784507411484,0.03843375885960041,0.09395045924056245,0.1117896625758952,0.03300482180866592,0.09395045924056297,0.2952403741827076,0.6449968624624988,5.059186722290935,18.8709756000638,1.1684715209006655,6.13599197148676,0.5348552669472988
site_b2271a910bc63599,20,0.053527466774762375,0.041254268641471865,0.03410681776684188,0.048808088212918155,0.035937856644044926,0.03410681776684218,0.736309451156359,0.7156216859423258,0.0573037939864658,0.8250853728294373,0.02510483996987343,0.0476445895,0.025830590803358477
site_b2c81cb18e128f03,52,0.025394042903834162,-0.016077160690380975,0.019656610062201443,0.032330516834516924,0.022904336409133228,0.019656610062201475,0.7084432496507431,0.7991047859503644,0.03353258558009205,-0.8360123558998107,0.030770704275799483,0.054353640576923073,0.02727964856982279
site_b2da63ab5c4ee3dc,2,0.05689355525911572,-0.05588700377941132,0.010654550135135651,0.0165,0.005845449864864349,0.010654550135135651,0.3542696887796575,,0.006473753260044108,-0.11177400755882264,0.00019289984554052354,0.0005445000000000001,6.833856824528528e-05
site_b2eaf44be71ff0ae,155,0.04993681010798791,0.019485462933971038,0.0459782746306349,0.07791314997229684,0.06434060595601719,0.045978274630635016,0.8257990593230338,0.807520869456911,0.3865211755829927,3.0202467547655107,0.6274532350921823,0.9409211354838709,0.6416556040920585
site_b30a47c3dfe5fc92,477,0.07061036852649691,0.03906643277381701,0.05881868728369023,0.06429340664426855,0.05960267133788644,0.058818687283690836,0.9270417364515204,0.5514636950313645,2.378238116424556,18.634688433110714,1.0080160988504439,1.9717472997903562,1.694532211401976
site_b33e3bea3571d4bd,118,0.08702495897898264,-0.0685050226842953,0.05366940797435536,0.08425870736789311,0.047143609238348046,0.05366940797435553,0.5595102359274049,0.8108287216952975,0.8936545312646462,-8.083592676746845,0.38005701411350046,0.8377445125423729,0.2622573472581305
site_b4081a628b4563f6,155,0.107272149907644,-0.08366497316129745,0.06713781655466179,0.07336472668625012,0.05779568465079272,0.06713781655466229,0.787785728391798,0.4970606407911366,1.783633692600247,-12.968070840001106,0.3266809352562793,0.8342693838709678,0.517752880459351
site_b419a77ce9d11fde,169,0.13668954655768875,0.12409894732857597,0.05730168767223082,0.07070852911122187,0.06181274088714938,0.05730168767223083,0.8741907329159718,0.6334274637750014,3.157601431346769,20.97272209852934,0.4678788334648373,0.8449486390532543,0.6457177241809358
site_b42936ae6e6a0d03,186,0.07785250318509626,-0.05744267518545992,0.052548561538097026,0.07487274362083088,0.04861548681500395,0.05254856153809703,0.6493082056829862,0.7153953182522635,1.1273482789064886,-10.684337584495545,0.48434790375380105,1.042702559139785,0.4396045938363271
site_b436f4a91f17ee10,151,0.1457193031467833,-0.0636292483967661,0.1310932265910286,0.12606925764110985,0.06129319789009288,0.12545844643757617,0.4861867122639883,0.25303461422718887,3.206351411747204,-9.608016507911682,0.2952421495669566,2.399912116049261,0.5672852722467071
site_b491b5d705afd5f5,391,0.061352989824441595,0.032306332477980565,0.052158319012600596,0.04204957950480631,0.05351558853102643,0.05215831901260192,1.2726783278512819,0.4247407720744082,1.4717980399156314,12.6317759988904,0.37371684403096317,0.6913533503836315,1.1197920223864517
site_b4a169fed07d4305,259,0.046800594784879766,-0.021129367848620913,0.04175937603145167,0.061761847544239926,0.060857900019288175,0.04175937603145182,0.9853639817962981,0.768133921123714,0.5672865791045955,-5.472506272792816,0.7477801794787746,0.9879621853281854,0.959254154642238
site_b4d57a535cfd4a12,156,0.04497974920658913,0.011845327637134456,0.043392004469217524,0.05214215258565391,0.07138053161470195,0.04339200446921755,1.368960199666578,0.7967789606058755,0.31561574283527427,1.847871111392975,0.4626272288045058,0.4241334358974359,0.7948481258012046
site_b5639796f8098e20,328,0.066956994699963,0.027530697529635776,0.06103523435510491,0.08939263547860543,0.08674089299868096,0.061035234355105335,0.9703360073709973,0.7602353933890545,1.4705024376742861,9.030068789720534,1.9335150579708378,2.621062195121951,2.467866265972427
site_b582b14f96e98786,39,0.07296360180056265,-0.04578890905930445,0.05680724421119031,0.06014136316583706,0.023899441752190373,0.05680724421119031,0.397387762666582,0.33433305181093326,0.20762380032073163,-1.7857674533128738,0.01874152575051173,0.141062358974359,0.02227614932658728
site_b61ae4423402851d,358,0.08639931717480888,0.0558512531167635,0.06592025131596843,0.07382807372468785,0.0458412352419606,0.06592025131596892,0.620918749863461,0.47372534545101025,2.672413438961814,19.99474861580133,0.5739677574874719,1.9513092402234635,0.7523079477661399
site_b67b52a6713d2819,119,0.08080881960607678,0.016340643006813624,0.07913942577660853,0.11061508376292459,0.05694277295797391,0.07913942577660861,0.5147830749739006,0.7315068291809093,0.7770777738091675,1.9445365178108214,0.548300082428365,1.4560479139495799,0.3858550476650604
site_b69cf9ad02aa761c,62,0.08467633387216866,-0.04796920462193028,0.0697784846924205,0.09497987628473452,0.039858633442403126,0.06977848469242066,0.41965345714826263,0.7582147825657345,0.4445450541179206,-2.9740906865596775,0.17796636962265736,0.5593129677419355,0.09850006091354313
site_b708e7aad1210ce8,162,0.11308146455037878,-0.0531489236060484,0.09981287263863818,0.11452000377685578,0.0923177335874258,0.09981287263864,0.8061275807090307,0.5521440958241711,2.0715616552270886,-8.61012562417984,0.9456576380868017,2.124602664938272,1.380655357424466
site_b72a5ec99205d5b7,153,0.05397682300839408,-0.03564329035687291,0.040534593554335176,0.061489892484022216,0.06433889580736,0.04053459355433519,1.0463328720907763,0.7933699194546375,0.4457651055781635,-5.453423424601555,0.48022470443457166,0.5784940522875817,0.63334250759768
site_b756906d27dccd10,62,0.13393356728621925,-0.11143997001455676,0.074292217150701,0.07280918320657881,0.052406945219965875,0.07429221715070103,0.7197848253739311,0.33130578679330175,1.1121684276527577,-6.909278140902519,0.07837827765725311,0.3286729838709677,0.17028225025188726
site_b7a18627a594b786,48,0.10006658554122468,-0.07811484426682194,0.06254112764452996,0.07420451114875962,0.02991254532281335,0.06254112764453,0.4031095260886085,0.5608275861445432,0.48063943401020326,-3.7495125248074532,0.05975225269119255,0.2643028547916667,0.04294849764908942
site_b7a3262e8a713a7b,102,0.046172077278949085,0.009116143366285398,0.045263193108513414,0.07305809270471093,0.05914743812341952,0.0452631931085135,0.8095946107227842,0.7853315327628381,0.2174497934658311,0.9298466233611106,0.34614453248759985,0.5444234607843139,0.3568387825295016
site_b812626cb80e0341,68,0.10357049520937471,-0.0764256318921552,0.06989971579198227,0.11366791593258296,0.050575875408050516,0.06989971579198227,0.4449441603033114,0.9212569466466735,0.7294256284982275,-5.196942968666554,0.36013969661021494,0.8785868676470588,0.17393850378376413
site_b843de06c1a6a47d,69,0.1741783418638998,-0.15827599827673122,0.07271040602253381,0.07980383758425219,0.02795450341615205,0.07271040602253424,0.35029021488646245,0.417616906373036,2.0933285394375707,-10.921043881094455,0.0642839745607173,0.4394370220289855,0.053920344025812306
site_b87223f545f36d24,58,0.07786322473729798,0.017404787590585908,0.07589305063981523,0.04813199869581796,0.045564301067054676,0.07589305063981562,0.9466530021952654,-0.31165012015403176,0.3516355424564764,1.0094776802539827,-0.03964184885179175,0.13436797931034486,0.12041412084029357
site_b87cd5aaea8e51ba,65,0.06269809057060116,-0.024354007658591637,0.057774846362102644,0.07075796900360265,0.04391607144549749,0.05777484636210267,0.62065195007592,0.5788383727312337,0.2555182864779549,-1.5830104978084563,0.11691480568807859,0.3254348615384616,0.1253603865283926
site_b881d34c09ab42e7,66,0.16482444884544675,-0.15404376840248252,0.05863118925595505,0.06640967428998663,0.03994829794631745,0.05863118925595507,0.601543350022738,0.4840821820015092,1.7930285298555495,-10.166888714563846,0.08476033481989394,0.2910761593939393,0.10532718958131154
site_b904064dea358149,1211,0.09550572658509315,0.07350713153509539,0.06097577735485422,0.06765767789582397,0.05641367051936758,0.06097577735485427,0.8338103268372679,0.5295010437735509,11.045947354571894,89.01713628900052,2.4474420053827597,5.543426829066887,3.8540101901974606
site_b9048e7e348a00c2,124,0.05490614136781746,0.04393637829672904,0.03292839233958245,0.04441798252471714,0.06079238077616133,0.03292839233958314,1.3686434484576688,0.8488749975286716,0.3738208606279418,5.448110908794401,0.2842322860156817,0.24464668927419353,0.45826848149378996
site_b9661fa344baf0d4,144,0.11569611636830589,0.10924051789773834,0.03810643767321321,0.03914794666895138,0.061612272401470755,0.03810643767321321,1.5738315197597847,0.8035951417073118,1.927525153350035,15.730634577274321,0.2791103937642442,0.22068888888888885,0.546634383908117
site_b969a6c48312ad74,9,0.1436873367118931,-0.14034243209097122,0.0308229214408381,0.02736668696710574,0.03529397235919008,0.030822921440839212,1.289669166078188,,0.18581445658221246,-1.263081888818741,0.004700463994344074,0.006740419999999998,0.011210980364021461
site_b9eaf91685021861,238,0.05628374041302727,0.018305510714274498,0.0532237513932513,0.0647945061807904,0.0372440300106345,0.05322375139325131,0.5748022819514321,0.5703357279220406,0.7539505455016873,4.35671154999733,0.32756869274271383,0.9992020714285714,0.3301340296010642
site_bb41a05397abcbe3,238,0.09671035523513319,0.09080580269964802,0.03327460000929008,0.03927229290354515,0.04144778015434242,0.0332746000092903,1.0553949639798312,0.6613525747727095,2.2259884887099455,21.61178104251623,0.2562108631977076,0.3670704915966386,0.40886459817400284
site_bb59973d2df99f1c,65,0.04522279784448128,-0.007998127612700832,0.0445099022642577,0.08388345535825427,0.07851630712894235,0.04450990226425771,0.936016605343812,0.8517871120904744,0.13293159391738332,-0.519878294825554,0.3646536779740682,0.4573682153846154,0.4007126815358163
site_bbd4ea535f73b619,96,0.045613935268192574,-0.03425141203030944,0.030124273677233065,0.033865973005424876,0.01658070657675836,0.030124273677233096,0.4895978206237379,0.4579983617919168,0.19974058470248282,-3.2881355549097058,0.02468890049317851,0.11010279625,0.02639230373611756
site_bbfd063296f373c3,52,0.08699404015232663,-0.06489149603935389,0.057940113598431424,0.060392120430228076,0.040863623180122446,0.05794011359843451,0.6766383244869305,0.3971056609733472,0.39353407714528016,-3.3743577940464022,0.05095966578733465,0.18965482692307692,0.08683145636916612
site_bc37e7bebe33d230,276,0.04165589997058136,0.012984949695567289,0.03958036235006784,0.04322011711482802,0.06467224894222691,0.039580362350067906,1.4963459902342344,0.8020832116579534,0.4789190646511061,3.5838461159765718,0.6187745047604962,0.5155620724637682,1.1543699401757221
site_bc93eecd419d5cf1,153,0.03986859602353789,0.012816176034656226,0.03775249105339626,0.04305533038598709,0.06935816209853339,0.03775249105339677,1.610907673376184,0.8772014351868868,0.24319425717987342,1.9608749333024025,0.4007885140851043,0.28362550562091504,0.7360148614020243
site_bcf274618f28d9ed,84,0.09175695158817444,-0.0016926624384664363,0.09174133778523176,0.08133476478471574,0.06294219104373888,0.0917413377852328,0.7738657781864865,0.2110203591938584,0.7072244058393854,-0.14218364483118065,0.09074479332858965,0.555688892857143,0.332784430724468
site_bd11119142bc591a,41,0.08597102528338578,0.041060686588287355,0.07553169669201797,0.10489694100970975,0.0480513715973126,0.07553169669201805,0.45808172416452775,0.7546228588270413,0.3030317047193389,1.6834881501197816,0.155948939478252,0.4511380975609756,0.09466630680770383
site_bd599065e701bf2f,260,0.07979639763144199,-0.06754387344213632,0.042488707151287525,0.06182782975767772,0.05311750904214642,0.042488707151287566,0.8591197402582343,0.7367011779078944,1.6555409194883521,-17.56140709495544,0.6290518083198713,0.9938969384615384,0.7335821393790516
site_bdd9f4c5442812d1,142,0.04182895359129307,-0.011009508502315468,0.040354083821591016,0.05363880748875492,0.06317298868250461,0.04035408382159126,1.1777478217752786,0.773123700675773,0.24845191291304208,-1.5633502073287964,0.37200422216390433,0.408551276971831,0.5666973628693395
site_bdfe6061d850b13b,146,0.04388310327153836,-0.0028552046875431132,0.04379011942131161,0.07322054408813285,0.05212820639277123,0.043790119421313355,0.7119341578509228,0.8070810124178851,0.2811561059001131,-0.4168598843812945,0.44975470961303743,0.7827422191780822,0.3967330856521939
site_be8516cfd6e0790e,150,0.11457731915149195,-0.0892556127611796,0.07184286780585249,0.08362365029636586,0.05183818014348918,0.07184286780585344,0.6198985569246549,0.5212019190556602,1.9691943095914266,-13.38834191417694,0.3389035616181294,1.0489372333333333,0.4030795380883254
site_bef664d28695b721,15,0.025783006539833512,-0.0034588734229405753,0.025549943657025415,0.10624619627178293,0.10063581831307258,0.02554994365702559,0.9471945523173485,0.97094494797319,0.009971451393496466,-0.05188310134410863,0.155722668966651,0.16932381333333335,0.15191351891312632
site_bf2aa2626c0e2039,210,0.05076117679922971,-0.011607052403461365,0.049416327307337984,0.06079515819425051,0.05483039348216183,0.049416327307338026,0.9018875040504002,0.6390504015398656,0.5411063847089579,-2.4374810047268864,0.44734723999630127,0.7761707645714285,0.6313381303758259
site_bfacedeb5df79c6e,50,0.07162626315797423,-0.02043792814922333,0.06864847170143383,0.08558305916476695,0.0378415797963446,0.06864847170143433,0.44216203727294806,0.6243183481731363,0.2565160786987688,-1.0218964074611665,0.10109581276351215,0.3662230008,0.07159925807415579
site_c0555c6b321e4775,2,0.06405330733131655,-0.039429746437072755,0.05047891912460328,0.02560000000000001,0.02487891912460327,0.05047891912460328,0.9718327783048148,,0.00820565236016018,-0.07885949287414551,-0.0012738006591796881,0.0013107200000000011,0.0012379212336171008
site_c0951b8580287e99,50,0.17498545291857884,0.17019026403069495,0.040683937398960174,0.031165853108811252,0.04830062491820476,0.040683937398960264,1.549793126136154,0.5477462771062196,1.5309954366560086,8.509513201534748,0.04122695013016462,0.04856552,0.11664751837445514
site_c0aaae0aecb597e5,655,0.1603152096595535,-0.1543746960075757,0.043236786198273224,0.03983966157125624,0.030437894823962534,0.04323678619827324,0.7640098741682847,0.26563812148691057,16.834133023562224,-101.11542588496208,0.21099003925496385,1.0396151053435116,0.6068348640610663
site_c0baac71bcc40ff4,11,0.026036405775505863,0.014038002462820571,0.021927811394679555,0.07213076509179196,0.08235013796342475,0.021927811394679596,1.141678420555055,0.9683169447992204,0.007456838682774745,0.15441802709102628,0.06326959970518946,0.05723132000000001,0.07459699744854598
site_c0e5aee02ccea819,55,0.05884034975235246,-0.029715747769312427,0.05078544174751035,0.06727519405796753,0.048806738366775286,0.050785441747510436,0.7254789681427163,0.6591915691919055,0.19042027174385404,-1.6343661273121834,0.1190444296813824,0.24892734545454548,0.131015374050157
site_c1458c9cb325529c,104,0.19786767311995765,0.19420336582225103,0.0379034136881542,0.017171163645680672,0.043056242856551755,0.03790341368815423,2.507473794146872,0.4815334107793948,4.071768070854267,20.197150045514107,0.037025047313995085,0.03066428153846154,0.19279936508792583
site_c1eaac8764a60481,45,0.0626032200659153,0.02572677016523149,0.05707272956050705,0.06595597484143458,0.035871593501799685,0.05707272956050706,0.5438717809575091,0.5028993603617969,0.1763623423179639,1.157704657435417,0.05354247100849948,0.19575857777777778,0.05790470491612609
site_c204fd32b9271e1b,91,0.10472266791789639,0.03853489604625073,0.09737504281152669,0.13493713515257091,0.05188321801183007,0.09737504281152669,0.38449918143857637,0.8154580882136928,0.9979821830016226,3.5066755402088163,0.5195189905314327,1.6569307703296705,0.24496001632494102
site_c29be1fac6229539,472,0.06083583349219667,-0.025798149561730474,0.05509495544857863,0.11395275257323767,0.06919318608494272,0.055094955448578974,0.6072094312989247,0.934555008192473,1.7468713565178113,-12.176726593136785,3.478043558078423,6.1290284745762715,2.2597929842763613
site_c2fa2fe516862278,53,0.06720752831140775,-0.05305699652230965,0.041252963308837536,0.04345334673907901,0.027096812118589594,0.041252963308837674,0.6235840079544563,0.39094050652471823,0.2393931486716197,-2.8120208156824114,0.024396525083496323,0.10007424716981132,0.03891457303047763
site_c33eaf01c8613ed2,878,0.08126418706641307,0.0677126947576337,0.04493171561630495,0.020196042709814937,0.05346441765578358,0.04493171561630501,2.6472719643141165,0.5776533049534813,5.79819619141805,59.45174599720239,0.5476371473728745,0.35811876391799546,2.509713792728871
site_c3aa24263a4277b0,258,0.08358086021740946,-0.03741756809658782,0.07473744571778829,0.09840480401585196,0.05255188458652124,0.07473744571778859,0.5340377953301517,0.6632223453402427,1.8023261302279918,-9.653732568919658,0.8848781102600313,2.498344406976744,0.7125187479875226
site_c3aefe4e5e9b8037,305,0.07107331571777703,-0.03521792236586086,0.06173422188179752,0.09016047111083199,0.05125231487595061,0.06173422188179895,0.5684566001540456,0.7514279473463278,1.5406819431712373,-10.741466321587563,1.0590509174072351,2.479317718032787,0.8011739329437944
site_c3d5b5decd374619,53,0.042036554044088834,0.00402242145110976,0.0418436614264485,0.031450866369180014,0.040173224901822145,0.04184366142644915,1.2773328540542057,0.3372238392834188,0.09365480942278488,0.21318833690881725,0.022582054309546948,0.05242532075471698,0.08553606394765628
site_c3fac8d15831ac8c,148,0.04317685959258966,0.02395234432494318,0.03592389741686673,0.054643480170353635,0.052205883976014014,0.035923897416866746,0.9553909050679003,0.7748484780379089,0.27590769823317385,3.5449469600915906,0.3271420002508204,0.44191466891891895,0.40336723961412146
site_c3fba37c42f73863,128,0.036386175303673204,0.031193241824023422,0.01873327034283213,0.01969198355444656,0.012503759935324054,0.018733270342832162,0.6349670108525272,0.39229104501456596,0.16946608041339367,3.992734953474998,0.012363699909835123,0.0496350996875,0.02001203360258752
site_c438c579f3fbc2ec,83,0.08785445196575935,0.057542950710331095,0.06638684774676623,0.08455079810219648,0.0637426849284664,0.06638684774676626,0.7538980868213763,0.6312979170098583,0.640627592606925,4.776064908957481,0.28239728219601584,0.5933535091566267,0.3372397801968481
site_c45005d41e05ffcd,278,0.07167010813381616,0.04081742981655136,0.05891130471381368,0.09478918420125944,0.06363345698138953,0.05891130471381371,0.6713155885620973,0.7927751564882406,1.4279760231757865,11.347245489001278,1.3293493607543785,2.4978270647482015,1.1256822835778542
site_c4ae57110fb255d4,1016,0.08021714363642538,0.05653658750418603,0.056906980297397755,0.03309788869498283,0.0599414962130497,0.05690698029739792,1.811036853904702,0.3654472948933756,6.537746775317891,57.44117290425301,0.7366247892600932,1.1129977598425196,3.6504706957511965
site_c4f8e2def8cc0f30,94,0.07779051134910314,0.05356661332668142,0.05640905594551944,0.07413675607400827,0.0550101888728459,0.05640905594552009,0.7420096560190877,0.6547370309210234,0.5688281836597648,5.035261652708053,0.2509987007519032,0.5166483085106383,0.2844553627036608
site_c56fc9c5f1ff5d0d,122,0.040786057904138806,0.005178254199321152,0.040456003297495616,0.05707869031375326,0.046320525403015386,0.04045600329749564,0.8115204667170566,0.7123678079841712,0.20294730736189112,0.6317470123171806,0.22977966528300378,0.39747318032786877,0.26176211098059005
site_c59fe04d734e33bd,568,0.07388908100941212,0.04262666901669033,0.06035365259002142,0.07799892408405983,0.044680929771069716,0.06035365259002167,0.5728403346040627,0.6366674601262821,3.1010506940919846,24.211948001480106,1.2602938105560104,3.455616665897887,1.1339469555977262
site_c5ee40e68c26cb53,124,0.17675725738094838,0.17346580976199724,0.03395203794250689,0.023903501968279766,0.03441107226461823,0.03395203794250723,1.4395828824697794,0.36639838695234284,3.8741478765675192,21.509760410487658,0.03737102205853068,0.07085079838709678,0.1468311149056965
site_c6112b3d07cf93a0,216,0.16801487858969397,-0.14430765658920564,0.08604824040758474,0.11398090644317443,0.05004555859926829,0.08604824040758516,0.4390696666745555,0.7092888746731869,6.097463876342074,-31.170453823268417,0.8739257715229221,2.8061957592592597,0.5409845140707641
site_c62b54e06aa4fffe,37,0.043206103865525314,0.02276498172734235,0.03672224146470815,0.03362320757535222,0.03952251005993775,0.036722241464708226,1.1754532928295058,0.5057011862214305,0.06907039421582678,0.8423043239116669,0.02486447861166419,0.04182924324324325,0.05779506565320158
site_c6d377978f89caf6,53,0.042910258254910495,-0.01799847166886869,0.038953116448983194,0.08859817651313413,0.06908372336515582,0.038953116448983194,0.77974204531077,0.9071566242137558,0.09758838396566505,-0.9539189984500407,0.2942785895104819,0.41603075471698114,0.252945724201649
site_c6dbad6563643f29,50,0.15510855181750283,-0.1502541454668045,0.038501358637888436,0.03219481877569743,0.04577124943089037,0.03850135863788934,1.4216961353247695,0.5595691777800488,1.2029331423461478,-7.512707273340224,0.04122897533753514,0.05182531779999999,0.10475036372323909
site_c7184b24616d8b68,11,0.04152020174454054,0.03815304402871565,0.01637902268910549,0.08969228294471443,0.09324417662214675,0.016379022689108236,1.039600883831017,0.9847155457170914,0.01896319868198082,0.41968348431587216,0.09059000340239569,0.08849176181818182,0.09563924121336309
site_c79eeb4ffddf3d41,568,0.07497630823071488,0.06626584828403634,0.035075406585016844,0.037862885422486836,0.0353301659428745,0.035075406585017094,0.9331081228661947,0.5425477960632462,3.19298178007527,37.63900182533264,0.4122358181535358,0.8142837165492959,0.7089893153129958
site_c7e77fa91cd0e5b5,45,0.06402347144705314,-0.012236178713374663,0.06284330375327181,0.06847696197253246,0.033736648418416976,0.06284330375327182,0.4926715123832371,0.4064558491129734,0.18445522032592332,-0.5506280421018599,0.04225443616956473,0.21100924444444452,0.05121726509285446
site_c83832e8d67694ad,46,0.053425314106974375,-0.03281706552920134,0.042158088162071346,0.04370764641784688,0.012798572176009599,0.04215808816207139,0.2928222685260773,0.2653376948798365,0.13129615262172825,-1.5095850143432616,0.00682772037597454,0.08787648434782606,0.0075349586882482444
site_c8f87af663a64c0b,62,0.05777881847246201,0.04486634969826668,0.03640607818519544,0.018646476680913814,0.031485899511821264,0.03640607818519553,1.6885709858554483,0.011625282308684688,0.20698029557257047,2.7817136812925343,0.00042316338746778437,0.021556847741935482,0.06146443582024741
site_c8f923241d7b6cf3,153,0.0571705989261108,-0.00809238561929441,0.05659497041751023,0.08825432910147732,0.05762412372760554,0.05659497041751048,0.6529325452278686,0.7773329770729549,0.5000770393802438,-1.2381349997520448,0.6048377306435038,1.1916904705882354,0.5080425642122819
site_c90d703c921023d7,384,0.11740747854967032,-0.09776573507743887,0.06501059193823212,0.07920925509474842,0.03959088621213195,0.06501059193823215,0.4998265185649603,0.5764043531195938,5.293254151446257,-37.54204226973653,0.6941121215169745,2.4092567395833333,0.6018962960878003
site_c91d0d6c46ea62b9,342,0.053953190316631476,-0.027302401676164042,0.04653520826273427,0.059308350639052314,0.041020273056707135,0.04653520826273428,0.6916441380465036,0.6236768014866272,0.9955437869071885,-9.337421373248102,0.5189196179987569,1.2029783157894736,0.5754706781632101
site_c9aed1d9afe08cac,128,0.07391494825692602,0.013615958729758858,0.07265001888295386,0.10018987832485875,0.0576051522700325,0.07265001888295387,0.5749597986660068,0.6998532057369725,0.6993177057054784,1.7428427174091339,0.5170137627590448,1.2848655,0.4247492567108647
site_c9e5c8b8112d21fb,124,0.04972672799260195,-0.04230491468579538,0.026135065913018028,0.04699091275175974,0.06281421670035922,0.026135065913018028,1.3367311469813261,0.926709166416022,0.3066206871294276,-5.245809421038627,0.33918526190001397,0.27381008927419354,0.4892576016402812
site_ca4c08bc8824e7df,72,0.11415332498997818,0.10503995025323498,0.044694411922135184,0.02617135116713656,0.058654644236133015,0.04469441192213519,2.2411775326978844,0.6930350618111952,0.9382306756512655,7.562876418232919,0.07659779239135484,0.049315652777777774,0.2477064449136479
site_caaaa1aabb1e21d9,11,0.12468415113197837,-0.09870412989204581,0.07618157445049407,0.13489371083612645,0.06208597900209666,0.07618157445049407,0.4602585147762809,0.9699900904554939,0.17100751297852224,-1.085745428812504,0.08936042349318211,0.20015944545454548,0.04240135667513667
site_caab4140fe1f5c75,199,0.07466975024117017,-0.05597470605972425,0.049420682741198575,0.0745912890863636,0.038262073136299084,0.04942068274119861,0.5129563197654129,0.8033312678049891,1.1095387486146677,-11.138966505885126,0.4562515551818525,1.1072082211055276,0.29133326189681247
site_cadb6c34bf67432d,262,0.05870242334813191,0.008099197150186728,0.05814101403024984,0.08020170337813158,0.0423419512762242,0.058141014030249946,0.5279432916354927,0.7133280392475783,0.9028453208191451,2.1219896533489226,0.6346657280717756,1.6852660648854962,0.4697242995240738
site_cb6d0d529a35bf72,121,0.10880876141564301,0.03822675216828496,0.10187277349454486,0.08029625390703674,0.06665273216089261,0.10187277349454486,0.8300852022070675,0.04783412678784678,1.4325609338575649,4.62543701236248,0.030976793550921623,0.7801460953719007,0.5375529912459144
site_cb73c7416c77fcc5,47,0.07149847076753361,-0.062488438710253294,0.03474516296768193,0.04779927284365394,0.028897235286226796,0.034745162967683325,0.6045538680210976,0.6923334054706435,0.24026547213850535,-2.9369566193819048,0.04494596703509068,0.10738421276595744,0.0392473597378149
site_cb8aadebec9e1fcf,153,0.03785120979050009,0.003235871571808856,0.03771264002659067,0.045301158013228364,0.0737722762972523,0.03771264002659116,1.6284854412708414,0.9084912903755957,0.21920525463848084,0.4950883504867549,0.46453098439764157,0.31398582235294115,0.8326793587619545
site_cbe94aaae2e082ea,54,0.05386552909772407,0.016051764891324222,0.05141824645834792,0.04945340773937663,0.02593741932145698,0.05141824645834814,0.5244819418340032,0.1849830408004041,0.15668074214879893,0.866795304131508,0.01281293610955278,0.13206453499999996,0.03632848493708285
site_cc2f4e33aba4f988,24,0.15165465622614163,-0.1373394469598929,0.06431960093019823,0.061927302249402794,0.026834045035634,0.06431960093019824,0.4333152593594981,0.12578400871424925,0.5519792341216607,-3.2961467270374296,0.005016548076520365,0.09203977833333332,0.01728158335138641
site_cc39c5b4f811532d,154,0.057015164462471145,0.04201506487967132,0.038541708600419396,0.04908372963373881,0.058637240649375935,0.03854170860041962,1.1946370230405292,0.7577955885417672,0.5006122627171254,6.470319991469383,0.3358797906996174,0.3710187272727273,0.5295022026098152
site_cc701381aa01ffc3,51,0.07104778661480902,-0.03549439047247756,0.06154621213243534,0.08519605361131434,0.03310906926437115,0.06154621213243561,0.38862209997921954,0.8094695202530952,0.25743718712603525,-1.8102139140963556,0.11644936566142475,0.3701767450980393,0.05590673384519923
site_cc73ca175d85bc6f,40,0.06670120752546727,-0.03313913951814174,0.05788651412334818,0.07918143721858047,0.03150348839593677,0.057886514123348234,0.39786456905260953,0.7839917036502947,0.17796204341421806,-1.3255655807256697,0.07822642527520657,0.250788,0.03969879124451692
site_ccee683800437b50,18,0.21241485723991474,-0.1980593555437194,0.07676303314656024,0.07771759576413839,0.019542671480254636,0.07676303314656045,0.2514574889779633,0.17427381847774429,0.8121612883725604,-3.565068399786949,0.0047643969787491665,0.10872044444444441,0.006874488154532843
site_cd09f5e742102c10,336,0.10327315731729338,0.08746015327672164,0.05491872732588387,0.09010750539408285,0.0646673165094273,0.05491872732588464,0.7176684808508065,0.7967342454878642,3.5835559274868953,29.38661150097847,1.5599065006190824,2.728105809523809,1.4051055730422304
site_cd9b47f2c6e7c758,40,0.1304114459571948,0.11372273285984993,0.06383012821179003,0.05713072181409929,0.04709942640834647,0.063830128211791,0.8244150417284384,0.2616280284953264,0.6802858094658537,4.548909314393997,0.028159801509231332,0.130556775,0.08873423871980979
site_cdb6242d14e183d0,160,0.08561577484009553,-0.04032066467553378,0.0755268488790119,0.1102085494641863,0.05701390481958092,0.07552684887901227,0.5173274223893884,0.7712523755096452,1.1728097442351895,-6.451306348085405,0.775376385294646,1.9433478999999998,0.5200936548441972
site_cdbb0d22e7b06f01,175,0.12833232493383048,-0.09288423906115122,0.08855339494877176,0.08999552269316693,0.08362295713854374,0.08855339494877278,0.9291901934238442,0.4817025173230272,2.8821074840113936,-16.254741835701463,0.6344003144900501,1.417358968342857,1.2237398181040768
site_cdd0193742d73d25,11,0.10302332003033733,0.09173579446185719,0.046886549078869084,0.05671488938264758,0.02357086038410999,0.04688654907886979,0.4156026863612592,0.588642127049518,0.11675184917080637,1.009093739080429,0.008655986088243398,0.035382365454545456,0.0061114400517192635
site_ce2a9736239174ff,54,0.08656728615252618,0.07038673525827902,0.05039446925501142,0.062441031166324074,0.054412217940018014,0.05039446925501209,0.8714176707793353,0.6357467807843986,0.40467033171792094,3.800883703947067,0.11663917117483089,0.21053964814814813,0.15987723090220896
site_ce840bd031a93a0e,69,0.029019296110191568,0.00329030399305233,0.028832159932344358,0.07901782346484096,0.06956350482694393,0.02883215993234516,0.8803520747176269,0.9325139041066552,0.05810624872443758,0.22703097552061077,0.35368034429848194,0.4308233333333332,0.3338966030627693
site_cec4a302b657dde7,101,0.051924773304405564,0.020762415584361198,0.047593110654969635,0.0984110503445555,0.07311404723648192,0.047593110654970155,0.7429455023647848,0.8870664472071476,0.27231439035410476,2.097003974020481,0.6446473748457462,0.9781582178217822,0.5399120542331495
site_cedd671db129d181,93,0.06753764257337258,-0.00032851222189523877,0.06753684360472212,0.0607916632045953,0.06828289249230578,0.06753684360472603,1.1232279048279799,0.4573508173413537,0.4242039842862825,-0.030551636636257207,0.17655838323664927,0.343693247311828,0.43361746686176833
site_cf410c13c4f583ea,45,0.026044821689233052,-0.009027139235867395,0.024430380554551497,0.06510923774324326,0.056012813391090016,0.024430380554551677,0.8602898042206425,0.9295166735504931,0.030524973157077497,-0.40622126561403277,0.15254560371264816,0.19076457777777778,0.14118458687932828
site_cf467e53e3fb79b4,253,0.06619900251101016,0.0237475504684354,0.061792894253318825,0.07252174968612889,0.058167153736362144,0.061792894253319054,0.802064952763925,0.5718375143089343,1.1087239071635406,6.008130268514156,0.6102942116473444,1.3306292569169962,0.856004696768766
site_cf53fcd25709e5dc,34,0.06762973480585374,0.025494123343159168,0.0626404877445402,0.06480489750384943,0.03220501008877602,0.0626404877445404,0.49695333731317193,0.31456158349340835,0.15550855501694358,0.8668001936674117,0.02232111407728756,0.14278894117647065,0.03526353094381762
site_cf6b1b2134e1588b,836,0.05400029346581024,0.020195817029290793,0.05008154020108643,0.04415691325293052,0.05078305438850379,0.050081540201086454,1.1500589748567518,0.45053743151956616,2.437802496513073,16.883703036487102,0.8446070096343221,1.6300603779904308,2.155975960489514
site_cfa28b3d4c2af861,102,0.10698743806559242,-0.01304281540057238,0.10618943860038796,0.10268213657996172,0.050474953163501424,0.10618943860038817,0.49156508468437476,0.1751098412444871,1.1675238141915754,-1.3303671708583829,0.09257240516011622,1.0754493596078434,0.2598675314794816
site_d04beb93196a3a21,622,0.04056247444758133,0.017870982637934362,0.03641349080856347,0.05554434597774493,0.052252316705610195,0.0364134908085639,0.9407315143569472,0.7734390913102234,1.023385515319248,11.115751200795174,1.3962459007417034,1.918978458199357,1.6982494618863089
site_d0ce78b41de4999b,52,0.07206543227726091,-0.010708707576531631,0.07126535000509585,0.08190731971972125,0.03963113552870698,0.07126535000509608,0.4838534048522257,0.49300783225432104,0.2700581795240409,-0.5568527939796448,0.08321783120597782,0.3488580692307692,0.0816725989713265
site_d122c9eee96eec44,13,0.0417452581487837,-0.0011262494646585874,0.04173006278514266,0.022781701366661872,0.04467501507951277,0.04173006278514269,1.961004332402012,0.37997906304547013,0.022654665512811693,-0.014641243040561636,0.005027520871506287,0.006747076923076924,0.025946140640611015
site_d132cef849713e59,125,0.04676555497438027,-0.011963777958154675,0.045209348027037015,0.07024353066297281,0.045001221410127565,0.04520934802703721,0.640645778841081,0.7774927094044684,0.2733771415077229,-1.4954722447693345,0.30721114871084687,0.6167692000000001,0.25313874105041545
site_d15ecf104b47687d,115,0.0991616808896352,0.08670373425898344,0.048119657338819684,0.05843127318654265,0.044470197793284615,0.048119657338820045,0.7610684376380589,0.5919510533024865,1.1307994800386518,9.970929439783095,0.17688786844520465,0.39263457391304346,0.2274238265539934
site_d1bc13bbd7c8604f,141,0.07181137045846202,-0.05328196563483975,0.04814462654554738,0.05890450722807299,0.03463289479355698,0.04814462654554953,0.587949826308902,0.576282985338651,0.7271190827242684,-7.512757154512405,0.16576476823890463,0.48923347702127656,0.16912067365120365
site_d1da6ed45ac274f5,50,0.08660908869315352,-0.03541202034950256,0.0790387440374969,0.10882830514163123,0.05214965002028749,0.07903874403749798,0.47919197080593096,0.7326465485472906,0.3750567122129267,-1.770601017475128,0.20790157345533372,0.5921799999999999,0.13597929986192359
site_d2a88afeebc07d80,46,0.09989577325393525,0.07617339710049008,0.06462800544789152,0.051980006516974646,0.057884600462205345,0.06462800544789198,1.1135935591562978,0.311709457753423,0.45904161364407564,3.5039762666225434,0.04314268608002559,0.12428836956521742,0.15412884065078059
site_d2c6c5fd07d735c9,451,0.055657498705253675,-0.0035091529398958337,0.05554676415210642,0.059102753639767254,0.044711516343052225,0.049350366278281516,0.7565047919014066,0.5783748791723246,1.3970884801185168,-1.582627975893021,0.6893076174467867,1.5754041049991625,0.9016029818564568
site_d355ed29576c96c4,250,0.040381558002211736,-0.00865506565785408,0.039443124434357706,0.06243067502438204,0.05173095235592879,0.039443124434358726,0.8286143363935354,0.7768645080388957,0.4076675566714977,-2.1637664144635202,0.6272400688133836,0.9743972959999999,0.6690228579128437
site_d3c0f0b2faa9bb95,81,0.05267869015188211,0.04369363127711378,0.02942636542180541,0.053459110804130454,0.04159341387470778,0.02942636542180547,0.778041633111004,0.836946049698316,0.22477859608555809,3.5391841334462164,0.1507400937632278,0.2314879987654321,0.14013097829797144
site_d4253e2faeb3b528,43,0.11300956709510815,-0.10581986602239829,0.03966507544459513,0.062157952638881506,0.03258713924356857,0.039665075444595375,0.5242633944668316,0.8274825962700901,0.5491599769660213,-4.550254238963126,0.07207261197170198,0.16613527627906977,0.04566263069542825
site_d46dadf54503ff71,88,0.04944249339036372,-0.03270973615212874,0.037076047706225135,0.05799199770244737,0.055039720814987855,0.037076047706225135,0.9490916504962041,0.7860313523272959,0.21512129343374206,-2.8784567813873294,0.22078361146152015,0.29595031818181816,0.266584636330479
site_d47f3d91f6768d70,53,0.0335723787791152,0.008503099194112813,0.03247771422042294,0.023595725819878736,0.04647514381831225,0.03247771422042296,1.969642475636763,0.757738917626556,0.05973654469508439,0.45066425728797904,0.04404022674628025,0.02950818867924528,0.11447676662543876
site_d55e4a9082082245,5,0.051542918456714916,0.04665074080109596,0.02191759169581648,0.08287425173116195,0.08738485114183703,0.021917591695817504,1.0544270303074004,,0.013283362215177816,0.23325370400547982,0.035059682458341124,0.034340708,0.038180561045405084
site_d583e7eb857a6d07,415,0.06617714607143713,-0.013754398160813803,0.06473199512910234,0.08165805495321894,0.04734674495841007,0.06473199512910247,0.5798172021796814,0.6103497477262971,1.8174570847965354,-5.708075236737728,0.979300608227393,2.767235744578313,0.9303114171350426
site_d5dd2bb3b8af01ea,43,0.0839880253244787,-0.02814529505995817,0.0791317304492526,0.10177320782100992,0.037816668849247385,0.07913173044925281,0.3715778411520263,0.7179075380449506,0.3033215011099269,-1.2102476875782013,0.1188101934464865,0.4453847906976744,0.061494319042706413
site_d5fa35b8748ecd00,221,0.11592108339044314,-0.09800067593695351,0.061915790314864695,0.060033626254582965,0.04964105590917431,0.06185456505943045,0.8268875129858528,0.3762053232744015,2.96973116394551,-21.658149382066725,0.24777232612693578,0.7964920181617647,0.5445958094228871
site_d65f83745aba7368,108,0.04629754074318004,0.0016392935801435387,0.04626850976014373,0.03172314651309605,0.044673406240784606,0.046268509760144245,1.4082274664129673,0.30387658580067733,0.23149392611757294,0.17704370665550218,0.04650999773873223,0.10868666666666667,0.21553702831665067
site_d68e520b86217ecc,289,0.09700058483177919,0.09188306242557545,0.031090453470559037,0.04461660394612093,0.044209632327798974,0.03109045347055919,0.990878471637747,0.7550168113985866,2.7192337892773786,26.554205040991306,0.4303956546590609,0.5752953494809689,0.5648480696715996
site_d6e0f79187805dc4,57,0.05107640743596723,0.03055773999607354,0.04092705612302571,0.089119622819205,0.05988541639591565,0.04092705612302623,0.6719666724510702,0.9231412434989615,0.14870156560420095,1.7417911797761918,0.28082607084538846,0.4527115087719298,0.2044169965239956
site_d735284ea202b77e,489,0.14871018470527445,-0.12580543565221114,0.07929509061369562,0.07610930634956983,0.029414289184493663,0.07691813445942194,0.38647427752650787,0.1655932310685709,10.814097608152576,-61.518858033931245,0.18127902681211258,2.832594364863196,0.42308299962399115
site_d74ec077de336965,56,0.038624753537747324,-0.00704747103154659,0.03797637078383394,0.033292132275187354,0.019233029707898322,0.03797637078383435,0.5777049528976163,0.02816670508844036,0.08354480880769656,-0.394658377766609,0.0010099814273416994,0.0620685,0.020714928177714365
site_d7943e43ff597b33,72,0.05572531689511428,-0.023857442045211796,0.05036003774939281,0.07444795778401095,0.035904477232948484,0.050360037749393495,0.4822761873081175,0.8034927774350338,0.2235823879003854,-1.7177358272552492,0.1546378740525908,0.3990598861111111,0.09281746694673476
site_d830d9e3fbd26651,704,0.08853732091495971,0.07651661665923894,0.04454283971438777,0.06944315061280372,0.0862184782946488,0.044542839714387966,1.2415692193371206,0.857810878882085,5.518555465138188,53.86769812810421,3.6157132340228104,3.3949352215909094,5.233272703609158
site_d8459840bc683e6d,9,0.03986991203545043,0.03419378781318664,0.020503530444811777,0.04536999606799494,0.04167479231267279,0.020503530444813445,0.9185540208162188,,0.014306488971430992,0.3077440903186798,0.015186735435658032,0.018525928888888887,0.0156310948287397
site_d8c17cfcfd29e789,109,0.07823805775315854,-0.004023538854144037,0.07813453024160166,0.10371761736159257,0.06759275009570143,0.07813453024160215,0.6516997961884491,0.6576593401919356,0.6672101112275362,-0.4385657351017,0.5025509964321458,1.1725505124770643,0.497997005339494
site_d8f779aeecdbd8d2,131,0.1175840219832436,-0.08313953943106965,0.08314937888490526,0.09065674437343546,0.04630480832466187,0.08314937888490537,0.5107706949404888,0.41080159792573073,1.8112062915740246,-10.891279665470124,0.22590696943556993,1.0766425343511452,0.2808817208918615
site_d93f1ce9d07f856a,55,0.0795679457742968,-0.04414113596352664,0.06620134523248669,0.10731925031234286,0.05457776546537123,0.0662013452324867,0.5085552247758686,0.8633355851332154,0.34820818971077894,-2.4277624779939653,0.2781222361556508,0.6334581818181818,0.16383028657561877
site_da42d7233341c5fa,34,0.10502776366042252,0.05976996843534358,0.08636192455444472,0.1138287907280751,0.07458560187400087,0.08636192455444473,0.6552437340055555,0.6514510069450618,0.37504825874332537,2.0321789268016817,0.1880476010771797,0.44053778235294117,0.18914240823483675
site_da8bcad340f647ba,6,0.059350172631268544,0.05434855681955814,0.02384695710132925,0.06655862077897948,0.08444078399153936,0.023846957101329905,1.2686678750742295,,0.021134657948168267,0.32609134091734887,0.03297485591433942,0.02658029999999999,0.04278147600663486
site_da99bb912bf39167,787,0.07520723360328525,0.018980907622104682,0.07277261251391383,0.08023980321932427,0.057489296689889675,0.07277261251391426,0.7164685652674239,0.48207888084285216,4.4513727251859265,14.937974298596384,1.7501275001934138,5.067041278271919,2.601050137077852
site_daa49998006715f8,95,0.11349808831621125,0.09384896286976963,0.06382936800331872,0.07487550960800315,0.06909976659690555,0.06382936800331883,0.9228620540770215,0.6094972412678052,1.2237725248862765,8.915651472628115,0.29957924449734,0.5326024842105264,0.4536038856559483
site_dabd51f8216ca183,414,0.05881189800685071,-0.029167584047873233,0.051069476088740726,0.06775277996840244,0.044188108576016016,0.051069476088740726,0.6521962434105851,0.6571662143509563,1.4319594897276389,-12.075379795819519,0.8145319062137734,1.9004418260869567,0.808371820963673
site_dad0353659cda19f,170,0.050516371181506856,0.0026434722995056824,0.05044715860729446,0.07133913570920959,0.05556240823503964,0.05044715860729447,0.7788489120687055,0.7103756954011751,0.433823638749122,0.449390290915966,0.4786807028904996,0.8651762882352941,0.5248208055091241
site_daf47f9c44bf482f,99,0.050968609922714826,0.020072257096117194,0.04684979927941248,0.052974494924817705,0.0520991567121723,0.04684979927941248,0.9834762329704568,0.6025007431665449,0.25718212054793255,1.987153452515602,0.16462291973182047,0.27782341414141415,0.26871789088182935
site_dafe0965d62ae39c,205,0.04549123985478615,0.029210476648516774,0.03487407285494684,0.05842314617955921,0.04607335970644122,0.03487407285494719,0.7886148336626405,0.8024178540061985,0.42423784522276514,5.988147712945938,0.4427812964831729,0.6997191219512195,0.4351646673010199
site_db96cd85e659d65b,81,0.08869245293676101,-0.04580040272076925,0.07595178943616088,0.06763450176041677,0.05974514428877128,0.07595178943616088,0.8833530629146624,0.29390397187628575,0.6371744478431048,-3.709832620382309,0.09619696792439544,0.37052849209876537,0.28912806355297405
site_dbd5f7c9c3a46705,3,0.045434435585828464,0.015242004700501762,0.04280150966628021,0.05837128289378834,0.01995989016359405,0.042801509666280504,0.34194708723316597,,0.006192863811008388,0.045726014101505286,0.0029604519784450526,0.01022162,0.0011951916460282153
site_dc096381800c2a0d,61,0.03017760010722736,-0.016833237259505227,0.02504655009371418,0.028580942169699603,0.03500294298611283,0.02504655009371419,1.224695210475657,0.7070783859024484,0.05555194044213546,-1.0268274728298188,0.04314977134269525,0.0498290855737705,0.07473756707903301
site_dc3fa845eee493af,75,0.07140550890883655,0.02335321281115214,0.06747869407395918,0.08920098255562485,0.0483071869531434,0.0674786940739597,0.5415544265223705,0.6656951519663067,0.3824060026897452,1.7514909608364104,0.21513845423579217,0.5967611466666667,0.17501882334944607
site_dd81667799d2704b,215,0.08790803469458626,0.07930565555566965,0.03792671302327774,0.0658336481338303,0.0645667432460942,0.03792671302327883,0.9807559671437216,0.8309875320399861,1.661481851230885,17.050715944468976,0.7594335349210819,0.9318248837209301,0.8963058316825157
site_ddb8d9051d38fd31,29,0.036820734399124824,0.01914715258211925,0.031450803323411915,0.04800322026455042,0.04944266191101907,0.031450803323412095,1.0299863558847875,0.792053987892031,0.03931722796903593,0.5552674248814582,0.0545161276724318,0.06682496551724137,0.07089272768857274
site_ddd5a78c36a9e7a3,382,0.06170883328965043,-0.03501272017052348,0.050814265046643034,0.07588470319358175,0.038279516073650016,0.05081426504664373,0.5044431151822395,0.7989659380692817,1.4546484004804903,-13.37485910513997,0.8865685194996308,2.199742484293194,0.559752756018141
site_de08b55dd68ab719,250,0.16342563160884674,-0.14586258410549163,0.07370239904384976,0.10030286408672485,0.05396741947201884,0.07370239904385012,0.5380446507026659,0.6965622061207094,6.676984266687621,-36.46564602637291,0.9426379104562401,2.5151661359999995,0.7281205911172097
site_de0c25f31478d5ae,20,0.04839888368536021,0.0421728104364872,0.02374670507411802,0.04058414838332819,0.04211840230484368,0.023746705074118316,1.0378042655231803,0.8357400415604667,0.046849038839780525,0.843456208729744,0.028571269108355047,0.032941462000000005,0.03547919625425322
site_de2dd333b47cf663,29,0.06388727280344353,-0.01612430059807054,0.061819014522108626,0.10077300518059006,0.05810260480841182,0.06181901452210863,0.5765691387717292,0.8291402223080822,0.11836592516158684,-0.4676047173440456,0.14078805018139295,0.2945007586206897,0.09790146788015193
site_df32de3b824705c1,130,0.07425474162648302,0.06811504533611812,0.029565304883838493,0.03443732322305598,0.0463762999800192,0.029565304883839308,1.3466871301126564,0.7709663612433612,0.7167896650220476,8.854955893695355,0.16006790655255315,0.15417080000000002,0.27959895597877477
site_df4d1a2cf99eda94,136,0.04742338771546229,0.016133727748604384,0.044594624466912744,0.07668485253944575,0.059076377577876475,0.044594624466915304,0.7703787074179782,0.8147323865573763,0.30586096752790415,2.1941869738101962,0.5019695036455112,0.7997570588235294,0.47464250073044045
site_df5a72d9e6b0c9b0,180,0.05391254537979821,0.01396217059161928,0.05207322096528428,0.0787738306094663,0.04566442706330811,0.0520732209652861,0.5796903198690021,0.7754635724902723,0.5231812588791842,2.5131907064914705,0.5021042351588607,1.11695695,0.37534318182363346
site_df8e2a9486152870,479,0.03819524941257784,0.007942159682574501,0.0373603958392509,0.05472766722265866,0.03783068356909029,0.03736039583925094,0.6912533548191767,0.7318636176676939,0.6988021202130443,3.8042944879531864,0.7257997209007283,1.4346613110647182,0.6855259366469217
site_dfda0bf114384539,49,0.07768400261453445,-0.0022423507291443492,0.07765163311497383,0.07796440841558305,0.05012022336163523,0.07765163311497383,0.6428603048518419,0.3276581356298507,0.2957054088485348,-0.10987518572807312,0.06273738627774374,0.29784400000000005,0.12308980270119008
site_dffc4a16666e5428,8,0.09059002294218098,0.08672352602779866,0.026183626371658403,0.050504325309818764,0.06796130172584271,0.02618362637165847,1.3456530962236228,,0.065652418053319,0.6937882082223893,0.025935372469201686,0.020405495000000003,0.03694990825816824
site_e06c7a98fed0bd3d,30,0.023492821119965427,-0.014521576551596324,0.018467172459010108,0.02199618653817571,0.016821436435639894,0.018467172459010243,0.7647433070475774,0.5753350143585537,0.016557379325240807,-0.4356472965478897,0.006386347310245036,0.014514966666666667,0.008488821712748201
site_e0819506e4cfd43e,250,0.060126988657564266,-0.018222572016716003,0.05729915037871383,0.07722653688985412,0.06280252083457522,0.05729915037871481,0.8132246163536835,0.6829766022437729,0.9038136912567154,-4.555643004179001,0.8281127486318349,1.4909845000000002,0.9860391557943133
site_e08b0590bf66e62a,111,0.05485560604943355,-0.05290124524219616,0.014511918097745343,0.026312745231973116,0.023004521956596347,0.014511918097745343,0.8742729712840117,0.8350839036183166,0.3340142641706222,-5.8720382218837734,0.0561089917996311,0.07685202234234235,0.0587420913801191
site_e0a3f27c6c9560a4,56,0.1664101066421957,0.11134228501319884,0.12367384186118963,0.13244723915852033,0.06139150241850026,0.12367384186118964,0.4635166637563765,0.3699341215523499,1.550770121189349,6.235167960739135,0.16844711993783715,0.982367185,0.2110593278752405
site_e0ceb845349c800e,31,0.04789243000562638,-0.01023559174614568,0.046785868736724946,0.05864159469618785,0.054820002064238066,0.04678586873672509,0.9348313658291728,0.6618205325216754,0.07110423040715848,-0.3173033441305161,0.06595485199146695,0.10660393548387098,0.09316221141601505
site_e0f23347bc3a360e,5,0.16677135299175883,-0.15583299462795258,0.059403383438877716,0.04735145193127663,0.013749200441831595,0.05940338343887774,0.2903649176753113,,0.13906342089350915,-0.7791649731397629,-0.002743903627991676,0.011210800000000003,0.0009452025639483108
site_e112cf24dd2b666b,2,0.11193786242852055,0.1103386652469635,0.018853752851486202,0.011499999999999996,0.007353752851486206,0.018853752851486202,0.6394567696944529,,0.025060170090132786,0.220677330493927,-0.00016913631558418266,0.00026449999999999987,0.00010815536200148301
site_e1c83eb53198657c,16,0.07316237880989267,-0.0015426700912415936,0.07314611296652625,0.08943485735963076,0.02837632331984912,0.07314611296652629,0.31728482783556905,0.6803947248828938,0.08564373876995571,-0.024682721459865498,0.027627644751826302,0.127977499375,0.012883451602441809
site_e1d83ae86567245b,279,0.0771252747224462,0.05197674801059094,0.05698004622020175,0.09997047893539995,0.07582091917740945,0.05698004622020301,0.7584330892963338,0.8243023829954913,1.6595779322825706,14.501512694954872,1.7432174972832524,2.7883529677419356,1.6039184879891244
site_e217e123676f78e8,634,0.12553358555698327,0.11730617326620252,0.04469835362104646,0.044256155423150145,0.06243001101181611,0.04469835362104657,1.4106514769504657,0.6982072490437357,9.991003819170405,74.3721138507724,1.2230401281752161,1.2417570236593058,2.471018978309095
site_e236e8f6fb4c7e9a,128,0.021551934431539008,-0.006155852721445262,0.020654088094448315,0.02586381683905867,0.014802524956765371,0.020654088094448332,0.5723256180198081,0.6026650902164125,0.05945419235089365,-0.7879491483449935,0.029533466340275483,0.08562393874999999,0.028046687372244694
site_e285e97bc06024be,13,0.05787010543261236,0.04446292205590467,0.03704048683578842,0.07495386904761556,0.05690855194026305,0.03704048683578844,0.7592476901240555,0.8773461219257738,0.04353633833616172,0.5780179867267607,0.04865034267673126,0.07303507230769231,0.04210158269118902
site_e3489f2db8b7f610,188,0.10776029255267695,-0.09599317548756901,0.04896520101920647,0.06212729524813025,0.04646558222715811,0.04896520101920647,0.7479093052671807,0.6272142402847241,2.1831087623952423,-18.046716991662976,0.34039846215634906,0.7256425531914894,0.4059014623612528
site_e35bffa822780b41,151,0.11299227189099041,-0.020389767585527033,0.11113735143908951,0.09416377956573939,0.055317929652092854,0.11064532921806192,0.587465051925547,-0.030284264323861696,1.9278552795702126,-3.0788549054145817,-0.023820110677905973,1.338889424697879,0.462071074490078
site_e4206af93f2d6f2c,175,0.09000481707311157,-0.04228173582431248,0.0794551566108036,0.08711951206549892,0.05197570648393933,0.07945515661080509,0.5966023598119158,0.4392750962652413,1.4176517418637484,-7.399303769254685,0.3480891343114205,1.3282166419428574,0.47275796128830727
site_e44008751f3e2871,30,0.024323228524491838,0.019666849594116208,0.014312039438775468,0.016486704744530768,0.025893187380247616,0.014312039438775776,1.5705495901985702,0.8637217453189588,0.0177485833756396,0.5900054878234863,0.011061511697173117,0.008154343,0.020113714581258435
site_e443401d44fc1f23,274,0.10666692660358523,0.08508277036064733,0.06433315955875316,0.08025707237598909,0.052834459062294815,0.0643331595587533,0.6583153047842992,0.6006503614523588,3.117526305308971,23.312679078817368,0.6978673567382523,1.7648881605839415,0.7648655376470541
site_e473611ef37db918,1,0.06137103843688965,-0.06137103843688965,0.0,0.0,0.0,0.0,,,0.003766404358822187,-0.06137103843688965,0.0,0.0,0.0
site_e4827c2c7a3df4be,641,0.017854387906443014,0.010317926556662351,0.014571189350394854,0.024064894785190544,0.023299028494685722,0.014571189350394856,0.968174957865341,0.8111848700578793,0.20433744637630644,6.613790922820567,0.2915410080000572,0.3712153822152886,0.3479634711583496
site_e4a78bd8d0c42b04,2,0.05631362710450837,0.05573179495334625,0.008074133324623103,0.0793,0.07122586667537845,0.008074133324636855,0.8981824297021243,,0.00634244919533124,0.1114635899066925,0.011296422454714775,0.012576979999999998,0.010146248167317573
site_e4ad3110c632fc3e,37,0.11062808839539186,-0.0903338712453842,0.06386208302146887,0.09002233307843846,0.04185458751444029,0.06386208302146887,0.46493560079109986,0.7666792671386943,0.4528272358546895,-3.3423532360792154,0.10688303406939315,0.2998487567567567,0.06481684035214581
site_e526161d153fbae1,108,0.07476587185549553,-0.020686560104290642,0.07184707248986523,0.08910861105679899,0.05361900008617385,0.07184707248986737,0.6017263589934806,0.5916116500941909,0.6037130441857369,-2.2341484912633893,0.3052803551048317,0.8575572129629627,0.3104996943860401
site_e580905782041227,176,0.10243840867341564,-0.0961074926474555,0.03545387748273812,0.05287503761013062,0.0731473449553423,0.035453877482740204,1.3834003390160727,0.8906303683760277,1.8468784525913422,-16.914918705952168,0.6062607098000123,0.49205545,0.9416939970267877
site_e5a46bf8593cb776,159,0.11586447807993648,0.011928794179097663,0.11524877938689333,0.13154045689507898,0.05869603889139998,0.11524877938689333,0.44622042736416734,0.48348197635640383,2.134507787637037,1.8966782744765285,0.593533932707276,2.7511597962264154,0.5477907720649775
site_e60e5a5f7ff91a10,8,0.18386454587591725,-0.17482549303025005,0.056940479598324975,0.05858643054283132,0.034267646071996984,0.05694047959832504,0.5849075588748255,,0.2704493698412582,-1.3986039442420004,0.00545769277671352,0.027458958749999995,0.009394172538525203
site_e60f7e42ba2fd8cd,702,0.05899395636533907,-0.03374538314520803,0.048389420372831914,0.07753782631007897,0.06425745814400625,0.04838942037283206,0.8287240073901011,0.7827176722280617,2.4431613951201423,-23.689258967936038,2.7376594006327144,4.220504385242165,2.8985726908443583
site_e621c0e748219561,130,0.11936898505043518,-0.11147631841439466,0.04268471652410862,0.06501725078322125,0.05029304702156493,0.04268471652410863,0.7735338916320937,0.7545528662322227,1.8523640969562325,-14.491921393871307,0.3207521494695773,0.5495415769230769,0.32882077523273434
site_e692ba92ac3619b9,78,0.11192813356882823,-0.0905996999058968,0.06572367504303829,0.05932681468080804,0.050681526591534,0.06572367504303869,0.8542768875122035,0.2941170320238923,0.9771767525677134,-7.06677659265995,0.06897877804959814,0.2745343333333334,0.2003521367365727
site_e6f2aca5e6ecbaba,167,0.12861119822478384,-0.12291040472056337,0.03786651185733846,0.037831817415747426,0.04742760608348547,0.037866511857338934,1.2536433437042287,0.6260898122226427,2.7623203315720453,-20.526037588334084,0.1876037508801518,0.23901815029940116,0.3756460957413148
site_e6f4ed93ce9ba081,116,0.09309373946634668,-0.04464391265244319,0.08169066893415095,0.10986853293969592,0.07203525010865289,0.08169066893415095,0.6556495129337099,0.6688312885627132,1.005307542028052,-5.1786938676834104,0.6140347710624338,1.4002469655172414,0.6019329619530764
site_e722a68e19572b18,15,0.02603260160556198,0.023744597606658934,0.010671945973052668,0.01038992246789594,0.013918924238981717,0.01067194597305268,1.3396562180314742,0.6492912402324911,0.010165445195308626,0.356168964099884,0.0014084738250573472,0.0016192573333333332,0.0029060467795576916
site_e755ae9494167172,176,0.12157941842515095,0.05850323172834786,0.10657826636766601,0.13551439769330695,0.06108736538181864,0.10657826636766601,0.4507813665679285,0.648502609125024,2.6015536772892367,10.296568784189223,0.944846436999027,3.2320907488636363,0.6567732528353593
site_e7895d956d62a46d,90,0.030962105038328986,-0.016459114244580273,0.0262249786785113,0.03150423056051166,0.010775826690757204,0.02622497867851133,0.342043798532377,0.6198897709794446,0.08627867535640656,-1.4813202820122244,0.018939846482583216,0.0893264888888889,0.01045065967823118
site_e7920aa397fb1716,99,0.05646514046233791,-0.0026421766124590474,0.0564032888241468,0.09645427835761575,0.054507653050432585,0.05640328882414681,0.5651138962269664,0.86478244362094,0.3156428966557234,-0.2615754846334457,0.45011246268654415,0.9210393535353536,0.29413733986556695
site_e7d7202b18581b5a,73,0.26569671131586153,-0.2603389290097642,0.053088458690314644,0.058260075884856294,0.03213688441561403,0.05308845869031483,0.5516107544921248,0.4295875752927408,5.153416195496692,-19.004741817712784,0.058715043761754696,0.2477792602739726,0.07539289181580511
site_e7defe0b5f5d29b7,231,0.06172655172500052,0.01419515689575311,0.06007216250946954,0.10492177169239797,0.0667304051091239,0.060072162509471054,0.6360015088647116,0.8464548507951133,0.8801486203954672,3.279081242918968,1.3690053799578124,2.5429815584415585,1.0286307491524191
site_e7df8a81d2875ad9,50,0.08757208986813797,-0.05806534736990928,0.06555369065647641,0.11438415274853418,0.06775805193716175,0.06555369065647842,0.5923727221735274,0.8630212565518992,0.38344354619366167,-2.903267368495464,0.3344400410908461,0.65418672,0.2295576801159555
site_e7ee204eaac12eb2,47,0.05836263082860487,-0.028787753075995345,0.05076871034477378,0.09823004475756789,0.055794194245045545,0.050768710344773794,0.5679952033285318,0.9291454256375327,0.16009124383009293,-1.3530243945717813,0.23933978857971894,0.4535096595744681,0.14631062923833205
site_e813e7562543b91c,20,0.11534024857315216,-0.08621961431205273,0.07661299529973618,0.10038818406565585,0.04150632549261362,0.07661299529973639,0.41345827578141725,0.7117080616443348,0.26606745881833055,-1.7243922862410546,0.059310115071013574,0.20155574999999998,0.03445550111797574
site_e84e6fd19eaae8f3,84,0.1873033337987283,-0.16110454650734157,0.09553985527925858,0.1077720028923389,0.03826278646058571,0.09553985527925858,0.3550345677328565,0.47906280285281627,2.9469332635778978,-13.532781906616691,0.16594122251166651,0.9756435870238096,0.122979429529184
site_e894534d7e7a123f,174,0.14591752915715794,-0.11760215108476836,0.0863808970523307,0.09238506886898627,0.02660679007336049,0.08638089705233072,0.2879988119194054,0.36232954223547265,3.7047950048674263,-20.462774288749696,0.15496986815617686,1.4850901652873563,0.12317830237337013
site_e8fdb2dcaaa2ec50,118,0.06598718524409522,-0.0016921537134606931,0.06596548515889625,0.08065588476573,0.06481260301652361,0.06596548515889625,0.8035694258983807,0.6078028061350608,0.5138084167397475,-0.1996741381883618,0.37492140146742686,0.7676338661864407,0.49567947415374325
site_e908f29f409c402b,51,0.0261266612922475,-0.022011833646951938,0.014074146857935595,0.02258828295201944,0.020725117494463277,0.014074146857936108,0.9175162865847847,0.7921474117628696,0.03481272394427101,-1.1226035159945489,0.018912825008576696,0.026021756862745098,0.021906055253124695
site_e9578e4592e63187,8,0.026044698015924638,-0.01625089354068041,0.02035275789346939,0.018289341158171882,0.028184197533326103,0.020352757893469582,1.541017650093595,,0.00542661035792567,-0.13000714832544327,0.002858456946909428,0.002676,0.006354791924780362
site_e98d1003be09654d,174,0.05909484104491488,0.048953066928633326,0.03310283184871804,0.03720863645046457,0.042759889952034266,0.033102831848718345,1.1491926077151475,0.6653186169872736,0.6076428414335335,8.517833645582199,0.18418712047633085,0.24089997701149427,0.3181430248355541
site_e99ab7a415991029,162,0.12163443016234611,0.10846681731497798,0.05504438338720708,0.04860985967426981,0.05873667879438893,0.055044383387207296,1.208328499361611,0.4873650838567664,2.3967794053488216,17.571624405026434,0.22542557182043427,0.38279279012345674,0.5588995845988254
site_ea33c67804056e7d,182,0.09303579187725529,0.023079641734505742,0.0901276245533789,0.09435775635973616,0.06271053254712272,0.09012762455337908,0.6646038965576997,0.3982448064309416,1.575329859781489,4.200494795680045,0.4288837616656508,1.620416285714286,0.7157351824065603
site_ea99257f5d54ddf2,142,0.11202634466062525,-0.09692543516402513,0.056172608238229074,0.08630036744962383,0.05276049661725585,0.05617260823822917,0.6113588872962072,0.7770341106212365,1.7820860695190102,-13.763411793291569,0.5024003671357329,1.057580985915493,0.3952811404685241
site_eafced833314a87c,939,0.058210549167732745,-0.0426266759811118,0.0396413235047764,0.05705850238702884,0.0580162691969229,0.039641323504778045,1.0167856983591597,0.7627847864561016,3.181771484310081,-40.02644874626398,2.371033995947383,3.0570766602768904,3.1605683545465055
site_eb3bc9a7aee9d6f6,324,0.05573940732780336,-0.04069755515538984,0.038086618826416986,0.048606134861892365,0.024824704034080682,0.03808661882641715,0.5107319087316171,0.6332629118301486,1.0066296154785483,-13.186007870346309,0.24757354236006687,0.7654682561728396,0.19967016144302333
site_eb828ca3e955ad1d,72,0.07955931685748718,0.048955924817257454,0.06271365341069743,0.035015998878643116,0.07212504150710575,0.06271365341069934,2.059773926686298,0.49398326246402297,0.4557373127157632,3.524826586842537,0.08982502076712748,0.08828065277777777,0.3745455560929243
site_eba5cbc1dd84d08d,137,0.06480245718480646,-0.05799412165819293,0.02891436166135077,0.04200977355463329,0.031409079126412706,0.028914361661350786,0.7476612337737435,0.7257779447485887,0.5753121086348483,-7.945194667172432,0.1311988045547239,0.24178048715328468,0.13515464446498787
site_ebf4f84d79acafd6,8,0.06816487341966142,0.0608681692481041,0.03068413174105825,0.05560539542166749,0.08479535908000436,0.03068413174105916,1.5249484054017277,,0.03717159974654771,0.4869453539848328,0.03736278792321682,0.024735679999999996,0.05752202337205503
site_ec20e4065643efdb,232,0.07402983445201776,-0.03802469143194371,0.06351802287932633,0.08330052171121309,0.05364683742470084,0.06351802287932633,0.6440156234637295,0.6469755304500572,1.2714566022464122,-8.821728412210941,0.6707608188939378,1.609842644827586,0.6676920944359697
site_ec919d9a24ddf81b,54,0.1097577057921466,0.10067709280053773,0.04371357873690191,0.04855266327516042,0.07007414300647259,0.04371357873690207,1.4432605397842837,0.787245581146451,0.6505247149607922,5.436563011229038,0.14463548090681433,0.1272975,0.26516081797694485
site_ecbc4520bb039c64,117,0.2501586052220561,0.130864683004526,0.21319888017709995,0.17172270627834763,0.08149267345936231,0.2131988801771001,0.47455968535267407,-0.33314005761440146,7.321781348697407,15.311167911529541,-0.5454551015348517,3.450176478632479,0.7770035318238477
site_ed130293b294c5a2,39,0.061988114350147575,-0.029839736837607173,0.054333382244705894,0.054385126389359315,0.021954427171403147,0.054333382244706206,0.403684401029518,0.2041979681484971,0.1498585265067919,-1.1637497366666798,0.009508637163902704,0.11535193692307688,0.01879787802455335
site_ed8668d708cd9f42,70,0.07396868022184991,-0.0510808834706034,0.05349868220456395,0.09594681881551013,0.07486902645558383,0.053498682204566085,0.780317965513214,0.8317077881814717,0.38299559576336034,-3.575661842942238,0.4182168957959329,0.644405442857143,0.3923759785684837
site_ed9138fe753e1f02,20,0.052964854426412855,-0.02975103964090347,0.04381953268459735,0.04288317239897253,0.014790447233861049,0.04381953268459738,0.3449009577989016,0.10845085455118264,0.05610551608822212,-0.5950207928180694,0.001375723596811295,0.03677932949999999,0.004375146587552559
site_eda005e51a299a0e,329,0.2590371082257275,-0.2556187216496395,0.04194392184991023,0.07235669123153658,0.05211328601559499,0.041943921849910325,0.7202275992532046,0.8210569602301261,22.075973511084648,-84.0985594227314,1.0185828098700944,1.722476462006079,0.8934964166039157
site_edb67bacc6a2f615,2,0.05877004903897244,0.05875390082001686,0.001377607518434524,0.07665,0.07527239248156557,0.0013776075184395574,0.9820272991724145,,0.00690783732808645,0.11750780164003372,0.011539257767423986,0.011750444999999998,0.011331866139797697
site_edc41c47fa42988f,103,0.021236364118066228,0.004272318151159193,0.020802174371213372,0.021369083293466096,0.013827500204216348,0.020802174371213497,0.6470797092378926,0.3639946756414417,0.046451265578374354,0.44004876956939687,0.011078011742711646,0.047033685242718455,0.019693575475453126
site_ee1921e55841ea0d,206,0.07516436200618602,-0.05128979397283016,0.05494577645298696,0.08555681359390584,0.055547181317338816,0.05494577645298715,0.649243221948315,0.7771186597807265,1.1638343510541782,-10.565697558403013,0.760801193526069,1.5079134805825243,0.6356108065740709
site_eef5f3ba42e04423,79,0.03656688967637968,-0.0162101944218708,0.03277753830612774,0.029943061386108267,0.045780082457577115,0.032777538306127826,1.5289045387595621,0.699606692184438,0.1056338562277573,-1.280605359327793,0.07576241637461263,0.07083036708860758,0.1655694600359822
site_eefad9fa85f80180,151,0.07707432720163038,0.06747864709784653,0.03724357796222414,0.03970231760324784,0.055571042274750036,0.03724357796222459,1.3996926534637377,0.7427212745673388,0.8970082389511809,10.189275711774826,0.2474384650672903,0.2380173774834437,0.4663092516648104
site_ef1a0b7a4f85647e,128,0.11932774187534743,-0.07122479532845319,0.09573995253544625,0.10085710807870707,0.06648573451131713,0.09573995253544634,0.6592072267175543,0.4046173259976408,1.822606077576902,-9.116773802042008,0.3472877204492688,1.302036,0.5658051703691962
site_ef1b5625cbf889df,183,0.10316120382439424,0.00413154309994536,0.10307843773608283,0.12119144356353147,0.07589198788368107,0.10307843773608287,0.6262157265574336,0.5339406724646333,1.9475288173331728,0.7560723872900009,0.8986942875031687,2.687787976721312,1.0540056699634333
site_f005fd2353ec048d,130,0.10949525025988145,-0.07903292808743625,0.07578262404667843,0.08307237396376928,0.07732681982875819,0.07578262404667856,0.9308367648489627,0.5555540638470383,1.558597277831629,-10.274280651366713,0.4639342677713472,0.897132511076923,0.7773268184278002
site_f059546b5612f674,32,0.12158238339368341,-0.07350090375915169,0.09684984820987869,0.12720319313503886,0.04036136162955117,0.0968498482098787,0.31729833689554915,0.8209626303180493,0.4730328304540359,-2.352028920292854,0.1348767801290378,0.517780875,0.05212926440292498
site_f07b80b3214910ba,44,0.08009040467629172,-0.025016330209645356,0.07608321854426345,0.09835446468331012,0.06589277115619395,0.07608321854426375,0.6699520084661228,0.6347010123704506,0.2822368085333355,-1.1007185292243957,0.18098964113403448,0.42563843181818184,0.19104172078827197
site_f0ccb43d6f9d9cfd,309,0.0430969835069955,0.03785553779551898,0.020598743787286555,0.025492549272102424,0.021754795654393522,0.020598743787286558,0.8533785861189143,0.6300501316878593,0.5739211461072928,11.697361178815365,0.1079696918164401,0.20080985113268607,0.14624078039500554
site_f1050af72de062ae,91,0.10821590836745106,-0.09596632122102675,0.050011478833316594,0.06255148363789058,0.02455655435671267,0.050011478833316594,0.39258148533886306,0.6557618190171303,1.0656721369651232,-8.732935231113434,0.09166268256964918,0.35605461758241763,0.05487521693055075
site_f1573be180b99853,119,0.059850030844354515,-0.054010254706454874,0.025786015175169194,0.04469950703262642,0.027129708302165424,0.025786015175169225,0.6069352908604405,0.8531272043075325,0.42626111685635226,-6.42722031006813,0.12311433116292754,0.23776746554621847,0.08758650763470943
site_f2457bdf17f809aa,15,0.0726755266122882,-0.06744231719970702,0.02707888511566736,0.04126600968782365,0.03324868097748529,0.02707888511566737,0.805715920415149,0.7562067182248909,0.07922598252560115,-1.0116347579956053,0.015563192423929775,0.025543253333333335,0.016582121801138883
site_f2e692f63befa2ca,575,0.11071142755390426,-0.028954545028209686,0.10685810457439701,0.1344642444121515,0.07387598316635356,0.10685810457439704,0.549409870923853,0.6100277806338948,7.047786609838449,-16.64886339122057,3.4843963277568504,10.396363989565216,3.1381550110573295
site_f35139d0576344b1,63,0.12346903060310464,0.12064088071338712,0.026275072193405764,0.06413612224691127,0.05900371350433327,0.026275072193405812,0.9199763165783666,0.9122634077838888,0.9604098956384347,7.600375484943388,0.21749178041021028,0.25914685714285707,0.21933060705999075
site_f39ad74b903eb489,68,0.06562911795968426,0.05244159382011961,0.03945960417657208,0.07388664398366968,0.08404241874493323,0.0394596041765721,1.1374507517692667,0.8829298403207908,0.2928883164432983,3.5660283797681336,0.37282033416048127,0.3712280588235294,0.48029271409791197
site_f408269ff3bfc904,433,0.047191451676885106,-0.00799088896669912,0.04650998607711755,0.06692052862627104,0.04529182980469889,0.04650998607711755,0.6768002395444116,0.7203226041059959,0.9643053372239816,-3.460054922580719,0.945353353954172,1.9391286466512703,0.8882344837760321
site_f40d91148ce5f169,100,0.07557733854630448,-0.041566396795034405,0.0631202721732129,0.08172392327831551,0.05020274944812044,0.06312027217321291,0.6142968598944045,0.635540435538641,0.5711934101742722,-4.15663967950344,0.26074734644651415,0.6678799635999999,0.2520316052150757
site_f41236f6a73e8c51,344,0.09480589600235516,0.05739236138986295,0.07546041857096178,0.08022211993946854,0.0641243124712936,0.07546041857096192,0.7993345541065043,0.47172079798284433,3.0919263233824275,19.742972318112855,0.8347574875341339,2.213842453488372,1.4145030427711385
site_f459e887bba62073,76,0.06985611218781733,0.039497828634161694,0.05761768776324954,0.04930889935297341,0.0664196577587636,0.057617687763249735,1.3470115664781794,0.5378708784059555,0.37087060715976594,3.001834976196289,0.13387934086236514,0.1847839342105263,0.3352793911961377
site_f468c03f1fedb166,24,0.09028745139529101,-0.037101855585972475,0.08231206589276374,0.08441858956348944,0.0420171652290812,0.08231206589276398,0.4977240847820725,0.2983713628047336,0.1956437731069689,-0.8904445340633393,0.02539997095490495,0.17103595833333332,0.04237061217330984
site_f4812d36f8b87671,83,0.11641938993578438,-0.09618575477528285,0.06558791757122166,0.06853445413576326,0.05015798487968736,0.065587917571222,0.7318652422667137,0.42341490636841717,1.1249383713006778,-7.983417646348476,0.12080732666126576,0.3898486265060241,0.2088133461168485
site_f48c6b207c3fab2d,284,0.13786210058479828,0.1322354266173403,0.03898398036351664,0.04645192347155819,0.037303861677106226,0.038983980363517114,0.8030638752762695,0.5856319973557342,5.397692292853463,37.554861159324645,0.28820441626537013,0.6128098591549297,0.3952081792710076
site_f4ae282ac466260d,9,0.1231087887586549,0.1179418626361423,0.0352915132509284,0.022557372669005475,0.0427771847429006,0.035291513250933985,1.896372656984019,,0.13640196482660802,1.0614767637252807,0.004919542599221072,0.004579515555555557,0.016468987810754232
site_f4e6d6d6c1cafad7,124,0.04789761436945415,0.008586948645691718,0.047121606246404574,0.04518406323870869,0.06762889487843571,0.04712160624640521,1.496742214642148,0.7191072103813272,0.2844785013233327,1.064781632065773,0.2724789155158064,0.2531583467741936,0.5671347603873349
site_f4e907a8ba8d1abb,25,0.21460631318785503,-0.20843198473739621,0.051107508240116124,0.07287956377476473,0.044188492965070894,0.05110750824011635,0.6063221385577447,0.7222738329891117,1.151396741502093,-5.210799618434906,0.05815095410013199,0.13278577039999997,0.048815572763103
site_f5ae0072aa9d0a04,65,0.15615709672509975,-0.1326751953770564,0.08235491114239679,0.10741916563426719,0.04424053215049054,0.08235491114239725,0.41184952321373847,0.7063734624962643,1.5850275257447906,-8.623887699508666,0.2181975393405786,0.7500270144615384,0.12721960452230818
site_f5fb4b6c3b6ce99f,102,0.06341842185975347,0.031383922286477746,0.05510848984592104,0.06258778072467487,0.04297998088140448,0.055108489845921406,0.686715208364304,0.5069779700444124,0.41023341558052895,3.20116007322073,0.13910573337490065,0.3995574901960784,0.18842243316972124
site_f617214b073c06c0,689,0.03207644942325422,-0.0009859225836608163,0.03206129386443432,0.05048433233973089,0.051019058466315347,0.03206129386443433,1.010591922321287,0.800509501625999,0.7089111406381821,-0.6793006601423024,1.420609680351892,1.7560321223222062,1.7934286411578304
site_f645d63c8edb6a7a,176,0.09588196641718004,-0.017376198182187295,0.09429432231454124,0.11337114285856807,0.06236059239219074,0.09429432231454167,0.5500570146848246,0.5552023077539181,1.6180298611884423,-3.058210880064964,0.6908387460307641,2.262130821818182,0.6844364530968724
site_f65ec349d3fa498b,397,0.15888045463036293,0.15470435240406832,0.036187873808620624,0.026685419576828063,0.03765889863581354,0.03618787380862189,1.4112162833862338,0.40835233262601894,10.021470548829674,61.41762790441513,0.16291729765252141,0.28270831234256927,0.5630224806456041
site_f695cfa2b198ee8e,37,0.017826039319231206,0.005577497882778579,0.01693101282198963,0.0214687688296765,0.014046696374034683,0.016931012821989635,0.6542851378891271,0.6160499018085606,0.011757404078998746,0.20636742166280744,0.00687383259979857,0.0170535972972973,0.007300458123899806
site_f6a13c8718860659,32,0.034038195723757575,-0.023220610987395047,0.024887788039536517,0.03236991695135315,0.03227140449182246,0.024887788039536517,0.9969566662874441,0.7035330082833027,0.03707516058012251,-0.7430595515966415,0.02351764924498275,0.03352996875,0.0333261935319942
site_f6e487124edabf8f,133,0.09661645791786896,-0.08376119663867734,0.04815393938456301,0.08439375235256907,0.05520925383150697,0.048153939384564436,0.6541865042433597,0.8425662807287821,1.2415204120991807,-11.140239152944087,0.5221290902239936,0.9472666230075188,0.405392207248025
site_f7b6fd0b704f24d5,64,0.08005988710628022,0.0026747368957847355,0.0800151942196522,0.08017830495799659,0.04476315384739826,0.08001519421965238,0.558295088314084,0.2827876993331209,0.41021347350210136,0.17118316133022307,0.06495581511342899,0.4114278775,0.12823935631141414
site_f801eca3ddf0629c,849,0.038305360578493534,-0.01470326060642202,0.035371100867629846,0.047011938799655636,0.05361303405668026,0.03537110086762985,1.1404131679222083,0.7604516979183003,1.2457382510420971,-12.483068254852295,1.6272634568809048,1.8763939088574795,2.440329450227581
site_f80bf9d30cd43152,124,0.019899550409735022,0.0070616920913419414,0.018604424509150074,0.019698500407753276,0.012402169526523522,0.018604424509150137,0.6295996786456933,0.40056651266807786,0.049103021207188575,0.8756498193264007,0.012134647189657533,0.04811583387096774,0.019072912311613954
site_f8577ef511842081,219,0.08889881369651367,-0.06775677154445213,0.05755014323631496,0.07858698888785544,0.05361757613848475,0.05755014323631579,0.6822703973936152,0.6809712089251494,1.7307567977857912,-14.838732968235016,0.6283920636061698,1.3525253461187212,0.6295909391415998
site_f85796d856927f97,73,0.06381273675673585,-0.024908069618760725,0.05875077395448877,0.10187417131815199,0.05711486650900913,0.05875077395448936,0.5606412868934166,0.8755477630061052,0.2972607721840661,-1.818289082169533,0.3718912481015471,0.7576193150684932,0.23813388227296106
site_f863ed028d428c3e,85,0.1357276329675787,-0.10882489768477048,0.08111184867133157,0.09495401524096084,0.034935823669202545,0.08111184867133203,0.36792360576377275,0.5512990071711089,1.5658691798334492,-9.250116303205491,0.1554499036151697,0.7663825258823529,0.1037435009128771
site_f8923c8bedba827f,29,0.06616225580361265,-0.047445186721867524,0.04611288702683666,0.06536619612398584,0.06054128041481175,0.04611288702683678,0.9261863777414515,0.734277125748565,0.1269458786976576,-1.375910414934158,0.08426802426049938,0.12390944827586206,0.1062921523936812
site_f8bf18cf05681ba1,521,0.05151595839772531,0.015612631041520842,0.049093173879853236,0.06413669338200492,0.06365905299268595,0.04909317387985342,0.9925527749540488,0.7048761052336495,1.3826787581804418,8.134180772632359,1.4993991188915543,2.1431415431861804,2.1113394895492372
site_f9474c251f4c85b7,278,0.11907122067694462,-0.105083091609984,0.05599553063580479,0.06737369251298479,0.038976869940935806,0.055995530635805216,0.5785176451984412,0.5565296957509633,3.9414716549923448,-29.213099467575553,0.406284682103761,1.2619016151079139,0.42233659652914973
site_f956c78502603f81,228,0.045411946568259594,-0.005946245444971219,0.045020962408933725,0.05377132362069216,0.039831361338154486,0.04502096240893376,0.7407547119190995,0.5721875701763697,0.4701918351750099,-1.355743961453438,0.2794146308469537,0.6592289956140351,0.3617305148995432
site_f9b796db02c200aa,619,0.12954642162972835,0.11514248414147457,0.05936736226915946,0.0436637165351701,0.07692546426309063,0.05936736226915986,1.761770879057649,0.6400347378514645,10.388228446024687,71.27319768357276,1.3307149004515182,1.1801359676898222,3.662949245244969
site_f9f0235d2e05c1c5,86,0.12840960591604264,0.04133524559930313,0.12157476861075518,0.13398621998457327,0.042025795102812805,0.12157476861075615,0.31365759186020414,0.43847964197834277,1.4180563126701502,3.5548311215400688,0.21233616019182427,1.5438984145348835,0.15189040104603002
site_fa6684a460ee051b,87,0.024493971461002764,-0.018454797206801928,0.016105126450550882,0.025409193582436075,0.024426300298207866,0.016105126450550893,0.961317415248171,0.7918247488319926,0.05219605350012036,-1.6055673569917677,0.04275598325491723,0.056169559310344834,0.051908040724465976
site_fa67fc8ac26d4830,132,0.09234094753493036,0.08427546480704437,0.03774250419891857,0.06730838360274266,0.057088779400589096,0.03774250419891875,0.8481674398471643,0.828231887238261,1.1255442780976364,11.124361354529857,0.4200933404882071,0.5980152424242424,0.4302049928152846
site_fa6f730253456586,123,0.04229499563267739,-0.02357749432490124,0.03511365000861416,0.03858576805590042,0.04148827405446846,0.03511365000861461,1.075222190584961,0.617534877482635,0.22003059863488852,-2.9000318019628524,0.12159595275862915,0.18312996406504067,0.2117170567342978
site_fa8f84308360a237,255,0.05951508641655788,0.028077938508052454,0.052475469319562804,0.08446777864135166,0.05371189392560134,0.05247546931956301,0.6358861898530666,0.8007735759271316,0.9032216053484399,7.159874319553376,0.9264275329148068,1.8193754352941178,0.7356667250141378
site_faac0be9a66c6585,533,0.09078374155937279,0.0667473975122534,0.06153432096692235,0.0802532364799751,0.07488840174907048,0.06153432096692285,0.9331511728845567,0.6873820039896205,4.392819560899622,35.57636287403106,2.201924809710659,3.432830187617261,2.989209357910587
site_fab524c655a9dd78,4,0.06808532730628042,-0.02794299848675728,0.06208704075708887,0.11416458513917528,0.05644034476210034,0.06208704075708898,0.49437699697585974,,0.018542447177613334,-0.11177199394702912,0.02472852877378464,0.05213421,0.012742050067458988
site_fadb31acf1acd232,565,0.05139996735769505,-0.03452033523711483,0.03808284521263247,0.037817834341110856,0.025770310953263348,0.038082845212634754,0.6814327526219307,0.33039677200944206,1.492705504070246,-19.50398940896988,0.18192842404270065,0.8080565557522124,0.375221543544755
site_fb12f9388775927e,36,0.04474973977627422,-0.029874904608560942,0.03331710198492125,0.058105241896084285,0.04589329954921503,0.033317101984921285,0.7898306254587295,0.8198299563233284,0.07209141156159332,-1.0754965659081939,0.07870292630357045,0.12154388888888888,0.0758230179665033
site_fb318c5726a2f05c,229,0.056313180165589095,-0.030651655836657146,0.04724034562567487,0.06367017176423491,0.06617616965408495,0.04724034562567502,1.0393590565316757,0.7359205355533329,0.7261989056229203,-7.019229186594487,0.7100747210162501,0.9283409868995633,1.0028563634897472
site_fb4c3069d7e94bed,118,0.022469940409247793,-0.013512871114000426,0.017952730607112662,0.015938574997119745,0.01076897516620558,0.01795273060711266,0.6756548291269224,0.13897656147031384,0.05957799019542732,-1.5945187914520502,0.0028147993062386067,0.02997650440677966,0.013684557483381595
site_fb501c568fd614c3,94,0.06542412763685976,-0.018571847086003485,0.06273279025245268,0.06920450863485399,0.053381836556230924,0.06273279025245304,0.7713635658897783,0.5012475757452699,0.40234974884214697,-1.7457536260843276,0.1740636312825249,0.45019081744680856,0.26786432456691833
site_fb66aa74c523bf6b,430,0.06843302481496176,0.04663252638245738,0.05008479178867162,0.0497236059932219,0.0730974314269731,0.05008479178867164,1.47007502707944,0.7300784118086076,2.0137239206898236,20.051986344456672,1.1410447977202576,1.0631479069767442,2.2975908269250445
site_fbbe7c46acc177a1,41,0.027804166407035827,0.009011049824516946,0.02630347221661453,0.023180152128636305,0.014846775013804192,0.02630347221661455,0.6404951499633507,0.09570453872456264,0.03169593845319572,0.3694530428051948,0.0013504073725240989,0.02203009756097561,0.00903749586073134
site_fbcf22b1e9843130,94,0.10182244566979884,-0.006702169149479968,0.10160163074907258,0.1116111889197399,0.0732019100411471,0.10160163074907262,0.6558653370656854,0.4585401569932647,0.9745741815648387,-0.6300039000511171,0.35215623047932026,1.1709634042553196,0.503700845565186
site_fc3e5e33830dc393,21,0.03861002652240854,0.007654722469193596,0.037843617321560497,0.07398777247755521,0.078922488712464,0.03784361732156055,1.0666963752207268,0.8794557433744752,0.031305417109282904,0.16074917185306553,0.10784350845217706,0.11495800000000002,0.13080394371594917
site_fc969b6a7d772c7d,88,0.07528540267755712,0.047001322390003646,0.058811287606316424,0.06332166402843957,0.03984176339452272,0.05881128760631647,0.629196405461307,0.42377359836545925,0.49877448335632946,4.1361163703203205,0.0940821946153248,0.3528477159090909,0.1396882177138915
site_fca46353b779e0c3,13,0.07064455837138785,0.06920572129579691,0.014185265856405564,0.011665454994842098,0.013259652776760767,0.01418526585640561,1.1366597173126591,0.35776942236341064,0.06487849715734952,0.8996743768453599,0.0007194165197702545,0.001769076923076924,0.0022856390928833736
site_fd9f51d6899fafaa,46,0.05336646051853148,0.023067827397066615,0.0481233253989697,0.06476356956877241,0.040502842780953896,0.04812332539897041,0.625395466164723,0.6707586691186664,0.13100703898069505,1.0611200602650643,0.08093575269097221,0.19293871739130433,0.07546209257357878
site_fdbd79ba7196fbc0,8,0.10704508642850445,0.10287882621586322,0.029573597091530787,0.055083219711178834,0.044247491153350235,0.029573597091533656,0.8032844010454685,,0.0916692042278879,0.8230306097269058,0.016469615688733757,0.024273288750000004,0.015662723786926458
site_fe445170e29174a0,133,0.03190682618317133,-0.01340949365814826,0.028952219896152855,0.051508748070784524,0.0715188747219251,0.02895221989615455,1.38848015920795,0.940574922752901,0.1354000590920533,-1.7834626565337186,0.4608363239042461,0.3528691,0.6802882757182254
site_fe8014b9bedb3a60,34,0.07426154697778439,0.038781034006791955,0.06333094631298135,0.09546928345308234,0.06379904599516233,0.06333094631298194,0.6682677787826478,0.7530882214896617,0.18750243022414506,1.3185551562309266,0.1559561910646803,0.3098890588235294,0.13839082117635648
