source_station,latitude,longitude,physical_site_id,records,split,outer_fold
06d7mhex,53.44379,-1.93344,site_12f79a44d2a41795,112,development,0
0ednwhg5,48.15117,15.15417,site_d2c6c5fd07d735c9,974,development,2
0wmxrc70,40.88741,25.85531,site_8bf3ec991527937e,292,development,4
1.01,56.0193,9.1809,site_8cafedb38b43a4db,149,development,0
1.03,56.0283,9.1654,site_d132cef849713e59,125,development,3
1.04,56.0733,9.3337,site_a3ad14b1dd64a3e4,55,development,3
1.05,56.033,9.1912,site_68df3e54f8cc23c6,117,development,3
1.06,56.0513,9.161,site_cd9b47f2c6e7c758,40,development,4
1.07,56.0426,9.1413,site_daa49998006715f8,95,development,4
1.08,56.0466,9.1239,site_c3d5b5decd374619,53,development,3
1.10,56.0348,9.2392,site_617d695493df2178,92,development,2
156.63.3Lappsaetra,66.27851,14.88919,site_16f5711a84870069,350,test,-1
184b3mrn,40.89011,25.85151,site_b9048e7e348a00c2,124,development,4
1e95h80r,48.15622,15.14124,site_70ecc850263e23bf,836,development,1
1jmz460j,48.1555,15.14618,site_4b6df3933469a704,81,development,1
1ke3njhh,47.90092,20.60964,site_be8516cfd6e0790e,150,development,2
2.01,55.9398,9.2207,site_863f22c1c90857e1,146,development,1
2.03,55.9816,9.1526,site_3c025b5f7926190d,54,development,3
2.04,55.9759,9.0984,site_f4e6d6d6c1cafad7,124,development,2
2.05,55.9763,9.0967,site_4a51d234a3956647,115,development,0
2.06b,55.9797,9.0817,site_92b0fa719fa97ab5,94,development,0
2.07,55.9482,9.0337,site_eb828ca3e955ad1d,72,development,0
2.08b,55.9397,9.03146,site_6a5dcbf93bf1dcc1,110,development,3
2.09,55.9282,9.1153,site_28bd97dda8311cf0,96,development,4
2.10,55.9861,9.0907,site_9eb9cb71933abd8d,145,development,1
2.11,55.9704,9.0225,site_ef1a0b7a4f85647e,128,development,2
228nf91g,48.15276,15.15271,site_e6f2aca5e6ecbaba,167,development,0
290hdmpp,48.31842,15.17387,site_960e43f47225dd5e,138,development,4
2k6s4hqy,48.15695,15.14796,site_3f80251a944e7c4c,134,development,4
2t3ep8gm,40.88938,25.85312,site_bc93eecd419d5cf1,153,development,0
3.01,55.8807,9.0142,site_f459e887bba62073,76,development,1
3.02,55.9354,8.9221,site_5edf4f1cdc32395a,114,development,2
3.03,55.9121,8.9462,site_fca46353b779e0c3,13,development,0
3.04,55.9106,8.9357,site_b7a3262e8a713a7b,102,development,4
3.05,55.9025,8.9175,site_70a6cc65be0123f1,70,development,2
3.06,55.9115,8.8831,site_9f76ab7d5518980d,176,development,4
3.07,55.9096,8.8536,site_f85796d856927f97,73,development,3
3.08,55.8776,9.2683,site_b4d57a535cfd4a12,156,development,2
3.09,55.8609,9.2945,site_0472cafe265e9bf9,112,development,2
3en3xqb1,48.18659,20.77218,site_b4081a628b4563f6,155,development,0
3sh9gmem,51.93493,4.78968,site_de08b55dd68ab719,250,development,1
40nmrsbk,47.90377,20.57714,site_71caeba631cb8f76,161,development,1
43qrdbxw,40.88771,25.85523,site_bdd9f4c5442812d1,142,development,1
47emqp81,40.88948,25.8522,site_165766e1d399cf97,157,development,2
4ajxh4nj,51.95936,6.14875,site_bf2aa2626c0e2039,210,development,0
4chmkpdz,47.86141,20.58576,site_e755ae9494167172,176,development,3
4hpyyyb8,40.88754,25.85547,site_9b887de986760bf2,480,test,-1
4w257zzr,47.87487,20.58087,site_6f28bfb579cd23b2,141,development,0
54ggw8ft,52.94689,-8.03697,site_20551d8a0ce0f349,48,development,0
566xkgq2,40.88735,25.85486,site_125ba37c83dbcda5,409,development,2
5h38tdbn,47.85844,20.58944,site_473ba30122663331,178,development,2
5pga25ec,40.88928,25.85276,site_c9e5c8b8112d21fb,124,development,0
5rfs4y7n,40.88937,25.85249,site_23e0c01fc0e0a37a,340,development,1
5taprcx9,48.15151,15.14958,site_6f4dcb1e04a51328,471,development,0
5ybancsm,48.15202,15.15303,site_63bba9458fdad7de,128,development,0
611gphtp,48.08162,20.76441,site_b436f4a91f17ee10,151,development,3
68x3rhdq,40.88756,25.85488,site_0ed89141fd172a0b,19,development,0
6afsbt4v,47.87046,20.5721,site_f9f0235d2e05c1c5,86,development,4
6h4czmce,47.8565,20.59186,site_14672231a55d516b,109,development,4
6rb2t5pm,40.88969,25.85233,site_0322f6b7744e5e7d,83,development,2
6sbmpr2j,48.31841,15.17387,site_621b9dc6415ad601,132,development,0
7a3s9ez1,48.33254,21.11391,site_f40d91148ce5f169,100,development,3
7ah00f8b,47.84249,20.61367,site_0bcb08d77ff25c9a,123,development,4
7akdd5e0,48.08144,20.76444,site_f645d63c8edb6a7a,176,development,1
7n3gz2bx,40.88941,25.85234,site_a08eaaa4540846cf,142,development,1
7pw547a1,47.90055,20.57444,site_1ba2419bf83859ca,145,development,3
7swhp7rj,40.88691,25.85547,site_9a99fb7f0cd8cd33,110,development,0
812j972s,48.15472,15.14844,site_c1458c9cb325529c,104,development,0
89et815c,47.84966,20.60527,site_6bb6d38be9a11acb,136,development,0
8gbfyzmp,40.88979,25.85149,site_46c69a3772747cb8,125,development,4
8nqjvrj4,47.87974,20.5917,site_5d503d0a92bc4d22,106,development,0
8q7tddek,47.89364,20.58204,site_0b38093eb399bd08,170,development,3
9ay4ejtz,56.26479,-3.88032,site_c6dbad6563643f29,50,development,3
9ggnsrj8,40.88994,25.85134,site_8ef0c5f52c2e7704,301,test,-1
AAMU-JTG,34.783,-86.55,site_dad0353659cda19f,170,development,3
ABRAMS,37.133,-97.083,site_8922fa4ef2bfa4f1,176,development,4
ADAMSRANCH#1,34.25,-105.417,site_638a0536fcb5886f,372,development,3
ALI01,33.43287,79.74763,site_96a5abc509a3a15b,64,development,4
ALKALILAKE,43.00177,-119.95179,site_81d19e24593ab11d,26,development,4
ALKALIMESA,37.667,-109.367,site_08db8db92cc27df6,416,development,3
ALLENFARMS,35.067,-86.9,site_9c3923563de1bc2a,115,development,0
AMES,42.017,-93.733,site_0dbafc8a640ef8c3,279,development,1
ANGELFIRE,36.42028,-105.29365,site_e473611ef37db918,1,development,4
ANGUS-PROP,33.24778,-115.4287,site_25db0a3f364cf3fa,37,development,3
ANIAK,61.58,-159.58,site_7de361dfa684e7f9,3,development,3
ARKANSACRK,37.58189,-121.32485,site_99359b775dbc987c,101,development,0
ARMINGTON,47.34996,-110.90623,site_9c5e0ec7dff35c9c,35,development,1
ATOMICCITY,43.44896,-112.80455,site_e0ceb845349c800e,31,development,1
AUBREYPEAK,34.66726,-113.73133,site_653b7646a624636a,25,development,1
AVILARANCH,35.93326,-120.90684,site_3c6c836e47ad4756,59,development,1
Aguero,42.30873,-0.8056,site_18793582c71deee9,486,development,4
AguilardeSegarra,41.75145,1.62303,site_bef0b5984488c172,591,test,-1
Ahaus,52.0813,6.94089,site_9bb3648a2ef66eb2,76,development,1
Alabama,-35.32395,147.5348,site_62a63d63c871f1e4,95,development,1
Alexandria,43.97781,25.35286,site_e217e123676f78e8,634,development,1
Anthony,37.2134,-98.0969,site_f8577ef511842081,670,development,3
Ararimu-2601,-36.70267,174.55426,site_8b5408c589cc3993,120,development,3
Ararimu-2602,-36.70256,174.55421,site_d1bc13bbd7c8604f,331,development,2
Ararimu-2603,-36.70378,174.55472,site_0ea793c6917b8d1e,331,development,2
Ararimu-2604,-36.70147,174.5538,site_f863ed028d428c3e,160,development,3
Ararimu-2605,-36.70093,174.55594,site_cfa28b3d4c2af861,106,development,4
Arco-17-SW,43.4621,-113.556,site_457c8dbf463cd4ea,137,development,1
AshValley,41.05204,-120.6872,site_dd81667799d2704b,215,development,4
Asheville-8-SSW,35.4945,-82.6142,site_d80aeb123d7ed060,374,test,-1
Ashton,37.133,-97.266,site_cc5b5abb6e110086,642,test,-1
Austin-33-NW,30.6222,-98.0846,site_cdb6242d14e183d0,160,development,0
Avondale-2-N,39.8593,-75.7861,site_b42936ae6e6a0d03,596,development,1
BAKERCITY,44.83488,-117.79962,site_f8923c8bedba827f,29,development,3
BANDONARPT,43.09032,-124.40927,site_4d43b32f897968be,48,development,1
BILLINGSAP,45.8066,-108.54614,site_ddb8d9051d38fd31,29,development,0
BITTERWATR,35.53417,-120.11248,site_d93f1ce9d07f856a,55,development,0
BKAP-SCGN,35.28705,-116.08042,site_88607d4559554ef6,42,development,0
BLINDSPRIN,37.7375,-118.4716,site_008c2bef2cb4aaa3,42,development,1
BLUECREEK,41.933,-112.433,site_8cc96a31a772bfea,373,development,2
BOSQUESECO,17.967,-66.867,site_183b638a356ad6ca,93,development,1
BRAGGFARM,34.9,-86.6,site_16e59e7364e5ed25,142,development,0
BROTHERSDT,43.81199,-120.60335,site_ce840bd031a93a0e,69,development,4
BUCKLEYFLT,38.7246,-118.4602,site_4f8f6e54cc9c215b,18,development,0
BUFFALOJUMP,41.35,-111.183,site_284ff462bff5925c,321,development,4
BUSHLAND#1,35.167,-102.1,site_66cab69faab895b3,471,development,3
BUTTERBRED,35.378,-118.1238,site_88edadfb8f5755a7,34,development,4
BUZZARDRST,39.7947,-120.86745,site_0089d624f3191d41,19,development,4
Bacles,44.47617,23.1129,site_eafced833314a87c,939,development,0
Bad-Marienberg,50.66206,7.96026,site_95aa1a90ae6a3184,54,development,4
Baker-5-W,39.0118,-114.209,site_814a74a697656439,144,development,4
Banandra,-34.65478,146.11028,site_917287f92c952f20,38,development,4
Banizoumbou,13.5325,2.6604,site_a8a04a98a04fa26e,41,development,0
Banloc,45.3829,21.13626,site_3e8e42936f50143d,855,development,0
Barlad,46.23313,27.64438,site_42ce68186715eeba,627,development,0
Barnas,44.666,4.15983,site_da99bb912bf39167,1569,development,3
Batesville-8-WNW,35.8201,-91.7812,site_24a155d00f2ce6ce,888,development,1
BatlliudeSort,42.42841,1.1244,site_98b84b664f32321c,3192,development,4
Bedford-5-WNW,38.8882,-86.5707,site_e0819506e4cfd43e,655,development,4
Berzeme,44.62833,4.56667,site_7463527a899d9995,2347,development,4
Blackville-3-W,33.355,-81.3279,site_63148af2428e7132,712,development,2
Bodega-6-WSW,38.3208,-123.0747,site_b6580d1df11a1de9,941,test,-1
BodieHills,38.26477,-119.12645,site_1a52df5386240d07,520,development,3
Bolvir,42.4134,1.89098,site_d15ecf104b47687d,665,development,2
Boulder-14-W,40.0354,-105.5409,site_4ce2c6daabd8ff5f,337,development,2
Bowling-Green-21-NNE,37.2504,-86.2325,site_bd599065e701bf2f,602,development,0
BoyesCreekCanyon,39.34053,-123.16349,site_7062702ffcf77fca,1173,development,2
Brigham-City-28-WNW,41.6163,-112.5437,site_1ce5634596e14607,1139,development,2
Bronte-11-NNE,32.0408,-100.2495,site_e98d1003be09654d,574,development,3
BrownsValleySchool,39.23586,-121.40621,site_c29be1fac6229539,1559,development,4
Brunswick-23-S,30.8078,-81.4596,site_84322f1b7a2f6859,530,test,-1
Buckhorn,40.87959,-119.9534,site_69670e737191984a,288,development,3
Buffalo-13-ESE,45.516,-103.3017,site_4689968a649fae30,1000,development,4
Byron,36.881,-98.285,site_5accfec62d994abe,1447,test,-1
CALAVERAS,38.08999,-120.95124,site_323cc8255b0caa4e,56,development,1
CALCITYAPT,35.15242,-118.01647,site_7701ccd363543751,52,development,3
CALIVALLEY,35.3168,-119.93534,site_c6d377978f89caf6,53,development,3
CAMPELLIOT,32.88921,-117.10469,site_554a93a7d6df9a9f,46,development,2
CARRIZORAN,35.27977,-120.02502,site_c7e77fa91cd0e5b5,45,development,4
CEF,45.38546,-75.71978,site_b050cd10feccfd77,44,development,4
CHICKENRIDGE,41.333,-111.3,site_0e03bfb1bac21c69,145,development,3
CHILEOFLAT,34.332,-118.0313,site_3a558feb29bc33aa,50,development,1
CIRCLEVILLE,38.15,-112.25,site_b9eaf91685021861,238,development,4
CMRBLTAR-MO,39.2285,-92.11942,site_e526161d153fbae1,108,development,3
CO-Z1-2001,37.19536,-105.9906,site_912957a44bff743f,278,development,0
CO-Z1-2002,37.19404,-105.99197,site_395c4ccb7a4b9df2,382,development,4
CO-Z1-2003,37.18881,-105.99033,site_9b62f4534e47f978,386,development,0
CO-Z1-2004,37.19027,-105.99657,site_0b72a3f0c80e88c1,105,development,0
CO-Z4-2101,37.05714,-105.82074,site_1ebbce006aed7c73,157,development,4
CO-Z4-2102,37.05837,-105.82153,site_f2457bdf17f809aa,126,development,1
CO-Z4-2103,37.06032,-105.82329,site_412000fd5fa9933e,115,test,-1
CO-Z4-2104,37.05931,-105.82404,site_3a1e52ef4ac63381,121,development,0
CO-Z4-2105,37.05512,-105.82425,site_fa6f730253456586,332,development,0
COMBATE,17.983,-67.167,site_d122c9eee96eec44,13,development,3
CONRADAGRC,48.3,-111.917,site_4c8563a6e25ebea0,268,development,1
COOKFARMFIELDD,46.78,-117.08,site_621eb1eb5435955b,195,development,4
CPER,40.82,-104.71,site_aa2ce12749046dfc,311,development,3
CR1000-1,30.4205,-98.8033,site_0b5d986a46425a8d,144,development,2
CR1000-2,30.2454,-98.7059,site_c56fc9c5f1ff5d0d,122,development,4
CR1000-4,30.46,-98.9407,site_d355ed29576c96c4,250,development,3
CR1000-5,30.3989,-98.6105,site_1b2f4be319c8a70d,152,development,2
CR1000-6,30.4421,-98.8427,site_9963ae44b09a6e46,127,development,2
CR200-1,30.4376,-98.8059,site_496ac9a9ab00ede4,112,development,3
CR200-10,30.3072,-98.7703,site_ca4c08bc8824e7df,72,development,2
CR200-11,30.2317,-98.7685,site_4820638a678db67d,55,development,0
CR200-12,30.2108,-98.8331,site_48ec25901538e693,155,development,0
CR200-13,30.4327,-98.8583,site_657937702d0a4647,131,development,4
CR200-14,30.4151,-98.8025,site_2eb90940ae2529bc,146,development,1
CR200-15,30.2501,-98.7069,site_53e750ed31ea8834,151,development,2
CR200-16,30.2836,-98.7417,site_ea99257f5d54ddf2,142,development,3
CR200-17,30.2754,-98.7268,site_bdfe6061d850b13b,146,development,1
CR200-18,30.2456,-98.6988,site_2a096aef4be52591,150,development,0
CR200-19,30.4175,-98.8542,site_c4f8e2def8cc0f30,94,development,2
CR200-2,30.2896,-98.745,site_eefad9fa85f80180,151,development,2
CR200-21,30.4218,-98.7839,site_44541aad5ac7b92b,159,development,3
CR200-24,30.2534,-98.699,site_b72a5ec99205d5b7,153,development,1
CR200-25,30.2492,-98.6995,site_496ee2f5b79c4b73,149,development,2
CR200-26,30.4193,-98.8046,site_49a35425669a6415,148,development,2
CR200-28,30.4613,-98.8451,site_5f52ef3c28075a93,123,development,1
CR200-29,30.4487,-98.848,site_23d2f2404f4bbe4e,117,development,3
CR200-3,30.4283,-98.8065,site_4fa99e2fc956380a,143,development,0
CR200-4,30.4298,-98.7792,site_5ca415a5fd8c11f3,149,development,1
CR200-5,30.2381,-98.7701,site_c3fac8d15831ac8c,148,development,2
CR200-8,30.2834,-98.6864,site_8e3ea373de88dc00,149,development,1
CR200-9,30.4319,-98.8133,site_4f633f2c887097a9,136,development,4
CRIG(SoilMoistureStation1),6.23025,-0.34655,site_4dd15b6db25eea2b,82,development,0
CRIG(SoilMoistureStation2),6.22984,-0.34698,site_5c29c7471e58357f,54,development,3
CRRS-SCGN,33.06981,-115.73504,site_b2da63ab5c4ee3dc,2,development,3
CSCI-SCGN,34.1684,-119.03898,site_e7920aa397fb1716,99,development,4
"CSIR-SARI,Nyankpala-Tamale",9.40083,-1.00191,site_0ad0f907a285c78b,99,development,4
CST-03,33.9,101.9666,site_e60e5a5f7ff91a10,20,development,3
CST-05,33.6666,101.8833,site_acf798671ee3a747,63,development,1
CTDM-SCGN,34.51655,-118.61321,site_91e14ae535f79ace,96,development,0
CULLMAN-NAHRC,34.2,-86.8,site_1c7e765219227837,159,development,2
CabrieresdAvignon,43.88367,5.16483,site_4a605b11c85f3580,2436,development,0
Calarasi,44.20572,27.33852,site_c4ae57110fb255d4,1016,development,3
CamidelsNerets,42.1554,0.9255,site_977580436f81c571,3218,test,-1
Canizal,41.19603,-5.35997,site_7ce6c15ef40a9887,868,development,0
Cantallops,42.4198,2.94128,site_947d9a648844f933,811,development,1
Carretoro,41.26504,-5.38049,site_9898264bce191dea,842,development,4
CasaPeriles,41.39392,-5.32146,site_f801eca3ddf0629c,849,development,3
Cerbara,43.56,12.38,site_901a320e9c405a2e,98,development,0
Champaign-9-SW,40.0528,-88.3729,site_0e7b99291027b045,403,development,1
Charkiln,36.367,-115.833,site_44bc4221af0e2690,281,development,1
Charlottesville-2-SSE,37.9975,-78.4656,site_12aaba88bfb65c8b,227,development,2
Cheverelis,-35.00535,146.30988,site_3f8f25f0fa2a3f3b,64,development,4
Chieming,47.88426,12.54037,site_bbfd063296f373c3,52,development,0
Chillicothe-22-ENE,39.8668,-93.147,site_26f018cca8362487,577,development,0
ChisineuCris,46.51868,21.54177,site_4d97122ac69c458e,260,development,4
Clarella,42.11946,2.28235,site_e443401d44fc1f23,1109,development,4
ClotdelesPeresI,42.15568,0.83478,site_73483f87b1a225a5,907,development,4
ClotdelesPeresII,42.15623,0.83767,site_20a8ade4f5c8dd77,1776,test,-1
CochoraRanch,35.12,-119.6,site_70a4655a50185729,555,development,2
ColldePaller,42.19748,1.24688,site_6d764ff710881490,1938,development,2
ConcejodelMonte,41.3001,-5.24704,site_2eadbc791936fa20,822,development,1
Condom,43.9744,0.3361,site_794f4adab7e8609a,1967,development,2
Coos-Bay-8-SW,43.2718,-124.3186,site_ecbc4520bb039c64,117,development,4
Cortez-8-SE,37.2553,-108.5035,site_108f541d7e13b076,1187,development,2
Corugea,44.73444,28.34225,site_31563788a284dc59,162,development,2
Corvallis-10-SSW,44.4185,-123.3257,site_66d7dca1620ed572,1016,test,-1
Coshocton-8-NNE,40.3667,-81.7829,site_a42d63e8b2f931d6,18,development,2
Cotnari,47.3583,26.92546,site_89b67bc04797f8a3,780,development,0
Cox,-35.38978,147.4572,site_5977dd6efaf94985,77,development,2
CreondArmagnac,43.9936,-0.0469,site_01183702de237e95,1316,development,4
Crossville-7-NW,36.0138,-85.1345,site_dfb90b37de535da6,303,test,-1
DEERIVERRANCH,33.1,-88.317,site_9573cc360aa7a95d,83,development,0
DELTAMUNI,39.38754,-112.50409,site_5c129902816da317,37,development,0
DELVALLE,37.60184,-121.68694,site_0dc29dbfcf3d5b45,16,development,4
DEXTER,36.783,-89.933,site_572a1b583bd03d5b,234,development,2
DRI-RENO,39.5728,-119.79984,site_bb59973d2df99f1c,65,development,3
DWDBerlinGlien,52.4311,13.55288,site_68322e90dd9563bf,434,development,4
DWDBerlinMarx,52.47089,13.44103,site_fb66aa74c523bf6b,430,development,1
DWDBerlinTempel,52.45388,13.4312,site_4680c02330a5a24c,432,development,2
DWDmohrinerAllee,52.44,13.41489,site_7f0acd7df3af84c3,388,development,0
Darabani,48.19477,26.57325,site_cf6b1b2134e1588b,836,development,1
Darrington-21-NNE,48.5405,-121.446,site_75a0a6603ab1116e,1543,development,0
DeathValleyJCT,36.33,-116.35,site_0a639c884418ac75,179,development,4
DeepSprings,37.37,-117.97,site_76b0c722c519421c,779,development,0
Deerwood,39.19757,-123.15985,site_a044c6ba9277ce3b,844,test,-1
Dej,47.12796,23.89893,site_d583e7eb857a6d07,415,development,0
Demokeya,13.2829,30.4783,site_1e4554eec29098a5,97,development,2
Denio-52-WSW,41.8484,-119.6357,site_912580bb93bae080,336,development,2
DesertCenter,33.8,-115.31,site_e7895d956d62a46d,90,development,3
Dillon-18-WSW,45.158,-113.0057,site_caab4140fe1f5c75,199,development,3
DoeRidge,37.63,-118.83,site_1f03845600024bcb,415,development,3
Downieville,39.5634,-120.8242,site_46bbd0d57edf9712,339,test,-1
Dry-Lake,-34.72835,146.29317,site_153d5fe2ea0a30b2,107,development,0
Dumbraveni,46.22786,24.59161,site_b491b5d705afd5f5,391,development,1
Durham-11-W,35.9705,-79.0931,site_df5a72d9e6b0c9b0,547,development,4
Durham-2-N,43.1716,-70.9277,site_402a00535323377d,283,development,2
Durham-2-SSW,43.1092,-70.9484,site_51e9108791d53546,293,development,3
EASTLAND,37.783,-109.167,site_8eb987af49bead43,440,development,2
EASTVIEWFARM,35.133,-86.183,site_b4a169fed07d4305,259,development,1
ELSBERRYPMC,39.15306,-90.78278,site_1929ba01621eda50,217,development,4
ENTERPRISE,37.633,-113.65,site_f8bf18cf05681ba1,521,development,3
EPHRAIM,39.4167,-111.567,site_b30a47c3dfe5fc92,477,development,3
EVERGLADESARS,25.5,-80.55,site_420eb683366b57f6,91,development,4
EcRockStPkTX2012,30.49464,-98.82203,site_1d6a4da433bfddd7,6,development,0
Edinburg-17-NNE,26.5258,-98.0633,site_06fbc9bb474fb230,913,development,4
ElBoixer,42.39871,0.95839,site_763dec14eaad3a50,1497,test,-1
ElCoto,41.38134,-5.42922,site_479c9178cadeeacf,620,development,4
ElMiracle,41.91393,1.5276,site_8e6ad22dcccafcc7,1246,development,0
ElTomillar,41.34888,-5.49027,site_9a5b564ee1a1517d,676,development,2
Elgin-5-S,31.5907,-110.5087,site_0ce5386aeb45589f,1099,development,3
Essex,34.67,-115.17,site_2d0695836558269a,137,development,1
EtiwandaDownstream,34.1585,-117.5138,site_f35139d0576344b1,399,development,4
Eulo,-34.71943,146.02003,site_02b6ac3cafd20e22,104,development,1
Everglades-City-5-NE,25.8996,-81.3183,site_39e3332a33e328c0,156,development,4
Evergreen,-35.23887,147.5333,site_dffc4a16666e5428,8,development,4
FALLBROOK,33.35519,-117.24869,site_d6e0f79187805dc4,57,development,4
FGST-SCGN,34.73301,-120.00938,site_71e9fd683ed1988c,57,development,1
FORDRA087G,33.49554,-116.60257,site_daf47f9c44bf482f,99,development,4
FORTASSINIBOINE#1,48.483,-109.8,site_cadb6c34bf67432d,262,development,1
FORTRENO#1,35.55,-98.017,site_49b534f23930be14,386,development,2
FOUNTGREEN,39.59748,-111.65082,site_3d3d4af3226bd56f,68,development,3
FREEMONTAP,38.42175,-105.10468,site_633f81ba98074791,63,development,3
Fallbrook-5-NE,33.4392,-117.1904,site_3527ca4be8ad318d,825,development,1
FeatherRiverCollege,39.94597,-120.96972,site_9a39d33121ec563e,972,development,3
FrenchGulch,40.79361,-122.55083,site_0cc8f0bf6d22e691,356,development,0
Friesoythe-Altenoythe,53.0643,7.90197,site_d46dadf54503ff71,88,development,3
Fyodorovskoyedrysprucestand,56.4476,32.90188,site_aa4df3fb16db7e70,50,development,4
Fyodorovskoyewetsprucestand,56.46153,32.92208,site_3744ab32b5fabc06,14,development,1
GENEVA#1,42.883,-77.033,site_4afa6fca34a02012,148,development,0
GLACIALRIDGE,47.717,-96.267,site_98378de2aa945723,63,development,2
GLRS-SCGN,33.27481,-115.52137,site_37100d9c494e6343,36,development,2
GNPS-SCGN,34.30856,-114.18945,site_d47f3d91f6768d70,53,development,2
GOODWINCREEKTIMBER,34.233,-89.9,site_fa8f84308360a237,255,development,4
GOSHUTE,39.983,-114.0,site_2c61711a8eb15185,175,development,0
GRANITEMTN,37.90345,-118.73622,site_fb12f9388775927e,36,development,3
GRANITEPK,40.7798,-119.4768,site_cc73ca175d85bc6f,40,development,4
GRANTS,35.13218,-107.88002,site_b582b14f96e98786,39,development,2
GRANTSVILLE,40.583,-112.4,site_fa67fc8ac26d4830,132,development,0
GRAPEVINE,34.8351,-118.879,site_ac2a9b93fc2413dd,121,development,2
GROUSECREEK,41.783,-113.817,site_dafe0965d62ae39c,205,development,3
GUILARTEFOREST,18.15,-66.767,site_6641dc35f7f7b1d6,5,development,0
GULKANARIVER,62.40962,-145.37513,site_cb73c7416c77fcc5,47,development,0
Garriguella,42.33673,3.06479,site_63012b87359e4210,687,development,1
Gevenich,50.9892,6.32355,site_faac0be9a66c6585,533,development,3
Goettingen,51.50025,9.95066,site_bd11119142bc591a,41,development,3
Goodridge-12-NNW,48.3055,-95.8744,site_0e60c1f731fb2594,451,test,-1
Goodwell-2-SE,36.5682,-101.6097,site_c90d703c921023d7,1306,development,3
Granja-g,41.30582,-5.37566,site_57c9411d53d3b891,847,development,1
GuYuan-01,41.76351,115.68061,site_32aa1fd33af84607,96,development,0
GuYuan-02,41.76345,115.68102,site_165c41e6efa0bc8e,87,development,4
GuYuan-03,41.76332,115.68143,site_0da833e2b1888903,110,development,2
GuYuan-04,41.76284,115.6809,site_8fa7ffd1566cb92a,100,development,1
GuYuan-05,41.76289,115.68052,site_d0ce78b41de4999b,103,development,0
GuYuan-06,41.76308,115.68133,site_10a7b62e4edfa545,98,development,1
GuYuan-07,41.76301,115.68071,site_0d5e4db658745469,95,development,3
GuYuan-08,41.76316,115.68099,site_bfacedeb5df79c6e,100,development,3
GuYuan-09,41.76319,115.68058,site_48d263b97f32a2d9,96,development,0
GuYuan-10,41.76279,115.68126,site_b7a18627a594b786,96,development,1
Guarrati,41.2892,-5.46713,site_6411ebbe96528026,629,development,4
HARMSWAY,38.317,-109.233,site_f408269ff3bfc904,433,development,0
HARTMTNNWR,42.54669,-119.65839,site_426aa82109fc7c47,28,development,3
HAYSPEAK,41.2757,-119.9359,site_95a6e0674f2876c2,37,development,1
HILL72,41.75657,-112.62314,site_3bce6f9707106717,37,development,3
HILLMRANCHM,35.6248,-120.48043,site_a5c5f553e4031a41,74,development,1
HNSLVALLY,41.80339,-112.69829,site_5896b54480755cab,20,development,1
HODGES,34.45,-86.15,site_ac16cbbd2f795846,35,development,4
HOLDEN,39.2,-112.4,site_6a31951f1e7ac87b,178,development,4
HORSHEAVEN,45.91058,-120.0052,site_05aa898de0a23cc1,66,development,2
HUBBARDBROOK,43.933,-71.717,site_68bc9d9136a91d21,185,development,0
HUNT-SCGN,35.88081,-120.40238,site_754a56eb31e06ac7,75,development,1
HVYS-SCGN,34.44123,-119.18754,site_b812626cb80e0341,68,development,3
Harrison-20-SSE,42.4247,-103.7363,site_f956c78502603f81,851,development,1
Harzgerode,51.65197,11.13665,site_ec919d9a24ddf81b,54,development,1
HeartKRanch,40.06782,-120.69375,site_863c334735fb9bf1,339,test,-1
HellsDelightCanyon,39.26762,-123.14721,site_eda005e51a299a0e,696,development,1
Hoal-01,48.15709,15.13658,site_e25a87142f53f607,921,test,-1
Hoal-02,48.15668,15.14109,site_dbd15ac8d9118973,744,test,-1
Hoal-04,48.15622,15.14124,site_70ecc850263e23bf,836,development,1
Hoal-05,48.15804,15.14731,site_3999cca71a6a19c4,409,test,-1
Hoal-06,48.15501,15.14573,site_47749587de8e2aac,434,development,2
Hoal-07,48.15473,15.14844,site_454123e8a1bcfe25,1345,test,-1
Hoal-08,48.15473,15.14844,site_454123e8a1bcfe25,1345,test,-1
Hoal-09,48.15617,15.15045,site_98b5a51181513eb5,521,test,-1
Hoal-10,48.15403,15.15299,site_0cc518f8eb987b6e,801,development,2
Hoal-11,48.15645,15.14799,site_d5fa35b8748ecd00,390,development,2
Hoal-12,48.15151,15.14958,site_6f4dcb1e04a51328,471,development,0
Hoal-14,48.15276,15.15272,site_89d7fda60b8576e0,395,test,-1
Hoal-15,48.15202,15.15302,site_0430e77fe9702577,899,development,1
Hoal-16,48.15117,15.15417,site_d2c6c5fd07d735c9,974,development,2
Hoal-17,48.15045,15.15468,site_42d0b232cf256027,763,development,3
Hoal-18,48.15257,15.15104,site_0f5c2c2840148780,391,development,0
Hoal-19,48.15473,15.14844,site_454123e8a1bcfe25,1345,test,-1
Hoal-21,48.15346,15.14688,site_25c3911a44e2e266,598,development,3
Hoal-22,48.15562,15.14804,site_a62049e3761071cb,563,development,3
Hoal-25,48.1543,15.14844,site_a8f474364dc17adf,394,development,0
Hoal-26,48.15426,15.14975,site_300613673c8de12a,290,test,-1
Hoal-27,48.15552,15.15116,site_e35bffa822780b41,269,development,1
Hoal-28,48.15356,15.14856,site_72f791e7a3b14404,388,development,3
Hoal-30,48.15405,15.15407,site_978ff47db3a1c5a1,322,development,2
Hoal-32,48.15162,15.15158,site_29c64bda55c4bd6f,192,test,-1
Hoal-33,48.15179,15.15425,site_b0b863b5597ced77,189,development,4
Hoal-34,48.1521,15.15537,site_983e670b17ddf306,261,test,-1
Hoal-36,48.15696,15.14796,site_6770b4e6f1f2e8bb,472,development,0
Holly-Springs-4-N,34.8223,-89.4348,site_91ea89ee8d5d5b53,580,development,0
HoweRanch,40.65279,-107.26172,site_ac240db4268c6c54,271,development,3
Hoyerswerda,51.44924,14.25327,site_319d460a95d287a7,55,development,3
Hupsel,52.06747,6.65677,site_26066c2f9061bb32,267,development,2
IMPERIALSP,33.42387,-115.687,site_13345716e1eac548,38,development,1
IMPS-SCGN,34.15756,-115.1451,site_8adbe57839dd7587,31,development,1
INDIANPEAK,39.28794,-117.6049,site_b87cd5aaea8e51ba,65,development,2
ISBELLFARMS,34.817,-87.983,site_0d5442a09f1a2d6e,357,development,4
ITCSM-01b,52.41472,6.96583,site_270decc0b97d0896,280,development,4
ITCSM-02b,52.39083,6.86011,site_4cacd33e9c8aef19,344,development,3
ITCSM-03a,52.35061,6.78992,site_05ff70d4d3251126,56,development,3
ITCSM-03b,52.35024,6.78951,site_b12672b82d8e070e,371,development,3
ITCSM-04b,52.27158,6.92133,site_0749a2df9169c11c,244,development,2
ITCSM-05a,52.27333,6.69944,site_66c5aa948cb00d80,6,development,4
ITCSM-05b,52.26787,6.69273,site_ed8668d708cd9f42,70,development,0
ITCSM-05c,52.26598,6.69109,site_313b58fce7205197,400,development,2
ITCSM-05d,52.26598,6.69109,site_313b58fce7205197,400,development,2
ITCSM-07b,52.37328,6.96228,site_e1d83ae86567245b,279,development,3
ITCSM-08b,52.13578,6.74507,site_f41236f6a73e8c51,344,development,1
ITCSM-09,52.14639,6.84306,site_5ba32085b805fa13,239,development,0
ITCSM-10c,52.19104,6.66827,site_a3440058322ffd4e,564,development,3
ITCSM-11d,52.22005,6.54288,site_c6112b3d07cf93a0,216,development,3
ITCSM-12b,52.14035,6.55965,site_84025ad53bb001c3,582,development,2
ITCSM-13,52.19389,6.4175,site_8cee030029879195,657,development,1
ITCSM-14c,52.19594,6.30484,site_2b657e21e1c1d622,416,development,2
ITCSM-15b,52.31036,6.61053,site_3e3dd959fc43e496,515,development,1
ITCSM-16b,52.36781,6.53525,site_f2e692f63befa2ca,575,development,1
ITCSM-17b,52.42013,6.54044,site_e112cf24dd2b666b,2,development,0
ITCSM-17c,52.41877,6.5407,site_af687448e37c8c15,597,development,2
ITCSM-18,52.40528,6.37991,site_abdcb41ac727b4e7,485,development,4
ITCSM-19,52.33333,6.33167,site_fbcf22b1e9843130,94,development,4
ITCSM-20,52.31889,6.44861,site_1e115354ece8fb9b,39,development,2
Iasi,47.16315,27.62546,site_15fd0f8efa3618ec,756,development,4
Ingram,38.88623,-123.15132,site_861ce199e425915f,180,test,-1
IrrigationTechnologyCentre,17.3144,96.4519,site_da42d7233341c5fa,70,development,4
JACKASSBUT,43.034,-118.92847,site_11d0ddb199b9f010,2,development,1
JOHNSONFARM,40.367,-101.717,site_52a99c537fd71479,333,development,0
JORDAN,47.517,-107.133,site_9563943b41248204,316,development,4
JORNADAEXPRANGE,32.55,-106.7,site_f0ccb43d6f9d9cfd,309,development,1
JOURNAGANRANCH,37.0,-92.26,site_079486718438a070,226,development,0
JR-1-2301,32.52312,-106.74067,site_e08b0590bf66e62a,296,development,2
JR-1-2303,32.51924,-106.73893,site_77cb72593212dbbd,250,test,-1
JR-1-2304,32.52001,-106.73629,site_fa6684a460ee051b,175,development,3
JR-2-2401,32.59047,-106.78332,site_741bd07218da164c,256,development,1
JR-2-2402,32.58917,-106.77826,site_bbd4ea535f73b619,192,development,0
JR-2-2403,32.58997,-106.78791,site_81b448dff9fe7139,227,test,-1
JR-2-2404,32.59244,-106.77855,site_8b49c8c099ceaa41,185,test,-1
JR-3-2501,32.61355,-106.73695,site_aae8b0a4c0119c59,290,development,0
JR-3-2502,32.6088,-106.73716,site_d33b41fbc11cec5f,228,test,-1
JR-3-2503,32.61227,-106.74121,site_17476f5e1149b6dd,311,development,1
JR-3-2504,32.60999,-106.7327,site_047754da87a40137,182,development,2
Jamestown-38-WSW,46.7702,-99.4778,site_4148b96858a0e60a,171,development,4
KAINALIU,19.533,-155.933,site_9cfda7361157a69e,189,development,4
KEMMERERLF,41.74982,-110.51281,site_92d25300e45f668d,35,development,4
KEMOLEGULCH,19.917,-155.583,site_49b410d6df2872b8,187,development,0
KNOLLSWEST,40.67131,-113.27803,site_f6a13c8718860659,32,development,0
"KNUSTFarm,Kumasi",6.69099,-1.51909,site_c62b54e06aa4fffe,37,development,4
KU-NESA,39.05,-95.183,site_062fed1c5ac99ce7,88,development,2
KUKUIHAELE,20.1,-155.517,site_386cdfdcf9b17142,388,development,1
Kenai-29-ENE,60.7257,-150.4508,site_181ff8c89ef12a6c,287,development,4
Kendall-1402,31.73685,-109.94288,site_f1050af72de062ae,91,development,1
Kendall-1403,31.73668,-109.94264,site_026dbe6171ec07f4,71,development,1
Kendall-1404,31.73586,-109.94126,site_4915d0b8a484d43a,129,development,3
Kendall-1406,31.73678,-109.9442,site_6a1c5e38a054464b,129,development,2
Kendall-1407,31.7367,-109.94659,site_098c5f4a8213f315,52,development,0
Kendall-1408,31.73712,-109.94676,site_b18fe53daa1d7307,44,development,2
Kendall-1409,31.7379,-109.94663,site_d4253e2faeb3b528,43,development,0
Kingston-1-NW,41.4911,-71.5413,site_fb318c5726a2f05c,842,development,0
Kingston-1-W,41.4782,-71.5417,site_74d6733a337aa5b5,770,development,4
Komotini,41.123,25.386,site_9c51efef96062ac3,183,development,1
Kyeamba-Mouth,-35.12493,147.4974,site_33d9c76285abfbd1,64,development,4
KyleCanyon,36.267,-115.617,site_84dbfb194c437ec0,301,development,1
Kyritz,52.93625,12.40934,site_591f3f72c730f39a,46,development,3
L1,41.55076,115.53885,site_2e03a5b4a3fc6fe0,107,development,4
L11,42.41197,116.22271,site_15804522fbfefabb,162,test,-1
L12,42.40121,116.36778,site_a5c2bfa9bb36639b,184,development,0
L13,42.41643,115.99656,site_3697f876563488cb,160,development,4
L14,41.57443,116.43741,site_6198a28ec3f8f86a,167,development,3
L2,41.78007,115.60314,site_ed9138fe753e1f02,63,development,1
L3,42.04218,115.62838,site_367fad9034e246b1,109,development,3
L4,42.25761,115.68971,site_d91996c560da68ca,94,test,-1
L5,42.41974,115.74281,site_d74ec077de336965,168,development,2
L6,41.80295,116.3333,site_cc4adebea528a6a7,171,test,-1
L8,41.95531,116.36103,site_43d513d9ee89a497,178,test,-1
L9,41.74474,116.08734,site_48c0bfa2a3485fb7,153,development,3
LAKHENSHAW,33.24018,-116.67141,site_6fa03518f2e15749,74,development,3
LAMARARPT,38.0715,-102.68698,site_dfda0bf114384539,49,development,3
LASTCHANCE,37.20083,-117.70418,site_97832a03d9613f37,33,development,2
LCRA-1,30.4306,-98.6136,site_cc39c5b4f811532d,154,development,1
LCRA-2,30.4206,-98.8518,site_e621c0e748219561,130,development,0
LCRA-3,30.1713,-98.6136,site_32d33ae0920bdcec,147,development,1
LCRA-4,30.3423,-98.8679,site_9ff0a0ccad22ddc6,126,development,3
LCRA-5,30.33,-98.6116,site_c9aed1d9afe08cac,128,development,1
LCRA-6,30.2408,-98.6253,site_df32de3b824705c1,130,development,3
LCRA-7,30.1658,-98.9498,site_7dc3504cdb8699cf,179,development,1
LEVELLAND,33.55,-102.367,site_4ea6d277e84496c8,413,development,0
LIND#1,47.0,-118.567,site_6d48a42f8098677d,204,development,0
LINDSAY,47.21,-105.19,site_669ad6ba4bcd30e6,57,development,3
LITTLEBALD,39.92492,-115.55599,site_139d8263042fc17e,25,development,1
LITTLELOST,44.03982,-113.30648,site_5e24def8042ec3b4,11,development,4
LIVINGSTON-UWA,32.6,-88.2,site_32983262837b2abc,52,development,2
LOSLUNASPMC,34.767,-106.767,site_eb3bc9a7aee9d6f6,324,development,3
La-Junta-17-WSW,37.8639,-103.8224,site_58667ddb3903bbc2,1842,development,4
LaAtalaya,41.14894,-5.39757,site_4accdc2358f08145,95,development,0
LaCruzdeElias,41.28546,-5.30003,site_1053b206858b1513,880,development,0
LaCultiadAreu,42.58803,1.3299,site_14d94a059a5aad1d,1401,development,4
LaGrandCombe,44.243,4.01017,site_1540ed4ad947cd80,1296,development,2
Lander-11-SSE,42.6754,-108.6686,site_4b307595d7b7b6da,381,development,0
Las-Cruces-20-N,32.6137,-106.7414,site_a85f5d6458d2ef6d,1780,development,2
LasArenas,41.37338,-5.5485,site_e60f7e42ba2fd8cd,702,development,4
LasBodegas,41.18264,-5.47708,site_52efe15d6a747228,616,development,0
LasBrozas,41.44649,-5.3587,site_af194bfb42414cbb,864,development,0
LasVacas,41.34709,-5.22474,site_4d238af0af441869,859,development,0
LasVictorias,41.42413,-5.37403,site_c33eaf01c8613ed2,878,development,1
Leutkirch-Herlazhofen,47.79553,10.03246,site_4fc1c31a5e50a546,49,development,2
Lincoln-8-ENE,40.8484,-96.5651,site_646b0b13ac40b218,356,test,-1
LlanosdelaBoveda,41.35757,-5.33113,site_9325c992d0f1e0e4,864,development,1
Llivia,42.46915,1.97235,site_8fd20385af85644b,1273,development,0
Los-Alamos-13-W,35.8584,-106.5214,site_0897d2a8d9842ad4,1323,test,-1
LosCoscolls,42.14571,0.98318,site_a0c291a961f2a716,2864,test,-1
LovelockNnr,40.033,-118.183,site_bc37e7bebe33d230,276,development,3
LowerElk,40.57139,-106.9163,site_8cc16869ec1e1da8,277,test,-1
Lucky-Hills-1502,31.74273,-110.05257,site_f1573be180b99853,119,development,0
Lucky-Hills-1503,31.74302,-110.05263,site_eba5cbc1dd84d08d,137,development,1
Lucky-Hills-1504,31.74271,-110.0528,site_83403fd7c9ad70f1,108,development,0
Lucky-Hills-1505,31.74447,-110.05234,site_3e869a526b77cd87,53,development,2
Lucky-Hills-1506,31.74404,-110.05301,site_24bea14e8249e50f,135,development,3
M1,41.96557,115.85593,site_c2fa2fe516862278,174,development,4
M10,42.30257,116.24275,site_dc096381800c2a0d,183,development,3
M11,42.16893,116.13948,site_19feb3f9e9d0726a,171,development,1
M12,42.0251,116.1766,site_c8bbc74a2a93ec2f,104,test,-1
M2,42.10528,115.80944,site_5bf25e0531f88e2f,185,development,2
M3,41.94972,116.0825,site_6cb3e406456efe20,167,development,4
M4,42.09596,116.18551,site_7e86404aaf2aaa5a,177,test,-1
M5,42.18555,116.18824,site_6ed688016a61001c,189,development,3
M6,42.1868,115.93874,site_6ce971c90b49aeb0,177,development,1
M8,42.30639,115.88861,site_ed130293b294c5a2,116,development,1
M9,42.30554,116.07037,site_70208b23c7d145de,145,development,0
MAHANTANGOCK,40.667,-76.667,site_49f7a3a08cf1a503,75,development,2
MAMMOTHCAVE,37.183,-86.033,site_c3aefe4e5e9b8037,305,development,0
MANAHOUSE,19.95,-155.533,site_194102884b72b2f0,88,development,4
MANDAN#1,46.767,-100.917,site_360469521723c0bf,302,development,1
MANDERFIELD,38.367,-112.65,site_a9bff24a5451b631,238,development,3
MARICAOFOREST,18.15,-67.0,site_10ec1b51ff0dc0c8,84,development,0
MARKTWAINHS,39.51311,-91.51401,site_6009b70703dc2497,93,development,4
MASON#1,40.3167,-89.9,site_444e34f5ad449f77,182,development,2
MATADORRCH,45.04347,-112.52409,site_fd9f51d6899fafaa,46,development,4
MAYDAY,32.867,-90.517,site_6af9b829a3e0be45,70,development,0
MB1,49.56234,-98.01924,site_f5fb4b6c3b6ce99f,102,development,4
MB11,50.11131,-97.57337,site_0312a18810484838,58,development,3
MB12,50.18998,-97.59801,site_ac6e3a81298a7ce5,53,development,3
MB13,49.93262,-99.38716,site_d2a88afeebc07d80,46,development,4
MB2,49.4925,-97.93374,site_5d637e79fa207678,82,development,0
MB3,49.51951,-97.95649,site_f4812d36f8b87671,83,development,3
MB4,49.63609,-97.98813,site_fc969b6a7d772c7d,88,development,1
MB5,49.62145,-97.95781,site_841029a3fc0d0421,80,development,4
MB6,49.67877,-97.95957,site_3fd206a570dca7d5,52,development,4
MB8,49.75253,-97.98237,site_b756906d27dccd10,62,development,0
MB9,49.69462,-98.02397,site_5809bead57720978,62,development,4
MCALISTERFARM,35.067,-86.583,site_c8f923241d7b6cf3,153,development,0
MCDERMITT,42.02013,-117.72562,site_e7ee204eaac12eb2,47,development,1
MCDNLDWELL,35.11678,-117.36475,site_e0f23347bc3a360e,5,development,2
MEDICINELG,44.39978,-112.63647,site_097bbf563f897742,21,development,1
MIDDLEGATE,39.3056,-117.9848,site_25bb1d03fe665fce,56,development,3
MILFORD,38.35,-113.0167,site_6cb8ba95bd0dee4d,341,development,0
MOCCASIN,47.05,-109.95,site_c3aa24263a4277b0,258,development,4
MOLLYCAREN#1,39.95,-83.45,site_59c7d9e52ad4d8ab,85,development,1
MOONEYCYN,36.14021,-120.8789,site_08cce474c4f1c65e,101,development,1
MORGAN,41.0,-111.683,site_8905c26daaab430e,211,development,3
MORRISFARMS,32.417,-85.917,site_1f80e745021951bc,179,development,1
MORROCREEK,35.42576,-120.80813,site_0f333b36a4874c91,102,development,2
MORROWAIR,45.45282,-119.69011,site_fc3e5e33830dc393,21,development,1
MOUNTMANSFIELD,44.533,-72.833,site_32e9d9454ab82a2b,29,development,3
MT-GLEASON,34.37637,-118.17757,site_6ec0b265c8640204,38,development,0
MTVERNON,37.067,-93.883,site_df4d1a2cf99eda94,136,development,1
Mafikeng,-25.80502,25.53997,site_6f1d891d977773b1,32,development,3
Manhattan-6-SSW,39.1027,-96.6098,site_c6db53a69289981e,501,test,-1
MapleCity,37.0694,-97.7606,site_651ac46c08004df7,601,development,4
MarbleCreek,37.783,-118.417,site_a8d2970296172e46,359,development,3
Mazan-Abbaye,44.73383,4.08383,site_365133aa4290174f,1361,development,2
McClellanville-7-NE,33.1532,-79.3637,site_a6a5e3eb9fd3c985,1209,development,0
Medford,36.819,-97.8199,site_86b7f22d3a648755,740,development,2
Mejannes-le-Clap,44.222,4.34483,site_b904064dea358149,2280,development,0
Merced-23-WSW,37.2381,-120.8825,site_1540d45a23b55752,2386,test,-1
Mercury-3-SSW,36.624,-116.0225,site_e4827c2c7a3df4be,2128,development,4
MinQin-01,38.62963,102.9176,site_f80bf9d30cd43152,243,development,2
MinQin-02,38.62941,102.91787,site_18bedc0a241bdc83,245,development,2
MinQin-03,38.62916,102.91813,site_8a95dad53e3ef658,232,test,-1
MinQin-04,38.6298,102.91799,site_fb4c3069d7e94bed,233,development,3
MinQin-05,38.62963,102.91829,site_6eaed325c7afd5f2,245,development,4
MinQin-06,38.62933,102.91842,site_e236e8f6fb4c7e9a,247,development,1
MinQin-07,38.62978,102.91824,site_17fc3116fcf992a7,242,test,-1
MinQin-08,38.62997,102.9183,site_916f2628195f7cd3,247,development,2
MinQin-09,38.62972,102.91854,site_c3fba37c42f73863,245,development,4
MinQin-10,38.62948,102.91873,site_edc41c47fa42988f,219,development,2
Monahans-6-ENE,31.6219,-102.8071,site_baf61fa27e289b2f,1650,test,-1
MonoclineRidge,36.54417,-120.55463,site_90c4f5b431597729,821,development,1
Monroe-26-N,32.8833,-92.1165,site_37c98a51b9f80f45,335,development,4
Montaut,43.1922,1.6436,site_a2dd98acaefee6f4,784,development,3
Montrose-11-ENE,38.544,-107.6928,site_ddd5a78c36a9e7a3,1246,development,3
Moose-1-NNE,43.6615,-110.712,site_d68e520b86217ecc,289,development,4
Morrison,36.37354,-97.06905,site_237e685bbdd8644d,951,development,2
Mouthoumet,42.96,2.53,site_521b8a838df0ee44,2530,test,-1
Muleshoe-19-S,33.9557,-102.774,site_c91d0d6c46ea62b9,967,development,2
NENANA,64.683,-148.917,site_3c21ace69367fd43,31,development,3
NEPHI,39.65,-111.867,site_47cb8752f353f72a,342,development,1
NEWCASTLE-1,43.88115,-104.1857,site_cc701381aa01ffc3,51,development,3
NORTHISSAQUENA,33.0,-91.067,site_389215a205727fd3,94,development,0
NQ01,31.32611,91.82861,site_eef5f3ba42e04423,140,development,3
NQ02,31.30861,91.81972,site_d7943e43ff597b33,131,development,2
NQ03,31.2775,91.78889,site_d3c0f0b2faa9bb95,123,development,4
NQ04,31.25667,91.80361,site_ab53cfe255b5cc4c,139,development,3
NQBJ,31.36638,91.89969,site_2ecbb3b2737ff9d4,67,development,0
NQKema,31.27209,92.11031,site_ad04b63315ba2272,16,development,2
NQMS,31.22623,91.7833,site_a7fe1c93212d2f37,103,development,0
NQNorth,31.37878,91.86848,site_6307ca95d0b03b26,121,development,1
NQWest,31.34344,91.82089,site_e03a086b6cf0400e,44,test,-1
NST-01,33.8933,102.1333,site_1ead9d05e7924900,49,development,3
NST-03,33.7666,102.1333,site_0f556398a37eba54,17,development,4
NST-05,33.6333,102.05,site_f4e907a8ba8d1abb,51,development,0
NST-06,34.0,102.2666,site_a55a51839f39337a,33,development,3
NST-07,33.9833,102.35,site_e285e97bc06024be,13,development,0
NST-08,33.9666,102.6,site_33e57061030aaa1a,42,development,3
NST-09,33.9,102.55,site_63e7e96910147c52,10,development,4
NST-10,33.85,102.5666,site_b969a6c48312ad74,23,development,4
NST-24,33.99908,102.13661,site_a3fe6dc1994cbcf1,41,development,4
NST-30,33.7086,101.9461,site_545c918e740bed59,12,development,4
NST-31,33.7036,101.9265,site_783ea304b6cb08b0,29,development,4
NST-32,33.6547,101.839,site_9645b57909c3f762,23,test,-1
NUNN#1,40.867,-104.733,site_dabd51f8216ca183,414,development,3
Nalohou-Mid,9.7453,1.6053,site_203c950b486649d5,88,development,1
Nalohou-Top,9.74407,1.6058,site_a728723d09857d1a,67,development,1
Narbonne,43.15,2.9567,site_18be3f84accd05c4,1979,development,3
Necedah-5-WNW,44.0604,-90.1737,site_00edf1317915280d,726,development,2
Newcastle-2,-27.7686,29.97654,site_4b78a1e10bf476d7,14,development,3
Newkirk,36.926,-97.082,site_7f10cc6142e2e1b8,766,test,-1
Newton-5-ENE,32.3378,-89.0703,site_cd09f5e742102c10,1019,development,4
Newton-8-W,31.3127,-84.4706,site_e99ab7a415991029,544,development,2
NorthCowMountain,39.17967,-123.08009,site_a408c1f09c2d83d9,1352,development,2
Nunn-7-NNE,40.8066,-104.7552,site_734a8ec3d3587deb,1737,development,4
Nymfaia,41.264,25.436,site_29971fce7657be9c,156,development,2
ON2,45.4016,-74.9479,site_f07b80b3214910ba,44,development,4
ON3,45.36263,-74.99708,site_551190f45891f632,40,development,2
ON4,45.31403,-75.01928,site_a73a8fe0a0e90dac,39,development,3
ON5,45.37686,-75.00314,site_d1da6ed45ac274f5,50,development,0
ON6,45.33581,-74.93418,site_617d5a69b08b72f8,37,development,3
ORCHARDRANGESITE,43.32,-116.0,site_4aee712beb09287c,127,development,3
Oakley-19-SSW,38.8701,-100.9627,site_28de8124779d0d55,1227,test,-1
Okla2,36.485,-96.9642,site_95c50f37760ba8b9,9,development,4
Old-Town-2-W,44.9281,-68.7006,site_f468c03f1fedb166,141,development,0
Omega,35.88,-98.173,site_ec20e4065643efdb,708,development,3
PANGUITCH,37.867,-112.433,site_734432da6e99253a,201,development,1
PARKINSONF,43.91915,-111.45049,site_694aad5289524593,35,development,4
PARKVALLEY,41.767,-113.267,site_8126bf120df6e8fa,258,development,2
PEEDEE,34.3,-79.733,site_1ae2faafa57e844c,288,development,2
PERDIDORIVFARMS,31.117,-87.55,site_ea33c67804056e7d,182,development,2
PERTHSHIRE,33.967,-90.9,site_a2c2e8340755d8a7,83,development,0
PHILLIPSBURG,39.783,-99.333,site_12f6f97179080a87,406,development,1
PRICE,39.533,-110.8,site_bb41a05397abcbe3,238,development,4
PRINCETON#1,37.1,-87.833,site_bcf274618f28d9ed,84,development,3
PSA14wiltinger,52.63489,13.28991,site_59e0fe7c4ae0f849,113,development,0
PSA17suedpark,52.40145,13.51,site_88b325bed90e5cd8,187,development,2
PSA1BerlinerStr,52.43899,13.2726,site_b5639796f8098e20,328,development,1
PSA2Tiergarten,52.51474,13.36619,site_87ec218e6b6d4b81,397,development,3
PSA3Buergerpark,52.57016,13.38748,site_68e0a7cac180b7fb,385,development,0
PSA4Heerstrasse,52.50821,13.24764,site_aaad533d86c5f947,240,development,1
PSA5Sternenwarte,52.48697,13.47584,site_2689516b5f07761f,394,development,3
PSA6Plaenterwald,52.47629,13.48714,site_228e3c936ac52751,419,development,0
PSA7Ruebezahl,52.42399,13.6251,site_f65ec349d3fa498b,397,development,2
PSA8MueggelOst,52.42103,13.6476,site_f48c6b207c3fab2d,284,development,2
Panther-Junction-2-N,29.3483,-103.2093,site_1dab76a1b26190f6,1016,development,3
Paredinas,41.45586,-5.411,site_54c3846d0762e78b,725,development,0
Pawhuska,36.841,-96.427,site_96e92296d2491d86,1358,development,4
Pessonada,42.218,1.0196,site_2b0159df0d3593f2,3340,test,-1
Petrelle,43.35,12.17,site_503f0d34679d2c3c,109,development,0
Pezenas,43.43833,3.40333,site_f9b796db02c200aa,1258,development,1
PflABerlin10Schl,52.52705,13.28737,site_b9661fa344baf0d4,144,development,4
PflABerlin11Humb,52.54434,13.38112,site_e3489f2db8b7f610,188,development,1
PflABerlin12Schi,52.50847,13.42852,site_8c584caec5491a2c,154,development,0
PflABerlin13Marz,52.54064,13.57653,site_1d1f4a4194ae00c3,182,development,3
PflABerlin9,52.52315,13.14316,site_40392ec0ab51085a,129,development,3
Pierre-24-S,44.0194,-100.353,site_1f2f25947066509c,1223,development,4
PineNut,36.567,-115.2,site_3aab5eecf1e576ed,227,development,2
Port-Aransas-32-NNE,28.3045,-96.823,site_68a69fed5c9dc2db,688,development,2
PorterCanyon,39.467,-117.617,site_5475cf38df836ff4,649,development,1
Portola,39.8175,-120.4969,site_e6f4ed93ce9ba081,413,development,3
PotterValleyCentral,39.32091,-123.10282,site_10d7d76e5b99709b,208,development,0
PotterValleyNorth,39.36141,-123.11312,site_9e4afb6a8f7ad2cf,1210,test,-1
Prades-le-Lez,43.43767,3.40033,site_73fced68c3c0a0ff,1124,development,1
Putbus,54.36428,13.47708,site_0c4d512642175d8c,82,development,2
QUILLAYUT,47.93719,-124.55702,site_1a0cd59d1873112a,14,development,0
RAWLINSWWT,41.74167,-107.25592,site_c1eaac8764a60481,45,development,4
REDKNOLLS,39.34514,-113.04208,site_9c2d82de18c716a5,41,development,3
REIDHILLVW,37.33678,-121.82559,site_9d73848123a6a95b,64,development,2
RIFLE-GCL,39.5155,-107.90867,site_6ccc6476b82407ef,37,development,2
ROCKSPRINGSPA,40.717,-77.933,site_fe8014b9bedb3a60,34,development,2
ROGERSFARM#1,40.85,-96.467,site_5a51afb7ef849491,62,development,2
ROSASCYN,36.4259,-121.13486,site_cec4a302b657dde7,101,development,4
Redding-12-WNW,40.6507,-122.6068,site_38eb3791b353069b,1302,development,1
RedwoodValleyPineview,39.28517,-123.30475,site_f39ad74b903eb489,284,development,3
Rheinstetten,48.97263,8.33008,site_ce2a9736239174ff,54,development,1
RiberadeSio,41.80319,0.90969,site_09d142dad852325f,1859,development,1
Riley-10-WSW,43.4711,-119.6917,site_f80fa89bf21ec41c,1315,test,-1
Ringwood,36.431,-98.284,site_952481bd3cb76606,1424,development,2
Riverhead-2704,-36.71477,174.61595,site_cc2f4e33aba4f988,49,development,4
Riverhead-2705,-36.71531,174.61245,site_971bf07b5c1c6549,166,development,2
RosioriideVede,44.10711,24.97872,site_1fe95dec232c15f6,833,development,4
S-Coleambally,-34.84262,145.86692,site_3d8d46208058ae66,97,development,3
S1,42.00664,115.94572,site_257ba699ad2936b5,86,development,1
S2,42.04017,115.9378,site_72da2835c7ea074f,148,development,1
S3,42.05714,115.9194,site_cbe94aaae2e082ea,162,development,2
S5,42.07394,115.89405,site_38d8c6108ca3a5d7,184,development,1
S6,42.04554,115.86573,site_a9866d1cfd06e947,141,development,3
S7,42.02972,115.89611,site_01e71c1017c5ea08,103,test,-1
S8,42.0175,115.87306,site_c8f87af663a64c0b,189,development,3
SAA111,68.33019,27.55062,site_fadb31acf1acd232,565,development,2
SAA112,68.33025,27.55076,site_75f094d197034591,390,development,0
SAA120,68.33881,27.53543,site_1b80c38d7e4ee6c1,450,test,-1
SALMONFALL,41.7242,-114.8197,site_e813e7562543b91c,20,development,0
SANANGELO,31.55,-100.51,site_a98119a935505c9a,155,development,3
SANDHOLLOW,37.1,-113.35,site_2e6f197ad6e426eb,271,development,3
SANDYRIDGE,33.667,-90.567,site_32a7eff6ca5c3a9e,91,development,3
SANPETEVAL,39.7152,-111.5711,site_454f86a28db067ff,49,development,2
SCHELL-OSAGE,37.99,-94.04,site_655b8133c0a83295,77,development,2
SCIA-SCGN,34.60745,-117.3883,site_0bf83088dda14a95,57,development,1
SELLERSLAKE#1,29.1,-81.633,site_c5ee40e68c26cb53,124,development,3
SELMA,32.4,-86.883,site_7df014884b3dac8e,148,development,0
SEVILLETA#1,34.33481,-106.7441,site_466206aef45119ae,1,development,3
SEVILLETA#2,34.35811,-106.67959,site_fbbe7c46acc177a1,41,development,0
SHAGBARKHILLS,42.433,-95.767,site_ee1921e55841ea0d,206,development,0
SHANIKO,44.92272,-120.94615,site_301436b06877aab0,44,development,2
SHAWNATURERESERVE,38.47889,-90.80639,site_80ae082a98e7f1d4,133,development,0
SHENANDOAH,37.917,-79.2,site_1055453212517d95,143,development,0
SHOSHONERV,44.48541,-109.89729,site_4deb698afc5ebdb4,26,development,0
SIDNEY,47.767,-104.25,site_40c02fde736492a1,19,development,2
SIERRAARMY,40.2889,-120.07726,site_67582d7e0a88b810,49,development,3
SILVERCITY,33.083,-90.517,site_cedd671db129d181,93,development,1
SILVERLAKE,43.11238,-121.0907,site_cf410c13c4f583ea,45,development,3
SILVERSWORD,19.767,-155.417,site_b61ae4423402851d,358,development,4
SISTERSHSL,44.29675,-121.57446,site_de2dd333b47cf663,29,development,3
SK1,51.33484,-106.56494,site_3b418123c1eb9bb6,39,development,2
SK2,51.33504,-106.5639,site_a61c8cdc86211521,39,development,1
SK3,51.38415,-106.46923,site_15a7df29fffec944,41,development,1
SK4,51.38164,-106.41583,site_cf53fcd25709e5dc,34,development,0
SLAVENCYN,40.49546,-116.7362,site_f059546b5612f674,32,development,2
SMAPSITEA2,36.06343,-97.21701,site_81129771a744e168,1,development,1
SOD011,67.36187,26.63378,site_ad53cb9b838bb8cd,1442,development,4
SOD013,67.36195,26.63378,site_c79eeb4ffddf3d41,568,development,3
SOD071,67.35687,26.68492,site_6caf07a2afe1dffd,1318,development,2
SOD072,67.35693,26.68506,site_20e55f2eceb79ec1,659,development,4
SOD073,67.35681,26.68478,site_c0aaae0aecb597e5,655,development,2
SOD081,67.38425,26.62529,site_383a8c8b2965611f,1542,development,3
SOD083,67.38431,26.62515,site_a507f74864d36b32,315,development,0
SOD091,67.37079,26.6398,site_4a00a5537486f4ab,125,development,0
SOD092,67.37074,26.63978,site_e7d7202b18581b5a,73,development,2
SOD093,67.37083,26.63971,site_ccee683800437b50,18,development,2
SOD101,67.35919,26.68595,site_639be43d81e5bd5a,1354,development,4
SOD102,67.35922,26.68595,site_6af774998b80a846,413,development,1
SOD103,67.35917,26.68594,site_3fe88af73a278f09,684,development,0
SOD130,67.25729,26.74857,site_806e9d4b2bc5b7aa,1595,test,-1
SOD140,67.15288,26.72914,site_38bba0231f056806,1360,development,0
SPARLINRCH,36.95003,-121.26842,site_36bf0be122b5ada0,62,development,4
SPICKARD,40.25,-93.717,site_68221dfdbb1b1ea4,128,development,1
SPLITMOUNTAIN,40.383,-109.35,site_6277027d8a1380c0,524,development,4
SPOOKY,37.517,-111.267,site_7c54957b5bc14b62,396,development,4
SPRECKLESS,32.8984,-115.5696,site_59cc92ae49f9c2af,36,development,0
SPRINGCREEK,61.65722,-149.12853,site_97ad06a1706d85fa,20,development,3
SQ02,32.50021,80.02981,site_e908f29f409c402b,87,development,3
SQ03,32.50404,79.985,site_b2c81cb18e128f03,89,development,3
SQ06,32.5106,79.92324,site_a0a221a9f908364b,69,development,1
SQ07,32.52951,79.84711,site_c83832e8d67694ad,84,development,4
SQ08,32.55603,79.84004,site_8e827922ba5b5da3,46,development,0
SQ10,32.42302,80.01825,site_edaebb980b341128,64,test,-1
SQ11,32.45052,79.98193,site_74ac127e792b6d34,31,development,4
SQ14,32.46335,80.16914,site_5b0bcc4b6a2f87e4,113,development,2
SQ17,32.60861,80.06278,site_e44008751f3e2871,49,development,2
SQ18,32.63333,80.03972,site_e722a68e19572b18,24,development,4
SQ19,32.62528,80.00139,site_546608bf032b7c9e,63,test,-1
SQ20,32.68417,79.91861,site_a963d86424b18502,57,development,1
SQ21,32.74722,79.79694,site_4a5737c09be72760,59,development,3
STANLEYFARM,34.433,-86.683,site_4f3ef6ee56ee38cd,157,development,4
STARKVILLE,33.633,-88.7667,site_87666ca1581a674d,87,development,4
SUDDUTHFARMS,34.183,-87.45,site_c45005d41e05ffcd,278,development,2
SUNLEAFNURSERY,41.8,-81.083,site_d65f83745aba7368,108,development,1
SaintFelixdeLauragais,43.4417,1.88,site_227e9f5f717d877d,961,test,-1
Salem-10-W,37.6344,-91.7226,site_b2eaf44be71ff0ae,507,development,2
Samarra,-35.2275,147.485,site_54f5633d7a10a0e4,93,development,0
Sandstone-6-W,46.1135,-92.9936,site_4f9a1ac96b88317a,436,development,3
Santa-Barbara-11-W,34.4141,-119.8796,site_b2267c975c71dbb8,1559,development,1
SantaLuciaConservatory,36.48613,-121.79388,site_0d7b03db25fcc113,341,development,0
SatuMare,47.72144,22.88737,site_0ff1990da553fc4d,975,development,0
Savenes,43.825,1.1767,site_9f57a1eb8c53e14d,2081,development,2
Schoeneseiffen,50.5149,6.37559,site_48ab6dd953268db1,549,development,4
Sebring-23-SSE,27.1526,-81.3689,site_c0951b8580287e99,135,development,4
Selma-13-WNW,32.4567,-87.2422,site_4f44a81224b8cd25,633,development,1
SerradeCostaAmpla,42.2112,0.8939,site_053660f2203e3d7e,3119,test,-1
Shabbona-5-NNE,41.843,-88.8513,site_70dba7fc35b9a591,11,development,2
ShadowMtns,35.47,-115.72,site_e06c7a98fed0bd3d,30,development,2
ShermanBarn,38.04,-121.72715,site_82fc0f846e9a1ddb,251,development,1
Silver-Springs,-35.27202,147.42902,site_0e94595e2d8280b9,63,development,1
Sioux-Falls-14-NNE,43.7346,-96.6222,site_36915ea55aeee9ea,124,development,0
SkylineHarvest,39.47095,-121.09175,site_7d0e70aae0f59866,1345,test,-1
Slatina,44.44211,24.35446,site_6d0e46f32994dd93,485,development,2
Slobozia,44.55278,27.38373,site_956a5215e9d24ea6,175,development,4
Soltau,52.96041,9.79305,site_94398cd24f99ecb3,80,development,0
Spring-Bank,-35.0696,146.16893,site_948f865f7f081052,88,development,4
St.-Mary-1-SSW,48.7412,-113.433,site_a30a3623711ec917,255,development,3
StagecoachSkiEast,40.22172,-106.86308,site_0983900925777e9a,412,development,0
Stillwater-5-WNW,36.1346,-97.1082,site_cb4bf51604d9132d,889,test,-1
Sundance-8-NNW,44.5169,-104.4363,site_bc9b171e4ce196ad,1203,test,-1
Sutherland,-32.38021,20.81046,site_a9455c71e74fd72a,25,development,0
TABLEMOUNTAIN,45.8,-111.59,site_3f885209ae19b689,226,development,4
TEPUSQUET,34.87055,-120.23985,site_e4ad3110c632fc3e,37,development,2
TIDEWATERAREC,36.683,-76.767,site_13a4a69bc620b9a3,67,development,2
TNCFORTBAYOU,30.467,-88.733,site_9f1083ed35aa92f7,172,development,0
TOK,63.35,-142.98,site_088275f9ba9853b1,86,development,1
TRESPIEDRA,36.63517,-105.91085,site_3611ac9a5b4c6a7c,47,development,3
TUBA-CITY,36.1428,-111.13,site_9978a236cbbfb40f,39,development,4
TUNICA,34.683,-90.417,site_1e0ab3dca10c0e53,65,development,3
TUSKEGEE,32.433,-85.75,site_b419a77ce9d11fde,169,development,4
Tecuci,45.84164,27.40901,site_92ac3b6c2c87c639,732,development,2
Thanatpin,17.2921,96.5731,site_292d280e566004c1,91,development,3
Tholey,49.47373,7.03852,site_e7df8a81d2875ad9,50,development,1
Titusville-7-E,28.6159,-80.6929,site_d8f779aeecdbd8d2,131,development,2
Tondikiboro,13.548,2.6956,site_69dbfe52882f2d4a,41,development,2
Torre-Olmo,43.32,12.7,site_29fa7d91f9cd3f03,186,development,1
TroughSprings,36.367,-115.8,site_583630b60a1838c6,202,development,1
Tryon,35.8615,-97.0695,site_261c25e44abd6c6d,648,development,1
Tucson-11-W,32.2395,-111.1696,site_24bc1a63008e8e56,630,development,3
Twenthe-A,52.27316,6.89105,site_92f4bc71b766e85f,213,development,0
UAPBCAMPUS-PB,34.25,-92.033,site_e7defe0b5f5d29b7,231,development,2
UAPBLONOKEFARM,34.85,-91.883,site_a4e51d06a4c9f574,191,development,1
UAPBMARIANNA,34.783,-90.817,site_9e0c7cff2a642903,104,development,2
UAPBPOINTREMOVE,35.217,-92.917,site_613f62e07f148531,126,development,3
UVALDE,29.36,-100.25,site_cf467e53e3fb79b4,253,development,4
UWPLATTEVILLE,42.71,-90.39,site_9aa6317ba764d9b9,127,development,2
Upington,-28.40722,21.25758,site_e9578e4592e63187,8,development,3
Uri-Park,-34.62888,145.84895,site_0b499005763b91ab,135,development,3
VANCE,34.067,-90.35,site_dc3fa845eee493af,75,development,4
VAUGHNPTRL,34.60139,-105.1836,site_48c050cdab5aaa88,41,development,2
VERNON,34.02,-99.25,site_2a66162bd2a4e4b1,187,development,4
VERNONHILL,40.07812,-112.3614,site_164f38fa74238777,27,development,2
VIDALJUNCT,34.18893,-114.5994,site_3f0cc8bf9a017f1f,60,development,1
VIGUSBUTTE,39.52114,-117.18653,site_136f0d570907389a,58,development,1
VIMT-SCGN,34.12645,-118.51441,site_a637aa5eb6fad085,105,development,3
VINAHELITK,39.92912,-122.02796,site_0616304fbe5abc7f,91,development,2
Versailles-3-NNW,38.0945,-84.7465,site_48bc99c681181b96,844,development,0
Villevielle,43.79517,4.09083,site_76d40218bcda5d42,1221,test,-1
WABENO#1,45.467,-88.583,site_0e88bbb351409588,121,development,0
WAGONMOUND,36.04478,-104.69799,site_d5dd2bb3b8af01ea,43,development,2
WAIMEAPLAIN,20.017,-155.6,site_5cf31f5c04158e4a,244,development,0
WALNUTGULCH#1,31.733,-110.05,site_df8e2a9486152870,479,development,2
WATKINSVILLE#1,33.883,-83.433,site_1a9dbac658ebe085,81,development,3
WEDOWEE,33.333,-85.517,site_1cedce47f64df34a,254,development,1
WESLACO,26.16,-97.96,site_f9474c251f4c85b7,278,development,0
WHITEWATER,48.72607,-107.72541,site_c0e5aee02ccea819,55,development,0
WILBURLEVA,47.75913,-118.74546,site_14144d0d858434fd,21,development,1
WRIGHTSPT,43.44675,-119.00099,site_6d6ecd1531a550b1,62,development,0
Wankama,13.6456,2.632,site_f695cfa2b198ee8e,37,development,0
Water-Engineering-Experimental-Field-1,43.11697,12.3524,site_5f27021d111ffc54,10,development,1
Water-Engineering-Experimental-Field-2,43.11722,12.35196,site_345540dea6a21328,13,development,4
Waukomis,36.311,-97.928,site_413c6e860ea2e615,804,development,1
Weihenstephan-Duernast,48.4024,11.69455,site_667d683049a1748d,80,development,2
Wharekapua-2801,-34.71997,173.05199,site_e894534d7e7a123f,425,development,2
Wharekapua-2803,-34.72081,173.05785,site_b708e7aad1210ce8,315,development,4
Wharekapua-2804,-34.72125,173.04782,site_cdbb0d22e7b06f01,359,development,4
Wharekapua-2805,-34.71748,173.05528,site_7d5d2b00a197b946,416,development,1
Whitman-5-ENE,42.068,-101.445,site_655489b2dd82c473,1360,development,2
Widgiewa,-35.09025,146.30648,site_fb501c568fd614c3,94,development,2
Wildenrath,51.13274,6.16918,site_c59fe04d734e33bd,568,development,2
Williams-35-NNW,35.7552,-112.3374,site_d04beb93196a3a21,622,development,2
Wolf-Point-29-ENE,48.3082,-105.1018,site_91ee6299c921b981,856,development,1
Wolf-Point-34-NE,48.4887,-105.2096,site_75783e392ac0cb24,929,test,-1
Wollumbi,-35.39392,147.56618,site_c438c579f3fbc2ec,83,development,1
Wunsiedel-Schoenbrunn,50.03151,11.9745,site_b69cf9ad02aa761c,62,development,3
Wynella,-34.84697,146.41398,site_557840f3689665d3,108,development,1
YOUMANSFARM,32.667,-81.2,site_58e380359cb64c9c,342,development,3
Yamma-Road,-34.85183,146.1153,site_20c84fb12b0c9692,116,development,0
Yammacoona,-34.96777,146.01632,site_b33e3bea3571d4bd,118,development,1
Yosemite-Village-12-W,37.7592,-119.8208,site_d830d9e3fbd26651,2736,development,3
YucaipaValley,34.0074,-117.0916,site_4c3440bb059c79cd,694,test,-1
Yuma-27-ENE,32.835,-114.1884,site_ae3ed38eaa09b85f,486,development,0
Zamarron,41.23923,-5.54427,site_f617214b073c06c0,689,development,3
Zinnwald-Georgenfeld,50.73135,13.75161,site_5de3489054d45a0f,49,development,1
a1p061h6,40.88698,25.85519,site_4522c9f47db04b3c,148,development,0
abrx9sdz,40.88912,25.85232,site_0ed7401c57e72edd,149,development,4
aqq8yw1w,47.89331,20.58157,site_e5a46bf8593cb776,159,development,3
arftv7bp,48.18776,15.98071,site_0fabc5d0b4df5f64,317,development,4
bbb3wh9n,48.15775,15.15119,site_db96cd85e659d65b,81,development,0
bch5cgrg,40.88933,25.85203,site_572718242301a76e,118,development,4
bf69cz0a,47.90048,20.61494,site_d8c17cfcfd29e789,109,development,4
bf8nfx6h,48.15725,15.15149,site_e692ba92ac3619b9,78,development,3
br4tnkrw,40.891,25.85091,site_13471aa5ce158e45,113,development,4
c2kfmtgw,47.89207,20.58095,site_cb6d0d529a35bf72,121,development,1
c4ngtxp2,47.87059,20.57948,site_93e093b0ecc1d78c,41,development,3
c8w5a2z1,48.1537,15.15171,site_7e8e5e3d7101de47,48,development,0
ev3r917w,48.15501,15.14573,site_47749587de8e2aac,434,development,2
f2ncka70,40.88922,25.85225,site_fe445170e29174a0,133,development,0
f6jyhzgf,47.90364,20.57692,site_96ea37eab36e72c1,208,development,1
f9aag2tj,48.15474,15.14844,site_01e54199a3b60966,138,development,1
fje20wzm,40.88754,25.85547,site_9b887de986760bf2,480,test,-1
fr12jcsp,48.15353,15.1499,site_9c3f2a2a90bf94af,109,development,2
fraye,44.467,-0.7269,site_6367b6400c1e48bd,791,development,4
ft240mvk,48.15371,15.1517,site_1c44b0fee88f9b96,825,test,-1
fzyhgwdh,48.15638,15.14595,site_19bcb346c9572bcb,74,development,0
g068t0fs,40.88932,25.85133,site_3ba67f452cc05c7e,156,development,2
gg7qkv4e,40.90404,25.86067,site_75b87fcb8d56b55c,180,development,4
gq62d3j0,47.88012,20.58663,site_3c2ff06ad9a9ceca,167,development,1
grandcal,44.472,-0.7675,site_50560992666c8105,615,development,3
grassland-soil-1,53.63502,22.98104,site_9fdd13189c6a4b41,134,test,-1
grassland-soil-2,53.63398,22.98128,site_81c3c43b60e335cf,140,development,1
grassland-soil-3,53.63294,22.98151,site_b843de06c1a6a47d,191,development,3
grassland-soil-4,53.6319,22.98174,site_e84e6fd19eaae8f3,182,development,3
grassland-soil-5,53.63086,22.98197,site_f5ae0072aa9d0a04,119,development,2
grassland-soil-7,53.63384,22.97952,site_9463f490fbd10247,195,test,-1
grassland-soil-8,53.6328,22.97976,site_3531c10ad7b4bb62,102,test,-1
grassland-soil-9,53.63176,22.98,site_b881d34c09ab42e7,115,development,3
h1vm1t70,48.15257,15.15104,site_0f5c2c2840148780,391,development,0
hfs5hee1,48.15161,15.15158,site_f7b6fd0b704f24d5,64,development,3
hillan2,44.49126,-0.758,site_b019e673dfa447d5,669,development,3
hpx5qr8g,40.88774,25.85509,site_8a227a0556c22f70,136,development,3
hym3gxnd,48.15552,15.15116,site_e35bffa822780b41,269,development,1
j5ehdm60,40.88735,25.85486,site_125ba37c83dbcda5,409,development,2
jb8mtpya,48.18794,15.98093,site_d735284ea202b77e,489,development,0
jkwbxm5s,48.15405,15.15407,site_978ff47db3a1c5a1,322,development,2
jp7adn80,47.86766,20.57484,site_f005fd2353ec048d,130,development,1
jznfvpdc,47.85568,20.59292,site_99e4e71469e203aa,104,development,0
khz98fgv,48.0817,20.76456,site_4fab225734bfdafc,402,development,1
ktf8v2pz,48.18794,15.98093,site_d735284ea202b77e,489,development,0
m3kpc70z,48.15562,15.14804,site_a62049e3761071cb,563,development,3
m65ex1jn,55.82714,-3.22071,site_5ed1da21a10b6003,106,development,2
marshland-soil-11,53.60373,22.87763,site_1e3671cb73e4a59d,89,development,1
marshland-soil-12,53.60449,22.87979,site_756658a5e0df9526,54,development,3
marshland-soil-13,53.60526,22.88196,site_460afd4b6202d4b4,50,development,0
marshland-soil-14,53.60501,22.87634,site_b87223f545f36d24,58,development,0
marshland-soil-15,53.60578,22.8785,site_3987775e61ab1836,60,development,1
marshland-soil-16,53.60655,22.88066,site_772df34a4c6e4a0a,60,development,2
marshland-soil-17,53.6063,22.87504,site_50a31a0d244519cf,60,development,1
marshland-soil-19,53.60784,22.87937,site_19cb1bd872c4d23c,99,development,1
md233v7k,48.15473,15.14843,site_3669ed0d65622c4a,171,development,1
n4xrp1fz,40.88928,25.85122,site_8e38800fbe0e21e5,171,development,0
n7z2r3cf,48.15053,15.15472,site_105ed3138c6bf909,585,test,-1
node1017,38.38837,-120.90592,site_79798e714cfe0874,3,development,4
node1018,38.38896,-120.90477,site_7a906ff08163d278,8,development,4
node1020,38.38831,-120.90526,site_fdbd79ba7196fbc0,8,development,0
node1021,38.38799,-120.90575,site_1f87127a283de97d,2,development,1
node1025,38.38737,-120.90518,site_d8459840bc683e6d,9,development,1
node1027,38.38722,-120.90484,site_f4ae282ac466260d,9,development,3
node1029,38.38708,-120.90457,site_b04900ecbfac7c98,10,development,0
node1030,38.38674,-120.90527,site_182cb9b0a7d4c94d,1,development,2
node1031,38.38658,-120.90449,site_b07ebc840452ba9d,7,development,0
node1201,38.47127,-120.99333,site_465014c5dd5de0e8,2,development,1
node1202,38.47113,-120.99433,site_e4a78bd8d0c42b04,2,development,0
node1205,38.47154,-120.99374,site_63fc50b0256f0fb6,2,development,2
node1206,38.4717,-120.9942,site_899e1b3be68444b6,2,development,2
node1404,31.73586,-109.94124,site_68cc6a1e0541208f,9,development,2
node1405,31.73551,-109.94096,site_dbd5f7c9c3a46705,3,development,3
node1406,31.7368,-109.94419,site_c0555c6b321e4775,2,development,2
node1408,31.73712,-109.94675,site_43b644a004cb99cb,16,development,2
node1500,31.74397,-110.05152,site_de0c25f31478d5ae,20,development,4
node1501,31.74245,-110.05267,site_fab524c655a9dd78,4,development,4
node1502,31.74273,-110.05256,site_a0d01f20e2427c2c,13,development,1
node1503,31.74302,-110.05262,site_e1c83eb53198657c,16,development,1
node1504,31.74269,-110.05278,site_cdd0193742d73d25,11,development,4
node1505,31.74446,-110.05231,site_b2271a910bc63599,20,development,2
node1507,31.74298,-110.05318,site_0f170214c09c03f1,20,development,0
node401,38.43192,-120.96542,site_10dfc2a732e16d10,6,development,4
node403,38.43225,-120.96547,site_ebf4f84d79acafd6,8,development,1
node404,38.43228,-120.96486,site_a92160c2510cdbec,2,development,0
node406,38.43256,-120.96489,site_8ea1310ade5fc61a,6,development,1
node412,38.43092,-120.96664,site_6a951d61e5b0518b,6,development,2
node415,38.43064,-120.96669,site_86deda94196a1d6c,8,development,4
node417,38.43081,-120.96736,site_da8bcad340f647ba,6,development,0
node418,38.43078,-120.96808,site_3754c55a59175277,6,development,4
node419,38.43033,-120.96736,site_a44b748575c17771,8,development,2
node503,38.14879,-120.78625,site_827e793321bdd790,11,development,4
node509,38.14792,-120.78558,site_5cc61f026daaaf5d,1,development,2
node510,38.14805,-120.78517,site_5ec485e1198852d4,13,development,2
node511,38.14878,-120.788,site_9ca12fe149def76c,9,development,2
node512,38.1482,-120.78649,site_3cacfdfbb247178d,10,development,0
node513,38.14846,-120.78554,site_caaaa1aabb1e21d9,11,development,1
node515,38.1476,-120.78754,site_96144cbf74954033,5,development,4
node518,38.14595,-120.78686,site_3ed9981ace9fa417,10,development,1
node701,38.17225,-120.80366,site_792ac7c0f3887a80,3,development,3
node708,38.17172,-120.80617,site_5d79652f78de4312,15,development,3
node710,38.17188,-120.80498,site_bef664d28695b721,15,development,1
node712,38.17261,-120.80425,site_524c0b4f56437dd1,10,development,1
node713,38.17243,-120.80475,site_1fa5a52b4f99f39b,10,development,1
node900,38.39333,-120.90566,site_162f5acccb1ccdb2,7,development,2
node901,38.39311,-120.90609,site_36f59764e16c0acf,11,development,3
node902,38.39351,-120.90547,site_edb67bacc6a2f615,2,development,3
node903,38.39343,-120.90485,site_4053c6fd726ad6c4,11,development,1
node904,38.39322,-120.90524,site_697fb58ab8720f1f,11,development,3
node906,38.39268,-120.90612,site_14af94b228986e6c,11,development,0
node907,38.39262,-120.90575,site_4a15ec3df99b7e73,6,development,1
node908,38.39277,-120.90546,site_8ce1daba0ed42d33,7,development,4
node909,38.39254,-120.90436,site_a85957854004ad6e,10,development,1
node911,38.39205,-120.90555,site_c7184b24616d8b68,11,development,2
node912,38.39206,-120.9047,site_c0baac71bcc40ff4,11,development,3
node914,38.39148,-120.90571,site_9a64702d11a0ca56,5,development,0
node915,38.39125,-120.90613,site_8b8c1728607fc339,11,development,2
node916,38.39097,-120.90583,site_d55e4a9082082245,5,development,0
p18b77pa,47.86714,20.58741,site_b67b52a6713d2819,119,development,2
p4pz2kd5,40.88912,25.85295,site_454d64b6e8b743da,118,development,3
p9vbc55k,48.15202,15.15302,site_0430e77fe9702577,899,development,1
pcgwsq33,40.90487,25.86063,site_2266e199c1b4f8b1,182,development,1
pvjvegpc,47.84498,20.61625,site_04a334aa2f23d43d,112,development,4
pwvxhaqg,40.88741,25.85531,site_8bf3ec991527937e,292,development,4
q2gar4w5,47.85622,20.59224,site_93742f2df91eb28f,113,development,1
q89fa24t,40.88897,25.8528,site_cb8aadebec9e1fcf,153,development,3
qfqdd9az,47.89088,20.58098,site_1d92331b9f8c002c,75,development,4
qp90v9t5,48.15427,15.14975,site_261e3bb708a6a167,65,development,4
r41d5090,40.88735,25.85486,site_125ba37c83dbcda5,409,development,2
rcqe7rwr,53.44379,-1.93344,site_12f79a44d2a41795,112,development,0
rtgyegn7,48.15804,15.14731,site_3999cca71a6a19c4,409,test,-1
s0bxcmmf,48.08162,20.76441,site_b436f4a91f17ee10,151,development,3
sb7kc01j,47.89349,20.57428,site_a4122f0bf308f22f,156,development,4
sbssctsn,47.89522,20.57396,site_651b6ffa617fc102,117,development,2
sf7s18kj,48.29571,20.98582,site_4a71668c00a356e4,95,development,4
sfjzwyse,40.88959,25.85254,site_e580905782041227,176,development,4
sg467kvr,48.15545,15.14099,site_e0a3f27c6c9560a4,56,development,3
sqtxa0se,48.15356,15.14856,site_72f791e7a3b14404,388,development,3
sxqnze7h,47.8627,20.5841,site_0b0ed8efdae8e576,91,development,4
t1st0pjc,40.88967,25.8514,site_26149aa81404cf67,120,development,2
t35w59b3,48.15645,15.14799,site_d5fa35b8748ecd00,390,development,2
t640gc4e,48.1543,15.14844,site_a8f474364dc17adf,394,development,0
tjvqp8t7,48.36468,21.01371,site_f6e487124edabf8f,133,development,0
vfnfsmba,48.15247,15.14853,site_86f357dc9d6e4680,58,development,3
vtchke83,48.0817,20.76456,site_4fab225734bfdafc,402,development,1
vtpgs053,48.08152,20.76446,site_a1da79e1324e0f0b,139,development,2
w2rjn3kx,47.85456,20.59433,site_ef1b5625cbf889df,183,development,1
w3sq2jh1,48.0817,20.76438,site_e8fdb2dcaaa2ec50,118,development,1
w5e4rdhq,47.8942,20.58311,site_39ac65528c2f5495,202,development,4
wkwsdyhv,48.15696,15.14796,site_6770b4e6f1f2e8bb,472,development,0
wm2pb36y,47.903,20.5759,site_8b64753d75204fe6,178,development,1
wv93jpfe,47.87965,20.57976,site_04a0ab31c36d8277,117,development,4
x9qxc7sm,47.86457,20.58004,site_54c3cc61243c3e27,143,development,0
xbysjrrr,48.15709,15.13658,site_e25a87142f53f607,921,test,-1
xcsxg1wb,40.88937,25.85249,site_23e0c01fc0e0a37a,340,development,1
xffafcem,48.15668,15.14109,site_dbd15ac8d9118973,744,test,-1
xjwzj2x0,48.15426,15.14974,site_c204fd32b9271e1b,91,development,4
xn67y732,40.88946,25.85289,site_3058377fafc959d8,52,development,2
xnnhbtpd,48.0817,20.76456,site_4fab225734bfdafc,402,development,1
xs03cx4p,47.85877,20.58397,site_a3eb3ebe590ad832,109,development,0
xy11zc8c,48.15346,15.14688,site_25c3911a44e2e266,598,development,3
y09h8hsh,53.44337,-1.93373,site_179c7b165166f05c,71,development,4
y0j3fw83,48.08169,20.76439,site_38fe9bf25990ebba,147,development,0
y2r6xsyq,48.15711,15.14571,site_8350ab85e51c782b,81,development,3
y8errsyn,48.15403,15.15299,site_0cc518f8eb987b6e,801,development,2
ybqaw0eb,48.15442,15.14659,site_6724da3b9f7cb3ab,389,test,-1
yemnxdm9,47.89274,20.58127,site_e4206af93f2d6f2c,175,development,2
yjdrr40m,48.15356,15.14857,site_9dbd78e6c2f64c18,70,development,1
z11c6p67,48.15209,15.15538,site_719e76f9794e1f46,104,development,1
z2yvnxry,48.08171,20.76456,site_afb9454fdc863c14,194,development,3
z3eqrmk5,48.1521,15.15537,site_983e670b17ddf306,261,test,-1
zj04kv3q,48.31841,15.17386,site_0902e4bb7164303d,146,development,4
zmqpfs7f,40.88953,25.85141,site_74428aba30f813ae,171,development,4
0j1g6k7t,40.89017,25.8518,site_51c9ed6b23c0d8af,157,test,-1
0rwqk7n9,48.15179,15.15424,site_854fdc7c18ee8233,115,test,-1
1.09,56.036,9.1304,site_f7ec25b67c1bb8cd,66,test,-1
17phaer1,40.88994,25.85134,site_8ef0c5f52c2e7704,301,test,-1
4ggvf18v,47.8992,20.61309,site_6566fe1cc1e2b914,126,test,-1
6jty48mq,40.88754,25.85547,site_9b887de986760bf2,480,test,-1
ALCALDE,36.083,-106.05,site_7abf564ee0e4b0ad,385,test,-1
ALI02,33.45517,79.63061,site_0bb00355b6ac1991,26,test,-1
ANTIMONYFL,35.2543,-118.1265,site_d953e178fc0d59d7,49,test,-1
Aberdeen-35-WNW,45.7115,-99.1296,site_66d01cf2ba4510d5,836,test,-1
Alaigni,17.263,96.3465,site_e4eafc6d8fd741ea,123,test,-1
Asheville-13-S,35.4185,-82.5567,site_2430820d6924f0bf,453,test,-1
BEASLEYLAKE,33.383,-90.65,site_896afd85d5a18675,32,test,-1
BEAUMONT,30.07,-94.29,site_f841072278162b56,43,test,-1
BIRCHIMCYN,37.43948,-118.56107,site_ea8e6a4b740f4807,40,test,-1
BLACKROCK,39.18608,-112.71712,site_e40d69be413aa48f,36,test,-1
BROADACRES,32.283,-86.05,site_66dc6e5195d5372f,49,test,-1
BUCKSKINMT,42.25463,-118.41247,site_e7c7570c7ae920ca,49,test,-1
BUSBYFARM,38.50472,-92.24667,site_67440af8dd535dfb,72,test,-1
Bamberg,49.87425,10.92056,site_f2121c68af27342d,60,test,-1
BeaumontCherryValley,34.01278,-116.96,site_497344538a3f1eab,457,test,-1
Belefoungou-Mid,9.79506,1.70994,site_1eba4781a4697c65,66,test,-1
Belefoungou-Top,9.78986,1.70994,site_e6202f28b556f35d,44,test,-1
BordaColl,42.4142,1.46531,site_bfd5ae6a882cc3e5,1043,test,-1
Bundure,-35.10975,145.93553,site_b3f7168418402098,126,test,-1
CACHEJUNCTION,41.817,-111.983,site_2347a249c46a66c4,345,test,-1
CALCITYPLR,35.15243,-118.01661,site_86df5ff689e856be,52,test,-1
CARVERFARM,38.52557,-92.13475,site_f3f2a6aa7373ac0f,85,test,-1
CAVEVALLEY,37.35,-113.117,site_551adab4779fd48e,312,test,-1
CENTRALIALAKE,39.7,-96.167,site_3137c8df98fd9aaa,146,test,-1
CLAYTONARP,36.44811,-103.15395,site_eed5a748dadb3e1d,32,test,-1
COXCOMBMTN,33.88694,-115.2961,site_5b5535c1e1c517da,37,test,-1
CR1000-3,30.2758,-98.7242,site_dd79f703df4240fc,145,test,-1
CR200-22,30.4315,-98.8604,site_e31fada537e5be85,81,test,-1
CRESCENTLAKE#1,45.417,-93.95,site_d77add30347fd2bb,153,test,-1
Cape-Charles-5-ENE,37.2907,-75.927,site_e7f96e1f3cc1ed07,1104,test,-1
Chatham-1-SE,46.3345,-86.92,site_c55e48f9c70fa0cd,511,test,-1
DELANO-AIR,35.74389,-119.23665,site_805bc67324f4fafc,23,test,-1
DRYMOUNTAI,39.53606,-115.51258,site_1aed671cb5775e3a,41,test,-1
DWDBerlin-Spaeth,52.45366,13.4577,site_a248dbe2d1a2adcc,561,test,-1
Des-Moines-17-E,41.5562,-93.2855,site_33f1b9849f9edfe3,554,test,-1
Dinosaur-2-E,40.2446,-108.9677,site_ad2b2a9828429935,1490,test,-1
ENNISFISH,45.21776,-111.78902,site_af2a74d9f9ddf3dd,20,test,-1
EROSDATACENTER,43.733,-96.617,site_bd2bb9d55083fc3a,66,test,-1
EagleLake,40.62,-120.72,site_5d7124d87cc93b62,348,test,-1
Elkins-21-ENE,39.013,-79.4743,site_924ffc782c7352b5,439,test,-1
Elpersbuettel,54.06915,9.01055,site_890a05e971c0451c,86,test,-1
Fairhope-3-NE,30.5485,-87.8757,site_e4f3e7026d41564d,550,test,-1
FordDryLake,33.65,-115.1,site_e66a4ad56098badf,214,test,-1
GOODWINCREEKPASTURE,34.25,-89.867,site_49564a03c4be2c20,119,test,-1
GREENRIVER,39.017,-110.167,site_5d757b731d458a94,262,test,-1
Gadsden-19-N,34.2851,-85.9621,site_c918c9526fa62ebb,919,test,-1
Gaylord-9-SSW,44.908,-84.7203,site_e4db2a28e10f56a8,204,test,-1
Goodwell-2-E,36.5993,-101.595,site_dd8f5f5975cafcae,1112,test,-1
HALSCANYON,38.6,-113.75,site_9f1e476ae99152c9,445,test,-1
HLFISLPARK,44.31785,-111.45068,site_5fe2d8c9969b9003,30,test,-1
HLFSTORYRN,45.35425,-110.75868,site_38e9996f46050579,36,test,-1
Hoal-13,48.15371,15.1517,site_1c44b0fee88f9b96,825,test,-1
Hoal-24,48.15442,15.14659,site_6724da3b9f7cb3ab,389,test,-1
Hoal-29,48.15353,15.14991,site_db8e4a0f1b9b5265,203,test,-1
Hoal-35,48.15053,15.15472,site_105ed3138c6bf909,585,test,-1
Hpayargyi,17.4661,96.5302,site_ba295fb465b7a123,102,test,-1
ITCSM-06b,52.39474,6.64484,site_cf7d6b44d8ca17d9,57,test,-1
Ithaca-13-E,42.4401,-76.2462,site_9f8869a238f7fb2c,382,test,-1
JORDANVALLEYCWMA,42.95,-117.017,site_20796fb0f17ef76c,244,test,-1
JR-1-2302,32.51601,-106.74061,site_bb1efe9ff5e404ec,241,test,-1
JR-2-2405,32.58978,-106.77801,site_0e8141914335992c,84,test,-1
John-Day-35-WNW,44.556,-119.6459,site_bcde474edfd61b91,916,test,-1
Joplin-24-N,37.4277,-94.5829,site_97b9cf35873933d5,736,test,-1
KAMASLLOYD,40.63549,-111.34987,site_712fbf5124fad3cc,51,test,-1
KINGSVILLE,27.55,-97.88,site_6781e3fbf21b29a1,73,test,-1
KNOXCITY,33.45,-99.87,site_6f19ba49405011b9,291,test,-1
KOPTISFARMS,30.517,-87.7,site_7bad05b7ba319e5b,174,test,-1
L10,41.74691,115.94508,site_321be016bdfe2f21,126,test,-1
L7,42.21409,116.34238,site_222278f15298d005,82,test,-1
LITTLEREDFOX,40.183,-110.3,site_6d8dffdbd5a0f68b,215,test,-1
LITTLERIVER,31.5,-83.55,site_5c9d0f2184928454,166,test,-1
LYEBROOK,43.05,-73.033,site_cdea46ac31c32470,97,test,-1
LYNHARTRANCH,42.017,-121.383,site_3e31c46f52e2f00d,196,test,-1
Lafayette-13-SE,30.0918,-91.8731,site_0615e6ed7947021d,461,test,-1
Lahas,43.5472,0.8878,site_5a77e4d3f6373317,1826,test,-1
Lamont-CF1,36.605,-97.485,site_d5e7272a4c76be28,828,test,-1
LasEritas,41.20548,-5.41558,site_c9bedd1cb4a7f458,580,test,-1
LasTresRayas,41.27473,-5.5919,site_15181625cd019aaf,735,test,-1
Lewistown-42-WSW,46.8847,-110.2895,site_28aa95e397da1f11,942,test,-1
LezignanCorbieres,43.1733,2.7283,site_2985b162668c5c55,2345,test,-1
Limestone-4-NNW,46.9601,-67.8833,site_40cb16253de7adad,463,test,-1
Lincoln-11-SW,40.6954,-96.8541,site_cf05376790209007,362,test,-1
LovellSummit,36.167,-115.617,site_fd711cc271cad6be,338,test,-1
Lucky-Hills-1507,31.74298,-110.05321,site_44197305955a48a1,96,test,-1
M7,42.17698,115.96818,site_d57ef4f33b8af5eb,180,test,-1
MARSHALL2,39.9476,-105.1944,site_ab675503825cdd0c,57,test,-1
MASW-SCGN,35.8326,-120.44306,site_904aa20c648a7a66,65,test,-1
MB10,49.97536,-97.34829,site_bce64be690bbd347,62,test,-1
MB7,49.66552,-98.00762,site_3217bb9d364dc6e1,65,test,-1
MCCRACKENMESA,37.45,-109.333,site_707e8ec87cc7ca20,444,test,-1
MONTICELLO,38.09743,-109.33384,site_f972f6b47d770e57,74,test,-1
MOUNTAINHOME,40.367,-110.4,site_3abbee567ebeead8,197,test,-1
Medora-7-E,46.8946,-103.3769,site_eea72b40a9affb2b,287,test,-1
Merzenhausen,50.9303,6.29747,site_2f0889c210c46106,559,test,-1
Millbrook-3-W,41.7857,-73.7422,site_22340386f3e3f6e8,784,test,-1
Murphy-10-W,43.2044,-116.7505,site_3c8e248cc33b4c5e,1567,test,-1
NDAP-SCGN,34.76769,-114.61863,site_61177ae55f2ab0d9,67,test,-1
NIPOMO,35.01071,-120.40975,site_9f12426b620c51cf,101,test,-1
NPIEDMONTAREC,38.233,-78.117,site_71b412f8e5a4d387,203,test,-1
NST-25,34.01525,101.99694,site_bcce4729161ec249,53,test,-1
Northgate-5-ESE,48.9676,-102.1702,site_45a2a929d5aff17f,576,test,-1
ONWARD,32.75,-90.933,site_08742d4ae665a707,60,test,-1
OWENSGORGE,37.54127,-118.59346,site_27f3e459f878a074,39,test,-1
Oradea,47.0358,21.89612,site_12a59623d3dd3cb8,759,test,-1
PORTALESAP,34.14726,-103.40734,site_fba0e174dd8f4dff,31,test,-1
POWDERMILL,39.017,-76.85,site_75cd6b50825796c7,138,test,-1
POWELLGARDENS,38.867,-94.033,site_ec5c390280c5e269,134,test,-1
PRAIRIEVIEW#1,30.083,-95.983,site_02e8a644cdec5140,380,test,-1
PSA15bucherchaus,52.62005,13.48854,site_d2004cfafa6e6923,174,test,-1
PSA16krugwiesen,52.56089,13.52688,site_a73d8bbb894bc8be,176,test,-1
PSA18Pfaueninsel,52.43147,13.12135,site_83d3240e2682e7b8,127,test,-1
Palestine-6-WNW,31.7796,-95.7232,site_b245fa887fc8016f,339,test,-1
Pawnee,36.31937,-96.76203,site_4fb715e1d8003a2f,309,test,-1
PeyrusseGrande,43.6664,0.2217,site_b49dd89f78142169,1890,test,-1
QCY2-BARD,36.16107,-121.13735,site_dcaa88f5078de089,67,test,-1
Quinault-4-NE,47.5139,-123.812,site_84c38121549d3808,452,test,-1
RANDOLPHLL,41.69227,-111.23602,site_17e242c816bf9f13,31,test,-1
REYNOLDSHOMESTEAD,36.633,-80.133,site_a41c2614a1d6c7af,73,test,-1
RIESEL,31.48,-96.88,site_1c24e8f1c4bd210e,105,test,-1
RIVERROADFARMS,31.017,-85.033,site_2129af38c776b519,207,test,-1
S4,42.08267,115.93507,site_fed20609ec9b97b3,125,test,-1
SAGEVALLEY,39.58888,-111.94455,site_0b8a3827df1e1f6f,31,test,-1
SCOTT,33.617,-91.1,site_9bcdb4682bce48b9,67,test,-1
SDHL-SCGN,34.25501,-116.2789,site_6201629ba4657cf4,77,test,-1
SEVILLETA,34.35,-106.683,site_fdc82ceec9b4738e,288,test,-1
SHELDON,41.9,-119.44,site_d19d0426f7d37618,153,test,-1
SPIDERROCK,36.14983,-109.51923,site_7f390377c8e2ab7d,42,test,-1
SPRINGCREK,41.42874,-117.32998,site_375c426fdc1374d0,60,test,-1
STEPHENVILLE,32.25,-98.2,site_21dedc2c24bafbff,158,test,-1
Sabres,44.1475,-0.8456,site_9914472daa974be8,1184,test,-1
SannicolauMare,46.07156,20.60159,site_28811755f8d612c5,518,test,-1
Selhausen,50.8691,6.44954,site_1eb51dd5677fabb0,754,test,-1
Socorro-20-N,34.3557,-106.8859,site_d35a7f73b803c0c5,1160,test,-1
Spokane-17-SSW,47.4174,-117.5264,site_03be10a6dc64b839,1265,test,-1
Stillwater-2-W,36.1181,-97.0914,site_db085d5191ab69be,682,test,-1
Stoetten,48.66559,9.86479,site_b5f371f7af22139e,38,test,-1
Stovepipe-Wells-1-SW,36.602,-117.1449,site_1a4e7fcd3c55d7fe,732,test,-1
Stubblefield,34.97018,-119.47831,site_a9bb651af86c320d,265,test,-1
TENSLEEPTR,43.9529,-107.38755,site_e8f8ae12850cb4dc,28,test,-1
TIDEWATER#1,35.867,-76.65,site_f0c6d59d0f9c0409,104,test,-1
TORRINGTON#1,42.067,-106.133,site_f8eac2912e70b402,306,test,-1
TULEVALLEY,39.233,-113.467,site_235eba2509daa049,368,test,-1
TWINPINESCONSERVATIONAREA,36.99024,-91.30943,site_aa6af732ad487cde,102,test,-1
TorredelLluvia,41.72531,1.79065,site_f048e8218a2bc715,439,test,-1
UAPBDEWITT,34.283,-91.35,site_ebd1d9dd20e8b519,166,test,-1
UAPBEARLE,35.283,-90.45,site_476905a4283d906f,111,test,-1
Urgons,43.6397,-0.435,site_f5886e48fa1c02ab,1178,test,-1
VERMILLION,37.183,-112.2,site_2bdf67bbe8daf858,430,test,-1
VIOLETT,48.433,-111.183,site_a022a72950c921d2,332,test,-1
WAKULLA#1,30.3,-84.417,site_6b5f97294d8bc101,70,test,-1
WANSHIP2,40.80757,-111.41471,site_e0d226fb407c644c,29,test,-1
WESTSUMMIT,38.017,-109.133,site_339436d4fdc7f394,383,test,-1
WHEATLAND,42.05151,-104.91059,site_70cb37b6e2fc299e,25,test,-1
WICKSRANCH,35.63381,-120.26703,site_ae9ca32397bc3042,71,test,-1
WOODLANDFM,42.87892,-113.8683,site_b2932e0c6b95db47,17,test,-1
WTARS,34.9,-86.533,site_b28acdbc0b46c698,117,test,-1
Watkinsville-5-SSE,33.7837,-83.3896,site_4509aad7c317e1e1,956,test,-1
Wharekapua-2802,-34.71972,173.05379,site_6c44d098207f2e1c,269,test,-1
WindyGap,39.23429,-123.00498,site_c182efa4e364207f,1022,test,-1
grassland-soil-6,53.63489,22.9793,site_cae0124873df3612,127,test,-1
m76jthbe,47.86886,20.58337,site_5f947fb788a4536d,119,test,-1
marshland-soil-18,53.60707,22.87721,site_c5994b65f46677b9,69,test,-1
node1019,38.38719,-120.90653,site_e6a22b9a62d6726c,14,test,-1
node1022,38.38774,-120.90528,site_c5e6851f6a622cc5,8,test,-1
node1023,38.3877,-120.90604,site_7ef0e8cfe00f6fb9,14,test,-1
node1400,31.73648,-109.94184,site_132a8b14e0d17c82,15,test,-1
node1401,31.7371,-109.94342,site_e68178f970e27383,20,test,-1
node1402,31.73687,-109.94287,site_599174767340462c,13,test,-1
node1403,31.73667,-109.94261,site_d69e903c7a9d1235,9,test,-1
node1407,31.73673,-109.94658,site_fec3a957fbb4e7ff,3,test,-1
node1409,31.73791,-109.94663,site_3a937f5b829d5ca2,19,test,-1
node1506,31.74405,-110.05297,site_53eb35d97b9cdb64,7,test,-1
node405,38.43231,-120.96442,site_46bafd0adecf0a54,8,test,-1
node408,38.43278,-120.96692,site_217117f471852d01,8,test,-1
node413,38.43064,-120.96786,site_53291964d8801d2b,7,test,-1
node416,38.43058,-120.967,site_dc829eafe59eeb8b,8,test,-1
node420,38.43031,-120.96786,site_da8c3e0e11f55458,3,test,-1
node514,38.14806,-120.78932,site_8ed4687e22806c1c,13,test,-1
node709,38.17216,-120.80663,site_2b3f29278516de7a,6,test,-1
node905,38.39306,-120.90474,site_a5d95056137a1cb7,11,test,-1
node913,38.39226,-120.90536,site_3220441f2300a775,11,test,-1
qjmrcyhx,48.15115,15.15417,site_10c8d1679d5581cf,142,test,-1
tyrxm6na,48.15617,15.15045,site_98b5a51181513eb5,521,test,-1
vqm6wfeb,47.90132,20.61617,site_afa839e078f7a159,128,test,-1
yrh3tvvy,48.15473,15.14844,site_454123e8a1bcfe25,1345,test,-1
15,46.98299,15.87115,site_6ad88141a5448851,1172,development,3
16.233.0_Groset,59.83565,8.31379,site_b56f5e1630d6deb2,15,development,4
19,46.9797,15.94122,site_0aa46021688a087a,1115,development,1
2.715.2_Kvarstadseter,61.17808,10.88374,site_6c11bede8264f753,197,development,1
2.727.0_Kise,60.77331,10.80649,site_8f57c9e1dd32efc2,337,development,0
27,46.97233,15.81499,site_3689d6d87dde2957,1295,development,0
34,46.97125,15.94361,site_95c602c0f19bc7dd,1252,development,4
50,46.95952,15.96578,site_fb9a82d3dd21fd46,1267,development,1
54,46.94327,15.7596,site_81332b77ce0bc2f6,1006,development,3
6,46.99726,15.85507,site_3c7d683bfc4f8d05,1178,development,3
77,46.93296,15.9071,site_d294c8fc770b10a4,1337,development,0
78,46.93291,15.92462,site_958e4efd3b956de9,1375,development,2
83,46.93466,16.02285,site_a96f2c7bd3cbff01,407,development,3
84,46.93428,16.04056,site_0d4c5dfa21f95cca,891,development,2
85,46.91691,15.78112,site_4e276818ad8341d4,1307,development,1
99,46.92135,16.03337,site_578ec6e41a4d5f5d,1037,development,2
Aberdeen_35_WNW,45.7115,-99.1296,site_66d01cf2ba4510d5,836,test,-1
Aguilar_de_Segarra,41.75145,1.62303,site_bef0b5984488c172,591,test,-1
Ararimu_2602,-36.70256,174.55421,site_d1bc13bbd7c8604f,331,development,2
Ararimu_2603,-36.70378,174.55472,site_0ea793c6917b8d1e,331,development,2
Ararimu_2604,-36.70147,174.5538,site_f863ed028d428c3e,160,development,3
Ararimu_2605,-36.70093,174.55594,site_cfa28b3d4c2af861,106,development,4
Asai,40.9178,76.521,site_4cf39aeff92f0a07,17,development,1
Asheville_13_S,35.4185,-82.5567,site_2430820d6924f0bf,453,test,-1
Avondale_2_N,39.8593,-75.7861,site_b42936ae6e6a0d03,596,development,1
Ayvadzh,36.97915,68.02352,site_33b97ae8001c6da4,260,development,2
Batesville_8_WNW,35.8201,-91.7812,site_24a155d00f2ce6ce,888,development,1
Batlliu_de_Sort,42.42841,1.1244,site_98b84b664f32321c,3192,development,4
Baytik,42.64932,74.49644,site_ecc12d0e9e01b47e,501,development,2
Beaumont_Cherry_Valley,34.01278,-116.96,site_497344538a3f1eab,457,test,-1
Bedford_5_WNW,38.8882,-86.5707,site_e0819506e4cfd43e,655,development,4
Blackville_3_W,33.355,-81.3279,site_63148af2428e7132,712,development,2
Bodega_6_WSW,38.3208,-123.0747,site_b6580d1df11a1de9,941,test,-1
Borda_Coll,42.4142,1.46531,site_bfd5ae6a882cc3e5,1043,test,-1
Bouldin_Island_corn,38.10902,-121.53502,site_893f317eefde406f,217,development,3
Bowling_Green_21_NNE,37.2504,-86.2325,site_bd599065e701bf2f,602,development,0
Boyes_Creek_Canyon,39.34053,-123.16349,site_7062702ffcf77fca,1173,development,2
Brigham_City_28_WNW,41.6163,-112.5437,site_1ce5634596e14607,1139,development,2
Bronte_11_NNE,32.0408,-100.2495,site_e98d1003be09654d,574,development,3
Browns_Valley_School,39.23586,-121.40621,site_c29be1fac6229539,1559,development,4
Brush_Creek,39.23353,-106.90815,site_68fa0f241abecf2a,707,development,2
Buffalo_13_ESE,45.516,-103.3017,site_4689968a649fae30,1000,development,4
Bussoleno_bosco,45.1186,7.1625,site_49c6fa050693ad67,346,development,4
CO-Z1_2001,37.19536,-105.9906,site_912957a44bff743f,278,development,0
CO-Z1_2002,37.19404,-105.99197,site_395c4ccb7a4b9df2,382,development,4
CO-Z1_2003,37.18881,-105.99033,site_9b62f4534e47f978,386,development,0
CO-Z1_2004,37.19027,-105.99657,site_0b72a3f0c80e88c1,105,development,0
CO-Z4_2101,37.05714,-105.82074,site_1ebbce006aed7c73,157,development,4
CO-Z4_2102,37.05837,-105.82153,site_f2457bdf17f809aa,126,development,1
CO-Z4_2104,37.05931,-105.82404,site_3a1e52ef4ac63381,121,development,0
CO-Z4_2105,37.05512,-105.82425,site_fa6f730253456586,332,development,0
CST_03,33.9,101.9666,site_e60e5a5f7ff91a10,20,development,3
CST_05,33.6666,101.8833,site_acf798671ee3a747,63,development,1
Cabrieres_dAvignon,43.88367,5.16483,site_4a605b11c85f3580,2436,development,0
Cami_dels_Nerets,42.1554,0.9255,site_977580436f81c571,3218,test,-1
Cape_Charles_5_ENE,37.2907,-75.927,site_e7f96e1f3cc1ed07,1104,test,-1
Carpeneto_Conventional_Tillage_Track_position,44.68253,8.62639,site_3a5236be8f7914ba,871,development,3
Carpeneto_permanent_Grass_Cover_No_Track_position,44.68278,8.6267,site_ac61e5b824661c38,734,development,2
Carpeneto_permanent_Grass_Cover_Track_position,44.68277,8.62669,site_b88b42ed32caf2f7,935,development,1
Carpenter_Ranch,40.50224,-107.1727,site_3ca3ac940f9bb99a,230,development,4
Champaign_9_SW,40.0528,-88.3729,site_0e7b99291027b045,403,development,1
Chatham_1_SE,46.3345,-86.92,site_c55e48f9c70fa0cd,511,test,-1
Chillicothe_22_ENE,39.8668,-93.147,site_26f018cca8362487,577,development,0
Clot_de_les_Peres_I,42.15568,0.83478,site_73483f87b1a225a5,907,development,4
Cogne,45.6,7.35,site_eda69cbc793382fc,461,development,2
Coll_de_Paller,42.19748,1.24688,site_6d764ff710881490,1938,development,2
Cortez_8_SE,37.2553,-108.5035,site_108f541d7e13b076,1187,development,2
Corvallis_10_SSW,44.4185,-123.3257,site_66d7dca1620ed572,1016,test,-1
Coshocton_8_NNE,40.3667,-81.7829,site_a42d63e8b2f931d6,18,development,2
Creon_dArmagnac,43.9936,-0.0469,site_01183702de237e95,1316,development,4
Darrington_21_NNE,48.5405,-121.446,site_75a0a6603ab1116e,1543,development,0
Denio_52_WSW,41.8484,-119.6357,site_912580bb93bae080,336,development,2
Des_Moines_17_E,41.5562,-93.2855,site_33f1b9849f9edfe3,554,test,-1
Dinosaur_2_E,40.2446,-108.9677,site_ad2b2a9828429935,1490,test,-1
Durham_11_W,35.9705,-79.0931,site_df5a72d9e6b0c9b0,547,development,4
Edinburg_17_NNE,26.5258,-98.0633,site_06fbc9bb474fb230,913,development,4
El_Boixer,42.39871,0.95839,site_763dec14eaad3a50,1497,test,-1
El_Miracle,41.91393,1.5276,site_8e6ad22dcccafcc7,1246,development,0
Elgin_5_S,31.5907,-110.5087,site_0ce5386aeb45589f,1099,development,3
Elkins_21_ENE,39.013,-79.4743,site_924ffc782c7352b5,439,test,-1
Etiwanda_Downstream,34.1585,-117.5138,site_f35139d0576344b1,399,development,4
Fairhope_3_NE,30.5485,-87.8757,site_e4f3e7026d41564d,550,test,-1
Feather_River_College,39.94597,-120.96972,site_9a39d33121ec563e,972,development,3
Gadsden_19_N,34.2851,-85.9621,site_c918c9526fa62ebb,919,test,-1
Gaylord_9_SSW,44.908,-84.7203,site_e4db2a28e10f56a8,204,test,-1
Glenwood_Springs,39.54418,-107.34133,site_f2406d461022e2ab,1231,development,0
Golubin_Glacier,42.48161,74.48417,site_2f26f6cb2eb2e276,225,development,2
Goodwell_2_E,36.5993,-101.595,site_dd8f5f5975cafcae,1112,test,-1
Goodwell_2_SE,36.5682,-101.6097,site_c90d703c921023d7,1306,development,3
GuYuan_01,41.76351,115.68061,site_32aa1fd33af84607,96,development,0
GuYuan_02,41.76345,115.68102,site_165c41e6efa0bc8e,87,development,4
GuYuan_03,41.76332,115.68143,site_0da833e2b1888903,110,development,2
GuYuan_04,41.76284,115.6809,site_8fa7ffd1566cb92a,100,development,1
GuYuan_05,41.76289,115.68052,site_d0ce78b41de4999b,103,development,0
GuYuan_06,41.76308,115.68133,site_10a7b62e4edfa545,98,development,1
GuYuan_07,41.76301,115.68071,site_0d5e4db658745469,95,development,3
GuYuan_08,41.76316,115.68099,site_bfacedeb5df79c6e,100,development,3
GuYuan_09,41.76319,115.68058,site_48d263b97f32a2d9,96,development,0
GuYuan_10,41.76279,115.68126,site_b7a18627a594b786,96,development,1
Harrison_20_SSE,42.4247,-103.7363,site_f956c78502603f81,851,development,1
Hells_Delight_Canyon,39.26762,-123.14721,site_eda005e51a299a0e,696,development,1
Hoal_01,48.15709,15.13658,site_e25a87142f53f607,921,test,-1
Hoal_02,48.15668,15.14109,site_dbd15ac8d9118973,744,test,-1
Hoal_04,48.15622,15.14124,site_70ecc850263e23bf,836,development,1
Hoal_07,48.15473,15.14844,site_454123e8a1bcfe25,1345,test,-1
Hoal_09,48.15617,15.15045,site_98b5a51181513eb5,521,test,-1
Hoal_10,48.15403,15.15299,site_0cc518f8eb987b6e,801,development,2
Hoal_11,48.15645,15.14799,site_d5fa35b8748ecd00,390,development,2
Hoal_12,48.15151,15.14958,site_6f4dcb1e04a51328,471,development,0
Hoal_14,48.15276,15.15272,site_89d7fda60b8576e0,395,test,-1
Hoal_15,48.15202,15.15302,site_0430e77fe9702577,899,development,1
Hoal_16,48.15117,15.15417,site_d2c6c5fd07d735c9,974,development,2
Hoal_17,48.15045,15.15468,site_42d0b232cf256027,763,development,3
Hoal_18,48.15257,15.15104,site_0f5c2c2840148780,391,development,0
Hoal_19,48.15473,15.14844,site_454123e8a1bcfe25,1345,test,-1
Hoal_21,48.15346,15.14688,site_25c3911a44e2e266,598,development,3
Hoal_22,48.15562,15.14804,site_a62049e3761071cb,563,development,3
Hoal_24,48.15442,15.14659,site_6724da3b9f7cb3ab,389,test,-1
Hoal_25,48.1543,15.14844,site_a8f474364dc17adf,394,development,0
Hoal_26,48.15426,15.14975,site_300613673c8de12a,290,test,-1
Hoal_27,48.15552,15.15116,site_e35bffa822780b41,269,development,1
Hoal_28,48.15356,15.14856,site_72f791e7a3b14404,388,development,3
Hoal_30,48.15405,15.15407,site_978ff47db3a1c5a1,322,development,2
Hoal_33,48.15179,15.15425,site_b0b863b5597ced77,189,development,4
Hoal_35,48.15053,15.15472,site_105ed3138c6bf909,585,test,-1
Hoal_36,48.15696,15.14796,site_6770b4e6f1f2e8bb,472,development,0
Holly_Springs_4_N,34.8223,-89.4348,site_91ea89ee8d5d5b53,580,development,0
Howe_Ranch,40.65279,-107.26172,site_ac240db4268c6c54,271,development,3
Irrigation_Technology_Centre,17.3144,96.4519,site_da42d7233341c5fa,70,development,4
Ithaca_13_E,42.4401,-76.2462,site_9f8869a238f7fb2c,382,test,-1
JR-1_2301,32.52312,-106.74067,site_e08b0590bf66e62a,296,development,2
JR-1_2302,32.51601,-106.74061,site_bb1efe9ff5e404ec,241,test,-1
JR-1_2304,32.52001,-106.73629,site_fa6684a460ee051b,175,development,3
JR-2_2401,32.59047,-106.78332,site_741bd07218da164c,256,development,1
JR-2_2402,32.58917,-106.77826,site_bbd4ea535f73b619,192,development,0
JR-2_2405,32.58978,-106.77801,site_0e8141914335992c,84,test,-1
JR-3_2501,32.61355,-106.73695,site_aae8b0a4c0119c59,290,development,0
JR-3_2503,32.61227,-106.74121,site_17476f5e1149b6dd,311,development,1
JR-3_2504,32.60999,-106.7327,site_047754da87a40137,182,development,2
John_Day_35_WNW,44.556,-119.6459,site_bcde474edfd61b91,916,test,-1
Joplin_24_N,37.4277,-94.5829,site_97b9cf35873933d5,736,test,-1
Kehrigk,52.18222,13.95389,site_25849ed7ce13a56f,7,development,2
Kenai_29_ENE,60.7257,-150.4508,site_181ff8c89ef12a6c,287,development,4
Kingston_1_NW,41.4911,-71.5413,site_fb318c5726a2f05c,842,development,0
Kingston_1_W,41.4782,-71.5417,site_74d6733a337aa5b5,770,development,4
Knott_Ranch,40.24779,-107.10279,site_d4fedf73db2d1d72,232,development,3
Kokomeren,41.84843,74.33435,site_e785140d7a8337fa,389,development,4
La_Cultia_dAreu,42.58803,1.3299,site_14d94a059a5aad1d,1401,development,4
La_Grand_Combe,44.243,4.01017,site_1540ed4ad947cd80,1296,development,2
La_Junta_17_WSW,37.8639,-103.8224,site_58667ddb3903bbc2,1842,development,4
Lafayette_13_SE,30.0918,-91.8731,site_0615e6ed7947021d,461,test,-1
Las_Cruces_20_N,32.6137,-106.7414,site_a85f5d6458d2ef6d,1780,development,2
Lewistown_42_WSW,46.8847,-110.2895,site_28aa95e397da1f11,942,test,-1
Lezignan_Corbieres,43.1733,2.7283,site_2985b162668c5c55,2345,test,-1
Limestone_4_NNW,46.9601,-67.8833,site_40cb16253de7adad,463,test,-1
Lincoln_11_SW,40.6954,-96.8541,site_cf05376790209007,362,test,-1
Lincoln_8_ENE,40.8484,-96.5651,site_646b0b13ac40b218,356,test,-1
Los_Coscolls,42.14571,0.98318,site_a0c291a961f2a716,2864,test,-1
Maidanak,38.6738,66.8969,site_7fcd5783abd3f3a0,300,development,4
Maple_City,37.0694,-97.7606,site_651ac46c08004df7,601,development,4
Maydantal,41.99651,70.63916,site_12b9e33344ecb056,522,development,0
McClellanville_7_NE,33.1532,-79.3637,site_a6a5e3eb9fd3c985,1209,development,0
Merced_23_WSW,37.2381,-120.8825,site_1540d45a23b55752,2386,test,-1
Mercury_3_SSW,36.624,-116.0225,site_e4827c2c7a3df4be,2128,development,4
Millbrook_3_W,41.7857,-73.7422,site_22340386f3e3f6e8,784,test,-1
MinQin_01,38.62963,102.9176,site_f80bf9d30cd43152,243,development,2
MinQin_02,38.62941,102.91787,site_18bedc0a241bdc83,245,development,2
MinQin_04,38.6298,102.91799,site_fb4c3069d7e94bed,233,development,3
MinQin_05,38.62963,102.91829,site_6eaed325c7afd5f2,245,development,4
MinQin_06,38.62933,102.91842,site_e236e8f6fb4c7e9a,247,development,1
MinQin_08,38.62997,102.9183,site_916f2628195f7cd3,247,development,2
MinQin_09,38.62972,102.91854,site_c3fba37c42f73863,245,development,4
MinQin_10,38.62948,102.91873,site_edc41c47fa42988f,219,development,2
Monahans_6_ENE,31.6219,-102.8071,site_baf61fa27e289b2f,1650,test,-1
Monroe_26_N,32.8833,-92.1165,site_37c98a51b9f80f45,335,development,4
Montrose_11_ENE,38.544,-107.6928,site_ddd5a78c36a9e7a3,1246,development,3
Muleshoe_19_S,33.9557,-102.774,site_c91d0d6c46ea62b9,967,development,2
Murphy_10_W,43.2044,-116.7505,site_3c8e248cc33b4c5e,1567,test,-1
NQ_BJ,31.36638,91.89969,site_2ecbb3b2737ff9d4,67,development,0
NQ_Kema,31.27209,92.11031,site_ad04b63315ba2272,16,development,2
NQ_MS,31.22623,91.7833,site_a7fe1c93212d2f37,103,development,0
NQ_North,31.37878,91.86848,site_6307ca95d0b03b26,121,development,1
NST_01,33.8933,102.1333,site_1ead9d05e7924900,49,development,3
NST_05,33.6333,102.05,site_f4e907a8ba8d1abb,51,development,0
NST_06,34.0,102.2666,site_a55a51839f39337a,33,development,3
NST_08,33.9666,102.6,site_33e57061030aaa1a,42,development,3
NST_10,33.85,102.5666,site_b969a6c48312ad74,23,development,4
NST_24,33.99908,102.13661,site_a3fe6dc1994cbcf1,41,development,4
NST_25,34.01525,101.99694,site_bcce4729161ec249,53,test,-1
NST_30,33.7086,101.9461,site_545c918e740bed59,12,development,4
NST_31,33.7036,101.9265,site_783ea304b6cb08b0,29,development,4
Necedah_5_WNW,44.0604,-90.1737,site_00edf1317915280d,726,development,2
Newton_5_ENE,32.3378,-89.0703,site_cd09f5e742102c10,1019,development,4
Newton_8_W,31.3127,-84.4706,site_e99ab7a415991029,544,development,2
Nivolet,45.51918,7.17144,site_45455afc61601263,365,development,0
North_Cow_Mountain,39.17967,-123.08009,site_a408c1f09c2d83d9,1352,development,2
Northgate_5_ESE,48.9676,-102.1702,site_45a2a929d5aff17f,576,test,-1
Northstar_Aspen_Grove,39.17067,-106.79944,site_82c39951fac19c89,507,development,2
Northstar_Transition_Zone,39.17114,-106.79917,site_3e51154ef3d04419,463,development,1
Nunn_7_NNE,40.8066,-104.7552,site_734a8ec3d3587deb,1737,development,4
Old_Town_2_W,44.9281,-68.7006,site_f468c03f1fedb166,141,development,0
Oromo_Calibration_Site,-40.88502,-73.10873,site_9d37db519b104e32,64,development,0
Palestine_6_WNW,31.7796,-95.7232,site_b245fa887fc8016f,339,test,-1
Peyrusse_Grande,43.6664,0.2217,site_b49dd89f78142169,1890,test,-1
Pierre_24_S,44.0194,-100.353,site_1f2f25947066509c,1223,development,4
Port_Aransas_32_NNE,28.3045,-96.823,site_68a69fed5c9dc2db,688,development,2
Potter_Valley_Central,39.32091,-123.10282,site_10d7d76e5b99709b,208,development,0
Redding_12_WNW,40.6507,-122.6068,site_38eb3791b353069b,1302,development,1
Redwood_Valley_Pineview,39.28517,-123.30475,site_f39ad74b903eb489,284,development,3
Ribera_de_Sio,41.80319,0.90969,site_09d142dad852325f,1859,development,1
Riverhead_2703,-36.71611,174.61442,site_8a1832d1d577309d,75,development,0
Riverhead_2704,-36.71477,174.61595,site_cc2f4e33aba4f988,49,development,4
Riverhead_2705,-36.71531,174.61245,site_971bf07b5c1c6549,166,development,2
SKKU_FDR1,37.2896,126.9669,site_000a0398d32f1502,3,development,1
SKKU_FDR10,37.2941,126.9869,site_bfb41a1d9187a44c,4,development,3
SKKU_FDR2,37.2895,126.9855,site_407ca9c992d16c80,4,development,2
SKKU_FDR3,37.2912,126.9875,site_5573faeabc901a72,4,development,4
SKKU_FDR4,37.291,126.9849,site_05ea59dd4b3fe2f4,2,development,3
SKKU_FDR5,37.2909,126.9825,site_759cefd155ffd327,4,development,2
SKKU_FDR6,37.2919,126.9872,site_e588e221141d9913,4,development,1
SKKU_FDR7,37.2919,126.9854,site_336eb2211c230ef4,24,development,4
SKKU_FDR8,37.2927,126.987,site_ce572aca586ad2a5,4,development,2
SKKU_FDR9,37.2927,126.9854,site_06a04a8025a352d0,4,development,4
Salem_10_W,37.6344,-91.7226,site_b2eaf44be71ff0ae,507,development,2
Sandstone_6_W,46.1135,-92.9936,site_4f9a1ac96b88317a,436,development,3
Santa_Barbara_11_W,34.4141,-119.8796,site_b2267c975c71dbb8,1559,development,1
Santa_Lucia_Conservatory,36.48613,-121.79388,site_0d7b03db25fcc113,341,development,0
Sebring_23_SSE,27.1526,-81.3689,site_c0951b8580287e99,135,development,4
Selma_13_WNW,32.4567,-87.2422,site_4f44a81224b8cd25,633,development,1
Seolmacheon_A6,37.93744,126.9515,site_d7f9c6e15b892ab9,65,development,3
Shabbona_5_NNE,41.843,-88.8513,site_70dba7fc35b9a591,11,development,2
Sioux_Falls_14_NNE,43.7346,-96.6222,site_36915ea55aeee9ea,124,development,0
Sky_Mountain,39.22098,-106.91313,site_fb1db350263dd164,722,development,0
Skyline_Harvest,39.47095,-121.09175,site_7d0e70aae0f59866,1345,test,-1
Smuggler_Mountain,39.20015,-106.80083,site_e4ae50497c1a098c,472,development,4
Socorro_20_N,34.3557,-106.8859,site_d35a7f73b803c0c5,1160,test,-1
Spokane_17_SSW,47.4174,-117.5264,site_03be10a6dc64b839,1265,test,-1
Stagecoach_Ski_East,40.22172,-106.86308,site_0983900925777e9a,412,development,0
Taragay,41.729,77.80481,site_21ebeb5cd26e09ea,36,development,0
Torre_del_Lluvia,41.72531,1.79065,site_f048e8218a2bc715,439,test,-1
Twitchell_Alfalfa,38.1159,-121.6467,site_51a191821f75c8e9,135,development,2
Versailles_3_NNW,38.0945,-84.7465,site_48bc99c681181b96,844,development,0
Watkinsville_5_SSE,33.7837,-83.3896,site_4509aad7c317e1e1,956,test,-1
Wharekapua_2801,-34.71997,173.05199,site_e894534d7e7a123f,425,development,2
Wharekapua_2803,-34.72081,173.05785,site_b708e7aad1210ce8,315,development,4
Wharekapua_2804,-34.72125,173.04782,site_cdbb0d22e7b06f01,359,development,4
Wharekapua_2805,-34.71748,173.05528,site_7d5d2b00a197b946,416,development,1
Whitman_5_ENE,42.068,-101.445,site_655489b2dd82c473,1360,development,2
Windy_Gap,39.23429,-123.00498,site_c182efa4e364207f,1022,test,-1
Wolf_Point_29_ENE,48.3082,-105.1018,site_91ee6299c921b981,856,development,1
Yosemite_Village_12_W,37.7592,-119.8208,site_d830d9e3fbd26651,2736,development,3
grassland_soil_2,53.63398,22.98128,site_81c3c43b60e335cf,140,development,1
grassland_soil_3,53.63294,22.98151,site_b843de06c1a6a47d,191,development,3
grassland_soil_4,53.6319,22.98174,site_e84e6fd19eaae8f3,182,development,3
grassland_soil_5,53.63086,22.98197,site_f5ae0072aa9d0a04,119,development,2
grassland_soil_6,53.63489,22.9793,site_cae0124873df3612,127,test,-1
grassland_soil_7,53.63384,22.97952,site_9463f490fbd10247,195,test,-1
grassland_soil_8,53.6328,22.97976,site_3531c10ad7b4bb62,102,test,-1
grassland_soil_9,53.63176,22.98,site_b881d34c09ab42e7,115,development,3
marshland_soil_11,53.60373,22.87763,site_1e3671cb73e4a59d,89,development,1
marshland_soil_19,53.60784,22.87937,site_19cb1bd872c4d23c,99,development,1
156.63.3_Lappsaetra,66.27851,14.88919,site_16f5711a84870069,350,test,-1
Asheville_8_SSW,35.4945,-82.6142,site_d80aeb123d7ed060,374,test,-1
Bouldin_Island_Alfalfa,38.09915,-121.49933,site_f1dddf45471b7c4d,260,test,-1
Brunswick_23_S,30.8078,-81.4596,site_84322f1b7a2f6859,530,test,-1
Bussoleno_prato,45.1193,7.1605,site_2fcf507763e5c1f5,290,test,-1
CO-Z4_2103,37.06032,-105.82329,site_412000fd5fa9933e,115,test,-1
Carpeneto_Conventional_Tillage_No_Track_position,44.68253,8.62641,site_77587960eddec8d4,968,test,-1
Clot_de_les_Peres_II,42.15623,0.83767,site_20a8ade4f5c8dd77,1776,test,-1
Crossville_7_NW,36.0138,-85.1345,site_dfb90b37de535da6,303,test,-1
Goodridge_12_NNW,48.3055,-95.8744,site_0e60c1f731fb2594,451,test,-1
Heart_K_Ranch,40.06782,-120.69375,site_863c334735fb9bf1,339,test,-1
Hoal_05,48.15804,15.14731,site_3999cca71a6a19c4,409,test,-1
Hoal_08,48.15473,15.14844,site_454123e8a1bcfe25,1345,test,-1
Hoal_13,48.15371,15.1517,site_1c44b0fee88f9b96,825,test,-1
Hoal_29,48.15353,15.14991,site_db8e4a0f1b9b5265,203,test,-1
Hoal_32,48.15162,15.15158,site_29c64bda55c4bd6f,192,test,-1
Hoal_34,48.1521,15.15537,site_983e670b17ddf306,261,test,-1
JR-1_2303,32.51924,-106.73893,site_77cb72593212dbbd,250,test,-1
JR-2_2403,32.58997,-106.78791,site_81b448dff9fe7139,227,test,-1
JR-2_2404,32.59244,-106.77855,site_8b49c8c099ceaa41,185,test,-1
JR-3_2502,32.6088,-106.73716,site_d33b41fbc11cec5f,228,test,-1
Lamont_CF1,36.605,-97.485,site_d5e7272a4c76be28,828,test,-1
Los_Alamos_13_W,35.8584,-106.5214,site_0897d2a8d9842ad4,1323,test,-1
Lower_Elk,40.57139,-106.9163,site_8cc16869ec1e1da8,277,test,-1
Manhattan_6_SSW,39.1027,-96.6098,site_c6db53a69289981e,501,test,-1
Marshall,36.1166,-97.5112,site_1b5b434334fddc03,385,test,-1
MinQin_03,38.62916,102.91813,site_8a95dad53e3ef658,232,test,-1
MinQin_07,38.62978,102.91824,site_17fc3116fcf992a7,242,test,-1
NQ_West,31.34344,91.82089,site_e03a086b6cf0400e,44,test,-1
NST_32,33.6547,101.839,site_9645b57909c3f762,23,test,-1
Nirehuao_Site,-45.26482,-71.7535,site_597762e6a978cef9,14,test,-1
Oakley_19_SSW,38.8701,-100.9627,site_28de8124779d0d55,1227,test,-1
Pobla_de_Cervoles,41.36527,0.92188,site_74f9bdce7726846f,155,test,-1
Potter_Valley_North,39.36141,-123.11312,site_9e4afb6a8f7ad2cf,1210,test,-1
Riley_10_WSW,43.4711,-119.6917,site_f80fa89bf21ec41c,1315,test,-1
SOD021,67.36691,26.65176,site_fd31180fadc66380,3,test,-1
Saint_Felix_de_Lauragais,43.4417,1.88,site_227e9f5f717d877d,961,test,-1
Serra_de_Costa_Ampla,42.2112,0.8939,site_053660f2203e3d7e,3119,test,-1
Spring_Valley,39.47217,-107.22222,site_e690c844556f422b,404,test,-1
Stillwater_2_W,36.1181,-97.0914,site_db085d5191ab69be,682,test,-1
Stillwater_5_WNW,36.1346,-97.1082,site_cb4bf51604d9132d,889,test,-1
Sundance_8_NNW,44.5169,-104.4363,site_bc9b171e4ce196ad,1203,test,-1
Tonzi_Ranch,38.4316,-120.966,site_8bb1693abbdef724,422,test,-1
Vaira_Ranch,38.4133,-120.95073,site_50267e58e39b31cd,227,test,-1
Wharekapua_2802,-34.71972,173.05379,site_6c44d098207f2e1c,269,test,-1
Wolf_Point_34_NE,48.4887,-105.2096,site_75783e392ac0cb24,929,test,-1
Yucaipa_Valley,34.0074,-117.0916,site_4c3440bb059c79cd,694,test,-1
grassland_soil_1,53.63502,22.98104,site_9fdd13189c6a4b41,134,test,-1
Hoal_06,48.15501,15.14573,site_47749587de8e2aac,434,development,2
