physical_site_id,n,rmse,bias,ubrmse,observed_sd,predicted_sd,within_series_ubrmse,amplitude_ratio,r,sse,sum_e,anom_xy,anom_yy,anom_pp
site_0089d624f3191d41,19,0.02652469013531718,-0.00352621275813956,0.02628925655774477,0.027497469034878458,0.023750533748449508,0.02628925655774543,0.8637352666284943,0.48162098368496514,0.013367624548717259,-0.06699804240465164,0.0059761996398630885,0.014366105263157892,0.010717669213388542
site_008c2bef2cb4aaa3,42,0.027370764700316463,-0.012592234766199476,0.02430214772140535,0.04564469529547525,0.03248625508145946,0.024302147721405692,0.7117202748569956,0.8592383542815675,0.03146466793176377,-0.528873860180378,0.05351221247318955,0.08750440476190477,0.044324984307141324
site_00edf1317915280d,216,0.09103521782911327,0.08397319314739217,0.035155564535715646,0.0416768380074971,0.03900770121948555,0.035155564535716485,0.9359563509225097,0.6220778464866361,1.790080751201926,18.13820971983671,0.21844575319394327,0.37518310648148145,0.3286657629565893
site_01183702de237e95,654,0.06119335428564244,0.02599952729151154,0.05539540765574435,0.08191912268218,0.06294308634986136,0.055395407655744584,0.7683564507161582,0.7373512513885142,2.4489858021082123,17.003690848648546,2.4864830142301977,4.38882570030581,2.5910382059869512
site_01e54199a3b60966,138,0.05002360879919841,-0.032573788184532215,0.037964585610862,0.06063687222785308,0.03977190378283559,0.037964585610862016,0.6559029567584899,0.7914362742133542,0.3453258783467432,-4.495182769465446,0.26339541420037116,0.5074025777536232,0.21828899761053622
site_026dbe6171ec07f4,71,0.058482836147432354,-0.03549136046792419,0.04648231336737973,0.0623497612794217,0.035583265484927504,0.04648231336737973,0.5707041174618198,0.6745346432937408,0.24283719079316687,-2.5198865932226178,0.10625349006568881,0.276011983943662,0.08989798356252915
site_02b6ac3cafd20e22,104,0.09672614509279963,-0.0837136457861616,0.048455883581897397,0.050130688072770435,0.027326308719945683,0.04845588358189744,0.5451014093458764,0.33281599447193666,0.9730185030293859,-8.706219161760806,0.04741569982264908,0.26136093221153844,0.07765962341880905
site_0312a18810484838,58,0.10939489922445339,-0.09081800599961445,0.06098634078695248,0.057037839204077095,0.0610273658467994,0.060986340786952684,1.0699452626255366,0.4680326443766652,0.6941001506270421,-5.267444347977638,0.09449130089992079,0.18869227586206894,0.21601168416754768
site_0322f6b7744e5e7d,83,0.032596163758782465,-0.0158273264449763,0.028495712473870827,0.048264746403469304,0.05962570238176187,0.028495712473871997,1.2353882869977315,0.88134517621833,0.08818832101851717,-1.313668094933033,0.2105172367714166,0.19334731686746987,0.2950836239150308
site_0430e77fe9702577,394,0.08111662171132097,-0.04254849145176447,0.06906179981029074,0.06308981520330414,0.045149470607608135,0.062315051641259354,0.7156380227476647,0.3748736163721072,2.5924830892358743,-16.7641056319952,0.42071986204385875,1.568247964260504,0.8031590302820246
site_0472cafe265e9bf9,112,0.08382674086702567,0.07224469520444317,0.042516191024180174,0.05345248029673131,0.06432148863093061,0.042516191024180174,1.2033396443693922,0.7543017980815129,0.7870153182513969,8.091405862897634,0.2904605228205411,0.3200027767857143,0.46337243676628076
site_047754da87a40137,94,0.05990109146477108,-0.05663395446802072,0.01951245653384079,0.02643204199540929,0.02035531832937188,0.019512456533840847,0.7701001055047955,0.680493922676242,0.3372852313150619,-5.3235917199939475,0.0344160258125494,0.06567336734042555,0.0389478645232659
site_04a0ab31c36d8277,117,0.08673915499848205,0.03568196442942334,0.07905996726730956,0.0971675470643278,0.05476777926493811,0.07905996726730971,0.5636427070519772,0.5816393908705622,0.880270678152531,4.174789838242531,0.36214796029249063,1.1046592676923077,0.3509426285367192
site_04a334aa2f23d43d,112,0.07268322666406193,-0.004682009865130696,0.07253227021072912,0.09028436569669096,0.048077907237288026,0.07253227021072935,0.532516420382296,0.5991938597561817,0.5916793610895333,-0.524385104894638,0.29130201137233525,0.9129418691964286,0.2588863384035345
site_05aa898de0a23cc1,66,0.04772223689630258,-0.0381566304837664,0.028661532487153103,0.04924598588518144,0.046755435683689554,0.0286615324871534,0.949426330761279,0.8229588710848291,0.15030918502953036,-2.5183376119285823,0.12506189675967802,0.16006103030303032,0.1442806705541276
site_05ff70d4d3251126,56,0.08685735412797682,-0.017318038457206315,0.08511336857455176,0.1301280165895516,0.0679177100319059,0.08511336857455176,0.521929956453046,0.8091104066257437,0.42247519810231526,-0.9698101536035537,0.40045125476723276,0.9482648392857145,0.25831765881477087
site_0616304fbe5abc7f,91,0.06148255503933932,-0.021228325742941635,0.05770149703705225,0.11940051015747982,0.10418747329977646,0.05770149703705229,0.8725881753969177,0.8754816342456597,0.34398951624905033,-1.9317776426076887,0.9910832139454208,1.2973398461538461,0.9878076929258384
site_062fed1c5ac99ce7,88,0.08365923143404087,-0.0009183851846239794,0.08365419040781566,0.09858150901895621,0.04008918832616418,0.08365419040781569,0.40666032327072044,0.5474918628524703,0.6159002963638283,-0.08081789624691019,0.19040706820599734,0.8552116249999999,0.14142858581725792
site_06fbc9bb474fb230,264,0.06870137601944452,0.053818419211064325,0.04270195335798176,0.042388523924692556,0.04349485202045656,0.04270195335798228,1.0260997079711836,0.5058170850621613,1.2460480736787884,14.208062671720981,0.24619746257150266,0.4743517575757576,0.49943576820229335
site_0749a2df9169c11c,244,0.1322177852583895,-0.088893236631497,0.09787510010115079,0.12497917536826818,0.046896132194195556,0.09787510010115129,0.3752315700276443,0.7029048061161379,4.2654964282266,-21.689949738085268,1.005219765025084,3.811229803278689,0.5366163204052135
site_079486718438a070,226,0.08460660749386426,0.02975830145852756,0.0792005146821926,0.10253387561981735,0.06668473313496463,0.07920051468219445,0.65036781972646,0.6352759589688943,1.6177708351463027,6.725376129627229,0.9816680365384152,2.375982216814159,1.0049889211216079
site_088275f9ba9853b1,86,0.07983348008088179,0.04040576562216115,0.06885316729324459,0.08186361730849549,0.03958105734237601,0.06885316729324467,0.4834999801342574,0.5443337539042602,0.5481110705969112,3.474895843505859,0.15168479159301107,0.576342058139535,0.1347327686292794
site_08cce474c4f1c65e,101,0.06067042097451502,-0.01703605157136917,0.05822948504050609,0.13094279995895935,0.08430731261621775,0.058229485040506214,0.6438484028342277,0.9449335864786758,0.3717708981037121,-1.7206412087082863,1.0535848781256985,1.7317477029702968,0.7178800190174357
site_08db8db92cc27df6,416,0.042364917936600396,-0.012547988037292198,0.040463987297235764,0.06347767054392484,0.040061262318652854,0.04046398729723578,0.631107946705945,0.7858812478692978,0.7466310890583525,-5.219963023513555,0.8313729066772726,1.676236497596154,0.6676403712425887
site_0902e4bb7164303d,146,0.07853426977134623,-0.05302791817441379,0.0579281574245743,0.06793365152536904,0.029597710857265036,0.057928157424574384,0.43568555778592455,0.5309978375376652,0.9004742031637136,-7.742076053464413,0.15587938747166158,0.6737872273972603,0.12789957524657863
site_097bbf563f897742,21,0.03737771551291903,0.006794681702341353,0.0367549441235948,0.06067051643612284,0.03647496206114668,0.036754944123595354,0.601197487737713,0.8270409609986802,0.029338965956258876,0.1426883157491684,0.038434289296822896,0.07729914285714289,0.027938880004603872
site_0983900925777e9a,101,0.05088126379724487,0.01113674536908027,0.04964751663667671,0.06572609390238202,0.032212369713701276,0.049647516636676735,0.4901001687631684,0.6831403539396619,0.26147920356608695,1.1248112822771072,0.14608035383941514,0.43631186138613853,0.10480131301979012
site_098c5f4a8213f315,52,0.08090853534512894,0.06523286364800655,0.04786297725773614,0.04125759330326376,0.03579262809015618,0.04786297725773617,0.8675403780114517,0.23445125702974204,0.340401936768087,3.392108909696341,0.018003352608882753,0.08851382826923078,0.06661783573121234
site_09d142dad852325f,523,0.051930717193179855,0.028568584944618364,0.04336629269905547,0.06482218046550325,0.053992814456630754,0.04336629269905605,0.8329373382520568,0.7480865066556535,1.4104260800275676,14.941369926035405,1.3693457308316437,2.197601586998088,1.5246621587718852
site_0a639c884418ac75,179,0.029353768441909962,0.024874835226122893,0.015584809726605742,0.02607977763824632,0.029189778192289746,0.015584809726605768,1.1192495042397361,0.846824150209518,0.1542342261916872,4.452595505475998,0.11539339342330422,0.12174770949720672,0.15251572401379826
site_0ad0f907a285c78b,99,0.03954476865649333,-0.0241501999051884,0.03131383995352559,0.04790816343017889,0.03682914142504301,0.0313138399535256,0.7687445894000426,0.7569134523460088,0.15481508408146216,-2.390869790613652,0.13221554983181483,0.22722402020202023,0.13428218015247606
site_0b0ed8efdae8e576,91,0.08425385482776383,0.0400208255812362,0.07414206345344168,0.09835363969989684,0.04592754638985258,0.07414206345344238,0.4669633633283909,0.6957644115537025,0.6459827968537492,3.6418951278924943,0.2860008235846083,0.8802828982417583,0.19194989608267754
site_0b38093eb399bd08,170,0.06748533059638266,0.023331359333571264,0.06332390952358231,0.07589725955043725,0.05540573531518555,0.06332390952358381,0.7300096952560702,0.5731400160024215,0.7742258737695206,3.966331086707115,0.4097231196372036,0.9792669812352942,0.5218652359887879
site_0b499005763b91ab,135,0.04343283432519686,0.009433127602206336,0.04239607530374116,0.04105325728377326,0.045155140264656134,0.04239607530374118,1.0999161394802208,0.5197338417960076,0.2546654981651998,1.2734722262978555,0.1300677361718372,0.22752494103703705,0.2752632034633039
site_0b5d986a46425a8d,144,0.04536950764492765,0.019979633069286743,0.04073335839775322,0.04989857769070733,0.04758681804019126,0.04073335839775328,0.9536708307630462,0.6517472881540525,0.29640848024781336,2.877067161977291,0.2228520110677928,0.358541,0.32608875617139926
site_0b72a3f0c80e88c1,80,0.0907093078964258,-0.0404641270980239,0.0811839451938839,0.08590768787447081,0.029839174127027756,0.08118394519388408,0.34733997463217803,0.3276243891169558,0.6582542831238861,-3.2371301678419115,0.06718696765108034,0.5904104668749999,0.07123010500664662
site_0bcb08d77ff25c9a,123,0.07467142291274263,0.03096657675553144,0.06794771904823182,0.101546749476787,0.04914225390345531,0.0679477190482319,0.48393724227173746,0.8125678512113612,0.6858260321770808,3.808888940930367,0.4987533718355667,1.2683443065040652,0.2970402176015352
site_0bf83088dda14a95,57,0.062300760112406414,-0.054441610321663975,0.030290192739031902,0.03429183320502716,0.041090036263216605,0.030290192739032034,1.1982455419499949,0.6908276638826312,0.22123892850326576,-3.1031717883348464,0.05548451616242528,0.067028,0.09623829156640998
site_0c4d512642175d8c,82,0.046928570463045646,0.01646247682774939,0.04394630339858923,0.0907497162824984,0.05609926710361358,0.043946303398590916,0.618175674830541,0.9282434669092798,0.18058783950781332,1.3499230998754501,0.38750580889313696,0.6753119024390243,0.2580644771041316
site_0cc518f8eb987b6e,366,0.09417667781077985,-0.07141453570339197,0.0613938981800666,0.060518452887148,0.039647731039920815,0.05725486520285218,0.6551345771157445,0.4076624064819286,3.2461442715120086,-26.137720067441464,0.3580040212540077,1.3404688291865465,0.5753309830406876
site_0cc8f0bf6d22e691,356,0.10695889655786502,0.08986520900183848,0.05800387714568706,0.0649383079578163,0.0657619870002379,0.058003877145687055,1.012684023780796,0.6061593205865077,4.072713176823881,31.992014404654498,0.9215367959066807,1.501246247191011,1.5395714605821271
site_0ce5386aeb45589f,400,0.04127215162568136,0.030809161756187677,0.027462448028067254,0.0460423107043945,0.03936491608706015,0.027462448028067306,0.8549726433105143,0.8042434858090508,0.681356199925293,12.323664702475071,0.5830609883693978,0.8479577500000001,0.6198386474165147
site_0d5442a09f1a2d6e,357,0.15142871874680797,0.09492536713395801,0.11798233569387902,0.12121564115778115,0.06624883333519437,0.11798233569387925,0.546537003825778,0.3214230537085701,8.186244499484054,33.88835606682301,0.921471985815286,5.2454837030812325,1.5668401268239467
site_0d5e4db658745469,47,0.03903720263771984,0.0065921742246506055,0.03847656986752136,0.057639846275628945,0.02815297738022448,0.03847656986752238,0.48842908507422605,0.8117463307482425,0.07162344991958483,0.30983218855857847,0.061910646254062014,0.15615053829787237,0.037251736362457266
site_0d7b03db25fcc113,73,0.07514734071690839,0.06531292915630016,0.03716643784178458,0.04879072462602647,0.0679342262593594,0.03716643784178458,1.392359444957315,0.8469072201964924,0.4122399656280876,4.767843828409911,0.2049201178877321,0.17377904109589043,0.3368993141144221
site_0da833e2b1888903,55,0.11986423301265725,-0.10358326892267575,0.06031534427494576,0.0796117640295756,0.03504531439830899,0.06031534427494645,0.44020271156521207,0.7039855025127297,0.7902088895641926,-5.697079790747166,0.10802732264972546,0.34859181345454543,0.06754957337019779
site_0dbafc8a640ef8c3,279,0.09447541080827641,0.006758083860933998,0.0942333887214143,0.1067653435399822,0.058467306678157124,0.09423338872141448,0.5476243951414992,0.4755739088852298,2.490243306022533,1.8855053972005855,0.8282579509174205,3.1802759641577065,0.9537408401051517
site_0dc29dbfcf3d5b45,16,0.08403822000975958,-0.05960582982935011,0.05924160255060048,0.09213167801440501,0.0364857519851927,0.05924160255060049,0.39601744776088915,0.9385543386478378,0.1129987587585401,-0.9536932772696017,0.05047910975129344,0.1358119375,0.021299361566799888
site_0e03bfb1bac21c69,145,0.06086256244132331,0.053211326855832124,0.029543293674974318,0.05988983783069082,0.049586777062499164,0.029543293674974692,0.8279664607321443,0.8709226905639719,0.537116468503977,7.715642394095658,0.3750305326908313,0.5200849379310346,0.356533026619669
site_0e7b99291027b045,131,0.07692130934958284,0.03444019981740994,0.06878052390459886,0.09203751423507633,0.05616738960518572,0.06878052390459899,0.6102662601439514,0.6668836428016168,0.7751123059991029,4.511666176080703,0.4516172084542176,1.109688427480916,0.41327561081295494
site_0e88bbb351409588,121,0.051735050069552965,-0.0047859230080911945,0.05151320555604918,0.048021335160093395,0.03581422463203033,0.051513205556049435,0.7457981855904874,0.2718547151755485,0.32385836408959745,-0.5790966839790346,0.05657336667845072,0.2790318842975207,0.1552017010052169
site_0e94595e2d8280b9,63,0.06780511432634506,0.027618394484784866,0.06192542139454143,0.07008050055705249,0.03364387266646848,0.06192542139454181,0.48007466269563853,0.468328138892465,0.28964461231494965,1.7399588525414467,0.06956551071013961,0.30941042317460316,0.07131034058384533
site_0ea793c6917b8d1e,142,0.14974780597282705,-0.12032161952492217,0.08914658304486672,0.054577722511885814,0.052065088519393475,0.08914658304486678,0.9539622784379626,-0.39724395325110257,3.184265565901915,-17.08566997253895,-0.16029045423356372,0.4229793468309859,0.3849298288395835
site_0ed7401c57e72edd,149,0.07493717833015105,-0.06850928119717029,0.03036542583155898,0.05783183408977834,0.0586390545773453,0.03036542583155939,1.0139580647972157,0.8641474443143111,0.8367215237166441,-10.207882898378372,0.4366445499135543,0.4983336340939597,0.5123422695370072
site_0ed89141fd172a0b,19,0.04776961454317212,0.03802711345459285,0.02891149798808018,0.03126168080862911,0.04849417860142201,0.028911497988080202,1.5512338859283676,0.8222584607227501,0.04335678539846158,0.7225151556372642,0.023684481628278367,0.01856856105263158,0.044682021806305705
site_0f170214c09c03f1,20,0.11027801435195723,-0.03613452384233475,0.10418990659415252,0.130831361970286,0.0371213036974333,0.10418990659415252,0.28373398502007624,0.7864814380786674,0.24322480898820972,-0.7226904768466951,0.07639299827098846,0.3423369055,0.027559823763941504
site_0f333b36a4874c91,102,0.09479498543803377,-0.065155189206495,0.06885412539320264,0.13807256587995165,0.08662430632615052,0.06885412539320276,0.6273824620704649,0.912462788568997,0.9165811049480976,-6.64582929906249,1.1131725788863702,1.944531411764706,0.7653845855416497
site_0f556398a37eba54,17,0.27127151999121735,-0.2679155308576191,0.042538287267185455,0.050312791854770424,0.028877502021948113,0.042538287267185476,0.5739594436600537,0.535402631451503,1.2510000384918725,-4.554564024579525,0.013224140740799552,0.04303340941176471,0.014176472091469494
site_0f5c2c2840148780,191,0.07536551638189248,-0.011712280425101678,0.07444987271146328,0.06924151015778757,0.05643868768151804,0.07147591685917107,0.8150990287893136,0.36732075155116656,1.084872562366277,-2.2370455611944204,0.27417147575460277,0.9157278652258206,0.6083971642374797
site_0fabc5d0b4df5f64,317,0.12505968990741229,0.11402998243085216,0.051352596298119786,0.04014546811777349,0.04810417294758068,0.051352596298122825,1.1982466565456156,0.33362794603573165,4.957856554596985,36.147504430580135,0.20424007563105895,0.5108957794952681,0.7335416312257288
site_0ff1990da553fc4d,975,0.06983340950296328,0.03990394362107302,0.057309513750290954,0.056202421944953874,0.05352319556500601,0.05730951375029122,0.9523289871284912,0.45527643366393267,4.754787455738348,38.90634503054619,1.3352938607159257,3.079744426666667,2.793114151902632
site_1053b206858b1513,880,0.06679460008073367,-0.04567477564010769,0.04873739293572205,0.06806196826388455,0.04052817824790708,0.048737392935722317,0.5954599798050858,0.7068576517551471,3.9261363679517274,-40.19380256329477,1.7158377657859514,4.076539741079545,1.4454292442428334
site_1055453212517d95,143,0.08231471349582163,-0.052797156070912635,0.06315197834369793,0.09560491294354456,0.05174275202054903,0.06315197834369818,0.5412143626039755,0.7913542464902603,0.9689268242795857,-7.549993318140507,0.5598049168769088,1.307062811188811,0.38285567129238446
site_108f541d7e13b076,361,0.061734125271531645,-0.0294030753499996,0.0542822381908061,0.08593626697125445,0.050027531364021195,0.054282238190806124,0.582146899408085,0.8072743682171116,1.3758079025178596,-10.614510201349855,1.2528928258654628,2.6660001551246535,0.903494155870503
site_10a7b62e4edfa545,50,0.11738013394552975,-0.08242598294448852,0.08357064784184332,0.0911019013852071,0.025171639861505953,0.08357064784184332,0.2763020253010137,0.42497996107382696,0.6889047922535253,-4.121299147224426,0.04872786771529913,0.4149778218,0.03168057266586777
site_10d7d76e5b99709b,40,0.055976643055601065,0.025731187434494495,0.049712076611071916,0.0606743561976557,0.035970649436305756,0.04971207661107194,0.5928476491637759,0.5736492904985605,0.12533538271096684,1.0292474973797798,0.05007949119769037,0.14725510000000003,0.05175550483478414
site_10dfc2a732e16d10,6,0.042248279103416574,-0.036932281839847564,0.02051642379417649,0.06679038520292839,0.06825793346014264,0.020516423794176637,1.021972447871882,,0.010709502523201112,-0.22159369103908538,0.026097532171507676,0.026765733333333333,0.027954872881495563
site_10ec1b51ff0dc0c8,84,0.09471996735137958,-0.08271399367423284,0.0461548206096111,0.044927618785166164,0.03208869308573492,0.046154820609613983,0.7142308885582359,0.31834906686565645,0.7536372660638988,-6.947975468635558,0.03855212290230252,0.1695532380952381,0.08649347481184133
site_11d0ddb199b9f010,2,0.032791065332778785,-0.03274717497825623,0.0016960237622261065,0.0020000000000000018,0.00030397623777389526,0.0016960237622261065,0.1519881188869475,,0.002150507931317133,-0.06549434995651246,1.215904951095582e-06,8.000000000000015e-06,1.8480310626234342e-07
site_125ba37c83dbcda5,409,0.05151695875748966,-0.01772168077460711,0.048372916700813194,0.03803221699319482,0.06412798366592007,0.04523756332464096,1.6861489741025253,0.7200722368499285,1.0854847892049444,-7.248167436814308,0.7182879846577674,0.5915978575317398,1.6819709002241132
site_12aaba88bfb65c8b,227,0.08397102370770489,-0.06324696360416875,0.05523544529894632,0.07802533013998211,0.05349353484492094,0.05523544529894633,0.6855919064866542,0.7066084051334011,1.6006071507120256,-14.357060738146304,0.6694861055783565,1.3819651365638765,0.649573727336483
site_12f6f97179080a87,406,0.06761196733718451,0.04163476009321918,0.05327217734600858,0.06934672900402701,0.05613480776858666,0.05327217734600878,0.8094802534280583,0.6579077070135504,1.8559795196450293,16.903712597846987,1.039798599280674,1.9524413423645322,1.279353357145768
site_12f79a44d2a41795,112,0.19381066980904918,-0.156578640546969,0.11421779658308663,0.08819210550072622,0.035725806036913985,0.07329631317346143,0.40509074858882693,0.5842814881264898,4.207008481965216,-17.536807741260528,0.20618254522971202,0.871118916936937,0.14294932030256635
site_13345716e1eac548,38,0.04193777480574033,-0.030624493456984824,0.028651655382544352,0.04952444204744566,0.02843048774964173,0.028651655382544355,0.5740698243991241,0.8664909912269102,0.06683352431496557,-1.1637307513654234,0.04636086711503173,0.09320147368421054,0.030715120079936084
site_13471aa5ce158e45,113,0.06263453246244927,-0.048884970624784446,0.03915794049491842,0.07406047423873999,0.06084265926992303,0.03915794049491843,0.8215267306254582,0.8492429253662551,0.4433085662172261,-5.524001680600643,0.4324192881150188,0.6197997844247788,0.41830669813506244
site_136f0d570907389a,58,0.0466118383151377,-0.029537401553885692,0.03605836075809674,0.04404887635035534,0.01756110164622714,0.03605836075809674,0.3986730900136905,0.6130788882710007,0.1260144813247593,-1.7131692901253701,0.027506222127711977,0.11253760344827587,0.01788675287968905
site_139d8263042fc17e,25,0.050947640259832117,-0.03379856033444405,0.03812242604247809,0.03391627338019317,0.024242096476106107,0.038122426042478154,0.7147629754117766,0.1731165957944132,0.06489155120113166,-0.8449640083611012,0.0035584184274077414,0.028757839999999996,0.014691981038920901
site_13a4a69bc620b9a3,67,0.06724573594641803,-0.04448088007898473,0.05043253226216544,0.06772633727709822,0.03678898396869414,0.05043253226216554,0.54320055458151,0.6816641480861763,0.3029732631993503,-2.980218965291977,0.11379433403353195,0.30731940298507465,0.09067976587707194
site_14144d0d858434fd,21,0.019684399839050126,-0.0019244199082964941,0.01959010477358783,0.04125019068189282,0.04311475204435545,0.01959010477358784,1.0452012786278124,0.8930847957389481,0.008136987537495529,-0.04041281807422638,0.0333552226360355,0.03573314285714286,0.039036518720771296
site_14672231a55d516b,109,0.10667343354198774,-0.06154086649166334,0.08713175755769045,0.11655873747981593,0.053183967660380416,0.08713175755769058,0.4562846922530376,0.711602730034881,1.2403351351764196,-6.707954447591304,0.48082791355237897,1.4808673818348626,0.30831025135494244
site_14af94b228986e6c,11,0.0492917521038081,0.046282168620282955,0.01695988482469639,0.09379196955880077,0.08254805618356212,0.01695988482469774,0.8801185919420369,0.9895889352638076,0.026726445080095973,0.5091038548231125,0.08427912592075089,0.0967662690909091,0.0749559973765298
site_14d94a059a5aad1d,372,0.14818335529946594,0.14482342809502796,0.03137644757795278,0.04719982917498008,0.03492059972989534,0.031376447577952785,0.7398458922475557,0.7470942402134327,8.168490125064485,53.8743152513504,0.4580790696477377,0.8287504811827957,0.45363476220435084
site_153d5fe2ea0a30b2,107,0.10136705213307753,-0.03975353109847721,0.09324664081537987,0.09541664076087732,0.03871676150679323,0.09324664081537988,0.4057652962633731,0.25829339009536595,1.0994548806220563,-4.253627827537061,0.10209870087867864,0.9741638807476636,0.1603916755084079
site_1540ed4ad947cd80,639,0.10035491335771382,0.09361799662279224,0.03614940308454771,0.04208249465567663,0.057804862623580894,0.03614940308454771,1.3736082686291848,0.7822086806443658,6.435438417786885,59.821899841964246,1.2158761503442375,1.1316283317683882,2.135155969332947
site_15a7df29fffec944,41,0.05738004861281581,0.03975939397695588,0.04137221977842511,0.05262709326825448,0.051363048966633205,0.04137221977842515,0.975981111189666,0.6836834795389302,0.13499126913117332,1.630135153055191,0.07577032010021006,0.1135540487804878,0.10816467476509917
site_15fd0f8efa3618ec,756,0.11183251724331914,0.09842170777778936,0.053100653019343476,0.03447419682666433,0.06423999859436345,0.05310065301934349,1.8634226322185559,0.5634297668761802,9.454923006210818,74.40681108000875,0.9433248231330118,0.8984835066137566,3.119843729069286
site_162f5acccb1ccdb2,7,0.0475947005947616,0.040781874506814135,0.02453760861240278,0.08241799387443081,0.06659744544570398,0.024537608612402874,0.8080449707034791,,0.015856788672935,0.28547312154769894,0.03719047926217317,0.047549080000000014,0.031046538179254624
site_164f38fa74238777,27,0.07370955301881225,-0.04058683033121957,0.06152891523420422,0.07479114036863327,0.033210488989860835,0.061528915234204236,0.44404308887619287,0.5859539512939848,0.14669365156829353,-1.0958444189429284,0.03929639193029315,0.15103029629629633,0.029779287631533036
site_165766e1d399cf97,157,0.0758656465520763,-0.06871234073023888,0.03215914423824306,0.058285950012353316,0.07271521896801807,0.03215914423824425,1.2475599857702682,0.9025539122501484,0.9036286233020367,-10.787837494647503,0.6005677417014434,0.5333685591082803,0.8301379819219898
site_165c41e6efa0bc8e,45,0.07963472643880422,-0.044559089608192444,0.06600134232174569,0.07344546827324706,0.038955391594202825,0.06600134232174569,0.5303988457024046,0.4466087965639004,0.2853760344742432,-2.00515903236866,0.05750059850689438,0.2427406564444444,0.06828851404159597
site_16e59e7364e5ed25,142,0.05044537535744019,0.005100062424028425,0.050186903253977,0.06632083633875623,0.06064300286298712,0.05018690325398175,0.9143883915038761,0.6908810808684227,0.36135249708333084,0.7242088642120363,0.3945684328188358,0.6245803732394366,0.5222154790661175
site_17476f5e1149b6dd,119,0.029397601084272525,-0.019174593282397057,0.022283489896438458,0.03744841300707971,0.02530451401478732,0.02228348989643849,0.6757165920489993,0.81581124851497,0.10284205499169251,-2.28177660060525,0.09199581458636819,0.16688365277310924,0.07619789311342358
site_179c7b165166f05c,71,0.1071028691239947,0.013270888620866854,0.1062775050977585,0.15497239334112836,0.06187644377301604,0.10627750509775855,0.3992739767321807,0.8629672679692186,0.8144427447959993,0.9422330920815467,0.5875331260234329,1.705167431549296,0.2718372948736603
site_181ff8c89ef12a6c,94,0.07072572665356582,0.04264087734767732,0.05642591594024194,0.04288316742016048,0.05722967033556816,0.05642591594024211,1.3345485834766724,0.3932697939483677,0.47020007060344154,4.008242470681668,0.09072490957537864,0.1728628085106383,0.3078721056714742
site_182cb9b0a7d4c94d,1,0.06466655812263489,0.06466655812263489,0.0,0.0,0.0,0.0,,,0.004181763739428116,0.06466655812263489,0.0,0.0,0.0
site_183b638a356ad6ca,93,0.10774364534537603,0.09528615595063857,0.05029156585811142,0.06885529523773322,0.03447702154474682,0.050291565858111426,0.5007170679569339,0.7162135256904185,1.0796084594448458,8.861612503409386,0.1581220921691387,0.44091780645161294,0.11054584635751508
site_18793582c71deee9,486,0.068755215297899,0.028092118615304494,0.06275438233593021,0.07015747129618724,0.060874002492398646,0.06275438233593027,0.8676766902758493,0.5490352743648452,2.2974579005009765,13.652769647037983,1.1395733967486539,2.392126398436214,1.8009430712100545
site_18be3f84accd05c4,1182,0.0462028097022605,-0.03540493117366144,0.029684852584636382,0.05485124564095864,0.033904317368048664,0.029684852584636462,0.618113900092208,0.8810512215108379,2.523214956021057,-41.84862864726782,1.9366901042476523,3.5562351133671743,1.358712234180559
site_18bedc0a241bdc83,127,0.018453911502501752,-0.0031641618797628897,0.018180619608275782,0.02294682958567427,0.018570565312738346,0.0181806196082758,0.8092867576064612,0.6346430078230465,0.04324944991725514,-0.401848558729887,0.03434638512521749,0.06687273748031496,0.04379796879640445
site_1929ba01621eda50,217,0.09098817552400368,-0.04697721875565393,0.07792296839296062,0.08892729570559497,0.0652819169877787,0.07792296839296099,0.7341043767248103,0.5251887959440387,1.7965100344855573,-10.194056469976903,0.661611691027399,1.7160498709677419,0.9247951247750328
site_194102884b72b2f0,88,0.04330404783614532,-0.016111439513211902,0.04019529917549161,0.04704843534693839,0.03678032425669561,0.040195299175491694,0.7817544618747676,0.563633125402181,0.16502116919157428,-1.4178066771626474,0.08583015958947891,0.19479286363636364,0.11904571821363513
site_19bcb346c9572bcb,74,0.09990522950916807,-0.025243619001878277,0.09666340870757432,0.08038934647717337,0.054936568840259034,0.09666340870757435,0.6833812096713378,0.015472067110563613,0.7385980613626864,-1.8680278061389926,0.0050563844799995355,0.47822108,0.2233339680995985
site_19cb1bd872c4d23c,70,0.058110647189909846,-0.020732866703442168,0.05428623725298592,0.053252233851774536,0.021839633384852227,0.0542862372529863,0.410116755771072,0.1572534513463593,0.2363793121781124,-1.4513006692409518,0.012802105452546057,0.19850602871428571,0.03338787104693264
site_19feb3f9e9d0726a,57,0.05709042060250517,0.04717394564653698,0.032154859301643995,0.03404281843835552,0.026550085425791865,0.032154859301644426,0.7799026826720754,0.45908888049759733,0.18578101910054395,2.6889149018526077,0.02365173807910137,0.06605806877192981,0.0401797010586602
site_1a0cd59d1873112a,14,0.10283184612625978,-0.03170824468561582,0.09782114186969955,0.13098356338698003,0.11253904267140741,0.09782114186969955,0.8591844637706196,0.6869641582658716,0.1480414400882868,-0.4439154255986214,0.14176927944379197,0.24019371428571426,0.177310505755556
site_1a52df5386240d07,520,0.03816440334215187,0.017055401558600938,0.03414139657567226,0.06093857365918064,0.0468527541444665,0.03414139657567241,0.7688521626138839,0.8306169495200055,0.7573912748804754,8.868808810472487,1.2331943963039667,1.9310250750000002,1.1414938968793478
site_1a9dbac658ebe085,81,0.10444778358232769,-0.05621821424696181,0.08802756319553247,0.09384853557693087,0.033271398333514626,0.0880275631955325,0.3545222962615215,0.3467896089678158,0.8836564991161218,-4.553675354003906,0.08771010864176498,0.7134113580246914,0.08966586171245938
site_1ae2faafa57e844c,288,0.054364191922829014,0.03155761918466952,0.0442671665551068,0.05689688689912418,0.04244241125956376,0.04426716655510688,0.7459531368528545,0.6375226949177709,0.8511740246655901,9.088594325184822,0.4433806047628944,0.9323296527777778,0.5187911827754721
site_1b2f4be319c8a70d,152,0.07142488741163143,-0.06082295512447231,0.037444394396099576,0.060973029719586645,0.054852193238597975,0.037444394396101095,0.8996140341206885,0.7959909951102437,0.7754302103481624,-9.245089178919791,0.40465369962802844,0.5650919736842106,0.457331991668843
site_1ba2419bf83859ca,145,0.0778735459245235,0.030476254261279923,0.07166231283639042,0.07518436354245599,0.057208733456296575,0.07166231283639074,0.7609126520568505,0.44057921894220337,0.8793219274545362,4.419056867885589,0.2747779452325352,0.8196398355862069,0.4745616816326701
site_1c7e765219227837,159,0.0768566999469922,-0.035219802267146556,0.06831191590787869,0.10815436669192725,0.06320084631587272,0.06831191590787918,0.5843577864581043,0.8064721543227789,0.9392054199519765,-5.599948560476302,0.876503094288257,1.8598813584905662,0.6351011690317676
site_1ce5634596e14607,319,0.03609813698905525,-0.01852427313731382,0.030982685468093185,0.049508104260382296,0.043315630516610006,0.030982685468093463,0.8749199987298307,0.7851268551872409,0.41568108261171105,-5.909243130803109,0.5370954249931214,0.781885711598746,0.5985217872094208
site_1cedce47f64df34a,254,0.07971990504324365,0.051667486089655726,0.0607102474157289,0.07596983462422138,0.042006359158707415,0.060710247415728925,0.5529347189774527,0.6032521224118099,1.6142368680663615,13.123541466772554,0.4889774118480016,1.4659396062992127,0.4481916892816618
site_1d1f4a4194ae00c3,182,0.05265456583221557,-0.008903257162361356,0.05189639019122605,0.08642897312384384,0.0585113642297592,0.05189639019122621,0.6769878446423101,0.810775831506927,0.5045956011422004,-1.6203928035497668,0.7462283760194595,1.3595340659340662,0.623091513413013
site_1d6a4da433bfddd7,6,0.09310589736337808,0.04997259871164958,0.07855856097106372,0.08422522715249207,0.0498859590244771,0.07855856097106372,0.5922923654946897,,0.05201224874303936,0.2998355922698975,0.010233150884509086,0.04256333333333333,0.014931653446750848
site_1d92331b9f8c002c,75,0.08611409401625598,-0.0024454871069590272,0.08607936327047426,0.10982142218873127,0.05405628348636171,0.08607936327047576,0.4922198457188474,0.6378439642141612,0.5561727891180431,-0.18341153302192703,0.2839938665573597,0.9045558578666667,0.21915613382684263
site_1dab76a1b26190f6,1016,0.033329755389298235,-0.018204775186710237,0.027918788560963637,0.03612319055400619,0.025848253260485832,0.027918788560964126,0.7155584228320379,0.6391405218988337,1.128646555819422,-18.4960515896976,0.6063276355553778,1.3257630541338583,0.6788223117641079
site_1e0ab3dca10c0e53,65,0.06799864663923821,-0.012442633364750792,0.06685055586693632,0.06311185899307777,0.06673815504694464,0.06685055586693636,1.0574582354524624,0.4710494350641106,0.3005480364099189,-0.8087711687088015,0.12896296610969768,0.2589019384615385,0.2895087870395514
site_1e115354ece8fb9b,39,0.06739079696556165,0.03662091501553853,0.056572326265394615,0.04699525064481482,0.03485060229157339,0.056572326265395705,0.7415771128655232,0.06798394955785154,0.1771192611104886,1.4282156856060026,0.004342454301432157,0.08613358974358976,0.04736801472333141
site_1e3671cb73e4a59d,71,0.08084045914971814,-0.02821226957213711,0.0757578225738195,0.052473938478076076,0.03862281508503047,0.07575782257382342,0.736038044889032,-0.36858392634194365,0.46399776832314465,-2.003071139621735,-0.05303741239049067,0.19549950957746481,0.10591225100156443
site_1e4554eec29098a5,97,0.053952699036504986,0.04584827825795743,0.028439921133937656,0.03270554823780097,0.036806136699975504,0.02843992113393768,1.1253789856191767,0.6710261688159405,0.28235669213239756,4.447282991021871,0.078352500305079,0.10375632989690721,0.1314050947813965
site_1ead9d05e7924900,21,0.09549035262109251,-0.09290498801413037,0.022069677065940055,0.042266424171496904,0.03375650963996271,0.022069677065940783,0.7986601729778455,0.8546882519916319,0.1914865563177124,-1.9510047482967379,0.025608260049990245,0.03751546285714285,0.023929540804530802
site_1ebbce006aed7c73,31,0.06940737477373804,-0.044716317977828365,0.05308327966024586,0.054305153131242526,0.037014215078629675,0.05308327966024597,0.68159673519703,0.3734379172206946,0.14933889386244598,-1.3862058573126794,0.023269641522606535,0.0914205393548387,0.04247161565449875
site_1f03845600024bcb,415,0.08943472844300682,0.07744231382895665,0.044735429812306056,0.022812113734234734,0.05302229463719561,0.044735429812306056,2.324304325978512,0.5499966532364978,3.3194068204448643,32.13856023901701,0.2760782480835376,0.21596290120481929,1.1667159473663369
site_1f2f25947066509c,400,0.13853504441193523,-0.11142177814915775,0.08232342245252403,0.09433676294928717,0.032818391482251456,0.08232342245252407,0.3478854950735772,0.5166901811388405,7.676783412086746,-44.568711259663104,0.6398651557871141,3.5597699375,0.430818727792926
site_1f80e745021951bc,179,0.17729961198883876,-0.15952249088467169,0.07738040652091864,0.08837868265780333,0.03505301318699249,0.0773804065209187,0.396622942692137,0.4925496986444113,5.626892281639307,-28.55452586835623,0.27313412817838134,1.3981316871508382,0.219939758294257
site_1f87127a283de97d,2,0.02714807506199894,0.004010790038108822,0.026850168395042437,0.07280000000000002,0.045949831604959995,0.026850168395046572,0.6311790055626372,,0.0014740359591438575,0.008021580076217644,0.006690295481681825,0.010599680000000004,0.004222774049048361
site_1fa5a52b4f99f39b,10,0.08097034570838903,-0.03439070316195488,0.07330400002839094,0.15297964864647848,0.08350871086225307,0.07330400002839095,0.5458811783208747,0.9785808408813629,0.06556196884136034,-0.34390703161954883,0.12501500634856522,0.234027729,0.06973704789875385
site_1fe95dec232c15f6,833,0.04082483668952982,-0.016900928602570676,0.03716215686821189,0.021987651489445755,0.04747561803805441,0.03716215686821474,2.1591945852354026,0.6496765310828165,1.388333853175408,-14.078473525941373,0.5649261153873151,0.4027195294117647,1.8775272786433326
site_203c950b486649d5,44,0.07148948567093599,0.06084219826310873,0.037536295395357425,0.03830572879441239,0.04712632629352667,0.03753629539535812,1.2302683639424956,0.6312972439573598,0.22487284870577837,2.677056723576784,0.050143412360523575,0.06456246977272727,0.09771918771665351
site_20551d8a0ce0f349,48,0.0833619438877712,-0.007892779867351055,0.08298745516470216,0.06525920270219664,0.04563748389726917,0.08298745516470354,0.6993264092656928,-0.09155902717451976,0.33356225705989984,-0.3788534336328506,-0.013088981781930971,0.2044206497916667,0.09997343695072813
site_20c84fb12b0c9692,116,0.06684384437997581,-0.012673072751945461,0.06563149212472867,0.07747374126510456,0.03019293213609871,0.06563149212472873,0.38971826638373663,0.5571020436469727,0.5182995456533532,-1.4700764392256735,0.1511654567280078,0.6962529479310344,0.10574712551310722
site_20e55f2eceb79ec1,659,0.040402534354645726,0.015930382606653956,0.037129337353148995,0.044946196275520954,0.02483905614948413,0.03712933735314909,0.5526397828465904,0.5636545142552084,1.0757283915214182,10.498122137784957,0.4146927448689304,1.3312858088012138,0.40658897015177153
site_2266e199c1b4f8b1,182,0.06328508458985292,-0.056332496776816614,0.02883837267313791,0.06535172949187187,0.059719774903127854,0.028838372673138008,0.9138208792248643,0.8975178387596098,0.728910351541161,-10.252514413380624,0.6375139974498077,0.7772944356593408,0.6490941756354072
site_228e3c936ac52751,419,0.06621213797212969,-0.015557532986194821,0.06435845229823195,0.08282325804289989,0.02751808736316603,0.06435845229823227,0.3322507229661566,0.7623336883450077,1.8369157830181013,-6.51860632121563,0.7279971693648217,2.8742109785202867,0.31728571036114506
site_237e685bbdd8644d,293,0.08798934414624429,-0.05948202164551504,0.06483836660688402,0.09238469387604381,0.055724712531057506,0.06483836660688495,0.6031812218355732,0.722222401082395,2.2684425322028607,-17.428232342135907,1.08939765462111,2.5007349771331056,0.9098363708940163
site_23d2f2404f4bbe4e,117,0.0780816445898803,-0.06011837904167991,0.04982493074015544,0.07626167795162501,0.04907807811176504,0.0498249307401557,0.6435483643947184,0.7670745792232373,0.7133189569576649,-7.033850347876549,0.33590568678501326,0.6804536923076921,0.28181295688390773
site_23e0c01fc0e0a37a,340,0.05438670016239872,-0.034336868703961375,0.04217692025458449,0.07566476276596505,0.056605260873206574,0.04019774941370957,0.7481059717095726,0.8537721768319884,1.005690472548585,-11.674535359346867,1.2432869802544464,1.9465531503061224,1.0894128898980822
site_24a155d00f2ce6ce,294,0.06015951650219346,0.025557474783083206,0.05446083830138637,0.07451103477539117,0.054633513573293956,0.05446083830138697,0.733227148676478,0.6842307048774334,1.0640352231786399,7.513897586226463,0.8188976334254352,1.6322569251700683,0.8775373167768088
site_24bc1a63008e8e56,630,0.044340268901530054,0.031695931942051364,0.03100689188849539,0.034156578567099354,0.04090928011552321,0.031006891888495425,1.1976984180414447,0.6722913561340295,1.238617451143796,19.968437123492357,0.5918263200347178,0.7350032714285714,1.0543485957293157
site_24bea14e8249e50f,135,0.06986265677142137,-0.053977626028325815,0.04435320393734403,0.06072831051673292,0.029679134565044656,0.04435320393734411,0.4887199118912907,0.7217111695112294,0.6589067595067927,-7.286979513823985,0.175606111838641,0.49787023925925916,0.11891488885155385
site_257ba699ad2936b5,31,0.08812333083257405,0.08550399073939172,0.021325782627264027,0.020917484185269484,0.031239763375765787,0.021325782627264808,1.4934761321710697,0.7335406764656549,0.2407373645478462,2.6506237129211434,0.014859461814117046,0.013563775483870968,0.03025360728898896
site_25bb1d03fe665fce,56,0.10172501958365028,-0.08056040636024306,0.0621128049307592,0.07371731159002765,0.023479367507741107,0.0621128049307592,0.3185054772252079,0.6145938650501157,0.5794868581204659,-4.511382756173611,0.05957062132723097,0.3043175535714286,0.030871719119559854
site_25c3911a44e2e266,323,0.04826117142259036,0.013023013907320361,0.046470870186068096,0.06399540981400864,0.043223440451676816,0.04646851626923805,0.6754146989182211,0.6876744915404296,0.7523124354670506,4.206433492064477,0.614403377312717,1.3228182301559208,0.6034498548469276
site_25db0a3f364cf3fa,37,0.0283091416856378,-0.011141204187998901,0.026024624343471924,0.02349014060461417,0.03109778512883839,0.02602462434347195,1.3238654315559886,0.5760354854929844,0.02965207761016808,-0.41222455495595933,0.015569190656514586,0.020416108108108108,0.035781672877017875
site_26066c2f9061bb32,267,0.1653661040445606,0.15906938716624114,0.045198212723877876,0.05816210348991648,0.05977795874364007,0.0451982127238779,1.0277819259752827,0.7065893195865375,7.3013682139560085,42.47152637338638,0.6559330527661055,0.9032156853932586,0.9540989618655413
site_26149aa81404cf67,120,0.07071786071563171,-0.06404968461602926,0.029977553682424968,0.050555396122306605,0.07014097526856157,0.029977553682425457,1.3874082817761408,0.927374771761351,0.6001218989034584,-7.685962153923511,0.39461704583553603,0.30670176925000003,0.590370769394996
site_261c25e44abd6c6d,260,0.13719714643613598,-0.12138174379600927,0.06394942738804232,0.09202318572884982,0.045420456288796145,0.06394942738804232,0.4935762213517518,0.7705937298634778,4.89399481745682,-31.55925338696241,0.8374281887283433,2.2017493450384613,0.5363846408654347
site_261e3bb708a6a167,65,0.09350885447575172,-0.01687832620914166,0.09197297412688749,0.10080146218531866,0.05102935036175821,0.09197297412688774,0.5062362118115231,0.4185498730009876,0.5683538812488753,-1.097091203594208,0.1399417957371244,0.6604607606153847,0.16925964889229972
site_2689516b5f07761f,394,0.045009805293661546,0.006360621806328669,0.0445581088334119,0.07761763262977116,0.0575266949997336,0.0445581088334119,0.7411549805200907,0.8228724675338327,0.7981977335938893,2.5060849916934957,1.4476333165569655,2.373651776649746,1.3038723312113958
site_26f018cca8362487,256,0.09759504636631455,-0.07014608485391363,0.0678551387509497,0.09751956935020786,0.05199301663307311,0.06785513875094984,0.533154698892877,0.75034666761958,2.43834702726223,-17.95739772260189,0.9739546022331341,2.434577,0.6920380873233964
site_270decc0b97d0896,280,0.09726847371487363,0.08121869710896697,0.05352269816389063,0.08253754216928766,0.05624426245346707,0.05352269816389085,0.681438542695007,0.7659177674368485,2.649123674069897,22.74123519051075,0.9955657190553845,1.907484842857143,0.8857567765016561
site_284ff462bff5925c,321,0.03639062742725271,0.011713938754388477,0.03445375746428178,0.05150318722251192,0.03221032844062074,0.03445375746428215,0.6254045657691196,0.7544065284033278,0.42509316242026657,3.7601743401587013,0.4017350549020129,0.851477632398754,0.33303918789910425
site_28bd97dda8311cf0,96,0.11702180531093843,-0.07331317355576904,0.09121009539197329,0.1201631630903951,0.060066977715789914,0.0912100953919733,0.49987846666955127,0.6738822637056151,1.3146338801501933,-7.038064661353827,0.4669414115704906,1.3861618333333334,0.34637201394328343
site_292d280e566004c1,45,0.1605442668067246,-0.12792343757179048,0.09700544172532281,0.1127679451871337,0.029991198523965798,0.09700544172532281,0.26595499700022607,0.6218167843036717,1.1598507722028948,-5.756554690730572,0.09463557884191473,0.5722474257777777,0.040476239500676775
site_29971fce7657be9c,156,0.047298196299863926,0.0040147329431313725,0.047127500385823536,0.06579308652922992,0.06943851871539251,0.047127500385823556,1.0554075265118172,0.7583806358917371,0.348990622222392,0.6262983391284941,0.5404960722575585,0.6752819166666667,0.752186429496515
site_29fa7d91f9cd3f03,186,0.06735209523174841,0.012349023966122698,0.06621031897816711,0.09904484624120609,0.061516639590020704,0.06621031897816743,0.621098844862739,0.755827515533817,0.8437526801718105,2.2969184576988217,0.8565646122007842,1.824637971451613,0.7038792320394215
site_2a096aef4be52591,150,0.07462842111983986,0.0619394061855475,0.04162825002593696,0.036816370754809,0.05781371188499712,0.04162825002593818,1.5703262081433005,0.696493235244666,0.8354101858260242,9.290910927832126,0.22237194279412428,0.20331677333333334,0.5013637922882186
site_2a66162bd2a4e4b1,187,0.07931149601371872,-0.03799454921388371,0.0696184431739743,0.0943881143546723,0.06183814832065834,0.0696184431739743,0.6551476183568583,0.6755725495557527,1.1762886057876802,-7.104980702996254,0.7373732658393162,1.66600471657754,0.7150798819050874
site_2b657e21e1c1d622,416,0.15987407074291213,-0.13929939770497957,0.0784563336827538,0.10738545052849152,0.05076826621142762,0.0784563336827538,0.47276671058857994,0.7294558431379694,10.632842894298424,-57.948549445271496,1.65436035323143,4.7971601538461535,1.0722054113115833
site_2c61711a8eb15185,175,0.06256760696507811,-0.04960310086693082,0.03813447030865353,0.057723266627973176,0.038273235005780684,0.03813447030865386,0.6630469348252921,0.7564940362105931,0.6850734522338859,-8.680542651712894,0.29247559270039203,0.5830957142857143,0.2563470906163503
site_2d0695836558269a,137,0.03441532817394952,0.01854397996890284,0.028991992346742473,0.037942959508294405,0.018256292057971496,0.028991992346742535,0.48115097753459735,0.6730386776050559,0.1622648294249282,2.5405252557396887,0.06387109576685042,0.1972345401459854,0.04566103135971558
site_2e03a5b4a3fc6fe0,33,0.028993056196497804,0.004769625548882919,0.028598041536733298,0.03025205045073522,0.025655735222157843,0.02859804153673487,0.8480659935410867,0.4867399522048712,0.02773971115123823,0.1573976431131363,0.012466662887687031,0.030201156363636357,0.02172115274305253
site_2e6f197ad6e426eb,271,0.06780639970372418,0.055024599249017626,0.03962324214733336,0.020637397606801333,0.04943203904381108,0.03962324214733381,2.3952651388332065,0.6368813765781098,1.245978824851707,14.911666396483778,0.1760724053482879,0.11541949077490775,0.6621956771718218
site_2eadbc791936fa20,822,0.06205175047648603,-0.030198936918464894,0.05420741597042477,0.07744559044861371,0.062381607901800556,0.05420741597042513,0.805489473841531,0.7193728944608804,3.165045023975181,-24.823526146978143,2.856795461182811,4.9302076125060825,3.198784233628296
site_2eb90940ae2529bc,146,0.0726857071141242,0.06302838237481574,0.036202693738094406,0.05015914810742728,0.04462571544324786,0.03620269373809483,0.8896824831967179,0.7140763283658332,0.7713489547273157,9.202143826723098,0.23336344961668942,0.36732726027397256,0.2907523539079726
site_2ecbb3b2737ff9d4,59,0.07763421998201486,0.07372201777676407,0.02433384899966225,0.035437799735600774,0.033055811529955216,0.024333848999662257,0.932783970127451,0.749679994608384,0.3555972546207367,4.34959904882908,0.051813449506550015,0.07409442135593222,0.0644685138783313
site_301436b06877aab0,44,0.07286807535546377,-0.032342947978865014,0.06529693807557885,0.07381237381987941,0.057383669920905836,0.06529693807557924,0.7774261543320133,0.5285479818311585,0.23362928186442006,-1.4230897110700607,0.09850416357036341,0.23972372727272728,0.14488696523802483
site_3058377fafc959d8,52,0.0493443420794675,-0.043713520100025036,0.022890877128677593,0.044146887811060555,0.046332951231557805,0.02289087712867761,1.0495179508429484,0.8730812386130147,0.12661293295328638,-2.2731030452013017,0.09286414325520968,0.10134528057692309,0.11163060323094753
site_313b58fce7205197,400,0.11232148217643849,-0.07207115943104028,0.08615023700824949,0.10657849208446872,0.04953440095292224,0.07040368255144241,0.46476920421865026,0.8387428621032217,5.046446143324795,-28.828463772416114,1.7711906671919497,4.543589989999664,0.9814627511059455
site_31563788a284dc59,162,0.08590052136022498,0.06405026340300654,0.05724039943924177,0.039447574210730765,0.05387635670556166,0.05724039943924209,1.365771097045199,0.278152326603491,1.1953817303332719,10.37614267128706,0.09576707719597552,0.25209,0.4702312135221168
site_319d460a95d287a7,55,0.25719468286007885,0.2370766239079562,0.0997185002289045,0.06179279157724702,0.0746680093019673,0.09971850022890455,1.2083611598712938,-0.05961477816889477,3.6382007690323097,13.03921431493759,-0.015128261056542405,0.21000919999999995,0.30664213872152724
site_323cc8255b0caa4e,56,0.08096185009629066,0.04849477648522173,0.06483114856812754,0.1129061094043025,0.1167325675897033,0.06483114856812801,1.0338906212036651,0.8411042022054334,0.36706998557679743,2.715707483172417,0.620793713462672,0.7138762142857142,0.7630835708207402
site_32983262837b2abc,52,0.11730858413245712,-0.11207384375883983,0.03465194736635918,0.06613636844255384,0.06680839422357389,0.03465194736636088,1.010161213819954,0.8641716124299746,0.7155878033804121,-5.827839875459671,0.1985522061437368,0.227449,0.232094800014088
site_32a7eff6ca5c3a9e,91,0.18931760239609344,0.17289872504328635,0.0771179969618726,0.06137889241232721,0.0701809123871092,0.07711799696187296,1.143404672662588,0.31868400533014585,3.2615450665074843,15.733783978939057,0.1249222266037058,0.34283052747252757,0.4482078021773259
site_32aa1fd33af84607,47,0.09081088944536443,-0.06860696410168993,0.05949539577654418,0.06902556982214028,0.035534942004633065,0.05949539577654447,0.514808383272992,0.5070815752572588,0.3875910291673355,-3.2245273127794265,0.058457642937499166,0.22393287659574465,0.05934840885381387
site_32d33ae0920bdcec,147,0.07442953641795227,0.06665272535231649,0.033123557998801255,0.04051448711343963,0.05474975923759008,0.033123557998801255,1.3513625159388547,0.7983626606729711,0.8143441160345186,9.797950626790524,0.2603215435482308,0.24128927891156465,0.4406378120763898
site_32e9d9454ab82a2b,29,0.11730224799162875,-0.1062930784554317,0.04961450248019232,0.06701844564800732,0.040849431852465506,0.049614502480192356,0.6095252054488687,0.6754932953234446,0.3990347041327975,-3.0824992752075193,0.05362896460911324,0.13025268965517242,0.04839160639740747
site_33d9c76285abfbd1,64,0.08852672214455541,-0.0535364017887041,0.0705041432624903,0.039686363664834544,0.0603171102768767,0.07050414326249062,1.5198447201229153,0.050616258563503824,0.5015667541541963,-3.4263297144770624,0.007754465149203317,0.10080047749999999,0.2328418426977859
site_33e57061030aaa1a,19,0.05433762976471619,-0.04444546632641241,0.031259854949681275,0.02755576868482595,0.013487679506805093,0.03125985494968152,0.48946845435788233,-0.04835107176214321,0.056098982160500056,-0.8444638602018357,-0.00034143612925943603,0.014427087368421054,0.0034564324710875116
site_345540dea6a21328,13,0.09128591317901028,-0.06934567477152899,0.059365775792177874,0.06610525943859373,0.01068896826485012,0.05936577579217827,0.16169618507857575,0.6792160206285841,0.10833053328403541,-0.9014937720298768,0.006239116211923268,0.05680876923076922,0.0014853025533706488
site_3527ca4be8ad318d,825,0.06877073340615132,-0.06133309434439196,0.031107319257079224,0.05370875985208079,0.0652889771702657,0.031107319257079248,1.215611333236477,0.8811432361328626,3.9017663629064483,-50.599802834123366,2.5490916467882694,2.3798204800000002,3.5166866954500673
site_360469521723c0bf,302,0.0722600104349527,-0.02938347085738024,0.06601606432098901,0.07636390903574251,0.04138439735820955,0.06601606432098972,0.5419366017373387,0.5040692422927328,1.5768957506339607,-8.873808198928833,0.4810851241227313,1.7610968741721855,0.5172258401000588
site_3611ac9a5b4c6a7c,47,0.04770835800907568,0.011336912104424009,0.04634179374882568,0.058791326737815466,0.04050447990640655,0.04634179374882578,0.6889533227756444,0.6192953726459671,0.10697610892434035,0.5328348689079284,0.06931257188922547,0.16245174468085105,0.07710880594695912
site_365133aa4290174f,670,0.0693660461937082,-0.022471303473924523,0.0656253676921543,0.10243208140498707,0.055377467506366386,0.06562536769215462,0.5406262056456684,0.8155506133429892,3.2238044042469323,-15.05577332752943,3.099522618421434,7.029861971641791,2.0546648179705054
site_3669ed0d65622c4a,171,0.09628439940825854,-0.07409311656882189,0.06148898801027728,0.07838154474022148,0.039757834809599824,0.06148898801027728,0.5072346423047477,0.6327184488177523,1.5852872323689486,-12.669922933268545,0.33716551690607477,1.0505669810526315,0.27029720831581006
site_367fad9034e246b1,37,0.041299145005707985,0.007733509820860785,0.0405686110688195,0.045173374479553524,0.021377384339970572,0.04056861106882002,0.473229741772921,0.44103975622125535,0.0631079169934923,0.28613986337184905,0.015758561202158797,0.07550344918918918,0.016908724765096306
site_36915ea55aeee9ea,33,0.14974212523927452,-0.1370891665816307,0.06024337703954251,0.08376423031934177,0.03431681201498465,0.06024337703954337,0.4096833682367239,0.7940148710258323,0.7399492343487608,-4.523942497193813,0.07531961894712665,0.23154272727272723,0.03886223836676922
site_3697f876563488cb,53,0.040096354103549614,0.009873998454606759,0.038861571853383174,0.039688321573839856,0.028524959261176347,0.0388615718533832,0.718724252626956,0.38804362862034103,0.08520903345705372,0.5233219180941582,0.02328328168704262,0.08348363207547167,0.04312468494514382
site_36bf0be122b5ada0,62,0.06737044570806039,-0.02246320918683083,0.06351520438392205,0.08161925258993903,0.024525293739861842,0.0635152043839222,0.3004841745253252,0.8065526635846112,0.2814041712039682,-1.3927189695835114,0.10009934839149635,0.41302554838709676,0.0372923820476434
site_36f59764e16c0acf,11,0.0687285673250775,0.06256100965629924,0.0284558612124487,0.075215719519326,0.09587449128347732,0.028455861212449862,1.2746602956958117,0.973447725029606,0.05195977563213481,0.6881711062192917,0.07721772577383303,0.062231449090909094,0.10111109886752123
site_37100d9c494e6343,36,0.0360746037380553,0.0007441262412402369,0.03606692821678625,0.015852011400200882,0.029644136735179464,0.03606692821678625,1.870055224335998,-0.18169315614229745,0.04684957325487769,0.02678854468464853,-0.0030737196501965324,0.009046305555555556,0.03163589433986459
site_3744ab32b5fabc06,14,0.2619962458989878,-0.24244766667485235,0.09930338256616716,0.08633790521868724,0.05757551053562103,0.0993033825661672,0.6668624909277878,0.09133180677413053,0.9609884601122803,-3.394267333447933,0.006356080513341087,0.1043592742857143,0.046409151788123715
site_3754c55a59175277,6,0.14646608018694698,0.009634709179401402,0.14614884544312193,0.12887841815706252,0.04135178154558725,0.1461488454431221,0.3208588539253512,,0.12871387587197508,0.05780825507640841,-0.009119605562090873,0.09965787999999998,0.010259819021963823
site_37c98a51b9f80f45,156,0.08089626605934011,0.042042756005739555,0.06911304167655619,0.10616510744027001,0.07538814504273728,0.06911304167655637,0.7101028469749509,0.7607704250570065,1.0208961145255926,6.558669936895371,0.9498676138382691,1.7582806858974358,0.8866060964256278
site_383a8c8b2965611f,677,0.0833171811261801,0.07915989012556204,0.025989699231073225,0.029614607542098832,0.02065863126402267,0.02598969923107429,0.6975824763051566,0.5135194314921621,4.699566558140198,53.591245615005505,0.21269294087507346,0.5937459113737076,0.2889294139408327
site_386cdfdcf9b17142,388,0.08767934011162791,0.04402980852849091,0.07582244155495754,0.056645076186551756,0.07159991534900902,0.07582244155495754,1.2640095162588505,0.3188250095824091,2.982814672775283,17.083565709054472,0.5017169588172482,1.2449618865979382,1.9891005766582799
site_389215a205727fd3,94,0.1413394311312708,-0.12498213390213375,0.06600228024682436,0.04363320016491984,0.06674107581053375,0.06600228024682459,1.5295938770998545,0.3437223980341796,1.8778224704960562,-11.748320586800572,0.09409053888235316,0.1789624787234043,0.41871089283265683
site_38bba0231f056806,585,0.04576346475065585,0.0015006183667060655,0.045738854932125546,0.0522732394217771,0.020150948629491624,0.04573885493212562,0.3854926316484743,0.4967504212169746,1.2251624030009443,0.8778617445230483,0.3061040111452469,1.5985075623931624,0.2375455274410201
site_38d8c6108ca3a5d7,59,0.06802625648308394,-0.038685617993645754,0.05595529046973157,0.06676530857553956,0.019019614379719257,0.05595529046973177,0.28487270987746727,0.6647860244568623,0.27302672269503686,-2.2824514616250995,0.04980655004925143,0.2629987793220339,0.021342998138040192
site_38eb3791b353069b,415,0.05952708721838418,0.026958231797060337,0.053072854182539334,0.07905803546385205,0.07280105796603994,0.05307285418254025,0.9208558945197545,0.758702638996852,1.4705417567726238,11.18766619578004,1.8121886259691724,2.5938217831325305,2.199497527004504
site_38fe9bf25990ebba,147,0.08913201078928878,-0.048451143914826064,0.07481311382830357,0.09193691571855366,0.062007749155137314,0.074813113828304,0.6744597496065841,0.5876678717606445,1.1678437560592583,-7.122318155479431,0.4924761238433471,1.2425022813605442,0.5652092604271055
site_395c4ccb7a4b9df2,171,0.041456820192489065,-0.014468334584835678,0.03885016389686943,0.04738580500444651,0.03343762780015857,0.038850163896869704,0.7056465073669403,0.5851027500219528,0.2938922178207751,-2.4740852140069007,0.15853018700766067,0.38396588222222217,0.19119081694623122
site_3987775e61ab1836,60,0.06484856248072952,-0.05327651150226593,0.036972278506551465,0.05935917929576407,0.0320974460524577,0.03697227850655158,0.5407326454519934,0.8363106957416916,0.25232016334902485,-3.1965906901359555,0.09560426495373248,0.21141072999999996,0.06181476258542595
site_39ac65528c2f5495,202,0.10247173858517943,-0.020696152479872842,0.10035998446193187,0.10876887988504753,0.04015844263347857,0.10035998446193248,0.3692089380337469,0.3859033758409721,2.121092356151209,-4.180622800934314,0.3404955697644908,2.3897951847524754,0.32576550397877063
site_39e3332a33e328c0,156,0.18829486485468652,0.17395990874675601,0.07206182262103125,0.06342926238283068,0.07338172845923349,0.0720618226210319,1.156906539702987,0.45280898336784703,5.530973156380567,27.13774576449394,0.32878896325310836,0.627630326923077,0.8400409791796899
site_3a1e52ef4ac63381,15,0.09244474794248013,-0.0889189973227183,0.02528721687475908,0.04083129301024997,0.0245251469780784,0.02528721687475932,0.6006458568902484,0.8134834343933706,0.12819047133223027,-1.3337849598407745,0.01221925489435593,0.02500791733333332,0.009022242514445222
site_3a558feb29bc33aa,50,0.04179781572409001,-0.005033480368256568,0.04149363173653714,0.03371153511781984,0.037912952069789826,0.041493631736537175,1.124628467297211,0.3333602677174476,0.0873528699652493,-0.25167401841282844,0.021303451498970387,0.05682338000000001,0.07186959673230904
site_3aab5eecf1e576ed,227,0.030435741038967967,0.017441775654643648,0.024942309327810833,0.04385816136397615,0.028945768019473874,0.024942309327810837,0.6599858981605441,0.8425613436411934,0.210277893498184,3.959283073604108,0.24280794061928795,0.43664319823788544,0.1901936493758436
site_3b418123c1eb9bb6,39,0.06274312591164459,-0.008259556695436824,0.06219710260421583,0.06864754334352098,0.03577327020927835,0.06219710260421583,0.5211150824475159,0.43240048645602863,0.15353129411741495,-0.32212271112203616,0.04141278367604201,0.18378692307692304,0.049909347597175635
site_3ba67f452cc05c7e,156,0.06602990952106129,0.006873183322869817,0.06567121365080567,0.10190028489719828,0.07435771342110999,0.06567121365080597,0.7297105547459998,0.7654691037959754,0.6801520364120882,1.0722165983676915,0.9048022857881508,1.6198522176923076,0.8625348490536836
site_3bce6f9707106717,37,0.04616911343239972,0.0097164846674816,0.045135096774465734,0.08380881927612827,0.06620864656865429,0.04513509677446597,0.7899961739171388,0.8443456640637995,0.0788687202999503,0.35950993269681925,0.173351032999319,0.25988497297297297,0.16219264057676014
site_3c025b5f7926190d,54,0.051699314288906666,-0.024485609850397813,0.04553321873311012,0.026652600456824306,0.04662996828882239,0.045533218733110406,1.7495466667262087,0.3264542052303088,0.14433223128893005,-1.322222931921482,0.02190890822932124,0.038359500000000005,0.11741511290129542
site_3c21ace69367fd43,31,0.09636583154462887,-0.05615818448605076,0.07831112184433622,0.09189302924673624,0.027660321318502986,0.0783111218443364,0.30100565347817604,0.6052407021209223,0.2878775781679214,-1.7409037190675736,0.04769025112352062,0.2617741935483872,0.023717894638727754
site_3c2ff06ad9a9ceca,167,0.1216037575222517,-0.04485509794657817,0.11302873100116388,0.09585643659446089,0.08161689563408221,0.11302873100116394,0.8514492978638273,0.19647716360536294,2.469508131869608,-7.490801357078554,0.25670238482622415,1.5344722249101794,1.1124400480417593
site_3c6c836e47ad4756,59,0.08175177787341403,-0.06331623743196665,0.05171467164086854,0.08421123629480415,0.04089679276529481,0.05171467164086854,0.485645319611798,0.8841066610114364,0.3943178379423776,-3.7356580084860327,0.1796453450589867,0.41840040677966106,0.09868031185076072
site_3cacfdfbb247178d,10,0.1193225402428965,-0.07848614019870759,0.08987655092807283,0.1508304548159953,0.06274232914599735,0.0898765509280729,0.4159791815422123,0.98318391354341,0.14237868610017654,-0.7848614019870759,0.09304315779969097,0.227498261,0.039365998666646695
site_3d3d4af3226bd56f,68,0.042349424091326866,0.006937917898682986,0.04177725476976905,0.07524260071221434,0.05144933744770652,0.041777254769769276,0.6837793611691921,0.8476925583467337,0.12195621301895983,0.47177841711044305,0.22314690516801441,0.3849785294117647,0.17999833401894239
site_3d8d46208058ae66,97,0.12795520315968953,-0.0732939153338216,0.10488344002117786,0.11531296545543188,0.029651912376921163,0.10488344002117804,0.2571429176225768,0.46439715840025286,1.58813579951683,-7.109509787380695,0.15402532607432187,1.2898167602061856,0.08528588303803522
site_3e3dd959fc43e496,515,0.059588248165132154,-0.030626302358479175,0.05111544701199813,0.11206714309807403,0.08280922786726636,0.0511154470119991,0.7389251262950194,0.9053487784123445,1.8286410494855285,-15.772545714616776,4.326933143666893,6.467907949514563,3.531544633286014
site_3e869a526b77cd87,53,0.08714320720596921,-0.07169992920182786,0.04952836272879769,0.07062519637074682,0.027708718883487155,0.04952836272879769,0.39233475172274623,0.8438284672520348,0.40247874379355164,-3.8000962476968767,0.08751976787434576,0.2643596732075472,0.04069197441469824
site_3e8e42936f50143d,855,0.0563618584452201,0.011619371659992732,0.05515114948598973,0.06481996959788737,0.03649397837483422,0.05515114948598993,0.563005175738676,0.5266854786415986,2.7160435197261688,9.934562769293786,1.065240065400529,3.592392332163742,1.138697941267552
site_3ed9981ace9fa417,10,0.03832163999153341,0.034868072930574416,0.015898603138289738,0.08781675751244748,0.08509638905091396,0.01589860313829059,0.969022216959583,0.9835829771849516,0.014685480916406927,0.3486807293057442,0.07350206373877824,0.077117829,0.0724139542950451
site_3f0cc8bf9a017f1f,60,0.0444848039112788,-0.039083227063218755,0.021246155919361284,0.03820063990156303,0.03071840769112148,0.02124615591936137,0.8041333278782222,0.8315177386952937,0.11873386674149553,-2.3449936237931253,0.0585453095585108,0.08755733333333335,0.056617234264677074
site_3f80251a944e7c4c,134,0.056520145908104155,0.011217468971458833,0.055395805647609646,0.0655213452514508,0.04878361018624536,0.0553958056476097,0.7445453080828676,0.5637949521604357,0.42806660372543326,1.5031408421754837,0.24148086554204573,0.575268255597015,0.31889864345567465
site_3f885209ae19b689,226,0.060323363730347676,-0.033326087634647845,0.05028200567510804,0.06895107869377168,0.028951499328056303,0.050282005675108085,0.41988464686153604,0.7674840976209869,0.8223932558541045,-7.531695805430413,0.34625013329820553,1.0744607831858408,0.18943078481539244
site_3f8f25f0fa2a3f3b,64,0.0771634549424716,-0.006848618111200629,0.07685893057170246,0.09807921611777565,0.04555202776505185,0.07685893057170246,0.4644411891542035,0.6476727806316382,0.38106872183416596,-0.4383115591168403,0.18519118909310783,0.6156500885937499,0.13279918294451548
site_3fd206a570dca7d5,52,0.07372197121548371,-0.01997399298961346,0.07096455906963337,0.07763247886772603,0.039656336110560554,0.07096455906963395,0.510821458865547,0.4163323819549182,0.2826163100746236,-1.0386476354599,0.06664991124776695,0.3133936923076923,0.08177649967311496
site_3fe88af73a278f09,684,0.060455281337876685,-0.0014794580193116657,0.06043717602280004,0.0664606367230065,0.021781422360697446,0.06043717602280004,0.32773418123388853,0.427876550032839,2.499911272483006,-1.0119492852091794,0.4236676670404924,3.02123910380117,0.324510366277682
site_402a00535323377d,283,0.051288002661198304,0.013699776593029709,0.049424440697656453,0.08187684503417353,0.04848249563279616,0.04942444069765652,0.5921392746943374,0.8327797705116705,0.7444199584039488,3.8770367758274076,0.9355406638120066,1.8971804240282686,0.6652063243279001
site_40392ec0ab51085a,129,0.05471599047923741,0.008563790055670482,0.05404166091087874,0.06886505128688039,0.04218343991532519,0.054041660910878954,0.6125522180996565,0.6198589455911437,0.3862053102219959,1.1047289171814922,0.23228622216991213,0.611768992248062,0.2295480957985907
site_4053c6fd726ad6c4,11,0.03375283621663177,-0.019814523900638932,0.027324688383543873,0.07855025132659395,0.09725045305362014,0.027324688383544175,1.2380667332211965,0.974018943518803,0.012531793479334459,-0.21795976290702826,0.08184634704041212,0.06787156181818182,0.10403415681047812
site_40c02fde736492a1,19,0.06935436323249292,-0.0555594449623635,0.04151115241544935,0.05349600653022093,0.038011192841437946,0.04151115241544955,0.7105426237744435,0.6352508068930046,0.09139052628830674,-1.0556294542849065,0.024543228349991536,0.05437463157894736,0.027452164843350682
site_413c6e860ea2e615,245,0.08417252949082521,0.06289692662652657,0.05593738769214354,0.07791478369582597,0.06243837756624797,0.05593738769214368,0.8013675275029083,0.7030269460502593,1.7358286066165407,15.409747023499012,0.8379334632823083,1.4873248120000002,0.9551449933108076
site_4148b96858a0e60a,171,0.04950706105604347,0.019027438457946334,0.04570454769643696,0.05715134159019644,0.0357324727614379,0.045704547696436996,0.6252254412093685,0.6008787923752381,0.4191122951435656,3.253691976308823,0.2098323707685136,0.5585331695906433,0.21833444324962015
site_420eb683366b57f6,91,0.09734728194111564,0.08434168479206797,0.04861042591624256,0.054566464924093096,0.04548158525351879,0.04861042591624274,0.8335080038039444,0.5405619602020635,0.8623608904203983,7.675093316078185,0.12208105835957186,0.27095241758241767,0.18824028834275186
site_426aa82109fc7c47,28,0.09196313940322916,-0.07336671645939351,0.05544857008854891,0.07781547869472882,0.03546709865493277,0.05544857008854891,0.4557846234432442,0.7678967320255314,0.23680213224913726,-2.054268060863018,0.059340678412733334,0.16954696428571428,0.03522162243596455
site_42ce68186715eeba,627,0.0691533115884188,0.06336528258118333,0.027695152410696745,0.030375187740154182,0.033507510131455844,0.027695152410697737,1.1031210874512858,0.6280151691640639,2.9984271757853755,39.73003217840195,0.40077332080073624,0.5785028229665072,0.7039662784764291
site_42d0b232cf256027,295,0.05237225662616757,0.0324410386222904,0.04111486686375399,0.053491558290896656,0.042286849904940305,0.0411148668637543,0.790533146837429,0.6540906159064002,0.8091417129145602,9.570106393575667,0.43646610039194766,0.8440973084745764,0.5275124140904701
site_43b644a004cb99cb,16,0.10173053924974974,-0.048835951451212174,0.08924210027727787,0.11528887359585052,0.03775144064850545,0.08924210027727791,0.32745085862183493,0.7757404700970127,0.16558564185671795,-0.7813752232193948,0.05402034547310322,0.21266438999999998,0.022802740336602068
site_444e34f5ad449f77,182,0.10071787772939154,0.09461741511540098,0.034520076060063284,0.04084400151610815,0.04238632367270923,0.0345200760600647,1.037761289279965,0.6565277555730737,1.846224542764905,17.220369551002978,0.20686094912600056,0.30361830769230774,0.32698127907675617
site_44541aad5ac7b92b,159,0.06825500115565683,-0.05366590881722528,0.04217481966268472,0.05785655638087453,0.05009648169347431,0.042174819662684764,0.8658738927302378,0.7035449257881986,0.7407404840586358,-8.532879501938819,0.324226692868666,0.5322335974842768,0.3990355390122725
site_44bc4221af0e2690,281,0.041801606107401655,-0.010546683117694277,0.04044924904585129,0.06476098679389557,0.051536544687076885,0.04044924904585147,0.795796161214992,0.7810890323588057,0.4910121707574989,-2.963617956072092,0.7325472036102568,1.1785099003558719,0.7463403381575435
site_4522c9f47db04b3c,148,0.04867174603325389,0.00243160596167719,0.04861096742889099,0.04319437506919969,0.06035560483581027,0.04861096742889108,1.3973024204914963,0.6032795570624558,0.35060295156498367,0.35987768232822415,0.23276899195734313,0.27613159756756755,0.5391342571942797
site_454d64b6e8b743da,118,0.03290170076850958,-0.019784368307711714,0.026288793888753364,0.047926434974321724,0.05797778164612447,0.026288793888753374,1.2097244803872458,0.8938212422131547,0.1277375857883442,-2.334555460309982,0.293068673339865,0.2710392939830509,0.39664793342347116
site_454f86a28db067ff,49,0.04485066730134328,0.0020963815730445233,0.04480164664022945,0.06402550512196252,0.03614777550019156,0.04480164664022981,0.5645839955707257,0.7342657746049414,0.0985675355114134,0.10272269707918165,0.08326911623243774,0.200864,0.0640264220070002
site_457c8dbf463cd4ea,137,0.05573380247765448,0.041339746950751675,0.03738023623074127,0.07485257715168976,0.055737577829201794,0.037380236230741506,0.744631380109316,0.8763334377200528,0.42555717319069397,5.66354533225298,0.5008928122077219,0.7675984379562044,0.42561482877048684
site_460afd4b6202d4b4,50,0.13879115911167927,-0.10995138635349272,0.0846975707237725,0.08084658320547627,0.028982947343280777,0.08469757072377603,0.35849316315098856,0.04321124172382306,0.9631492923781735,-5.497569317674636,0.0050625691548585785,0.3268085007999999,0.042000561835169314
site_465014c5dd5de0e8,2,0.06588216248238744,0.00074372940063476,0.06587796444892884,0.1062,0.04032203555107117,0.06587796444892884,0.3796801840967153,,0.0086809186667114,0.00148745880126952,0.008564400351047517,0.02255688,0.003251733101963694
site_466206aef45119ae,1,0.0555459503531456,0.0555459503531456,0.0,0.0,0.0,0.0,,,0.0030853526006341158,0.0555459503531456,0.0,0.0,0.0
site_4680c02330a5a24c,432,0.06367893081215158,0.010574869733579729,0.0627947319406382,0.08912249576590195,0.04633403053451387,0.06279473194063848,0.5198915283546307,0.7442336257849386,1.7517626910916362,4.568343724906443,1.3276403879658836,3.431297916666667,0.9274359105676498
site_4689968a649fae30,327,0.10342476703068164,-0.08850421605015385,0.053513420528858574,0.06762547780490988,0.024790172326393366,0.053513420528858616,0.36658036484281226,0.6931538459623534,3.497815156359702,-28.940878648400307,0.37998572550324405,1.495438116207951,0.20095871457893538
site_46c69a3772747cb8,125,0.049378980201830715,0.012994173475933077,0.04763858878525,0.0555343636981644,0.05873626243396392,0.04763858878525,1.057656170388522,0.653699351164721,0.3047854607215987,1.6242716844916347,0.26653618341383334,0.38550819391999996,0.4312435655889351
site_473ba30122663331,178,0.13348947116856807,-0.04608558401532387,0.12528191353435852,0.13794064349000282,0.03754355300072046,0.12528191353435858,0.2721717983245555,0.457789280169439,3.171860126489786,-8.203233954727649,0.4220007659175883,3.3869165605056177,0.25089427020138727
site_47749587de8e2aac,260,0.11163300393107185,-0.08152016026689457,0.0762652675648262,0.06501185550949402,0.039124711067145095,0.053828678458801564,0.6018088664063972,0.5621543102226043,3.240101167335423,-21.195241669392587,0.37176850727300287,1.0989007527647057,0.3979931841827723
site_479c9178cadeeacf,620,0.07109457653958513,0.0628672494478764,0.03319861081734313,0.01884253296101925,0.04068434495327135,0.03319861081734314,2.1591760002457026,0.5922996475543513,3.1337520642726155,38.97769465768337,0.2815138558633625,0.22012545000000003,1.0262338730516012
site_47cb8752f353f72a,342,0.0768858147575089,-0.06261050377376597,0.044624582105843996,0.0783111843808055,0.05251629247734797,0.04462458210584402,0.670610371846451,0.8387914375317291,2.0217085507366828,-21.41279229062796,1.1797716211634117,2.0973634269005847,0.9432226536436934
site_4820638a678db67d,55,0.07276688814433745,0.05392745743989946,0.04885539217198396,0.024085275499104594,0.050970808423827604,0.04885539217198485,2.1162642887652465,0.32227306838564534,0.29122610056157844,2.9660101591944703,0.02176004773161628,0.03190552727272725,0.14289128212581942
site_48ab6dd953268db1,549,0.13629704273767124,-0.1254200005676794,0.053354543542587646,0.08093169791951896,0.05482238834467854,0.053354543542588076,0.6773908092129199,0.7560203734361123,10.198709238609986,-68.855580311656,1.8415454723734426,3.595916910746812,1.6500163508342953
site_48bc99c681181b96,271,0.05478167467989558,0.017824423488215765,0.051800789646941243,0.08908441765563256,0.05842314047204527,0.05180078964694139,0.6558177289533119,0.8325317263213539,0.8132796396788904,4.830418765306472,1.17423961298954,2.1506650701107013,0.9249943658490265
site_48c050cdab5aaa88,41,0.09186830175162779,-0.056703153011275494,0.0722809608770388,0.07604714558858423,0.029981610496597432,0.07228096087703885,0.39425030702399044,0.31963110780197557,0.34603117953585355,-2.3248292734622953,0.029879324304076235,0.23710990243902438,0.036854775686756935
site_48c0bfa2a3485fb7,53,0.06953212028940266,0.06602928716011768,0.02179103001389974,0.02073045202482173,0.02256389805450129,0.021791030013900696,1.0884421636095667,0.49601541372039687,0.25623993485281793,3.4995522194862367,0.012296851908767,0.02277683698113208,0.026983863256938134
site_48d263b97f32a2d9,49,0.11641492054263518,-0.08200727456370178,0.08262711808832311,0.09558676693190744,0.035595608902257346,0.08262711808832315,0.3723905520061618,0.5255942906893228,0.664069252522455,-4.018356453621387,0.08762760017987112,0.44770467061224495,0.06208532128300065
site_48ec25901538e693,155,0.05171311324210988,-0.02886266201003905,0.04290912283985223,0.06592912790525561,0.0506195814465225,0.042909122839852265,0.7677878208743499,0.7592652338242347,0.41450814258464835,-4.473712611556053,0.39275443096944396,0.6737307354838709,0.3971630140022744
site_4915d0b8a484d43a,129,0.04150960503645866,-0.02509633831612823,0.0330638944077256,0.028915219834970668,0.037637330970659334,0.033063894407725655,1.3016442961688972,0.5326869204003043,0.22227310302648048,-3.237427642780542,0.07478371922048893,0.10785560201550387,0.18273736005474883
site_496ac9a9ab00ede4,112,0.07919149034992222,0.05039411464865721,0.06108784946795738,0.04330095997280345,0.06154521085204371,0.06108784946795738,1.421335944761944,0.3623048558819782,0.7023847201102844,5.644140840649607,0.10813940260306532,0.20999699107142855,0.4242350536281221
site_496ee2f5b79c4b73,149,0.07984552661527643,0.06939542997843468,0.03949154869815802,0.03571618627308364,0.05553213000362331,0.039491548698158026,1.5548168995152014,0.7058300884283377,0.9499209099501515,10.339919066786766,0.20859113495101866,0.19007124832214767,0.45948880194815866
site_49a35425669a6415,148,0.045602917099738585,-0.014881931058055648,0.04310631248423957,0.05371007784067009,0.04868238392663193,0.04310631248424019,0.9063919823584558,0.6495100403788608,0.3077846551048332,-2.202525796592236,0.25134786649269836,0.4269463243243244,0.3507562267074386
site_49b410d6df2872b8,187,0.12009224016316808,0.10903145293245978,0.05034171648687443,0.03234914902423262,0.035795732565240865,0.050341716486874535,1.1065432521401546,-0.08915948788273052,2.6969413295653037,20.38888169836998,-0.01930648834565106,0.1956894117647059,0.2396095458679799
site_49b534f23930be14,386,0.08765994407899352,-0.050682002699436915,0.0715234255213391,0.09067607402182087,0.05674849210576534,0.07152342552133922,0.6258375510623565,0.6147758218074202,2.966126597229857,-19.563253041982648,1.221099682090582,3.1737500544041453,1.2430710635233508
site_49f7a3a08cf1a503,75,0.18438733101741372,0.14153812569141389,0.1181763377985916,0.11224634495410332,0.03790836757922748,0.11817633779859159,0.33772473923073326,0.008300612903909326,2.549901587979398,10.615359426856042,0.0026489802221457163,0.9449431466666667,0.10777832493913686
site_4a00a5537486f4ab,125,0.22633769479116408,-0.22283368397712708,0.039672425796263275,0.03517553695396845,0.019660034828854332,0.03967242579626374,0.558912145522666,0.036102838669978266,6.403594010422268,-27.854210497140883,0.0031208750569820458,0.15466480000000002,0.048314621183970674
site_4a15ec3df99b7e73,6,0.10756091203513017,0.09654917533795039,0.04740892889942485,0.07485908242973742,0.030475923405341318,0.04740892889942648,0.4071105658280805,,0.06941609878697405,0.5792950520277024,0.012855172770718732,0.03362329333333333,0.005572691444449385
site_4a51d234a3956647,115,0.04097560956093931,0.008462599966837014,0.040092205984353514,0.058907450400313595,0.07145865454260751,0.04009220598435368,1.213066497650136,0.8277859058154077,0.1930850665724122,0.9731989961862566,0.4007199173582637,0.39906008695652173,0.5872290205395678
site_4a5737c09be72760,38,0.030447130149194798,0.020477459244194782,0.022532230187541323,0.02185333826562433,0.03547088613940549,0.022532230187541347,1.6231335326558225,0.7921300630245103,0.035227053904236263,0.7781434512794018,0.023332964433200265,0.018147598947368424,0.04781098301355739
site_4a605b11c85f3580,1259,0.07851798334415627,0.0599258520996599,0.0507342680893584,0.07569196006336819,0.05403256758961336,0.050734268089358436,0.7138481754783216,0.7426743668706838,7.761827798917403,75.44664779347181,3.824102475988595,7.213154478157267,3.675673615650606
site_4a71668c00a356e4,95,0.11581886315730942,-0.11288123241763363,0.02591980769465189,0.062479687770774894,0.05763115781406956,0.025919807694651895,0.9223983004765709,0.9099738426034835,1.2743308609898987,-10.723717079675195,0.31127820193980865,0.3708525814736842,0.3155282833440681
site_4accdc2358f08145,95,0.028767017112266407,0.002778317809889191,0.028632537849179227,0.05083074952184857,0.029886174336574863,0.028632537849179227,0.5879546262391605,0.8745514447192066,0.07861642098605569,0.26394019193947316,0.12621349876285776,0.24545768421052636,0.08485242456523387
site_4aee712beb09287c,127,0.0813923012407025,0.06058499877084427,0.0543522274170439,0.07957466134551537,0.07866746282095681,0.05435222741704511,0.9885994045187391,0.7641077097512341,0.8413377510596723,7.6942948438972225,0.6074747699188642,0.8041800944881892,0.785948352749201
site_4afa6fca34a02012,148,0.13407478127277594,-0.11890250577193662,0.0619535398060296,0.07794481317353588,0.03661216400205424,0.061953539806030335,0.4697190552056508,0.6268297126187117,2.660454952054721,-17.59757085424662,0.2647426485714276,0.8991582972972972,0.19838668183117086
site_4b307595d7b7b6da,381,0.05039230573913017,-0.009265904234697812,0.049533094961039754,0.07705495459330633,0.03862682547909132,0.049533094961039956,0.5012893159558981,0.8359074327337064,0.9675054860059754,-3.5303095134198665,0.9479223188231369,2.2621745564304465,0.5684640573516199
site_4b6df3933469a704,81,0.09481837659676579,0.07428063705409015,0.05893141351846764,0.07092734898485353,0.04394540433558997,0.05893141351846763,0.6195833478137533,0.5596812800524193,0.7282324877761341,6.016731601381302,0.1413035238265991,0.40748579555555553,0.1564270835396977
site_4b78a1e10bf476d7,14,0.07380483862285005,-0.046043872594833384,0.05768115810744172,0.08027062008592926,0.060622484362588325,0.057681158107441725,0.7552263119145246,0.6978069029936151,0.07626015885802911,-0.6446142163276674,0.04753939441059317,0.09020721428571428,0.05145119854409172
site_4c8563a6e25ebea0,268,0.12290096916044879,-0.09447801445435676,0.07860377220808132,0.09575181774208437,0.03381973958045135,0.07860377220808135,0.353202063187434,0.6382408076121281,4.048045723114793,-25.32010787376761,0.5539067390356351,2.457134041044776,0.3065316424575988
site_4cacd33e9c8aef19,344,0.118881709259148,-0.09488489464912997,0.0716220466323052,0.11485868936883369,0.05848987103824821,0.0716220466323052,0.5092333140806249,0.8546997943975903,4.861704113953548,-32.64040375930071,1.97522494749309,4.538226372093023,1.176846364840392
site_4ce2c6daabd8ff5f,337,0.07563119486688018,0.05365079352551468,0.053307316487275866,0.06970245018239757,0.02834650383597738,0.05330731648727589,0.4066787288223035,0.7136998180195416,1.9276661636663048,18.08031741809845,0.4752181657381599,1.6372914362017803,0.27078768226667804
site_4d238af0af441869,859,0.031368774215031,0.013368369478028923,0.02837757377318397,0.04702692445781507,0.04268498711638032,0.028377573773183968,0.9076712459618823,0.8041107042997608,0.8452559963523372,11.483429381626845,1.3865346874807463,1.899705664982538,1.565104979482851
site_4d43b32f897968be,48,0.08135537795875916,-0.04090385243917505,0.07032476362169125,0.1095045661148429,0.04756818261486772,0.07032476362169125,0.43439451250809574,0.8935044148970147,0.3176974810950027,-1.9633849170804023,0.2234018308520317,0.57558,0.10861113586950738
site_4d97122ac69c458e,260,0.0979605975469829,0.06367483075880087,0.07444323071710426,0.0693706956658196,0.0498668958554545,0.07444323071710426,0.7188467028740634,0.2539828117998214,2.4950324546581073,16.555455997288227,0.22843679557640392,1.2511962884615384,0.6465438985872738
site_4dd15b6db25eea2b,82,0.0729954961472932,0.0557580232067806,0.04711035242769483,0.05580522583253389,0.0493113755030685,0.04711035242769484,0.8836336519996746,0.6044062899112707,0.43692408153873863,4.572157902956009,0.13638443681288784,0.25536630487804884,0.1993921638283792
site_4deb698afc5ebdb4,26,0.06567195093869317,-0.020300251041467373,0.06245562382802309,0.06699584902799761,0.020632102739809196,0.06245562382802324,0.307960911595986,0.3665803324732287,0.11213293364244721,-0.5278065270781517,0.013174492535109704,0.11669953846153847,0.011067775250117096
site_4ea6d277e84496c8,413,0.040499215995421514,0.028363166723138773,0.028908774959849805,0.03454030199544042,0.03468327728853572,0.028908774959849965,1.00413937588369,0.6512031938920778,0.6773970229486918,11.713987856656313,0.3221905750983347,0.49272240677966106,0.496809975794538
site_4f3ef6ee56ee38cd,157,0.08202135286535218,-0.055452947303747675,0.060435692774968686,0.09598347449620769,0.05224234212710015,0.0604356927749701,0.5442847573637714,0.8265808695526358,1.056217865160431,-8.706112726688385,0.650734912998737,1.4464138980891719,0.4284941828152222
site_4f44a81224b8cd25,260,0.12156027875338411,-0.09298801297843456,0.07829515191199858,0.10952095960005087,0.07264518390688257,0.07829515191199882,0.6632993736739394,0.7002133043301514,3.841994356356117,-24.176883374392986,1.4484642280755136,3.1186585538461538,1.3721039136648456
site_4f633f2c887097a9,136,0.09691485461742153,-0.08409240510621493,0.04817630588752307,0.06934305196606838,0.045770250593259176,0.048176305887523696,0.6600553234324894,0.7219024031583273,1.2773785101901693,-11.43656709444523,0.31160444075318383,0.6539504044117648,0.28490855415428495
site_4f8f6e54cc9c215b,18,0.07340576121795707,-0.06124242894517051,0.040469379497139205,0.041864861956856694,0.02598550834726016,0.04046937949713924,0.6206997260384902,0.3631571668452736,0.09699130403977914,-1.1023637210130692,0.007111283704638482,0.031548,0.012154439593179495
site_4f9a1ac96b88317a,129,0.14746390412110275,0.12638303138673768,0.0759798157153376,0.04478407758290468,0.07160048000791921,0.07597981571533764,1.5987932290303797,0.2119575699197719,2.805182789404274,16.30341104888916,0.08767549152857113,0.2587241550387597,0.6613351071200126
site_4fa99e2fc956380a,143,0.06455029807568298,-0.046695941186451415,0.044567141016347366,0.060474649534694086,0.05127896136233984,0.04456714101634849,0.8479414392128272,0.6933856778783025,0.5958439603773116,-6.677519589662552,0.3074846815306928,0.5229772027972028,0.37602305861124885
site_4fab225734bfdafc,402,0.09803455083358686,-0.04871351693871602,0.08507506347105803,0.08476233312631581,0.06802693874793116,0.07802883760063603,0.8025609517679864,0.4963316741936769,3.863530809171537,-19.58283380936384,1.150487421040101,2.8882305530406476,1.8603210869567401
site_4fc1c31a5e50a546,49,0.13839083227092855,-0.12765580319871705,0.0534417286989362,0.06814158887892015,0.02865189907502474,0.05344172869893773,0.42047594642877956,0.6679491622670263,0.9384491003753739,-6.255134356737136,0.06390063268584863,0.22752053061224486,0.04022563470966478
site_503f0d34679d2c3c,109,0.05617785265760913,-0.04101589792124722,0.038388113354707445,0.05314165488150662,0.05397932654151934,0.03838811335470758,1.015762995373037,0.7432596307854112,0.34399867308498444,-4.470732873415947,0.23239649821155525,0.30781986770642206,0.3176006786324812
site_50560992666c8105,554,0.10292350443770812,0.09585195971380933,0.03749199360878529,0.05346890775514346,0.06358584101210404,0.03749199360878533,1.189211519025043,0.808331056235615,5.868659262219363,53.10198568145037,1.5225121318484054,1.5838439494765342,2.2399101841779814
site_50a31a0d244519cf,60,0.03699454021440089,0.016931392753124237,0.032892612318184404,0.040734251217154134,0.017880000745415184,0.03289261231818901,0.43894266400275705,0.6158277309233571,0.08211576034049548,1.0158835651874543,0.02691149111290773,0.09955675333333337,0.01918166559936285
site_51e9108791d53546,293,0.05777728510526371,0.04144115083433256,0.040259727913400344,0.06933977302760085,0.06227741632140392,0.040259727913401974,0.8981485459523245,0.8181034071658435,0.978096899521534,12.14225719445944,1.0351155297747803,1.4087452081911263,1.136393639015154
site_524c0b4f56437dd1,10,0.06927612366118303,-0.009743640953302386,0.06858748260792674,0.14756248337568734,0.08260341539073932,0.06858748260792694,0.5597860208169226,0.9801232384403713,0.04799181309519524,-0.09743640953302386,0.11946883981861176,0.21774686499999998,0.06823324234215028
site_52a99c537fd71479,333,0.08335952436477953,0.02135424222539853,0.08057795381679334,0.08652864379607587,0.03909548411420486,0.08057795381679339,0.45182129753867545,0.3728859753366583,2.3139538306733165,7.11096266105771,0.42005559626282063,2.4932396636636636,0.5089761404153068
site_52efe15d6a747228,616,0.0294255678968151,-0.003237534418963379,0.0292469214950241,0.046588341192413354,0.05692679222798349,0.02924692149502415,1.22191069205215,0.8588869494994528,0.5333722523668465,-1.9943212020814416,1.4031712437797255,1.3370116975974027,1.9962463587946888
site_53e750ed31ea8834,151,0.03781053062377456,-0.007056030440409454,0.03714631422463619,0.03583957158577833,0.053206759888342,0.037146314224636455,1.484581358931624,0.7172832341570275,0.2158750701337605,-1.0654605965018276,0.20653670742382474,0.19395570860927153,0.42747485397016766
site_545c918e740bed59,7,0.09487201482546989,-0.09183479169096266,0.023813236489853184,0.06309510799627198,0.04734272756615304,0.023813236489853187,0.7503391161316392,,0.06300489437930926,-0.6428435418367386,0.01979339696019888,0.027866948571428577,0.01568933697382091
site_5475cf38df836ff4,649,0.03424773100566545,-0.0011069432280739573,0.034229837214427995,0.06925576466485667,0.05686893837475936,0.03422983721442801,0.8211437509925739,0.870731519423187,0.7612166942946357,-0.7184061550199983,2.2256661063567527,3.112838249614792,2.0989154225650433
site_54c3846d0762e78b,725,0.06465483497305559,0.05867248572370101,0.027162236734023817,0.024181784164419177,0.03761472299806985,0.02716223673402382,1.5554982520030824,0.6936297800432523,3.0306795719099626,42.537552149683236,0.45741662561033564,0.4239500468965517,1.0257788550106055
site_54c3cc61243c3e27,143,0.10443692375872284,-0.07955955313469147,0.06765610504007373,0.10409122170627527,0.06679089339282762,0.06765610504007373,0.6416573107509318,0.7708662516223227,1.559711159318496,-11.37701609826088,0.7663839989036321,1.5494024883916082,0.6379263519503251
site_54f5633d7a10a0e4,93,0.09954703759409374,0.00036066860857829954,0.09954638422320873,0.0946155407443864,0.0545377572592865,0.09954638422320876,0.5764143694599374,0.1954397516099483,0.9215939805196719,0.03354218059778186,0.09378979809695195,0.8325453511827957,0.2766161279191757
site_551190f45891f632,40,0.12045150532081055,-0.11432768183946611,0.03791762517963203,0.06036803790086274,0.0402332236557761,0.037917625179635574,0.6664656506121283,0.7874803962706844,0.58034260536197,-4.573107273578644,0.07650531972944737,0.14577199999999998,0.06474849142942807
site_554a93a7d6df9a9f,46,0.027308745299131555,-0.012808343162355214,0.02411874613756254,0.024483318652697546,0.010554119931632713,0.024118746137562746,0.43107391123506333,0.24982291756604474,0.03430530821139063,-0.5891837854683398,0.0029694937642501737,0.027573913043478265,0.005123914586439196
site_557840f3689665d3,108,0.0661076271953834,-0.007383305312637928,0.06569402694358269,0.08240330734702579,0.036615256011993384,0.06569402694358269,0.44434206818659866,0.6322507376382862,0.4719835843276099,-0.7973969737648963,0.2060249503583544,0.7333529466666666,0.14479311306497228
site_572718242301a76e,118,0.07617441036407058,-0.07247816905167144,0.023440473656288614,0.049265718038592386,0.058047439968311944,0.023440473656288843,1.1782521858879713,0.9174163193158325,0.6846998137290311,-8.55242394809723,0.30958246687459995,0.2863990949152543,0.3976016238512239
site_572a1b583bd03d5b,234,0.07679841410555698,0.054043299058563685,0.054564807669369296,0.05137071270857845,0.07341463412043431,0.05456480766936931,1.4291145722838048,0.6696970864568537,1.3801311597360955,12.646131979703902,0.5910068257738255,0.6175143290598291,1.2611917897107137
site_57c9411d53d3b891,847,0.06578191346848057,-0.046493204751389086,0.04653645937885775,0.0605363880011129,0.01942827508768484,0.04653645937885775,0.3209354857334348,0.7977391441715856,3.665189338219742,-39.379744424426555,0.7946850846328082,3.1039621685714285,0.3197068183316938
site_5809bead57720978,62,0.06140611575859463,0.044904340375815664,0.04188449913716069,0.03910725932010139,0.03593877102057657,0.041884499137160955,0.9189795359068748,0.3794688345639036,0.23378408525859126,2.7840691033005713,0.03306651350687588,0.09482141935483872,0.08007890627310493
site_583630b60a1838c6,202,0.037177816892318694,0.0005917800602936503,0.0371731067472039,0.05820875358755118,0.04126076145030026,0.037173106747204164,0.7088411777833444,0.7721221762298494,0.279202393913513,0.11953957217931735,0.37459582600801594,0.6844283168316831,0.34389498796263396
site_58667ddb3903bbc2,535,0.09617791827507692,-0.08329600909926067,0.04808291621629516,0.05884529619790136,0.02608028220286952,0.04808291621629542,0.44320079748021796,0.5965272915117538,4.948852700594146,-44.56336486810446,0.48978799865358624,1.852581353271028,0.3638968990830022
site_5896b54480755cab,20,0.06703748434381765,-0.022450060974061492,0.06316659773494625,0.10300508482594439,0.052285458452244804,0.06316659773494648,0.5076007513667462,0.8683971470145315,0.08988048614295191,-0.44900121948122984,0.09353797596152874,0.21220095000000003,0.05467538331122836
site_58e380359cb64c9c,342,0.045343714472371704,-0.004295591946233785,0.045139786574411526,0.05435285699174179,0.04013218238687939,0.045139786574411624,0.7383638065792375,0.5792935908243484,0.7031699352159742,-1.4690924456119547,0.4321554398278744,1.0103477076023393,0.5508224855917434
site_591f3f72c730f39a,46,0.12212715148298779,0.102408635214619,0.06653955637684808,0.07064923070792722,0.045800718278740216,0.06653955637684857,0.6482833262273743,0.411261349300756,0.6860918919500378,4.710797219872474,0.06121466172778089,0.22960043478260866,0.09649446656303229
site_5977dd6efaf94985,77,0.08542536729100117,0.022671071170522025,0.0823621023820032,0.08623716657354782,0.04701462910131803,0.08236210238200321,0.5451782679017099,0.35315982703350673,0.5619069900137887,1.745672480130196,0.11025277106631305,0.5726373651948052,0.17019890191415654
site_59c7d9e52ad4d8ab,85,0.06273932920150536,0.005527544731252336,0.06249535725074998,0.08565764802024312,0.04730821479283363,0.06249535725075099,0.5522941136750974,0.6995552657675064,0.3345789914356634,0.4698413021564486,0.24095928236719436,0.623664776470588,0.19023571088521507
site_59cc92ae49f9c2af,36,0.03110835784417715,0.025818563996089824,0.01735314613956766,0.022148628137992246,0.010065488623730676,0.017353146139567812,0.4544520121526183,0.6520775280598197,0.03483827739940961,0.9294683038592337,0.0052333939563896925,0.017660222222222226,0.0036473062044402593
site_59e0fe7c4ae0f849,113,0.06970179654944063,0.0026714743106766056,0.06965058267686645,0.09194447516960501,0.04317336060047415,0.06965058267686669,0.46955905203476966,0.6885565345536553,0.5489924699708163,0.3018765971064564,0.30885848805769883,0.9552778761061946,0.2106251144058588
site_5a51afb7ef849491,62,0.11072580217504721,-0.08736816869435773,0.06802210204265917,0.0842079644066458,0.04648900481110287,0.06802210204265918,0.5520737276892766,0.5907413007310722,0.7601326025730768,-5.41682645905018,0.14338127661760777,0.4396408387096774,0.13399610923625827
site_5b0bcc4b6a2f87e4,66,0.03253145475659951,-0.025096110146741072,0.02069977787521693,0.027514066900595928,0.032542726132810375,0.020699777875216933,1.1827668461511782,0.7748485811594226,0.06984750620632493,-1.6563432696849107,0.04578987921691415,0.04996357590909092,0.06989591559423654
site_5ba32085b805fa13,239,0.08254187884520578,0.06593785610782552,0.04965240069926457,0.06628595533113985,0.08233383959795934,0.04965240069926557,1.2421008219109202,0.797728349113987,1.6283456614278946,15.759147609770299,1.0405257105675203,1.0501248619246861,1.6201478131632567
site_5bf25e0531f88e2f,60,0.03152618122204731,0.010553532849550249,0.029707289456273732,0.025621066147909523,0.025658309425123985,0.02970728945627428,1.0014536193380656,0.32877188110670935,0.05963400614672212,0.633211970973015,0.012967944788162903,0.039386341833333324,0.039500930553324376
site_5c129902816da317,37,0.04867487754377543,-0.034373268396467774,0.034463344638121285,0.043345335566963954,0.03866243379245064,0.03446334463812157,0.8919629594912531,0.6521758576786285,0.08766201704435675,-1.2718109306693077,0.040438775902664335,0.06951627027027028,0.05530700010995829
site_5c29c7471e58357f,54,0.044680464290721436,0.01919298439224561,0.04034815038330072,0.04978296172852363,0.04078810687834534,0.04034815038330178,0.8193186074539113,0.6190530349095656,0.10780257001865941,1.036421157181263,0.06787907194939477,0.133830537037037,0.0898381617868434
site_5ca415a5fd8c11f3,149,0.06856437727925296,-0.050494571228555385,0.046382885940140554,0.08101702697285208,0.05666875273559388,0.04638288594014056,0.6994671966250127,0.8302670217959011,0.7004600009220694,-7.523691113054753,0.5679681895553765,0.9780000402684563,0.478490782954574
site_5cc61f026daaaf5d,1,0.18396476681232454,-0.18396476681232454,0.0,0.0,0.0,0.0,,,0.03384303542831295,-0.18396476681232454,0.0,0.0,0.0
site_5cf31f5c04158e4a,244,0.14405041900508006,0.095599022331785,0.10775597498397015,0.09776181710480544,0.03636736229121192,0.10775597498397019,0.3719996555733445,-0.10285828362734065,5.063127664591547,23.32616144895554,-0.08922985097326216,2.331998983606557,0.3227107497649442
site_5d503d0a92bc4d22,106,0.07896984283142144,-0.040180408398160394,0.06798360727246272,0.10222357348290118,0.06138181477784407,0.06798360727246347,0.6004663375235197,0.7646312609531418,0.6610410241428568,-4.259123290205002,0.5085676110727325,1.1076638514150943,0.39937908165468494
site_5d637e79fa207678,82,0.07799296996722599,-0.056557276433560906,0.053704542142414644,0.05495999437371328,0.05451752561094869,0.05370454214241687,0.9919492574952624,0.5187400249646279,0.4987980758733065,-4.637696667551994,0.1274519330764689,0.24768928048780486,0.2437171690967166
site_5d79652f78de4312,15,0.06606164084499698,-0.013772230489254004,0.06461010802099185,0.15182887823687122,0.09215175349997635,0.06461010802099186,0.6069448353310534,0.9780897072736772,0.06546210586700059,-0.20658345733881006,0.20527115910977128,0.345780124,0.12737918509680607
site_5de3489054d45a0f,49,0.08363297770417825,-0.07097639572377108,0.0442360284127116,0.0662025214340932,0.049476615683936735,0.04423602841271187,0.7473524363145646,0.7439959989194369,0.34272927302371126,-3.4778433904647827,0.11941013678391368,0.21475591836734695,0.11994883947726276
site_5e24def8042ec3b4,11,0.07264754017928238,-0.006342802865938705,0.07237011776903703,0.07891013824189748,0.030581926547111844,0.07237011776903704,0.3875538331128448,0.3987674085957524,0.05805431603510493,-0.06977083152532576,0.010585466115312143,0.06849490909090908,0.010287796544662386
site_5ec485e1198852d4,13,0.03854710713027285,0.006931444008533772,0.03791878890562426,0.12134433620484346,0.09097114295915358,0.037918788905627186,0.7496941827229878,0.976659503492112,0.019316433085465518,0.09010877211093904,0.14015535448342561,0.1914178230769231,0.10758473506683186
site_5ed1da21a10b6003,106,0.07894946023374369,0.022430265235675956,0.07569610606006562,0.061833925136552746,0.04104234191450507,0.07569610606006583,0.663751198454053,-0.04373700631517438,0.6606998307471446,2.3776081149816513,-0.011765594286949566,0.40528403556603776,0.1785542259616768
site_5edf4f1cdc32395a,114,0.0537535510565121,-0.03404998402192927,0.04159378366164124,0.05483182057204836,0.059994195297405864,0.04159378366164147,1.0941492489488691,0.7410935354293099,0.32939664463509605,-3.8816981784999367,0.2779199831082175,0.34274425438596495,0.41032059550969346
site_5f27021d111ffc54,10,0.04521972172130012,-0.02733448938131332,0.03602289442583273,0.03347372103606052,0.015454691421585655,0.036022894425833,0.46169624837754514,0.05962252102400651,0.020448232325518217,-0.2733448938131332,0.0003084428206086158,0.011204900000000004,0.002388474869364332
site_5f52ef3c28075a93,123,0.04996838158499988,0.03382381409067449,0.03678027676056347,0.05230450635861821,0.05404022325475233,0.03678027676056377,1.0331848442318416,0.7612323535523212,0.3071112164615711,4.160329133152962,0.2646540789099001,0.3364986504065041,0.3592025247190873
site_6009b70703dc2497,93,0.06985822305161069,0.02942430862560067,0.06335914606301123,0.08207340859374809,0.05668597724822496,0.06335914606301193,0.6906740955382105,0.637837300929006,0.4538559334973589,2.7364607021808625,0.27597578066010636,0.6264521290322581,0.29883690154252385
site_613f62e07f148531,126,0.07352455209647324,0.049652732438511316,0.0542260631281362,0.04559188861389942,0.08013354964196721,0.05422606312813624,1.7576273341205086,0.7608637834195937,0.6811383298843628,6.256244287252426,0.35025103028331483,0.2619061587301587,0.8090946080559247
site_617d5a69b08b72f8,37,0.07361371362086047,-0.0292028073362402,0.06757347761316192,0.07206473836561744,0.058299294509459185,0.06757347761316261,0.808985029733684,0.47912990627948815,0.2005022168230002,-1.0805038714408874,0.07448024851647582,0.1921530810810811,0.12575588639112434
site_617d695493df2178,92,0.09491457344647168,0.08879331886638765,0.033533904890687485,0.06069567942568218,0.06415070551756669,0.033533904890687596,1.0569237567579246,0.8571289574896916,0.8288074152323616,8.168985335707664,0.3070387641379366,0.3389248260869565,0.37860879769294353
site_6198a28ec3f8f86a,57,0.02904078339300902,0.01786046565771103,0.0228991455423427,0.016859985757086134,0.024794444760824107,0.02289914554234316,1.4706088793938141,0.4481127816547551,0.04807192470454111,1.0180465424895286,0.010677603208482787,0.0162027698245614,0.03504157598686081
site_621b9dc6415ad601,132,0.07211324013568,-0.0053693697325207955,0.07191306746024494,0.07593520439361019,0.0365330848532839,0.07191306746024571,0.48110866553956494,0.3477342943674973,0.686442161178345,-0.708756804692745,0.1273359307212134,0.761132495151515,0.17617595013443593
site_621eb1eb5435955b,195,0.053439742486446465,-0.02957719651063283,0.04450837588127791,0.11636337178523204,0.09685405756714259,0.04450837588127819,0.8323414497295838,0.9289997962085712,0.5568821850184538,-5.767553319573402,2.0416643555936904,2.6403846871794867,1.8292381511077773
site_6277027d8a1380c0,524,0.06196797379873637,0.043194025767782265,0.044433162330550356,0.062282883298764025,0.04633365907302567,0.044433162330550384,0.7439228343165857,0.7020008648740399,2.0121756030017397,22.633669502317908,1.0615348153073654,2.0326785572519084,1.124927372661976
site_62a63d63c871f1e4,95,0.08732000992534848,-0.003631521224850101,0.0872444622136925,0.07877731837467375,0.0355619639702661,0.0872444622136925,0.45142389591289994,-0.0251790497735864,0.7243544926694809,-0.3449945163607596,-0.006701158223387445,0.5895572595789474,0.12014206173513792
site_63012b87359e4210,129,0.1032565416127785,0.09322204319820848,0.0444022977759351,0.04944230652162411,0.05437868508456458,0.0444022977759352,1.0998411868342244,0.6378801795513246,1.3753868267722582,12.025643572568894,0.22123622665594717,0.3153458759689922,0.3814583395068858
site_6307ca95d0b03b26,71,0.03292101278845898,-0.016198845008477358,0.028659911085158786,0.04272980392679444,0.037791202337388176,0.028659911085158796,0.8844225543869292,0.7532216208022814,0.07694930889426944,-1.1501179956018923,0.08635803180830685,0.1296343661971831,0.10140042316148436
site_63148af2428e7132,211,0.06857712584457236,0.052936763095347235,0.04359496877036841,0.05252273314395938,0.051342749112421586,0.04359496877036978,0.9775338418070594,0.6478740597635512,0.9922954819005884,11.169657013118266,0.36863747557114934,0.5820725118483412,0.5562124340348453
site_633f81ba98074791,63,0.0900018220882651,0.05729361217788286,0.06941015763429784,0.06551589945487049,0.04521069573738204,0.06941015763429831,0.6900721216309433,0.25634033820999935,0.5103206626900866,3.6094975672066205,0.047834958390051883,0.27041698412698406,0.12877244157066248
site_6367b6400c1e48bd,400,0.06592892393255503,0.04493333210474253,0.04824540057735599,0.07382420859675708,0.05674608947634838,0.04824540057735609,0.7686650565576276,0.7570014032448964,1.738649204361851,17.97333284189701,1.268502753785137,2.1800055099750004,1.2880474683430945
site_638a0536fcb5886f,372,0.036483417435441846,-0.008749031780227538,0.03541883948800794,0.046977141211981564,0.03180002529698709,0.03541883948800823,0.6769255105050213,0.6572170236709155,0.4951467861699572,-3.254639822244644,0.3652294539271663,0.8209488682795698,0.37618187850671503
site_639be43d81e5bd5a,671,0.13189604142069672,-0.08484276513833046,0.10098648892862969,0.10708313036524551,0.02345242203376261,0.10098648892862974,0.2190113601812881,0.36206335521270133,11.673095613184048,-56.929495407819736,0.6101208282300727,7.69422065871833,0.36906080259655816
site_63bba9458fdad7de,128,0.10904232493533042,-0.054705366364866496,0.09432683350027136,0.09727780967856633,0.04261876480805272,0.09432683350027138,0.4381139434458618,0.2872479773479011,1.5219492642946792,-7.0022868947029115,0.15243391049187627,1.2112604487499998,0.23249396656180643
site_63e7e96910147c52,10,0.029655188112239345,0.0002114166760444597,0.029654434490669217,0.038586252733324604,0.02080928806272974,0.029654434490669252,0.5392927944194493,0.6491915472752526,0.008794301819723018,0.002114166760444597,0.005212699423581362,0.014888989000000004,0.0043302646967766645
site_63fc50b0256f0fb6,2,0.0641397388137754,0.019259487092494976,0.06117988437414168,0.10999999999999999,0.048820115625858876,0.06117988437414214,0.4438192329623534,,0.008227812190198651,0.03851897418498995,0.010740425437688826,0.024199999999999996,0.00476680737944446
site_6411ebbe96528026,629,0.19294869756403077,-0.16768626008829743,0.09544903388330171,0.11932053666975967,0.03733670790334695,0.09544903388330171,0.3129109954196969,0.7318573994787962,23.41716673185151,-105.47465759553909,2.050823728994062,8.955318606359302,0.8768447171906458
site_651ac46c08004df7,214,0.11305751029493138,-0.08097559240984024,0.07889837810730928,0.10170371982012809,0.048980897296982316,0.07889837810730976,0.4816037936823679,0.6541974540079901,2.7353481356949425,-17.328776775705812,0.6974068317315949,2.2135403778037386,0.5134134562037513
site_651b6ffa617fc102,117,0.11211470551803415,-0.07828426182596092,0.0802575949288285,0.09794072622190715,0.03406205169184866,0.0802575949288286,0.3477823067665772,0.6461701809019343,1.4706557416272756,-9.159258633637428,0.2522126689625092,1.1223091447863247,0.1357461337586059
site_653b7646a624636a,25,0.056447287796515026,-0.03151289303898812,0.04683197488784654,0.08456618709626207,0.06190514909730779,0.04683197488784655,0.7320319293435908,0.8395716539211631,0.07965740748956486,-0.7878223259747029,0.10988067016080022,0.178786,0.0958061871189977
site_655489b2dd82c473,432,0.09170674244854798,0.08647733691583077,0.030525347016376506,0.02658597445743731,0.03705527376712165,0.030525347016376537,1.3937903170126458,0.5827081594206318,3.6331746957465034,37.35820954763889,0.2479918769289291,0.3053436643518519,0.5931763116291362
site_655b8133c0a83295,77,0.0937418104378493,-0.055170954801819536,0.0757871543892582,0.08222761501634823,0.04975830892840511,0.07578715438925852,0.6051289328835857,0.4269303643050291,0.6766395808607567,-4.248163519740104,0.13450272251839762,0.5206263116883117,0.19064347667092418
site_657937702d0a4647,131,0.10068955837250196,-0.09149273424885655,0.04204125051562562,0.062484535001768836,0.048659829937947985,0.04204125051562569,0.7787499728784172,0.7407743637497478,1.3281287186476818,-11.985548186600209,0.2950532269484101,0.5114655419847329,0.3101790554962925
site_6641dc35f7f7b1d6,5,0.01595708892933829,-0.013002668666839596,0.00924982673563124,0.028336548837146692,0.034379574425905904,0.00924982673563316,1.2132590536514927,,0.0012731434354940532,-0.06501334333419798,0.004748389607667922,0.004014799999999998,0.005909775688532015
site_667d683049a1748d,80,0.06883775667484163,0.019701251482963564,0.06595830072121119,0.09123269613329422,0.033448212356309195,0.06595830072121125,0.36662527552008506,0.834273722749363,0.3790909395219762,1.576100118637085,0.2036676127821207,0.6658723874999999,0.0895026327866204
site_669ad6ba4bcd30e6,57,0.040982972508496605,0.023065986341551728,0.03387571858608371,0.05604167314564009,0.05107060620084338,0.03387571858608418,0.9112969569649001,0.80383987656172,0.09573743003103473,1.3147612214684485,0.13113738165338312,0.1790181403508772,0.14866778861013247
site_66c5aa948cb00d80,6,0.05384526473020848,0.05154599122206371,0.015566737705799638,0.024451766580124407,0.01245096410382066,0.015566737705806771,0.5092050941604118,,0.017395875203197398,0.30927594733238223,0.0015317762196063994,0.003587333333333333,0.0009301590426877837
site_66cab69faab895b3,471,0.1099080903220188,0.05649670080888043,0.09427571859150635,0.08392976881627574,0.05294358530916332,0.09427571859150637,0.6308081870814882,0.10794519484993892,5.689580297887764,26.609946080982684,0.22591943680585191,3.3178210700636943,1.3202239391580561
site_67582d7e0a88b810,49,0.04826731622258568,-0.04301140453347138,0.021903262208839112,0.03787679230415345,0.04215502987239916,0.021903262208839144,1.1129514224407164,0.855498729939393,0.11415695695122303,-2.107558822140098,0.06693265356343923,0.07029791836734692,0.08707528063360041
site_6770b4e6f1f2e8bb,271,0.08174218896436217,-0.014091775412929027,0.08051836636691694,0.062007567659929944,0.054128459508051806,0.050204096968834,0.8729331201138258,0.6337757766632466,1.8107638587617683,-3.8188711369037662,0.5764681137652131,1.041978319164314,0.794000224881712
site_68221dfdbb1b1ea4,128,0.12542907364844005,0.05645491078589112,0.11200578362059199,0.12578338095050492,0.05199016567232805,0.11200578362059281,0.41333096057249324,0.45715588114399036,2.013753922087142,7.226228580594063,0.38266500387282576,2.0251467421875002,0.3459810978094231
site_68322e90dd9563bf,434,0.1069335543966939,0.09994246790623335,0.03803009551292515,0.05430036750745142,0.06188979575822021,0.038030095512925306,1.139767530113444,0.7933891610699623,4.96269671426524,43.37503107130527,1.1571717187604322,1.2796619815668202,1.6623705194434883
site_68a69fed5c9dc2db,169,0.11814431970200762,0.06999255969009456,0.09517941933989056,0.09944242756834856,0.05169143415003305,0.09517941933989058,0.5198126736649163,0.3406089254849954,2.3589155669566813,11.82874258762598,0.29589186699040365,1.6712065917159762,0.4515687375983373
site_68bc9d9136a91d21,185,0.06222276679271651,-0.04109542229948818,0.046720862292636625,0.042326490573122995,0.03867357775654628,0.04672086229263865,0.9136967708138721,0.3373227127178317,0.7162594508580451,-7.602653125405313,0.10215130638085508,0.33143338378378384,0.2766944390509517
site_68cc6a1e0541208f,9,0.0822825285021711,0.033408527766333684,0.07519497835092918,0.08518190267427629,0.023777337703617285,0.07519497835092985,0.27913602487301215,,0.060933730470395395,0.30067674989700316,0.00975165103028218,0.06530360888888889,0.005088256094446741
site_68df3e54f8cc23c6,117,0.04379596207616937,0.028357432683054195,0.033375774235264055,0.05615548658312375,0.06320274839025648,0.03337577423526453,1.1254955167506397,0.8500670464448892,0.22441609641874008,3.317819623917341,0.35299390064246766,0.36895232478632484,0.46736672627760206
site_68e0a7cac180b7fb,385,0.10060525622788977,-0.07176427177252707,0.07050749518766232,0.0833265780137073,0.02344001368860887,0.07050749518766253,0.28130296776081415,0.6454732703767009,3.8967457685615505,-27.629244632422925,0.485378348754985,2.6731776623376624,0.2115321830630359
site_694aad5289524593,35,0.12215889506779623,-0.0944845554436956,0.07743038439005748,0.13300396188667096,0.07517532898029915,0.07743038439005762,0.5652112005832879,0.8674159760517448,0.5222978475464697,-3.3069594405293463,0.3035535919159651,0.6191518857142857,0.1977965530553672
site_69670e737191984a,288,0.13207839991263437,-0.11847097827245791,0.058389477054076974,0.09884129238454399,0.05386083537680905,0.0583894770540771,0.5449224112455188,0.8698183465357022,5.024074672362752,-34.11964174246788,1.33362138774039,2.813645111111111,0.8354850011964648
site_697fb58ab8720f1f,11,0.11696853275388812,-0.03194745878306303,0.11252109816341951,0.08030020944159258,0.09064051872190977,0.11252109816341954,1.1287706389836798,0.13758623147347318,0.15049801420057138,-0.3514220466136933,0.011015563562512399,0.07092935999999998,0.09037273997594564
site_69dbfe52882f2d4a,41,0.041343102172537685,0.03696539897017362,0.01851516611388558,0.02210281421431991,0.023384098804309642,0.018515166113885585,1.0579692964690268,0.6699557054424237,0.0700793359872045,1.5155813577771184,0.014197051485582462,0.020029910243902438,0.022419459152478338
site_6a1c5e38a054464b,129,0.06772144825436725,-0.042084510137914685,0.05305740815494757,0.07102085268098324,0.030402849345095413,0.05305740815494761,0.4280834177204434,0.7301670100825872,0.5916190974232933,-5.428901807790995,0.20338180013953944,0.6506710355038761,0.11923898903077336
site_6a31951f1e7ac87b,178,0.0314344387171064,0.00993799952225069,0.029822141153097347,0.05379300759112447,0.03950659488366279,0.02982214115309736,0.7344187776959535,0.8387762496063773,0.17588606086779413,1.7689639149606229,0.31729377558203725,0.515076404494382,0.2778172449957294
site_6a5dcbf93bf1dcc1,110,0.05730839856502858,-0.010156294287334791,0.056401260911767045,0.09400310395789603,0.04808915661307602,0.05640126091176849,0.5115698800181656,0.8813179345761896,0.36126778006969873,-1.117192371606827,0.4382426567771218,0.972024190909091,0.2543823682132649
site_6a951d61e5b0518b,6,0.028335595449434044,-0.002174761573473613,0.028252015531153345,0.057964376032947074,0.0796351342443655,0.028252015531153345,1.3738633915269047,,0.004817435816843923,-0.013048569440841679,0.02671034134030342,0.020159213333333335,0.038050527636708686
site_6af774998b80a846,413,0.19809479780661052,0.18948433020674865,0.057768828308541464,0.06786904268052094,0.02827036181885748,0.05776882830854181,0.41654281101229296,0.5389591303059972,16.206759703151306,78.2570283753872,0.42707974563892614,1.9023634721549638,0.33007511659344435
site_6af9b829a3e0be45,70,0.1085871342880019,-0.04116630848816464,0.10048134542460017,0.14303219275137086,0.06703274476213805,0.10048134542460117,0.46865494734223456,0.7746841586785369,0.8253816013016391,-2.881641594171525,0.5199283689345632,1.4320745714285716,0.3145372209242163
site_6bb6d38be9a11acb,136,0.09057184642395344,0.05162066033324774,0.0744215478971223,0.08791988948726233,0.07175888418550694,0.07442154789712231,0.8161848769828496,0.5817593156446434,1.115643273591612,7.020409805321693,0.4991660792206469,1.0512673475735292,0.7003098944986637
site_6caf07a2afe1dffd,660,0.16337173201629196,-0.15945006154278912,0.03558090352989759,0.03945644272308343,0.026278923063627595,0.03558090352989761,0.6660236263076369,0.47324606850020257,17.61561306252206,-105.23704061824083,0.3238593513342467,1.0274951757575757,0.45578398627347855
site_6cb3e406456efe20,55,0.058681539992702085,-0.050456672730445865,0.029960762888948188,0.028467427580620118,0.028026683264027918,0.02996076288894829,0.9845175924187738,0.43757862769170036,0.18939377247533015,-2.7751170001745225,0.019201657611185856,0.04457169381818181,0.04320222361301784
site_6cb8ba95bd0dee4d,341,0.05849665168499631,-0.022611162693706777,0.053949917330747645,0.0826569448695578,0.06477464262450047,0.0539499173307478,0.7836563851558067,0.7580518297591677,1.1668536660993216,-7.7104064785540105,1.3840049836332322,2.3297701524926686,1.4307522255519276
site_6ccc6476b82407ef,37,0.07234464097266474,-0.04705146768366968,0.05495367563936328,0.08007879611082781,0.042557617133457015,0.054953675639363604,0.5314467649408456,0.7634851500938727,0.19364864186615918,-1.7409043042957784,0.09627137108267965,0.2372667027027027,0.06701257871488282
site_6ce971c90b49aeb0,57,0.062212906976786025,-0.040641043952891705,0.047103623437283,0.0547489648069256,0.02287568662466162,0.04710362343728345,0.41782866042003963,0.5197915542310267,0.22061541028662718,-2.316539505314827,0.03710685308416161,0.17085460140350875,0.02982793119733418
site_6d0e46f32994dd93,485,0.037407271491352666,0.01268566853238135,0.03519059212792981,0.04810719996959778,0.04927307118752006,0.03519059212792992,1.024234859203177,0.7390685107876324,0.6786624208074665,6.152549238204955,0.8496619112713588,1.1224368041237112,1.1775002389614533
site_6d48a42f8098677d,204,0.05466120057127252,0.046214298289634435,0.02919050327571582,0.059571649550932755,0.05634300324290998,0.029190503275715873,0.9458023013906584,0.8746201467535263,0.6095207569701483,9.427716851085425,0.5988654562423334,0.7239514117647059,0.6476049389438352
site_6d6ecd1531a550b1,62,0.10175340702140336,-0.07928448935285691,0.06377872363508146,0.10573485972901592,0.049669549276108574,0.0637787236350816,0.4697556643419671,0.9119915024371681,0.6419328621087295,-4.915638339877129,0.29695517205927646,0.6931513548387097,0.15295797576809023
site_6d764ff710881490,548,0.042119610813018044,-0.02812354957992143,0.03135486523756414,0.04997190946629732,0.04143910517211211,0.03135486523756423,0.8292479838109845,0.7802002394889708,0.9721857650419785,-15.411705169796944,0.8853662261554196,1.3684610711678833,0.941025291731022
site_6eaed325c7afd5f2,128,0.023658174914050447,0.01818913629888557,0.015128270256852542,0.016433540379043356,0.014408135666077796,0.015128270256852818,0.8767517731268408,0.5253707049611911,0.07164278275376715,2.328209446257353,0.01592262795503193,0.034567839921874996,0.02657207979162919
site_6ec0b265c8640204,38,0.034309058077408805,0.025205660104751584,0.023276300497345886,0.027717310610505204,0.027738975888988344,0.023276300497345945,1.000781651538549,0.6476648053393214,0.0447302357140424,0.9578150839805601,0.018922364594120725,0.02919347368421053,0.029239129768055316
site_6ed688016a61001c,62,0.044675568348493726,0.001634911399502908,0.04464564337062139,0.04897456784950518,0.024738921758166398,0.04464564337062144,0.5051381327996007,0.4198198844831447,0.12374619725017795,0.1013645067691803,0.03153596128859827,0.14870751435483873,0.037944883484914094
site_6f1d891d977773b1,32,0.04501588678502706,-0.03561929288459942,0.02752627903374336,0.05133711156110655,0.04486224553482169,0.027526279033743387,0.8738755292342884,0.8446066743374511,0.06484576201735597,-1.1398173723071814,0.06224678496673004,0.08433596874999999,0.06440387438165211
site_6f28bfb579cd23b2,141,0.0641570777400561,0.002818638200370978,0.06409513166254527,0.09158899281270898,0.06866188814711215,0.0640951316625453,0.7496740169151042,0.7151598062149221,0.5803744180042479,0.3974279862523079,0.6341342872801456,1.1827846482269504,0.664738138633642
site_6f4dcb1e04a51328,266,0.05441117011188779,-0.012825433622267016,0.05287800757730585,0.04702640402698127,0.05293720435532584,0.051863556026939206,1.1256910973876137,0.4667708198459306,0.7875130651633145,-3.4115653435230264,0.30909224430862403,0.5882543917385621,0.7454244629187028
site_6fa03518f2e15749,74,0.05977851016130831,-0.02634019867431473,0.053662502838604804,0.10000801647926467,0.05758205410477099,0.05366250283860485,0.5757743842135881,0.9062541796100355,0.2644368005058174,-1.94917470189929,0.3861923878531198,0.7401186486486487,0.24536127866443325
site_70208b23c7d145de,47,0.17111290697138054,-0.16058988797284185,0.059080578983845736,0.047286902566868266,0.03281314746077363,0.059080578983846735,0.6939161941168097,-0.05728194577382554,1.3761424658132277,-7.547724734723567,-0.0041773837917662695,0.10509440425531914,0.05060502437527631
site_7062702ffcf77fca,399,0.05419320248962556,-0.044935270891601875,0.03029397012575134,0.08608693131198943,0.08108987359714181,0.030293970125751347,0.9419533529806323,0.9360562682429707,1.1718243752365414,-17.92917308574915,2.6072261419887734,2.956972937343359,2.6236514724001747
site_70a4655a50185729,555,0.027034691255450955,0.005289927849898467,0.02651209525142109,0.058908875635183995,0.060312405380255195,0.02651209525142135,1.0238254376770506,0.9013602691856665,0.4056353648590437,2.9359099566936493,1.7773738127935106,1.925991873873874,2.018860364727491
site_70a6cc65be0123f1,70,0.04572461174435555,0.038435800483397085,0.02476750613954805,0.06977799928110198,0.0686570213572034,0.02476750613954879,0.9839350807496973,0.936108874220857,0.146351808342044,2.6905060338377957,0.31392642417305283,0.34082784285714285,0.3299650607150439
site_70dba7fc35b9a591,3,0.10032022032325151,-0.08948196677366893,0.04535553139388554,0.08112678691748833,0.0362459171914704,0.04535553139388663,0.4467811257992388,,0.030192439817117177,-0.2684459003210068,0.008757296760876974,0.019744666666666667,0.003941299539152787
site_70ecc850263e23bf,307,0.05760848857284288,-0.021475932631119847,0.05345579737756206,0.06720525191563823,0.037300745409806435,0.050163661375387525,0.5550272388924234,0.6764581267030684,1.0188525523837422,-6.5931113177537926,0.5205950305851115,1.3865795867086295,0.4271431016950491
site_719e76f9794e1f46,104,0.08815788279253814,0.050833037171340904,0.0720264856174447,0.12703211367949516,0.06969535068869616,0.07202648561744476,0.5486435568925436,0.8926808607106114,0.8082684790401408,5.286635865819454,0.8219528295212283,1.6782644222115386,0.5051739583925154
site_71caeba631cb8f76,161,0.08121078890386195,-0.0645430384411575,0.049288826555020496,0.07159939162224704,0.0416281592658095,0.049288826555020586,0.5814038125552309,0.7431492168748539,1.061825949736408,-10.391429189026356,0.35661404215985015,0.82536213378882,0.27899748666139573
site_71e9fd683ed1988c,57,0.09709627370431267,-0.07821460521221162,0.05753400645497133,0.09840002589914755,0.0545588085373198,0.057534006454971344,0.5544592904196831,0.8707193107166199,0.5373781229339797,-4.458232497096062,0.2664484034353181,0.5519062105263158,0.1696698245736794
site_72da2835c7ea074f,53,0.08710277477228211,0.08281643544502978,0.02698761555251076,0.02941610428270942,0.019442297422490963,0.026987615552511408,0.6609405934802525,0.4502218359952039,0.40210534877063797,4.389271078586579,0.01364693626618048,0.045861281132075486,0.020034155240423734
site_72f791e7a3b14404,210,0.0930538497016246,0.00843942724420911,0.0926703567063505,0.09892015738002866,0.043838675868628864,0.07881234154101373,0.44317232230242704,0.6336452746438423,1.8183939783014336,1.7722797212839132,0.5770423951768285,2.0548914825788236,0.40358419540208756
site_734432da6e99253a,201,0.0582201239314076,0.03504425103747429,0.046491755181009696,0.05636410211409862,0.052004316473468495,0.04649175518100978,0.9226496036110973,0.6345365942820964,0.6813061489482806,7.043894458532333,0.37384770273862045,0.6385593134328358,0.543594235306406
site_73483f87b1a225a5,300,0.08397078599504226,-0.0392035589748621,0.07425748355775123,0.10228068846724357,0.055229686659224855,0.07425748355775133,0.539981569217856,0.7078759274851727,2.1153278701875555,-11.76106769245863,1.1996225486219676,3.1384017699999998,0.9150954865428479
site_734a8ec3d3587deb,510,0.0718517015416944,0.06605366147394275,0.02827686015671652,0.03817370726275138,0.03159346144816534,0.028276860156716876,0.8276236109504926,0.6864608684960986,2.6329601773627322,33.6873673517108,0.4222284675947883,0.7431882823529411,0.509054871201122
site_73fced68c3c0a0ff,515,0.05847366820257083,-0.007609123153246724,0.05797647038155279,0.06600998664793696,0.05467430339149293,0.05797647038155281,0.8282732078571278,0.5521295950461068,1.7608724846281365,-3.918698423922063,1.0262216177059609,2.2440189436893205,1.5394789174426826
site_741bd07218da164c,66,0.017324070008343108,0.0022577574239535767,0.017176318961539913,0.022582272244902273,0.021583039779236597,0.01717631896154075,0.9557514649177413,0.6983678305579415,0.019808144509162226,0.14901198998093607,0.022465102861951473,0.033657295303030306,0.03074462200339921
site_74428aba30f813ae,171,0.03020774372839822,-0.017401676709819257,0.02469188994077845,0.05189618521505716,0.05907643439774116,0.02469188994078003,1.1383579381206756,0.9089754907890036,0.15603883057845952,-2.9756867173790926,0.4765385003912649,0.4605396008187134,0.5967942922967551
site_7463527a899d9995,969,0.06374895073589654,0.029058116465591675,0.0567411190178681,0.087765574681036,0.06776489890043326,0.05674111901787012,0.7721125184528143,0.7629623395189656,3.9379469296100025,28.157314855158333,4.396994010301659,7.4640094200206395,4.449726995773377
site_74ac127e792b6d34,11,0.1185112191350737,-0.11704529413960195,0.01858246971356381,0.020652008486959673,0.017049430086657994,0.018582469713563823,0.8255579643705618,0.5280816329432093,0.15449399966969604,-1.2874982355356215,0.0020453418709337717,0.004691559999999998,0.0031975137290782274
site_74d6733a337aa5b5,241,0.05266318242035016,0.02291650567039909,0.04741565722941784,0.06300647379505633,0.07011051363973443,0.047415657229419914,1.112750951081403,0.7512372562627104,0.6683919986160178,5.522877866566181,0.7997651651462083,0.9567255933609959,1.1846316736014004
site_754a56eb31e06ac7,75,0.06955301937665406,-0.031543070085048676,0.061989170296261616,0.11176147139729725,0.05626303050655417,0.061989170296261616,0.5034206314853045,0.9393626308887081,0.3628216878306912,-2.365730256378651,0.4430061696244279,0.9367969866666668,0.23741464513360844
site_756658a5e0df9526,54,0.09428580848038506,-0.07722907689589041,0.05408773763625633,0.05108336622828042,0.0056616950901160175,0.05408773763625795,0.11083245894201915,-0.49083706835961943,0.480049938763192,-4.170370152378082,-0.007665793184770481,0.14091355648148152,0.001730958729845966
site_75a0a6603ab1116e,378,0.05177272702865872,0.011149883666524182,0.05055784170835407,0.09667253597122769,0.056107959976569685,0.050557841708354145,0.580391932547098,0.9160588173570738,1.0131969697859553,4.214656025946141,1.8782039478447623,3.532628941798942,1.1899829992928266
site_75b87fcb8d56b55c,180,0.13046240640766277,-0.1204368650525146,0.05015377375632418,0.07387945143573038,0.06152061099919202,0.05015377375632424,0.832716131530976,0.7400876316821458,3.06367910742207,-21.678635709452628,0.6054802110142012,0.9824712019999999,0.681261403988503
site_75f094d197034591,390,0.03404119892426057,-0.011657905497459266,0.031982752595944394,0.03546651326878781,0.01865953528704824,0.03198275259594672,0.5261169922635023,0.44059032427305206,0.45193325743842083,-4.546583144009114,0.113715294607232,0.49057068974358975,0.1357895202801534
site_76b0c722c519421c,779,0.04360966134801807,-0.03328128377345315,0.028180821728255274,0.040418565595877066,0.03222729738952838,0.028180821728255364,0.797338968229386,0.7209149511905752,1.4815041964903914,-25.926120059520006,0.731520116932537,1.2726214865211811,0.809068384988787
site_7701ccd363543751,52,0.02389841233530007,-0.0025388565089267037,0.02376317150077201,0.04547414572033303,0.058134679120582115,0.023763171500772045,1.2784116820602114,0.9235142590716835,0.029698973831697176,-0.1320205384641886,0.12695411366747264,0.10753069230769231,0.1757413276555584
site_772df34a4c6e4a0a,60,0.2766385706239343,-0.27003798134684565,0.060069854228008195,0.044547060602618135,0.03001618532465321,0.06006985422800832,0.6738084380563841,-0.27034539230187576,4.5917339254112095,-16.202278880810738,-0.02168926191590725,0.11906643649999998,0.05405828288663561
site_783ea304b6cb08b0,11,0.16601869262110266,-0.16527095712748444,0.015739028870466448,0.03451624841952958,0.04344723852926519,0.015739028870472276,1.258747416613284,0.9440015838897394,0.3031842692958218,-1.8179805284023287,0.015572243010455912,0.013105085454545456,0.020764287894007527
site_792ac7c0f3887a80,3,0.16992225837185287,-0.0319422750631968,0.16689297454949326,0.15293900745068276,0.016386325262530504,0.16689297454949353,0.10714287699176088,,0.08662072167057218,-0.0958268251895904,-0.006291619947552681,0.07017102,0.0008055349668283363
site_794f4adab7e8609a,986,0.06946649455268897,-0.004186648164994817,0.06934021807422668,0.08664961290865873,0.05686807506639677,0.06934021807422704,0.656299239632426,0.6021259356307,4.758035551322623,-4.1280350906848895,2.9254952954434112,7.403041241379311,3.188702270292735
site_79798e714cfe0874,3,0.13900433770162937,-0.09577512486775717,0.10074388992109716,0.07258178528773977,0.0812757208047114,0.10074388992109715,1.1197812299946304,,0.05796661769960586,-0.2873253746032715,0.0025867904871702202,0.01580434666666667,0.019817228376976193
site_7a906ff08163d278,8,0.11214981632482736,0.11010599224865436,0.021313183071324165,0.04675608082110818,0.04388361554496636,0.021313183071324245,0.9385648834184358,,0.10062065041354011,0.8808479379892349,0.014630604137666522,0.01748904875,0.015406173706387305
site_7c54957b5bc14b62,396,0.027596013750939886,0.02084820631507671,0.018080162288709106,0.022025910320260998,0.012469332225573497,0.01808016228870942,0.566121083953716,0.5711533560610225,0.30156983007705707,8.255889700770377,0.0621190752339634,0.19211572727272727,0.06157176147608337
site_7ce6c15ef40a9887,868,0.13354707712900618,-0.11673131211650674,0.06487389753405769,0.07566468504602744,0.044302205134513134,0.06487389753405776,0.5855070315506334,0.5189574435736114,15.480625330820232,-101.32277891712785,1.5099759949498437,4.969425480783411,1.703610909649458
site_7d5d2b00a197b946,177,0.08078194428635471,0.04395447516387466,0.06777703619775685,0.09956295488153498,0.05728820943195044,0.06777703619775813,0.5753968381122763,0.7539727290877503,1.155052886515018,7.779942104005814,0.7611879945684792,1.754562411299435,0.5809031923656658
site_7dc3504cdb8699cf,179,0.06290703003120962,-0.055222783402690684,0.03012870094456483,0.043815180527190765,0.0381056159176124,0.030128700944565816,0.8696898074849849,0.7379201110957947,0.7083557024952043,-9.884878229081632,0.22053421026930298,0.3436388379888268,0.2599147956384466
site_7de361dfa684e7f9,3,0.04612220787491227,-0.04553710162639618,0.007323280325365524,0.04027681991198192,0.03377064215784674,0.007323280325372263,0.8384634693515199,,0.0063817741777698585,-0.13661130487918854,0.004063572088877361,0.004866666666666669,0.0034213688152600064
site_7df014884b3dac8e,148,0.16637105792820225,0.16054085409762084,0.043657337089607735,0.03602433790981813,0.05315967046538459,0.04365733708960856,1.4756598885581842,0.579031813087903,4.096540679590086,23.760046406447884,0.16411278990142653,0.19206743243243243,0.41824068347026583
site_7e8e5e3d7101de47,48,0.040394868599768555,0.023365891547004386,0.03295118391509168,0.059163375348596274,0.03348946550283979,0.03295118391509173,0.5660506234729957,0.8923383264246874,0.07832377964124324,1.1215627942562105,0.08486565026156605,0.1680146391666667,0.05383412638396301
site_7f0acd7df3af84c3,388,0.09597404218216708,-0.03578690831040599,0.08905231028090727,0.09903529517662706,0.03695942248699751,0.0890523102809074,0.37319444972705207,0.4430901668757395,3.5738745078403418,-13.885320424437525,0.6292728791758418,3.8055,0.5300075773020823
site_80ae082a98e7f1d4,133,0.05699167683002247,0.0029379699552865854,0.05691589901283783,0.08540269575418945,0.05212297263290077,0.056915899012837924,0.6103199925084785,0.7605405831975944,0.4319908133103968,0.3907500040531159,0.4502718429892583,0.9700515187969923,0.36133496871998627
site_81129771a744e168,1,0.03511836123466494,-0.03511836123466494,0.0,0.0,0.0,0.0,,,0.0012332992958084172,-0.03511836123466494,0.0,0.0,0.0
site_8126bf120df6e8fa,258,0.04605176776451921,0.027263193381040596,0.037114466194533846,0.05492842855649593,0.03124908188088431,0.037114466194533846,0.5689054411732073,0.7620769686799069,0.5471574510732005,7.033903892308474,0.337483837772103,0.7784201240310078,0.25193832054673876
site_814a74a697656439,144,0.07305052821919165,0.06503698404257496,0.033265152633781284,0.03232151845992938,0.047294591977021724,0.03326515263378139,1.4632540248891839,0.7113834932106916,0.7684386729268199,9.365325702130795,0.15659197963774205,0.150434,0.32209609395930733
site_81c3c43b60e335cf,79,0.13029691807404775,0.09691859282662596,0.08708658463909233,0.08524339088629278,0.019363203664893955,0.08708658463909238,0.2271519640827378,0.01735630610993822,1.341205661908014,7.656568833303451,0.002263196813456615,0.5740484194936708,0.02961975883728485
site_81d19e24593ab11d,26,0.05811066675397513,-0.03322906452646622,0.047672621716111814,0.05531043376109283,0.030330876818313993,0.047672621716112,0.548375320094664,0.5086174047642229,0.08779808935538032,-0.8639556776881216,0.022184855031565975,0.07954034615384616,0.023919014302761166
site_827e793321bdd790,11,0.12043174027666931,-0.07112765682502226,0.09718364317439944,0.127330732236569,0.06165613944253626,0.09718364317440012,0.4842204105760166,0.6731823668020878,0.15954184472673846,-0.7824042250752449,0.058134639212150466,0.1783442690909091,0.04181627484053224
site_82fc0f846e9a1ddb,251,0.1691579446454186,-0.16433264343130635,0.04011474217219437,0.06195967850119999,0.06072585787336187,0.04011474217219437,0.9800867167537962,0.7863592181294246,7.1822169694022895,-41.24749350125789,0.7426385988782157,0.963589441752988,0.9255950834283921
site_83403fd7c9ad70f1,108,0.056925031409900885,-0.04960726764058624,0.027920927603742783,0.04540135475452196,0.03593201720827849,0.027920927603742807,0.7914305069211547,0.7885479327706166,0.34996959370996583,-5.357584905183314,0.13893199250122049,0.222618565462963,0.1394398649508503
site_8350ab85e51c782b,81,0.06300321545685277,-0.020384849384095936,0.059614285817162445,0.06538657500920378,0.04360402680589357,0.05961428581716517,0.66686512942077,0.45996908927298474,0.3215218177901116,-1.6511728001117707,0.10622551700112261,0.34630773950617283,0.15400620344881588
site_84025ad53bb001c3,582,0.0768801043122174,-0.02566717723145108,0.07246893439279142,0.09712693086174341,0.058369730080354974,0.07246893439279146,0.6009633946267913,0.6693027471999183,3.439940355531423,-14.938297148704528,2.2083756141483635,5.490378886597938,1.982888776778335
site_841029a3fc0d0421,80,0.07203397234955443,-0.047799415435642006,0.05388978619801047,0.06869845226604454,0.04651662856128856,0.053889786198012934,0.6771131958132957,0.6225966382668779,0.4151114537965097,-3.8239532348513605,0.15916660079965367,0.37755818750000003,0.17310373861671097
site_84dbfb194c437ec0,301,0.053370727471030985,0.025101388512556735,0.047099414492419604,0.06362632770447298,0.05446575456355081,0.04709941449241973,0.8560254304873519,0.692040704461585,0.8573787997869056,7.555517942279577,0.7218692093466801,1.2185411827242527,0.8929220444732637
site_863f22c1c90857e1,146,0.062111014544414436,-0.05632727994269705,0.026172803861900254,0.040772729973309975,0.01909390685972161,0.026172803861900462,0.46830091760401066,0.8618873908554517,0.5632356066495233,-8.22378287163377,0.0979643302454983,0.24271266438356165,0.05322828275848769
site_86b7f22d3a648755,251,0.08059204142327238,-0.03396533690866722,0.0730851081236881,0.10012945980962007,0.05574895817719702,0.07308510812368862,0.5567687899564686,0.6979813859290185,1.6302643623333832,-8.525299564075471,0.9779489647848197,2.516503089163346,0.7800945307985586
site_86deda94196a1d6c,8,0.03747744207860416,-0.02635385421514511,0.02664644503047279,0.06693551817794496,0.06835282822023764,0.026646445030473833,1.0211742596587485,,0.011236469318041037,-0.21083083372116088,0.03376975874677301,0.03584290875,0.03737687300564252
site_86f357dc9d6e4680,58,0.16208389551215432,0.13211548889669877,0.09389721389892897,0.10935828825954741,0.03328329433871297,0.09389721389892901,0.3043509080877298,0.5838674283566202,1.523728972694908,7.662698356008529,0.12325945733831875,0.6936356422413793,0.06425110555816937
site_87666ca1581a674d,87,0.15466561775860904,-0.14565624912168787,0.05201644363519056,0.06475606432062356,0.07178799406373412,0.052016443635190625,1.1085910611907126,0.7143010063438323,2.081166438548738,-12.672093673586845,0.2888901794049247,0.36482126436781603,0.4483558999774411
site_87ec218e6b6d4b81,397,0.11507047225962035,-0.10479257001121638,0.04753662647366096,0.03664557177826156,0.056756625640338766,0.047536626473660984,1.5487990195313925,0.5539941578024706,5.256761793662665,-41.6026502944529,0.45743960326457733,0.5331304785894209,1.2788618779687915
site_88607d4559554ef6,42,0.04562061910565356,-0.04044182054414636,0.02111160909684965,0.035382426425744774,0.036277691304840175,0.021111609096849712,1.025302529236491,0.8266979376009056,0.08741211727849116,-1.6985564628541472,0.04456802589801096,0.05258047619047618,0.05527497722918961
site_88b325bed90e5cd8,187,0.05295008441400782,0.00466926834481285,0.05274380885539727,0.09319952033418968,0.050803218309530676,0.052743808855397506,0.5451017143367618,0.896040429386029,0.5242940391772537,0.873153180480003,0.793366967499814,1.6243101604278074,0.4826408272432908
site_88edadfb8f5755a7,34,0.07338780547872661,0.0013271884734139718,0.07337580366673645,0.039224853095276485,0.07679749612237492,0.07337580366673645,1.9578784893300976,0.34066791334235824,0.18311617976143615,0.04512440809607504,0.0348914111036369,0.052312029411764716,0.2005270839626505
site_8905c26daaab430e,211,0.1240759232826167,-0.11608327873644388,0.043812180226859995,0.06516121103503932,0.04168882023970513,0.043812180226860106,0.6397797029476276,0.7481028855925395,3.2483101298095285,-24.493571813389657,0.42879778914170347,0.8959025023696682,0.36670908165845256
site_8922fa4ef2bfa4f1,176,0.069236322172077,0.009155912102962079,0.06862825643624114,0.06597570693034428,0.05187752017015124,0.06862825643624128,0.7863124562639761,0.34099736823947274,0.8436856221931528,1.611440530121326,0.20541254117864777,0.7660917272727273,0.4736647694247829
site_899e1b3be68444b6,2,0.10710212541397938,0.10381156929731368,0.026344322884082796,0.025599999999999998,0.05194432288408333,0.02634432288408385,2.0290751126595055,,0.022941730536383535,0.20762313859462736,0.002659549331665039,0.0013107199999999996,0.005396425359771806
site_89b67bc04797f8a3,780,0.049716040617532486,0.039008624734786834,0.030822262911485196,0.03002518173902597,0.035224838605069204,0.030822262911485335,1.1731765326597456,0.563659523520424,1.9279140618536288,30.42672729313373,0.4649926718696952,0.703179,0.9678156187074753
site_8a227a0556c22f70,136,0.036758884167850156,-0.002006568340694201,0.036704076732149905,0.06560314944766311,0.05008173812664342,0.036704076732151675,0.7634044790273009,0.8316438306217281,0.18376531687609776,-0.27289329433441134,0.37160398344853346,0.5853131575735293,0.34111254715485373
site_8adbe57839dd7587,31,0.04118320194894226,-0.03774354765684374,0.016476672389864607,0.012507229959055654,0.011574059581115567,0.016476672389864614,0.9253895242195942,0.06531154509227947,0.052577739805788205,-1.170049977362156,0.0002930883125912752,0.004849354838709678,0.004152724510803604
site_8b5408c589cc3993,120,0.09124602565010609,-0.029166056147019066,0.08645911383867377,0.08819829703571379,0.043434469296796084,0.08645911383867456,0.4924638089010759,0.28587865825108455,0.9991004636327784,-3.499926737642288,0.13141886143952608,0.933472752,0.22638637477131862
site_8b64753d75204fe6,178,0.10565961772406761,-0.01873834046118715,0.10398475568253616,0.11118993593674281,0.07436776342610733,0.10398475568253618,0.6688353833427513,0.42816436021191273,1.9871839575321062,-3.3354246020913125,0.6302033641872907,2.2006499299438205,0.9844404341862611
site_8b8c1728607fc339,11,0.06942100894791793,0.06356442130045457,0.027907719865392415,0.07558856116180805,0.09338916326391791,0.02790771986539452,1.2354933316431986,0.9672779845564099,0.053012041316815924,0.6992086343050004,0.07510979061058976,0.06284993636363635,0.09593689396648186
site_8bf3ec991527937e,292,0.04312038487251812,-0.03486704238465388,0.02537039508759845,0.04562141821773009,0.0503646495748406,0.02536826036170491,1.1039693973228375,0.8648542960647749,0.5429353367337941,-10.181176376318932,0.5802570116092847,0.6077436296575343,0.7406865946245756
site_8c584caec5491a2c,154,0.06694012679551416,0.050281194626510914,0.0441902935307115,0.08113238142631385,0.07795981951363189,0.04419029353071151,0.9608964773755181,0.846427139988182,0.6900710086115249,7.74330397248268,0.8244709343772818,1.0136993506493508,0.935970952624101
site_8cafedb38b43a4db,149,0.061238046648843775,0.031641251892451476,0.05243023494172425,0.10546118493910432,0.08988492858189363,0.05243023494172498,0.852303419820242,0.8678018956249548,0.5587646552475289,4.7145465319752695,1.2257062122271265,1.6571871677852348,1.2038157575396455
site_8cc96a31a772bfea,373,0.09491262265751503,-0.07475972174663327,0.058475549968288486,0.09165065045932753,0.05212798416174608,0.058475549968288715,0.5687682946110598,0.8056175776262797,3.3601354155184824,-27.885376211494208,1.4356356936613193,3.1331409651474527,1.013562871322184
site_8ce1daba0ed42d33,7,0.06115055046021213,0.05403238029479981,0.028633751086175906,0.08287262170687873,0.07351081634701756,0.028633751086175902,0.8870337975673802,,0.02617572875110865,0.3782266620635987,0.040081369465589524,0.0480751,0.037826880840034605
site_8cee030029879195,657,0.1482124882716918,0.13945539812718716,0.05019097142787844,0.06407762573347169,0.07769808881054609,0.050190971427882335,1.2125619187846968,0.765640392654286,14.432280683553955,91.62219656956196,2.504418796552677,2.6976039726027397,3.966304404161161
site_8e38800fbe0e21e5,171,0.04040613591101295,-0.019915212630598166,0.03515736231768978,0.041607609617375106,0.06797602270833768,0.03515736231769191,1.6337401579530124,0.9044049203512305,0.2791841450933318,-3.4055013598322863,0.43740882723329266,0.2960340334502924,0.7901464824147992
site_8e3ea373de88dc00,149,0.03727161513473296,-0.017580445019590777,0.03286489384837262,0.055335226554785746,0.05152111984087178,0.032864893848373204,0.9310727189281907,0.8131218976546337,0.20698682091799658,-2.6194863079190256,0.34540523206972634,0.4562361073825504,0.3955094426589633
site_8e6ad22dcccafcc7,320,0.07624996862291797,0.034403519066050645,0.06804745102403076,0.07619476867500484,0.039042153391310126,0.068047451024031,0.5123993952634391,0.4537229064098816,1.8604984687987123,11.009126101136207,0.43191630784003066,1.8578056875,0.48777271725778837
site_8e827922ba5b5da3,25,0.03503033096508793,0.001048384040117265,0.035014639487334805,0.011159222912013187,0.040964865876029495,0.03501463948733539,3.6709425198352994,0.6306913322058729,0.03067810218808996,0.026209601002931626,0.007207793922662739,0.0031132064000000017,0.041953005906027144
site_8ea1310ade5fc61a,6,0.038121215410092404,-0.030893755982319512,0.022333895890497113,0.08628036502524135,0.07819230037666353,0.022333895890498803,0.9062583399338696,,0.008719362386056,-0.18536253589391707,0.03917860296430687,0.044665808333333334,0.036684215029166245
site_8eb987af49bead43,440,0.0464647592228715,-0.018633632601662117,0.04256479279528677,0.06812741162612912,0.042318926522377016,0.042564792795286834,0.6211732621608408,0.8013089978705015,0.9499484938413457,-8.198798344731332,1.0165043176588686,2.0421914545454545,0.7879922784827917
site_8fa7ffd1566cb92a,51,0.05551483689430101,0.016504081427349764,0.053004833851642764,0.06789407466676178,0.029324032215131315,0.053004833851642764,0.4319085628467544,0.6680281217655611,0.1571767528854431,0.841708152794838,0.06782979162852554,0.23508987411764704,0.043854842133057015
site_8fd20385af85644b,310,0.06436547716358952,0.05455865872079326,0.03415065752053061,0.04176149128091864,0.03549602343857269,0.03415065752053169,0.8499702081949184,0.6198608650556433,1.284303541653935,16.913184203445912,0.2848469758553611,0.5406468677419355,0.39058998078502744
site_901a320e9c405a2e,98,0.03885629378565666,-0.01654140556527644,0.03515954306702949,0.045669371385158516,0.04902428853770339,0.03515954306702956,1.073460988202591,0.7264430341074226,0.14796153354221148,-1.6210577453970911,0.1593910651524,0.20439776530612244,0.2355313249295436
site_90c4f5b431597729,821,0.06513382605453844,-0.01082807678463398,0.06422747114474414,0.11173785338653891,0.07429637912078962,0.06422747114474434,0.6649168287113356,0.835979487524814,3.4830229584288563,-8.889851040184498,5.697794095789671,10.250470609013398,4.531880551327745
site_912580bb93bae080,334,0.026169655651235177,0.013893755688371059,0.022176889542406125,0.04433524401755523,0.03796360160627139,0.022176889542406163,0.8562849364545982,0.8659587203189493,0.22874019288601127,4.640514399915934,0.48681075803304236,0.6565150299401197,0.48137250567117695
site_912957a44bff743f,166,0.0457798330664076,0.027574905524483648,0.03654336739962463,0.042314771496204724,0.03437516232919411,0.03654336739962534,0.8123679063770265,0.5626287967229445,0.3479016571876324,4.577434317064285,0.13585223959552867,0.29722962120481927,0.196154196336302
site_916f2628195f7cd3,128,0.021983390408100358,0.0012449207849334924,0.021948112130071674,0.0258360213537156,0.01901850375007773,0.021948112130071674,0.7361235497408579,0.5571079322748698,0.061858490090874726,0.15934986047148703,0.03503896692525886,0.085439999921875,0.046298046066140255
site_917287f92c952f20,38,0.060368268318485234,-0.03000299817668764,0.05238461530050885,0.07256406401536915,0.03626095835025451,0.05238461530050905,0.4997095854853774,0.7289811870948705,0.13848445715135987,-1.1401139307141304,0.07288879876774002,0.2000906486842105,0.04996456981819791
site_91e14ae535f79ace,96,0.05610666683133073,-0.02210649422369897,0.05156802280541219,0.07714961114613605,0.03892809919811433,0.05156802280541235,0.5045793312474006,0.8004891449185639,0.30220397404050703,-2.1222234454751012,0.23079352469369768,0.5713980000000001,0.14547810308911008
site_91ea89ee8d5d5b53,178,0.07957767864238972,-0.0652902197456092,0.04549499031411604,0.06795773599882206,0.05822558324471355,0.0454949903141164,0.8567910980101339,0.7504245847505191,1.1272040349838381,-11.621659114718437,0.5285423671506094,0.822049191011236,0.603458900865298
site_91ee6299c921b981,293,0.1032257315713498,-0.0749639032137272,0.07096453250323928,0.0884706502014643,0.03070282696870744,0.07096453250323964,0.3470396894200657,0.687287107985114,3.122076635923026,-21.96442364162207,0.5469950573291541,2.2933273924914674,0.27620043007402395
site_92ac3b6c2c87c639,732,0.055446835136530426,0.03148234785515103,0.04564223154256212,0.040459181415225275,0.03921939495537457,0.04564223154256226,0.9693571047044427,0.3440583525352545,2.2504253175133524,23.04507862997055,0.3996328384651512,1.1982440040983606,1.1259338085672632
site_92b0fa719fa97ab5,94,0.09114596549019433,0.07192189647035396,0.05598953324727203,0.04882004723699809,0.08266229559509476,0.055989533247272696,1.6932039248919333,0.7535011755802387,0.7809131803631312,6.760658268213272,0.2858363417252265,0.22403931914893616,0.6423071806267773
site_92d25300e45f668d,35,0.032302693115996435,-0.004633211508819036,0.03196869302396941,0.04039826223783313,0.023306949764151024,0.031968693023969416,0.5769295131295021,0.6124069823366247,0.03652123938911852,-0.16216240280866628,0.02018163289598056,0.05712068571428571,0.019012486755803082
site_92f4bc71b766e85f,213,0.15795881893480743,0.14813685782386662,0.05483119398071502,0.07759476760749293,0.08545300612802503,0.05483119398071602,1.1012727889112626,0.7779491464965054,5.3145605460864855,31.553150716483593,1.0987290167922914,1.2824619154929577,1.5553720625953686
site_9325c992d0f1e0e4,864,0.16537082265613776,-0.14916175450063826,0.07140224072295685,0.0828518450934098,0.017664396949864044,0.07140224072295685,0.21320462966091633,0.7099896091724581,23.628247763876146,-128.87575588855145,0.8977734034814855,5.930865995370371,0.26959471453644435
site_93742f2df91eb28f,113,0.0874544620730722,-0.040144694925725984,0.07769611577042196,0.10567964792962681,0.08681689015924567,0.07769611577042221,0.8215100244945739,0.6904076297066921,0.8642559718234178,-4.536350526607036,0.7157800808667477,1.262005242477876,0.8517004831122454
site_93e093b0ecc1d78c,41,0.06107624382106612,-0.02516991383622333,0.05564874658756844,0.06770100712145112,0.05849700882411653,0.05564874658756861,0.8640493149411614,0.6197176304647527,0.152942609930903,-1.0319664672851565,0.1006251399021323,0.18792048097560976,0.14029790169611944
site_94398cd24f99ecb3,80,0.130098635987745,0.12692755495458843,0.028549095942283536,0.051530208070121354,0.05177878467443852,0.02854909594228879,1.0048239006521944,0.8472757328070349,1.3540524068697417,10.154204396367074,0.18085416027959433,0.2124289875,0.21448340338894956
site_947d9a648844f933,171,0.05667176214785532,0.01408709861033144,0.054893007548192194,0.07570941371040533,0.058683121580674305,0.05489300754819223,0.7751099725212774,0.6935144529751457,0.5491987548652678,2.4088938623666762,0.5268836443394379,0.9801575204678362,0.5888741976953266
site_948f865f7f081052,88,0.06355413044875065,-0.026548260446163742,0.05774354824895569,0.04972253109145285,0.045474875599671845,0.05774354824895571,0.914572822450079,0.26667622446289735,0.35544321974451976,-2.3362469192624093,0.0530629899609326,0.21756504863636364,0.18198085935089542
site_952481bd3cb76606,468,0.07627116917806727,0.06490463663438956,0.04005844968476956,0.04006566950554013,0.04702937979343252,0.04005844968476986,1.173807411028773,0.5870572089264511,2.7224923039654194,30.375369944894313,0.5176878046551544,0.7512606845299146,1.035104879837302
site_9563943b41248204,316,0.10033289634185483,-0.06957389220727395,0.07229220989481516,0.09019840954496701,0.031177350090297814,0.07229220989481516,0.34565299152813594,0.6901517044768616,3.1810740679171423,-21.98534993749857,0.6132954277957353,2.570897974683544,0.3071605821343458
site_956a5215e9d24ea6,175,0.04778416008390155,0.028668969415255957,0.03822847299580574,0.01670143486442444,0.03821866721464882,0.03822847299580691,2.288346332209936,0.21791119725591043,0.3995820421116878,5.017069647669793,0.024341476477810313,0.048814137142857136,0.25561664164121267
site_9573cc360aa7a95d,83,0.13574678107208957,-0.1038873835184488,0.08737619880221702,0.11377192578114367,0.05484813088430775,0.0873761988022176,0.4820884458773762,0.666468900287393,1.5294566514290069,-8.62265283203125,0.345187390273594,1.0743562409638554,0.2496903493046787
site_95a6e0674f2876c2,37,0.03171754148076762,-0.016070392286455314,0.027344925111319147,0.0332113668309311,0.040375506591236635,0.027344925111319193,1.2157134873965285,0.7403211827931961,0.037222090190615946,-0.5946045145988466,0.036730482563779164,0.0408108108108108,0.06031671670246275
site_95aa1a90ae6a3184,54,0.09841168029617249,-0.0702718961371316,0.0688964399080842,0.1165631007102502,0.054664470470333085,0.068896439908085,0.4689689115787743,0.9281780374139063,0.5229823762106675,-3.794682391405106,0.31936791636849987,0.7336956481481481,0.16136303391730356
site_95c50f37760ba8b9,9,0.07531818200680959,0.024720698502328664,0.07114573498367883,0.09212163188810973,0.06410254112594235,0.07114573498367885,0.6958467822606621,,0.051055456867298066,0.22248628652095798,0.03390216855373648,0.07637755555555556,0.03698222200922818
site_960e43f47225dd5e,138,0.06118054919677912,0.04111319045528121,0.045307451601334675,0.06162213300253731,0.03004822170403842,0.04530745160133557,0.48762060383078876,0.7148863024749962,0.5165422248026924,5.673620282828807,0.18267182355975545,0.5240256440579709,0.1245995966053563
site_96144cbf74954033,5,0.085574172083915,-0.05970797271966934,0.06130168775453674,0.06162381357884304,0.0035569101537814667,0.061301687754536746,0.057719734421023246,,0.03661469463923749,-0.2985398635983467,0.00013062272071838368,0.018987472000000002,6.325804921036848e-05
site_96a5abc509a3a15b,35,0.03050160025772986,-0.014880273487227305,0.02662564701988792,0.022232226287852635,0.011735210746733784,0.026625647019887927,0.527846855946484,-0.14744741907947492,0.032562166639882116,-0.5208095720529556,-0.001346415389254689,0.017299516,0.0048200309944589625
site_96e92296d2491d86,411,0.105483591483033,-0.09550257661113486,0.04478890412584031,0.06056773353189755,0.0435886020578362,0.044788904125840336,0.719667049038257,0.6746753515192206,4.573109897657511,-39.25155898717642,0.7320671668803713,1.5077330918734793,0.7808861202654813
site_96ea37eab36e72c1,208,0.10052264949621047,0.04033563387749287,0.0920751850469975,0.09320942947555405,0.038483897809314965,0.0920751850469975,0.41287558593423324,0.23573168758276694,2.1017990368415003,8.389811846518517,0.17588151696099397,1.807103530576923,0.3080501612443418
site_971bf07b5c1c6549,83,0.09323224748223667,-0.06469023488515831,0.06713736278028855,0.038328808352425206,0.05126620505110153,0.06713736278028867,1.3375371490738694,-0.10435365913276595,0.7214569135588893,-5.36928949546814,-0.017019322267892857,0.12193509662650603,0.21814257376835178
site_97832a03d9613f37,33,0.05545720536402501,-0.044497318447539305,0.033098191457629864,0.02205277916432583,0.041993422619589174,0.033098191457630016,1.9042236040489977,0.6232143607747098,0.10149155368399225,-1.468411508768797,0.019045658517798242,0.01604872727272727,0.058193768929144976
site_978ff47db3a1c5a1,160,0.10106902954899324,0.0013392624058574444,0.10106015589827441,0.09184001834863305,0.04685740308973716,0.08314508601049449,0.5102068132419377,0.4318809582,1.6343917974360431,0.21428198493719108,0.2973679893519071,1.349534235244361,0.3512985958902575
site_97ad06a1706d85fa,20,0.15633264063186336,-0.11636832207441332,0.10439496225640846,0.13773162309360912,0.04255568902246516,0.10439496225640899,0.30897544127206167,0.8430500929285822,0.48879789053862666,-2.3273664414882664,0.09882678523659706,0.37940000000000007,0.036219733363535234
site_98378de2aa945723,63,0.06685715062246544,0.0034875381598396876,0.06676612664322151,0.07102104202402895,0.03228597785482873,0.06676612664322165,0.45459735501916787,0.35513925488157344,0.281602351129367,0.21971490406990032,0.05130269894240394,0.3177712698412698,0.06567021506067694
site_9898264bce191dea,842,0.05979415133766188,0.053577052452799256,0.02654882266054764,0.03291723712311613,0.03925173359806343,0.026548822660547866,1.192437064242518,0.7427693575289063,3.0104367297890002,45.111878165256975,0.8080687074624736,0.9123444688479809,1.2972682131617135
site_98b84b664f32321c,921,0.057371955933951634,0.02506699884487933,0.05160607422191797,0.07331291176989707,0.04349034622571829,0.051606074221918756,0.5932153719691134,0.7218355127100651,3.031509562799992,23.086705936133864,2.1196844243662802,4.950175172638437,1.7419888078610541
site_99359b775dbc987c,101,0.04838126414460806,0.03788711001259266,0.030088429921217873,0.07322723950169584,0.08116883770552484,0.030088429921219743,1.1084514213272383,0.9291489538955694,0.2364154187432641,3.826598111271858,0.5577874078212104,0.541585089108911,0.6654264016610489
site_9963ae44b09a6e46,127,0.08339900791675005,0.0701767386620439,0.045062399761412304,0.027516644532563424,0.052637146047003855,0.04506239976141235,1.9129202321421357,0.5168521957704068,0.8833351042302634,8.912445810079575,0.09507315237603085,0.09616004724409448,0.3518749812846489
site_9978a236cbbfb40f,39,0.03286837838332217,-0.022080570126191166,0.02434704746887381,0.028855235037790413,0.015476391414137796,0.02434704746887382,0.5363460527654361,0.5367123714079475,0.04213288160442037,-0.8611422349214555,0.009347608916843546,0.03247235897435897,0.009341228956940326
site_99e4e71469e203aa,104,0.08952095426064154,-0.06459664089840192,0.061978022204478116,0.08945387484020753,0.05620330384383848,0.061978022204478116,0.6282936758663062,0.7279345050324443,0.833456130180531,-6.718050653433799,0.3806156562266012,0.8322075552884616,0.32851638174813425
site_9a39d33121ec563e,282,0.06422546706004414,0.05192812148074732,0.03779392568338945,0.06992849898340395,0.06854598769154513,0.037793925683389455,0.9802296443945274,0.8512022911914411,1.16322479458079,14.643730257570743,1.1505834877968946,1.3789785815602835,1.3249917848678665
site_9a5b564ee1a1517d,676,0.11448968665626602,0.10441940285341274,0.04695185468526965,0.022137521158280847,0.05888111074675228,0.046951854685269676,2.659787892499743,0.6722680517622184,8.860932525039384,70.58751632890701,0.5923714949472703,0.3312872138905325,2.3436819970734035
site_9a64702d11a0ca56,5,0.06794094196808519,0.06567952630519866,0.017383078548848456,0.08368385746367096,0.09410714355273,0.017383078548849476,1.1245555164995114,,0.023079857977553596,0.3283976315259933,0.03889242761954665,0.035014939999999994,0.04428077233827066
site_9a99fb7f0cd8cd33,110,0.044752834458088975,-0.0028235905491222025,0.044663671237864265,0.05151657019793416,0.04477801823200305,0.044663671237864265,0.8691964169966943,0.577460754502258,0.22030978112364275,-0.31059496040344226,0.14653014163151384,0.29193527054545454,0.22055780084641574
site_9aa6317ba764d9b9,127,0.08616522222751206,-0.052620539560092716,0.06823140287229376,0.08380242567905238,0.047826451669832536,0.06823140287229412,0.5707048606564076,0.5806790719592817,0.9429045812326003,-6.682808524131775,0.2955729223847623,0.8919015118110234,0.29049592387450707
site_9b62f4534e47f978,173,0.02667051719320189,0.007282037721376199,0.025657131834586105,0.02586992559360872,0.03621829838624216,0.025657131834587878,1.4000155607401534,0.7058589273899313,0.12305775231204782,1.2597925257980824,0.11441612547143994,0.11578077768786128,0.22693536887311272
site_9bb3648a2ef66eb2,76,0.10320498103153712,-0.04907826090015862,0.09078872406161403,0.08224655942588797,0.050150128626514114,0.0907887240616142,0.6097535140263731,0.12569952633776826,0.8094963763387152,-3.729947828412055,0.039403701832812076,0.5141017368421053,0.19114269049544919
site_9c2d82de18c716a5,41,0.047581033546090466,-0.03325328237690577,0.03403195504927618,0.030425028051675986,0.04091438935385075,0.034031955049276204,1.34476094103706,0.5789969440348212,0.09282214488588166,-1.3633845774531366,0.02955066028519011,0.0379529756097561,0.06863347750413831
site_9c3923563de1bc2a,115,0.07491203750991367,-0.008012328651677005,0.07448231973739962,0.09790331483060424,0.057228700590808756,0.07448231973740026,0.5845430329895147,0.652572242901039,0.645358536846972,-0.9214177949428555,0.42047261817844017,1.1022817913043477,0.3766392797009299
site_9c3f2a2a90bf94af,109,0.10960930869185495,-0.003382673930465629,0.10955709958275864,0.11898262064189698,0.04043115468018279,0.10955709958275889,0.3398072295101717,0.39379500289727914,1.309547860157792,-0.3687114584207536,0.20648873969569395,1.543098177614679,0.17817993129624243
site_9c51efef96062ac3,183,0.09750597532674952,0.07610011639617832,0.060960540589046604,0.04056002971683276,0.08663953570562181,0.060960540589046625,2.136081662427029,0.7733607943114795,1.7398569860689856,13.926321300500632,0.49733339488416545,0.3010562299453552,1.3736728739532862
site_9c5e0ec7dff35c9c,35,0.07960397973521872,-0.05676249763625009,0.055810504851504586,0.0971756835293056,0.04895421577699599,0.055810504851505,0.5037702231570381,0.9170195450093496,0.221787775638979,-1.9866874172687532,0.15268428454910007,0.33050897142857144,0.08387803348192391
site_9ca12fe149def76c,9,0.12289288296805409,-0.09362876287566291,0.07960097641720687,0.1385913345945242,0.06380518929833535,0.07960097641720691,0.46038368477372565,,0.13592394615779854,-0.8426588658809662,0.07624055141781767,0.17286802222222222,0.036639919632567686
site_9cfda7361157a69e,189,0.06884243634420759,-0.0016689896306032893,0.06882220219826748,0.059035941175169866,0.015562199569886347,0.06882220219826825,0.26360551318578296,-0.5491668389109663,0.8957241169013859,-0.3154390401840217,-0.0953572198504178,0.658710804232804,0.04577240848061148
site_9d73848123a6a95b,64,0.03610917258946265,-0.013961738618090748,0.033300783772393615,0.09160607831352881,0.06947996064518495,0.033300783772393636,0.7584645246725275,0.9513434507383288,0.08344783008611843,-0.8935512715578079,0.38752628209232354,0.5370671093749999,0.30895775560041283
site_9dbd78e6c2f64c18,70,0.09558399774555355,0.05878844682523183,0.07536722858709133,0.08824986956109918,0.03781895991614324,0.0753672285870934,0.4285440885548226,0.5300486417534293,0.639541043751539,4.115191277766228,0.12383329216267383,0.5451627634285714,0.1001191610397194
site_9e0c7cff2a642903,104,0.06839925184928328,-0.0023659585576791013,0.06835831985680328,0.10147441161700693,0.06179466509869856,0.06835831985680382,0.6089679566897029,0.7529431924233281,0.48655959596833487,-0.24605968999862654,0.49102440160971417,1.0708938461538462,0.3971323860046727
site_9eb9cb71933abd8d,145,0.05325728448835925,0.02993358554922301,0.04404905001519758,0.08314258629109642,0.08017391140920642,0.04404905001519823,0.9642941720444425,0.8551196741761518,0.41126906090573445,4.3403699046373365,0.8265164515972137,1.0023399999999998,0.9320391302444356
site_9f1083ed35aa92f7,172,0.09463738570131724,-0.044409496801537135,0.08357051732647194,0.09758096650647338,0.03239838222934643,0.08357051732647211,0.33201538567664385,0.5674059838067348,1.5404723808493401,-7.6384334498643875,0.3085395193113837,1.6377917441860466,0.1805406894255588
site_9f57a1eb8c53e14d,1084,0.07596542391913906,-0.05316111593459805,0.05426454997328117,0.09429068800350454,0.05822786601017782,0.05426454997328132,0.6175356998987391,0.8502722424678607,6.255488264236522,-57.62664967310428,5.060424647535125,9.637555487084871,3.675285068027556
site_9f76ab7d5518980d,176,0.09106704658901175,0.07588247670368714,0.05034934660707737,0.0101610418606664,0.05434412311256172,0.05034934660707749,5.3482825735546795,0.47218442642656766,1.4596044275023616,13.355315899848938,0.04588969306309115,0.01817143181818182,0.5197779341696945
site_9ff0a0ccad22ddc6,126,0.04993672611495163,0.034706894139448795,0.03590415176929803,0.03366192538252311,0.055356343359629794,0.03590415176929804,1.6444794149644861,0.7803853547489685,0.31420325350004125,4.3730686615705485,0.18322553694910476,0.14277377777777778,0.3861049185188029
site_a08eaaa4540846cf,142,0.16774321107749804,0.09636194768556407,0.13730316784704813,0.15446513454537567,0.05600064740527,0.13730316784704882,0.3625455515906035,0.4707081795498997,3.995565450487788,13.683396571350098,0.5781807183357821,3.3880458461971834,0.4453222963929311
site_a0a221a9f908364b,38,0.11195457288906875,-0.10759839093920433,0.030925922105378915,0.04444991586916249,0.04035809347392844,0.030925922105378922,0.9079453286868245,0.7380951034665506,0.47628540284940474,-4.088738855689765,0.05031500335960209,0.0750802107894737,0.06189347693631313
site_a0d01f20e2427c2c,13,0.07006620995302185,0.05769407858665172,0.03975760396726886,0.051998571896639055,0.019288509027017092,0.03975760396726892,0.37094305330842775,0.7453979913366452,0.06382055910335219,0.7500230216264724,0.009719001412620913,0.03515006923076923,0.004836605546309158
site_a1da79e1324e0f0b,139,0.14007688444381544,-0.07869054307440201,0.1158849946547943,0.13415239849301042,0.03549591581468258,0.11588499465479445,0.2645939708378154,0.6118923413917137,2.727393164212557,-10.93798548734188,0.4050108381992085,2.5015643769784175,0.1751344454937016
site_a2c2e8340755d8a7,83,0.12811509102446372,-0.10758906170689914,0.06955623875135619,0.07214866669569184,0.06411173514447395,0.06955623875135732,0.8886059587890098,0.48401260042706495,1.3623185535011497,-8.929892121672628,0.18582348510856364,0.43205069879518077,0.3411561104085197
site_a2dd98acaefee6f4,468,0.07208676008968205,-0.0333158535804504,0.06392616741549087,0.11316568063045708,0.07255250448270935,0.06392616741549217,0.6411175550618549,0.8515840331828917,2.431962458746413,-15.591819475650787,3.272205057927304,5.993428555555556,2.463489244341946
site_a30a3623711ec917,255,0.053610091311388504,0.02768377218199711,0.04590915647439731,0.08265392840056748,0.05824317332340392,0.045909156474397396,0.7046630989048553,0.8429832590931905,0.7328806820559304,7.059361906409263,1.0348267800060267,1.7420763294117647,0.8650281458889179
site_a3440058322ffd4e,564,0.052519655433360866,-0.024547936958624113,0.046429656448377564,0.08660177681475399,0.06985783654447959,0.04642965644837758,0.8066559268629024,0.8450073139708092,1.5556892126571686,-13.845036444664,2.8832447254977964,4.229925409574468,2.7523861722448286
site_a3ad14b1dd64a3e4,55,0.03955622831060333,0.00957768171787262,0.03837920284570414,0.03915664055014876,0.011256718453028319,0.03837920284570512,0.2874791681531411,0.21211829209139063,0.0860582358988317,0.5267724944829941,0.005142307456894355,0.08432833745454547,0.006969254068191155
site_a3eb3ebe590ad832,109,0.04757605340788022,-0.0017443382966409022,0.047544065263462096,0.08305922673122955,0.08008636464136079,0.047544065263462214,0.9642079247921652,0.8307553981740184,0.24671941350777235,-0.19013287433385834,0.6023461428660933,0.7519730308256879,0.6991070123601213
site_a3fe6dc1994cbcf1,17,0.04001020782478907,0.0319227196412928,0.02411963310015788,0.010772674646119317,0.029862129624488972,0.024119633100158452,2.7720255744701547,0.6621809400231425,0.027213884413107813,0.5426862339019776,0.0036213451327646497,0.0019728588235294136,0.015159695357066294
site_a408c1f09c2d83d9,411,0.05149324533437993,0.032615082867679224,0.03984734225266546,0.06415030831891186,0.07903606550022178,0.03984734225266553,1.2320449826571063,0.8652688099748171,1.0897888234923894,13.404799058616161,1.803088035137259,1.691372705596107,2.5673935560494483
site_a4122f0bf308f22f,156,0.07611160353007351,0.032727643777468264,0.06871591900494559,0.08344417791794924,0.04244902036493913,0.0687159190049456,0.508711589281631,0.5706989762832093,0.9037042859393795,5.105512429285049,0.3153518654247889,1.0862172092307691,0.2810994154711106
site_a42d63e8b2f931d6,6,0.08119732222549915,0.07531106092532476,0.030352087883596432,0.05116530942825313,0.03071337971214537,0.030352087883597348,0.6002774156035037,,0.03955803081954923,0.4518663655519486,0.007919854030013085,0.015707333333333334,0.0056598701600545365
site_a44b748575c17771,8,0.05136920875256916,-0.03460427057147026,0.03796498473701136,0.08129236972188718,0.08041529946186601,0.03796498473701154,0.9892109153291786,,0.021110364862920224,-0.2768341645717621,0.046534918785840276,0.05286759499999999,0.05173296310033271
site_a4e51d06a4c9f574,191,0.06324657507978425,-0.011382837558291965,0.062213826987610424,0.10123671820061593,0.06925494277310872,0.06221382698761051,0.6840891724272367,0.7969142650516624,0.7640246885306521,-2.174121973633765,1.0671704744698958,1.9575347643979057,0.9160831958147535
site_a507f74864d36b32,315,0.05006217433848472,0.04370478128213731,0.02441543349149014,0.035634029896598925,0.019429582386232918,0.024415433491490165,0.5452535804289531,0.7591339694105788,0.789459709341504,13.767006103873253,0.1655607501131438,0.3999819873015873,0.11891523158657491
site_a55a51839f39337a,11,0.08574427319109933,-0.057388150145790795,0.06370777509781711,0.07161541571892913,0.020029994838342172,0.06370777509781725,0.27968831343456013,0.5128381199053349,0.08087288423576862,-0.6312696516036987,0.00809208319647746,0.05641644545454545,0.004413207625464155
site_a5c2bfa9bb36639b,60,0.03105716915060902,-0.00034318298498789516,0.0310552729997396,0.03696011495142057,0.026056847369861306,0.031055272999740174,0.7049990889938995,0.5610111726173977,0.057872865338972436,-0.02059097909927371,0.03241738232970238,0.08196300583333334,0.04073755769137488
site_a5c5f553e4031a41,74,0.045903379438954096,-0.012104383670800441,0.044278709780961927,0.06764229381344765,0.054076469989096085,0.04427870978096193,0.7994476080044672,0.7571566055522351,0.15592689804982793,-0.8957243916392327,0.20494819402151013,0.3385855135135135,0.21639558087963912
site_a61c8cdc86211521,39,0.03507441025810695,0.00117946114601233,0.035054573544104704,0.048476893510937175,0.03775257065187451,0.035054573544105384,0.7787745442755508,0.6957009501977421,0.04797835594320593,0.04599898469448087,0.04965563204426032,0.09165035897435898,0.05558500704216629
site_a62049e3761071cb,301,0.09453382278092698,-0.009806251802080097,0.09402383248501367,0.07052363150459924,0.04217767051872961,0.06908800987882012,0.5980643596888366,0.3327232163093077,2.6899297385222884,-2.9516817924261094,0.29789749998604365,1.4970483627795472,0.5354657230063404
site_a637aa5eb6fad085,105,0.045407992465719846,0.02180412402266548,0.03983046516639107,0.08638912860973952,0.06495213850777609,0.03983046516639169,0.7518554655319603,0.8995821111441242,0.2164980068755214,2.2894330223798756,0.5300082838738959,0.783623561904762,0.4429719311569995
site_a6a5e3eb9fd3c985,371,0.12240066219272647,0.10692433742307267,0.05957439191342904,0.07615413085282056,0.03905744865822046,0.05957439191342993,0.5128736710777372,0.6347238890357128,5.558293101035855,39.66892918395996,0.700416051294765,2.1515965606469,0.5659546737008145
site_a728723d09857d1a,33,0.07849293718770915,0.07092413294965572,0.033628983833788595,0.024269744454109284,0.046998556859049044,0.03362898383378915,1.9365081057164315,0.7307178234663085,0.20331765921567058,2.3404963873386384,0.0275051087686284,0.019437676363636358,0.07289252344549776
site_a73a8fe0a0e90dac,39,0.05162584353946852,-0.008927603159195337,0.05084806410271299,0.06957946374576286,0.05851380711246733,0.05084806410271412,0.840963755142919,0.697511731057478,0.10394388112530567,-0.34817652320861814,0.11075301461151016,0.1888107692307692,0.13353075928900626
site_a7fe1c93212d2f37,55,0.044832271873717036,0.03157016426953402,0.03183170321163347,0.023507600037097197,0.031451668742703394,0.03183170321163451,1.337936186300163,0.35744577936849414,0.11054629307473837,1.7363590348243712,0.014535328413410617,0.03039339927272727,0.054406410668541016
site_a85957854004ad6e,10,0.023716339228568847,0.013995959263443946,0.01914622340568946,0.06983379124750425,0.08157324446512934,0.019146223405689465,1.1681056263438176,0.9799209741996296,0.0056246474640455355,0.13995959263443947,0.05582187370933593,0.048767584,0.06654194212567756
site_a85f5d6458d2ef6d,586,0.033615014252774675,-0.026653413728693242,0.020483279030012538,0.02767898461990064,0.027501287440473345,0.020483279030012694,0.9935800687103407,0.7244292609827794,0.6621619413635473,-15.61890044501424,0.3231445082307065,0.44894994709897607,0.4432039951777526
site_a8a04a98a04fa26e,41,0.047268715758739095,0.04185765310438668,0.021960609419442303,0.016992422988626146,0.03207968058494779,0.021960609419442414,1.8878814755506195,0.7664303326601462,0.09160759106869926,1.716163777279854,0.017129389577358965,0.011838440000000002,0.042193342163723335
site_a8d2970296172e46,359,0.06072800396008453,0.05243980667219189,0.03062608595885511,0.03795450487386244,0.0491735172138337,0.03062608595885513,1.2955910603301608,0.7824395007557684,1.3239526769263992,18.82589059531689,0.5242516659160914,0.5171554540389972,0.8680744914693326
site_a8f474364dc17adf,217,0.0940851249233967,-0.001133356385956161,0.09407829842824314,0.09616026139465322,0.05674451484891644,0.08302521279574142,0.590103583600196,0.5107194219740093,1.9208863288117024,-0.24593833575248691,0.6047301616706435,2.0065547041129035,0.698726972500241
site_a92160c2510cdbec,2,0.03763926215925592,0.0372338958978653,0.0055091789007186975,0.0028499999999999914,0.008359178900718689,0.0055091789007186975,2.933045228322356,,0.002833428111786389,0.0744677917957306,4.764731973409638e-05,1.6244999999999903e-05,0.00013975174378844102
site_a9455c71e74fd72a,25,0.07751878916524561,-0.05115555574655532,0.058243212393435786,0.05586589657384906,0.02575691874884853,0.05824321239343582,0.4610490536887829,0.13626255556129102,0.15022906684114504,-1.2788888936638831,0.004901818419098855,0.07802496,0.01658547158586962
site_a963d86424b18502,34,0.016048840919421048,-0.0030135753610554864,0.015763364437838857,0.03380066759337433,0.029783579417837918,0.01576336443783886,0.8811535847793773,0.8846004084920964,0.008757220025134035,-0.10246156227588654,0.030278072263037463,0.038844494411764706,0.030160094499914386
site_a98119a935505c9a,155,0.09383025588850459,-0.06675100015017293,0.06594255757137316,0.08767248057489926,0.0693784836791964,0.06594255757137334,0.7913370675068996,0.6700620383347397,1.3646381226158488,-10.346405023276805,0.6317348135263208,1.1914018967741937,0.7460729696318007
site_a9866d1cfd06e947,48,0.07453026443113356,-0.06990975998391707,0.025833810697723236,0.03329338172209389,0.024711895995913873,0.025833810697723253,0.7422464981835942,0.6391678954862284,0.26662849517638526,-3.3556684792280196,0.025241791080962864,0.05320556479166667,0.029312534578217475
site_a9bff24a5451b631,238,0.04928540369062067,-0.004092590219145563,0.04911518830510171,0.08511124328900126,0.05559755772692467,0.04911518830510171,0.6532339979823726,0.8371458693203191,0.5781141420334921,-0.9740364721566439,0.9428025420211695,1.7240538487394956,0.7356790451972957
site_aa2ce12749046dfc,311,0.04594020886667222,-0.020615177566119712,0.04105505138994255,0.061349676260487075,0.035268870571736735,0.04105505138994285,0.5748827495354206,0.767691195854017,0.656366367911889,-6.411320223063231,0.516595687808475,1.1705364437299037,0.38685079496724034
site_aa4df3fb16db7e70,50,0.23153958054736282,-0.2262224440097809,0.04933541513244074,0.060289336536405835,0.034914151613378235,0.0493354151324411,0.5791098993483741,0.5747922052887376,2.6805288680024355,-11.311122200489045,0.06049547241479158,0.181740205,0.060949899144098096
site_aaad533d86c5f947,240,0.036012850546056616,-0.004869356230522198,0.03568213522692952,0.06253393523164487,0.05699174206830309,0.035682135226929736,0.911373030614309,0.8256835732986797,0.3112620970686264,-1.1686454953253274,0.7062404334219172,0.9385183333333333,0.7795340793551973
site_aae8b0a4c0119c59,105,0.02944329531517257,-0.02348442271391551,0.01775920968992124,0.026049419211756745,0.022126876334802783,0.01775920968992149,0.8494191810931577,0.7397578021912041,0.09102530209672863,-2.4658643849611286,0.04477102186173201,0.07125008533333334,0.051407858915243826
site_ab53cfe255b5cc4c,78,0.057397369220737605,0.022386961868940257,0.05285150832039036,0.06189138383090922,0.024902397505768285,0.052851508320390365,0.4023564503550778,0.5376796379553602,0.2569677234900108,1.74618302577734,0.06463824362969742,0.2987823846153846,0.04837009331975298
site_abdcb41ac727b4e7,485,0.0633267963171979,0.001974534923882828,0.06329600574786877,0.10308204768842254,0.07589555361751908,0.06329600574786895,0.736263542677404,0.7911873331722981,1.9449873189229367,0.9576494380831715,3.0020673731965655,5.153565649484536,2.7936655035712112
site_ac16cbbd2f795846,35,0.053621497682110664,-0.002645306743894306,0.05355620753846659,0.08583817713034932,0.05278175168319065,0.053556207538471,0.6148983290155273,0.8040540892006462,0.10063427547854097,-0.09258573603630071,0.12750217546331033,0.25788674285714286,0.09750696587610996
site_ac240db4268c6c54,61,0.11916168482432768,-0.1101670025479598,0.04541738301322765,0.08956919197188941,0.06129945999947248,0.04541738301322784,0.6843810762378078,0.8849329737644056,0.8661699349405166,-6.720187155425548,0.296384520642093,0.4893810491803278,0.2292150515698425
site_ac2a9b93fc2413dd,121,0.04954276808404926,-0.004640514042259249,0.04932495817386453,0.08492078616061244,0.07525683890736351,0.0493249581738653,0.8862004499702663,0.8169607854509029,0.2969927902010167,-0.5615021991133692,0.6317519036495118,0.8725963305785124,0.6852946080817923
site_ac6e3a81298a7ce5,53,0.07713484827891329,-0.059694767054521806,0.048849970371714124,0.06493906007692062,0.05477475509818572,0.048849970371714145,0.843479333290392,0.6790844870301724,0.31533859540758147,-3.163822653889656,0.12802244643220362,0.22350532075471696,0.15901451119150978
site_acf798671ee3a747,30,0.0893152756690906,-0.03990049553632736,0.07990725201007208,0.11309052760215302,0.043129432583292125,0.0799072520100721,0.3813708671960518,0.8471958122091358,0.23931655403536944,-1.1970148660898208,0.12396669696733355,0.383684023,0.055804438648702215
site_ad04b63315ba2272,10,0.018255919168944607,-0.005665276410579683,0.017354631309675485,0.0352938649059578,0.04051808211667285,0.01735463130967606,1.1480205476117513,0.9042366518654069,0.0033327858470303916,-0.056652764105796824,0.01293094325259328,0.012456569,0.016417149784134444
site_ad53cb9b838bb8cd,636,0.14257697909375844,0.1390259332320413,0.03162253716041821,0.01997911936331535,0.026072657809686532,0.031622537160419406,1.3049953471702977,0.07579431183449158,12.92873199933129,88.42049353557826,0.025110500907736283,0.2538690738993711,0.43234229662600115
site_ae3ed38eaa09b85f,486,0.03480543555064943,-0.01742888810954712,0.030127266771735172,0.04645377373304071,0.026383674901584653,0.03012726677173524,0.5679554701670879,0.7940459459996441,0.5887493151210199,-8.470439621239901,0.47297500370891277,1.0487652037037039,0.33830377443787885
site_af194bfb42414cbb,864,0.04198223359802559,0.021036052063983623,0.03633170036539109,0.04457700989190736,0.042846693061048054,0.03633170036539109,0.9611836497096807,0.6552319379681905,1.5228068583276189,18.17514898328185,1.0812771931954943,1.7168628766203704,1.5861649878152613
site_af687448e37c8c15,597,0.0586036791441686,0.013764432790890414,0.05696430109443741,0.09347797865726644,0.059592260752071906,0.05696430109443783,0.6375005280180986,0.8118063367014565,2.050331551911899,8.217366376161577,2.6997648732097357,5.2166650988274705,2.120088812301129
site_afb9454fdc863c14,194,0.0755767471272695,0.015318861305344966,0.07400795359045434,0.10937564938938447,0.05468485010016569,0.07400795359045459,0.4999728038686568,0.7921740276058629,1.108097873029812,2.9718590932369233,0.9191999665724861,2.3208283397938145,0.5801439691126528
site_b019e673dfa447d5,669,0.09568458871196128,0.08785972885716656,0.03789734241503436,0.05393584758916921,0.0642508184074219,0.03789734241503538,1.1912451788432454,0.8081316207408895,6.12505660585774,58.77815860544443,1.873546126906625,1.9461716133034381,2.7617441685697246
site_b04900ecbfac7c98,10,0.09079562016710996,0.0851970079791546,0.031389719223496974,0.06557104238915223,0.0680977365346481,0.0313897192235066,1.0385336888576573,0.8903832286581269,0.08243844641530106,0.8519700797915459,0.03975774424105882,0.042995616,0.04637301721142345
site_b050cd10feccfd77,44,0.0482781592512334,0.014136222846128721,0.046162190852818516,0.03862411570572958,0.047199739077495806,0.04616219085281861,1.222027694746526,0.4357234858516116,0.10255434907024794,0.6219938052296637,0.03495117601142689,0.0656401818181818,0.09802387623528214
site_b07ebc840452ba9d,7,0.047410289629565075,0.014981549724510738,0.04498098187691391,0.11753381102769482,0.08400456670442984,0.04498098187691423,0.7147268174996521,,0.01573414893931472,0.10487084807157517,0.06596686330948556,0.09669937714285715,0.04939737059039301
site_b0b863b5597ced77,64,0.04715204514463928,-0.03540099635720253,0.03114618464979996,0.05769357489343483,0.054325988743731846,0.03114618464980018,0.9416297888296363,0.8470541645009392,0.14229218312461447,-2.265663766860962,0.16991285819932817,0.21302710937499994,0.1888840353909811
site_b12672b82d8e070e,371,0.09275727040102505,-0.027759228726602955,0.08850613782531142,0.13394413567023197,0.06897490040426615,0.08850613782531142,0.5149527454795118,0.8045015919070545,3.1920510597443337,-10.298673857569696,2.757500523658856,6.656122679245283,1.7650461846237993
site_b18fe53daa1d7307,44,0.11871666665850203,-0.10217890418158335,0.06044103310464417,0.0750882776613551,0.032413724499282474,0.06044103310464422,0.4316748966525371,0.6236476516547806,0.620120465470259,-4.495871783989667,0.06678717089676384,0.2480829754545455,0.04622857958027694
site_b2267c975c71dbb8,491,0.21289314098728368,0.15091545678301888,0.15015996265118148,0.1117896625758952,0.05503120651310505,0.15015996265118153,0.4922745560283248,-0.5707691278506491,22.253833334400838,74.09948928046227,-1.7240610744166518,6.13599197148676,1.4869609419314158
site_b2271a910bc63599,20,0.05286180561612151,0.04291571756720543,0.030864407959468005,0.048808088212918155,0.04146992935205647,0.03086440795946809,0.8496528110494711,0.7779809975398626,0.055887409859932326,0.8583143513441086,0.03149372836776078,0.0476445895,0.03439510080929109
site_b2c81cb18e128f03,52,0.029861499685864993,-0.018579125868414457,0.023377879404568067,0.032330516834516924,0.03437325629998879,0.023377879404568137,1.0631830130006144,0.7559840044399152,0.04636887650142358,-0.9661145451575518,0.04368670337192643,0.054353640576923073,0.06143907893056538
site_b2da63ab5c4ee3dc,2,0.06218943833740964,-0.060259406805038454,0.0153730326294899,0.0165,0.0011269673705101013,0.0153730326294899,0.06830105275818796,,0.0077350524814449526,-0.12051881361007691,3.718992322683335e-05,0.0005445000000000001,2.540110908388904e-06
site_b2eaf44be71ff0ae,155,0.050494768134598994,0.005941613759917598,0.05014398104353974,0.07791314997229684,0.05701365047548662,0.050143981043540425,0.7317590226522566,0.7661439827258925,0.3952068493898717,0.9209501327872277,0.5275112244295017,0.9409211354838709,0.5038362327838481
site_b30a47c3dfe5fc92,477,0.0558333031065812,0.03617413264650469,0.04252987024509308,0.06429340664426855,0.06265092109706452,0.04252987024509352,0.9744532817137564,0.7758101222777699,1.4869796399724837,17.255061272382736,1.4906226601173762,1.9717472997903562,1.872290785126158
site_b33e3bea3571d4bd,118,0.09359149852951337,-0.061050454448239276,0.07093807587370385,0.08425870736789311,0.026451168902341476,0.07093807587370389,0.31392801680245963,0.6207502626806398,1.0336054944459885,-7.203953624892234,0.1632520262017593,0.8377445125423729,0.08256039168342322
site_b4081a628b4563f6,155,0.09461519366010937,-0.0671489866841224,0.06665619595083082,0.07336472668625012,0.05607813787323883,0.06665619595083132,0.7643746580432486,0.4963461474835505,1.3875654050577,-10.408092936038972,0.3165171463092969,0.8342693838709678,0.4874374198361473
site_b419a77ce9d11fde,169,0.09167069730904363,0.07289203538697146,0.05559017828961154,0.07070852911122187,0.045388623793486405,0.05559017828961184,0.6419115821528659,0.6184335568879133,1.4201943299263444,12.318753980398178,0.3354274259484731,0.8449486390532543,0.34816149170746225
site_b42936ae6e6a0d03,186,0.05306307014889995,-0.0282201594232872,0.04493675573237716,0.07487274362083088,0.05213754762510581,0.04493675573237731,0.696348832749335,0.8075633244851228,0.5237182309346363,-5.248949652731419,0.5863593822345138,1.042702559139785,0.5056082402589928
site_b436f4a91f17ee10,151,0.12262419389644884,-0.05676892341951661,0.10869214443805468,0.12606925764110985,0.048733467121660344,0.10593339743083434,0.38656106995087813,0.5734669909932535,2.270540632241836,-8.572107436347007,0.5320125505722736,2.399912116049261,0.3586175734723904
site_b491b5d705afd5f5,391,0.043336251674145246,0.010007782935486422,0.04216485491355382,0.04204957950480631,0.038581584248116654,0.04216485491355386,0.9175260419359661,0.45577109049266107,0.734310007283459,3.913043127775191,0.2891114193950506,0.6913533503836315,0.5820186094499586
site_b4a169fed07d4305,259,0.05143566781542147,-0.02866433510218808,0.042708123545384814,0.061761847544239926,0.05977059908491452,0.04270812354538671,0.9677592471970811,0.7534880496322112,0.6852176322171615,-7.424062791466713,0.720417113081196,0.9879621853281854,0.9252838493771225
site_b4d57a535cfd4a12,156,0.030080179009931738,-0.004929324028965753,0.029673539288177248,0.05214215258565391,0.05733683314709808,0.0296735392881793,1.0996253569108194,0.8572525734445638,0.14115147840604791,-0.7689745485186575,0.39981221106189946,0.4241334358974359,0.5128519399127538
site_b5639796f8098e20,328,0.048601686292344536,0.01317821589911856,0.04678096339512142,0.08939263547860543,0.07156675682564355,0.04678096339512153,0.800588957272345,0.8537956548558586,0.7747766426307063,4.322454814910888,1.7915992095648519,2.621062195121951,1.6799506238733817
site_b582b14f96e98786,39,0.07429769946938118,-0.04385870987788225,0.05997134077449192,0.06014136316583706,0.02525096457637317,0.05997134077449194,0.4198601968290075,0.2166538835706469,0.2152857777112569,-1.7104896852374076,0.012831644693246253,0.141062358974359,0.02486683726945285
site_b61ae4423402851d,358,0.0704385446421671,0.030786004378309462,0.06335464075918415,0.07382807372468785,0.03708463288468445,0.0633546407591842,0.502310720214328,0.5135427337600469,1.7762487085277512,11.021389567434788,0.5033558689052416,1.9513092402234635,0.4923466586366713
site_b67b52a6713d2819,119,0.09476456800060393,-0.016240203866838405,0.09336262167861725,0.11061508376292459,0.03453626102757945,0.0933626216786173,0.31222017696609244,0.616699677801721,1.0686584784525892,-1.9325842601537702,0.28035632181888864,1.4560479139495799,0.14193764576604728
site_b69cf9ad02aa761c,62,0.07282237962056046,-0.0059180421713859776,0.07258151107863983,0.09497987628473452,0.038587710949158104,0.07258151107863983,0.40627249116937464,0.7151476768224171,0.3287921363632632,-0.3669186146259306,0.16250549013191654,0.5593129677419355,0.09231870905033812
site_b708e7aad1210ce8,162,0.1997354383985723,-0.13465368550279994,0.14752162666125576,0.11452000377685578,0.03819908708180225,0.14752162666125582,0.33355820661894003,-0.8216402879703699,6.46286774706772,-21.81389705145359,-0.5822789339217507,2.124602664938272,0.23638558112906405
site_b72a5ec99205d5b7,153,0.03923302933124825,-0.011326716950905867,0.03756242901651392,0.061489892484022216,0.05847016129514125,0.037562429016515325,0.9508906087343441,0.8050499309865031,0.23550228034750753,-1.7329876934885977,0.4428455382956107,0.5784940522875817,0.5230702435676147
site_b756906d27dccd10,62,0.1702983685250003,-0.15871461531231482,0.06173495937101396,0.07280918320657881,0.049788460247114266,0.06173495937101426,0.6838211617599295,0.54742071490308,1.7980951279811623,-9.840306149363519,0.12303474445785247,0.3286729838709677,0.1536912279742656
site_b7a18627a594b786,48,0.06628705178658748,-0.036698008761306605,0.05520171543994619,0.07420451114875962,0.030644660008019804,0.0552017154399462,0.4129757009865033,0.7471893346935827,0.21091071525877103,-1.761504420542717,0.08155620658369735,0.2643028547916667,0.04507656897634216
site_b7a3262e8a713a7b,102,0.036653891037564924,0.017248652742189525,0.03234179504562231,0.07305809270471093,0.06146393091034757,0.032341795045622596,0.8413021560633249,0.8984990764950062,0.13703778827575558,1.7593625797033314,0.41153470829728195,0.5444234607843139,0.3853371099011019
site_b812626cb80e0341,68,0.1030742257987394,-0.06653735773528324,0.07872150944701493,0.11366791593258296,0.039494367218686426,0.07872150944701511,0.34745395738680335,0.922552553765274,0.722452129632647,-4.5245403259992605,0.2816262195647201,0.8785868676470588,0.1060667428563028
site_b843de06c1a6a47d,69,0.14527708359832883,0.1086101747823798,0.09648451146467363,0.07980383758425219,0.026827147264348355,0.09648451146467595,0.3361636241618811,-0.518684426708433,1.456274740299672,7.494102059984207,-0.07662148570258548,0.4394370220289855,0.04965901229366931
site_b87223f545f36d24,58,0.09252062395483467,-0.08046008020762739,0.04567539107631256,0.04813199869581796,0.019192193619672213,0.045675391076318676,0.3987408405988294,0.32410427334931025,0.49648381970553174,-4.666684652042389,0.017364859088022138,0.13436797931034486,0.021363737164229235
site_b87cd5aaea8e51ba,65,0.06497371080643322,-0.03131636185325109,0.056928627036265826,0.07075796900360265,0.038954044130042956,0.056928627036265826,0.5505251871779927,0.595586180511611,0.27440290123727107,-2.035563520461321,0.10670527254939079,0.3254348615384616,0.09863214101554672
site_b881d34c09ab42e7,66,0.13196955590301412,0.10383193430828325,0.08145485315829326,0.06640967428998663,0.027539338744200025,0.08145485315829602,0.4146886585220379,-0.40085579012242983,1.1494536032257587,6.852907664346694,-0.04838569181389881,0.2910761593939393,0.050055401778874575
site_b904064dea358149,1211,0.11413028516075667,0.09397049832560621,0.06477088416343316,0.06765767789582397,0.05892529732255297,0.06477088416343363,0.8709328956468665,0.4834120249649863,15.774149330950396,113.79827347230912,2.3338904298372523,5.543426829066887,4.204822894771586
site_b9048e7e348a00c2,124,0.030874445698032566,0.007678172465197502,0.029904465632333985,0.04441798252471714,0.055510985484379896,0.02990446563233473,1.249741260839343,0.843608968182697,0.11820069324793445,0.9520933856844902,0.2579292762079726,0.24464668927419353,0.38210221917143244
site_b9661fa344baf0d4,144,0.13361859536694162,0.12854384330618712,0.03647477725646703,0.03914794666895138,0.05700773393424198,0.03647477725646725,1.4562126186673126,0.7733966969835552,2.570965780008164,18.510313436090946,0.248546453817851,0.22068888888888885,0.4679829688776948
site_b969a6c48312ad74,9,0.16696213611266897,-0.16421567681365545,0.030159018285389784,0.02736668696710574,0.034109905072891786,0.03015901828538983,1.2464024276629198,,0.2508871940577486,-1.477941091322899,0.0045128465806444475,0.006740419999999998,0.010471370616735198
site_b9eaf91685021861,238,0.05049923099604061,0.0001342030130013697,0.05049905267173603,0.0647945061807904,0.033483559351134416,0.05049905267173619,0.5167654068958901,0.638224878958137,0.6069410148235697,0.03194031709432599,0.3295493724175862,0.9992020714285714,0.26683340174338394
site_bb41a05397abcbe3,238,0.06578921513763787,0.058302796079831964,0.03047958001186908,0.03927229290354515,0.030278924693094008,0.03047958001186913,0.7709996655265497,0.6433824469627278,1.0301165571654831,13.876065467000007,0.1820844552598643,0.3670704915966386,0.21820156077567382
site_bb59973d2df99f1c,65,0.0487846545379517,-0.016256214800706277,0.04599649985314741,0.08388345535825427,0.058552125624463144,0.045996499853147695,0.6980175694288626,0.8499455011788261,0.15469626369517395,-1.0566539620459081,0.2713459937253824,0.4573682153846154,0.22284284198428939
site_bbd4ea535f73b619,96,0.03712420111163097,-0.024604915217186014,0.027799360700057663,0.033865973005424876,0.02292637524423513,0.0277993607000577,0.6769737648040596,0.5793988517633625,0.13230780558497493,-2.3620718608498574,0.04318648099736311,0.11010279625,0.05045939345658984
site_bbfd063296f373c3,52,0.08994567799559217,-0.07354932458584126,0.05177568776031197,0.060392120430228076,0.03387826596996306,0.05177568776031217,0.5609716255799153,0.5166773240919065,0.4206916994845112,-3.8245648784637454,0.054969805075572094,0.18965482692307692,0.05968231906684096
site_bc37e7bebe33d230,276,0.045171114454674234,-0.0257875595420491,0.03708680835475805,0.04322011711482802,0.05621433377692082,0.0370868083547581,1.3006520465358646,0.7516902763639152,0.5631585643773291,-7.117366433605552,0.504058591821474,0.5155620724637682,0.8721741648673247
site_bc93eecd419d5cf1,153,0.03239672071297715,-0.01549463843598085,0.02845107542243118,0.04305533038598709,0.05366706203398021,0.028451075422431308,1.2464673143339027,0.8492082502281708,0.16058076948206035,-2.37067968070507,0.3002205266924222,0.28362550562091504,0.4406634927459392
site_bcf274618f28d9ed,84,0.08529546758588454,0.018763655107645764,0.08320602164324405,0.08133476478471574,0.06248092918119441,0.08320602164324471,0.7681946255893728,0.35380354559718513,0.611126610418353,1.5761470290422441,0.151030674321843,0.555688892857143,0.3279247869530162
site_bd11119142bc591a,41,0.08270297439238358,0.01692615424423683,0.08095237659171939,0.10489694100970975,0.044189307758306234,0.08095237659172135,0.4212640267004151,0.6906504237741748,0.2804310609072374,0.69397232401371,0.1312569054888516,0.4511380975609756,0.08006049172649043
site_bd599065e701bf2f,260,0.05745939328294647,-0.03770992500185967,0.043353701489012825,0.06182782975767772,0.05523668414342165,0.04335370148901349,0.8933951646032411,0.7311842024180628,0.8584112878755215,-9.804580500483514,0.6492496887377821,0.9938969384615384,0.7932837315416335
site_bdd9f4c5442812d1,142,0.03431731926166802,0.00037793579571683496,0.034315238099735905,0.05363880748875492,0.04855213749435891,0.03431523809973599,0.905168100624489,0.7788905370717756,0.16723033298562962,0.053666882991790565,0.28803962723541426,0.408551276971831,0.3347380278485008
site_bdfe6061d850b13b,146,0.05367915825887712,-0.01457239618938263,0.05166330710166784,0.07322054408813285,0.03580056815660768,0.05166330710166857,0.48894157510651476,0.7579779586367916,0.4206919965817101,-2.127569843649864,0.29008969630382647,0.7827422191780822,0.18712537932904316
site_be8516cfd6e0790e,150,0.13829549236332714,-0.11763822651942571,0.07271100927218219,0.08362365029636586,0.03768016163530826,0.07271100927218224,0.45059216503666283,0.4960116729694908,2.8688464812022616,-17.645733977913856,0.2344363950279355,1.0489372333333333,0.21296918712944346
site_bef664d28695b721,15,0.028894266310725898,0.024272495516141253,0.015675604838539796,0.10624619627178293,0.10133013205645341,0.015675604838541808,0.9537295038520344,0.989710286464817,0.012523179384527242,0.3640874327421188,0.15982743973309793,0.16932381333333335,0.1540169349386743
site_bf2aa2626c0e2039,210,0.050806126436401255,-0.02468669657542592,0.04440528679858339,0.06079515819425051,0.04245285760353587,0.04440528679858347,0.6982933981007504,0.6831780309444924,0.542065121529034,-5.184206280839443,0.3702790227050867,0.7761707645714285,0.37847147492827965
site_bfacedeb5df79c6e,50,0.07322131992350203,0.0022923347263336183,0.0731854281455146,0.08558305916476695,0.028739322755323544,0.07318542814551507,0.33580621019860696,0.5680400776981996,0.2680680845669917,0.11461673631668091,0.06985754488980771,0.3662230008,0.04129743362173288
site_c0555c6b321e4775,2,0.07035374690636134,-0.04787790017127991,0.05154955265522004,0.02560000000000001,0.025949552655220032,0.05154955265522004,1.013654400594532,,0.009899299407528697,-0.09575580034255982,-0.0013286170959472662,0.0013107200000000011,0.001346758566012074
site_c0951b8580287e99,50,0.17617288787216354,0.17196753357291222,0.03826295621181425,0.031165853108811252,0.05218793978733787,0.0382629562118146,1.6745230623121699,0.6857862859903866,1.5518443210608952,8.59837667864561,0.05577094102948904,0.04856552,0.13617905296234017
site_c0aaae0aecb597e5,655,0.1705103491014056,-0.16603548087727932,0.03880719315454056,0.03983966157125624,0.026802661613526093,0.03880719315454057,0.6727632855411563,0.37440360925524263,19.043325343697504,-108.75323997461795,0.26186345318083776,1.0396151053435116,0.4705406485678163
site_c0baac71bcc40ff4,11,0.033262487529360944,0.01157401011640375,0.031183895947528368,0.07213076509179196,0.09186972666670298,0.031183895947529808,1.2736552364277804,0.9560252768488011,0.012170323843049818,0.12731411128044126,0.06968752221241593,0.05723132000000001,0.09284051345596189
site_c0e5aee02ccea819,55,0.062274145026022486,-0.03657006124583157,0.05040535446952247,0.06727519405796753,0.030927501860251845,0.05040535446952247,0.4597162786866616,0.7069322402557711,0.21329380262971445,-2.0113533685207363,0.08089846456050873,0.24892734545454548,0.052608070422373476
site_c1458c9cb325529c,104,0.21686077082096003,0.21234260106774477,0.044036504094280136,0.017171163645680672,0.048881686359051685,0.044036504094281156,2.8467311457571283,0.443825343635108,4.890973767790339,22.083630511045456,0.03874283032910182,0.03066428153846154,0.24849960317568875
site_c1eaac8764a60481,45,0.062239569384523505,0.028290104587210547,0.05543856040352784,0.06595597484143458,0.03574602144412733,0.055438560403528285,0.5419679040460657,0.5417512888817418,0.1743193798726912,1.2730547064244746,0.057477030451926925,0.19575857777777778,0.057500012208780496
site_c204fd32b9271e1b,91,0.1260887500628685,0.032989072917581914,0.12169672945669074,0.13493713515257091,0.04684654866128149,0.12169672945669077,0.3471731381306781,0.44235371207896673,1.4467519332099033,3.002005635499954,0.25446036999119176,1.6569307703296705,0.1997085200541171
site_c29be1fac6229539,472,0.08311575096162421,-0.05346015126977936,0.06364149812918489,0.11395275257323767,0.05968413612746657,0.0636414981291849,0.5237621275458656,0.9187524136482447,3.2606836433357556,-25.23319139933586,2.949335811080695,6.1290284745762715,1.681356561693085
site_c2fa2fe516862278,53,0.04852208254198156,0.010858340228278682,0.047291531395143215,0.04345334673907901,0.033651998782709684,0.047291531395143256,0.7744397453383112,0.2681275143565807,0.12478280219317617,0.5754920320987701,0.020780277714808032,0.10007424716981132,0.060020222169789195
site_c33eaf01c8613ed2,878,0.10231471845798648,0.09298735517047531,0.042680831664072785,0.020196042709814937,0.05365421301821584,0.04268083166407281,2.6566696153866216,0.6759863274547562,9.191168816334322,81.64289783967732,0.6431355813254817,0.35811876391799546,2.527564076502384
site_c3aa24263a4277b0,258,0.09871233080888332,-0.05994456693472326,0.0784268649681402,0.09840480401585196,0.04512220036473723,0.0784268649681403,0.45853656044544866,0.6270768765337977,2.5139840574603833,-15.465698269158601,0.718368139884543,2.498344406976744,0.525291345164917
site_c3aefe4e5e9b8037,305,0.0588454327221413,-0.015599043717931528,0.056740239577764556,0.09016047111083199,0.05333370793254742,0.05674023957776465,0.5915420280688821,0.8062588580234623,1.0561494104380977,-4.757708333969116,1.1824758752264448,2.479317718032787,0.8675677425594528
site_c3d5b5decd374619,53,0.04922920133365258,-0.024429932136018323,0.0427398254533034,0.031450866369180014,0.05646793772758479,0.04273982545330343,1.7954334568958017,0.661919452429006,0.12844625598931295,-1.294786403208971,0.06230394613018855,0.05242532075471698,0.16899728353393884
site_c3fac8d15831ac8c,148,0.03808937479380459,0.015320505335927008,0.03487237572111696,0.054643480170353635,0.0520895545894736,0.03487237572111696,0.9532620255350126,0.787524703236206,0.21471846988307156,2.267434789717197,0.3317530285176896,0.44191466891891895,0.40157161120480306
site_c3fba37c42f73863,128,0.03395023108621063,0.02861119762887247,0.018276147325098507,0.01969198355444656,0.014231394261194503,0.018276147325098597,0.7226998855572868,0.4572602602746224,0.14753512842330918,3.662233296495676,0.01640251122415648,0.0496350996875,0.02592417057504766
site_c438c579f3fbc2ec,83,0.08273445570088551,0.026178924780724994,0.07848346359231943,0.08455079810219648,0.029408911280712914,0.07848346359231943,0.3478253539980354,0.3728197224030304,0.5681341832901083,2.1728507568001745,0.07694379979701466,0.5933535091566267,0.07178537720549799
site_c45005d41e05ffcd,278,0.06431529844020586,0.027158807925397543,0.05829971496949286,0.09478918420125944,0.062192472506715134,0.05829971496949606,0.6561135959843908,0.8018454367681818,1.1499352165398635,7.550148603260517,1.3141110474394917,2.4978270647482015,1.075277210946588
site_c4ae57110fb255d4,1016,0.06124424414254885,0.0488227085002412,0.036975675454176696,0.03309788869498283,0.03827528598255058,0.03697567545417671,1.1564268142684453,0.47096535828901614,3.8108711596416036,49.60387183624506,0.6061797263320008,1.1129977598425196,1.4884374773187696
site_c4f8e2def8cc0f30,94,0.06759723330215983,0.03584535474726494,0.05731052689645556,0.07413675607400827,0.05920040868711564,0.05731052689645557,0.7985297957738781,0.65123565085137,0.42952227931002285,3.3694633462429042,0.26867317334721064,0.5166483085106383,0.32944070853982255
site_c56fc9c5f1ff5d0d,122,0.04002352271567932,-0.01489155711062619,0.037150018807444195,0.05707869031375326,0.04360159932336952,0.03715001880744639,0.7638857703934318,0.7592154071933157,0.19542964920984485,-1.8167699674963953,0.2305160996998187,0.39747318032786877,0.23193413455379025
site_c59fe04d734e33bd,568,0.05070981215796734,0.012920235024119767,0.049036237376228635,0.07799892408405983,0.05139934425177608,0.049036237376228996,0.6589750417118928,0.7883542866377139,1.460603507886717,7.338693493700028,1.795212896781441,3.455616665897887,1.5005949908431493
site_c5ee40e68c26cb53,124,0.1417276015852139,0.13878160962174022,0.028746789071060645,0.023903501968279766,0.02977696789851014,0.028746789071062023,1.2457157088540638,0.4437275803922233,2.4907524183360445,17.208919593095786,0.039163375184180275,0.07085079838709678,0.10994680933638401
site_c6112b3d07cf93a0,216,0.16986669776566596,-0.14793284944113758,0.08348992194293768,0.11398090644317443,0.060707039076445576,0.0834899219429377,0.5326070915808279,0.7013876754293031,6.232614122119415,-31.953495479285714,1.0482938525878858,2.8061957592592597,0.7960344321806835
site_c62b54e06aa4fffe,37,0.07182440978053262,0.059442530942929755,0.04031539849016386,0.03362320757535222,0.034413642720810315,0.04031539849016395,1.0235086180783517,0.2979385073989377,0.19087359609190915,2.199373644888401,0.01275551944467667,0.04182924324324325,0.0438190557966765
site_c6d377978f89caf6,53,0.04876324930856302,-0.006688545920938815,0.04830235849927583,0.08859817651313413,0.05933238419153514,0.04830235849927599,0.6696795185478729,0.8595487942980614,0.12602628760584078,-0.3544929338097572,0.2394765477558633,0.41603075471698114,0.1865775861341522
site_c6dbad6563643f29,50,0.13517069341768287,-0.13203989734601973,0.028923724999899033,0.03219481877569743,0.0418785395833016,0.028923724999899047,1.3007850696433807,0.7245335424395885,0.9135558179508608,-6.601994867300986,0.04884341414400935,0.05182531779999999,0.08769060388150796
site_c7184b24616d8b68,11,0.04437999553917383,0.04066417145729065,0.01777664658334518,0.08969228294471443,0.10053342492314497,0.017776646583346472,1.1208703984612918,0.9889942768734222,0.02166542404462798,0.4473058860301971,0.09809616290574724,0.08849176181818182,0.1111766647945539
site_c79eeb4ffddf3d41,568,0.11931428316665395,0.11502844605731292,0.03169155668647934,0.037862885422486836,0.024341687829859855,0.031691556686481256,0.6428904600969287,0.5543128804630999,8.085990159181168,65.33615736055374,0.29018015061371344,0.8142837165492959,0.3365500913188053
site_c7e77fa91cd0e5b5,45,0.07065538507424879,-0.03810864211519559,0.05949718343019543,0.06847696197253246,0.024726743777275337,0.05949718343019556,0.36109580602004143,0.5198968108170164,0.22464825479956707,-1.7148888951838015,0.03961330521048772,0.21100924444444452,0.027513533602216103
site_c83832e8d67694ad,46,0.051925870662596255,-0.0320999168585176,0.04081533267958172,0.04370764641784688,0.016827189389149278,0.040815332679581776,0.3849941776384082,0.35869332982117463,0.12402961802715902,-1.4765961754918098,0.012135289356760358,0.08787648434782606,0.01302509792596171
site_c8f87af663a64c0b,62,0.07518270671931719,0.06687280009946513,0.034357939351768986,0.018646476680913814,0.033501985108159514,0.03435793935176901,1.796692516310683,0.2317983762275215,0.35045124215785745,4.146113606166838,0.0089777891712804,0.021556847741935482,0.0695877463836152
site_c8f923241d7b6cf3,153,0.06062001429008391,-0.029570588616763847,0.05291848846469534,0.08825432910147732,0.05522815947067321,0.05291848846469597,0.6257841403697071,0.8246209488899721,0.5622422782770865,-4.524300058364869,0.6149536483445588,1.1916904705882354,0.46667288857327094
site_c90d703c921023d7,384,0.07915019954371327,-0.04968093828305912,0.061616219123900313,0.07920925509474842,0.04656594650170081,0.061616219123900313,0.5878851713224624,0.6297943648997907,2.405665569718898,-19.077480300694702,0.8920195213708212,2.4092567395833333,0.8326607514621166
site_c91d0d6c46ea62b9,342,0.06663738845707495,-0.04658885700129277,0.04764472629465092,0.059308350639052314,0.035551953138014805,0.04764472629465099,0.5994426207260801,0.5955344766512808,1.5186652068096547,-15.933389094442127,0.4294497221229892,1.2029783157894736,0.4322679491992395
site_c9aed1d9afe08cac,128,0.07235645216888868,0.008438034902326766,0.07186275626119408,0.10018987832485875,0.051082918336900575,0.07186275626119423,0.5098610677145226,0.7310700607169965,0.6701383898199904,1.080068467497826,0.4789261137349531,1.2848655,0.33401146186425
site_c9e5c8b8112d21fb,124,0.045871236773953265,-0.03969202575260592,0.022993769913316753,0.04699091275175974,0.06219438514404568,0.022993769913316753,1.3235406912098466,0.9490914182097222,0.26091712503333825,-4.921811193323134,0.3439495861314957,0.27381008927419354,0.4796495513872904
site_ca4c08bc8824e7df,72,0.09634561917483246,0.08694243306914967,0.04151495713834086,0.02617135116713656,0.0562308878571445,0.04151495713834091,2.148566480119444,0.7214275025362472,0.6683384400610929,6.259855180978776,0.07644098537705012,0.049315652777777774,0.22765771794259881
site_caaaa1aabb1e21d9,11,0.08430294394913425,-0.05785209932218898,0.06131982519957514,0.13489371083612645,0.08029376329146654,0.06131982519957515,0.5952372634259441,0.9640403566098037,0.07817684994339957,-0.6363730925440788,0.11485804376277058,0.20015944545454548,0.07091797265856664
site_caab4140fe1f5c75,199,0.06998901396251321,-0.05159543037893784,0.047290312321415784,0.0745912890863636,0.03944612678935513,0.04729031232141584,0.5288302062146084,0.8298646527265321,0.9747939530135292,-10.26749064540863,0.4859066268356339,1.1072082211055276,0.3096433868176942
site_cadb6c34bf67432d,262,0.06290647969525646,0.021923208982093642,0.05896268392447178,0.08020170337813158,0.0441589171759025,0.05896268392447225,0.55059824562209,0.6925820067282649,1.036792999164225,5.7438807533085345,0.642649987487549,1.6852660648854962,0.5109026111308328
site_cb6d0d529a35bf72,121,0.10367360476878676,0.05159294314660316,0.08992432675992619,0.08029625390703674,0.07652086024294062,0.08992432675992705,0.9529816961515156,0.3431244838858605,1.3005341754163073,6.242746120738983,0.2551010269861083,0.7801460953719007,0.7085084883306778
site_cb73c7416c77fcc5,47,0.07881005251109703,-0.06480937826633454,0.04484159749086818,0.04779927284365394,0.01743546622532551,0.04484159749086819,0.3647642566102409,0.3467694343093979,0.29191814570968794,-3.0460407785177233,0.013582931881572339,0.10738421276595744,0.014287787677239927
site_cb8aadebec9e1fcf,153,0.04144817995372044,0.025181916490567273,0.032921462654901715,0.045301158013228364,0.06870218800944065,0.032921462654907085,1.5165658235354373,0.9138552758964144,0.2628465980858269,3.852833223056793,0.4351597581233464,0.31398582235294115,0.7221585675045332
site_cbe94aaae2e082ea,54,0.05412470325014593,0.01002617654447202,0.05318796185054881,0.04945340773937663,0.028124247060392547,0.053187961850549,0.5687019023766684,0.14654941106748606,0.15819210910348327,0.5414135334014891,0.011006645146260664,0.13206453499999996,0.04271255672655594
site_cc2f4e33aba4f988,24,0.09829074749489382,-0.06184082194467386,0.07639884674726524,0.061927302249402794,0.024459820341885267,0.07639884674726635,0.39497635862413416,-0.46328704536521026,0.2318657050345194,-1.4841797266721726,-0.016842122511193155,0.09203977833333332,0.014358787467775302
site_cc39c5b4f811532d,154,0.06861117003328353,0.05911519894584434,0.03482651155268624,0.04908372963373881,0.04955537830659116,0.03482651155268784,1.0096090634589463,0.7507231529983396,0.724953868613766,9.103740637660028,0.2812087837742133,0.3710187272727273,0.37818326994284235
site_cc701381aa01ffc3,51,0.059201659768147404,-0.010830780271221613,0.05820249752390356,0.08519605361131434,0.035900454791342025,0.058202497523903995,0.42138635851760065,0.843477108349559,0.17874666248447763,-0.5523697938323022,0.13157182692225072,0.3701767450980393,0.06573097536548483
site_cc73ca175d85bc6f,40,0.07430745337818115,-0.03614629135653376,0.06492336442852557,0.07918143721858047,0.019652573908636034,0.06492336442852564,0.24819673144331889,0.7842846011739172,0.22086390510202264,-1.4458516542613504,0.04881760825030506,0.250788,0.01544894644937607
site_ccee683800437b50,18,0.21266124850208112,-0.20066949716210364,0.07040283746534916,0.07771759576413839,0.019166436737917254,0.07040283746534916,0.24661643929496482,0.48699224162570987,0.8140465190603502,-3.6120509489178656,0.013057357188728117,0.10872044444444441,0.0066123413501145145
site_cd09f5e742102c10,336,0.1110166104558109,0.09372960985150365,0.05949326040974873,0.09010750539408285,0.07058628348335216,0.059493260409749206,0.7833563161541858,0.7517142937989931,4.141095099824681,31.493148910105226,1.6064727689059717,2.728105809523809,1.6740942677733637
site_cd9b47f2c6e7c758,40,0.2896885261048256,0.2838963652133942,0.05763936133762518,0.05713072181409929,0.03580273671855999,0.057639361337625476,0.6266809797198157,0.2990705261603263,3.3567776862714487,11.355854608535767,0.02446918712258339,0.130556775,0.05127343826154096
site_cdb6242d14e183d0,160,0.09253696797144399,-0.05715936858542263,0.07277291408390799,0.1102085494641863,0.056719198822333915,0.07277291408390804,0.514653346751157,0.8052463991668047,1.3700944706156883,-9.145498973667621,0.8053675892626866,1.9433478999999998,0.5147308024075912
site_cdbb0d22e7b06f01,175,0.1626182983548002,-0.10255269320583343,0.12620481795890764,0.08999552269316693,0.043298832262624584,0.12620481795890767,0.4811220710417866,-0.7639376273087906,4.6278244179668935,-17.946721311020852,-0.5209463958928076,1.417358968342857,0.3280880531787074
site_cdd0193742d73d25,11,0.11465373696886819,0.09406408599723469,0.0655547643305294,0.05671488938264758,0.021004054045820172,0.06555476433052974,0.37034461804392677,-0.26849197695803984,0.14460027341019052,1.0347049459695816,-0.0035182298931208523,0.035382365454545456,0.004852873149957082
site_ce2a9736239174ff,54,0.10963597082149568,0.09452201013984506,0.05554849860342659,0.062441031166324074,0.05993062567587092,0.0555484986034268,0.9597955792279249,0.5885587209222001,0.64908248929048,5.104188547551633,0.1189330173878482,0.21053964814814813,0.1939507142706734
site_ce840bd031a93a0e,69,0.0352250122448735,-0.009305788747210433,0.03397357478164138,0.07901782346484096,0.05838592358166721,0.03397357478164138,0.7388956190073505,0.9210443292500405,0.08561530264795268,-0.6420994235575199,0.293199240638564,0.4308233333333332,0.23521520900141552
site_cec4a302b657dde7,101,0.04698779265770543,-0.004934915959244909,0.04672792808715904,0.0984110503445555,0.0687947214833923,0.0467279280871592,0.6990548443749875,0.9035198448880886,0.2229931185431952,-0.49842651188373577,0.6178144381641603,0.9781582178217822,0.47800408410172945
site_cedd671db129d181,93,0.061056457812329636,-0.01686274318413068,0.05868167459177391,0.0607916632045953,0.05465130109751913,0.0586816745917758,0.898993352321836,0.48743486392561397,0.3466938667747574,-1.568235116124153,0.15060662236809733,0.343693247311828,0.2777691181836077
site_cf410c13c4f583ea,45,0.03065407291736422,-0.018772695434755744,0.024233408603351346,0.06510923774324326,0.06401344744464962,0.024233408603352467,0.9831699719337085,0.9296933696877575,0.042285248389038715,-0.8447712945640085,0.17436771451615626,0.19076457777777778,0.1843974654187014
site_cf467e53e3fb79b4,253,0.05767074620894019,-0.004597521930579611,0.05748719649099119,0.07252174968612889,0.05534431627454742,0.057487196490991314,0.7631409406705618,0.6250668275197679,0.8414564869788854,-1.1631730484366416,0.6347288997716642,1.3306292569169962,0.7749373160059749
site_cf53fcd25709e5dc,34,0.0705790056419402,0.017256395480212045,0.06843692608844691,0.06480489750384943,0.03523767530062615,0.068436926088447,0.5437501895367247,0.16591441088285405,0.1693674652717709,0.5867174463272095,0.012881846026900935,0.14278894117647065,0.04221758786014018
site_cf6b1b2134e1588b,836,0.05051997610054651,0.0262698736022534,0.04315277194018271,0.04415691325293052,0.032761003528187234,0.043152771940182764,0.741922410666081,0.4012632098536778,2.1336960356270245,21.96161433148384,0.4852790286851485,1.6300603779904308,0.8972648824173773
site_cfa28b3d4c2af861,102,0.1328014618839039,-0.02873106148009207,0.12965629327082104,0.10268213657996172,0.048008997933009286,0.12965629327082104,0.4675496588992692,-0.40188006058590875,1.7988952844072021,-2.930568270969391,-0.20207573580814928,1.0754493596078434,0.23509611601823233
site_d04beb93196a3a21,622,0.03414470578370179,0.008543321649409182,0.03305862350809989,0.05554434597774493,0.04258913249452159,0.033058623508099926,0.7667590957248083,0.8044807452788257,0.7251655003605573,5.3139460659325115,1.1837082924176057,1.918978458199357,1.1282048765275392
site_d0ce78b41de4999b,52,0.06029260899872111,-0.0025340603576256694,0.06023933298084048,0.08190731971972125,0.058054924456358396,0.06023933298084131,0.7087879893398613,0.678258552757205,0.18903033239337863,-0.1317711385965348,0.16771055702246151,0.3488580692307692,0.17525946118894098
site_d122c9eee96eec44,13,0.03813385556053308,-0.03157332503795624,0.021384949987296342,0.022781701366661872,0.005956103430453706,0.02138494998729745,0.26144243288035135,0.3580399358228094,0.0189044822188508,-0.4104532254934311,0.0006315724952862817,0.006747076923076924,0.00046117718496541116
site_d132cef849713e59,125,0.11096011880740166,0.09789548289895056,0.0522362172609576,0.07024353066297281,0.08311634466376042,0.05223621726095762,1.183259780356872,0.7805118340294895,1.5390184957190862,12.23693536236882,0.5696161222831905,0.6167692000000001,0.8635408437831267
site_d15ecf104b47687d,115,0.10241240242202637,0.08971485323594963,0.0493917531446606,0.05843127318654265,0.04211743605717951,0.04939175314466066,0.7208029837501403,0.558426308107661,1.2061545195328733,10.317208122134208,0.15804144258285346,0.39263457391304346,0.20399601830351954
site_d1bc13bbd7c8604f,141,0.12729885632882468,-0.09518468138461418,0.08452736392634182,0.05890450722807299,0.05134627382475805,0.08452736392634232,0.8716866712075168,-0.17171188410830293,2.284904833990372,-13.4210400752306,-0.07322795836313609,0.48923347702127656,0.3717380168318718
site_d1da6ed45ac274f5,50,0.08573737914549033,-0.05753092911243438,0.06356957116575203,0.10882830514163123,0.0630900886917499,0.06356957116575203,0.5797213198316675,0.8580607701454773,0.36754490913687804,-2.8765464556217193,0.2945717228233814,0.5921799999999999,0.19901796455664345
site_d2a88afeebc07d80,46,0.15545322252277807,0.1469190071251081,0.05079871787839517,0.051980006516974646,0.031353911662284004,0.05079871787839516,0.6031917608945477,0.33884372915290545,1.1116224020649526,6.7582743277549735,0.025403019666671748,0.12428836956521742,0.0452211177202102
site_d2c6c5fd07d735c9,451,0.057007434477166136,-0.025956796324332374,0.05075521953696502,0.059102753639767254,0.03787808212860668,0.04268303347144145,0.6408852345438003,0.6937161511486803,1.465681261136444,-11.7065151422739,0.7004127522481784,1.5754041049991625,0.6470718466894043
site_d355ed29576c96c4,250,0.040831127928663086,0.003565840063333511,0.04067512498529754,0.06243067502438204,0.05925554546438705,0.04067512498529822,0.9491415148281681,0.7777476780894016,0.41679525198171263,0.8914600158333778,0.7192928824640512,0.9743972959999999,0.8778049170705102
site_d3c0f0b2faa9bb95,81,0.04572149322037375,0.00877262830042545,0.04487199499691603,0.053459110804130454,0.024057386833514053,0.04487199499691603,0.4500147210015938,0.5532825532876551,0.16932685032635528,0.7105828923344614,0.05763710739600622,0.2314879987654321,0.046879386761844166
site_d4253e2faeb3b528,43,0.09394635194202457,-0.08761271033453387,0.033910618264074856,0.062157952638881506,0.04322912634142081,0.03391061826407507,0.6954721722024642,0.8526945379810437,0.379514432858234,-3.7673465443849565,0.09852242580313497,0.16613527627906977,0.08035656666242846
site_d46dadf54503ff71,88,0.04056528772264749,0.0155036590532823,0.03748571893375866,0.05799199770244737,0.03987090849202715,0.03748571893375876,0.6875243149339642,0.767146394200917,0.1448077459858634,1.3643219966888425,0.15609360877085815,0.29595031818181816,0.13989266227020503
site_d47f3d91f6768d70,53,0.038898657921479056,0.013314708885156887,0.036548927691462715,0.023595725819878736,0.050545198339264685,0.03654892769146287,2.142133652726282,0.7444557420673518,0.080194596168889,0.705679570913315,0.047057407773258,0.02950818867924528,0.1354053049832471
site_d55e4a9082082245,5,0.0539911373569052,0.043262643663883216,0.032301494954631284,0.08287425173116195,0.0527281211447254,0.03230149495463132,0.6362425004544426,,0.014575214565461021,0.21631321831941608,0.021512524457871916,0.034340708,0.013901273797264191
site_d583e7eb857a6d07,415,0.06366185517309057,0.0009952964099056729,0.06365407441111676,0.08165805495321894,0.03920356747520926,0.06365407441111721,0.4800943090999239,0.6486635476827287,1.6819251986930173,0.41304801011085424,0.8617716638709587,2.767235744578313,0.6378216766550635
site_d5dd2bb3b8af01ea,43,0.09393979983844755,-0.04937875061950017,0.07991511109261379,0.10177320782100992,0.036274038817843184,0.07991511109261393,0.35642031527235424,0.7160834466903312,0.3794614977285664,-2.1232862766385074,0.11367408493992895,0.4453847906976744,0.056579653362810955
site_d5fa35b8748ecd00,221,0.1312475391331359,-0.12035931342548913,0.052340731751179245,0.060033626254582965,0.03506507263094653,0.05228025104270455,0.5840905309009159,0.4988806823590866,3.806927552799391,-26.5994082670331,0.23209099006343303,0.7964920181617647,0.2717326094135957
site_d65f83745aba7368,108,0.031450895057424766,0.011759521513073532,0.029169718094227557,0.03172314651309605,0.03411301386738231,0.029169718094228657,1.0753351296126843,0.6095071389786042,0.10682915039061974,1.2700283234119414,0.07123589744998349,0.10868666666666667,0.12567935323255153
site_d68e520b86217ecc,289,0.07516286112898905,0.06866155996475252,0.03057851985139873,0.04461660394612093,0.03101726186779691,0.030578519851399196,0.6951954905678926,0.7289862120365951,1.6326926953046557,19.84319082981348,0.2915527377453436,0.5752953494809689,0.27803838426111616
site_d6e0f79187805dc4,57,0.04407937115587757,0.009386935490265228,0.04306827606950632,0.089119622819205,0.05651715914945891,0.043068276069506334,0.6341718845030798,0.9213828554022259,0.11075048480536386,0.535055322945118,0.2645261713156575,0.4527115087719298,0.1820687888645402
site_d735284ea202b77e,489,0.14036949522700268,-0.11553322498644787,0.0797224505049509,0.07610930634956983,0.035441195383447664,0.0772468489800586,0.46566178412750675,0.20049440987537792,9.635058048048645,-56.49574701837301,0.26445833105580285,2.832594364863196,0.6142223034715713
site_d74ec077de336965,56,0.04049004174118022,-0.005453536526433057,0.040121096938610455,0.033292132275187354,0.022750115922765792,0.04012109693861061,0.6833481176488497,0.010715229196545882,0.09180883489134092,-0.3053980454802512,0.00045447993837297073,0.0620685,0.028983795371959775
site_d7943e43ff597b33,72,0.053787959521779345,-0.025862957717064355,0.04716197629067207,0.07444795778401095,0.053146894903666676,0.047161976290672314,0.7138798227059082,0.7762622049845875,0.20830641044519324,-1.8621329556286335,0.2211421985448959,0.3990598861111111,0.20337065552890016
site_d830d9e3fbd26651,704,0.06657534483978152,0.05853933459300209,0.0317084033963297,0.06944315061280372,0.0575386856776284,0.03170840339632992,0.8285725110378213,0.8919196184906607,3.1203226845372205,41.21169155347347,2.5089252920501695,3.3949352215909094,2.330733046054279
site_d8459840bc683e6d,9,0.06391225822255991,0.060629676289028586,0.020219275560582808,0.04536999606799494,0.028496737070126166,0.020219275560588296,0.6280965294204297,,0.036762990759964594,0.5456670866012573,0.011077566581964493,0.018525928888888887,0.007308576212795126
site_d8c17cfcfd29e789,109,0.0766050385738142,0.007569064887291793,0.07623018556731663,0.10371761736159257,0.04861141652935831,0.07623018556731793,0.46869006217028175,0.7248686341014726,0.6396481809036163,0.8250280727148055,0.3983608163208179,1.1725505124770643,0.257574610051994
site_d8f779aeecdbd8d2,131,0.0956041487167845,-0.051790437950432755,0.080361083795351,0.09065674437343546,0.04854278428975463,0.08036108379535169,0.535456954970675,0.46777951412404967,1.1973600759937975,-6.784547371506691,0.269672893893969,1.0766425343511452,0.308688649764816
site_d93f1ce9d07f856a,55,0.07208307958655984,-0.040507472769780596,0.059624785219636676,0.10731925031234286,0.05542741962315091,0.059624785219637245,0.5164722960869972,0.927514230840325,0.2857783699475276,-2.2279110023379327,0.30344889633289795,0.6334581818181818,0.168970936534447
site_da42d7233341c5fa,34,0.10890434536829982,0.04350923274474985,0.09983538003163564,0.1138287907280751,0.08599425786721757,0.0998353800316358,0.7554701874383319,0.530457835270343,0.4032453189633295,1.4793139133214948,0.1765433489377008,0.44053778235294117,0.2514304211285393
site_da8bcad340f647ba,6,0.06657506226595143,0.06357247183521587,0.019768149647248046,0.06655862077897948,0.0828740721971492,0.019768149647248087,1.245129049058097,,0.026593433494291864,0.38143483101129527,0.0327221463061869,0.02658029999999999,0.041208671055229795
site_da99bb912bf39167,787,0.07194134202505885,0.0048776871753617515,0.07177579578232351,0.08023980321932427,0.05053034142447418,0.07177579578232372,0.6297415920420014,0.4735398045982135,4.0731631168924345,3.8387398070096985,1.511030778313323,5.067041278271919,2.009459223320984
site_daa49998006715f8,95,0.15490939535793305,0.13235797280512357,0.08048781153117884,0.07487550960800315,0.06762852429090367,0.08048781153117944,0.9032128748767158,0.3655090793614119,2.2797074731652387,12.574007416486738,0.17582939300788078,0.5326024842105264,0.4344936432877081
site_dabd51f8216ca183,414,0.05969830149168431,-0.03351789576009564,0.049400788099051615,0.06775277996840244,0.036347170840253296,0.049400788099051615,0.5364675937607927,0.7047606864154825,1.4754493012107033,-13.876408844679595,0.7185214584430923,1.9004418260869567,0.5469423668294915
site_dad0353659cda19f,170,0.05689934197786551,0.027419245893113755,0.04985699622086206,0.07133913570920959,0.0665083548531082,0.049856996220862086,0.9322842811582063,0.7405093758624363,0.550380969977395,4.661271801829338,0.5972876455311389,0.8651762882352941,0.7519714150953833
site_daf47f9c44bf482f,99,0.05150508643978446,0.01833178318088705,0.04813231403723091,0.052974494924817705,0.05427662128152524,0.04813231403723104,1.0245802505253807,0.5974258402399618,0.2626246189877972,1.8148465349078178,0.17005868924710188,0.27782341414141415,0.2916492101560737
site_dafe0965d62ae39c,205,0.045463182260300834,0.0354185763822823,0.028503076821384855,0.05842314617955921,0.050034728509780364,0.028503076821384997,0.8564196175947515,0.8730734596011851,0.4237146929528332,7.2608081583678725,0.5231920495236791,0.6997191219512195,0.5132121816947227
site_db96cd85e659d65b,81,0.06557960973868575,-0.00844838328273208,0.06503314565193952,0.06763450176041677,0.05265036677332083,0.06503314565194321,0.7784542711621565,0.43768509752628293,0.34835550229174445,-0.6843190459012984,0.12624566511250573,0.37052849209876537,0.22453695083058167
site_dbd5f7c9c3a46705,3,0.05340814660889504,0.03199927936792374,0.042760685730362145,0.05837128289378834,0.045109617440081975,0.042760685730362145,0.772804968535005,,0.008557290372591682,0.09599783810377122,0.005420412012189627,0.01022162,0.006104632756771644
site_dc096381800c2a0d,61,0.02706625439612566,0.0022718684776884615,0.02697073860048844,0.028580942169699603,0.02945963984975553,0.026970738600491727,1.0307441817291625,0.5684903726392637,0.04468750974918329,0.13858397713899615,0.029198256789233348,0.0498290855737705,0.05294009318471554
site_dc3fa845eee493af,75,0.07836523771067813,0.04189800633748372,0.06622437275199565,0.08920098255562485,0.05326425457829925,0.06622437275199614,0.597126321395442,0.674376620570407,0.46058328610883176,3.142350475311279,0.24030857093532879,0.5967611466666667,0.21278106118364049
site_dd81667799d2704b,215,0.03828980353902117,0.016893288834150446,0.03436169156812287,0.0658336481338303,0.051437949043437424,0.03436169156812328,0.7813321986785771,0.8562625959178153,0.31521344683722025,3.6320570993423456,0.6234146429555013,0.9318248837209301,0.5688604593859821
site_ddb8d9051d38fd31,29,0.030806364265802695,0.0069137947055800215,0.03002051835072837,0.04800322026455042,0.04141219909231793,0.030020518350729202,0.8626962704604246,0.7842492579490017,0.02752193029904243,0.20050004646182062,0.04521169407704267,0.06682496551724137,0.049734136776191554
site_ddd5a78c36a9e7a3,382,0.06846774809219974,-0.048487516211004465,0.048340389949859744,0.07588470319358175,0.03800736193830303,0.04834038994985997,0.5008566988968293,0.8436121983628246,1.790752026008064,-18.522231192603705,0.9294545979984836,2.199742484293194,0.5518217524965013
site_de08b55dd68ab719,250,0.06512640508872707,-0.03530773239469528,0.05472488166205167,0.10030286408672485,0.07068858880622764,0.05472488166205167,0.7047514490225142,0.850653924663217,1.0603621599452435,-8.82693309867382,1.5078410573112966,2.5151661359999995,1.2492191468539828
site_de0c25f31478d5ae,20,0.0420069231471145,0.030665007607340818,0.028709561137873815,0.04058414838332819,0.03944536103084898,0.028709561137875574,0.9719400948931327,0.7429681788604855,0.03529163184575168,0.6133001521468163,0.02378770706124604,0.032941462000000005,0.031118730137080386
site_de2dd333b47cf663,29,0.06181749269969867,-0.0274800263895043,0.05537373522988534,0.10077300518059006,0.08132437968050965,0.05537373522988539,0.8070056016963318,0.836003513034878,0.11082066970664164,-0.7969207652956247,0.1986877398784433,0.2945007586206897,0.191795987182171
site_df32de3b824705c1,130,0.10522465963932957,0.09923299153217903,0.03500060553457951,0.03443732322305598,0.053527353042312306,0.03500060553458049,1.5543412795357867,0.7665613155597194,1.4393897695076578,12.900288899183273,0.18369418383538721,0.15417080000000002,0.37247307808312424
site_df4d1a2cf99eda94,136,0.050265203433281974,0.016073664673987558,0.04762591710547343,0.07668485253944575,0.05390868004825917,0.047625917105473585,0.702989942120958,0.7884031497773359,0.34361633196173424,2.186018395662308,0.4432569401115179,0.7997570588235294,0.39523582669819834
site_df5a72d9e6b0c9b0,180,0.05710381975500079,-0.028383710125419834,0.0495500880940464,0.0787738306094663,0.046471872043228855,0.0495500880940481,0.58994048764266,0.8071723005400752,0.5869523215100914,-5.10906782257557,0.5318766044966876,1.11695695,0.38873428041640234
site_df8e2a9486152870,479,0.03674884940391723,-0.00036747115396258657,0.036747012088914024,0.05472766722265866,0.03636154461939559,0.036747012088914184,0.6644088166860688,0.7454680051093202,0.6468789296731465,-0.17601868274807897,0.7105813131324543,1.4346613110647182,0.633315563084874
site_dfda0bf114384539,49,0.08808627192781716,0.030587524967534203,0.08260505201561115,0.07796440841558305,0.03992304461114521,0.0826050520156117,0.5120675629107401,0.13633461491574025,0.3802003738049262,1.498788723409176,0.020793244376778607,0.29784400000000005,0.07809862506015103
site_dffc4a16666e5428,8,0.07404214019479481,0.06716798527240754,0.03115606327942114,0.050504325309818764,0.04075797979354481,0.03115606327942114,0.8070195877979757,,0.04385790819700519,0.5373438821792603,0.012964798051118852,0.020405495000000003,0.013289703334808056
site_e06c7a98fed0bd3d,30,0.024768766113027283,-0.01829752328544855,0.016694083274631066,0.02199618653817571,0.018547307842726877,0.016694083274631205,0.84320560796013,0.6730180847300443,0.01840475324285546,-0.5489256985634565,0.008237136510821677,0.014514966666666667,0.010320078846386336
site_e0819506e4cfd43e,250,0.05760113201126842,-0.013399019914865494,0.05602103778314545,0.07722653688985412,0.06280266542928288,0.05602103778314552,0.8132264886985212,0.6979083447535832,0.8294726022448929,-3.3497549787163736,0.8462195138402282,1.4909845000000002,0.986043696255611
site_e08b0590bf66e62a,111,0.06941708891791175,-0.0663925125638107,0.020267375491205185,0.026312745231973116,0.03009488496124326,0.02026737549120525,1.1437379374872065,0.7496701466022453,0.5348792779559365,-7.3695688945829865,0.06589493650102833,0.07685202234234235,0.1005329331921817
site_e0a3f27c6c9560a4,56,0.16382438084690745,0.11147323216029574,0.12005059879737953,0.13244723915852033,0.03331638902514883,0.1200505987973796,0.2515446092860712,0.48044751557113513,1.5029519545528642,6.242501000976562,0.11872298666983844,0.982367185,0.062158979549803206
site_e0ceb845349c800e,31,0.04645249616779837,0.0013208971062014182,0.046433712225646476,0.05864159469618785,0.05450203620194676,0.04643371222564649,0.9294091759324172,0.6653792366148029,0.06689286640679898,0.040947810292243966,0.06592489368805,0.10660393548387098,0.09208463045490778
site_e0f23347bc3a360e,5,0.1575387673995706,-0.1438527586787939,0.06422497220144738,0.04735145193127663,0.01830810348688371,0.06422497220144739,0.386642916746357,,0.12409231616888003,-0.7192637933939695,-0.0038687510024756192,0.011210800000000003,0.0016759332664322175
site_e112cf24dd2b666b,2,0.0917011618349578,0.09114716172218322,0.010064690351486202,0.011499999999999996,0.001435309648513794,0.010064690351486202,0.12480953465337341,,0.016818206163762242,0.18229432344436644,3.3012121915817246e-05,0.00026449999999999987,4.1202275742335814e-06
site_e1c83eb53198657c,16,0.06577241235787816,-0.005729915013164279,0.06552234963214215,0.08943485735963076,0.027673462479639515,0.06552234963214217,0.3094259139740162,0.9032901440890664,0.06921616363799622,-0.09167864021062846,0.03576988748186268,0.127977499375,0.012253128409792258
site_e1d83ae86567245b,279,0.0863955040530926,0.06807131698054653,0.053202245489470626,0.09997047893539995,0.08324591353583867,0.053202245489471035,0.8327049587271803,0.8467479684511083,2.082507090644035,18.99189743757248,1.9660432296145347,2.7883529677419356,1.9334371115961553
site_e217e123676f78e8,634,0.11702342488252679,0.10835440846563138,0.044201856717783934,0.044256155423150145,0.054518753450258875,0.044201856717783934,1.2318908619373752,0.6169407837946983,8.68230156976387,68.69669496721029,0.9437399497588375,1.2417570236593058,1.8844346989062521
site_e236e8f6fb4c7e9a,128,0.020268873336201202,-0.008793202809197827,0.018262168838209865,0.02586381683905867,0.017553436993893032,0.018262168838209955,0.6786870284120022,0.708760957836958,0.052585884968827906,-1.1255299595773218,0.04118741511089029,0.08562393874999999,0.03943976323821728
site_e285e97bc06024be,13,0.0571262810039576,0.026235746031541086,0.05074541961114917,0.07495386904761556,0.05088507715848314,0.05074541961114922,0.6788852637634708,0.7383621675450696,0.04242435575746065,0.3410646984100341,0.03660979368228179,0.07303507230769231,0.03366078400652217
site_e3489f2db8b7f610,188,0.13110125910170708,-0.11785440919643385,0.05742715708628153,0.06212729524813025,0.0658719747344089,0.057427157086281926,1.0602743040932774,0.5987907422222636,3.2312575459539516,-22.156628928929564,0.4606977129291664,0.7256425531914894,0.8157540064171934
site_e35bffa822780b41,151,0.11288149417619672,0.010424960219781128,0.1123990744262012,0.09416377956573939,0.05026441011709658,0.1119187272277893,0.533797712335931,-0.11963368066313546,1.924076990845061,1.5741689931869502,-0.08550172643114168,1.338889424697879,0.38150314958737175
site_e4206af93f2d6f2c,175,0.10337088448252119,-0.068020922741345,0.07783761191168902,0.08711951206549892,0.03159825043905726,0.07783761191168924,0.3627000391749301,0.4594490671866024,1.8699694577722792,-11.903661479735375,0.22133693620720932,1.3282166419428574,0.17472865039164187
site_e44008751f3e2871,30,0.019286437400387366,0.008663371474345528,0.017231153829519275,0.016486704744530768,0.030205027252762726,0.01723115382951939,1.8320839561818936,0.8908389979483727,0.011159000027971815,0.2599011442303658,0.013308636635653672,0.008154343,0.02737031014020417
site_e443401d44fc1f23,274,0.1149124144703196,0.09374481664065026,0.06645880191825143,0.08025707237598909,0.037291404785135956,0.0664588019182525,0.46464945307788996,0.570529479242679,3.6181324618351938,25.686079759538174,0.4678651633181602,1.7648881605839415,0.38103779061258797
site_e473611ef37db918,1,0.06970215845108033,-0.06970215845108033,0.0,0.0,0.0,0.0,,,0.004858390892739509,-0.06970215845108033,0.0,0.0,0.0
site_e4827c2c7a3df4be,641,0.01853693246414205,0.011312591991539863,0.014684792392577825,0.024064894785190544,0.013233639010769765,0.014684792392577965,0.5499146839783277,0.8456240451179038,0.22025905158048475,7.251371466577052,0.172622977777932,0.3712153822152886,0.11225781814058249
site_e4a78bd8d0c42b04,2,0.060499685492577206,0.0550876624584198,0.02501122527122497,0.0793,0.054288774728775024,0.02501122527122497,0.6845999335280584,,0.007320423889401513,0.1101753249168396,0.008610199671983718,0.012576979999999998,0.0058945421231033635
site_e4ad3110c632fc3e,37,0.11332570569369577,-0.09260645186981638,0.06532044582714913,0.09002233307843846,0.03940228994527371,0.06532044582714915,0.4376946097469126,0.759750420083389,0.47518047612604347,-3.426438719183206,0.09971130486104536,0.2998487567567567,0.05744399675846244
site_e526161d153fbae1,108,0.07299803586616507,0.010336970530174398,0.07226244031705703,0.08910861105679899,0.0564780487438039,0.07226244031705784,0.6338113463333422,0.5869888122979396,0.5755010299543357,1.116392817258835,0.31904573078536325,0.8575572129629627,0.3444951589100089
site_e580905782041227,176,0.13606412331949472,-0.13316018799055707,0.027960865312471446,0.05287503761013062,0.059818366812779064,0.02796086531247235,1.13131582532091,0.8840303928565908,3.2583664352276696,-23.436193086338044,0.49211330268308523,0.49205545,0.6297697134340811
site_e5a46bf8593cb776,159,0.10023584520080571,0.03070026410015874,0.09541864832044306,0.13154045689507898,0.05981724553603252,0.09541864832044304,0.45474409127029813,0.7483284062580315,1.5975087214360615,4.88134199192524,0.9362139592025077,2.7511597962264154,0.5689183552993624
site_e60e5a5f7ff91a10,8,0.12872423831195326,-0.11790726219117639,0.05165081849858447,0.05858643054283132,0.020435107932000488,0.05165081849858477,0.34880274737101113,,0.13255943623194028,-0.9432580975294111,0.004728625713475048,0.027458958749999995,0.0033407490895400738
site_e60f7e42ba2fd8cd,702,0.07339985266650423,-0.055742924737709545,0.04775211736824428,0.07753782631007897,0.0485924691915929,0.0477521173682444,0.6266937249087737,0.8085821357421488,3.7820519367680983,-39.1315331658721,2.138670328114929,4.220504385242165,1.6575820996194055
site_e621c0e748219561,130,0.10736354253944476,-0.0979429237452837,0.04397856244631818,0.06501725078322125,0.053264879341487756,0.04397856244631833,0.8192422580136781,0.7406980680282179,1.4985009346604916,-12.73258008688688,0.33346796052874284,0.5495415769230769,0.3688291582642224
site_e692ba92ac3619b9,78,0.06668686672867272,-0.037906726253949675,0.054865456334526906,0.05932681468080804,0.03996417926206509,0.05486545633452845,0.6736275911167926,0.44425030577739816,0.346876779138845,-2.9567246478080746,0.08215694235314926,0.2745343333333334,0.12457657867905692
site_e6f2aca5e6ecbaba,167,0.13192152438053345,-0.12533920003753937,0.04115062002975618,0.037831817415747426,0.044554239301894824,0.04115062002975642,1.1776922798149583,0.5110898157049416,2.9063491953455745,-20.931646406269074,0.14386658551295003,0.23901815029940116,0.33150840004167503
site_e6f4ed93ce9ba081,116,0.10611132326445888,-0.06870813169535893,0.08086288124886291,0.10986853293969592,0.06190126367494707,0.08086288124886293,0.5634121255530291,0.688432142101108,1.306115099292401,-7.970143276661636,0.5431152138385024,1.4002469655172414,0.4444849075684173
site_e722a68e19572b18,15,0.03124481444065186,0.02670798110246658,0.01621487511086826,0.01038992246789594,0.02007404535269105,0.01621487511086845,1.9320688306114218,0.5945204407778094,0.014643576441461505,0.4006197165369987,0.0018599670813729367,0.0016192573333333332,0.006044509452328456
site_e755ae9494167172,176,0.11888261233113696,0.07573229635005646,0.09163893716222717,0.13551439769330695,0.06581305640944535,0.09163893716222858,0.4856536097248644,0.8015713676998877,2.48742129058287,13.328884157609938,1.2582077703280543,3.2320907488636363,0.7623190773356989
site_e7895d956d62a46d,90,0.03294687381853082,-0.021002240329318578,0.025385082146089966,0.03150423056051166,0.016618620741913084,0.025385082146090022,0.5275044159543245,0.5962033461507842,0.09769468449727722,-1.890201629638672,0.028093171635435687,0.0893264888888889,0.024856069982718942
site_e7920aa397fb1716,99,0.04690201956343701,5.469002747776535e-05,0.04690198767781513,0.09645427835761575,0.06624579961259244,0.046901987677815164,0.6868103804268614,0.8992717878558167,0.21778014447377375,0.0054143127202987695,0.5688607979176773,0.9210393535353536,0.43446209066486363
site_e7d7202b18581b5a,73,0.2723286028852273,-0.2658300116045834,0.05913774496653452,0.058260075884856294,0.020902554169898578,0.05913774496653452,0.35878007112812293,0.1370851586564924,5.413889360307649,-19.40559084713459,0.012186632162087582,0.2477792602739726,0.031894924270264746
site_e7defe0b5f5d29b7,231,0.061436423604470006,0.0008601017119564554,0.061430402654979954,0.10492177169239797,0.069305629747175,0.06143040265498082,0.6605457440268948,0.8277434902251267,0.8718942875661202,0.1986834954619412,1.3904068007873636,2.5429815584415585,1.1095554426847294
site_e7df8a81d2875ad9,50,0.10922785163964788,-0.08482955231904983,0.06880894293013456,0.11438415274853418,0.0569792958197674,0.06880894293013536,0.4981397724301243,0.8895783092219133,0.5965361786906463,-4.241477615952491,0.28989259812384843,0.65418672,0.1623320076058281
site_e7ee204eaac12eb2,47,0.055329124112347895,-0.025089679906976987,0.04931348636230289,0.09823004475756789,0.0623368734227673,0.049313486362302886,0.6346008858757516,0.9066279514714338,0.14388166282686107,-1.1792149556279183,0.26092537728387943,0.4535096595744681,0.1826366320419273
site_e813e7562543b91c,20,0.11876317328532174,-0.09090714430063963,0.07642370341655816,0.10038818406565585,0.044923898320692185,0.0764237034165583,0.4475018523226904,0.6935254405337347,0.2820938265759872,-1.8181428860127926,0.06255361696425825,0.20155574999999998,0.0403631328065578
site_e84e6fd19eaae8f3,84,0.14927693113048535,0.08865901437316621,0.12009655006749513,0.1077720028923389,0.023042969547924997,0.12009655006749587,0.21381220474249008,-0.4585266619216568,1.8718225820897956,7.447357207345962,-0.09565072797426864,0.9756435870238096,0.0446021894292743
site_e894534d7e7a123f,174,0.20494416099090276,-0.16513204367393733,0.12138170074741052,0.09238506886898627,0.03396880901354014,0.12138170074741059,0.36768721861010045,-0.8037440322245963,7.308366987622123,-28.732975599265096,-0.4388833616329164,1.4850901652873563,0.20077511752891564
site_e8fdb2dcaaa2ec50,118,0.06161950634032379,0.015853988659078794,0.059545063651179383,0.08065588476573,0.08040148921129306,0.059545063651180064,0.996845914527181,0.7266283636587615,0.448041700271774,1.8707706617712976,0.5560252399612851,0.7676338661864407,0.7627991371524534
site_e908f29f409c402b,51,0.02887880748617373,-0.02438334249421662,0.015473788502923707,0.02258828295201944,0.033232258176279623,0.01547378850292371,1.471216658958515,0.9159779522446079,0.042533261612997676,-1.2435504672050477,0.03506697217934564,0.026021756862745098,0.0563235321582401
site_e9578e4592e63187,8,0.0436508319951077,-0.004096410769969229,0.04345819315927433,0.018289341158171882,0.055025579061111655,0.043458193159274454,3.0086146124802102,,0.015243161070920944,-0.03277128615975383,0.005894799193367363,0.002676,0.024222514808085197
site_e98d1003be09654d,174,0.10012150708369338,0.08938326305065349,0.0451104030920557,0.03720863645046457,0.057149015690688254,0.045110403092055835,1.5359072823528506,0.6150062798324385,1.744231015443551,15.552687770813707,0.22755234137969627,0.24089997701149427,0.5682857390281286
site_e99ab7a415991029,162,0.11554141981722496,0.10297503501324007,0.05240192608485122,0.04860985967426981,0.056881845100073825,0.05240192608485123,1.170170938184842,0.5158194951583776,2.1626707903275966,16.68195567214489,0.23105257307324142,0.38279279012345674,0.5241581769221844
site_ea33c67804056e7d,182,0.0978708609687354,0.04349925119110516,0.08767280406474216,0.09435775635973616,0.05361954225693503,0.08767280406474236,0.5682579188563164,0.4043863885173332,1.7433243876705993,7.9168637167811395,0.37236480413057976,1.620416285714286,0.5232600667554699
site_ea99257f5d54ddf2,142,0.10129675613828264,-0.08255218076580008,0.05870409061512981,0.08630036744962383,0.05381398161750606,0.058704090615129816,0.6235660775015696,0.7426012774927903,1.4570666581876957,-11.72240966874361,0.4897244727009199,1.057580985915493,0.4112241356891578
site_eafced833314a87c,939,0.060613292773043066,-0.047512434297063734,0.037636947909704864,0.05705850238702884,0.04837347786442148,0.03763694790970488,0.8477873733226174,0.7570556587155314,3.4498590138824063,-44.614175804942846,1.9620997543707368,3.0570766602768904,2.197253765696994
site_eb3bc9a7aee9d6f6,324,0.05080032108997839,-0.03876563129987982,0.03283136385785217,0.048606134861892365,0.026913338206926374,0.03283136385785217,0.5537024962671259,0.7678708586833479,0.8361379298017486,-12.560064541161061,0.3254556780355626,0.7654682561728396,0.23468219859469053
site_eb828ca3e955ad1d,72,0.08649011598472825,0.07487851775354809,0.043286807945184975,0.035015998878643116,0.060966158510267654,0.04328680794518517,1.7410943700781305,0.7188631130587827,0.5385988917397256,5.391253278255462,0.11049281707985534,0.08828065277777777,0.26761481881193383
site_eba5cbc1dd84d08d,137,0.06088214522226,-0.05549614921351419,0.025036234328183714,0.04200977355463329,0.033576133083067186,0.02503623432818422,0.7992457526437688,0.8030214128830976,0.5078090781404168,-7.602972442251444,0.15517748589475439,0.24178048715328468,0.1544478696552219
site_ebf4f84d79acafd6,8,0.05436345651700236,0.05025421275943518,0.020734018047774257,0.05560539542166749,0.06862973875066741,0.020734018047774277,1.2342280498184317,,0.023643083235808052,0.40203370207548145,0.02948840614631772,0.024735679999999996,0.037680328327878876
site_ec20e4065643efdb,232,0.07099480654027127,0.012291627919365621,0.06992266040978715,0.08330052171121309,0.0578357826999638,0.06992266040978715,0.6943027667998208,0.5598853471136973,1.1693409129202061,2.851657677292824,0.6257940437350551,1.609842644827586,0.7760348404400442
site_ec919d9a24ddf81b,54,0.06065439492874377,0.05301203406188225,0.029473375592114614,0.04855266327516042,0.056257786037477504,0.02947337559211475,1.1586961917753136,0.8518540690334891,0.198663603705289,2.8626498393416413,0.12564773276820784,0.1272975,0.17090667845128432
site_ecbc4520bb039c64,117,0.23551339750085423,0.0908931297058733,0.21726711526291015,0.17172270627834763,0.12268694632341914,0.21726711526291015,0.7144480132088895,-0.0632287764148568,6.489587567080259,10.634496175587175,-0.15585714640907755,3.450176478632479,1.7610941553853672
site_ed130293b294c5a2,39,0.05921253581148886,0.028090598564881553,0.052125259418956627,0.054385126389359315,0.03161262115524542,0.05212525941895694,0.5812732865401701,0.36063763419536565,0.13673885149184717,1.0955333440303805,0.024181113824362943,0.11535193692307688,0.038974954835897746
site_ed8668d708cd9f42,70,0.08005520043556677,-0.05442932574408394,0.058705056135082354,0.09594681881551013,0.06051421520359325,0.05870505613508483,0.6307058008869693,0.8113366379037987,0.44861845817451396,-3.8100528020858757,0.3297517533344882,0.644405442857143,0.2563379169194757
site_ed9138fe753e1f02,20,0.04483067816980027,0.023223047358989717,0.03834683528697417,0.04288317239897253,0.017829642458320763,0.038346835286975585,0.4157724688005581,0.44885584704296577,0.04019579410328413,0.46446094717979436,0.006863828486651183,0.03677932949999999,0.00635792300383109
site_eda005e51a299a0e,329,0.23996996826265843,-0.2357596874891987,0.04475438998552723,0.07235669123153658,0.05136919380659831,0.04475438998552724,0.7099439309934766,0.7898143187784599,18.945657684765845,-77.56493718394637,0.9658336888232854,1.722476462006079,0.8681632497998133
site_edb67bacc6a2f615,2,0.04166730884070318,0.040031105870008465,0.011561798685789108,0.07665,0.065088201314211,0.011561798685789704,0.8491611391286498,,0.0034723292520530825,0.08006221174001693,0.00997802126146853,0.011750444999999998,0.008472947900638517
site_edc41c47fa42988f,103,0.023867930533894317,0.004821513069544023,0.023375866180550844,0.021369083293466096,0.020583795622183425,0.023375866180550844,0.963251223250986,0.3795544488288967,0.058676845120992874,0.49661584616303434,0.017195811031386253,0.047033685242718455,0.043640342148229205
site_ee1921e55841ea0d,206,0.09145640261580872,-0.06958681457193153,0.05934600927742759,0.08555681359390584,0.05983387953021461,0.05934600927742793,0.6993467500346056,0.7206319667217087,1.72304035736153,-14.334883801817893,0.7599456055066685,1.5079134805825243,0.7374991867650643
site_eef5f3ba42e04423,79,0.03300308134748905,-0.02095275125111206,0.02549873709496221,0.029943061386108267,0.025543625847356338,0.025498737094963562,0.8530732885985735,0.5876139327744149,0.08604706689588938,-1.6552673488378529,0.03550568704997438,0.07083036708860758,0.05154566889294873
site_eefad9fa85f80180,151,0.04868306433363797,0.035791043808918115,0.03300063538753818,0.03970231760324784,0.053485694183032347,0.03300063538753886,1.3471680599990203,0.7883075304346693,0.3578761536898831,5.404447615146635,0.25277034348432004,0.2380173774834437,0.4319686418183699
site_ef1a0b7a4f85647e,128,0.11475583654035418,-0.08059106606524438,0.08169444344962454,0.10085710807870707,0.06077780258864287,0.08169444344962487,0.6026129813400258,0.5866446965867653,1.6856194585697903,-10.315656456351281,0.4602953886054456,1.302036,0.47282448480051764
site_ef1b5625cbf889df,183,0.10983520394031397,-0.003258592076575168,0.10978685532562103,0.12119144356353147,0.09245924242175785,0.10978685532562141,0.7629188967725142,0.4990029172956566,2.207670280503696,-0.5963223500132557,1.023237536843512,2.687787976721312,1.5644142061845858
site_f005fd2353ec048d,130,0.09735655280667786,-0.05391118250562595,0.08106714979105006,0.08307237396376928,0.09042376625820764,0.08106714979105116,1.0884938270530773,0.5661551233261196,1.2321787886719293,-7.008453725731374,0.5528636129282873,0.897132511076923,1.062939475561466
site_f059546b5612f674,32,0.12942337571332935,-0.08735798761993646,0.09549341432805009,0.12720319313503886,0.041524047614523316,0.09549341432805009,0.3264387205314995,0.8316850547512918,0.5360131257930756,-2.7954556038379668,0.14057450710423292,0.517780875,0.055175888969382386
site_f07b80b3214910ba,44,0.0749725195444546,0.0021832832287658334,0.07494072298281233,0.09835446468331012,0.04046865499241127,0.07494072298281482,0.4114572238557305,0.7154284322285822,0.24731866222111953,0.09606446206569666,0.12529441757466306,0.42563843181818184,0.0720593296233718
site_f0ccb43d6f9d9cfd,309,0.06188677597820006,0.05818891147955721,0.021071868018763176,0.025492549272102424,0.026591441845651955,0.02107186801876321,1.0431064214810442,0.6733834320341553,1.1834616696615592,17.98037364718318,0.14105096442025744,0.20080985113268607,0.21849537684408316
site_f1050af72de062ae,91,0.10520466685489982,-0.09525661092629799,0.04465646652934313,0.06255148363789058,0.028943292593959367,0.04465646652934316,0.4627115283389851,0.7611943276161913,1.0071899954525916,-8.668351594293117,0.12540720413104928,0.35605461758241763,0.07623199094233843
site_f1573be180b99853,119,0.04924494509023079,-0.042850684241387015,0.024266921456682387,0.04469950703262642,0.03549550298433609,0.02426692145668254,0.7940915983352506,0.8411194435686844,0.28858268941584164,-5.099231424725055,0.15881104445311886,0.23776746554621847,0.14993175712121046
site_f2457bdf17f809aa,15,0.07098936114411632,-0.06789671867291132,0.02072498465865064,0.04126600968782365,0.027926289331834723,0.0207249846586507,0.6767383021304074,0.8908471775259753,0.07559234093474657,-1.0184507800936697,0.015399271517246961,0.025543253333333335,0.011698164537680189
site_f2e692f63befa2ca,575,0.10623897806842537,0.04333688226533973,0.09699811903611046,0.1344642444121515,0.06888284545485798,0.0969981190361106,0.5122762988480607,0.7242733249366904,6.489864265088437,24.918707302570343,3.8573427439392387,10.396363989565216,2.7282866788257634
site_f35139d0576344b1,63,0.06535449583801027,0.059245574868860694,0.02758934549239479,0.06413612224691127,0.06821874887215729,0.02758934549239485,1.0636556511715616,0.9149193742293117,0.2690862379531517,3.7324712167382237,0.25219113853041614,0.25914685714285707,0.293189254953995
site_f39ad74b903eb489,68,0.08420442062594838,0.07415287795049302,0.03989655554820396,0.07388664398366968,0.0641527518501294,0.03989655554820471,0.8682591114073116,0.8420910834654891,0.4821461428007115,5.042395700633525,0.2714246038730968,0.3712280588235294,0.2798591387562112
site_f408269ff3bfc904,433,0.04666963158034434,0.0018702955453830828,0.046632140272756015,0.06692052862627104,0.041287861794098046,0.04663214027275604,0.6169685542186473,0.725385476592931,0.9430976036289168,0.8098379711508749,0.8678376902620681,1.9391286466512703,0.7381297011518583
site_f40d91148ce5f169,100,0.08254964996683249,0.0066399623529911035,0.08228217066653887,0.08172392327831551,0.07026062993215858,0.08228217066654007,0.8597314851476473,0.4218932257760481,0.6814444709646567,0.6639962352991103,0.24225000724330545,0.6678799635999999,0.49365561184637374
site_f41236f6a73e8c51,344,0.1406045875548907,0.12720796326183995,0.05989811453005263,0.08022211993946854,0.07413365013204731,0.05989811453005294,0.9241048502331369,0.7014780574279809,6.800759614269439,43.75953936207294,1.4350996274592052,2.213842453488372,1.890554540173875
site_f459e887bba62073,76,0.052341299568753344,0.02110936123446414,0.04789578800707721,0.04930889935297341,0.07125158202770822,0.04789578800707727,1.4450045116128034,0.7420507709621507,0.2082104846814944,1.6043114538192746,0.19813766154529233,0.1847839342105263,0.38583588355029375
site_f468c03f1fedb166,24,0.11957143182251877,-0.09856297270456948,0.0676954039778591,0.08441858956348944,0.03485717261051082,0.0676954039778593,0.4129087300646675,0.6386973295478274,0.3431358553940941,-2.3655113449096676,0.0451062363187472,0.17103595833333332,0.029160539577574696
site_f4812d36f8b87671,83,0.06793344149717707,-0.01890065935433629,0.06525118810888979,0.06853445413576326,0.050970009685865056,0.06525118810889026,0.7437136594813475,0.4347295007644981,0.3830410553129816,-1.568754726409912,0.12604362326986102,0.3898486265060241,0.21562917665230574
site_f48c6b207c3fab2d,284,0.1310362572188601,0.12625263518955507,0.03508237183572953,0.04645192347155819,0.041724099814446525,0.03508237183573128,0.898221143414945,0.6882564979159916,4.8764222004833435,35.855748393833636,0.3788430617996295,0.6128098591549297,0.4944157435125545
site_f4ae282ac466260d,9,0.10540564251432104,0.1017261210017734,0.027606987879690858,0.022557372669005475,0.03275431755179689,0.027606987879698005,1.452044882727071,,0.09999314526471159,0.9155350890159606,0.0036879057010014856,0.004579515555555557,0.009655607864555549
site_f4e6d6d6c1cafad7,124,0.03230569926958652,-0.006538485779396949,0.03163710494039533,0.04518406323870869,0.05504781923729135,0.03163710494039547,1.21830165973503,0.8183535386941766,0.1294136174568234,-0.8107722366452217,0.25239924500095506,0.2531583467741936,0.37575253794490643
site_f4e907a8ba8d1abb,25,0.2544412039595238,-0.24577394063758848,0.0658444862979667,0.07287956377476473,0.03476454814960102,0.06584448629796671,0.4770136695252639,0.4311032924287175,1.6185081568093,-6.144348515939712,0.027306353102535014,0.13278577039999997,0.030214345201148185
site_f5ae0072aa9d0a04,65,0.19687333343051677,-0.17975203561727815,0.08030140165332231,0.10741916563426719,0.048156760750124546,0.08030140165332243,0.44830697078848214,0.7161892795686288,2.5193421120428234,-11.68388231512308,0.24081315843060613,0.7500270144615384,0.15073978438640784
site_f5fb4b6c3b6ce99f,102,0.11951888296500739,0.10401029906670253,0.058878018591476296,0.06258778072467487,0.044887653381279695,0.05887801859147631,0.7171951595270896,0.43879374947056904,1.4570458652907194,10.609050504803658,0.12574104309184295,0.3995574901960784,0.2055199454599469
site_f617214b073c06c0,689,0.029365085891364353,-0.013139707651159068,0.02626130903533328,0.05048433233973089,0.03821644827667488,0.026261309035333535,0.7569962106163926,0.860274072161691,0.5941303976215647,-9.053258571648598,1.14357063636668,1.7560321223222062,1.006282377110915
site_f645d63c8edb6a7a,176,0.09592668574061383,0.023614167190614068,0.09297472852916652,0.11337114285856807,0.07645964441603445,0.09297472852916676,0.6744189260879094,0.5799737595556176,1.6195395105434134,4.156093425548076,0.8848217938746579,2.262130821818182,1.0289095914638513
site_f65ec349d3fa498b,397,0.1470163991139923,0.1434703253168303,0.03209497409139877,0.026685419576828063,0.03992928231134529,0.03209497409139943,1.4962958403703484,0.5989377394195563,8.580687178552537,56.95771915078163,0.2533598106296297,0.28270831234256927,0.6329559916019475
site_f695cfa2b198ee8e,37,0.042445492760996344,0.040824962622571626,0.011616466011202465,0.0214687688296765,0.019121572367765054,0.011616466011202507,0.8906692563261062,0.8423535783275373,0.06665993466178034,1.5105236170351501,0.01279460522233433,0.0170535972972973,0.013528477603180017
site_f6a13c8718860659,32,0.024549674213961082,-0.004925865629687906,0.024050412715998972,0.03236991695135315,0.026565366961053355,0.024050412715999028,0.8206807265207658,0.6832668384311198,0.019285968128372022,-0.15762770015001298,0.018801726294448602,0.03352996875,0.022582999096813605
site_f6e487124edabf8f,133,0.08591512261514825,-0.07283897717447209,0.045561954503211266,0.08439375235256907,0.059622360945690143,0.045561954503211266,0.7064783740934723,0.8546958333217028,0.9817273030988025,-9.687583964204787,0.5719824375716928,0.9472666230075188,0.47279184799017493
site_f7b6fd0b704f24d5,64,0.0881103440328569,0.04432452993765473,0.07614964721779315,0.08017830495799659,0.041228017007121115,0.07614964721779376,0.5142041482258753,0.3523636362465637,0.4968596944376577,2.836769916009903,0.0745453184282407,0.4114278775,0.10878396072572594
site_f801eca3ddf0629c,849,0.03883127281294204,0.005717907854440776,0.0384079845610422,0.047011938799655636,0.0612630243880755,0.038407984561042254,1.3031375848835285,0.7791599796865583,1.2801797182838885,4.854503768420219,1.9052015356205596,1.8763939088574795,3.1864312754406696
site_f80bf9d30cd43152,124,0.0202889930978021,0.005580959858048347,0.01950630995307709,0.019698500407753276,0.018436105457776422,0.01950630995307714,0.9359141597661934,0.4783309027113019,0.05104376187441,0.692039022397995,0.02154033603629758,0.04811583387096774,0.04214635807183145
site_f8577ef511842081,219,0.07177727523676063,-0.0386389770326549,0.06048972387342876,0.07858698888785544,0.05504289316087126,0.06048972387342984,0.7004072040400748,0.6411315646631333,1.1282830156505983,-8.461935970151423,0.6073557896186262,1.3525253461187212,0.6635086991666803
site_f85796d856927f97,73,0.0654487003090592,-0.04834467815168916,0.044117167481090985,0.10187417131815199,0.06748307875356746,0.044117167481091166,0.6624159772825883,0.9444653562737986,0.31269786316658826,-3.529161505073309,0.4739885705141989,0.7576193150684932,0.3324395120183938
site_f863ed028d428c3e,85,0.15349961712968385,-0.11714267414738151,0.09919539481528332,0.09495401524096084,0.02755328682791143,0.09919539481528467,0.2901750574527112,-0.012284112039618817,2.0027812590115603,-9.957127302527429,-0.0027318034042330334,0.7663825258823529,0.06453060727679838
site_f8923c8bedba827f,29,0.07059454284361687,-0.04407254846034379,0.0551470756387853,0.06536619612398584,0.06650856399312366,0.05514707563878538,1.017476431808438,0.6503787701155019,0.1445240948996785,-1.2781039053499699,0.08199646656523492,0.12390944827586206,0.1282782834483953
site_f8bf18cf05681ba1,521,0.04404407439857138,0.0010395868639399132,0.04403180383290258,0.06413669338200492,0.07130052554078237,0.044031803832902644,1.1116963126881036,0.7936269915402626,1.01067773509561,0.5416247561126948,1.8908342045291566,2.1431415431861804,2.648641534986106
site_f9474c251f4c85b7,278,0.09639830384528784,-0.08058740317542777,0.05289899274740014,0.06737369251298479,0.038914394930326265,0.05289899274740019,0.5775903543185847,0.6208011858999932,2.5833519696210656,-22.40329808276892,0.45247851872939965,1.2619016151079139,0.4209837769165659
site_f956c78502603f81,228,0.039748532196625844,0.002998951830492731,0.039635238105814194,0.05377132362069216,0.03857722572767531,0.03963523810581422,0.7174312092408694,0.6769849675611532,0.3602276450872539,0.6837610173523427,0.32018102575291213,0.6592289956140351,0.3393101346244351
site_f9b796db02c200aa,619,0.11124625064730088,0.09566183746178816,0.0567850432465849,0.0436637165351701,0.07490574295399426,0.05678504324658532,1.7155145942205685,0.6562658955819611,7.660575807227816,59.21467738884687,1.3286368684511458,1.1801359676898222,3.4731287327162237
site_f9f0235d2e05c1c5,86,0.12864092560353263,0.04159844706197117,0.12172944155858928,0.13398621998457327,0.04673685764460136,0.1217294415585893,0.34881839080155025,0.4246649212214641,1.4231699456514912,3.5774664473295203,0.22869911484144795,1.5438984145348835,0.187852712174289
site_fa6684a460ee051b,87,0.023563614715343763,-0.01526237971193489,0.017952818831088426,0.025409193582436075,0.027994851353316155,0.017952818831088433,1.1017607175328616,0.7781482661758307,0.04830622264542537,-1.3278270349383354,0.048156027581761095,0.056169559310344834,0.06818291809960125
site_fa67fc8ac26d4830,132,0.06616380177324152,0.055455260060953374,0.036088263974051564,0.06730838360274266,0.047283435387254456,0.03608826397405218,0.7024895392871648,0.8583905789241629,0.5778496237917213,7.320094328045846,0.3606094119258677,0.5980152424242424,0.29511547058672805
site_fa6f730253456586,123,0.03574520568263562,-0.011473273333689062,0.033853858396117646,0.03858576805590042,0.036550939695357935,0.03385385839611806,0.9472647957248236,0.5951549704783733,0.15715952670315284,-1.4112126200437545,0.10324306108754097,0.18312996406504067,0.16432445669148416
site_fa8f84308360a237,255,0.07742684465896833,0.053823017020319025,0.05565967222931214,0.08446777864135166,0.047169285696875084,0.05565967222931544,0.558429337856212,0.785805780743263,1.528703649830223,13.724869340181352,0.7983728737080797,1.8193754352941178,0.5673600858541232
site_faac0be9a66c6585,533,0.09485180892363737,0.06534702822113127,0.06875050224364102,0.0802532364799751,0.07626652276308911,0.06875050224364113,0.9503233278587989,0.6151757577646446,4.795329394693952,34.82996604186297,2.0068870181513296,3.432830187617261,3.100238469500697
site_fab524c655a9dd78,4,0.09247996869590439,-0.04513409190177918,0.08071838921954035,0.11416458513917528,0.03521711518796308,0.08071838921954035,0.30847670619597795,,0.03421017843998182,-0.18053636760711672,0.015516678687930108,0.05213421,0.00496098080864904
site_fadb31acf1acd232,565,0.0401789045301614,-0.01708785238002254,0.03636412614490251,0.037817834341110856,0.020718639235697507,0.03636412614490251,0.5478536673681172,0.34274255503892515,0.9121045686227608,-9.654636594712734,0.1517310143488962,0.8080565557522124,0.2425330366551261
site_fb12f9388775927e,36,0.043505571381306375,-0.020079251699149613,0.03859479747862583,0.058105241896084285,0.03937333829123414,0.03859479747862583,0.6776211062273799,0.751141817278835,0.068138450683702,-0.7228530611693861,0.06186456920848124,0.12154388888888888,0.055809351655054726
site_fb318c5726a2f05c,229,0.06797816744690953,-0.05082324764535937,0.04514453176430723,0.06367017176423491,0.05267634040051097,0.04514453176430755,0.8273315265359557,0.7141897841602259,1.0582161561217762,-11.638523710787297,0.5485304397286677,0.9283409868995633,0.6354284758998254
site_fb4c3069d7e94bed,118,0.022508963729449397,-0.0077423160795943215,0.021135514895486308,0.015938574997119745,0.02055200422511043,0.02113551489548643,1.289450545536497,0.35063238187481105,0.05978510688449288,-0.9135932973921299,0.013553070581915903,0.02997650440677966,0.04984141556493692
site_fb501c568fd614c3,94,0.08504038383647175,-0.024243548380948117,0.0815114546855537,0.06920450863485399,0.04907666762395099,0.08151145468555368,0.7091541951825107,0.08150954392396417,0.6797954870071178,-2.278893547809123,0.026022305548888566,0.45019081744680856,0.2264008146767454
site_fb66aa74c523bf6b,430,0.08775208273060893,0.07263658721675706,0.049237731680714915,0.0497236059932219,0.07966634343435867,0.04923773168071493,1.602183547291772,0.8071608415956574,3.311184050130642,31.233732503205538,1.3748839453432797,1.0631479069767442,2.729092298766509
site_fbbe7c46acc177a1,41,0.039838548366047145,0.021790783581210345,0.03335073742559123,0.023180152128636305,0.019154213477933366,0.03335073742559147,0.8263195759733875,-0.23431246976303974,0.06507150737246899,0.8934221268296241,-0.004265400973398512,0.02203009756097561,0.015042239652288014
site_fbcf22b1e9843130,94,0.12123941101763852,0.05230311430388311,0.10937723263101344,0.1116111889197399,0.05984418492756389,0.10937723263101386,0.5361844588054528,0.3050481907875418,1.3817055096869657,4.916492744565012,0.19152523235406013,1.1709634042553196,0.33664468814657966
site_fc3e5e33830dc393,21,0.04945791538776699,-0.03527239475079945,0.03466905771790306,0.07398777247755521,0.05290358937151331,0.03466905771790332,0.7150315193981821,0.9032500688727569,0.05136779328457389,-0.7407202897667884,0.07424588515609502,0.11495800000000002,0.05877458513618361
site_fc969b6a7d772c7d,88,0.08696737166097616,0.05125636657937007,0.07025744529015836,0.06332166402843957,0.05075584696635095,0.07025744529015907,0.8015557984002922,0.25664419856174203,0.6655724885584157,4.510560258984566,0.07258594278771092,0.3528477159090909,0.22670172811190403
site_fca46353b779e0c3,13,0.1359173828834508,0.1356001569674565,0.009280754295191165,0.011665454994842098,0.012569230806290736,0.009280754295198245,1.077474544443251,0.7090703282476584,0.24015595460852526,1.7628020405769347,0.0013515840195692504,0.001769076923076924,0.002053812319803505
site_fd9f51d6899fafaa,46,0.04997431410362093,0.009275933909675349,0.04910589700057113,0.06476356956877241,0.039926039106878204,0.04910589700057142,0.6164891677948783,0.653005075941432,0.11488187522585883,0.42669295984506606,0.07767144670191667,0.19293871739130433,0.07332807554314252
site_fdbd79ba7196fbc0,8,0.09661766872564297,0.09307616251707077,0.025919141210192807,0.055083219711178834,0.043929317435473174,0.02591914121019388,0.7975081642977737,,0.07467979127982469,0.7446093001365661,0.017168576572090387,0.024273288750000004,0.01543827944277254
site_fe445170e29174a0,133,0.02762634445287538,-0.009681261388699812,0.02587446783515727,0.051508748070784524,0.06860804687648506,0.0258744678351598,1.331968829492852,0.9466452774675919,0.10150758274124613,-1.287607764697075,0.44493335469514134,0.3528691,0.6260395247953943
site_fe8014b9bedb3a60,34,0.05816815828514219,0.020327624001923728,0.0545006636723056,0.09546928345308234,0.05731041987659918,0.0545006636723056,0.6003021893922976,0.8616233779234973,0.1150401777017021,0.6911392160654067,0.16028528146884022,0.3098890588235294,0.11167246369869122
