physical_site_id,n,rmse,bias,ubrmse,observed_sd,predicted_sd,within_series_ubrmse,amplitude_ratio,r,sse,sum_e,anom_xy,anom_yy,anom_pp
site_0089d624f3191d41,19,0.03743493451852975,-0.0277191183018057,0.025159984160907388,0.027497469034878458,0.009235721701236557,0.025159984160907384,0.3358753378182459,0.4102720893524094,0.026626112125725594,-0.5266632477343083,0.0019796532790519687,0.014366105263157892,0.0016206725515111459
site_008c2bef2cb4aaa3,42,0.03519637836009938,-0.013955063392718636,0.032311627247362154,0.04564469529547525,0.06114985926438915,0.03231162724736219,1.3396925725660596,0.8560402810148193,0.052028972086025416,-0.5861126624941827,0.10035274706727691,0.08750440476190477,0.15705082209829319
site_00edf1317915280d,216,0.09251441883284399,0.08599261117147074,0.03412020685592517,0.0416768380074971,0.036511827438406225,0.03412020685592561,0.8760699991644817,0.6262361051968254,1.8487262214674378,18.57440401303768,0.20583545615682725,0.37518310648148145,0.287952525264662
site_01183702de237e95,654,0.06462216352582648,0.0037492708160060647,0.06451330860455774,0.08191912268218,0.06761045041928397,0.06451330860455783,0.8253317199402989,0.6427583775774132,2.731119708268162,2.452023113667966,2.3282232182977394,4.38882570030581,2.989547145857591
site_01e54199a3b60966,138,0.053277763421935784,0.024632448397339253,0.04724153428071718,0.06063687222785308,0.044514524740344105,0.047241534280717506,0.7341164394672836,0.6347405285340235,0.39171577038363864,3.399277878832817,0.23643613314152412,0.5074025777536232,0.27345292197450166
site_026dbe6171ec07f4,71,0.05885296976625972,-0.029098647199046444,0.05115604345034618,0.0623497612794217,0.04225755450539695,0.051156043450346314,0.67775006091874,0.5799895013722488,0.24592071557188794,-2.0660039511322976,0.10849697663237301,0.276011983943662,0.12678476480713818
site_02b6ac3cafd20e22,104,0.06546278710787365,-0.0481629676372959,0.044336272332026014,0.050130688072770435,0.04931128484674244,0.044336272332026014,0.9836546583035416,0.6025431320190268,0.44567915557680193,-5.008948634278774,0.15490715009049297,0.26136093221153844,0.2528866925766033
site_0312a18810484838,58,0.13491613983157127,-0.1087773570408081,0.07981134870598694,0.057037839204077095,0.059857456355742765,0.07981134870598695,1.0494341509252707,0.06830106617949751,1.0557371576490213,-6.30908670836687,0.013524985205253644,0.18869227586206894,0.2078090747200197
site_0322f6b7744e5e7d,83,0.026011465330904378,-0.015439944458295064,0.020933333317596694,0.048264746403469304,0.045765524779447196,0.020933333317596947,0.9482184863641496,0.9022214961585314,0.056157495278849744,-1.2815153900384904,0.16540922923766702,0.19334731686746987,0.1738421104420702
site_0430e77fe9702577,394,0.0872620035218979,-0.06243321847715958,0.060965157994045914,0.06308981520330414,0.04073281430679213,0.05206195122639506,0.6456321701931198,0.5698908192671286,3.000174959910354,-24.598688080000876,0.5770209151131103,1.568247964260504,0.6537098915725343
site_0472cafe265e9bf9,112,0.08697554002629476,0.07438751388234752,0.04506930597722974,0.05345248029673131,0.06624562473654971,0.04506930597722978,1.2393367785517095,0.7362917940719381,0.8472513910409474,8.331401554822921,0.2920068538989872,0.3200027767857143,0.491510073234406
site_047754da87a40137,94,0.06925318620947363,-0.06669643408022027,0.018643751799111086,0.02643204199540929,0.011817587775851249,0.018643751799111118,0.44709325817141654,0.7854944101151947,0.45082435721541864,-6.269464803540706,0.02306378095578799,0.06567336734042555,0.013127605798955194
site_04a0ab31c36d8277,117,0.06971076666076337,0.0023292151505111634,0.06967184327412348,0.0971675470643278,0.06064342013549862,0.06967184327412355,0.6241118765234538,0.7013058414730492,0.5685721456464735,0.2725181726098061,0.483501965486373,1.1046592676923077,0.4302820554704802
site_04a334aa2f23d43d,112,0.07878371861010093,-0.04036975295256291,0.06765469211063341,0.09028436569669096,0.058371187124061245,0.06765469211063385,0.6465259701791385,0.6623621808897847,0.6951699236199831,-4.521412330687046,0.3909530694127149,0.9129418691964286,0.38160589446248344
site_05aa898de0a23cc1,66,0.03676720496529132,-0.022036215726173286,0.029431828985458854,0.04924598588518144,0.04880456785822533,0.029431828985458854,0.9910364668506122,0.8198328958378869,0.08922060582334301,-1.454390237927437,0.13004707360267637,0.16006103030303032,0.157204465692656
site_05ff70d4d3251126,56,0.09718827865722249,0.0075135580386434305,0.09689740942849744,0.1301280165895516,0.053697742396576986,0.09689740942850109,0.41265319954848645,0.746155265588803,0.5289514444678199,0.4207592501640321,0.2919739280098251,0.9482648392857145,0.16147306215539192
site_0616304fbe5abc7f,91,0.06190971556789527,-0.020207953829031722,0.05851881307529584,0.11940051015747982,0.1112995550887026,0.058518813075295883,0.9321530950069418,0.8736259507258544,0.34878597223449015,-1.8389237984418867,1.0564927693806014,1.2973398461538461,1.1272707776278261
site_062fed1c5ac99ce7,88,0.0811634093403277,-0.017388812894170935,0.07927880045685044,0.09858150901895621,0.040501767993662945,0.07927880045685047,0.41084548610302635,0.6353528495362408,0.5796999133856123,-1.5302155346870423,0.22323747288435697,0.8552116249999999,0.14435460253389998
site_06fbc9bb474fb230,264,0.046842783499557894,0.02748442308807915,0.03793221392829471,0.042388523924692556,0.03010546310225842,0.03793221392829472,0.7102267386272705,0.49535581673272316,0.5792810406204237,7.255887695252896,0.16688403806101645,0.4743517575757576,0.23927347187078102
site_0749a2df9169c11c,244,0.11010752080416755,-0.06388770731746173,0.08967734937741266,0.12497917536826818,0.051793611450921456,0.0896773493774128,0.4144179324139763,0.7925344313456879,2.958174537584206,-15.58860058546066,1.2517621475233405,3.811229803278689,0.6545490776594813
site_079486718438a070,226,0.07958802618079396,0.02386043504487097,0.07592715950715025,0.10253387561981735,0.06491842445172048,0.07592715950715025,0.6331412331708771,0.6732428846283539,1.431541383966172,5.39245832014084,1.0127810243261335,2.375982216814159,0.9524548143243852
site_088275f9ba9853b1,86,0.10585288112092757,0.057292894148549364,0.08900762170558398,0.08186361730849549,0.03696309319957888,0.08900762170558404,0.4515203995968914,0.02405297792457528,0.9636155899777052,4.927188896775245,0.006259311169212643,0.576342058139535,0.11749924226374486
site_08cce474c4f1c65e,101,0.07179781058437094,-0.044436432918109524,0.056394406054355806,0.13094279995895935,0.09026911392068863,0.0563944060543559,0.6893782166639263,0.9354497203362755,0.5206474860756302,-4.488079724729062,1.1167671381221844,1.7317477029702968,0.8229998057306527
site_08db8db92cc27df6,416,0.043502685491388596,-0.009647175271350604,0.042419519731445726,0.06347767054392484,0.04700512971557762,0.04241951973144581,0.740498655870671,0.7439367127002781,0.7872731963044715,-4.013224912881851,0.9234120943870825,1.676236497596154,0.9191446033445636
site_0902e4bb7164303d,146,0.09057616287975719,-0.07243710556765126,0.054377449544836615,0.06793365152536904,0.02896246899367386,0.05437744954483767,0.42633464186535236,0.6345273837823375,1.1977900271749644,-10.575817412877084,0.18227359785682534,0.6737872273972603,0.12246839309058988
site_097bbf563f897742,21,0.04350224312490532,0.016283560562701454,0.0403396927640656,0.06067051643612284,0.031088920572009703,0.04033969276406691,0.5124222175484823,0.8005970658027881,0.039741348294865815,0.3419547718167305,0.0317114882139223,0.07729914285714289,0.020296940628987292
site_0983900925777e9a,101,0.07365788524609329,0.05634366984532611,0.04744338654952382,0.06572609390238202,0.05841874970848423,0.047443386549524465,0.8888212616932504,0.7138429896662297,0.5479738899515914,5.690710654377937,0.27683063789892315,0.43631186138613853,0.3446877820677552
site_098c5f4a8213f315,52,0.08200393228874468,0.06798804601339194,0.045850523553149586,0.04125759330326376,0.032184896617623,0.045850523553149586,0.7800963178110768,0.23940047103254603,0.3496815353624852,3.5353783926963804,0.01653043769953343,0.08851382826923078,0.05386511365492819
site_09d142dad852325f,523,0.04404921107218302,0.015988388929380738,0.04104515093801686,0.06482218046550325,0.06005170218909961,0.04104515093801692,0.9264066984148678,0.7865293344713231,1.0147941569507455,8.361927410066126,1.6012737025532364,2.197601586998088,1.8860462274277463
site_0a639c884418ac75,179,0.046211710118611804,0.044081393752018166,0.0138691339659743,0.02607977763824632,0.02228310943766521,0.013869133965974443,0.8544209903456674,0.846905534970417,0.3822584652235029,7.8905694816112515,0.0880983307360146,0.12174770949720672,0.08888011695176262
site_0ad0f907a285c78b,99,0.04830224311867472,-0.03989952510956562,0.02722378714151839,0.04790816343017889,0.030075556115210896,0.027223787141518623,0.627775184056948,0.853167089483795,0.23097756233926037,-3.950052985846996,0.1217005323219781,0.22722402020202023,0.08954936848828074
site_0b0ed8efdae8e576,91,0.0728600093268472,-0.018847044296972044,0.07038018101977456,0.09835363969989684,0.051060505653728154,0.07038018101977504,0.519152171790768,0.7295164661061068,0.48308086727885174,-1.7150810310244562,0.33338959287521275,0.8802828982417583,0.2372529466229108
site_0b38093eb399bd08,170,0.07383730765919327,0.022896234031705296,0.070197652877598,0.07589725955043725,0.05351396139531293,0.07019765287759873,0.705084237722054,0.45504988916225425,0.9268311604009214,3.8923597853899,0.3141963461667387,0.9792669812352942,0.48683649091723713
site_0b499005763b91ab,135,0.047679354133732935,0.02623092757799007,0.03981531425228433,0.04105325728377326,0.0586899691615855,0.039815314252284385,1.4296056645615631,0.7355777318652368,0.30689830943233865,3.5411752230286595,0.23926206362314797,0.22752494103703705,0.4650091848253606
site_0b5d986a46425a8d,144,0.049094818305160506,0.023788875009450643,0.04294636899903713,0.04989857769070733,0.04551424556821587,0.04294636899903855,0.9121351283864758,0.5981745935017859,0.34708337055600813,3.4255980013608927,0.195625727639844,0.358541,0.29830270314871554
site_0b72a3f0c80e88c1,80,0.08406260926077971,-0.03227718159258366,0.07761897850506605,0.08590768787447081,0.03881368890813471,0.07761897850506606,0.4518069321671149,0.4291525274136696,0.5653217820584422,-2.5821745274066927,0.1144770983370021,0.5904104668749999,0.12052019573259676
site_0bcb08d77ff25c9a,123,0.06421898218816612,0.0012121339794096916,0.0642075416481581,0.101546749476787,0.0621991024572148,0.0642075416481581,0.6125169222815265,0.7962061808680632,0.5072615538139316,0.14909247946739207,0.6185585296839959,1.2683443065040652,0.47585358661742183
site_0bf83088dda14a95,57,0.0863305637677586,-0.07657222254025307,0.039870552738894796,0.03429183320502716,0.0542404175526665,0.0398705527388948,1.5817298896903211,0.6796470938750738,0.42481907570616495,-4.364616684794425,0.07205631473660469,0.067028,0.16769530508839392
site_0c4d512642175d8c,82,0.05856529440302735,0.020464343036093364,0.05487353071030115,0.0907497162824984,0.04918483489222003,0.05487353071030163,0.5419833461419383,0.8562269310786333,0.28125128409808786,1.6780761289596557,0.31338573926069385,0.6753119024390243,0.19837013463674547
site_0cc518f8eb987b6e,366,0.08639293241480844,-0.054335687157886274,0.067166746774799,0.060518452887148,0.042097034517144485,0.06366989224172785,0.6956065878889053,0.27099281416579496,2.7317283902700553,-19.886861499786377,0.2526842546760622,1.3404688291865465,0.6486106753403815
site_0cc8f0bf6d22e691,356,0.12424294843933827,0.10723977890778125,0.06273707083304307,0.0649383079578163,0.0762174084570743,0.0627370708330433,1.1736894731933092,0.6152362695320668,5.495326444336423,38.17736129117012,1.0840444101414985,1.501246247191011,2.0680372332808505
site_0ce5386aeb45589f,400,0.04409461269296038,0.035496908333152534,0.026159211901927576,0.0460423107043945,0.034103118202182744,0.026159211901927878,0.7406908489266544,0.8274854303735374,0.7777339474168732,14.198763333261013,0.5197225357564166,0.8479577500000001,0.4652090684448193
site_0d5442a09f1a2d6e,357,0.1268655796857968,0.046963461243137924,0.11785291094019498,0.12121564115778115,0.07042408123291573,0.11785291094019523,0.5809817987205773,0.3375782905150069,5.745870485317732,16.765955663800238,1.0287801557160727,5.2454837030812325,1.770559784647612
site_0d5e4db658745469,47,0.04139877328079707,0.018765179941248385,0.03690157789210926,0.057639846275628945,0.03546290400801436,0.03690157789211128,0.6152498019934631,0.7872120361958777,0.08055134617027736,0.8819634572386741,0.07562871022815718,0.15615053829787237,0.05910802535203713
site_0d7b03db25fcc113,73,0.09093786274632366,0.0769722654198947,0.04842484111485018,0.04879072462602647,0.08105340955848513,0.048424841114850396,1.6612462753883501,0.8351203158626859,0.6036877263034517,5.6189753756523135,0.2410907042360265,0.17377904109589043,0.47958482967705346
site_0da833e2b1888903,55,0.10164926479663927,-0.08349849564769052,0.05797046022130497,0.0796117640295756,0.03808375280755898,0.05797046022130498,0.4783684078826711,0.7302037356760154,0.5682915168533509,-4.5924172606229785,0.12176535089229995,0.34859181345454543,0.0797704725348991
site_0dbafc8a640ef8c3,279,0.09938852105582827,-0.016406180436038625,0.09802507516531148,0.1067653435399822,0.06244966149896493,0.09802507516531242,0.5849244654523906,0.4266905098453049,2.7559837948284844,-4.577324341654776,0.793738740072589,3.1802759641577065,1.0880889017525495
site_0dc29dbfcf3d5b45,16,0.08253184579011916,-0.05539547995850444,0.061178806540263135,0.09213167801440501,0.033868568278652866,0.061178806540263225,0.3676104572127453,0.9441962597767044,0.10898408911238416,-0.886327679336071,0.04713983713043854,0.1358119375,0.01835327867593234
site_0e03bfb1bac21c69,145,0.06627826012293074,0.05879368857556375,0.030595913920039946,0.05988983783069082,0.04243189227945322,0.03059591392004042,0.7084990345007881,0.8757830237342813,0.6369571259138163,8.525084843456744,0.32270824516693064,0.5200849379310346,0.2610674949501927
site_0e7b99291027b045,131,0.06652815977543616,-0.0006350631677467404,0.06652512861978496,0.09203751423507633,0.05636338640411592,0.06652512861978599,0.6123957917872072,0.6961039618305754,0.5798054816468811,-0.08319327497482298,0.4730503413239281,1.109688427480916,0.416164903829098
site_0e88bbb351409588,121,0.060508362404966806,0.03494788551035006,0.04939541698666248,0.048021335160093395,0.025875410782356372,0.0493954169866625,0.5388315567672786,0.21555225453178048,0.4430126924326268,4.228694146752357,0.03240853681286013,0.2790318842975207,0.08101396286183782
site_0e94595e2d8280b9,63,0.07777379931185117,0.04941737036875315,0.06005570218753235,0.07008050055705249,0.045574057883267446,0.060055702187532874,0.6503101079617094,0.5293894503865718,0.3810721231422064,3.1132943332314484,0.10651989426865938,0.30941042317460316,0.1308506693726869
site_0ea793c6917b8d1e,142,0.11860581174454415,-0.10346659142114747,0.05798278226570004,0.054577722511885814,0.03638996988949074,0.05798278226570037,0.6667550094558418,0.2368872020455565,1.9975620783006791,-14.69225598180294,0.06680778113482913,0.4229793468309859,0.18804064701524204
site_0ed7401c57e72edd,149,0.09009276188440517,-0.08307983492796853,0.034848913502455545,0.05783183408977834,0.05877401363804778,0.03484891350245687,1.016291711357568,0.8214833988326103,1.2093891558500593,-12.378895404267311,0.41604219110534596,0.4983336340939597,0.5147033171896885
site_0ed89141fd172a0b,19,0.07407713983063037,0.07184303968956596,0.01805547821715651,0.03126168080862911,0.045963390572253494,0.018055478217157125,1.4702789288145472,0.9617716714011316,0.1042610302642485,1.3650177541017532,0.026257293829165012,0.01856856105263158,0.04014003218505291
site_0f170214c09c03f1,20,0.11474390953353417,-0.04651410760343076,0.10489329134361422,0.130831361970286,0.037858690712193915,0.10489329134361426,0.2893701490380591,0.7618983030124109,0.26332329550079747,-0.9302821520686152,0.07547523168545216,0.3423369055,0.02866560924883116
site_0f333b36a4874c91,102,0.09768643205705577,-0.06929802088877735,0.06885073208714888,0.13807256587995165,0.08857660465507532,0.06885073208714919,0.6415221162188656,0.906354321203638,0.9733491788198528,-7.0683981306552885,1.130640676629894,1.944531411764706,0.8002731190065939
site_0f556398a37eba54,17,0.2572373100448509,-0.2541412625284756,0.03979010378904788,0.050312791854770424,0.03390873100159946,0.03979010378904885,0.6739584457860768,0.6148516758121,1.1249075725448827,-4.320401462984085,0.017832376973944557,0.04303340941176471,0.01954663464836015
site_0f5c2c2840148780,191,0.06966691352969795,0.0037931219969744453,0.0695635757151002,0.06924151015778757,0.042471619291219544,0.06750165399463899,0.613383780833711,0.3471423653015067,0.9270144585840925,0.724486301422119,0.1949873047441149,0.9157278652258206,0.3445331430366938
site_0fabc5d0b4df5f64,317,0.06779203604292422,0.05270047212113341,0.04264294067081649,0.04014546811777349,0.03686027797419314,0.042642940670817364,0.9181678456471677,0.389221260543787,1.456855967817908,16.70604966239929,0.18257905271750424,0.5108957794952681,0.4307015892701278
site_0ff1990da553fc4d,975,0.09987887698007128,0.08329176732197786,0.05512051853150253,0.056202421944953874,0.05555897632945463,0.055120518531502544,0.9885512831434657,0.513561274578706,9.726395315130208,81.20947313892842,1.563529753535986,3.079744426666667,3.0096298545074776
site_1053b206858b1513,880,0.05413985036527396,-0.013149550540000199,0.052518689227457255,0.06806196826388455,0.06290527521922266,0.05251868922745727,0.9242353229535066,0.6809939544503913,2.579388589865344,-11.571604475200175,2.5657686807235742,4.076539741079545,3.482224812357411
site_1055453212517d95,143,0.0828057302590332,-0.04455597118147603,0.06979652137325502,0.09560491294354456,0.04460620809791114,0.06979652137325688,0.4665681576871625,0.7337732651634213,0.9805208218136428,-6.3715038789510725,0.44747980305667107,1.307062811188811,0.2845290735250039
site_108f541d7e13b076,361,0.053217077042552324,-0.0092371693486322,0.05240927390622427,0.08593626697125445,0.05075747274317601,0.052409273906224275,0.5906408846006111,0.8270040860567898,1.0223726813120149,-3.334618134856224,1.3022409007076658,2.6660001551246535,0.9300518951780063
site_10a7b62e4edfa545,50,0.1229897487790419,-0.09802070914936065,0.07428606115946841,0.0911019013852071,0.036029036752048875,0.07428606115946858,0.3954806233923366,0.6213953554453361,0.7563239152365919,-4.901035457468033,0.10198072606730463,0.4149778218,0.06490457446402442
site_10d7d76e5b99709b,40,0.055630281629635646,0.015735381403565406,0.0533584670532888,0.0606743561976557,0.04845518754197556,0.053358467053288894,0.7986106582511664,0.541185447331886,0.12378912936770309,0.6294152561426163,0.06364313386902212,0.14725510000000003,0.09391620798912093
site_10dfc2a732e16d10,6,0.060106641625111534,-0.05784237229625384,0.01634222550912686,0.06679038520292839,0.052388429538311014,0.01634222550912728,0.7843708249194836,,0.021676850204697545,-0.34705423377752304,0.02081530431136489,0.026765733333333333,0.016467285296943468
site_10ec1b51ff0dc0c8,84,0.09992242430701907,-0.08898910291138148,0.045447006968770874,0.044927618785166164,0.03440847640534625,0.04544700696877188,0.765864680473717,0.3677503140075572,0.8386972338689243,-7.475084644556045,0.047754156904561175,0.1695532380952381,0.09945123287713065
site_11d0ddb199b9f010,2,0.034137904099800734,-0.03297058808803559,0.008850808858871462,0.0020000000000000018,0.00685080885887146,0.008850808858871462,3.425404429435727,,0.0023307929926543835,-0.06594117617607118,-2.7403235435485864e-05,8.000000000000015e-06,9.386716404158335e-05
site_125ba37c83dbcda5,409,0.04777329414494646,-0.02471344649377837,0.040884388167841394,0.03803221699319482,0.05487761391325307,0.037404239868341016,1.4429244007277418,0.7328109560916004,0.9334556420849665,-10.107799615955352,0.6255501375716814,0.5915978575317398,1.2317249761041351
site_12aaba88bfb65c8b,227,0.07797359379061648,-0.051577293204315956,0.05847789457855069,0.07802533013998211,0.04347204150667805,0.05847789457855084,0.5571529326269636,0.6719064508041582,1.3801330615976628,-11.708045557379721,0.5173450743424078,1.3819651365638765,0.428988775156143
site_12f6f97179080a87,406,0.05771474866316157,0.019985141859265972,0.054144125425727635,0.06934672900402701,0.061910198329748097,0.05414412542572764,0.8927630649479218,0.6650240376555674,1.3523828385802756,8.113967594861984,1.1591817980219652,1.9524413423645322,1.5561462988348702
site_12f79a44d2a41795,112,0.17872143522930928,-0.13389595101752452,0.11837747130065274,0.08819210550072622,0.04895968554851529,0.07565381508568662,0.5551481651394765,0.5154637784635394,3.5774313579675088,-14.996346513962747,0.24927831849992138,0.871118916936937,0.26846969060906367
site_13345716e1eac548,38,0.06999856382604229,-0.06480241311067028,0.026465944017596346,0.04952444204744566,0.03498010823765341,0.02646594401759641,0.7063200874457422,0.8588902919393717,0.1861923596329236,-2.4624916982054708,0.056540810654037876,0.09320147368421054,0.046497102948082014
site_13471aa5ce158e45,113,0.062135295449882506,-0.04903128328038527,0.03816710888347192,0.07406047423873999,0.06761597141827531,0.038167108883471954,0.9129832358392644,0.8586971259156323,0.4362698282927934,-5.540535010683536,0.48590820576514293,0.6197997844247788,0.5166269137645838
site_136f0d570907389a,58,0.05013199987717596,-0.021338748366668308,0.04536380969263033,0.04404887635035534,0.04090272815201854,0.04536380969263034,0.9285759715341428,0.43166033736961584,0.1457666098777399,-1.2376474052667619,0.04510838199715162,0.11253760344827587,0.09703592387611995
site_139d8263042fc17e,25,0.05728881998431194,-0.03653269944906235,0.04412902407893674,0.03391627338019317,0.03410024642432628,0.044129024078936756,1.0054243295562229,0.15812917845929686,0.08205022237987249,-0.9133174862265587,0.00457212050050497,0.028757839999999996,0.02907067015499444
site_13a4a69bc620b9a3,67,0.08181768810130922,-0.06095744118583736,0.05457402725031657,0.06772633727709822,0.033795330626606154,0.05457402725031704,0.49899835108954144,0.6008860254597774,0.4485069837782888,-4.084148559451103,0.09214699887428711,0.30731940298507465,0.0765223329348288
site_14144d0d858434fd,21,0.023755536189943572,-0.00035989448570069774,0.023752809847066115,0.04125019068189282,0.04488117678444679,0.023752809847066115,1.0880234986197974,0.8511870250642064,0.011850835493106095,-0.0075577841997146525,0.03309287399479321,0.03573314285714286,0.04230072062069207
site_14672231a55d516b,109,0.1093616324952424,-0.07304034610975772,0.08139456064253468,0.11655873747981593,0.05873441248967792,0.08139456064253532,0.5039039866045971,0.7603405168088511,1.303636366160666,-7.961397725963592,0.567377481520668,1.4808673818348626,0.3760207019453321
site_14af94b228986e6c,11,0.031802176678362354,0.02600607154748656,0.018304717538077022,0.09379196955880077,0.08785171569714834,0.018304717538077928,0.9366656453681963,0.9818092309422144,0.011125162856299518,0.28606678702235216,0.08898887151276523,0.0967662690909091,0.08489716346025837
site_14d94a059a5aad1d,372,0.08483366165624631,0.07556479823989894,0.038557896946927024,0.04719982917498008,0.04797168544127411,0.038557896946927024,1.016352946181915,0.6718312602018781,2.6771910558024095,28.110104945242405,0.5658854813932451,0.8287504811827957,0.8560771287164766
site_153d5fe2ea0a30b2,107,0.09468371342741973,0.0019722054655306786,0.09466317126532088,0.09541664076087732,0.056596225974628,0.09466317126532105,0.5931483808622359,0.30983469586852197,0.9592555979594144,0.21102598481178259,0.17902983920398716,0.9741638807476636,0.3427352090191138
site_1540ed4ad947cd80,639,0.07511646427305288,0.0671347136046032,0.033695896398712046,0.04208249465567663,0.054234433020852915,0.033695896398712046,1.2887646862336637,0.7836097205504674,3.605546767921406,42.89908199334145,1.1428184788525106,1.1316283317683882,1.8795378103346705
site_15a7df29fffec944,41,0.05090131509214359,0.0315759084893436,0.039923750840599674,0.05262709326825448,0.032916955767530745,0.03992375084060106,0.6254754675456642,0.6520810862337934,0.10622869900249705,1.2946122480630875,0.04631423635453713,0.1135540487804878,0.0444245650570646
site_15fd0f8efa3618ec,756,0.0885614365105353,0.08014622449307215,0.037679049036774485,0.03447419682666433,0.04093086093423382,0.037679049036774485,1.1872897616740277,0.5117062226334856,5.929404795828038,60.59054571676255,0.5458678674166086,0.8984835066137566,1.2665535448740968
site_162f5acccb1ccdb2,7,0.04652533530248018,0.020568609002658295,0.0417317522841298,0.08241799387443081,0.05295078354521074,0.04173175228413029,0.6424662996030297,,0.015152247775057462,0.14398026301860806,0.027492402152717112,0.047549080000000014,0.01962649834636232
site_164f38fa74238777,27,0.07234137830104921,-0.036035516513718495,0.06272731912081876,0.07479114036863327,0.033202602261455716,0.06272731912081876,0.44393763884071746,0.5560050839768055,0.14129842539137885,-0.9729589458703994,0.0372790472915879,0.15103029629629633,0.029765145517175462
site_165766e1d399cf97,157,0.07011202308136741,-0.06454816771753275,0.027372062853783234,0.058285950012353316,0.06702747509822805,0.027372062853784206,1.1499765395266273,0.9138908516021345,0.771764237548265,-10.134062331652641,0.5605453081181474,0.5333685591082803,0.7053511396328422
site_165c41e6efa0bc8e,45,0.1132764780165649,-0.09201844013452529,0.06606184335186309,0.07344546827324706,0.03710862799539299,0.06606184335186312,0.5052541547877912,0.4415987466065457,0.5774202212326791,-4.140829806053638,0.054160198526945376,0.2427406564444444,0.06196726222652088
site_16e59e7364e5ed25,142,0.06533567231457758,-0.028386981955716307,0.05884665948245233,0.06632083633875623,0.061200920743735586,0.05884665948245234,0.9228007986981809,0.576644044809487,0.606162510905296,-4.030951437711716,0.3323564457219671,0.6245803732394366,0.5318684833831027
site_17476f5e1149b6dd,119,0.05035855381353233,-0.04482632866907519,0.022947422518498194,0.03744841300707971,0.02305177113453611,0.02294742251849819,0.6155606949265945,0.8150477426967446,0.30178208912066135,-5.334333111619948,0.08372742354224959,0.16688365277310924,0.06323471414024483
site_179c7b165166f05c,71,0.11048164240375485,0.00982416944453414,0.11004398667331279,0.15497239334112836,0.052770355016729414,0.11004398667331342,0.34051455152125215,0.8982371664837048,0.8666397248844127,0.6975160305619239,0.5215473292547003,1.705167431549296,0.19771443617000778
site_181ff8c89ef12a6c,94,0.055131585146115644,-0.011497560596212424,0.05391936369301684,0.04288316742016048,0.051814358199920627,0.05391936369301695,1.2082679829186629,0.3637313948243648,0.2857122179879995,-1.0807706960439678,0.07597061118198202,0.1728628085106383,0.2523644052729501
site_182cb9b0a7d4c94d,1,0.03299400589466095,0.03299400589466095,0.0,0.0,0.0,0.0,,,0.0010886044249769215,0.03299400589466095,0.0,0.0,0.0
site_183b638a356ad6ca,93,0.10203834110644097,0.08845235844965904,0.050872422199531975,0.06885529523773322,0.03762232636293679,0.050872422199532884,0.5463969943493826,0.68876524931576,0.9682995441851594,8.226069335818291,0.16593468189960525,0.44091780645161294,0.13163586800921756
site_18793582c71deee9,486,0.0591889913465331,-0.008601774619734338,0.05856061961771976,0.07015747129618724,0.05804575168029618,0.05856061961771995,0.8273637947303085,0.5969577843640638,1.7026216345573055,-4.180462465190888,1.1814742369211013,2.392126398436214,1.6374843140314748
site_18be3f84accd05c4,1182,0.03176765149467842,-0.011727679419688969,0.029523638273701084,0.05485124564095864,0.04686896530260222,0.02952363827370148,0.854474037096509,0.8428656882268377,1.1928551115180404,-13.862117074072362,2.5612248794311014,3.5562351133671743,2.5964992918901797
site_18bedc0a241bdc83,127,0.02102918703425587,-0.007793653436814706,0.019531658235504262,0.02294682958567427,0.011139109179048404,0.01953165823550434,0.4854312940033582,0.5264934354691077,0.05616279182985783,-0.9897939864754677,0.017091092812170194,0.06687273748031496,0.015758128669450575
site_1929ba01621eda50,217,0.128210010484694,-0.10254234527058315,0.07696021189480869,0.08892729570559497,0.06346383242100818,0.07696021189480867,0.7136597589913586,0.532707523350314,3.567004073101319,-22.251688923716543,0.6523939789413444,1.7160498709677419,0.8740017915469128
site_194102884b72b2f0,88,0.03464649844496633,-0.018350714728913527,0.029387601525730042,0.04704843534693839,0.034903116102000115,0.029387601525731142,0.7418549808218307,0.7819541416785042,0.10563342719574079,-1.6148628961443903,0.11299867298674177,0.19479286363636364,0.10720402119941358
site_19bcb346c9572bcb,74,0.11196734024001248,-0.05874651599784155,0.0953180577778317,0.08038934647717337,0.050017399129794964,0.09531805777783177,0.6221893984919686,-0.015089398022810018,0.9277147107512811,-4.347242183840275,-0.004489761144667866,0.47822108,0.18512877596248184
site_19cb1bd872c4d23c,70,0.26301949983793776,-0.256756613134316,0.05705522681397484,0.053252233851774536,0.030584706329763067,0.057055226813974846,0.5743365886752164,0.15838537440522826,4.842548010649926,-17.97296291940212,0.01805740176407354,0.19850602871428571,0.06547969828944944
site_19feb3f9e9d0726a,57,0.0342940258843548,0.005583561945379826,0.03383643077156488,0.03404281843835552,0.02191510448639084,0.03383643077156489,0.6437511784188652,0.33126464071804107,0.06703657204733741,0.3182630308866501,0.014087015468744855,0.06605806877192981,0.027375492865017392
site_1a0cd59d1873112a,14,0.09509157996499777,-0.017470328322478707,0.09347297047031491,0.13098356338698003,0.09817317723167904,0.09347297047031507,0.7495076076197023,0.7021295774037716,0.1265937201233539,-0.24458459651470188,0.12640229277738504,0.24019371428571426,0.13493161818867727
site_1a52df5386240d07,520,0.050743894567088825,0.0365887074173643,0.03515976856241146,0.06093857365918064,0.049421273961772684,0.035159768562411646,0.8110014887807793,0.8167853574387306,1.3389702746346297,19.026127857029437,1.2791383161069825,1.9310250750000002,1.2700804064023872
site_1a9dbac658ebe085,81,0.09594520265172266,-0.01024868404276577,0.09539625981804363,0.09384853557693087,0.043179763699407535,0.09539625981804366,0.46010055920384174,0.19391097663439885,0.7456440348622905,-0.8301434074640273,0.06364952604987738,0.7134113580246914,0.1510238514440705
site_1ae2faafa57e844c,288,0.04295090637225968,-0.0038810237559179484,0.04277520324679495,0.05689688689912418,0.034073266474685504,0.04277520324679511,0.5988599435166988,0.662447649218947,0.5312967431612017,-1.117734841704369,0.3698676308537316,0.9323296527777778,0.334364396617419
site_1b2f4be319c8a70d,152,0.06959822655099833,-0.05864459113227693,0.03747966208455132,0.060973029719586645,0.0513225120372788,0.03747966208455151,0.841724812975666,0.7904328176859633,0.7362747971347015,-8.913977852106093,0.37597089990228416,0.5650919736842106,0.4003680367561273
site_1ba2419bf83859ca,145,0.07216480508318666,0.024568378345226412,0.06785391571737134,0.07518436354245599,0.04392913226697267,0.06785391571737213,0.5842854843369958,0.45087772008060295,0.755125068440677,3.56241486005783,0.21592698960040152,0.8196398355862069,0.279816455950731
site_1c7e765219227837,159,0.08268094919756766,-0.040778194147835733,0.07192550481054809,0.10815436669192725,0.05862116734647341,0.07192550481054913,0.5420138746080693,0.7855140066750418,1.0869461582735114,-6.483732869505881,0.7918621392407508,1.8598813584905662,0.5463941605090552
site_1ce5634596e14607,319,0.0316438582232158,-0.010769195999845067,0.029754969009694883,0.049508104260382296,0.04406354682389798,0.02975496900969503,0.8900269457329797,0.8038702893279798,0.3194254704770632,-3.4353735239505765,0.5594128132798362,0.781885711598746,0.61936917462589
site_1cedce47f64df34a,254,0.0989034263740184,0.07379335546305799,0.06585156367181912,0.07596983462422138,0.04552534509416778,0.06585156367181913,0.5992555508295523,0.5070826504053099,2.484599488124303,18.743512287616728,0.44545813635537235,1.4659396062992127,0.5264294896695388
site_1d1f4a4194ae00c3,182,0.061370354598602433,0.03021433595117632,0.053417359786755256,0.08642897312384384,0.05083895941891147,0.053417359786755256,0.588216631314877,0.8194378656705782,0.6854703170875929,5.49900914311409,0.6553049105741493,1.3595340659340662,0.4703971626531863
site_1d6a4da433bfddd7,6,0.07600316718833651,0.035487075606981916,0.06720973804087157,0.08422522715249207,0.04508798350703196,0.06720973804087157,0.5353263509209532,,0.03465888853594939,0.2129224536418915,0.013828998774290086,0.04256333333333333,0.01219755754038232
site_1d92331b9f8c002c,75,0.09569843911807212,-0.03997581593704223,0.0869489815340184,0.10982142218873127,0.05618968301549095,0.08694898153401845,0.5116459238610784,0.6204917929103101,0.6868643437226516,-2.9981861952781674,0.28717124471751854,0.9045558578666667,0.23679603580360142
site_1dab76a1b26190f6,1016,0.03213275725261954,-0.007775563650185198,0.031177791752747538,0.03612319055400619,0.022713768499832556,0.031177791752747663,0.6287863323112116,0.5172162723174492,1.0490343140742664,-7.899972668588162,0.4311627021571621,1.3257630541338583,0.5241699239354094
site_1e0ab3dca10c0e53,65,0.07108307248749418,0.022135926354848418,0.06754853039611655,0.06311185899307777,0.06636457115933839,0.06754853039612302,1.0515388425908572,0.45656657587788524,0.32843220762705294,1.4388352130651472,0.12429817049159456,0.2589019384615385,0.2862766598355877
site_1e115354ece8fb9b,39,0.0676692122997125,0.04758089865170991,0.04811632131365896,0.04699525064481482,0.03320569191947314,0.04811632131365905,0.7065754829235463,0.31912365207464,0.1785857694372789,1.8556550474166866,0.019421828054082695,0.08613358974358976,0.04300210105818758
site_1e3671cb73e4a59d,71,0.2125314966514788,-0.2053187417503814,0.054898555126321386,0.052473938478076076,0.02992747597989632,0.05489855512632194,0.570330279142287,0.2022770034844735,3.207044231893146,-14.577630664277079,0.022553742245448306,0.19549950957746481,0.06359142111543625
site_1e4554eec29098a5,97,0.047865347320057344,0.03999118678410028,0.026302023756147045,0.03270554823780097,0.03271446012689796,0.0263020237561475,1.0002724886013894,0.6767138534728341,0.2222358729847629,3.8791451180577274,0.07023247816313789,0.10375632989690721,0.10381288243525644
site_1ead9d05e7924900,21,0.12565298842590517,-0.1202104129371189,0.036580460929955635,0.042266424171496904,0.0511393271395026,0.036580460929955975,1.2099279307850532,0.708670966580414,0.33156214350757385,-2.5244186716794967,0.032167288342118266,0.03751546285714285,0.054919846385902416
site_1ebbce006aed7c73,31,0.07517140335246554,-0.04843965069632377,0.05748338996960087,0.054305153131242526,0.030820875073473215,0.05748338996960091,0.5675497314036949,0.17763768438809036,0.1751729363413511,-1.5016291715860368,0.00921685605482949,0.0914205393548387,0.029447716549133918
site_1f03845600024bcb,415,0.12015510072030974,0.1036541972079909,0.060770516126446635,0.022812113734234734,0.06896253655873984,0.060770516126446815,3.0230664883651692,0.5031741810197548,5.991458015079728,43.016491841316224,0.32850743290812495,0.21596290120481929,1.9736700511754446
site_1f2f25947066509c,400,0.1532873659411204,-0.12884060027375818,0.0830488788501364,0.09433676294928717,0.030929907213283418,0.08304887885013643,0.3278669550057646,0.5070498347408572,9.398806622866786,-51.53624010950327,0.5917935451415368,3.5597699375,0.38266366408892866
site_1f80e745021951bc,179,0.14581173715703238,-0.12404131328127238,0.07664734367353339,0.08837868265780333,0.056690199267142055,0.0766473436735335,0.6414465294379067,0.5139265573549966,3.8057302220025178,-22.203395077347757,0.4609030679416057,1.3981316871508382,0.5752663860377409
site_1f87127a283de97d,2,0.029883611262953864,0.012332462716102596,0.02722022383213045,0.07280000000000002,0.045579776167872,0.02722022383213453,0.6260958264817582,,0.0017860604442306862,0.024664925432205193,0.006636415410041811,0.010599680000000004,0.004155031991026625
site_1fa5a52b4f99f39b,10,0.09711006418113984,-0.061050221642255785,0.07551976564248952,0.15297964864647848,0.0849730434683361,0.07551976564248952,0.5554532529009842,0.9585227896079952,0.09430364565265098,-0.6105022164225579,0.12459978006787598,0.234027729,0.07220418116271737
site_1fe95dec232c15f6,833,0.053672270949080086,-0.04724054990517421,0.025476324567884807,0.021987651489445755,0.034660203142854125,0.0254763245678861,1.5763485772680765,0.6795356171659608,2.399633653136611,-39.35137807101012,0.4313871204509956,0.4027195294117647,1.000707625025961
site_203c950b486649d5,44,0.05242366729055611,0.040358479332111105,0.03345794432105002,0.03830572879441239,0.046687260458670665,0.03345794432105007,1.2188062184965107,0.7066679425040301,0.12092259925640059,1.7757730906128886,0.055607092407159504,0.06456246977272727,0.09590681272197316
site_20551d8a0ce0f349,48,0.09238194959871754,0.027441826787590985,0.08821207827854326,0.06525920270219664,0.03745848207182647,0.08821207827854337,0.5739953986683569,-0.43351607336548026,0.40965238135967946,1.3172076858043673,-0.05086726410643508,0.2044206497916667,0.06735061819801658
site_20c84fb12b0c9692,116,0.05348060031501746,0.021140804921553052,0.04912474913242289,0.07747374126510456,0.05703424797895927,0.04912474913242326,0.7361752130156702,0.7741996849734807,0.3317802547663389,2.452333370900154,0.39682701294722744,0.6962529479310344,0.3773370313329487
site_20e55f2eceb79ec1,659,0.04822183252440749,-0.009141452581097397,0.047347428406615204,0.044946196275520954,0.031043921036175866,0.047347428406615925,0.6906907282181589,0.26592966949092445,1.5324024419959108,-6.024217250943185,0.24452413004394818,1.3312858088012138,0.6350947969449126
site_2266e199c1b4f8b1,182,0.08631124204398373,-0.07745742084934161,0.0380785826750829,0.06535172949187187,0.08411928408626994,0.03807858267508362,1.287177626978216,0.900155601293014,1.3558327515778763,-14.097250594580174,0.9006200880242204,0.7772944356593408,1.2878418198439587
site_228e3c936ac52751,419,0.061859649235430525,0.009549911235568061,0.06111804478976133,0.08282325804289989,0.039300027355157974,0.06111804478976176,0.4745047258923547,0.7171784171697545,1.6033521892792797,4.0014128077030175,0.9781070686350433,2.8742109785202867,0.6471422108986731
site_237e685bbdd8644d,293,0.08695675411658316,-0.05929744973467479,0.06360259068194957,0.09238469387604381,0.05018924254759496,0.06360259068194961,0.5432636126384296,0.7557719143023204,2.215512786342127,-17.374152772259713,1.026760220632247,2.5007349771331056,0.7380552997778855
site_23d2f2404f4bbe4e,117,0.09287463809389965,-0.07554186694540528,0.05402892502609616,0.07626167795162501,0.050275421824749325,0.05402892502609617,0.6592488281813113,0.7073829271067984,1.0092067129255218,-8.838398432612419,0.31732370421443223,0.6804536923076921,0.2957313106398083
site_23e0c01fc0e0a37a,340,0.07699595332647177,-0.06249816690269639,0.044970612209029655,0.07566476276596505,0.07524456503246728,0.0424140359084945,0.9944465862557784,0.8420288553111069,2.015648121741755,-21.249376746916774,1.6299515763823442,1.9465531503061224,1.924993152754567
site_24a155d00f2ce6ce,294,0.05748879266237368,0.010987479403108154,0.056429040202219144,0.07451103477539117,0.06975109857840808,0.05642904020222011,0.9361177010716384,0.6958397362322624,0.9716586168425525,3.2303189445137974,1.063232401273435,1.6322569251700683,1.4303734313510716
site_24bc1a63008e8e56,630,0.05192007015730127,0.04188756499470227,0.030677770192008406,0.034156578567099354,0.03459202503327062,0.030677770192008406,1.0127485387716997,0.6018197383691037,1.6982870216376242,26.389165946662427,0.4479786584781394,0.7350032714285714,0.7538631634185256
site_24bea14e8249e50f,135,0.06495521038171956,-0.04577055376591505,0.046089432234460506,0.06072831051673292,0.030446460048155086,0.0460894322344605,0.5013552952336118,0.6735343279909198,0.5695892130240156,-6.179024758398532,0.16812082331903555,0.49787023925925916,0.125143235477627
site_257ba699ad2936b5,31,0.06950234988859094,0.06047277790192634,0.03425813440426091,0.020917484185269484,0.03818325118362347,0.03425813440426133,1.8254227346572056,0.4519120161465251,0.14974787584111965,1.8746561149597165,0.011189171662349855,0.013563775483870968,0.04519678079950218
site_25bb1d03fe665fce,56,0.09541916892026127,-0.07348039994708129,0.06087239621577525,0.07371731159002765,0.033285622352279144,0.060872396215775317,0.4515306056926521,0.578044446526942,0.5098697966562677,-4.114902397036552,0.07942832974690411,0.3043175535714286,0.06204422870119852
site_25c3911a44e2e266,323,0.055304677509781956,0.01840079611041598,0.05215379235457267,0.06399540981400864,0.05043621180569934,0.05192480954133636,0.7881223349031328,0.6108149985703175,0.9879301754908973,5.943457143664361,0.636800651965918,1.3228182301559208,0.8216511020029251
site_25db0a3f364cf3fa,37,0.02631247104196885,-0.018288034883705347,0.018918084269471523,0.02349014060461417,0.022964497446725362,0.0189180842694716,0.977622817728662,0.6685283877397347,0.025616806896374626,-0.6766572906970978,0.013343327319299854,0.020416108108108108,0.019512621290284263
site_26066c2f9061bb32,267,0.17962185345070122,0.1721495702061314,0.05126924726294926,0.05816210348991648,0.06047157586653397,0.051269247262949305,1.0397075112150624,0.6270845672148002,8.614490733296403,45.96393524503708,0.5888826583751132,0.9032156853932586,0.9763686672377869
site_26149aa81404cf67,120,0.07530678225195052,-0.07054027646740278,0.0263662824274692,0.050555396122306605,0.06350626555985621,0.026366282427472482,1.2561718516895424,0.9178567260299029,0.6805333743771227,-8.464833176088334,0.35362277960382404,0.30670176925000003,0.48396549184307736
site_261c25e44abd6c6d,260,0.1306828813635448,-0.11530740816932458,0.06149973254211035,0.09202318572884982,0.04716342209550155,0.06149973254211047,0.5125167284956917,0.7961098651539101,4.440284025184365,-29.97992612402439,0.8983569390501827,2.2017493450384613,0.5783409797771952
site_261e3bb708a6a167,65,0.1052463199439452,-0.048794823971528276,0.0932515577099431,0.10080146218531866,0.046383773991214586,0.09325155770994327,0.4601498131638234,0.3867496359151865,0.7199912110133131,-3.171663558149338,0.11753742822365118,0.6604607606153847,0.13984454182842487
site_2689516b5f07761f,394,0.07620415752429031,0.05610401090253428,0.05156950246643035,0.07761763262977116,0.04066852429425763,0.05156950246643142,0.523959864741594,0.7950042449612845,2.2879870078508193,22.104980295598505,0.9887453992014307,2.373651776649746,0.6516479740994134
site_26f018cca8362487,256,0.10412275209160304,-0.07683375475229696,0.07027176982112597,0.09751956935020786,0.05098133186074484,0.07027176982112605,0.522780527031072,0.7211892696603268,2.7754361608011333,-19.669441216588023,0.9178932442562654,2.434577,0.6653686267636216
site_270decc0b97d0896,280,0.05781380498866653,0.004559095062421903,0.05763376353735164,0.08253754216928766,0.06106139975694426,0.05763376353735167,0.7398015273062649,0.7162195752812776,0.9358820932349176,1.2765466174781328,1.0107005591402896,1.907484842857143,1.0439784712776587
site_284ff462bff5925c,321,0.037108227515954634,0.008891076669329052,0.0360273410764098,0.05150318722251192,0.04138446342152811,0.036027341076409834,0.8035320851646063,0.7195357712613302,0.44202359634964866,2.8540356108546256,0.4922988896774958,0.851477632398754,0.5497682938727831
site_28bd97dda8311cf0,96,0.1937580330149468,-0.15926837136223912,0.11034383191389133,0.1201631630903951,0.07726846787430189,0.11034383191389133,0.6430295765115235,0.4434031860675084,3.604048834350836,-15.289763650774956,0.3952243512043109,1.3861618333333334,0.5731599482536343
site_292d280e566004c1,45,0.13569246773212423,-0.0988452644311057,0.09296267798841835,0.1127679451871337,0.03659699915700386,0.09296267798841855,0.3245337058884301,0.6559161340890954,0.8285600609655109,-4.4480368993997565,0.12181253198057414,0.5722474257777777,0.06027031562839835
site_29971fce7657be9c,156,0.047983347109862885,0.009606774902496583,0.04701182272405898,0.06579308652922992,0.06059875180910111,0.04701182272405923,0.9210504477879888,0.7262174686993124,0.35917464957903156,1.498656884789467,0.45168454344198106,0.6752819166666667,0.5728645604480815
site_29fa7d91f9cd3f03,186,0.0735231720176889,0.024287238989209616,0.0693958705242876,0.09904484624120609,0.05063483183454419,0.06939587052428785,0.5112313639341928,0.7535195789811395,1.005452169178937,4.517426451992988,0.7028922251910692,1.824637971451613,0.47688283225373795
site_2a096aef4be52591,150,0.06781739419936884,0.05306742075999578,0.04222615078211791,0.036816370754809,0.05805218447174956,0.04222615078211846,1.5768035599806292,0.6883670382545795,0.6898798433988882,7.960113113999367,0.22068401007175445,0.20331677333333334,0.5055084182913061
site_2a66162bd2a4e4b1,187,0.10101055266316906,-0.06665956202834686,0.07589225612345325,0.0943881143546723,0.050765944459276555,0.07589225612345353,0.5378425536558417,0.5975604265992982,1.9079856371226251,-12.465338099300862,0.5354429632695441,1.66600471657754,0.48193286884951975
site_2b657e21e1c1d622,416,0.15394845105644317,-0.12909638852024308,0.08387042418939188,0.10738545052849152,0.05186744754803794,0.08387042418939201,0.48300256033545685,0.6452302726403986,9.859252242394081,-53.704097624421124,1.4950247617025787,4.7971601538461535,1.1191365599017622
site_2c61711a8eb15185,175,0.06947560628811995,-0.05624511750766209,0.04078414674418401,0.057723266627973176,0.03566369405441055,0.04078414674418402,0.6178391511392328,0.7141971148775311,0.8447004770928241,-9.842895563840866,0.2572961963389601,0.5830957142857143,0.22258233788115472
site_2d0695836558269a,137,0.03129466180109868,0.012674852050133864,0.02861300373523134,0.037942959508294405,0.03552690466572869,0.028613003735231395,0.9363240275962776,0.6984906784129108,0.13417175244258486,1.7364547308683393,0.12899407268070828,0.1972345401459854,0.17291605085250522
site_2e03a5b4a3fc6fe0,33,0.043623860231336714,-0.03409782637899573,0.02720991396000848,0.03025205045073522,0.018194304652145766,0.027209913960009165,0.6014238499891034,0.4595076806475043,0.06280035898894563,-1.125228270506859,0.008346357698874039,0.030201156363636357,0.01092407981857807
site_2e6f197ad6e426eb,271,0.07096299376551243,0.05833919521407447,0.0404015443509065,0.020637397606801333,0.05061564258350868,0.040401544350906586,2.452617502839971,0.6488574228999437,1.3646872972084862,15.809921903014182,0.18367847053899097,0.11541949077490775,0.6942866272923458
site_2eadbc791936fa20,822,0.08419851873307302,-0.06083666147918887,0.058209030028941594,0.07744559044861371,0.06992115973829842,0.058209030028941594,0.9028423611114713,0.6923710513053484,5.827479037725478,-50.00773573589325,3.0818822185730324,4.9302076125060825,4.018732172060185
site_2eb90940ae2529bc,146,0.0791372281873766,0.0678179074819774,0.04078519719146726,0.05015914810742728,0.05179864318780164,0.04078519719146726,1.032685863740409,0.6804018504114638,0.9143543292364134,9.9014144923687,0.25809933034595967,0.36732726027397256,0.3917325176701897
site_2ecbb3b2737ff9d4,59,0.0879224622104399,0.08333572341789634,0.028027068408274798,0.035437799735600774,0.03890501524715492,0.028027068408274916,1.097839469081682,0.719485597329681,0.4560912023076276,4.916807681655884,0.05852567828863354,0.07409442135593222,0.08930241247150006
site_301436b06877aab0,44,0.06580179581134075,-0.01879885212941603,0.0630593330968044,0.07381237381987941,0.059218549762144274,0.06305933309680443,0.8022848568270179,0.56949821111712,0.19051455860788474,-0.8271494936943053,0.10952972083335574,0.23972372727272728,0.15430081198098855
site_3058377fafc959d8,52,0.049144440111724,-0.04423084457287422,0.02141981284383854,0.044146887811060555,0.04592766532040928,0.021419812843843724,1.0403375548684222,0.8876392240363054,0.12558915168253101,-2.3000039177894593,0.09358673383593559,0.10134528057692309,0.10968622297274333
site_313b58fce7205197,400,0.11359541532023913,-0.06618288448572159,0.09232412568189992,0.10657849208446872,0.04540627302419677,0.07811942722688417,0.4260359865873318,0.7561022397517976,5.161567352711048,-26.473153794288635,1.463611938938122,4.543589989999664,0.8246918519791595
site_31563788a284dc59,162,0.09532040370945753,0.0749509053899918,0.058892623855237296,0.039447574210730765,0.05514809712610882,0.05889262385523732,1.3980098454598282,0.25950449141625015,1.4719286568601027,12.142046673178672,0.0914556892381774,0.25209,0.49269264389417855
site_319d460a95d287a7,55,0.06467873765944775,0.05736203251318499,0.029882040277999324,0.06179279157724702,0.049051442488355676,0.029882040277999632,0.7938052519772729,0.8794806675880424,0.23008365078708157,3.1549117882251743,0.14661506117284295,0.21000919999999995,0.13233242056036554
site_323cc8255b0caa4e,56,0.06855286539349677,0.022218957450773034,0.06485224193086639,0.1129061094043025,0.10935096050165251,0.06485224193086642,0.9685123424993819,0.8301862452527469,0.26317173980489766,1.2442616172432899,0.5739890469597386,0.7138762142857142,0.6696274235075022
site_32983262837b2abc,52,0.11603086856238651,-0.10944281679391861,0.038541306562629385,0.06613636844255384,0.06680695364383754,0.03854130656263011,1.0101394318598877,0.831953541456724,0.7000844478857743,-5.691026473283768,0.1911456553339958,0.227449,0.2320847908688326
site_32a7eff6ca5c3a9e,91,0.21532098554006843,0.20397257137560582,0.06898055479894132,0.06137889241232721,0.06341154898768073,0.06898055479894132,1.0331165404826577,0.3892567229019047,4.2190445400691186,18.56150399518013,0.13786845974771533,0.34283052747252757,0.36591323359655004
site_32aa1fd33af84607,47,0.09275838993994381,-0.07000953811838272,0.06085050103903324,0.06902556982214028,0.0491540884895126,0.06085050103903334,0.7121142008123805,0.5125234367456049,0.40439358849978146,-3.2904482915639877,0.08172995035340812,0.22393287659574465,0.11355784751603726
site_32d33ae0920bdcec,147,0.05719624888894738,0.04323813056580875,0.03744162058646086,0.04051448711343963,0.059829488543213766,0.037441620586460896,1.4767430814486822,0.7877841982951165,0.4808974003840629,6.3560051931738855,0.2807050563751333,0.24128927891156465,0.5261964518033544
site_32e9d9454ab82a2b,29,0.1053218688784775,-0.08814847964664985,0.057641492000462334,0.06701844564800732,0.03809571901254361,0.057641492000465464,0.5684363259128545,0.5131404905542236,0.321688185857601,-2.5563059097528456,0.03799310682970902,0.13025268965517242,0.042087230405397635
site_33d9c76285abfbd1,64,0.11042070712154374,-0.10105838890373708,0.04449645596452343,0.039686363664834544,0.03383798831403835,0.044496455964523465,0.8526351418792659,0.2755523951180755,0.7803348839181914,-6.467736889839173,0.023682634261623026,0.10080047749999999,0.07328060500102374
site_33e57061030aaa1a,19,0.07671158462529004,-0.06959040882336466,0.03227758069496542,0.02755576868482595,0.030484610742983663,0.03227758069496566,1.1062878009921213,0.38498152752019704,0.11180867709873767,-1.3222177676439286,0.00614450181220707,0.014427087368421054,0.017656918350873463
site_345540dea6a21328,13,0.09522292667957324,-0.07902656718400809,0.05312445241632934,0.06610525943859373,0.01669313060910816,0.053124452416329446,0.25252348679781955,0.8275271035301132,0.11787627495050397,-1.0273453733921052,0.011871330187870904,0.05680876923076922,0.0036225879239256686
site_3527ca4be8ad318d,825,0.08310212787885911,-0.07576355737397164,0.03414450222268816,0.05370875985208079,0.06983342597943927,0.034144502222688194,1.3002241379575215,0.8792425126752448,5.697420017845257,-62.504934833526605,2.72064013519615,2.3798204800000002,4.023283591821305
site_360469521723c0bf,302,0.07986730437380096,-0.04491664405512494,0.06603999844611277,0.07636390903574251,0.03739853231577796,0.0660399984461137,0.4897409363665941,0.5022615141465828,1.9263934649970849,-13.564826504647732,0.4331911296024425,1.7610968741721855,0.422392366251035
site_3611ac9a5b4c6a7c,47,0.04478700521234913,0.010788286858416617,0.0434682493614765,0.058791326737815466,0.05210348522062797,0.0434682493614766,0.8862444192318972,0.6988865254343043,0.09427616428687642,0.507049482345581,0.10062005737566568,0.16245174468085105,0.1275943390904013
site_365133aa4290174f,670,0.07594555446858356,-0.028958147834308112,0.07020792631567285,0.10243208140498707,0.05319772431208521,0.07020792631567291,0.5193463178958228,0.7701357705674667,3.864377253172197,-19.401959048986434,2.8117140455575136,7.029861971641791,1.8960985742296965
site_3669ed0d65622c4a,171,0.0589193841253882,-0.014602761521255761,0.0570811105504122,0.07838154474022148,0.04413159146243201,0.05708111055041364,0.5630354901615748,0.6985932049905136,0.593625444197273,-2.497072220134735,0.413222418201754,1.0505669810526315,0.3330391494161973
site_367fad9034e246b1,37,0.03706734918881373,-0.012188653214557749,0.035006072454657075,0.045173374479553524,0.03378686771328025,0.03500607245465865,0.7479376535966543,0.6410285041667861,0.05083756990776165,-0.4509801689386367,0.036200080036311526,0.07550344918918918,0.04223743990536388
site_36915ea55aeee9ea,33,0.11868750698476706,-0.09917030609376504,0.06520716757786739,0.08376423031934177,0.04547763549208201,0.06520716757786814,0.5429242926091914,0.6343109159412684,0.4648619023705512,-3.272620101094246,0.07973933397233486,0.23154272727272723,0.06825110588837235
site_3697f876563488cb,53,0.03862569426876224,-0.006875930127782642,0.038008760077405085,0.039688321573839856,0.02687568554622675,0.0380087600774051,0.6771686098195087,0.3997556932176236,0.07907304566042628,-0.36442429677248,0.02259918675812066,0.08348363207547167,0.03828203109972206
site_36bf0be122b5ada0,62,0.07045542218169014,-0.023869632573858386,0.06628881621804084,0.08161925258993903,0.02460413478303889,0.06628881621804099,0.3014501358723759,0.7152923120371145,0.30776592391761204,-1.4799172195792198,0.08905861927136298,0.41302554838709676,0.03753253380216054
site_36f59764e16c0acf,11,0.0872914259752816,0.0754654904333028,0.043872004769091075,0.075215719519326,0.10926289538514372,0.043872004769091706,1.4526603758283483,0.9534244429092551,0.08381772353677873,0.8301203947663308,0.08619067582562565,0.062231449090909094,0.1313221833873935
site_37100d9c494e6343,36,0.0340568647891211,-0.01772243879238764,0.029082386465256772,0.015852011400200882,0.021134978445866665,0.029082386465256776,1.3332679312606874,-0.220593344506766,0.04175532141352116,-0.6380077965259551,-0.002660609217153654,0.009046305555555556,0.01608074330066095
site_3744ab32b5fabc06,14,0.19519028958751097,-0.16632341206073759,0.10215562514972182,0.08633790521868724,0.04033318515018814,0.10215562514972203,0.46715501201966037,-0.19452355797201415,0.5333894880895895,-2.3285277688503263,-0.00948340433474098,0.1043592742857143,0.022774721541030996
site_3754c55a59175277,6,0.14616154215272847,-0.0029942708015441855,0.14613086856250065,0.12887841815706252,0.036412602589181324,0.14613086856250068,0.28253452447566313,,0.12817917842678295,-0.017965624809265113,-0.010256119358539581,0.09965787999999998,0.007955265763905928
site_37c98a51b9f80f45,156,0.06421550837400422,0.004507920854366743,0.06405708520766905,0.10616510744027001,0.06869236393782589,0.06405708520766912,0.6470333388629893,0.8149456481809212,0.6432865164541619,0.7032356532812118,0.9271361373977212,1.7582806858974358,0.7361079746852089
site_383a8c8b2965611f,677,0.0764561570136432,0.06867145730588076,0.033612124252737435,0.029614607542098832,0.03505757032402096,0.033612124252739,1.1837931761947091,0.4701734247574997,3.9574332509646206,46.49057659608127,0.3304719038588082,0.5937459113737076,0.8320555014650282
site_386cdfdcf9b17142,388,0.06864192765544852,0.010762468836971165,0.06779294577453507,0.056645076186551756,0.06122380643638596,0.06779294577453568,1.080831919702162,0.34041481098451276,1.8281451221152614,4.175837908744812,0.4580603129865275,1.2449618865979382,1.4543615361293012
site_389215a205727fd3,94,0.13778517564743187,-0.12366612691321269,0.06075725209782631,0.04363320016491984,0.060261471033725415,0.060757252097827,1.3810921684853716,0.35062310503859634,1.7845669350502034,-11.624615929841992,0.08666129616917444,0.1789624787234043,0.3413558197679616
site_38bba0231f056806,585,0.057197244120873535,-0.002852341725683621,0.0571260788230973,0.0522732394217771,0.04000198829160206,0.0571260788230973,0.7652479305680293,0.25567781181881505,1.913841969988339,-1.6686199095249181,0.3127590604783633,1.5985075623931624,0.9360930543596588
site_38d8c6108ca3a5d7,59,0.07049039967781454,-0.04042964131266384,0.057743749012922424,0.06676530857553956,0.03181801265187362,0.057743749012922445,0.47656505048387676,0.5026625630292713,0.29316489035754406,-2.3853488374471667,0.06300172834291548,0.2629987793220339,0.05973076981777259
site_38eb3791b353069b,415,0.04980474231248289,0.008793657657611803,0.04902228005523151,0.07905803546385205,0.08003515109500044,0.04902228005523168,1.0123594727014833,0.8101731433737516,1.029412628077322,3.6493679279088984,2.127417496380856,2.5938217831325305,2.6583345454818126
site_38fe9bf25990ebba,147,0.10564282234140622,-0.07830170399688538,0.07091719864350295,0.09193691571855366,0.04635192094203176,0.07091719864350307,0.5041709369925877,0.6537263748159972,1.6405796691019137,-11.510350487542151,0.4095161267809823,1.2425022813605442,0.3158295845274053
site_395c4ccb7a4b9df2,171,0.04663376835286442,-0.029895320787520437,0.03579075503254809,0.04738580500444651,0.030784053546562426,0.03579075503254835,0.6496471579130874,0.6553982050718921,0.3718751279848538,-5.112099854665995,0.16348406460599763,0.38396588222222217,0.16204950992155348
site_3987775e61ab1836,60,0.29062884019336305,-0.28411717039545376,0.06117643532129048,0.05935917929576407,0.024923870148233877,0.0611764353212911,0.41988232391232655,0.13591279980066712,5.06790736512836,-17.047030223727226,0.012064656936377281,0.21141072999999996,0.03727195818996143
site_39ac65528c2f5495,202,0.10353131965585761,-0.025252511078119273,0.1004044064467931,0.10876887988504753,0.04045591985979796,0.10040440644679381,0.3719438859952758,0.3847773051427742,2.1651842982360407,-5.1010072377800935,0.3420168907709493,2.3897951847524754,0.33060965324388386
site_39e3332a33e328c0,156,0.06099543703495014,0.02027283687965993,0.05752786649907388,0.06342926238283068,0.033683811083245085,0.05752786649907393,0.5310452907357593,0.43257220664136564,0.5803891608971924,3.162562553226949,0.14417637246374326,0.627630326923077,0.17699746413831213
site_3a1e52ef4ac63381,15,0.10220369851710183,-0.09532712645848591,0.03685559593525079,0.04083129301024997,0.04223845504077894,0.03685559593525154,1.03446283295941,0.6067740499662618,0.15668393985861961,-1.4299068968772888,0.015697099660336968,0.02500791733333332,0.026761306263478557
site_3a558feb29bc33aa,50,0.050590081762192256,-0.03309461048960685,0.03826360057870274,0.03371153511781984,0.03466501508254007,0.038263600578702754,1.0282834929168274,0.3739601270981761,0.12796781863526485,-1.6547305244803425,0.021850693535655736,0.05682338000000001,0.06008316353363655
site_3aab5eecf1e576ed,227,0.031885336923151,0.016009084343647645,0.027575059912551998,0.04385816136397615,0.02682388986390844,0.027575059912552144,0.611605435104738,0.800153458905508,0.23078515932954838,3.6340621460080156,0.21368366431034608,0.43664319823788544,0.16333128230685745
site_3b418123c1eb9bb6,39,0.06452570296179076,-0.008718256656940175,0.06393401554397292,0.06864754334352098,0.033077959740266706,0.06393401554397302,0.48185205368151945,0.378531429039267,0.16237908736581685,-0.3400120096206668,0.033522026539995115,0.18378692307692304,0.04267190540256949
site_3ba67f452cc05c7e,156,0.06596950594607538,0.005191631030425047,0.06576490463775649,0.10190028489719828,0.0677341172049266,0.0657649046377567,0.6647097922568118,0.7712519490202108,0.678908211504007,0.8098944407463073,0.8304313690645189,1.6198522176923076,0.7157140588307946
site_3bce6f9707106717,37,0.04867905224640983,0.016111747106990298,0.04593540826823125,0.08380881927612827,0.05908654250154329,0.045935408268231885,0.705015808740468,0.8486592460994957,0.08767705472152182,0.596134642958641,0.1554939052688109,0.25988497297297297,0.1291751216771072
site_3c025b5f7926190d,54,0.04821327063953609,0.01227036852086032,0.04662571738990654,0.026652600456824306,0.037315613982495104,0.04662571738990805,1.4000740394148135,-0.03576531151149808,0.12552405115110227,0.6625999001264573,-0.0019208168312907258,0.038359500000000005,0.07519257253209155
site_3c21ace69367fd43,31,0.1272309948358919,-0.09092461890751316,0.08899685232329427,0.09189302924673624,0.03763161650860499,0.08899685232329492,0.4095154639810892,0.2805062124158484,0.5018195074548533,-2.818663186132908,0.03007042875693692,0.2617741935483872,0.043900295392572064
site_3c2ff06ad9a9ceca,167,0.0996655354300284,-0.046952389807329915,0.08791297995139734,0.09585643659446089,0.059932701995076394,0.08791297995139735,0.6252339866193152,0.4396649346225636,1.658847565076559,-7.841049097824096,0.42181637895049273,1.5344722249101794,0.5998521043279159
site_3c6c836e47ad4756,59,0.0925797223522601,-0.07260867346949496,0.057436795939726865,0.08421123629480415,0.04263097368128702,0.05743679593972712,0.5062385443677112,0.7813281019200207,0.5056892944584724,-4.283911734700203,0.16549342787101612,0.41840040677966106,0.10722659510386062
site_3cacfdfbb247178d,10,0.11867505027220092,-0.08342425612330437,0.08440474540796107,0.1508304548159953,0.0696791778741443,0.0844047454079611,0.46197021655307596,0.9743746662154444,0.14083767557109414,-0.8342425612330437,0.10240426440916957,0.227498261,0.048551878292166395
site_3d3d4af3226bd56f,68,0.04566765430044637,0.00814335653711768,0.044935736264297046,0.07524260071221434,0.04419015353142946,0.04493573626429706,0.5873023142893034,0.8413576535023198,0.1418163561527453,0.5537482445240022,0.19022994007345506,0.3849785294117647,0.1327883375009289
site_3d8d46208058ae66,97,0.11857638880588534,-0.05003751728768201,0.10750165973569624,0.11531296545543188,0.027465027705193146,0.10750165973569623,0.23817814065156706,0.3938652945396627,1.3638549182777155,-4.853639176905155,0.12099784379759707,1.2898167602061856,0.07316979144416164
site_3e3dd959fc43e496,515,0.08634096308009462,-0.054194900749262094,0.06721364919698894,0.11206714309807403,0.06722921737734348,0.0672136491969893,0.5999012334820454,0.8336094338823646,3.8392023813831044,-27.91037388586998,3.234492930186778,6.467907949514563,2.3276803496226037
site_3e869a526b77cd87,53,0.07740083428356516,-0.061782548386420846,0.046624091011745,0.07062519637074682,0.029307981813104497,0.04662409101174503,0.41497911962258205,0.8872656387037395,0.3175171248329715,-3.274475064480305,0.09733636288884677,0.2643596732075472,0.04552476329173499
site_3e8e42936f50143d,855,0.09233804387438502,0.07128074363978981,0.05869727363946654,0.06481996959788737,0.05935221298709061,0.058697273639466634,0.9156470352467588,0.556110171202333,7.289998766298414,60.94503581202029,1.8292484370636486,3.592392332163742,3.0118958344275475
site_3ed9981ace9fa417,10,0.023991788260575214,0.0033547157680988314,0.023756089452086675,0.08781675751244748,0.08191903793712017,0.02375608945208669,0.9328406133135656,0.9631930303029589,0.005756059039402747,0.033547157680988315,0.06929079945243895,0.077117829,0.06710728776543334
site_3f0cc8bf9a017f1f,60,0.05611393386151879,-0.05205399237076442,0.020956036163342177,0.03820063990156303,0.04622681676245243,0.020956036163342188,1.2101058223519707,0.8938962529115191,0.1889264144048943,-3.123239542245865,0.09471156075596811,0.08755733333333335,0.1282151152793612
site_3f80251a944e7c4c,134,0.057796463692091286,-0.031207332432003167,0.04864703092470979,0.0655213452514508,0.04265103696300877,0.04864703092471015,0.6509487373821035,0.670165066348032,0.44761778285170434,-4.181782545888424,0.25095680932593323,0.575268255597015,0.24376086783867207
site_3f885209ae19b689,226,0.05687325360551871,-0.026694984331595163,0.05021896840053105,0.06895107869377168,0.03346418285972499,0.050218968400531104,0.48533226011368835,0.7263955839067209,0.7310121365031481,-6.033066458940507,0.3787938540327997,1.0744607831858408,0.25308644679001924
site_3f8f25f0fa2a3f3b,64,0.0726228715897789,-0.014777103394828735,0.07110357721805602,0.09807921611777565,0.0459236677662888,0.07110357721805606,0.46823037116388305,0.7407375791680558,0.33754121458851294,-0.9457346172690391,0.21352951046981614,0.6156500885937499,0.13497492871094224
site_3fd206a570dca7d5,52,0.18892561180276665,-0.1756558653001602,0.06955504137517034,0.07763247886772603,0.048712153710806755,0.06955504137517132,0.6274713164036005,0.4709288793893451,1.8560301133425834,-9.13410499560833,0.09260606975337632,0.3133936923076923,0.12338944379555372
site_3fe88af73a278f09,684,0.05748261112641148,0.022308009595898858,0.05297738470120557,0.0664606367230065,0.033735873873804736,0.05297738470120558,0.5076068412406057,0.6129326841190186,2.2601073980266078,15.258678563594819,0.9399945684179926,3.02123910380117,0.7784666832440146
site_402a00535323377d,283,0.05614900791448238,0.01757875204465414,0.05332634026757482,0.08187684503417353,0.045025284436500335,0.0533263402675749,0.5499147459542172,0.7985013334267661,0.8922172384079111,4.974786828637122,0.8330664526381573,1.8971804240282686,0.5737191755203359
site_40392ec0ab51085a,129,0.0654486815280136,0.04309911253840425,0.049254405002571236,0.06886505128688039,0.03505103425922612,0.04925440500257166,0.5089814587258393,0.7343165750220936,0.5525753588744399,5.559785517454148,0.2286508152102546,0.611768992248062,0.15848617534074616
site_4053c6fd726ad6c4,11,0.036636444737764506,-0.019225437649813572,0.031186722017493337,0.07855025132659395,0.10662369756825642,0.031186722017493805,1.3573947348040876,0.9889858963566368,0.014764519913255995,-0.21147981414794928,0.0911137878002091,0.06787156181818182,0.12505474171439712
site_40c02fde736492a1,19,0.0472029056215812,-0.028485783802835573,0.03763873563575181,0.05349600653022093,0.04450509159937499,0.03763873563575233,0.8319329700663395,0.7194613564395962,0.04233417168327814,-0.5412298922538759,0.032545588990575386,0.05437463157894736,0.03763336038710641
site_413c6e860ea2e615,245,0.06472652430604225,0.03128084505543417,0.05666596581157511,0.07791478369582597,0.06413652006223129,0.05666596581157546,0.8231623964024071,0.6977105821810602,1.0264331224414665,7.663807038581372,0.854213942730959,1.4873248120000002,1.0078058353947843
site_4148b96858a0e60a,171,0.04556125027180977,-0.006977371667909346,0.04502381382044774,0.05715134159019644,0.02911959143277877,0.045023813820447796,0.509517198066508,0.6270438939748783,0.354966507002513,-1.1931305552124982,0.17844556570571596,0.5585331695906433,0.14499955349124566
site_420eb683366b57f6,91,0.0568340890455437,-0.026419047137538162,0.05032044938175063,0.054566464924093096,0.04081559340198463,0.050320449381751446,0.7479977575744154,0.4739806805621316,0.2939403446649479,-2.404133289515973,0.09606251805545864,0.27095241758241767,0.15159805249280794
site_426aa82109fc7c47,28,0.07850913213216351,-0.059358984985521855,0.05138282523989994,0.07781547869472882,0.04041681057827984,0.05138282523989995,0.5193929441317907,0.8026211052422774,0.17258314718807424,-1.662051579594612,0.0706800160104675,0.16954696428571428,0.04573852016497548
site_42ce68186715eeba,627,0.08032047708063882,0.07068704941284143,0.03814079290953374,0.030375187740154182,0.05202514535513271,0.03814079290953375,1.7127514009191975,0.688028881316619,4.045014657115313,44.32077998185158,0.6817207026033167,0.5785028229665072,1.6970480747626244
site_42d0b232cf256027,295,0.05246068513547482,0.0238341564057237,0.04673388998693485,0.053491558290896656,0.0433529272670233,0.04673388998693499,0.8104629712086967,0.5512611898822539,0.8118764280406114,7.0310761396884915,0.37712307906034637,0.8440973084745764,0.5544455092728446
site_43b644a004cb99cb,16,0.09225981652997282,-0.03583407223969698,0.08501642789993252,0.11528887359585052,0.037532322758452266,0.08501642789993265,0.32555025986309166,0.8634509309646432,0.13618997993830795,-0.5733451558351517,0.059779252910241484,0.21266438999999998,0.02253880402631414
site_444e34f5ad449f77,182,0.08843983161014496,0.08139115217688318,0.0345989040657394,0.04084400151610815,0.03806864062188446,0.034598904065741544,0.9320497308979597,0.6175316138565354,1.4235318943720048,14.81318969619274,0.17475364234470403,0.30361830769230774,0.26375829458127087
site_44541aad5ac7b92b,159,0.05836365234468046,-0.03068245521169038,0.04964778803928065,0.05785655638087453,0.06404425186215765,0.04964778803928146,1.1069489072344543,0.6725551268980264,0.5416042304867053,-4.8785103786587705,0.3962394842236485,0.5322335974842768,0.6521649252567738
site_44bc4221af0e2690,281,0.040254140940696716,-0.017092108096092195,0.036445242538704216,0.06476098679389557,0.048958067147808614,0.03644524253870437,0.7559808701436194,0.829916623461605,0.4553312374674467,-4.802882375001907,0.7393983974157172,1.1785099003558719,0.6735267472166638
site_4522c9f47db04b3c,148,0.062316427240440446,0.0281617762712208,0.055590030232612865,0.04319437506919969,0.07304268738754754,0.05559003023261305,1.6910231313806314,0.6514569658798841,0.5747338913939399,4.167942888140678,0.30419452002916386,0.27613159756756755,0.7896146587576595
site_454d64b6e8b743da,118,0.041798900468348534,-0.02587063078738875,0.032830756053212055,0.047926434974321724,0.06448990014355857,0.032830756053214255,1.3456018620644599,0.8700146075003111,0.20616347348282305,-3.0527344329118726,0.31730387896405443,0.2710392939830509,0.4907557720220863
site_454f86a28db067ff,49,0.04331307234412635,-0.005581706759881,0.04295191247819148,0.06402550512196252,0.0361875098469686,0.04295191247819155,0.565204597418401,0.7691091743460742,0.0919250895584886,-0.273503631234169,0.08731639254306044,0.200864,0.06416725757729802
site_457c8dbf463cd4ea,137,0.04687377129428632,0.02246220860820617,0.04114121558474529,0.07485257715168976,0.053454356675259856,0.0411412155847453,0.7141284737188658,0.8457066749507651,0.30100960964282125,3.077322579324245,0.46358586998071766,0.7675984379562044,0.39145944991652804
site_460afd4b6202d4b4,50,0.2991143237004761,-0.2909571145982742,0.06937821060995955,0.08084658320547627,0.03388700951601917,0.06937821060996005,0.4191520305798622,0.5240020512162727,4.473468932139659,-14.547855729913712,0.07177908306246997,0.3268085007999999,0.05741647069693867
site_465014c5dd5de0e8,2,0.05558078091969023,-0.009013133716583258,0.05484511489868164,0.1062,0.05135488510131836,0.05484511489868164,0.48356765632126514,,0.006178446415285203,-0.018026267433166515,0.01090777759552002,0.02255688,0.005274648447539221
site_466206aef45119ae,1,0.05208029043674469,0.05208029043674469,0.0,0.0,0.0,0.0,,,0.0027123566519756804,0.05208029043674469,0.0,0.0,0.0
site_4680c02330a5a24c,432,0.06504149018787869,0.025673241776724656,0.05976018827391494,0.08912249576590195,0.0530423874340974,0.059760188273914945,0.5951627249468399,0.7599559672348638,1.8275308326114856,11.090840447545052,1.5519673469631623,3.431297916666667,1.2154297815542423
site_4689968a649fae30,327,0.10530160346154743,-0.091695302932452,0.05177257103620449,0.06762547780490988,0.02598888782930406,0.05177257103620454,0.3843061620100992,0.7306436460350955,3.6259158551443638,-29.9843640589118,0.41990534785499267,1.495438116207951,0.22086308902755664
site_46c69a3772747cb8,125,0.04495512650836019,-0.009326155236530305,0.04397711027212688,0.0555343636981644,0.05601365668594527,0.04397711027212691,1.0086305659390622,0.6891749108874832,0.25262042492283365,-1.165769404566288,0.26797556617525814,0.38550819391999996,0.39219121691636766
site_473ba30122663331,178,0.1262153038462634,-0.02152526448348935,0.12436625713560903,0.13794064349000282,0.045515436052720716,0.12436625713560914,0.32996392434561483,0.44854457589496544,2.835593920650817,-3.831497078061105,0.5012756017110572,3.3869165605056177,0.3687545755943369
site_47749587de8e2aac,260,0.12078309598744788,-0.08916703804401252,0.08147266782652127,0.06501185550949402,0.0445796720016358,0.06054649002965819,0.685716038286672,0.4395840059664638,3.7930246318413925,-23.183429891443254,0.33124143749440416,1.0989007527647057,0.516710260501092
site_479c9178cadeeacf,620,0.04836921377700558,0.041709467752229785,0.024492879398538867,0.01884253296101925,0.03009498423975052,0.024492879398538954,1.5971835794056952,0.5826908113759903,1.4505401216715128,25.859870006382465,0.20486287489943206,0.22012545000000003,0.5615390073623159
site_47cb8752f353f72a,342,0.0697126508762637,-0.048165026668393826,0.05039825292833813,0.0783111843808055,0.0772073339385408,0.05039825292833816,0.9859043066326645,0.7900527313455413,1.6620699627309743,-16.47243912059069,1.6336707496296246,2.0973634269005847,2.038652565552895
site_4820638a678db67d,55,0.07164394583235753,0.04979137314883147,0.05151382469185924,0.024085275499104594,0.05554246663715719,0.05151382469185988,2.30607562031923,0.37801820953560855,0.28230702359363796,2.738525523185731,0.0278132789446549,0.03190552727272725,0.16967310800768454
site_48ab6dd953268db1,549,0.16418155813863017,-0.152963763982329,0.05964621481021865,0.08093169791951896,0.04843240905665686,0.05964621481021869,0.5984355981857638,0.6809122825408209,14.798615634022788,-83.97710642629862,1.465271950827745,3.595916910746812,1.2877883376202042
site_48bc99c681181b96,271,0.05411285465590448,-0.009320022051184821,0.053304204599416656,0.08908441765563256,0.06001991913491106,0.05330420459941811,0.6737420607824579,0.8132922133408694,0.7935424815719926,-2.5257259758710866,1.178455144060769,2.1506650701107013,0.9762478777925023
site_48c050cdab5aaa88,41,0.08490948658885772,-0.04891390754536884,0.06940497504809374,0.07604714558858423,0.02870551644971268,0.06940497504809384,0.3774700053176196,0.4100199138320839,0.2955944574241197,-2.0054702093601224,0.03669755154048524,0.23710990243902438,0.03378427366043374
site_48c0bfa2a3485fb7,53,0.06727246156119154,0.06296728986006864,0.023679199567977226,0.02073045202482173,0.03460445786670879,0.02367919956797888,1.6692572754937973,0.7433552562143467,0.23985595647860566,3.3372663625836374,0.028262664810385342,0.02277683698113208,0.06346583072518769
site_48d263b97f32a2d9,49,0.11243643703194424,-0.08053309614852984,0.07846255665710884,0.09558676693190744,0.04893209951270477,0.07846255665710902,0.5119129047178907,0.5745678248295665,0.6194556662494798,-3.946121711277962,0.1316827856621268,0.44770467061224495,0.11732316777334084
site_48ec25901538e693,155,0.057040162118742174,-0.03757299484975877,0.0429167817124303,0.06592912790525561,0.055116424534512105,0.04291678171243142,0.8359950493159555,0.7626525764684958,0.5043049146525205,-5.823814201712609,0.4295530505629317,0.6737307354838709,0.470862139287628
site_4915d0b8a484d43a,129,0.04088418160332349,-0.02359250212584355,0.03339027027167648,0.028915219834970668,0.03128644644690364,0.03339027027167652,1.08200617617526,0.3868999371937907,0.21562560339318598,-3.0434327742338176,0.045151388076380944,0.10785560201550387,0.12627058333447105
site_496ac9a9ab00ede4,112,0.07561150834051687,0.05089345142937134,0.05591919880626219,0.04330095997280345,0.05864365836493617,0.05591919880626431,1.3543269803202793,0.4306446671128229,0.640315221675142,5.70006656008959,0.12247732032788917,0.20999699107142855,0.38517681063941506
site_496ee2f5b79c4b73,149,0.0746126413943915,0.06615351114737107,0.03450737919232224,0.03571618627308364,0.048444157812054515,0.034507379192322815,1.3563642389378763,0.7027124492174079,0.8294898921213614,9.85687316095829,0.18116337611211225,0.19007124832214767,0.34967862749176715
site_49a35425669a6415,148,0.04522768697844655,-0.014308349570712529,0.042904717712422186,0.05371007784067009,0.043128350770556975,0.04290471771242221,0.8029843281645652,0.6268300713321757,0.3027404630742109,-2.1176357364654543,0.2148969101893741,0.4269463243243244,0.275288086747854
site_49b410d6df2872b8,187,0.09008099740187234,0.08088036917492666,0.039660458583376225,0.03234914902423262,0.026524620792689982,0.03966045858337683,0.819948023140284,0.10318233232890978,1.5174275993753163,15.124629035711287,0.0165561362320886,0.1956894117647059,0.13156488003265232
site_49b534f23930be14,386,0.080936979503261,-0.043852673864426386,0.06802747714013467,0.09067607402182087,0.05432630305125907,0.06802747714013475,0.5991250022380286,0.6643963212321946,2.5286067353289585,-16.927132111668584,1.2633316717350498,3.1737500544041453,1.139220020441855
site_49f7a3a08cf1a503,75,0.1718936032290579,0.12305973452091218,0.12001546804771208,0.11224634495410332,0.04206940595289456,0.12001546804771214,0.37479533048578484,-0.0036673753366946575,2.2160558123301586,9.229480089068414,-0.0012988386722405662,0.9449431466666667,0.13273761879220802
site_4a00a5537486f4ab,125,0.2612158446108008,-0.2572659869289398,0.04525405446159007,0.03517553695396845,0.03919369935111435,0.04525405446159012,1.114231728783676,0.26313062281618294,8.529214684466751,-32.158248366117476,0.045345938975811,0.15466480000000002,0.19201825860319266
site_4a15ec3df99b7e73,6,0.1355145434372001,0.12083749190568925,0.061339155789228786,0.07485908242973742,0.027460019115897915,0.06133915578922884,0.3668228119369728,,0.11018514889795675,0.7250249514341355,0.007786328517397245,0.03362329333333333,0.004524315899072873
site_4a51d234a3956647,115,0.046438393860925936,0.010501671106918999,0.045235376955924514,0.058907450400313595,0.0573381401114104,0.04523537695592512,0.9733597316088418,0.697455266366912,0.2480003088039856,1.2076921772956848,0.2709118650059985,0.39906008695652173,0.378081165815109
site_4a5737c09be72760,38,0.046544457306388176,0.041189410692139675,0.021675307443735168,0.02185333826562433,0.029641256272726024,0.021675307443735393,1.3563720065301061,0.6841677216380783,0.08232268722595529,1.5651976063013076,0.01684071676593862,0.018147598947368424,0.03338695479016596
site_4a605b11c85f3580,1259,0.07432264712299305,0.052126309144582134,0.052978333027119684,0.07569196006336819,0.06999228891010895,0.05297833302712061,0.9246991206399259,0.7381753289572807,6.954534547089504,65.6270232130289,4.923627674732869,7.213154478157267,6.167740918157086
site_4a71668c00a356e4,95,0.1548071868912959,-0.15143320545936884,0.03214419694901707,0.062479687770774894,0.06146969780018453,0.032144196949017156,0.9838349068853255,0.8656164017293848,2.276700185753679,-14.386154518640039,0.31582682236891035,0.3708525814736842,0.35895975602637104
site_4accdc2358f08145,95,0.043425611368302454,0.03226397207222486,0.029065784504009737,0.05083074952184857,0.04149695737254052,0.029065784504009946,0.8163750832496359,0.8203924408155191,0.1791494536575297,3.065077346861362,0.16439478011664593,0.24545768421052636,0.16358975976195228
site_4aee712beb09287c,127,0.08367977548516778,0.0655091631224775,0.05206586571104644,0.07957466134551537,0.06933311034342612,0.05206586571104664,0.8712963293978702,0.7638308854882907,0.889292712806507,8.319663716554642,0.5352003866650575,0.8041800944881892,0.6104991841165003
site_4afa6fca34a02012,148,0.08202200945562209,-0.046609608576104446,0.06749188413076412,0.07794481317353588,0.053058091734004977,0.06749188413076443,0.6807135660954982,0.5241557912766701,0.9956862852004477,-6.898222069263458,0.32081964259373175,0.8991582972972972,0.4166438425712049
site_4b307595d7b7b6da,381,0.0450517515085422,-0.004202123634145642,0.0448553505275657,0.07705495459330633,0.04789022166114818,0.04485535052756575,0.6215073633345357,0.842633532220833,0.7733005796292125,-1.6010091046094896,1.1847074770077164,2.2621745564304465,0.8738133390172385
site_4b6df3933469a704,81,0.06509709149037089,0.033694331432860575,0.055698504017596934,0.07092734898485353,0.05771917481842163,0.05569850401759951,0.8137788264262844,0.6424081766533715,0.3432481369609631,2.7292408460617064,0.213024679350577,0.40748579555555553,0.2698517544792809
site_4b78a1e10bf476d7,14,0.06088743952249519,-0.030482420193297517,0.052707706749248316,0.08027062008592926,0.038203902312385796,0.052707706749248316,0.47593879642998554,0.8355708507262171,0.051901924082477124,-0.4267538827061652,0.035873657750764065,0.09020721428571428,0.020433534126520436
site_4c8563a6e25ebea0,268,0.10330745283223107,-0.0754869689812411,0.07052763518443526,0.09575181774208437,0.051085879898463714,0.0705276351844353,0.533523865166381,0.6954859235495947,2.860211189263217,-20.230507686972615,0.9117400737614441,2.457134041044776,0.6994175895000693
site_4cacd33e9c8aef19,344,0.09766517926483903,-0.05144117169549992,0.08301983555408454,0.11485868936883369,0.05676753124786283,0.08301983555408456,0.49423802029963265,0.7302470340620046,3.281239610846601,-17.695763063251974,1.6379178215170842,4.538226372093023,1.1085580957681165
site_4ce2c6daabd8ff5f,337,0.06424918994643113,0.034497024516323554,0.054202524925438283,0.06970245018239757,0.02652369672431406,0.054202524925438623,0.3805274657477144,0.7096688870001545,1.3911219837563618,11.625497262001037,0.4421481014686452,1.6372914362017803,0.2370816864301819
site_4d238af0af441869,859,0.05668472062591225,0.038194282912805556,0.0418850128949997,0.04702692445781507,0.06475691069437187,0.041885012894999754,1.377017771010334,0.7635712052040624,2.7601023375440024,32.808889022099976,1.9974476472122966,1.899705664982538,3.602179977621135
site_4d43b32f897968be,48,0.06571262429074284,-0.03867507830883066,0.053126145248663985,0.1095045661148429,0.06284793797181638,0.053126145248663985,0.5739298387421088,0.9530998557328375,0.20727115157646364,-1.8564037588238715,0.31484942395985127,0.57558,0.1895934387508454
site_4d97122ac69c458e,260,0.07257706183285671,0.024654302601630866,0.06826122814246403,0.0693706956658196,0.0376261116509284,0.06826122814246413,0.5423920185575934,0.30044685243496716,1.3695317751154799,6.410118676424025,0.2038949155893463,1.2511962884615384,0.3680883122717137
site_4dd15b6db25eea2b,82,0.04095858516976522,-0.001218266985765319,0.040940463171052495,0.05580522583253389,0.045833440588362806,0.040940463171052495,0.8213109060055512,0.6917822703567578,0.13756366732693073,-0.09989789283275616,0.14509104525079816,0.25536630487804884,0.1722577506456926
site_4deb698afc5ebdb4,26,0.06350260490096478,0.0022044841234500597,0.06346432918543685,0.06699584902799761,0.03888756110454211,0.06346432918543685,0.580447321270471,0.37864376451213405,0.10484710155940892,0.05731658720970155,0.0256485465168953,0.11669953846153847,0.039318302625146906
site_4ea6d277e84496c8,413,0.035618945975993896,0.019055861401355872,0.030092913762098328,0.03454030199544042,0.03129765338350885,0.03009291376209889,0.9061198534871057,0.5860113235523167,0.5239769460380387,7.870070758759975,0.2616338708300964,0.49272240677966106,0.4045513033207907
site_4f3ef6ee56ee38cd,157,0.09285832041174338,-0.06714054286707738,0.06414682512177936,0.09598347449620769,0.04950423166189886,0.0641468251217794,0.5157578627126566,0.7943324322203212,1.3537588241413299,-10.54106523013115,0.5925714707142039,1.4464138980891719,0.384755025532287
site_4f44a81224b8cd25,260,0.14707952908643304,-0.12275231694464502,0.08102009973462343,0.10952095960005087,0.06473754976091872,0.08102009973462343,0.5910973570477065,0.6785171702057438,5.624420847834596,-31.915602405607704,1.2507994693681597,3.1186585538461538,1.089647090752331
site_4f633f2c887097a9,136,0.12052193054480671,-0.1096183173104244,0.050093515072096105,0.06934305196606838,0.03550896414083615,0.05009351507209655,0.512076742140103,0.7228983504411381,1.975472860945621,-14.908091154217718,0.24207898938710637,0.6539504044117648,0.17148056867230554
site_4f8f6e54cc9c215b,18,0.07181619991709201,-0.05754761855800947,0.04296321879042086,0.041864861956856694,0.04036228075962978,0.04296321879042088,0.9641087745906012,0.4544849603322777,0.0928361982695711,-1.0358571340441705,0.013823479853570462,0.031548,0.02932404674614525
site_4f9a1ac96b88317a,129,0.04167267326055027,-0.005440349747968276,0.041316029471627144,0.04478407758290468,0.0448612888692801,0.04131602947162725,1.0017240789705333,0.5751748059527075,0.224022908871795,-0.7018051174879076,0.14906817864684405,0.2587241550387597,0.2596170458326763
site_4fa99e2fc956380a,143,0.07134365550522638,-0.055715620621934636,0.04456104576377299,0.060474649534694086,0.05293981041345329,0.044561045763773025,0.8754049973134926,0.6987501063459958,0.7278581568613239,-7.967333748936653,0.31989957738276964,0.5229772027972028,0.4007751643055699
site_4fab225734bfdafc,402,0.12075562574582188,-0.0901995379587904,0.08028676417246947,0.08476233312631581,0.05799897756566272,0.07211631889108201,0.6842541424529996,0.5439006419433142,5.861932302004529,-36.260214259433745,1.074901984120989,2.8882305530406476,1.3522803222622235
site_4fc1c31a5e50a546,49,0.13135271672767973,-0.11781206387889627,0.05808488440495462,0.06814158887892015,0.04215374471823245,0.05808488440495647,0.618619926710762,0.53027711821398,0.8454232733953618,-5.772791130065917,0.07463583304322495,0.22752053061224486,0.08706997149472562
site_503f0d34679d2c3c,109,0.07919265681793537,-0.06608648521397091,0.043635459960299376,0.05314165488150662,0.05864675809383606,0.04363545996029943,1.1035929954497,0.699391042359635,0.6835909814332781,-7.203426888322829,0.23758862721207763,0.30781986770642206,0.37489920360594486
site_50560992666c8105,554,0.12144548832701757,0.11521750523742785,0.038391836656391454,0.05346890775514346,0.05473300596567856,0.038391836656391495,1.023641743652665,0.7484489816469964,8.17094967578322,63.83049790153503,1.2134519379303317,1.5838439494765342,1.6596188758896084
site_50a31a0d244519cf,60,0.23553542834051094,-0.23202164843281112,0.04053261232722322,0.040734251217154134,0.026542977414212077,0.04053261232722323,0.6516132399908757,0.333384512248514,3.328616280212878,-13.921298905968667,0.021627486304938798,0.09955675333333337,0.04227177900068235
site_51e9108791d53546,293,0.06748973237290799,0.051604800878124434,0.04349492501540694,0.06933977302760085,0.050193536598757,0.04349492501540706,0.7238780054670405,0.7808834564822421,1.3345751448996561,15.12020665729046,0.7963134570751123,1.4087452081911263,0.7381815970731921
site_524c0b4f56437dd1,10,0.07574866748507283,-0.03389509283900261,0.06774203500928744,0.14756248337568734,0.08820949589086116,0.06774203500928747,0.5977772525438177,0.9590437763636579,0.05737860625764131,-0.3389509283900261,0.12483309179060162,0.21774686499999998,0.07780915165319852
site_52a99c537fd71479,333,0.10041456502629685,0.05704474672361896,0.0826376532862506,0.08652864379607587,0.04771371033559944,0.0826376532862506,0.5514209889623081,0.35542565636483836,3.357667261516993,18.995900658965112,0.48864796465143073,2.4932396636636636,0.7581071852784997
site_52efe15d6a747228,616,0.03487680084157581,-0.011249125658711057,0.033012852176954835,0.046588341192413354,0.062424828306789804,0.03301285217695519,1.3399238244815495,0.8557468330779494,0.749297001956853,-6.929461405766011,1.5330651691233061,1.3370116975974027,2.4004652605054266
site_53e750ed31ea8834,151,0.03385336295207829,-0.005538139000633696,0.03339729329713422,0.03583957158577833,0.04765706539492923,0.03339729329713602,1.3297331214148846,0.7143673862315885,0.17305357765793716,-0.8362589890956882,0.18424201383199912,0.19395570860927153,0.34295057819054064
site_545c918e740bed59,7,0.12795645117201335,-0.12485910062789918,0.02798318042910756,0.06309510799627198,0.03922279184134955,0.027983180429110473,0.6216455298510156,,0.11460997377575087,-0.8740137043952942,0.016577265830870186,0.027866948571428577,0.010768991798808858
site_5475cf38df836ff4,649,0.03772400388185564,-0.004198679197183559,0.03748961938827063,0.06925576466485667,0.05233772144840414,0.03748961938827072,0.755716462040055,0.845607250664643,0.9235922043019903,-2.7249427989721298,1.9892260375184643,3.112838249614792,1.7777648690805719
site_54c3846d0762e78b,725,0.10463703487480323,0.09683897727226387,0.03963737564790014,0.024181784164419177,0.05133577538035798,0.03963737564790064,2.1229109908231214,0.6641740793254965,7.937959073858322,70.2082585223913,0.5977621269963219,0.4239500468965517,1.9106373295793624
site_54c3cc61243c3e27,143,0.10652964956288993,-0.07399284215073484,0.07663958211295628,0.10409122170627527,0.054487636543496046,0.07663958211295646,0.5234604383571299,0.6991096920367957,1.6228449717468751,-10.580976427555083,0.5670135489556026,1.5494024883916082,0.424553062661746
site_54f5633d7a10a0e4,93,0.07858761052605025,-0.007128177449267399,0.07826366726933974,0.0946155407443864,0.06081050129578949,0.0782636672693398,0.6427115547547871,0.5670184811234725,0.5743691651220573,-0.6629205027818681,0.30340394417446465,0.8325453511827957,0.34390628730960504
site_551190f45891f632,40,0.13189940413430737,-0.12224981862306597,0.04952206233198311,0.06036803790086274,0.052949606442191835,0.049522062331983675,0.8771132586609233,0.6249916085548095,0.6958981124394137,-4.889992744922639,0.07991052329540252,0.14577199999999998,0.11214643289532011
site_554a93a7d6df9a9f,46,0.024433432420136625,0.0011855064915574115,0.024404655174532965,0.024483318652697546,0.012676085166886203,0.024404655174532983,0.5177437481699225,0.2650675651474301,0.02746166051215164,0.054533298611640926,0.0037841631640558636,0.027573913043478265,0.007391424217275011
site_557840f3689665d3,108,0.06529438683541246,-0.005666113709189273,0.06504807535697749,0.08240330734702579,0.05565496898174474,0.06504807535697762,0.6753972719488608,0.6166963784236029,0.46044255083894836,-0.6119402805924414,0.3054525404277776,0.7333529466666666,0.33452736181476866
site_572718242301a76e,118,0.09160842894915444,-0.0861942259946112,0.031026757157688416,0.049265718038592386,0.06005377018978667,0.031026757157690595,1.2189768581621696,0.8569796783006612,0.9902683020348086,-10.170918667364122,0.29918349106046604,0.2863990949152543,0.42556172705290984
site_572a1b583bd03d5b,234,0.07634530712648384,0.05206909763965851,0.055833815839765544,0.05137071270857845,0.07084173831677014,0.055833815839769964,1.3790296957460784,0.6237770339795692,1.363893785335492,12.184168847680091,0.5311901814218642,0.6175143290598291,1.1743411417315668
site_57c9411d53d3b891,847,0.04652898652274269,0.006763166396198474,0.046034836451658026,0.0605363880011129,0.05285575491705778,0.046034836451658304,0.8731236973716715,0.6780610207177346,1.8337097590480345,5.728401937580108,1.837642278101121,3.1039621685714285,2.36629001119071
site_5809bead57720978,62,0.045978521419460384,-0.008251165954336045,0.04523209803130718,0.03910725932010139,0.04412873312106664,0.045232098031307184,1.12840260064924,0.41453772783221754,0.13106951477902617,-0.5115722891688348,0.04435418390867211,0.09482141935483872,0.12073539538596006
site_583630b60a1838c6,202,0.03188077469268893,-0.0033853139328484496,0.031700527512678024,0.05820875358755118,0.049287492944287,0.03170052751267804,0.8467367862490681,0.838733650170329,0.2053095265912109,-0.6838334144353868,0.4860718435471011,0.6844283168316831,0.4907099060680945
site_58667ddb3903bbc2,535,0.106589360417086,-0.09476246829807201,0.04879924544683408,0.05884529619790136,0.028373748559107084,0.04879924544683428,0.48217530359068866,0.5649264774871979,6.0782910884560515,-50.69792053946853,0.5046312963087913,1.852581353271028,0.4307122399030558
site_5896b54480755cab,20,0.08973948309655344,-0.04268305638730526,0.07893878339494928,0.10300508482594439,0.03261848325179035,0.07893878339494928,0.3166686703565004,0.8099542569003207,0.16106349652873203,-0.8536611277461053,0.05442681425772608,0.21220095000000003,0.021279308992946555
site_58e380359cb64c9c,342,0.07775404390185424,0.05668736982781287,0.05321873208839391,0.05435285699174179,0.05136373671797801,0.05321873208839392,0.9450052777498349,0.49435254055329,2.067626439337285,19.387080481112,0.4719998545770844,1.0103477076023393,0.9022758397747468
site_591f3f72c730f39a,46,0.09162145464332029,0.08050026986262072,0.04375154286426062,0.07064923070792722,0.044836677684287306,0.04375154286426062,0.6346378755297103,0.8030244728625705,0.38614658374406785,3.703012413680553,0.11701121113481729,0.22960043478260866,0.09247507262517468
site_5977dd6efaf94985,77,0.0767149454075618,0.028272621828549872,0.07131508749083179,0.08623716657354782,0.041197976448068316,0.07131508749083185,0.4777287808143882,0.569731500928238,0.4531590793641594,2.17699188079834,0.15585879764164035,0.5726373651948052,0.13069004128300055
site_59c7d9e52ad4d8ab,85,0.05806671727828559,0.00610251567784478,0.05774515527624815,0.08565764802024312,0.05278661971114248,0.057745155276248454,0.616251098777165,0.7507508872323825,0.2865982107154898,0.5187138326168063,0.2885391693979502,0.623664776470588,0.2368463137449459
site_59cc92ae49f9c2af,36,0.027093708123553002,0.018999630583657154,0.019315358075087337,0.022148628137992246,0.019071598391741752,0.019315358075087618,0.8610735740796348,0.5695945069333525,0.026426484715834152,0.6839867010116576,0.008661681648757722,0.017660222222222226,0.013094131147771915
site_59e0fe7c4ae0f849,113,0.07709125297707643,0.03329741651505495,0.06952944224570294,0.09194447516960501,0.036211562842696214,0.06952944224570348,0.39384163948838363,0.7404700187151421,0.6715659252700423,3.7626080662012096,0.2785857059180209,0.9552778761061946,0.1481743330366907
site_5a51afb7ef849491,62,0.10580442977402742,-0.08027703655150631,0.06892151160788061,0.0842079644066458,0.0420479820754528,0.06892151160788068,0.49933497824980455,0.5802175130253829,0.6940637963080402,-4.977176266193391,0.12737401841821208,0.4396408387096774,0.10961803339029119
site_5b0bcc4b6a2f87e4,66,0.03146288611263708,-0.027413803315885138,0.015440096835665785,0.027514066900595928,0.02014079077051292,0.015440096835665792,0.7320179471569391,0.8339531647996674,0.06533427136742692,-1.8093110188484192,0.030501198419251228,0.04996357590909092,0.02677299588886417
site_5ba32085b805fa13,239,0.06602482083425879,0.049403861302212186,0.04380108965114629,0.06628595533113985,0.06915595482024559,0.04380108965114649,1.043297248636884,0.7916372165703227,1.0418671949208376,11.807522851228713,0.8673117015427565,1.0501248619246861,1.143028514816864
site_5bf25e0531f88e2f,60,0.027431825773725445,-0.010955106207927065,0.025149368048781373,0.025621066147909523,0.025827347198214154,0.025149368048781387,1.0080512282008007,0.5221210066766182,0.04515030391680166,-0.657306372475624,0.020730005417987706,0.039386341833333324,0.04002311179782603
site_5c129902816da317,37,0.0542991631966343,-0.03353816725112296,0.04270351813715619,0.043345335566963954,0.04944591770116681,0.0427035181371562,1.1407436822072379,0.5832559322790462,0.10909076758262481,-1.2409121882915497,0.0462523389815076,0.06951627027027028,0.09046125476049077
site_5c29c7471e58357f,54,0.06182896747667917,0.04468407039951394,0.0427335356805815,0.04978296172852363,0.04824654683471641,0.0427335356805816,0.9691377362764073,0.6203364179340155,0.20643234583854153,2.412939801573753,0.080457772180714,0.133830537037037,0.12569738119962215
site_5ca415a5fd8c11f3,149,0.09602412885959548,-0.08122375554326397,0.05121850113672101,0.08101702697285208,0.05225200179736211,0.05121850113672119,0.6449508671167505,0.7878832819337833,1.3738743651633851,-12.102339575946331,0.49696681420310035,0.9780000402684563,0.40681048208289844
site_5cc61f026daaaf5d,1,0.18209073717594149,-0.18209073717594149,0.0,0.0,0.0,0.0,,,0.0331570365652778,-0.18209073717594149,0.0,0.0,0.0
site_5cf31f5c04158e4a,244,0.09322763672280879,0.007758533754309675,0.0929042378091723,0.09776181710480544,0.033301231544019226,0.09290423780917297,0.3406363806466351,0.31256211408410883,2.120699708736481,1.8930822360515607,0.24828799537557072,2.331998983606557,0.27058917345300504
site_5d503d0a92bc4d22,106,0.09191274054034322,-0.05634459257710654,0.0726170693498183,0.10222357348290118,0.0522791949737511,0.0726170693498191,0.5114201469634182,0.7400157714785013,0.8954828986054638,-5.972526813173293,0.41920532541334066,1.1076638514150943,0.28971010807296915
site_5d637e79fa207678,82,0.1091170668460454,-0.09897663279568276,0.0459364826419363,0.05495999437371328,0.05002265906252444,0.04593648264193635,0.9101649232782616,0.6206625616240241,0.976335810720916,-8.116083889245987,0.1399209855129806,0.24768928048780486,0.20518584641421578
site_5d79652f78de4312,15,0.057783447983530016,-0.004764757695992794,0.057586664645244014,0.15182887823687122,0.10418150378593947,0.057586664645244263,0.6861771291190327,0.9669374299362954,0.05008390291297979,-0.07147136543989191,0.22942177539601924,0.345780124,0.16280678596649584
site_5de3489054d45a0f,49,0.08217404156689628,-0.06094541936018029,0.055120132133819846,0.0662025214340932,0.03364722495160647,0.05512013213381987,0.5082468797673121,0.5559250306753664,0.33087608226446186,-2.9863255486488343,0.06067867530578253,0.21475591836734695,0.05547465160025644
site_5e24def8042ec3b4,11,0.07369550851461912,-0.011843190266327424,0.0727376575065754,0.07891013824189748,0.02858499252109026,0.0727376575065756,0.36224740138540285,0.38861264566450154,0.05974130772751128,-0.13027509292960165,0.009642296923832458,0.06849490909090908,0.008988119771738648
site_5ec485e1198852d4,13,0.04038880502578923,0.004639272887890156,0.04012147453026751,0.12134433620484346,0.0897925132900934,0.04012147453026751,0.7399810827471428,0.9718141641347581,0.021206322428345824,0.060310547542572035,0.13765316924750803,0.1914178230769231,0.10481504075837078
site_5ed1da21a10b6003,106,0.08188821953502576,0.012083510553162057,0.08099178520892225,0.061833925136552746,0.04238987623982185,0.08099178520892239,0.6855439978330494,-0.17918464434254835,0.7108021328533569,1.280852118635178,-0.04978466839312383,0.40528403556603776,0.19047157040850582
site_5edf4f1cdc32395a,114,0.04912389741736642,-0.022341251817711613,0.043749580165866005,0.05483182057204836,0.052373594513086805,0.043749580165866005,0.9551678927798598,0.667800149576,0.27509993191180104,-2.546902707219124,0.2186232825322894,0.34274425438596495,0.31270124785322095
site_5f27021d111ffc54,10,0.048322849264286906,-0.03387460306882858,0.0344617037876583,0.03347372103606052,0.016534534316662065,0.03446170378765834,0.493955670445176,0.18634334896746085,0.023350977610189935,-0.3387460306882858,0.0010313589856028552,0.011204900000000004,0.0027339082506887546
site_5f52ef3c28075a93,123,0.04458481413195945,0.019444099346312083,0.04012147369915663,0.05230450635861821,0.0496275845742479,0.04012147369915699,0.9488204368851818,0.691309059446246,0.24450009509530862,2.391624219596386,0.22071894188449395,0.3364986504065041,0.30293634953291776
site_6009b70703dc2497,93,0.07121938366859895,-0.034204602625421306,0.06246795794142884,0.08207340859374809,0.06521087955196157,0.06246795794142964,0.7945433322350034,0.6620097747038455,0.47171465674256424,-3.1810280441641816,0.3295109709955512,0.6264521290322581,0.3954786695104609
site_613f62e07f148531,126,0.09324726928489444,0.07835547649954992,0.05055168178822636,0.04559188861389942,0.07612987245169309,0.0505516817882274,1.6698117749937578,0.7662131012841962,1.0955767068652917,9.87279003894329,0.33509103108232935,0.2619061587301587,0.7302654424183934
site_617d5a69b08b72f8,37,0.10217817629585876,-0.0523019130407153,0.08777750055355328,0.07206473836561744,0.06451849102947944,0.08777750055355572,0.8952851629342989,0.17755346743938963,0.386294049312461,-1.935170782506466,0.030544843044434045,0.1921530810810811,0.1540175203346777
site_617d695493df2178,92,0.07967770474101375,0.07054681961173595,0.037036237328667045,0.06069567942568218,0.06756881637230322,0.03703623732866705,1.1132393114576917,0.8385272865107888,0.5840653702172472,6.490307404279708,0.31638006828595766,0.3389248260869565,0.420030135027771
site_6198a28ec3f8f86a,57,0.047262725165281856,0.03739709732971693,0.028900212825525105,0.016859985757086134,0.0359860046236746,0.028900212825525934,2.134403026322245,0.6131535336801889,0.12732461583279112,2.131634547793865,0.021204836393592125,0.0162027698245614,0.07381457414018239
site_621b9dc6415ad601,132,0.059993849340584805,0.015338626829602506,0.0579999007385615,0.07593520439361019,0.03272907795819583,0.05799990073856184,0.43101323318423734,0.6987837251598868,0.475102578548504,2.024698741507531,0.22924171542425947,0.761132495151515,0.14139741580716314
site_621eb1eb5435955b,195,0.07149805703746587,-0.03748679316471784,0.060882776697177544,0.11636337178523204,0.07504761726904845,0.06088277669717771,0.6449419273236712,0.8855050871901047,0.9968345712258808,-7.309924667119979,1.507921998631553,2.6403846871794867,1.098268247263508
site_6277027d8a1380c0,524,0.05720590642819554,0.0355583594685975,0.04481203858533405,0.062282883298764025,0.028304774191971346,0.04481203858533404,0.4544551037593509,0.7578973633326369,1.7147982426622472,18.632580361545088,0.7001161358758294,2.0326785572519084,0.41980796683864735
site_62a63d63c871f1e4,95,0.1000016429393583,-0.003549429394571404,0.09993863187748703,0.07877731837467375,0.0709122611388697,0.09993863187748703,0.9001608915094448,0.11158454514618851,0.9500312161042365,-0.3371957924842834,0.05921751510793441,0.5895572595789474,0.4777121340835886
site_63012b87359e4210,129,0.08088094010189772,0.06529108539154364,0.04773678497931048,0.04944230652162411,0.06339841051316455,0.04773678497931048,1.2822704880371347,0.6675729005407521,0.8438827148579129,8.42255001550913,0.26993891708004153,0.3153458759689922,0.5184972407718498
site_6307ca95d0b03b26,71,0.02774190878792933,-0.011373756511278555,0.025303184898742274,0.04272980392679444,0.034707264735690614,0.025303184898742524,0.8122495669568669,0.8058406646921539,0.05464255872704313,-0.8075367123007774,0.08485136170776586,0.1296343661971831,0.08552619000576522
site_63148af2428e7132,211,0.06069211169884984,0.044373502022282206,0.04140681997864823,0.05252273314395938,0.04192017199017015,0.04140681997864823,0.7981338647261804,0.6361753829922057,0.7772253411402554,9.362808926701545,0.295549132252474,0.5820725118483412,0.3707904729536291
site_633f81ba98074791,63,0.0805898128372705,0.043155048360900276,0.06806144087598093,0.06551589945487049,0.043069158576837664,0.0680614408759812,0.6573848323108976,0.2684406378304577,0.4091672297882162,2.7187680467367175,0.04772016168515834,0.27041698412698406,0.11686200249255774
site_6367b6400c1e48bd,400,0.06400356885240933,-0.012353724909439685,0.06280001836549884,0.07382420859675708,0.03545606884331178,0.06280001836549885,0.4802769920227669,0.5278485501827955,1.6385827303380407,-4.941489963775874,0.5526608572104341,2.1800055099750004,0.5028531271286657
site_638a0536fcb5886f,372,0.037257458302045306,-0.009495286619470964,0.03602718044952644,0.046977141211981564,0.02735240582455741,0.036027180449526484,0.5822492624898418,0.6447970204630374,0.5163799700758558,-3.532246622443199,0.3082109595640132,0.8209488682795698,0.27831332683355703
site_639be43d81e5bd5a,671,0.18720325449148817,-0.15319543772482838,0.10759282667772571,0.10708313036524551,0.022212476590157636,0.1075928266777257,0.20743208117276735,0.0807150329550036,23.515234248269476,-102.79413871335984,0.12882346910238265,7.69422065871833,0.33106745201602994
site_63bba9458fdad7de,128,0.12140396292314116,-0.07053895107302814,0.0988087981657523,0.09727780967856633,0.035096775909161944,0.09880879816575232,0.36078912575367106,0.13642938276553204,1.8865820433207596,-9.028985737347602,0.05962094976748339,1.2112604487499998,0.15766831093989508
site_63e7e96910147c52,10,0.06228430569125987,-0.05429427276611328,0.03051993906024707,0.038586252733324604,0.044889033977986666,0.03051993906024722,1.163342662170943,0.7425836182689258,0.03879334735442306,-0.5429427276611328,0.01286228795617819,0.014888989000000004,0.020150253714768418
site_63fc50b0256f0fb6,2,0.062450597082498324,0.025484655797481548,0.05701411575078963,0.10999999999999999,0.05298588424921088,0.057014115750790115,0.48168985681100807,,0.007800154151921096,0.050969311594963096,0.011656894534826278,0.024199999999999996,0.0056150078593415476
site_6411ebbe96528026,629,0.19055848547227985,-0.16335173803538508,0.09812617421619987,0.11932053666975967,0.03731350187092498,0.0981261742162,0.31271651060535016,0.6739197957703553,22.84058538647264,-102.74824322425722,1.887296204504367,8.955318606359302,0.8757550783571871
site_651ac46c08004df7,214,0.11204710828021486,-0.08393975304994626,0.07422043069042532,0.10170371982012809,0.050448918842217784,0.07422043069042532,0.4960380891814095,0.7191867035246172,2.6866746574270532,-17.9631071526885,0.789667244512849,2.2135403778037386,0.5446499902426167
site_651b6ffa617fc102,117,0.11496786668239792,-0.0728493965825464,0.08894141772571705,0.09794072622190715,0.04592259724301825,0.08894141772571758,0.46888152676109507,0.4214044182822768,1.5464604132316895,-8.523379400157928,0.2217556576964692,1.1223091447863247,0.24673953769270263
site_653b7646a624636a,25,0.05359791181619884,-0.024280953156948094,0.04778254351588161,0.08456618709626207,0.08189746028748233,0.047782543515881695,0.9684421528223579,0.8356822433029127,0.07181840377642569,-0.6070238289237023,0.14469328170865772,0.178786,0.16767985003849367
site_655489b2dd82c473,432,0.08897971192102522,0.08438810429556502,0.028214127435550383,0.02658597445743731,0.03672929651022019,0.0282141274355504,1.3815290678557517,0.6450787180772978,3.4203121056930113,36.45566105568409,0.2721207469761441,0.3053436643518519,0.5827858079626107
site_655b8133c0a83295,77,0.09059226876836583,-0.049447112055567954,0.07590745859244623,0.08222761501634823,0.0559949713916545,0.07590745859244623,0.6809752585007088,0.449020006477372,0.631935855366187,-3.8074276282787323,0.15919269606490413,0.5206263116883117,0.24142863522871982
site_657937702d0a4647,131,0.11974916948090374,-0.11090868611599654,0.04515669314054743,0.062484535001768836,0.03403051344683607,0.04515669314054777,0.5446229766433042,0.7108947776968862,1.8785221304689732,-14.529037881195546,0.1980239246016695,0.5114655419847329,0.1517079357546431
site_6641dc35f7f7b1d6,5,0.03656437181112777,0.0027639013051986737,0.03645976049725938,0.028336548837146692,0.03271323112869892,0.036459760497262426,1.154453611013307,,0.0066847664297119734,0.01381950652599337,0.0013595033884048454,0.004014799999999998,0.005350777454398381
site_667d683049a1748d,80,0.07172498019660814,0.024076469896733763,0.06756327687076392,0.09123269613329422,0.031723073191321186,0.06756327687076404,0.3477160550530332,0.8231967898482434,0.41155782273630637,1.926117591738701,0.1905984733974561,0.6658723874999999,0.08050826981615367
site_669ad6ba4bcd30e6,57,0.07780054589458422,0.06922675643155449,0.03550466357341716,0.05604167314564009,0.06201332760740396,0.035504663573417305,1.1065573907160986,0.8237692170056494,0.34501672166523245,3.945925116598606,0.16318361264166603,0.1790181403508772,0.21920220965376297
site_66c5aa948cb00d80,6,0.025854422190677632,0.010518266479174301,0.023618154396287658,0.024451766580124407,0.031078339922670235,0.02361815439629236,1.271005913655835,,0.0040107068808828234,0.0631095988750458,0.0030178046524524695,0.003587333333333333,0.005795179274094231
site_66cab69faab895b3,471,0.10034661971721842,0.040259878397367554,0.09191619161008155,0.08392976881627574,0.05659821907491956,0.09191619161008176,0.6743521383791061,0.1893551476887539,4.742708165764535,18.962402725160118,0.4236593698455839,3.3178210700636943,1.508781807555169
site_67582d7e0a88b810,49,0.039597891265448396,-0.02545982675041471,0.03032804336763488,0.03787679230415345,0.05186202294307511,0.030328043367634935,1.3692295410503408,0.8156649159424428,0.07683165664084345,-1.2475315107703209,0.07851099981002661,0.07029791836734692,0.1317938017636544
site_6770b4e6f1f2e8bb,271,0.07720278110273904,-0.010920265435732605,0.07642654782737855,0.062007567659929944,0.04353028583781237,0.04644697897028238,0.7020156971250169,0.6636212386039263,1.615233010109306,-2.959391933083536,0.48542907205051716,1.041978319164314,0.5135140477679667
site_68221dfdbb1b1ea4,128,0.12314634069047933,0.04013145855255425,0.1164237401044144,0.12578338095050492,0.05061484416453083,0.11642374010441471,0.40239691270858347,0.3792373668034497,1.9411227168583176,5.136826694726944,0.309045383247314,2.0251467421875002,0.3279183935743668
site_68322e90dd9563bf,434,0.10417145111979859,0.097440823042585,0.036837171894544565,0.05430036750745142,0.050286832405724076,0.03683717189454486,0.9260864099828314,0.7544730149705484,4.709633993127591,42.28931720048189,0.8941090475896605,1.2796619815668202,1.0974842328161993
site_68a69fed5c9dc2db,169,0.09879802936609963,0.04478154945161921,0.08806624458518071,0.09944242756834856,0.03771763423868853,0.08806624458518077,0.37929116536062557,0.4740077196702715,1.649617552519572,7.568081857323646,0.30046111987363655,1.6712065917159762,0.24042276860322964
site_68bc9d9136a91d21,185,0.05489431350158977,-0.030322758541880435,0.045759326581819776,0.042326490573122995,0.035005923211311525,0.04575932658181984,0.8270452555199563,0.31148149948571546,0.5574763461400019,-5.60971033024788,0.08538032077744201,0.33143338378378384,0.2267017120771042
site_68cc6a1e0541208f,9,0.08835713438938764,0.04826694084008534,0.07400868610807793,0.08518190267427629,0.01587297006495957,0.07400868610807795,0.18634204645152846,,0.07026284877753876,0.4344024675607681,0.009137799461020363,0.06530360888888889,0.0022675606081479227
site_68df3e54f8cc23c6,117,0.08223532387033958,0.07389299000532198,0.036089811860593395,0.05615548658312375,0.0475974116431972,0.036089811860593464,0.8476003777964148,0.7700523409393939,0.7912298735709782,8.645479830622673,0.2408139482805999,0.36895232478632484,0.2650650906304398
site_68e0a7cac180b7fb,385,0.05991095738167639,-0.022498249154586297,0.05552613438163333,0.0833265780137073,0.040789771297580844,0.05552613438163426,0.4895169376914877,0.8126184729513886,1.3818892835397825,-8.661825924515725,1.0633646959735976,2.6731776623376624,0.6405650953659456
site_694aad5289524593,35,0.15457171492311159,-0.12352985594868657,0.09291280720960064,0.13300396188667096,0.057149131283214485,0.09291280720960066,0.4296799168427005,0.8106294329503174,0.8362345268995088,-4.32354495820403,0.21565752845715203,0.6191518857142857,0.11431081222491295
site_69670e737191984a,288,0.12668648293079846,-0.11049611250373224,0.061968331258297066,0.09884129238454399,0.06197541552668602,0.06196833125829707,0.6270194777054254,0.7974950630444617,4.622245907724141,-31.822880401074887,1.4069489948660547,2.813645111111111,1.1061942133551537
site_697fb58ab8720f1f,11,0.12129833906610553,-0.013336409672823823,0.12056295964032451,0.08030020944159258,0.10116627109571211,0.1205629596403258,1.2598506504431564,0.13216379282271654,0.16184615766215493,-0.14670050640106205,0.011810209435969594,0.07092935999999998,0.11258075848152227
site_69dbfe52882f2d4a,41,0.02738143068459941,0.02326530280636578,0.014438435914725342,0.02210281421431991,0.013609631453326335,0.014438435914725444,0.6157420191546904,0.7733889256732279,0.030739452599756408,0.9538774150609971,0.009538404672901804,0.020029910243902438,0.007594104800110149
site_6a1c5e38a054464b,129,0.06178085451258503,-0.03163566542438759,0.05306654932687264,0.07102085268098324,0.03269880144126845,0.05306654932687264,0.4604112765042032,0.7098822447138168,0.4923767439753706,-4.0810008397459985,0.212663883558037,0.6506710355038761,0.1379282984247195
site_6a31951f1e7ac87b,178,0.02913910346368183,0.004217228238167389,0.028832314105086295,0.05379300759112447,0.039081006847251853,0.028832314105086295,0.726507191126082,0.8537640232894425,0.1511375484187535,0.7506666263937953,0.31948422784630337,0.515076404494382,0.2718638671227004
site_6a5dcbf93bf1dcc1,110,0.0681401616838842,0.025625629597360432,0.06313801344708878,0.09400310395789603,0.05588239380068195,0.06313801344708882,0.5944739210495821,0.7588841550253231,0.5107389797736469,2.8188192557096476,0.4385159211712804,0.972024190909091,0.34351261305839453
site_6a951d61e5b0518b,6,0.019922483981397038,-0.016783251543839774,0.010734422928374935,0.057964376032947074,0.06416705973535407,0.010734422928375223,1.1070085477825444,,0.0023814322079341297,-0.10069950926303864,0.022086157825092472,0.020159213333333335,0.02470446933048298
site_6af774998b80a846,413,0.21748476806889136,0.2027803978853595,0.07861128783727407,0.06786904268052094,0.026931477595515903,0.07861128783727456,0.3968153451388743,-0.23203217617004607,19.53474485323752,83.74830432665348,-0.17515807749864987,1.9023634721549638,0.2995507525023211
site_6af9b829a3e0be45,70,0.11608316208630787,-0.050244532491479615,0.10464601031414753,0.14303219275137086,0.06777964646289827,0.10464601031414766,0.4738768605800365,0.7272810236555957,0.9432710363969217,-3.517117274403573,0.49355254071312293,1.4320745714285716,0.3215856332244835
site_6bb6d38be9a11acb,136,0.08416017150517872,0.031997667061230715,0.07784011671638043,0.08791988948726233,0.05799039034297281,0.07784011671638158,0.6595821569063091,0.4936451867794319,0.9632790876182291,4.351682720327378,0.34229218270307515,1.0512673475735292,0.4573524106097282
site_6caf07a2afe1dffd,660,0.15920288285575918,-0.15485112120960698,0.03696874584986882,0.03945644272308343,0.025173647551005256,0.036968745849869346,0.6380110778784874,0.4147117026234161,16.728068220325824,-102.2017399983406,0.27186562711108814,1.0274951757575757,0.4182502704746738
site_6cb3e406456efe20,55,0.08141312609150475,-0.07761938093705611,0.024562752348615626,0.028467427580620118,0.02392748712348801,0.024562752348615758,0.8405215770102534,0.5722569802831561,0.36454534049951887,-4.269065951538086,0.021438732429485432,0.04457169381818181,0.031488855202457644
site_6cb8ba95bd0dee4d,341,0.06038560194738123,-0.00014955699024312474,0.06038541674323562,0.0826569448695578,0.04476606518679324,0.06038541674323563,0.5415886742177474,0.7012777485371214,1.243429534588722,-0.05099893367290553,0.8848562235640378,2.3297701524926686,0.6833642019771036
site_6ccc6476b82407ef,37,0.06986566573461048,-0.04260821356322315,0.05536922778485438,0.08007879611082781,0.03907692959371251,0.05536922778485461,0.48798098237679105,0.7787639788581605,0.18060481619599197,-1.5765039018392564,0.09016656960949702,0.2372667027027027,0.0564992377794627
site_6ce971c90b49aeb0,57,0.0894546927664906,-0.07546232303841074,0.04803727573035103,0.0547489648069256,0.03343987566525599,0.04803727573035104,0.610785533264109,0.4937994261358426,0.4561220973029918,-4.301352413189412,0.05153069531180357,0.17085460140350875,0.06373884121694345
site_6d0e46f32994dd93,485,0.04112526713980127,0.015456838247702295,0.038110021630856965,0.04810719996959778,0.052162011772633694,0.03811002163085713,1.084287004972196,0.7138857153582782,0.8202744847002088,7.496566550135613,0.8688300700018701,1.1224368041237112,1.3196246040016621
site_6d48a42f8098677d,204,0.06262496179690472,0.05033672449343344,0.03725721416499027,0.059571649550932755,0.07444433052504497,0.037257214164990504,1.2496603852038095,0.8684370378723675,0.8000647113730099,10.268691796660422,0.7856692565609428,0.7239514117647059,1.1305595028537172
site_6d6ecd1531a550b1,62,0.08440912220752389,-0.061068076357726125,0.05827169091258322,0.10573485972901592,0.05645581208738253,0.05827169091258322,0.5339375512680596,0.9189890146207231,0.4417437945343716,-3.78622073417902,0.34011740887501557,0.6931513548387097,0.19761004054364256
site_6d764ff710881490,548,0.052962729028395224,-0.04248460265972319,0.03162450320527834,0.04997190946629732,0.03478397241469752,0.03162450320527839,0.6960705081353147,0.7786715438528559,1.5371677650420996,-23.281562257528307,0.7417199918905639,1.3684610711678833,0.6630387558466482
site_6eaed325c7afd5f2,128,0.022786785197300527,0.01801050146953203,0.013959205437412945,0.016433540379043356,0.012115666019829639,0.013959205437413304,0.7372523351863957,0.5574774773105166,0.06646241019237305,2.3053441881001,0.014207436547186808,0.034567839921874996,0.018789038477318984
site_6ec0b265c8640204,38,0.02265004289231866,-0.00741378660735331,0.021402341254276456,0.027717310610505204,0.024502018335000812,0.021402341254276494,0.8839969605750364,0.6703708627546309,0.01949492883490725,-0.2817238910794258,0.01730022197726526,0.02919347368421053,0.022813258294571204
site_6ed688016a61001c,62,0.044052051289087214,0.01382254133762852,0.04182727069443954,0.04897456784950518,0.030602495939953876,0.04182727069443958,0.624865053102517,0.5289430568135279,0.12031615981213496,0.8569975629329682,0.049150514881697395,0.14870751435483873,0.05806379098080339
site_6f1d891d977773b1,32,0.03923749901204971,-0.016803201124072076,0.03545749230705106,0.05133711156110655,0.04778128245846356,0.03545749230705111,0.9307356998764824,0.7463078530574329,0.04926660251905927,-0.5377024359703064,0.05858105945773422,0.08433596874999999,0.07305763050801528
site_6f28bfb579cd23b2,141,0.07249771263455788,0.0014040755654057722,0.07248411487387814,0.09158899281270898,0.05673722536437295,0.07248411487387926,0.6194764635134195,0.6113444554284619,0.7410844855512536,0.19797465472221387,0.4479365153398286,1.1827846482269504,0.45389489662871796
site_6f4dcb1e04a51328,266,0.049989753518016856,-0.010109544173756937,0.048956843989282385,0.04702640402698127,0.04283608461417363,0.04895289720639502,0.9108943262937252,0.4095523585270828,0.6647274715066929,-2.6891387502193456,0.21945354789225885,0.5882543917385621,0.48809141858932303
site_6fa03518f2e15749,74,0.06422022645144077,-0.02877360657501865,0.05741356155247969,0.10000801647926467,0.055079553926340806,0.0574135615524797,0.5507513883925577,0.8840179531862119,0.30519357392510055,-2.12924688655138,0.3603446121159438,0.7401186486486487,0.22449803729362666
site_70208b23c7d145de,47,0.18175797924835407,-0.1731557913384539,0.05525427536760315,0.047286902566868266,0.041047244559987164,0.05525427536760326,0.8680468022184871,0.2235687303293153,1.55269026196092,-8.138322192907333,0.020395473607518567,0.10509440425531914,0.0791891854404676
site_7062702ffcf77fca,399,0.043204095518094496,-0.03204844129205049,0.028973975914372303,0.08608693131198943,0.07736486524417482,0.02897397591437308,0.8986830412597148,0.9426873167364738,0.7447709539451166,-12.787328075528146,2.5050797719172295,2.956972937343359,2.388143627325482
site_70a4655a50185729,555,0.030654708885201106,-0.00774798769134659,0.029659397559140835,0.058908875635183995,0.04099301935616404,0.029659397559140845,0.6958716986898404,0.8843196601222213,0.5215397031442174,-4.300133168697357,1.1852034437678554,1.925991873873874,0.932637337943836
site_70a6cc65be0123f1,70,0.04472607032448441,0.028230675632613042,0.03469078148437871,0.06977799928110198,0.05542617132826986,0.03469078148437893,0.7943215898894503,0.8710448219339334,0.14002949566695075,1.976147294282913,0.2358152766125543,0.34082784285714285,0.21504423276775064
site_70dba7fc35b9a591,3,0.09193639932347462,-0.07919913240273793,0.04668831703134064,0.08112678691748833,0.03554992349918903,0.04668831703134064,0.4382020396708896,,0.025356904561696158,-0.2375973972082138,0.008498330503702163,0.019744666666666667,0.0037913911823945767
site_70ecc850263e23bf,307,0.08157133372288462,-0.06121708475805649,0.053910583553279615,0.06720525191563823,0.049683031834834024,0.05031442819908262,0.7392730540940522,0.6668853412731458,2.0427419229963757,-18.793645020723343,0.6835981053349403,1.3865795867086295,0.7577999212564472
site_719e76f9794e1f46,104,0.12398761779557121,0.06074646800710605,0.10808698344982288,0.12703211367949516,0.0532097349744441,0.10808698344982368,0.4188683745646668,0.538930747029998,1.5987846541285475,6.3176326727390295,0.3788531661537118,1.6782644222115386,0.2944526931892604
site_71caeba631cb8f76,161,0.054383048648156046,0.004817410219530142,0.05416925824713196,0.07159939162224704,0.03968183066517397,0.05416925824713212,0.5542202212350114,0.6628922185844411,0.4761600728231008,0.7756030453443528,0.30322836813896153,0.82536213378882,0.2535182772752662
site_71e9fd683ed1988c,57,0.08705837820166462,-0.07314578164774076,0.047210759814316744,0.09840002589914755,0.06255691932112045,0.04721075981431677,0.6357408826826578,0.9233115234504793,0.43201218926093216,-4.169309553921223,0.3239617061752238,0.5519062105263158,0.22306198483210288
site_72da2835c7ea074f,53,0.05148376057484915,0.03722500080544994,0.03556510815339444,0.02941610428270942,0.02209813977463119,0.03556510815339444,0.7512259122503968,0.06827110103452284,0.14048061295520475,1.9729250426888465,0.0023520884497548046,0.045861281132075486,0.025881372419454263
site_72f791e7a3b14404,210,0.09404939175590159,0.010354134425208685,0.09347769782124375,0.09892015738002866,0.046678776472095035,0.07959275745819455,0.47188336238453243,0.609543357591995,1.8575104988275604,2.174368229293824,0.5910553602683587,2.0548914825788236,0.4575707163156808
site_734432da6e99253a,201,0.05359781991795236,0.030786949696232434,0.0438735686758999,0.05636410211409862,0.042934717505213854,0.04387356867590061,0.7617386935092219,0.6395540535435457,0.5774179862914074,6.188176888942719,0.31108890057521965,0.6385593134328358,0.37052138341775587
site_73483f87b1a225a5,300,0.08634765325890226,-0.05553387608468533,0.0661203889154505,0.10228068846724357,0.05805470494543056,0.06612038891545133,0.5676018202011142,0.7965629005059693,2.236775166995884,-16.6601628254056,1.4189673253955692,3.1384017699999998,1.0111046298903
site_734a8ec3d3587deb,510,0.07693626621489003,0.07225315466008933,0.02643237977847699,0.03817370726275138,0.03357455566376699,0.02643237977847726,0.87952043621731,0.7356881992541473,3.0187864201350987,36.84910887664556,0.4808820634292329,0.7431882823529411,0.5748979018898879
site_73fced68c3c0a0ff,515,0.06710498932638674,0.02260200298561633,0.06318408861044582,0.06600998664793696,0.06894385926297263,0.06318408861044686,1.0444458901451292,0.5623339788123729,2.3190859901346563,11.64003153759241,1.3179738410536526,2.2440189436893205,2.4479267009873764
site_741bd07218da164c,66,0.02900589377048884,-0.024547276257565528,0.015452284677666373,0.022582272244902273,0.014407308663776009,0.015452284677666382,0.6379919836024615,0.7357565766467521,0.0555285636460423,-1.6201202329993247,0.015798963210246326,0.033657295303030306,0.013699655833598806
site_74428aba30f813ae,171,0.0448271127913898,-0.03520082440320511,0.027755576062238416,0.05189618521505716,0.05743610701859534,0.027755576062238423,1.1067500776903123,0.875922168555265,0.3436193770472491,-6.019340972948074,0.4464594904897201,0.4605396008187134,0.5641129925962128
site_7463527a899d9995,969,0.06911761788795531,-0.025281288725918907,0.06432807740685342,0.087765574681036,0.07195219588775194,0.0643280774068535,0.8198225346241487,0.6921548483853979,4.629150504327733,-24.49756877541542,4.235408422385753,7.4640094200206395,5.016627819784276
site_74ac127e792b6d34,11,0.10788578365710105,-0.10703841425993224,0.013495191292676957,0.020652008486959673,0.012979237659651324,0.013495191292677677,0.6284733839736132,0.7700988523963278,0.12803276546837494,-1.1774225568592547,0.002270652322098613,0.004691559999999998,0.0018530667124828232
site_74d6733a337aa5b5,241,0.06251784840221225,-0.03831859330938071,0.049398044249061905,0.06300647379505633,0.04764199127418141,0.049398044249061905,0.7561443833398519,0.6328647276796656,0.9419440098909204,-9.23478098756075,0.45782869979139434,0.9567255933609959,0.5470119991491718
site_754a56eb31e06ac7,75,0.07396278607361106,-0.047015129136244456,0.05709703456461652,0.11176147139729725,0.06567154320190037,0.05709703456461672,0.5876044971566876,0.9226253558782849,0.4102870292828066,-3.5261346852183344,0.5078740019750595,0.9367969866666668,0.32345636898893004
site_756658a5e0df9526,54,0.30002703096669286,-0.2978847383861188,0.03578969051727627,0.05108336622828042,0.030097836588437555,0.03578969051727632,0.5891905489144331,0.726663367779961,4.8608758427772,-16.085775872850416,0.06033117938025132,0.14091355648148152,0.048917507434431684
site_75a0a6603ab1116e,378,0.06130648045117411,0.03864355174605809,0.047593701828707584,0.09667253597122769,0.07089413459085453,0.047593701828707875,0.733343072865643,0.8832253015636179,1.4207071581272528,14.607262560009957,2.288109047502831,3.532628941798942,1.8998198047279822
site_75b87fcb8d56b55c,180,0.15095106345242537,-0.14253688686682117,0.04969365593044223,0.07387945143573038,0.05701261065504128,0.04969365593044286,0.7716978069962798,0.7406294171667938,4.101520240335268,-25.656639636027812,0.5615236510573078,0.9824712019999999,0.5850787992665989
site_75f094d197034591,390,0.04052628151943225,-0.0002028171976407398,0.04052577400835938,0.03546651326878781,0.03094764425519198,0.040525774008359446,0.8725877286174435,0.2611558214533159,0.6405280025789877,-0.07909870707988853,0.11179191843580741,0.49057068974358975,0.37352510712890763
site_76b0c722c519421c,779,0.038607990649013914,-0.02054187727892659,0.032689573564240106,0.040418565595877066,0.0388506484478131,0.0326895735642401,0.9612079962524968,0.6605239908762012,1.1611594377824355,-16.002122400283813,0.8079885802795306,1.2726214865211811,1.175801477271323
site_7701ccd363543751,52,0.023306155230879918,-0.0066952191682962256,0.022323774589758563,0.04547414572033303,0.053558753663651676,0.02232377458975903,1.177784712945223,0.9111100041892874,0.02824519732558531,-0.3481513967514037,0.11539026488764928,0.10753069230769231,0.14916408488819355
site_772df34a4c6e4a0a,60,0.25121188304594577,-0.2464631398276488,0.04861410175851006,0.044547060602618135,0.022779246672185654,0.04861410175851008,0.5113524071854667,0.06898448235398273,3.7864446110093963,-14.787788389658928,0.0042001139249652625,0.11906643649999998,0.031133644737136867
site_783ea304b6cb08b0,11,0.20806101223989587,-0.20753822615905246,0.01474006435006713,0.03451624841952958,0.031999333102469475,0.014740064350067894,0.9270802757452629,0.9045109911660422,0.4761832329571911,-2.282920487749577,0.010989325748045339,0.013105085454545456,0.011263530509030784
site_792ac7c0f3887a80,3,0.16315792415236074,-0.02020679602622984,0.161901802361993,0.15293900745068276,0.008963369619261015,0.1619018023619937,0.05860747868493506,,0.07986152464112249,-0.060620388078689524,-0.004112267419695855,0.07017102,0.000241025984794474
site_794f4adab7e8609a,986,0.06909029393899793,-0.007490231264314596,0.06868307762603697,0.08664961290865873,0.05959363693998021,0.06868307762603706,0.6877542200078904,0.6141053209637616,4.706640154545055,-7.3853680266141915,3.126700571583777,7.403041241379311,3.5016819418418956
site_79798e714cfe0874,3,0.14164318304201318,-0.10143541290362677,0.09886176364674057,0.07258178528773977,0.07037187001375234,0.09886176364674085,0.9695527567250302,,0.06018837390681974,-0.3043062387108803,0.0006700010001659401,0.01580434666666667,0.014856600267697362
site_7a906ff08163d278,8,0.0912821391941996,0.0902251386553049,0.013851111525803072,0.04675608082110818,0.03862508691044165,0.0138511115258042,0.8260976162271547,,0.06665943148695384,0.7218011092424392,0.01394470056835562,0.01748904875,0.011935178710713368
site_7c54957b5bc14b62,396,0.03140024406780543,0.025470759583317265,0.018363434694157882,0.022025910320260998,0.012419088444536238,0.018363434694157913,0.5638399622971441,0.5523083284181926,0.390446229697029,10.086420794993638,0.059827432393632606,0.19211572727272727,0.061076568086112545
site_7ce6c15ef40a9887,868,0.10164483051149115,-0.07497349444453343,0.06863415112380482,0.07566468504602744,0.0616632014385782,0.06863415112380483,0.8149535202726077,0.5161948574905869,8.967890922508074,-65.07699317785502,2.0905121510392215,4.969425480783411,3.300440157316256
site_7d5d2b00a197b946,177,0.14704650465192642,-0.11527244783848692,0.09129587778028277,0.09956295488153498,0.027664957815018806,0.09129587778028277,0.27786396906295086,0.42535404584454434,3.8272133918717763,-20.403223267412184,0.20737271997396556,1.754562411299435,0.1354669306904983
site_7dc3504cdb8699cf,179,0.05714490102663834,-0.048314841160894115,0.030515829284845992,0.043815180527190765,0.04055662285441799,0.030515829284846467,0.9256294819839761,0.7409679685980358,0.5845316086886283,-8.648356567800047,0.23568875092143118,0.3436388379888268,0.29442629866663445
site_7de361dfa684e7f9,3,0.02197783176606448,-0.0019131724039713565,0.021894402492192273,0.04027681991198192,0.026746535780177882,0.02189440249219453,0.6640677153416742,,0.0014490752674122987,-0.005739517211914069,0.002787351806958517,0.004866666666666669,0.002146131528721007
site_7df014884b3dac8e,148,0.153559855637452,0.14786952496622058,0.0414153697274257,0.03602433790981813,0.04875480392322675,0.04141536972742572,1.3533851488201547,0.5578444910908927,3.4899331309824753,21.884689695000645,0.145006772355252,0.19206743243243243,0.3518005740276584
site_7e8e5e3d7101de47,48,0.047707068449113314,0.03207783339768649,0.03531256128516668,0.059163375348596274,0.03631512712741755,0.03531256128516708,0.6138109415401901,0.8312948720575517,0.10924629024040239,1.5397360030889513,0.08573079495361696,0.1680146391666667,0.06330184599746391
site_7f0acd7df3af84c3,388,0.09583369523367032,0.02842478100940124,0.09152119408479976,0.09903529517662706,0.04515016300062594,0.09152119408479989,0.45589971656167344,0.3880609644590772,3.563429691150321,11.028815031647682,0.6732572009414435,3.8055,0.7909524409654394
site_80ae082a98e7f1d4,133,0.06547078166595913,-0.003270820020733022,0.0653890280425062,0.08540269575418945,0.05374298395940263,0.06538902804250685,0.6292890813902237,0.6434059546807084,0.5700942925095748,-0.4350190627574919,0.39276255127686754,0.9700515187969923,0.38414500720646094
site_81129771a744e168,1,0.04985057306289675,-0.04985057306289675,0.0,0.0,0.0,0.0,,,0.002485079634699207,-0.04985057306289675,0.0,0.0,0.0
site_8126bf120df6e8fa,258,0.050298903001633616,0.037076402365930315,0.03398999898157373,0.05492842855649593,0.038726499687315966,0.033989998981573975,0.7050356382849061,0.7901411471146951,0.6527347479372787,9.565711810410022,0.43364046741259654,0.7784201240310078,0.3869333787321744
site_814a74a697656439,144,0.080462407204949,0.07543987057585683,0.02798258209517128,0.03232151845992938,0.041489923450689935,0.02798258209517259,1.2836625699416657,0.7393899255753968,0.9322846521429642,10.863341362923384,0.14278099700063468,0.150434,0.24788357970395192
site_81c3c43b60e335cf,79,0.13079932078254017,-0.10976721072106417,0.07113101832317129,0.08524339088629278,0.032968660873614664,0.07113101832317141,0.38675914379792764,0.5860007257731832,1.3515685230567338,-8.67160964696407,0.13010298761510397,0.5740484194936708,0.08586767538415341
site_81d19e24593ab11d,26,0.05545190788783992,-0.030565962238953658,0.046267008124670675,0.05531043376109283,0.021267499175363858,0.046267008124670675,0.3845115239418736,0.5827159494894187,0.07994776629843857,-0.7947150182127951,0.01782188932167796,0.07954034615384616,0.011759969550526661
site_827e793321bdd790,11,0.14225686305237423,-0.09787095369750803,0.1032390018735274,0.127330732236569,0.04752899002806636,0.10323900187352739,0.3732719445904214,0.6455681135974924,0.2226071659405215,-1.0765804906725884,0.04297605816430666,0.1783442690909091,0.024849053823968348
site_82fc0f846e9a1ddb,251,0.1642744361076049,-0.15838715945919196,0.043584378817645875,0.06195967850119999,0.0842842190772838,0.043584378817645986,1.3603075599504837,0.8658413348434232,6.773508679976362,-39.75517702425718,1.1349257751992052,0.963589441752988,1.78306122595236
site_83403fd7c9ad70f1,108,0.06055567143449877,-0.05233794551072296,0.03045864085279518,0.04540135475452196,0.034531822183019964,0.030458640852795357,0.7605901270948442,0.7418081232423509,0.3960348490313608,-5.65249811515808,0.1256040515282088,0.222618565462963,0.12878424827420865
site_8350ab85e51c782b,81,0.0565230756703938,-0.024135777590304247,0.05111088263131865,0.06538657500920378,0.05092611628608593,0.05111088263131984,0.7788466711846828,0.6391440025927587,0.25878350474252615,-1.954997984814644,0.17239032311665792,0.34630773950617283,0.21007101491869973
site_84025ad53bb001c3,582,0.07580016377431496,-0.017669526847162605,0.07371195730144718,0.09712693086174341,0.06089539290658515,0.07371195730144718,0.6269671281312026,0.6516467370813731,3.3439769300199496,-10.283664625048637,2.2431551456577385,5.490378886597938,2.1582008465579756
site_841029a3fc0d0421,80,0.12577695843389217,-0.10965422449260949,0.061610018047436384,0.06869845226604454,0.052796762111238967,0.06161001804743639,0.7685291352238327,0.5115969082564795,1.2655874618304832,-8.772337959408759,0.1484472443750128,0.37755818750000003,0.22299984715446064
site_84dbfb194c437ec0,301,0.054754448459138655,0.023139638623921974,0.04962465869322196,0.06362632770447298,0.05378363990621069,0.04962465869322197,0.8453047951473972,0.6543410460705034,0.9024129374454058,6.965031225800514,0.6739966036190226,1.2185411827242527,0.8706966563898427
site_863f22c1c90857e1,146,0.0823096134045235,0.0728869280945765,0.03824092273648942,0.040772729973309975,0.051823733895097084,0.03824092273649012,1.2710390971863093,0.6828569363966491,0.9891313789851088,10.641491501808169,0.2106595114774696,0.24271266438356165,0.3921121116451558
site_86b7f22d3a648755,251,0.08041363586936796,-0.03244312404427395,0.0735785059373942,0.10012945980962007,0.048859416468571906,0.07357850593739448,0.48796244942767264,0.7153488143091797,1.6230545612665566,-8.143224135112762,0.8784190228112784,2.516503089163346,0.5991978869899883
site_86deda94196a1d6c,8,0.047693074917689336,-0.04079942637532949,0.02469891095875274,0.06693551817794496,0.0575890293632117,0.024698910958754164,0.8603657808417041,,0.018197035160834624,-0.3263954110026359,0.028747294776793574,0.03584290875,0.02653197042397487
site_86f357dc9d6e4680,58,0.16241908869618468,0.1260528759315096,0.10242379041167413,0.10935828825954741,0.03813212507744696,0.10242379041167415,0.3486898495242118,0.350433636442008,1.5300377016281481,7.311066804027557,0.08475717861888739,0.6936356422413793,0.08433541984947945
site_87666ca1581a674d,87,0.18890317078661387,-0.18220862453970416,0.049844007429035324,0.06475606432062356,0.05824268577769168,0.049844007429035754,0.8994167015666283,0.6762617623346118,3.1045434901915847,-15.852150334954262,0.22189929577948028,0.36482126436781603,0.29512230885410673
site_87ec218e6b6d4b81,397,0.055985648578233196,-0.03821908385687571,0.040910811234519985,0.03664557177826156,0.04205782515700454,0.04091081123452004,1.1476918797035545,0.46653038988485396,1.2443539601499936,-15.172976291179657,0.28545572623723103,0.5331304785894209,0.7022376808040541
site_88607d4559554ef6,42,0.023173899352369083,-0.01614109476833116,0.016628128904765102,0.035382426425744774,0.03633309643706266,0.016628128904765112,1.0268684233206278,0.8928123253186032,0.022555243670136754,-0.6779259802699088,0.0482058218376977,0.05258047619047618,0.0554439436616056
site_88b325bed90e5cd8,187,0.053566267281230956,0.00405506471261621,0.05341255882861978,0.09319952033418968,0.05630646221654942,0.05341255882861983,0.6041496996406079,0.8578621418087847,0.5365675132130793,0.7582971012592312,0.8418428492824981,1.6243101604278074,0.5928681075332733
site_88edadfb8f5755a7,34,0.05724858187248665,-0.0034996488006675958,0.05714151367161,0.039224853095276485,0.05880134493087366,0.057141513671610314,1.4990838789898389,0.37525560525383256,0.11143160429796745,-0.11898805922269826,0.02942758958282716,0.052312029411764716,0.11755833763310577
site_8905c26daaab430e,211,0.08468233686460597,-0.07099793839539396,0.04615615799061317,0.06516121103503932,0.04866785524417254,0.046156157990613296,0.7468838358145652,0.7069993862205487,1.5131017153154769,-14.980565001428127,0.47307810322103483,0.8959025023696682,0.4997661882882915
site_8922fa4ef2bfa4f1,176,0.06840394126527564,-0.006557750652798195,0.06808887638226237,0.06597570693034428,0.04575684946142368,0.06808887638226256,0.6935408742150011,0.29984825241982377,0.8235214557896975,-1.1541641148924824,0.15931415197236296,0.7660917272727273,0.36848931198382834
site_899e1b3be68444b6,2,0.12219606365622976,0.12099335321187972,0.01710223528146744,0.025599999999999998,0.04270223528146809,0.017102235281469064,1.6680560656823473,,0.02986375594615471,0.24198670642375944,0.0021863544464111326,0.0013107199999999996,0.003646961796067716
site_89b67bc04797f8a3,780,0.07253447280444597,0.06332059597892639,0.035380105566440626,0.03002518173902597,0.039510885769932,0.03538010556644063,1.3159249497090224,0.5103463675088814,4.103774801114751,49.390064863562586,0.47223920752853155,0.703179,1.2176658735732
site_8a227a0556c22f70,136,0.04154106432824203,-0.012898624872021813,0.039487789276357356,0.06560314944766311,0.059283994577044044,0.039487789276357495,0.9036760441560756,0.8046709814675218,0.23468976347114742,-1.7542129825949666,0.42561742153999893,0.5853131575735293,0.4779845137694943
site_8adbe57839dd7587,31,0.06574796958524634,-0.06149272346881128,0.02326887330686176,0.012507229959055654,0.021187658220405105,0.023268873306861778,1.6940328345897673,0.12058011155747148,0.1340066606420568,-1.9062744275331498,0.00099056155571053,0.004849354838709678,0.013916422686805704
site_8b5408c589cc3993,120,0.10872804361701263,-0.07160296495338282,0.08182177508871115,0.08819829703571379,0.03044411465159142,0.08182177508871115,0.34517803262418784,0.3744677215516665,1.41861449625396,-8.592355794405938,0.12065885029509664,0.933472752,0.11122129403030923
site_8b64753d75204fe6,178,0.12130345576046866,-0.032190960738096346,0.11695413813196316,0.11118993593674281,0.05462751159131478,0.11695413813196319,0.49129906525346845,0.13739614255888816,2.6191860515388923,-5.729991011381149,0.1485495840576425,2.2006499299438205,0.5311813740333431
site_8b8c1728607fc339,11,0.068163076114541,0.06500823273875497,0.0204971856990314,0.07558856116180805,0.08246478419172662,0.020497185699031577,1.0909690953793794,0.9700923641695072,0.05110825439936382,0.7150905601263047,0.06651665123795922,0.06284993636363635,0.07480484694966849
site_8bf3ec991527937e,292,0.05681281581173035,-0.052828535605905814,0.020900762335214963,0.04562141821773009,0.042890129456357985,0.02089815997640203,0.9401314367664565,0.8903073337733373,0.9424872438136187,-15.425932396924498,0.50868501152881,0.6077436296575343,0.5371524557966789
site_8c584caec5491a2c,154,0.06896744568948927,0.05255944545005822,0.04465437558532206,0.08113238142631385,0.050718135201559926,0.044654375585322086,0.6251281462460611,0.8701072591846083,0.7325023189996285,8.094154599308967,0.5513800057391455,1.0136993506493508,0.3961387027018517
site_8cafedb38b43a4db,149,0.07269906225304852,-0.04430176942380483,0.0576411908134509,0.10546118493910432,0.06508563451029616,0.057641190813451426,0.6171525054253664,0.8767249563267453,0.787487894218421,-6.600963644146919,0.8966592380131453,1.6571871677852348,0.6311848331215701
site_8cc96a31a772bfea,373,0.09305976080056892,-0.07344543616333851,0.05714793948198019,0.09165065045932753,0.05502314343169368,0.05714793948198057,0.600357369597848,0.8092060036461078,3.230224416936646,-27.395147688925267,1.5221199468855244,3.1331409651474527,1.1292747747880663
site_8ce1daba0ed42d33,7,0.052070927136025506,0.0341364435332162,0.03932028326079072,0.08287262170687873,0.05336546280415527,0.03932028326079216,0.643945632526378,,0.01897967016963694,0.23895510473251344,0.02859380780607462,0.0480751,0.019935108342111763
site_8cee030029879195,657,0.12231377055925169,0.11383937259487911,0.044735396674507676,0.06407762573347169,0.061272326121600405,0.04473539667450993,0.9562202940611467,0.7461421306182754,9.82915261375277,74.79246779483557,1.9246763597518612,2.6976039726027397,2.466573752067103
site_8e38800fbe0e21e5,171,0.04656520141790244,-0.011423778735127364,0.045142167233094554,0.041607609617375106,0.07802646896474721,0.04514216723309483,1.8752932379985559,0.8904230598064427,0.3707823751083599,-1.9534661637067792,0.4943189147349556,0.2960340334502924,1.0410702059072388
site_8e3ea373de88dc00,149,0.04635607010283059,-0.028896590646081324,0.036247376241755065,0.055335226554785746,0.04583025367637357,0.03624737624175528,0.8282292588248177,0.7587707961866829,0.32018390007140307,-4.305592006266117,0.2867152738296646,0.4562361073825504,0.3129614106540722
site_8e6ad22dcccafcc7,320,0.07999570407893776,0.03973922442086041,0.06942698836557344,0.07619476867500484,0.04905374117169035,0.06942698836557384,0.6437940822541283,0.45373644589417905,2.0477800547471934,12.716551814675332,0.542688893258106,1.8578056875,0.7700062473405402
site_8e827922ba5b5da3,25,0.037584641888760505,-0.023194978058815003,0.029573608145734627,0.011159222912013187,0.032383833402686836,0.029573608145734655,2.9019792559054283,0.41319930871983085,0.03531513264765927,-0.5798744514703751,0.0037330327886939073,0.0031132064000000017,0.026217816646324388
site_8ea1310ade5fc61a,6,0.03479108082311395,-0.029439853409926095,0.018539534407382235,0.08628036502524135,0.08159036930791129,0.0185395344073824,0.9456423751109769,,0.0072625158290426815,-0.17663912045955657,0.04127272624994317,0.044665808333333334,0.039941930182808116
site_8eb987af49bead43,440,0.042742215537326746,-0.0075401740006425175,0.04207187617731506,0.06812741162612912,0.0514134129288864,0.042071876177315067,0.7546655846993555,0.7872068878950025,0.8038346751772902,-3.317676560282708,1.2132209053344347,2.0421914545454545,1.1630691727583207
site_8fa7ffd1566cb92a,51,0.051750569676734706,-0.010633035923452936,0.05064642148184937,0.06789407466676178,0.03351012605512681,0.05064642148184938,0.49356480988365276,0.6961055815714517,0.13658419455519524,-0.5422848320960998,0.08077058481131406,0.23508987411764704,0.05726935595975491
site_8fd20385af85644b,310,0.0766190118977173,0.06835529751431557,0.03461251631869531,0.04176149128091864,0.03861849140696405,0.03461251631869566,0.9247392806733733,0.6316427830160759,1.8198466250965892,21.19014222943783,0.3157944807298241,0.5406468677419355,0.4623302423504245
site_901a320e9c405a2e,98,0.04104642636578846,0.00837299223578706,0.04018335623640145,0.045669371385158516,0.051235965082891535,0.04018335623640378,1.1218889931894713,0.6615869348117278,0.16511129350540518,0.8205532391071317,0.1517095606311852,0.20439776530612244,0.2572621635615775
site_90c4f5b431597729,821,0.07464080239551228,-0.026539050458917957,0.06976337278963021,0.11173785338653891,0.0655548100426571,0.06976337278963023,0.5866839934348919,0.813373928180805,4.573995742823893,-21.788560426771642,4.891457581040084,10.250470609013398,3.528192591297391
site_912580bb93bae080,334,0.041467378716591514,0.03192363672734734,0.026465542044809637,0.04433524401755523,0.04170649906217862,0.026465542044810386,0.9407075564005982,0.8124691234159876,0.5743275282068259,10.662494666934013,0.5017717087358058,0.6565150299401197,0.580970309383851
site_912957a44bff743f,166,0.04293214595261546,0.02073248575006623,0.03759432391625066,0.042314771496204724,0.04021971087283202,0.037594323916250665,0.9504886698121339,0.5860644134631408,0.30596607991204816,3.441592634510994,0.1655710426162704,0.29722962120481927,0.2685257736872376
site_916f2628195f7cd3,128,0.022559068030252073,-0.0051316975307650866,0.02196764053889904,0.0258360213537156,0.011566717173830838,0.021967640538899106,0.44769730661982804,0.5332517384442296,0.06514067845037326,-0.6568572839379311,0.02039754974225652,0.085439999921875,0.017124985110962332
site_917287f92c952f20,38,0.06282545483261824,-0.04700840616335994,0.041680301401332734,0.07256406401536915,0.044818972370336246,0.041680301401332984,0.6176469438211666,0.8512632220270951,0.1499874354471635,-1.7863194342076778,0.10520368677121832,0.2000906486842105,0.07633213080465263
site_91e14ae535f79ace,96,0.06518427085768547,-0.037499618884176016,0.053317612013195535,0.07714961114613605,0.039109970377127656,0.05331761201319559,0.5069367142116364,0.7687096594803634,0.40790296005581794,-3.5999634128808973,0.22266645754128694,0.5713980000000001,0.1468406191583811
site_91ea89ee8d5d5b53,178,0.08133467331486449,-0.06526446752534823,0.04853739137889979,0.06795773599882206,0.05936250917009885,0.04853739137890059,0.8735209950362063,0.717164072014078,1.17752857681596,-11.617075219511985,0.5149791883516514,0.822049191011236,0.6272555341046726
site_91ee6299c921b981,293,0.09822526289377706,-0.06953516032935818,0.0693762477258757,0.0884706502014643,0.03313114761705374,0.06937624772587576,0.3744874434810629,0.7013778456146809,2.826923265271623,-20.373801976501944,0.6023589431522192,2.2933273924914674,0.32161817212994076
site_92ac3b6c2c87c639,732,0.06317087190023425,0.038715393137899255,0.049916704526778495,0.040459181415225275,0.04359929106032003,0.04991670452677859,1.0776117937945502,0.2965337633048743,2.921089229457409,28.339667776942253,0.3828968112436352,1.1982440040983606,1.3914574684645518
site_92b0fa719fa97ab5,94,0.08713309691689833,0.06592778723163809,0.056971075547767716,0.04882004723699809,0.0693674601233103,0.0569710755477681,1.4208806432850074,0.5831258875834873,0.7136645983629821,6.197211999773979,0.18562829009427673,0.22403931914893616,0.45231338525215015
site_92d25300e45f668d,35,0.03417958744907257,-0.008567109549045564,0.03308849999869217,0.04039826223783313,0.016722838534240874,0.033088499998692164,0.4139494524737222,0.6045411398590546,0.04088854693660797,-0.29984883421659475,0.014294421545522552,0.05712068571428571,0.009787866502480203
site_92f4bc71b766e85f,213,0.12935628094471405,0.11917321899575246,0.05030697063070102,0.07759476760749293,0.07238360662802056,0.0503069706307011,0.9328413353097128,0.7771213956411511,3.5641391004275795,25.383895646095276,0.9296963480845304,1.2824619154929577,1.1159893263062446
site_9325c992d0f1e0e4,864,0.11903731559482782,-0.10245816508018309,0.0605987368880292,0.0828518450934098,0.06383750314271179,0.060598736888029185,0.7705018888926295,0.687027100141285,12.24277848347556,-88.52385462927819,3.1395375923559206,5.930865995370371,3.520995961676317
site_93742f2df91eb28f,113,0.09264384298416328,-0.04970121918347029,0.07818356895506207,0.10567964792962681,0.056885885828362584,0.07818356895506208,0.5382861027909887,0.6896176281316796,0.969865625644796,-5.616237767732143,0.4684709669227885,1.262005242477876,0.36566845273195786
site_93e093b0ecc1d78c,41,0.08400334266397451,-0.0512036482392288,0.0665939035176227,0.06770100712145112,0.05337718620421635,0.06659390351762272,0.788425290460764,0.4147841953430129,0.28931902472756593,-2.099349577808381,0.061454948925790266,0.18792048097560976,0.11681408429026297
site_94398cd24f99ecb3,80,0.11114805488457215,0.10572331060916187,0.034299733212702195,0.051530208070121354,0.057913078203411884,0.03429973321270331,1.1238665701602608,0.8097140109473407,0.988311208369909,8.45786484873295,0.1933126108912751,0.2124289875,0.26831397015956004
site_947d9a648844f933,171,0.05560874033468459,0.01385342714033629,0.053855497008919805,0.07570941371040533,0.061777777457431585,0.053855497008919985,0.815985416209094,0.7106872046606512,0.5287887722753745,2.3689360409975055,0.5684035343563522,0.9801575204678362,0.6526204376761702
site_948f865f7f081052,88,0.058025719575379504,-0.03417957591488958,0.046890731733668665,0.04972253109145285,0.045778127971199935,0.046890731733669276,0.9206717149414995,0.520433574674984,0.2962946036371711,-3.0078026805102827,0.10424596055144106,0.21756504863636364,0.18441605604818506
site_952481bd3cb76606,468,0.07981890221629774,0.07112849828784283,0.03621869520470388,0.04006566950554013,0.04164671625132485,0.03621869520470504,1.0394613834062127,0.6076676936346194,2.981654746674973,33.288137198710444,0.47453163383672514,0.7512606845299146,0.811722120074595
site_9563943b41248204,316,0.09713080933815699,-0.06713090174220786,0.07019854809013813,0.09019840954496701,0.03229365360986895,0.07019854809013827,0.35802908025522845,0.7296663304821602,2.9812685427685874,-21.21336495053768,0.6716259250444702,2.570897974683544,0.3295501000578479
site_956a5215e9d24ea6,175,0.04019404627086091,0.014996546137673518,0.0372916205006532,0.01670143486442444,0.03617235639969329,0.03729162050065321,2.1658232776600332,0.16280622686204518,0.2827232372342189,2.6243955740928655,0.017212329266326765,0.048814137142857136,0.22897688931362564
site_9573cc360aa7a95d,83,0.14314748451810513,-0.11072891433985836,0.09072105518002677,0.11377192578114367,0.06084816066542653,0.09072105518002734,0.5348257950953255,0.6078627723655899,1.7007697928804755,-9.190499890208244,0.3492739558225296,1.0743562409638554,0.3073073884783415
site_95a6e0674f2876c2,37,0.04056181815570216,-0.0037873526296100103,0.040384614052324866,0.0332113668309311,0.05862931360891645,0.04038461405232507,1.76533877414261,0.7471072702894931,0.06087466040756122,-0.14013204729557038,0.053825273604207746,0.0408108108108108,0.12718366732734898
site_95aa1a90ae6a3184,54,0.11270871696083734,-0.08480548611062542,0.07423802532731227,0.1165631007102502,0.053526646852363864,0.07423802532731374,0.4592074724008856,0.8767725012203631,0.6859757634637397,-4.579496249973773,0.29540089708056155,0.7336956481481481,0.15471550385591443
site_95c50f37760ba8b9,9,0.05819993104734578,0.010075737939940562,0.05732112593870995,0.09212163188810973,0.06193103900467001,0.05732112593871004,0.6722746626969331,,0.030485087765242235,0.09068164145946506,0.04066261728770203,0.07637755555555556,0.034519082329781625
site_960e43f47225dd5e,138,0.05506428536678983,0.02322670006967973,0.04992590436665524,0.06162213300253731,0.02811892253731001,0.04992590436665593,0.45631206138470093,0.6046364423385476,0.41842642216782655,3.205284609615803,0.14458019559930846,0.5240256440579709,0.10911298504297523
site_96144cbf74954033,5,0.09049978368360653,-0.0667859944844246,0.06107243066643068,0.06162381357884304,0.0023845857022629954,0.06107243066643068,0.038695847656557265,,0.040951054233897874,-0.33392997242212297,0.00018334715366363522,0.018987472000000002,2.843124485718551e-05
site_96a5abc509a3a15b,35,0.029232103456703813,-0.014893090933901924,0.025153761447106935,0.022232226287852635,0.007139607922431728,0.025153761447107126,0.32113778575259944,-0.27551871154165847,0.029908055537620225,-0.5212581826865673,-0.0015306519889086486,0.017299516,0.0017840900450117464
site_96e92296d2491d86,411,0.11915341225300537,-0.11024300978343274,0.04521077797853742,0.06056773353189755,0.0368497288707445,0.04521077797853778,0.6084052798729518,0.6681151319022921,5.83518715278074,-45.309877020990854,0.6128705448196137,1.5077330918734793,0.5580979348352735
site_96ea37eab36e72c1,208,0.10083889276736846,0.034206365750500796,0.09485993272552855,0.09320942947555405,0.03937726233184034,0.09485993272552858,0.42246007247762185,0.1689437961496008,2.1150443172661575,7.114924076104165,0.12897660830257318,1.807103530576923,0.32251830806011905
site_971bf07b5c1c6549,83,0.08416424910718324,-0.06758913568847151,0.05015306136878768,0.038328808352425206,0.029545868059228195,0.050153061368788686,0.7708527692163099,-0.07650337083636892,0.5879405287054076,-5.609898262143135,-0.007190858366205755,0.12193509662650603,0.07245554050798564
site_97832a03d9613f37,33,0.05596970007915398,-0.04760660659544396,0.02943158737508191,0.02205277916432583,0.03609058702458069,0.029431587375081936,1.636555046221269,0.5796204414290096,0.10337604178936481,-1.5710180176496507,0.015223513886332512,0.01604872727272727,0.042983505568701466
site_978ff47db3a1c5a1,160,0.09596833345308083,0.013661792044043542,0.0949909283242722,0.09184001834863305,0.04372733195413423,0.07632699551993234,0.47612503503800824,0.562867219171662,1.4735873641218737,2.1858867270469666,0.3616686628003626,1.349534235244361,0.30593272957232776
site_97ad06a1706d85fa,20,0.15764868593487236,-0.08939799815416336,0.12985032192112667,0.13773162309360912,0.029083288017554294,0.12985032192112667,0.21115911774152166,0.36881694192816417,0.4970621635398404,-1.7879599630832672,0.029547315388917927,0.37940000000000007,0.016916752838240345
site_98378de2aa945723,63,0.06522012003643107,-0.01129072085827116,0.06423537716918207,0.07102104202402895,0.030218274386995595,0.06423537716918247,0.42548339936735474,0.4265692180133143,0.2679808356266881,-0.711315414071083,0.057674888366744635,0.3177712698412698,0.057528078736448496
site_9898264bce191dea,842,0.043781080827409315,0.034169386224211534,0.027372177178237218,0.03291723712311613,0.035941554674901316,0.027372177178237672,1.0918764093254156,0.687223537727056,1.6139313183463961,28.770623200786112,0.6845896866612384,0.9123444688479809,1.087691686761991
site_98b84b664f32321c,921,0.06783693106585073,-0.02737845241997581,0.06206665416727492,0.07331291176989707,0.04374978060555146,0.06206665416727492,0.5967540989623537,0.5357191603141676,4.2383031283347785,-25.21555467879772,1.5825343952073143,4.950175172638437,1.7628338820942093
site_99359b775dbc987c,101,0.03500909750571805,0.018837405052515535,0.02950913551855315,0.07322723950169584,0.0817088104827019,0.029509135518553345,1.1158253545910282,0.9332433094711082,0.12378932772465222,1.902577910304069,0.5639723464424656,0.541585089108911,0.6743093007603076
site_9963ae44b09a6e46,127,0.08704431023276209,0.07430182230472564,0.04534259747846727,0.027516644532563424,0.05245967543634964,0.04534259747846735,1.9064706590321514,0.5033660512555854,0.962242416874961,9.436331432700156,0.09228024007239209,0.09616004724409448,0.3495062284546675
site_9978a236cbbfb40f,39,0.03123465001354715,-0.017935716333297585,0.025571731288285177,0.028855235037790413,0.016444555458479948,0.02557173128828518,0.5698985101643861,0.4732599105327242,0.038048531097282456,-0.6994929369986058,0.008758123768541294,0.03247235897435897,0.010546512764853883
site_99e4e71469e203aa,104,0.08893711499034049,-0.05056519056260586,0.07316400704015875,0.08945387484020753,0.03704989766161576,0.0731640070401595,0.4141787902178459,0.606730079442899,0.8226202839717247,-5.25877981851101,0.20912937315354266,0.8322075552884616,0.1427602713405649
site_9a39d33121ec563e,282,0.07282031171722732,0.06180268905517902,0.03851266576261643,0.06992849898340395,0.07917770808045106,0.03851266576261644,1.1322666613971253,0.8737824159836596,1.4953889792035513,17.428358313560484,1.3642989393950882,1.3789785815602835,1.7678888668382213
site_9a5b564ee1a1517d,676,0.09406403734195933,0.0849398772968343,0.04041361609492835,0.022137521158280847,0.05041669271882836,0.040413616094928356,2.2774317123563446,0.6265798887762287,5.981277149842995,57.41935705265999,0.4727445050720059,0.3312872138905325,1.718285803580418
site_9a64702d11a0ca56,5,0.05152245190360666,0.04842303541898728,0.017600360535255103,0.08368385746367096,0.09778913220800219,0.01760036053525517,1.1685543087023043,,0.013272815250797307,0.24211517709493638,0.04063982421755791,0.035014939999999994,0.04781357188997065
site_9a99fb7f0cd8cd33,110,0.05654028451696715,0.030764343663128937,0.04743794822962408,0.05151657019793416,0.05859656824716975,0.047437948229624105,1.1374314715058322,0.6355655130262381,0.35164841505855554,3.384077802944183,0.21104357356870712,0.29193527054545454,0.37769135913797447
site_9aa6317ba764d9b9,127,0.08345938597047955,-0.042932614963824355,0.07156996352477403,0.08380242567905238,0.04575102864283641,0.07156996352477403,0.5459391929543219,0.5208260759003612,0.8846145765343238,-5.452442100405693,0.2536027117822114,0.8919015118110234,0.2658308909784599
site_9b62f4534e47f978,173,0.03078496610377888,0.0016197116933117015,0.030742327043367487,0.02586992559360872,0.04187989185166729,0.03074232704336751,1.6188640241784809,0.6821336625199105,0.1639545458758709,0.28021012294292436,0.12785458775273809,0.11578077768786128,0.3034290840807712
site_9bb3648a2ef66eb2,76,0.11178611220067433,-0.09551581300089232,0.058076366516168314,0.08224655942588797,0.050574961788334906,0.05807636651617017,0.6149188749215435,0.7151451108860204,0.9497062509515729,-7.259201788067816,0.22607944008355077,0.5141017368421053,0.1943948337517567
site_9c2d82de18c716a5,41,0.06044458759016031,0.0036792847121634126,0.06033250395061854,0.030425028051675986,0.07037310196105774,0.06033250395061861,2.313000396960396,0.5226381332762506,0.14979547492672704,0.1508506731986999,0.04587991796161344,0.0379529756097561,0.20304731266447856
site_9c3923563de1bc2a,115,0.07357515750706609,-0.002028685871414516,0.07354718373822824,0.09790331483060424,0.06603863537488677,0.07354718373822923,0.6745291054664404,0.6602043532741382,0.622529937251802,-0.23329887521266934,0.49087590041743673,1.1022817913043477,0.5015266566503833
site_9c3f2a2a90bf94af,109,0.10217655104500073,0.014017946523482648,0.10121039847128564,0.11898262064189698,0.04332631083261983,0.10121039847128578,0.3641398264627185,0.5616295679871236,1.1379651865962286,1.5279561710596086,0.31558162142217433,1.543098177614679,0.20461144392976216
site_9c51efef96062ac3,183,0.06404082004973308,0.03020896806788575,0.05646808727870773,0.04056002971683276,0.07919561641420228,0.056468087278707876,1.9525532147560392,0.7360144605503056,0.7505244737735399,5.528241156423092,0.4326501361880146,0.3010562299453552,1.14776605563826
site_9c5e0ec7dff35c9c,35,0.08047725350130158,-0.05313666151932308,0.060440743986930265,0.0971756835293056,0.04946574270131574,0.06044074398693035,0.5090341627120964,0.8567835372542335,0.22668059158894652,-1.8597831531763078,0.14414556864202022,0.33050897142857144,0.085640089534747
site_9ca12fe149def76c,9,0.12647624414293912,-0.09361306533018748,0.08504607181986946,0.1385913345945242,0.05608096880229698,0.08504607181986948,0.4046498936342068,,0.1439661629925391,-0.8425175879716873,0.06803909439527327,0.17286802222222222,0.028305675556237864
site_9cfda7361157a69e,189,0.08077252511051626,-0.041326715174175445,0.06939959240256066,0.059035941175169866,0.020364625903724683,0.06939959240256093,0.34495301503366077,-0.38109669662574613,1.233073953605777,-7.810749167919159,-0.08659442172195546,0.658710804232804,0.07838169976954568
site_9d73848123a6a95b,64,0.066536175951906,-0.049140656776726244,0.04485820506724475,0.09160607831352881,0.05457291850434843,0.04485820506724484,0.5957346882328969,0.9359095234761047,0.28333201345939163,-3.1450020337104796,0.29944379059877246,0.5370671093749999,0.19060501978126432
site_9dbd78e6c2f64c18,70,0.09542836636001817,0.03543206874677113,0.08860666797970644,0.08824986956109918,0.040641813153002915,0.0886066679797082,0.4605311413504678,0.22146872655441327,0.6374601174299294,2.480244812273979,0.05560291952069316,0.5451627634285714,0.11562298834545204
site_9e0c7cff2a642903,104,0.06687963989910563,-0.012121910125017165,0.06577192051289858,0.10147441161700693,0.0625320898539292,0.06577192051289918,0.6162350572668798,0.7786240431434208,0.4651801682355404,-1.260678653001785,0.5138313932212499,1.0708938461538462,0.406667275195987
site_9eb9cb71933abd8d,145,0.051258087835885494,-0.0074332245321109365,0.050716257173085796,0.08314258629109642,0.06779050384705108,0.05071625717308601,0.8153523587744184,0.7927309136785545,0.38097177744574606,-1.0778175571560857,0.6478674910888076,1.0023399999999998,0.6663550997163719
site_9f1083ed35aa92f7,172,0.08190209974544703,-0.00653386346129484,0.08164105934505204,0.09758096650647338,0.04141877577680145,0.08164105934505206,0.4244554779446029,0.5656425942542934,1.1537680781466626,-1.1238245153427124,0.39321757985755457,1.6377917441860466,0.2950685777380202
site_9f57a1eb8c53e14d,1084,0.07178460116889382,-0.04855155571866299,0.05287509245641765,0.09429068800350454,0.0582685696559499,0.05287509245641796,0.6179673824607601,0.8636574127826121,5.585883398035232,-52.62988639903069,5.143680081194177,9.637555487084871,3.6804252113693092
site_9f76ab7d5518980d,176,0.03445270664379366,0.025086524782025,0.023614725690639493,0.0101610418606664,0.025464064453843464,0.02361472569063959,2.5060485728747346,0.37491113157831735,0.2089100631346614,4.4152283616364,0.01707288710684092,0.01817143181818182,0.11412166981767101
site_9ff0a0ccad22ddc6,126,0.06011189638381338,0.043863632207351996,0.04110257724810535,0.03366192538252311,0.058869801246788915,0.041102577248105676,1.7488542493577461,0.7340666218097781,0.45529345094414786,5.526817658126352,0.18328948236008488,0.14277377777777778,0.4366723408533902
site_a08eaaa4540846cf,142,0.146095460105786,0.06961752742579286,0.1284417507613482,0.15446513454537567,0.0759000442346828,0.12844175076134823,0.4913733086632984,0.5596686837664645,3.0308314518200263,9.885688894462586,0.9317337928078334,3.3880458461971834,0.8180359735054065
site_a0a221a9f908364b,38,0.12914770510860615,-0.1257179511016921,0.029565630478852547,0.04444991586916249,0.03705638758497154,0.029565630478852627,0.833666090483643,0.7512489457217516,0.6338069299231409,-4.7772821418642994,0.047022043144212745,0.0750802107894737,0.05218068271221005
site_a0d01f20e2427c2c,13,0.09252770861785961,0.07380899609877513,0.055799721835888466,0.051998571896639055,0.02462040343956442,0.05579972183588847,0.4734823004082496,0.0767078686568771,0.1112978992069299,0.9595169492840767,0.0012766441210531284,0.03515006923076923,0.007880135451849901
site_a1da79e1324e0f0b,139,0.14705001698956652,-0.09141373350294374,0.11518349197556296,0.13415239849301042,0.04616603106235545,0.11518349197556305,0.3441312386581055,0.5539009552828418,3.0056953420318204,-12.706508956909179,0.4768347477146297,2.5015643769784175,0.29625103694300114
site_a2c2e8340755d8a7,83,0.11556785561965333,-0.09530523292415113,0.06536697812962089,0.07214866669569184,0.054715365970097796,0.06536697812962271,0.7583697450831058,0.4973045731990422,1.108542127959578,-7.910334332704544,0.16294392130048155,0.43205069879518077,0.24848301567906406
site_a2dd98acaefee6f4,468,0.0754815008448208,-0.043392112469189184,0.06176229873675299,0.11316568063045708,0.07761895323447116,0.06176229873675331,0.685887742662337,0.8547888595526779,2.666409861860168,-20.30750863558054,3.5138824410740703,5.993428555555556,2.8195604897686297
site_a30a3623711ec917,255,0.05890788847474169,0.036710020526016456,0.04607074687404204,0.08265392840056748,0.06374333427060899,0.046070746874042064,0.77120755787539,0.8325085642073716,0.8848855277609142,9.361055234134197,1.1184772803722058,1.7420763294117647,1.0361192293033215
site_a3440058322ffd4e,564,0.05348003249014424,-0.006966858741345136,0.05302430343177576,0.08660177681475399,0.07505059757861415,0.05302430343177578,0.8666172951526336,0.7939733217838896,1.6131042255828425,-3.9293083301186567,2.9104890595671744,4.229925409574468,3.176781999055596
site_a3ad14b1dd64a3e4,55,0.05759103839842589,0.037366088599291726,0.043823545344926704,0.03915664055014876,0.020331539486886416,0.04382354534492677,0.5192360529715866,0.016398935820599553,0.1824200237094931,2.055134872961045,0.0007180489382418733,0.08432833745454547,0.022735432384875187
site_a3eb3ebe590ad832,109,0.052358496399359904,-0.009639427230664348,0.05146351705690654,0.08305922673122955,0.06207074101554924,0.05146351705690677,0.7473069935553732,0.7858639700664534,0.2988139238269944,-1.050697568142414,0.44161995539107457,0.7519730308256879,0.4199526810339132
site_a3fe6dc1994cbcf1,17,0.028369411278629828,0.0035984232720206767,0.028140270898685912,0.010772674646119317,0.037496322922825336,0.028140270898686252,3.480688329924897,0.9037947481702121,0.013681999437032837,0.0611731956243515,0.0062062741968561645,0.0019728588235294136,0.02390156195645754
site_a408c1f09c2d83d9,411,0.04304091999843972,0.02510210032271643,0.03496291397610285,0.06415030831891186,0.06909451485102236,0.03496291397610289,1.0770722177597534,0.8648643094262847,0.7613860464622682,10.316963232636452,1.5755497350159968,1.691372705596107,1.9621353648067392
site_a4122f0bf308f22f,156,0.0738529497022617,-0.02097051129631507,0.07081310497143815,0.08344417791794924,0.05240234035610243,0.07081310497143828,0.6279927691016348,0.5367933139148332,0.8508642760370683,-3.271399762225151,0.3661663408652521,1.0862172092307691,0.42837682286830103
site_a42d63e8b2f931d6,6,0.09761291068065689,0.09306261557340623,0.029455558290181993,0.05116530942825313,0.03303638161183067,0.0294555582901821,0.6456793085196941,,0.0571696819892994,0.5583756934404374,0.008524984454115233,0.015707333333333334,0.006548415060015023
site_a44b748575c17771,8,0.06204153092801873,-0.05300041157901287,0.03225070436978925,0.08129236972188718,0.06568407725238992,0.03225070436978931,0.8079980627592054,,0.030793212479138438,-0.42400329263210296,0.039530957788601516,0.05286759499999999,0.034515184035983415
site_a4e51d06a4c9f574,191,0.08837203999207408,-0.06539121148068244,0.05944414953087818,0.10123671820061593,0.06214760665332005,0.05944414953087823,0.6138840507469349,0.8406095445796234,1.4916369334009012,-12.489721392810345,1.0101599606808023,1.9575347643979057,0.7377040774325361
site_a507f74864d36b32,315,0.07870278349907861,0.0680958633059547,0.039459872416412745,0.035634029896598925,0.04350422257404319,0.039459872416412946,1.2208617072018408,0.5177680544843365,1.9511503611083945,21.45019694137573,0.25283789012853114,0.3999819873015873,0.596174475258145
site_a55a51839f39337a,11,0.10442978515076937,-0.07887877144163305,0.06843770483070326,0.07161541571892913,0.03721403540320304,0.06843770483070327,0.5196372181829947,0.34331426726942843,0.11996138029299434,-0.8676664858579636,0.010064630164002835,0.05641644545454545,0.015233728740899344
site_a5c2bfa9bb36639b,60,0.029546384376463532,-0.00021698281566302004,0.029545587626233383,0.03696011495142057,0.034072786976672216,0.02954558762623362,0.9218798973286912,0.6567213302257395,0.0523793297833037,-0.013018968939781203,0.04962189484201372,0.08196300583333334,0.06965728874146104
site_a5c5f553e4031a41,74,0.061373671955903104,-0.03594504727302371,0.04974616754978114,0.06764229381344765,0.04855124720358431,0.04974616754978115,0.717764647921092,0.6787245007978977,0.2787378430919597,-2.6599334982037544,0.16494682626466492,0.3385855135135135,0.17443454677174292
site_a61c8cdc86211521,39,0.04065365892962555,0.014093752896174405,0.03813248108460685,0.048476893510937175,0.033915653163619906,0.03813248108460685,0.699625134930892,0.6222744589437781,0.06445607939028661,0.5496563629508018,0.03990079509619718,0.09165035897435898,0.04486058965108347
site_a62049e3761071cb,301,0.0886917813234639,-0.012540616514833267,0.0878007119091698,0.07052363150459924,0.05126355022172316,0.06358065499801895,0.7268989008085889,0.49221954440028926,2.3677358543730715,-3.7747255709648133,0.5356346910391556,1.4970483627795472,0.7910134259818749
site_a637aa5eb6fad085,105,0.03919513269196953,-0.00738604716800508,0.03849291797166204,0.08638912860973952,0.06784365837109806,0.038492917971662204,0.7853263421324678,0.9029364361988971,0.16130713480781536,-0.7755349526405334,0.5556672864304413,0.783623561904762,0.4832900080232976
site_a6a5e3eb9fd3c985,371,0.12958811925836225,0.11151384442289564,0.06601320439840612,0.07615413085282056,0.03706520908421748,0.06601320439840615,0.48671304719965397,0.4987369103894053,6.2302329222331405,41.37163628089428,0.5222823389677427,2.1515965606469,0.5096908277734573
site_a728723d09857d1a,33,0.059793416361295704,0.04921334315899647,0.033960263474686406,0.024269744454109284,0.04712904248319635,0.03396026347468648,1.9418845786493886,0.7242758458296423,0.11798333712512372,1.6240403242468835,0.027338316158679397,0.019437676363636358,0.07329783929763656
site_a73a8fe0a0e90dac,39,0.06515539637306102,-0.03440489273957718,0.05533108558585203,0.06957946374576286,0.04233277469942338,0.055331085585852965,0.608409039398515,0.6063226185723117,0.16556380138469703,-1.3417908168435098,0.06965081285742612,0.1888107692307692,0.06989048873633347
site_a7fe1c93212d2f37,55,0.06792672489935997,0.051072557764486846,0.044784303041874904,0.023507600037097197,0.04832822384427201,0.044784303041874904,2.055855287992204,0.3884366629397801,0.2537721975554332,2.8089906770467765,0.024271243713741952,0.03039339927272727,0.12845894709681338
site_a85957854004ad6e,10,0.031234872907957505,0.022475420709848405,0.021690383802311454,0.06983379124750425,0.08934507833793609,0.021690383802311464,1.279396073761485,0.9928050946654267,0.009756172855762578,0.22475420709848407,0.0619441433686018,0.048767584,0.07982543023211935
site_a85f5d6458d2ef6d,586,0.04300317577674778,-0.03831634188735852,0.019522578499187097,0.02767898461990064,0.0173530884769625,0.019522578499187117,0.6269409342597766,0.7142433159261686,1.083674052355118,-22.45337634599209,0.20103456582017115,0.44894994709897607,0.17646199229792314
site_a8a04a98a04fa26e,41,0.04172739220993933,0.04005088549241787,0.011709049146507909,0.016992422988626146,0.018434152956218475,0.011709049146507914,1.084845461330462,0.784473809026182,0.07138818568632634,1.6420863051891328,0.010074901347607374,0.011838440000000002,0.013932537803743594
site_a8d2970296172e46,359,0.08011772668743507,0.07221611517136475,0.03469413263246001,0.03795450487386244,0.05299422571436359,0.034694132632460115,1.3962565416275083,0.7570089462792965,2.3043671965129535,25.925585346519945,0.5466222960498381,0.5171554540389972,1.0082112773043044
site_a8f474364dc17adf,217,0.09875162856181245,0.0012077868859339431,0.09874424233568427,0.09616026139465322,0.04435587250823318,0.08558150225143,0.46127029882116666,0.45601376664794474,2.1161588591634075,0.2620897542476657,0.42206996602798186,2.0065547041129035,0.4269352234347601
site_a92160c2510cdbec,2,0.0630839504739053,0.06304979258775711,0.0020756835103034887,0.0028499999999999914,0.0007743164897323479,0.0020756835103168604,0.2716899963973159,,0.007959169614788274,0.12609958517551423,4.413603991270052e-06,1.6244999999999903e-05,1.1991320525428506e-06
site_a9455c71e74fd72a,25,0.0593222401239174,-0.03407567938327789,0.04855899759970099,0.05586589657384906,0.026031357560076886,0.048558997599701136,0.4659615106269004,0.49532017913284204,0.0879782043329929,-0.8518919845819473,0.01800817160665989,0.07802496,0.0169407894105143
site_a963d86424b18502,34,0.02304960064759795,-0.010836875635034897,0.020343210574649592,0.03380066759337433,0.036978873405814905,0.020343210574649592,1.0940279005928149,0.8384903601406879,0.01806365906046743,-0.36845377159118653,0.0356332918578211,0.038844494411764706,0.04649286066435168
site_a98119a935505c9a,155,0.09977509526057,-0.06673713087035764,0.07417024334224999,0.08767248057489926,0.060852421626522615,0.07417024334225,0.6940880562234798,0.5518429931778475,1.5430357933096521,-10.344255284905433,0.4563398454652679,1.1914018967741937,0.573967668760872
site_a9866d1cfd06e947,48,0.08035643259615362,-0.07623539169679085,0.0254031752428127,0.03329338172209389,0.035056805181236175,0.0254031752428127,1.052966186308796,0.7248826759207779,0.30994350045984864,-3.659298801445961,0.04061058104618763,0.05320556479166667,0.05899102029672709
site_a9bff24a5451b631,238,0.061346959201988356,0.030874681008463148,0.053011352330949536,0.08511124328900126,0.06417316735796774,0.053011352330949585,0.7539916570136711,0.7828760445284153,0.8957009579926409,7.348174080014229,1.01767796437267,1.7240538487394956,0.9801305072833896
site_aa2ce12749046dfc,311,0.0441360564994989,-0.013338194431024351,0.04207236685340094,0.061349676260487075,0.034098949744745866,0.04207236685340138,0.5558130347740345,0.7544211674689014,0.6058253513146843,-4.148178468048573,0.4908259687878407,1.1705364437299037,0.361611634219053
site_aa4df3fb16db7e70,50,0.24979562919472853,-0.2439869972884655,0.05355559278869609,0.060289336536405835,0.02732011079023171,0.05355559278869643,0.4531499658108596,0.4592862016567448,3.119892818239516,-12.199349864423276,0.03782477586604655,0.181740205,0.03731942267952676
site_aaad533d86c5f947,240,0.062238469344622606,0.04640492297957341,0.04147541669014777,0.06253393523164487,0.046603261422022084,0.041475416690148745,0.7452475403857012,0.7484076446086179,0.9296704959267668,11.137181515097618,0.5234576209324101,0.9385183333333333,0.5212473540406396
site_aae8b0a4c0119c59,105,0.039154725560909126,-0.034254817899181736,0.018965758209046366,0.026049419211756745,0.025531195678878828,0.018965758209046633,0.9801061386948686,0.7297803951472401,0.16097471604376162,-3.596755879414082,0.0509624960049987,0.07125008533333334,0.06844340504328611
site_ab53cfe255b5cc4c,78,0.07132366430414647,0.05651627341447734,0.043508343212660054,0.06189138383090922,0.044257486832890186,0.04350834321266032,0.7150831681806333,0.7112210900744149,0.39679107700210503,4.408269326329233,0.15195541156215164,0.2987823846153846,0.15278056097954895
site_abdcb41ac727b4e7,485,0.10498853041904195,-0.07708435527442659,0.07127828344928125,0.10308204768842254,0.07740741247026185,0.07127828344928286,0.7509301008865749,0.7229457021957522,5.345956886981797,-37.38591230809689,2.7977764246045163,5.153565649484536,2.9060751400905067
site_ac16cbbd2f795846,35,0.05937117442570868,-0.025676565539836882,0.05353176939693275,0.08583817713034932,0.05068343266856234,0.0535317693969328,0.5904532733913624,0.8126920177920357,0.12337277234407736,-0.8986797938942909,0.12374867164386172,0.25788674285714286,0.08990836214740422
site_ac240db4268c6c54,61,0.0905080799427141,-0.07600931013900725,0.049135499459239604,0.08956919197188941,0.06418389690611713,0.049135499459239666,0.7165845252490471,0.8460675809120822,0.4996944646299204,-4.636567918479442,0.296701421696021,0.4893810491803278,0.25129392994535943
site_ac2a9b93fc2413dd,121,0.049909379121910166,-0.007747919625487208,0.04930431893669714,0.08492078616061244,0.07468594515304448,0.049304318936697185,0.8794777878267568,0.8166176948272829,0.3014044810444821,-0.9374982746839522,0.626696174813573,0.8725963305785124,0.674936838811832
site_ac6e3a81298a7ce5,53,0.0993161750754298,-0.0654475470196526,0.07470154764610827,0.06493906007692062,0.047739116918960496,0.07470154764610874,0.7351371711018497,0.1477006751680187,0.5227762394755113,-3.4687199920415877,0.024268265059534097,0.22350532075471696,0.12078823406271555
site_acf798671ee3a747,30,0.10843444564964952,-0.07541723368287087,0.07791193661416744,0.11309052760215302,0.04586493230354458,0.07791193661416743,0.40555945114072844,0.8504894661994247,0.35274087010040384,-2.262517010486126,0.13234184372358027,0.383684023,0.06310776045626182
site_ad04b63315ba2272,10,0.02139537226908695,-0.003907185258865358,0.021035585513261096,0.0352938649059578,0.0251197470049526,0.021035585513261307,0.7117312618463681,0.8088238649484375,0.004577619545328149,-0.039071852588653574,0.007170813658535481,0.012456569,0.00631001689592825
site_ad53cb9b838bb8cd,636,0.04103066870727696,0.011730895699663731,0.03931795850053672,0.01997911936331535,0.03562490908280332,0.03931795850053686,1.783107074689988,0.08598296854121729,1.0707160326241776,7.460849664986133,0.038922404059249946,0.2538690738993711,0.8071693175924899
site_ae3ed38eaa09b85f,486,0.03363687241487201,-0.0009317492372337185,0.03362396510248742,0.04645377373304071,0.02487466809359683,0.03362396510248747,0.5354714180282942,0.7122888564522726,0.5498794443252275,-0.4528301292955872,0.40000987615530603,1.0487652037037039,0.3007120688045697
site_af194bfb42414cbb,864,0.06499747100319012,0.05061156041486948,0.04078162808401054,0.04457700989190736,0.05262877438221,0.04078162808401072,1.1806259439524316,0.6593590099057244,3.6501159486043067,43.72838819844723,1.3365028143478939,1.7168628766203704,2.393096739529159
site_af687448e37c8c15,597,0.06121792644868325,0.012340807624598044,0.05996114563489472,0.09347797865726644,0.06297536983819187,0.059961145634894915,0.6736920368067515,0.7736524777102809,2.237337807649806,7.367462151885032,2.718944178205514,5.2166650988274705,2.3676406321354566
site_afb9454fdc863c14,194,0.08127785761537923,0.012976035876310982,0.08023535773885818,0.10937564938938447,0.05198202670058452,0.08023535773885941,0.4752614223621668,0.7235381982479181,1.2815814868778965,2.5173509600043307,0.7980627613334081,2.3208283397938145,0.5242134333806547
site_b019e673dfa447d5,669,0.10147593839793381,0.08925537899834159,0.04827880894972099,0.05393584758916921,0.074535834669972,0.04827880894972291,1.3819349839037192,0.7628841828509973,6.8889379033329,59.71184854989052,2.0517637638993067,1.9461716133034381,3.7166901448161482
site_b04900ecbfac7c98,10,0.08123625057543135,0.07493839892268181,0.03136183627371448,0.06557104238915223,0.06580874068987833,0.03136183627371647,1.0036250499010735,0.8860400226626267,0.06599328407554271,0.7493839892268181,0.03823393588364123,0.042995616,0.04330790351187647
site_b050cd10feccfd77,44,0.048762103489848,-0.021275913619182327,0.04387571351469669,0.03862411570572958,0.034979756581413474,0.0438757135146967,0.9056455000269302,0.2924837465913069,0.10462068041720445,-0.9361401992440225,0.017387203858657316,0.0656401818181818,0.05383766830177733
site_b07ebc840452ba9d,7,0.03497595751599499,0.008338421542303904,0.03396745987476145,0.11753381102769482,0.09022560999018628,0.033967459874762046,0.7676566360034573,,0.008563223229124808,0.05836895079612732,0.07280374185858028,0.09669937714285715,0.05698462488670841
site_b0b863b5597ced77,64,0.08968112517680962,-0.08388064582832158,0.031729189532704365,0.05769357489343483,0.046599143734013096,0.03172918953270508,0.807700750388338,0.8356584460955802,0.5147330696306303,-5.368361333012581,0.14378519399440845,0.21302710937499994,0.13897473259156556
site_b12672b82d8e070e,371,0.09595066545693508,-0.006804476681905938,0.09570908681370893,0.13394413567023197,0.0753941166230103,0.09570908681370917,0.562877323786905,0.7161921112862198,3.415622704804238,-2.524460848987103,2.6832714130742086,6.656122679245283,2.1088652167260724
site_b18fe53daa1d7307,44,0.11480917075634117,-0.09622759299630466,0.06262105106029629,0.0750882776613551,0.03157480321916629,0.06262105106029632,0.4205024299740538,0.5723194486821416,0.579970410349383,-4.234014091837405,0.059704075300795106,0.2480829754545455,0.04386660072647924
site_b2267c975c71dbb8,491,0.10303449844551647,0.03858422459422207,0.09553724657107177,0.1117896625758952,0.026391863545478594,0.09553724657107242,0.23608500944853353,0.6890895718885888,5.212508964130296,18.944854275763035,0.9982259880931035,6.13599197148676,0.34199645654895255
site_b2271a910bc63599,20,0.05798016416732746,0.04664306944131851,0.03444014387255927,0.048808088212918155,0.03681725998507748,0.03444014387256007,0.7543270251534451,0.7099735372776498,0.06723398873740485,0.9328613888263703,0.0255161659784615,0.0476445895,0.027110212656175747
site_b2c81cb18e128f03,52,0.024277080779542066,-0.012938872837791075,0.02054171903380735,0.032330516834516924,0.028806625147561157,0.020541719033807408,0.8910041647341199,0.7801300000212543,0.030647585861173356,-0.6728213875651359,0.037781165508195186,0.054353640576923073,0.043150725924389344
site_b2da63ab5c4ee3dc,2,0.06487292567715675,-0.06436503434181214,0.008101780056953431,0.0165,0.00839821994304657,0.008101780056953431,0.5089830268513073,,0.008416992971827807,-0.12873006868362427,0.00027714125812053683,0.0005445000000000001,0.00014106019642357026
site_b2eaf44be71ff0ae,155,0.046982022333202644,0.005352728858301717,0.046676104339233956,0.07791314997229684,0.06230142553633605,0.04667610433923396,0.7996265785491696,0.8006908950853238,0.3421331154902205,0.8296729730367661,0.6024282580788096,0.9409211354838709,0.6016274816982421
site_b30a47c3dfe5fc92,477,0.07018613276575225,0.047121379149285006,0.05201604425252973,0.06429340664426855,0.07018221984310245,0.05201604425253134,1.0915928009759437,0.7040292125570669,2.3497464719558296,22.476897854208946,1.5153138665933654,1.9717472997903562,2.349484479464354
site_b33e3bea3571d4bd,118,0.0863115337799438,-0.06638358982629694,0.05516248603190708,0.08425870736789311,0.04513876215029125,0.05516248603190718,0.535716290462479,0.8011573726594067,0.8790623418866729,-7.83326359950304,0.35955412728235886,0.8377445125423729,0.24042592611834673
site_b4081a628b4563f6,155,0.10115250310472966,-0.0775346671712014,0.06496309930263003,0.07336472668625012,0.04387686850692806,0.0649630993026308,0.5980649078755634,0.4795502588545834,1.5859334770746134,-12.017873411536218,0.2392702791557197,0.8342693838709678,0.2984028364460096
site_b419a77ce9d11fde,169,0.07534020370777979,0.051995377129704284,0.05452180345393555,0.07070852911122187,0.047527535888282,0.05452180345393632,0.6721612864202416,0.6376737720222247,0.9592687238093285,8.787218734920025,0.36216156705684915,0.8449486390532543,0.3817484668264168
site_b42936ae6e6a0d03,186,0.06715289702201513,-0.04372375093064001,0.05096808004040102,0.07487274362083088,0.04810984666221911,0.050968080040401986,0.6425548782592512,0.738835115637211,0.8387691535915826,-8.132617673099041,0.4950148107156318,1.042702559139785,0.4305076663303758
site_b436f4a91f17ee10,151,0.1211824133271508,-0.034557655516760245,0.11615053054109285,0.12606925764110985,0.0594381725233192,0.11142533731401215,0.47147237665605984,0.46779947998940935,2.2174617722686545,-5.2182059830307965,0.5293114951061009,2.399912116049261,0.5334673492896904
site_b491b5d705afd5f5,391,0.06706134362153714,0.04519716370471603,0.04954230718663574,0.04204957950480631,0.04859870923463945,0.04954230718663588,1.1557478054943346,0.4099623544412859,1.758414509055419,17.672091008543966,0.3275722682508819,0.6913533503836315,0.9234773048557545
site_b4a169fed07d4305,259,0.050892662822461014,-0.024446965857592328,0.044636408788324596,0.061761847544239926,0.06742559985060449,0.04463640878832459,1.0917030906872986,0.7646282740687291,0.6708263504526227,-6.331764157116413,0.8246985197416488,0.9879621853281854,1.1774687824403833
site_b4d57a535cfd4a12,156,0.04021715176665728,-0.017109339855802364,0.036396288078882406,0.05214215258565391,0.05566885101393912,0.03639628807888257,1.0676362262277512,0.7739595856530164,0.25231741021068577,-2.669057017505169,0.3504645505574269,0.4241334358974359,0.4834472718210954
site_b5639796f8098e20,328,0.06989561177030315,0.04096566214794065,0.05663224407990313,0.08939263547860543,0.06926648638958645,0.05663224407990417,0.7748567431616241,0.7737251117309183,1.6024100666763406,13.436737184524535,1.5713952485871752,2.621062195121951,1.573693532856875
site_b582b14f96e98786,39,0.07987051578970845,-0.055596507191658005,0.05734394196950524,0.06014136316583706,0.023049646423619608,0.057343941969505305,0.38325779813239785,0.31017134374245675,0.24879267240804862,-2.1682637804746623,0.01676887062039131,0.141062358974359,0.020720161809901327
site_b61ae4423402851d,358,0.062291822460603996,-0.0024402328221824576,0.06224400701462712,0.07382807372468785,0.035030225381844776,0.062244007014627366,0.4744838056113443,0.5419862168535269,1.3891370700759,-0.8736033503413199,0.5018058704225211,1.9513092402234635,0.4393077751284175
site_b67b52a6713d2819,119,0.07795775649291328,-0.004338424782192005,0.07783694410636652,0.11061508376292459,0.05524519086430394,0.07783694410636652,0.49943632445922126,0.7551310242060266,0.7232120038915952,-0.5162725490808486,0.5491337111008266,1.4560479139495799,0.3631917025223712
site_b69cf9ad02aa761c,62,0.07201695277270444,-0.023571560437640835,0.06805015080953596,0.09497987628473452,0.043085878750205746,0.06805015080953634,0.45363165794237453,0.7632333771109435,0.3215593721732884,-1.4614367471337317,0.19364915146774825,0.5593129677419355,0.11509636275600071
site_b708e7aad1210ce8,162,0.1766816710676004,-0.14501777107664096,0.10092699818781245,0.11452000377685578,0.05560731603274311,0.10092699818781255,0.4855685836432117,0.472723307272861,5.057058888380839,-23.492878914415837,0.48768041775531057,2.124602664938272,0.5009321226111898
site_b72a5ec99205d5b7,153,0.05899845561492524,-0.04239376677562988,0.04103152816456881,0.061489892484022216,0.059162861200634256,0.041031528164569,0.9621558732763661,0.7693500457138818,0.5325651180367844,-6.486246316671371,0.4282213510511066,0.5784940522875817,0.5355373542531637
site_b756906d27dccd10,62,0.1796200831960219,-0.16554823880618616,0.06969329175405461,0.07280918320657881,0.05299630182420739,0.06969329175405477,0.7278793620557855,0.42147612375462795,2.0003292058154414,-10.263990805983543,0.10083153777281122,0.3286729838709677,0.17413369643663423
site_b7a18627a594b786,48,0.09170961586632047,-0.07198713132912914,0.05681994865670659,0.07420451114875962,0.03274817900644341,0.05681994865670658,0.44132329018100164,0.6893332949852832,0.4037113748327068,-3.4553823037981988,0.08040590730512825,0.2643028547916667,0.05147727495542692
site_b7a3262e8a713a7b,102,0.05645677094343571,-0.02995434427699622,0.047855033635917026,0.07305809270471093,0.03980925630414942,0.047855033635917206,0.5448986529808825,0.7963444037030587,0.3251114325066758,-3.0553431162536144,0.2362400351950862,0.5444234607843139,0.16164724252392498
site_b812626cb80e0341,68,0.09625223184449627,-0.061089194303049765,0.07438146593373172,0.11366791593258296,0.04528290876068723,0.07438146593373222,0.39837898310324227,0.9168391589308501,0.629985465183173,-4.154065212607384,0.32090337177037315,0.8785868676470588,0.13943684415635327
site_b843de06c1a6a47d,69,0.13479456833635314,-0.11140041443195896,0.07589152335650909,0.07980383758425219,0.02612766063655475,0.07589152335650921,0.3273985490856966,0.3097672814511391,1.2537007200558805,-7.686628595805168,0.04456654200186764,0.4394370220289855,0.04710317087338911
site_b87223f545f36d24,58,0.2941037518904209,-0.2900342770806674,0.04875587138301261,0.04813199869581796,0.025250493609385916,0.048755871383012656,0.5246092889049266,0.2374371736121671,5.01682697880929,-16.82198807067871,0.016737110217994657,0.13436797931034486,0.03698007079602306
site_b87cd5aaea8e51ba,65,0.06469655486044956,-0.030606179674772114,0.056999175226723466,0.07075796900360265,0.039070321385849996,0.05699917522672347,0.5521684968637346,0.5940008583282529,0.27206687370272536,-1.9894016788601874,0.10673891196090442,0.3254348615384616,0.0992218508575845
site_b881d34c09ab42e7,66,0.1224552223767626,-0.10585578814347586,0.06156162444141592,0.06640967428998663,0.03945090125660268,0.06156162444141606,0.5940535272667519,0.415429401794488,0.989688578164597,-6.986482017469407,0.0718338998980143,0.2910761593939393,0.10272065825724219
site_b904064dea358149,1211,0.12649967777132698,0.10658394158191666,0.0681324582934752,0.06765767789582397,0.07658916906916756,0.06813245829347592,1.13201001646991,0.5597842036048837,19.378626024738214,129.07315325570107,3.5127660610901854,5.543426829066887,7.103605891452401
site_b9048e7e348a00c2,124,0.03478878495429041,-0.014930503018056191,0.0314219610817606,0.04441798252471714,0.05273928952112419,0.03142196108176062,1.1873409489450928,0.8040412079626823,0.15007218526588698,-1.8513823742389677,0.2335571119371922,0.24464668927419353,0.344897649739927
site_b9661fa344baf0d4,144,0.09477906999767395,0.08994937217069997,0.029869425098600154,0.03914794666895138,0.04799024736283116,0.02986942509860024,1.225868824453383,0.7833640914463738,1.293562383785853,12.952709592580796,0.21192789705263243,0.22068888888888885,0.33164119324018415
site_b969a6c48312ad74,9,0.18819286401008964,-0.18592805944813623,0.029108603095483902,0.02736668696710574,0.02849624040730551,0.02910860309548409,1.0412747601329118,,0.3187489865788808,-1.6733525350332261,0.0032114722443123637,0.006740419999999998,0.007308321456158562
site_b9eaf91685021861,238,0.05295272519999557,-0.008345717414211827,0.05229091801592669,0.0647945061807904,0.027988702330167953,0.052290918015926696,0.4319610408338254,0.6196134138775952,0.6673498832532865,-1.9862807445824147,0.26743529050451303,0.9992020714285714,0.18644145503416626
site_bb41a05397abcbe3,238,0.07836418758973474,0.07174566613713734,0.03151991889484428,0.03927229290354515,0.039215001715225156,0.03151991889484477,0.9985411804586835,0.6774476163640688,1.4615451233905943,17.07546854063869,0.24830826341243414,0.3670704915966386,0.3660002935669766
site_bb59973d2df99f1c,65,0.04443876968063931,-0.0009384768018355737,0.04442885899976865,0.08388345535825427,0.06760364941905171,0.04442885899976895,0.8059235176987665,0.8493261020641738,0.128362276297379,-0.061000992119312286,0.3130648295317705,0.4573682153846154,0.2970664719603134
site_bbd4ea535f73b619,96,0.04559763364256134,-0.03716626100055873,0.026416154849629215,0.033865973005424876,0.02098425294127395,0.026416154849629385,0.6196264592165285,0.6257841969644754,0.19959784260491925,-3.5679610560536386,0.042692628579260775,0.11010279625,0.04227253166432299
site_bbfd063296f373c3,52,0.07433443115351179,-0.04690712669950266,0.05766566673258005,0.060392120430228076,0.03488900166083877,0.05766566673258344,0.5777078435446981,0.36523643585922794,0.28733159805564157,-2.439170588374138,0.04001715970813083,0.18965482692307692,0.06329660671828052
site_bc37e7bebe33d230,276,0.053504372004521364,0.015716250680494998,0.05114408360842972,0.04322011711482802,0.07838317534435078,0.051144083608429786,1.8135808178423232,0.7964305572348981,0.7901101193131058,4.33768518781662,0.7446733109024555,0.5155620724637682,1.6957225208694546
site_bc93eecd419d5cf1,153,0.0581443613053543,0.04244538846748326,0.03973859269591742,0.04305533038598709,0.07338515992932762,0.039738592695917535,1.70443843471729,0.8956746842758252,0.5172573129959601,6.494144435524939,0.43298903786313114,0.28362550562091504,0.8239633997715077
site_bcf274618f28d9ed,84,0.10398815044326497,0.04032355247437954,0.09585169037871512,0.08133476478471574,0.07066211266969089,0.09585169037871538,0.8687811768648473,0.21061518855603403,0.908336976339333,3.3871784078478813,0.10167912640502412,0.555688892857143,0.41942327002330343
site_bd11119142bc591a,41,0.08107120133304044,0.03577109455771562,0.07275279018515608,0.10489694100970975,0.057972893836241095,0.07275279018515621,0.5526652472246532,0.7458468035336447,0.26947412710887747,1.4666148768663403,0.18596075155095357,0.4511380975609756,0.1377951132096713
site_bd599065e701bf2f,260,0.07559927975696284,-0.0606604465145331,0.04511719548497004,0.06182782975767772,0.04772624489221695,0.045117195484972096,0.7719217232639538,0.6887792601057865,1.4859652859405985,-15.771716093778608,0.5284387752315173,0.9938969384615384,0.5922265573930847
site_bdd9f4c5442812d1,142,0.04139783423565848,-0.00851073739898037,0.04051355363737738,0.05363880748875492,0.06541438376924806,0.040513553637378394,1.219534639784112,0.7858661874665998,0.2433568564752341,-1.2085247106552126,0.3915518823522183,0.408551276971831,0.607623907755286
site_bdfe6061d850b13b,146,0.045094346756742835,-0.0012196129711523457,0.04507785103149839,0.07322054408813285,0.04627294141442726,0.04507785103149893,0.6319666425686518,0.8072920188695596,0.29689101597493506,-0.1780634937882425,0.39934069869636674,0.7827422191780822,0.31261302564288057
site_be8516cfd6e0790e,150,0.12784884540584274,-0.1058263641301791,0.07173637798630354,0.08362365029636586,0.048588489818600145,0.07173637798630396,0.5810376567681562,0.5177819592005285,2.451799090741061,-15.873954619526865,0.31557362288604185,1.0489372333333333,0.35412620142783147
site_bef664d28695b721,15,0.01821653926377963,0.005604056525230403,0.017333114354057884,0.10624619627178293,0.10845614002167465,0.01733311435405834,1.020800215230657,0.9871755766995478,0.004977634541232373,0.08406084787845605,0.17062913758059342,0.16932381333333335,0.17644101462601647
site_bf2aa2626c0e2039,210,0.047320858248327456,0.008368035813967386,0.04657509637107002,0.06079515819425051,0.0534750141628336,0.04657509637107031,0.879593305637468,0.6746169160312416,0.4702453613252431,1.757287520933151,0.4605708237484949,0.7761707645714285,0.6005111993402035
site_bfacedeb5df79c6e,50,0.07133431978095757,0.02026665954875946,0.06839479285257462,0.08558305916476695,0.038155932694283745,0.06839479285257599,0.44583511113834867,0.6281558277024573,0.25442925893059576,1.0133329774379731,0.10256218816059828,0.3662230008,0.07279375998853554
site_c0555c6b321e4775,2,0.061610959007987805,-0.038836009669303895,0.04782964167594911,0.02560000000000001,0.022229641675949097,0.04782964167594911,0.8683453779667613,,0.007591820539767907,-0.07767201933860779,-0.0011381576538085942,0.0013107200000000011,0.000988313938082186
site_c0951b8580287e99,50,0.09712718123937086,0.09222196911215783,0.030476183300764598,0.031165853108811252,0.034205472547240434,0.030476183300764646,1.0975304423022456,0.5687046898540132,0.4716844667752797,4.611098455607891,0.03031317508995533,0.04856552,0.05850071760900094
site_c0aaae0aecb597e5,655,0.16690212599213147,-0.16178802442951057,0.040999448921777225,0.03983966157125624,0.025548628582184884,0.04099944892177723,0.641286285439178,0.2745870951589086,18.245889377754132,-105.97115600132942,0.183064720123938,1.0396151053435116,0.42753973669193446
site_c0baac71bcc40ff4,11,0.03127031167886787,0.019416746604442595,0.024511677702523892,0.07213076509179196,0.09198599117164805,0.024511677702525023,1.275267093792625,0.9844316713761226,0.01075615631742894,0.21358421264886854,0.0718489612542093,0.05723132000000001,0.09307564829013565
site_c0e5aee02ccea819,55,0.05544248629340979,-0.03160219318866729,0.04555404122644974,0.06727519405796753,0.04026925987545112,0.0455540412264503,0.598575157445896,0.7516077062011804,0.16906281075172125,-1.738120625376701,0.11199084474579855,0.24892734545454548,0.08918873100041397
site_c1458c9cb325529c,104,0.2217360994601918,0.2179239741300161,0.0409394589998468,0.017171163645680672,0.044132484499491295,0.0409394589998468,2.570151063151309,0.3737669410447789,5.113357371597287,22.664093309521675,0.02945725878391128,0.03066428153846154,0.2025583235621753
site_c1eaac8764a60481,45,0.0591787168766498,0.018353784881697758,0.05626063554282905,0.06595597484143458,0.026186917689997254,0.05626063554282907,0.39703632237948855,0.5415423329518592,0.15759542390250042,0.8259203196763991,0.042090438683331025,0.19575857777777778,0.030858959614621095
site_c204fd32b9271e1b,91,0.10537329596046272,-0.011107642666979153,0.10478621939908878,0.13493713515257091,0.04680296711762264,0.10478621939908891,0.34685016148225906,0.7456621476702713,1.0104213666429853,-1.0107954826951029,0.4285370361200318,1.6569307703296705,0.19933711352220723
site_c29be1fac6229539,472,0.09233497804971179,-0.06546983108315932,0.06511105427946429,0.11395275257323767,0.057420033296908674,0.0651110542794643,0.5038933417602589,0.9202602939001029,4.024153136920038,-30.9017602712512,2.8421103942147377,6.1290284745762715,1.5562124256421437
site_c2fa2fe516862278,53,0.08159147035752141,-0.07293132382878717,0.036581279907664216,0.04345334673907901,0.027381357128300993,0.0365812799076645,0.6301322955103028,0.5461965639526956,0.35282990586042173,-3.8653601629257204,0.03444316356527918,0.10007424716981132,0.039736152063940655
site_c33eaf01c8613ed2,878,0.08216612299049796,0.06879822255044428,0.044923004587729604,0.020196042709814937,0.055547962119537116,0.04492300458772964,2.7504379406239687,0.6575661587770203,5.927616611680301,60.40483939929008,0.6476917741600687,0.35811876391799546,2.70913581196624
site_c3aa24263a4277b0,258,0.09142146414824202,-0.057274176634328315,0.0712569491198442,0.09840480401585196,0.04765922565395525,0.07125694911984422,0.48431807908766183,0.7332095776697362,2.156334099608142,-14.776737571656705,0.8871787234649582,2.498344406976744,0.5860216618031335
site_c3aefe4e5e9b8037,305,0.07045380797756633,-0.02100038750914277,0.06725119168465069,0.09016047111083199,0.04708103178875312,0.0672511916846556,0.5221915015381585,0.6858680585683796,1.5139404128546359,-6.405118190288544,0.8879787266377055,2.479317718032787,0.6760701840595424
site_c3d5b5decd374619,53,0.057166905219243065,0.031857250604989396,0.047467574577145004,0.031450866369180014,0.04404796345987142,0.047467574577146274,1.4005325940094235,0.24405785452595244,0.17320691777433375,1.688434282064438,0.01791955026857696,0.05242532075471698,0.10283182350299491
site_c3fac8d15831ac8c,148,0.03876052618502157,0.013363745610456208,0.03638390706615708,0.054643480170353635,0.049769348254177066,0.03638390706615711,0.9108012172544422,0.760985864875835,0.22235200174068193,1.9778343503475189,0.30629408504572264,0.44191466891891895,0.3665942277955425
site_c3fba37c42f73863,128,0.04086796251022026,0.03699968097275122,0.01735551692262145,0.01969198355444656,0.009173854960003428,0.017355516922621456,0.46586749042515424,0.4725118724135649,0.2137843660463064,4.735959164512156,0.010926071262999904,0.0496350996875,0.010772430697878976
site_c438c579f3fbc2ec,83,0.08361926966219896,0.05613796573274106,0.06197347063243382,0.08455079810219648,0.057773528716603725,0.06197347063243389,0.6832996259452561,0.68026426776784,0.5803511274836824,4.659451155817508,0.27580514124108546,0.5933535091566267,0.2770357914905635
site_c45005d41e05ffcd,278,0.06475551975358469,0.02032465264179724,0.06148321586861883,0.09478918420125944,0.05557448775116894,0.06148321586862029,0.5862956646316462,0.7871627886664205,1.1657311001188175,5.650253434419632,1.1527724942548883,2.4978270647482015,0.8586095854877418
site_c4ae57110fb255d4,1016,0.10053920151705656,0.07660115145663107,0.06511831261024485,0.03309788869498283,0.06964547929969334,0.06511831261024595,2.104227249705224,0.36995245959569,10.269861138354305,77.82676987993717,0.8664287399578341,1.1129977598425196,4.928100671474157
site_c4f8e2def8cc0f30,94,0.06201588435400012,0.025706509240130158,0.05643709148154094,0.07413675607400827,0.050478326222049806,0.05643709148154119,0.6808812375289116,0.6492231459090354,0.3615211717476194,2.4164118685722347,0.22838121204965925,0.5166483085106383,0.23951777330889001
site_c56fc9c5f1ff5d0d,122,0.04893094273476941,-0.030923093399552046,0.03792096321977943,0.05707869031375326,0.03907936756383939,0.03792096321977976,0.6846577479095225,0.750285960696785,0.2920969331434206,-3.7726173947453496,0.20417763874203454,0.39747318032786877,0.18631803024113874
site_c59fe04d734e33bd,568,0.06352972079326594,0.02492519671665111,0.05843594777794377,0.07799892408405983,0.03948261720317715,0.05843594777794377,0.5061943823818202,0.6864441721675197,2.292462440871945,14.157511735057831,1.2007375804046614,3.455616665897887,0.8854421707687683
site_c5ee40e68c26cb53,124,0.18032593027319094,0.17681964793993585,0.03538719021466486,0.023903501968279766,0.03312945027070417,0.03538719021466766,1.3859663874635335,0.26308842770536456,4.032162699982573,21.925636344552046,0.025834448318447795,0.07085079838709678,0.1360974989296435
site_c6112b3d07cf93a0,216,0.14459282565423826,-0.11610442672090399,0.0861791583069084,0.11398090644317443,0.050458125418284684,0.08617915830690907,0.442689280098336,0.7051340120871389,4.515930409826218,-25.07855617171526,0.8759687898075553,2.8061957592592597,0.5499408428771069
site_c62b54e06aa4fffe,37,0.029464991542901733,-0.009693835506568084,0.027824724253707717,0.03362320757535222,0.027352299349816245,0.027824724253707866,0.813494646176086,0.6004602951401273,0.032122871885061015,-0.3586719137430191,0.020432382120272603,0.04182924324324325,0.02768148634971246
site_c6d377978f89caf6,53,0.042987072448647454,0.0036345048096944705,0.0428331503918819,0.08859817651313413,0.07368471066091674,0.04283315039188191,0.8316729932922878,0.8765176498856329,0.09793808507837905,0.19262875491380693,0.3032764593947609,0.41603075471698114,0.28776013901469993
site_c6dbad6563643f29,50,0.14141502086610488,-0.1368905619318485,0.03548495710218098,0.03219481877569743,0.03731509646649818,0.035484957102181365,1.159040425929213,0.48684309496371564,0.999910406328044,-6.844528096592425,0.029243514994010327,0.05182531779999999,0.06962082121520324
site_c7184b24616d8b68,11,0.03716592727682772,0.03108336420492692,0.020374754478283033,0.08969228294471443,0.08741327050386659,0.02037475447828466,0.9745907633742291,0.9738570627139299,0.015194367653810915,0.34191700625419613,0.08398860172981565,0.08849176181818182,0.08405187846200368
site_c79eeb4ffddf3d41,568,0.07324247986968621,0.06473505627080588,0.034261251393914165,0.037862885422486836,0.040825315798484314,0.034261251393914165,1.0782410094461023,0.6231452014701352,3.0470137670380693,36.76951196181774,0.5471178081578405,0.8142837165492959,0.9466892409061127
site_c7e77fa91cd0e5b5,45,0.07046235002909035,-0.03241187711291842,0.06256526986786776,0.06847696197253246,0.02680053314929942,0.06256526986786792,0.391380288746596,0.40674977530830186,0.22342242472299217,-1.4585344700813292,0.033591372849792245,0.21100924444444452,0.032322085968901376
site_c83832e8d67694ad,46,0.047683905085742176,-0.024901583442221514,0.040665291666188104,0.04370764641784688,0.011986001151848048,0.04066529166618815,0.27423121888699725,0.38210726587088434,0.10459272099439915,-1.1454728383421897,0.009208202552179927,0.08787648434782606,0.006608554286156726
site_c8f87af663a64c0b,62,0.0811001994766796,0.06926066563610107,0.04219244660838512,0.018646476680913814,0.032805859944778235,0.04219244660838512,1.7593597174504128,-0.29122039447680886,0.4077890260197477,4.294161269438266,-0.011044897355668012,0.021556847741935482,0.06672591569641712
site_c8f923241d7b6cf3,153,0.06350899379675932,-0.02648824115516314,0.05772144639198446,0.08825432910147732,0.05560455948311337,0.05772144639198816,0.6300490871011855,0.7691461678043018,0.6171090208407526,-4.05270089673996,0.5774930124163044,1.1916904705882354,0.47305565640259717
site_c90d703c921023d7,384,0.09079993518590458,-0.0653080002409406,0.06308322545886329,0.07920925509474842,0.05139700406912558,0.0630832254588639,0.6488762456817145,0.6062541411067643,3.1659372402295576,-25.078272092521193,0.9477628388453352,2.4092567395833333,1.0143943784761773
site_c91d0d6c46ea62b9,342,0.05556229093005296,-0.03040556182847385,0.0465045157300955,0.059308350639052314,0.03858210396916262,0.04650451573009553,0.6505340909574673,0.6213045916736639,1.0558115153013792,-10.398702145338056,0.4862195564355505,1.2029783157894736,0.5090939313670476
site_c9aed1d9afe08cac,128,0.0737200149018975,0.004166297951713208,0.07360219126162984,0.10018987832485875,0.052818942249402444,0.07360219126162985,0.5271884059799004,0.7001773518189658,0.6956339964334066,0.5332861378192906,0.47427646851725874,1.2848655,0.35709960452425094
site_c9e5c8b8112d21fb,124,0.034151898375068504,-0.024988128534055524,0.023279724976608445,0.04699091275175974,0.062091138394433254,0.02327972497661193,1.321343527044131,0.9462030524864086,0.14462766816500483,-3.098527938222885,0.34233360470915514,0.27381008927419354,0.4780583739224662
site_ca4c08bc8824e7df,72,0.09661395087741767,0.08766912606855234,0.040600244316018,0.02617135116713656,0.05337069699167567,0.04060024431601927,2.039279388016214,0.6747614838295205,0.6720663962983734,6.312177076935769,0.06785967890773383,0.049315652777777774,0.20508705341116262
site_caaaa1aabb1e21d9,11,0.10851065420972462,-0.0890668851689859,0.06198106197313102,0.13489371083612645,0.07861739757750778,0.06198106197313106,0.58280995526185,0.9681928766276535,0.1295201828472467,-0.9797357368588449,0.11294446009925821,0.20015944545454548,0.06798764722045919
site_caab4140fe1f5c75,199,0.05762259279465268,-0.03602880410543039,0.04496986185336664,0.0745912890863636,0.04584105230393605,0.044969861853367134,0.614563079220419,0.8251546721733939,0.6607522768752934,-7.169732016980648,0.5614759138742809,1.1072082211055276,0.4181790131901079
site_cadb6c34bf67432d,262,0.06067628488341838,0.007673448253451413,0.0601891164510275,0.08020170337813158,0.0408863259137689,0.060189116451028556,0.5097937349410123,0.6832976618263701,0.9645822253804814,2.01044344240427,0.5870470423346087,1.6852660648854962,0.43798321144245583
site_cb6d0d529a35bf72,121,0.11617005078403556,0.061186533871169915,0.09875063934981675,0.08029625390703674,0.06115151357030474,0.0987506393498168,0.7615736799017189,0.04432649489479222,1.6329531645990134,7.40357059841156,0.026336087502416002,0.7801460953719007,0.4524804210446389
site_cb73c7416c77fcc5,47,0.05755702921787745,-0.020443845094518454,0.05380391073276116,0.04779927284365394,0.028285105166702417,0.05380391073276184,0.5917476037599949,0.07024992622318639,0.1557021457822171,-0.9608607194423673,0.0044639859405603815,0.10738421276595744,0.03760221719169654
site_cb8aadebec9e1fcf,153,0.04211269610329962,0.017326516972725685,0.038383212250705595,0.045301158013228364,0.07436858786300714,0.038383212250705706,1.6416487154984165,0.9067440416538737,0.27134231348259663,2.65095709682703,0.4673852258476848,0.31398582235294115,0.8461950896928854
site_cbe94aaae2e082ea,54,0.04988478077884626,0.015584963113290294,0.047387765067693696,0.04945340773937663,0.025765856985948497,0.047387765067693745,0.521012770681782,0.33900182495047804,0.13437853308109168,0.8415880081176759,0.023325803418954218,0.13206453499999996,0.03584948685589895
site_cc2f4e33aba4f988,24,0.15592696809657342,-0.13528412110408147,0.07753338607906947,0.061927302249402794,0.02440124249282279,0.07753338607906983,0.39403044548187316,-0.5231325836752468,0.5835172651149558,-3.246818906497955,-0.018972174693644043,0.09203977833333332,0.014290095244644974
site_cc39c5b4f811532d,154,0.05360779918477353,0.039373017155117804,0.03638078687353813,0.04908372963373881,0.05366097288247021,0.036380786873538164,1.0932537784493281,0.7527202911517543,0.4425646045489908,6.063444641888141,0.30531661713732916,0.3710187272727273,0.44344300164675327
site_cc701381aa01ffc3,51,0.05856893992304398,0.012979979353792524,0.05711252804494172,0.08519605361131434,0.04129061628480102,0.05711252804494219,0.4846540952844966,0.810370919501384,0.17494635690916588,0.6619789470434188,0.14538676295312597,0.3701767450980393,0.08695066465211243
site_cc73ca175d85bc6f,40,0.0703309783589374,-0.03115264001488685,0.06305521022903811,0.07918143721858047,0.022120635761188757,0.06305521022903811,0.2793664340813202,0.7944600351642499,0.19785786067701283,-1.246105600595474,0.055661259789019826,0.250788,0.019572901059167314
site_ccee683800437b50,18,0.21898158320584546,-0.2072419792347484,0.07073680672890688,0.07771759576413839,0.024338570944175287,0.07073680672890693,0.31316680225208343,0.43052196045864843,0.8631528081000951,-3.7303556262254713,0.014658254106839495,0.10872044444444441,0.010662588640883763
site_cd09f5e742102c10,336,0.06413569991464897,0.0347528474777937,0.05390387366161279,0.09010750539408285,0.07116371927172503,0.0539038736616128,0.7897646146177539,0.8014186237694394,1.38209836919008,11.676956752538683,1.7267056586980112,2.728105809523809,1.7015963800365226
site_cd9b47f2c6e7c758,40,0.10317131746866919,0.047514158870279787,0.09157906668595578,0.05713072181409929,0.0656298323719957,0.09157906668595579,1.1487660279446865,-0.1087525802280354,0.4257728299288369,1.9005663548111915,-0.016310623657889663,0.130556775,0.17229099588705016
site_cdb6242d14e183d0,160,0.10445696918124049,-0.07260175695046782,0.07510155323450922,0.1102085494641863,0.056733517449904854,0.07510155323450923,0.5147832697711092,0.7776364695039948,1.7458013456849002,-11.616281112074851,0.7779498463202268,1.9433478999999998,0.5149907203581854
site_cdbb0d22e7b06f01,175,0.19623583067504402,-0.17657761094461166,0.08560869438215894,0.08999552269316693,0.05232552893771755,0.08560869438215894,0.5814236905553354,0.3725057708966271,6.738987717126795,-30.901081915307042,0.30697682134090576,1.417358968342857,0.4791431712570855
site_cdd0193742d73d25,11,0.09631113471763122,0.07630768011808396,0.058761999843384205,0.05671488938264758,0.016663379419937886,0.05876199984338431,0.29380960804688083,0.021836809643053713,0.10203418137657481,0.8393844812989235,0.00022700846181674468,0.035382365454545456,0.0030543503506209047
site_ce2a9736239174ff,54,0.08994529684499439,0.07368752182854545,0.0515781499406657,0.062441031166324074,0.049758441115451274,0.051578149940666194,0.7968869217247517,0.5977658667136349,0.4368684469248445,3.9791261787414545,0.10029094066939971,0.21053964814814813,0.13369873296095092
site_ce840bd031a93a0e,69,0.04107168879134714,-0.014284478071807088,0.038507626600315585,0.07901782346484096,0.04855964279564426,0.03850762660031571,0.6145403741378793,0.9276615382071538,0.11639496979195567,-0.985628986954689,0.2456061219374339,0.4308233333333332,0.16270468468239904
site_cec4a302b657dde7,101,0.05961027580011968,-0.01707538143538013,0.05711231329409281,0.0984110503445555,0.05514725278208969,0.05711231329409283,0.5603766303581645,0.8719334093249147,0.3588918830775997,-1.724613524973393,0.47793896847114997,0.9781582178217822,0.3071631684305816
site_cedd671db129d181,93,0.06432762560707413,-0.005669091357979724,0.06407733467786234,0.0607916632045953,0.07267883852009623,0.06407733467786245,1.195539563961171,0.5513399871903725,0.3848380377106827,-0.5272254962921143,0.22654498049424537,0.343693247311828,0.49124586188261077
site_cf410c13c4f583ea,45,0.024802157820159612,-0.013488703525066372,0.020813503062890846,0.06510923774324326,0.06437392342947222,0.02081350306289103,0.9887064518145531,0.9483862531417775,0.027681616464124707,-0.6069916586279868,0.17887529131786695,0.19076457777777778,0.1864800907966599
site_cf467e53e3fb79b4,253,0.0654968564667539,-0.022656268807032365,0.06145349209581222,0.07252174968612889,0.044978886174942535,0.06145349209581233,0.6202123689735739,0.537404826740002,1.0853290663777202,-5.732036008179188,0.4435055450706967,1.3306292569169962,0.5118443509892245
site_cf53fcd25709e5dc,34,0.07317256870674893,0.017439481226836934,0.07106398036757226,0.06480489750384943,0.0369434134743539,0.07106398036757275,0.5700713201831612,0.10743039123693941,0.18204364357889236,0.5929423617124557,0.008744820976958553,0.14278894117647065,0.046403737170660486
site_cf6b1b2134e1588b,836,0.05570711050760068,0.029746828545366175,0.04709998251165941,0.04415691325293052,0.04586819467378183,0.047099982511660365,1.0387545526801,0.4530753991970085,2.5943438866846447,24.868348663926124,0.767162053749108,1.6300603779904308,1.7588531122803084
site_cfa28b3d4c2af861,102,0.11836968534669308,-0.05745410094354666,0.10349110441890103,0.10268213657996172,0.04302843988638653,0.10349110441890128,0.4190450385971367,0.19064768872231566,1.429161005725663,-5.8603182962417595,0.08591761500975664,1.0754493596078434,0.18884755718375068
site_d04beb93196a3a21,622,0.03971414417176529,0.018158672792926864,0.035319624144307886,0.05554434597774493,0.0462205872648894,0.035319624144308,0.8321384733454005,0.773975215535754,0.981026639817962,11.294694477200508,1.235926815536077,1.918978458199357,1.3288051513832013
site_d0ce78b41de4999b,52,0.07423272289405025,-0.03443172614711982,0.06576437776482491,0.08190731971972125,0.0464317003948904,0.06576437776482524,0.566880964409226,0.5968503408802092,0.2865458517097723,-1.7904497596502305,0.11803371950330642,0.3488580692307692,0.11210694568116497
site_d122c9eee96eec44,13,0.0325690336742729,-0.007648769121903636,0.03165814721988221,0.022781701366661872,0.030820088294823408,0.031658147219884275,1.3528440127796906,0.33230511740731605,0.013789645408186984,-0.09943399858474727,0.00303319558271995,0.006747076923076924,0.012348411952509242
site_d132cef849713e59,125,0.05261548107717702,0.02117517581701278,0.04816638639239371,0.07024353066297281,0.04337094575722022,0.04816638639239388,0.6174368706680368,0.737756427854266,0.34604860612284666,2.6468969771265978,0.28094948486089716,0.6167692000000001,0.2351298669844673
site_d15ecf104b47687d,115,0.09293764974276304,0.08044585841220357,0.046538914942574616,0.05843127318654265,0.03870453696185519,0.0465389149425751,0.6623942086336271,0.6071892593608417,0.9933017750664778,9.25127371740341,0.1579170951569858,0.39263457391304346,0.1722747358646357
site_d1bc13bbd7c8604f,141,0.08891411964304734,-0.07367655129162132,0.04977435546213762,0.05890450722807299,0.033110761017128204,0.04977435546213805,0.5621091250101846,0.5354301303428904,1.1147066147376372,-10.388393732118606,0.14724467886971665,0.48923347702127656,0.1545814718138061
site_d1da6ed45ac274f5,50,0.11041412996041126,-0.061470992231369016,0.09172021156215002,0.10882830514163123,0.04394519040434661,0.09172021156215004,0.40380294765369634,0.56060682827953,0.6095640047457294,-3.073549611568451,0.1340545637667179,0.5921799999999999,0.09655898798371387
site_d2a88afeebc07d80,46,0.05988308158377963,-0.0015983357261056474,0.059861747242093276,0.051980006516974646,0.04920363941748447,0.05986174724209331,0.9465877885455147,0.3009632306489653,0.1649552391586019,-0.07352344340085978,0.03540827981074867,0.12428836956521742,0.11136591406858826
site_d2c6c5fd07d735c9,451,0.060421348208639584,-0.02797106994086517,0.053557058971837705,0.059102753639767254,0.037776852114176654,0.04658208826870855,0.6391724545429389,0.6159169182183356,1.6464834330267029,-12.614952543330192,0.6202005641447617,1.5754041049991625,0.6436178406010242
site_d355ed29576c96c4,250,0.044425855768314516,-0.010026201399326326,0.043279694387174585,0.06243067502438204,0.06139599355617904,0.04327969438717459,0.9834267134257493,0.7557964202541841,0.49341416518677106,-2.5065503498315813,0.7242406578128935,0.9743972959999999,0.9423670061875946
site_d3c0f0b2faa9bb95,81,0.043458354112700895,0.006675726779154791,0.042942557145039494,0.053459110804130454,0.02035650499981731,0.04294255714503955,0.380786449561456,0.6561970467014148,0.15297891191697743,0.5407338691115381,0.05784212468964634,0.2314879987654321,0.033565370960414564
site_d4253e2faeb3b528,43,0.09524342613616307,-0.0872621722997621,0.038165737352779915,0.062157952638881506,0.03485475416435543,0.03816573735278078,0.560744887574576,0.8358738036729202,0.39006633955265424,-3.7522734088897707,0.07786959131332333,0.16613527627906977,0.052238717177879035
site_d46dadf54503ff71,88,0.05736866551495271,-0.02986981570246545,0.04897915773946376,0.05799199770244737,0.06888743043407784,0.04897915773946534,1.187878210154686,0.7146065997021716,0.2896224129010541,-2.6285437818169597,0.25122204696437855,0.29595031818181816,0.4176020703192725
site_d47f3d91f6768d70,53,0.02876912210846534,0.009745118711354597,0.027068340329495552,0.023595725819878736,0.04017072282924884,0.027068340329496263,1.7024576033768852,0.7584211819426225,0.04386610650526482,0.5164912917017936,0.0381003803370415,0.02950818867924528,0.08552540954908971
site_d55e4a9082082245,5,0.057591685407455524,0.05482761368036271,0.01762767727717496,0.08287425173116195,0.06759050006337075,0.017627677277175027,0.8155790085759014,,0.01658401114035663,0.27413806840181354,0.027814705731570723,0.034340708,0.022842378494082605
site_d583e7eb857a6d07,415,0.06092691342128962,0.005958008648975784,0.060634898466015844,0.08165805495321894,0.040249778799435566,0.060634898466016295,0.49290641103923255,0.7015342979664987,1.5405168433038083,2.4725735893249503,0.9568845319336797,2.767235744578313,0.6723185477624496
site_d5dd2bb3b8af01ea,43,0.09260066361519118,-0.04029837474989337,0.08337220096945351,0.10177320782100992,0.031557763276856714,0.08337220096945352,0.31007928267681045,0.6854168591779649,0.368719964784873,-1.7328301142454148,0.09465921871260154,0.4453847906976744,0.04282337419063942
site_d5fa35b8748ecd00,221,0.1302169932881911,-0.11615209000768703,0.058865586957601794,0.060033626254582965,0.04269482939064918,0.0587854400903834,0.7111819167743487,0.3845221048854915,3.7473788403647155,-25.669611891698835,0.2178128232343451,0.7964920181617647,0.40284950892995774
site_d65f83745aba7368,108,0.043132734767690105,0.015063062452607683,0.040417037967777195,0.03172314651309605,0.03662547959136688,0.040417037967777666,1.154534893827352,0.3073680654454544,0.20092674332230948,1.6268107448816298,0.03856932838261128,0.10868666666666667,0.14487398157214426
site_d68e520b86217ecc,289,0.06414109956797101,0.05703064926788468,0.029352780070580967,0.04461660394612093,0.032341841349687414,0.0293527800705817,0.7248835296550913,0.7536645134399398,1.1889693089448392,16.481857638418674,0.3142947758208561,0.5752953494809689,0.30229246884573335
site_d6e0f79187805dc4,57,0.05101818065428193,-0.0017002117999813007,0.05098984248954051,0.089119622819205,0.04796492541618868,0.05098984248954052,0.5382083529852236,0.8939957524014228,0.14836272116455798,-0.09691207259893414,0.21782485032852802,0.4527115087719298,0.13113614200029095
site_d735284ea202b77e,489,0.135702825331004,-0.10764312398989508,0.0826330119293316,0.07610930634956983,0.031510359414485205,0.08012444862835118,0.41401453942778316,0.07622324628099603,9.005060576577504,-52.63748763105869,0.08938968788640518,2.832594364863196,0.4855294449602878
site_d74ec077de336965,56,0.03286851266489406,-0.009360251788582118,0.03150753578521568,0.033292132275187354,0.021057104399335908,0.03150753578521568,0.6324949157741326,0.3987263005169095,0.06049899098892888,-0.5241741001605986,0.01565320136398077,0.0620685,0.024830492158333772
site_d7943e43ff597b33,72,0.05860695818291506,-0.028283196815848358,0.051330656778673114,0.07444795778401095,0.0385787618035706,0.051330656778673184,0.5181977175988579,0.7652880476528429,0.24730383941668474,-2.0363901707410816,0.15825538638635642,0.3990598861111111,0.10715910208535795
site_d830d9e3fbd26651,704,0.08784767419719867,0.07853689301191745,0.0393595007322476,0.06944315061280372,0.08360443553144697,0.03935950073224769,1.2039263022152142,0.8838541918792934,5.432918558747446,55.28997268038988,3.612534643404757,3.3949352215909094,4.920749954934438
site_d8459840bc683e6d,9,0.06056257512673297,0.056169056733449296,0.022646469297789667,0.04536999606799494,0.039838102498263896,0.02264646929778973,0.8780715439904265,,0.03301042955383058,0.5055215106010437,0.014096917719973458,0.018525928888888887,0.014283669695959622
site_d8c17cfcfd29e789,109,0.08775231047623878,-0.04384482819716866,0.07601380818166509,0.10371761736159257,0.05663775408181682,0.0760138081816651,0.5460765058298593,0.6968519179299814,0.8393510113370847,-4.779086273491384,0.44619587658539134,1.1725505124770643,0.349654035430127
site_d8f779aeecdbd8d2,131,0.12094253757584802,-0.08893043972790697,0.08196629969131532,0.09065674437343546,0.04338900361219935,0.08196629969131533,0.4786075643028865,0.42999512571542503,1.9161497587823888,-11.649887604355813,0.2215718705594995,1.0766425343511452,0.24662133811418774
site_d93f1ce9d07f856a,55,0.07487549762455004,-0.04982778293436224,0.05588856942497345,0.10731925031234286,0.061791626265927366,0.05588856942497347,0.5757739276605873,0.920773688210137,0.3083487079488199,-2.740528061389923,0.3358325952250849,0.6334581818181818,0.21000127921234246
site_da42d7233341c5fa,34,0.09341028413848895,0.036630617661686495,0.08592833660997158,0.1138287907280751,0.06593852842666421,0.08592833660997183,0.5792781246722049,0.6609110538346556,0.2966663602163302,1.2454410004973409,0.16866046965126608,0.44053778235294117,0.14782824405651612
site_da8bcad340f647ba,6,0.07487436292027302,0.0730656179269155,0.016358046939496225,0.06655862077897948,0.07919257310529014,0.016358046939499243,1.1898169189572616,,0.03363702133630054,0.438393707561493,0.03130178380608559,0.02658029999999999,0.037628781810220335
site_da99bb912bf39167,787,0.07591528616614211,0.0214427345786646,0.07282403317227211,0.08023980321932427,0.055959671178062484,0.07282403317227212,0.6974053890075547,0.47509884410172704,4.535583840191864,16.87543211340904,1.6788956930475094,5.067041278271919,2.464478536306862
site_daa49998006715f8,95,0.07482393993487325,0.00030189888226358824,0.07482333088310363,0.07487550960800315,0.04905013047567246,0.07482333088310408,0.65508910366641,0.3286079647827651,0.5318690888008645,0.02868039381504088,0.11465200372906892,0.5326024842105264,0.22856195346964672
site_dabd51f8216ca183,414,0.05472865165134094,-0.018830169467966337,0.05138725551517119,0.06775277996840244,0.040999896613092196,0.05138725551517122,0.6051396951123353,0.6535218912263413,1.240023278991563,-7.795690159738063,0.7515716020743484,1.9004418260869567,0.6959304902256791
site_dad0353659cda19f,170,0.07043700050333673,0.04476317455803647,0.05438408998405522,0.07133913570920959,0.06518660884344261,0.05438408998405581,0.9137566385602746,0.6860696851583534,0.8434330767842,7.6097396748662,0.5423796460923465,0.8651762882352941,0.7223799753263584
site_daf47f9c44bf482f,99,0.04354756550017062,-0.0037328611732733376,0.043387281643964735,0.052974494924817705,0.035832241337431237,0.043387281643964735,0.6764055304026014,0.5815499869420399,0.18774265563817338,-0.3695532561540604,0.10928562595586135,0.27782341414141415,0.1271110024071277
site_dafe0965d62ae39c,205,0.05792747526695379,0.049004845755856216,0.030888792194714968,0.05842314617955921,0.0528796108619823,0.03088879219471512,0.9051140570119373,0.8505553309177434,0.6878964401147263,10.045993379950524,0.538678476546414,0.6997191219512195,0.5732319152075087
site_db96cd85e659d65b,81,0.07846499530269076,-0.047250888742046596,0.062642709080451,0.06763450176041677,0.05482369879568336,0.0626427090804515,0.8105877528289716,0.4929855519614419,0.4986971945159539,-3.827321988105774,0.14806616847180287,0.37052849209876537,0.24345667392082482
site_dbd5f7c9c3a46705,3,0.05467970875064562,0.017571185338497164,0.051779571211585114,0.05837128289378834,0.010820337626942454,0.051779571211585114,0.18537090655744204,,0.008969611647166295,0.05271355601549149,0.0012647435672581196,0.01022162,0.0003512391190830799
site_dc096381800c2a0d,61,0.02662577658404024,0.019338327542289358,0.018301941606571646,0.028580942169699603,0.0314327384280053,0.01830194160657275,1.099779644819724,0.8181007399553921,0.04324485070089676,1.1796379800796508,0.04483275013153182,0.0498290855737705,0.06026903975008746
site_dc3fa845eee493af,75,0.06672988065941778,0.006705752151807151,0.06639209185511985,0.08920098255562485,0.0548705939947332,0.06639209185512074,0.6151344124546659,0.6701065387710682,0.33396577296151037,0.5029314113855363,0.24598828174968562,0.5967611466666667,0.22580865640011383
site_dd81667799d2704b,215,0.05236241112061179,0.03693215049422064,0.03711924511942837,0.0658336481338303,0.0635746015523522,0.03711924511942945,0.9656855324668355,0.8360070556191763,0.5894917511482534,7.940412356257438,0.7522807893231511,0.9318248837209301,0.8689719419461737
site_ddb8d9051d38fd31,29,0.02987857360055451,0.011907516162970972,0.02740328847478598,0.04800322026455042,0.047311708166142365,0.027403288474785976,0.9855944644005743,0.834781099673008,0.025889145651708835,0.34531796872615816,0.054980616658926014,0.06682496551724137,0.06491353415834844
site_ddd5a78c36a9e7a3,382,0.0546406784951918,-0.03077864379533299,0.04514730149781852,0.07588470319358175,0.04605106667210069,0.045147301497818516,0.6068557263065851,0.8357119097658384,1.140500631130498,-11.757441929817201,1.1156138267853342,2.199742484293194,0.8101076833058164
site_de08b55dd68ab719,250,0.121132268696748,-0.10689397447443008,0.05697986258917308,0.10030286408672485,0.06064186489997781,0.05697986258917386,0.604587570376306,0.8624171497024754,3.668256629905289,-26.72349361860752,1.3114244477332533,2.5151661359999995,0.9193589446367902
site_de0c25f31478d5ae,20,0.03338568071223182,0.019173678756952285,0.027330819957408603,0.04058414838332819,0.031162095038265746,0.027330819957409103,0.7678390770684993,0.739778069987247,0.02229207353238176,0.38347357513904573,0.018711755476295947,0.032941462000000005,0.01942152334347813
site_de2dd333b47cf663,29,0.06742911637298289,-0.014427763959457133,0.0658674833432359,0.10077300518059006,0.05741605659302332,0.06586748334323594,0.5697563200594344,0.7875297935660361,0.13185388631039682,-0.4184051548242569,0.1321425131048108,0.2945007586206897,0.09560150308610443
site_df32de3b824705c1,130,0.09856939027955444,0.08880674326603229,0.042770165425961904,0.03443732322305598,0.06520688870445188,0.042770165425961945,1.8934946912713437,0.8034956659863003,1.2630702110108056,11.544876624584198,0.23455773345679046,0.15417080000000002,0.5527519834869205
site_df4d1a2cf99eda94,136,0.0502412473521567,0.010386617001365214,0.04915588594225054,0.07668485253944575,0.06105866707449037,0.04915588594225307,0.7962285256150494,0.7680482771888717,0.34328887922808066,1.4125799121856693,0.4890849891576697,0.7997570588235294,0.5070298721882298
site_df5a72d9e6b0c9b0,180,0.07124302211296989,-0.05114098271330197,0.049600081521171555,0.0787738306094663,0.04791908222493896,0.04960008152117231,0.6083122003106003,0.8002325012623505,0.9136022759620408,-9.205376888394355,0.5437248068936169,1.11695695,0.41332291943048294
site_df8e2a9486152870,479,0.04001250717838827,0.012263431457860982,0.038086860983532346,0.05472766722265866,0.03623102873533599,0.03808686098353254,0.6620239921414998,0.720480845394143,0.7668793500055744,5.8741836683154105,0.6842984475745724,1.4346613110647182,0.6287772853027356
site_dfda0bf114384539,49,0.09653214824548463,0.03427545531793517,0.09024216756947083,0.07796440841558305,0.05703266786699615,0.09024216756947118,0.7315218447241729,0.1335342980433627,0.4566043265995228,1.6794973105788231,0.02909437171156918,0.29784400000000005,0.15938353499732766
site_dffc4a16666e5428,8,0.045777204771116665,0.04380513543337583,0.013291447863959263,0.050504325309818764,0.05456451360802144,0.013291447863960078,1.0803928826550093,,0.01676441981325397,0.35044108346700664,0.021405241735838354,0.020405495000000003,0.02381828916223966
site_e06c7a98fed0bd3d,30,0.031001507332806634,-0.024673349994420998,0.018770169337511806,0.02199618653817571,0.013420461754017322,0.018770169337511886,0.6101267476853455,0.5278164558277392,0.028832803707181907,-0.7402004998326299,0.004674326384315888,0.014514966666666667,0.005403263810731251
site_e0819506e4cfd43e,250,0.0866535720577376,-0.06649186538457871,0.05556683712471484,0.07722653688985412,0.06842424856115296,0.05556683712471498,0.886019900889048,0.715168665397316,1.8772103875913808,-16.62296634614468,0.9447678003892301,1.4909845000000002,1.1704694477896112
site_e08b0590bf66e62a,111,0.062473198318572495,-0.06048876985977362,0.015620794762208266,0.026312745231973116,0.023940450609405237,0.015620794762208305,0.9098423748014989,0.8107900481678972,0.4332219564048375,-6.714253454434871,0.05669305619516888,0.07685202234234235,0.06361911446733225
site_e0a3f27c6c9560a4,56,0.1819301769290801,0.13209853685711112,0.12509422783508775,0.13244723915852033,0.060312008591687706,0.12509422783508795,0.4553662950988573,0.3462151720669794,1.8535209995369977,7.3975180639982225,0.15487482369579375,0.982367185,0.20370214930037345
site_e0ceb845349c800e,31,0.050475473615505854,-0.014138849977524055,0.048454786740039384,0.05864159469618785,0.057401869951935816,0.04845478674003988,0.9788592934643944,0.6514804200803508,0.07898097653799846,-0.4383043493032457,0.0679821466392567,0.10660393548387098,0.10214421489334752
site_e0f23347bc3a360e,5,0.14929382738699215,-0.13728732084035872,0.058658660335311176,0.04735145193127663,0.013268413834212865,0.05865866033531126,0.2802113407941521,,0.11144323447928504,-0.6864366042017936,-0.0025565690666437147,0.011210800000000003,0.0008802540283796567
site_e112cf24dd2b666b,2,0.07317091245800954,0.07251638889312743,0.009765027999877926,0.011499999999999996,0.0017349720001220703,0.009765027999877926,0.15086713044539746,,0.010707964859875392,0.14503277778625487,3.9904356002807606e-05,0.00026449999999999987,6.020255682415154e-06
site_e1c83eb53198657c,16,0.07778102298471445,0.010522684177756314,0.07706595003141059,0.08943485735963076,0.03159915204596572,0.0770659500314108,0.35332031580148743,0.5410241372694241,0.09679820058477885,0.16836294684410102,0.024463515733741226,0.127977499375,0.015976102560384953
site_e1d83ae86567245b,279,0.09535209335555889,0.07118535299454966,0.06344026502410419,0.09997047893539995,0.08457764494170028,0.06344026502410423,0.8460262053596203,0.7760137209794181,2.5366740563331334,19.860713485479355,1.8306316401299931,2.7883529677419356,1.995792468663725
site_e217e123676f78e8,634,0.12096169909054226,0.11384181540339529,0.04088732948640893,0.044256155423150145,0.05775946036343375,0.040887329486409225,1.3051169901943198,0.7086637044890787,9.276518498116145,72.17571096575261,1.1484874628451816,1.2417570236593058,2.1151224357751968
site_e236e8f6fb4c7e9a,128,0.028141733677801994,-0.018834711254481225,0.02090958694839889,0.02586381683905867,0.018299876384076364,0.020909586948398944,0.7075474009868684,0.5985697263240337,0.10137051832221888,-2.4108430405735968,0.0362631469314685,0.08562393874999999,0.04286534088607691
site_e285e97bc06024be,13,0.04988822427038305,0.017943662474705618,0.04654954240211045,0.07495386904761556,0.06520112564393807,0.046549542402111135,0.8698833892419628,0.7880385300444401,0.03235485397107648,0.23326761217117303,0.05006566092188541,0.07303507230769231,0.055265428208075784
site_e3489f2db8b7f610,188,0.07268359840827587,-0.05906857896833979,0.0423533759721292,0.06212729524813025,0.04501264117706887,0.04235337597212939,0.7245227882091575,0.7316485343860782,0.9931862297841985,-11.10489284604788,0.38466024108865154,0.7256425531914894,0.38091391875828456
site_e35bffa822780b41,151,0.1104856592832205,-0.027335673286741143,0.10705065097050293,0.09416377956573939,0.05489966483574015,0.10622782630041504,0.5830231654774707,0.05768764728951795,1.8432692169944314,-4.127686666297913,0.045031182300631224,1.338889424697879,0.4551099530605671
site_e4206af93f2d6f2c,175,0.09994957048121668,-0.06216460767350877,0.07826543421062987,0.08711951206549892,0.04639403445434134,0.07826543421062987,0.5325332219429901,0.447413859663014,1.7482354118914476,-10.878806342864035,0.31646454203899416,1.3282166419428574,0.3766711257663571
site_e44008751f3e2871,30,0.009247821169372183,0.0014870015490055096,0.009127487210286493,0.016486704744530768,0.019279598540244233,0.009127487210286613,1.169402790854247,0.8812189829949614,0.0025656658914206486,0.04461004647016529,0.00840304995648563,0.008154343,0.01115108759618963
site_e443401d44fc1f23,274,0.06957079420804088,0.029195266851978582,0.06314849008629847,0.08025707237598909,0.04217513094421419,0.06314849008629972,0.5255004910549408,0.6251686728614815,1.3261861414460956,7.999503117442131,0.5798124324795212,1.7648881605839415,0.48737521762428204
site_e473611ef37db918,1,0.09364832448959351,-0.09364832448959351,0.0,0.0,0.0,0.0,,,0.008770008679708199,-0.09364832448959351,0.0,0.0,0.0
site_e4827c2c7a3df4be,641,0.0297144018778704,0.026592531659952748,0.013258315838521814,0.024064894785190544,0.020260853337434572,0.013258315838521821,0.8419256979217309,0.834577134780257,0.5659681802130958,17.04581279402971,0.260835207235039,0.3712153822152886,0.26313189607302256
site_e4a78bd8d0c42b04,2,0.05757564406464448,0.05349673998355865,0.02128505580425262,0.0793,0.05801494419574929,0.021285055804257838,0.7315881991897768,,0.006629909578917262,0.1069934799671173,0.009201170149445534,0.012576979999999998,0.006731467500071808
site_e4ad3110c632fc3e,37,0.10688436732445943,-0.08343709331106494,0.06680209157017925,0.09002233307843846,0.035410178354545324,0.06680209157017941,0.3933488184947578,0.7678531849336218,0.4226979151989489,-3.0871724525094026,0.09056456229795477,0.2998487567567567,0.04639358705072627
site_e526161d153fbae1,108,0.07771627570132429,0.011613813917945935,0.0768435998321498,0.08910861105679899,0.057407665241447685,0.07684359983214989,0.644243744354351,0.5210661435478874,0.6523005069594988,1.254291903138161,0.2878764709202503,0.8575572129629627,0.3559291230752051
site_e580905782041227,176,0.1526298403199321,-0.14990057703182103,0.0287347378901404,0.05287503761013062,0.058590684984498806,0.028734737890140406,1.1080972729799647,0.8720109005325759,4.100072795471483,-26.3825015576005,0.475459847069718,0.49205545,0.6041848325836883
site_e5a46bf8593cb776,159,0.11611013045333472,0.031155976847432695,0.11185198925621594,0.13154045689507898,0.05457680607197317,0.11185198925621612,0.4149050973382693,0.5412027631959092,2.1435684206285748,4.9538003187417985,0.6177668388185917,2.7511597962264154,0.473601814001825
site_e60e5a5f7ff91a10,8,0.1270685920839808,-0.11395247165858745,0.05622509490524609,0.05858643054283132,0.039725532350437014,0.056225094905246124,0.6780671220683858,,0.12917141675364086,-0.9116197732686996,0.007396905868686734,0.027458958749999995,0.012624943364204944
site_e60f7e42ba2fd8cd,702,0.08229081605401266,-0.06482226471276026,0.0506937116844307,0.07753782631007897,0.042603426857416166,0.05069371168443071,0.5494534588452635,0.7957483972430626,4.753788441598415,-45.5052298283577,1.8453172436745917,4.220504385242165,1.2741664899566367
site_e621c0e748219561,130,0.11916794216747033,-0.11105026269417542,0.04323005431391662,0.06501725078322125,0.053382619332808204,0.04323005431391666,0.8210531618876825,0.7502769724874874,1.8461297972558417,-14.436534150242805,0.33852710776661454,0.5495415769230769,0.3704615260880961
site_e692ba92ac3619b9,78,0.07378949207362898,-0.055291129854092236,0.048864916862121695,0.05932681468080804,0.04964707769599744,0.04886491686212239,0.8368404399108594,0.6105655475585124,0.42470135295776407,-4.312708128619194,0.14027220339526733,0.2745343333333334,0.19225692125268767
site_e6f2aca5e6ecbaba,167,0.12912287480762896,-0.12423689832715931,0.035183943676536704,0.037831817415747426,0.036692858114488656,0.03518394367653672,0.9698941425746922,0.5545848880120731,2.7843437053639666,-20.747562020635606,0.1285651464717206,0.23901815029940116,0.22484309471386932
site_e6f4ed93ce9ba081,116,0.08895728227172817,-0.039349090752930464,0.0797812454533618,0.10986853293969592,0.06997607572892,0.07978124545336217,0.6369073460490103,0.6895464238870052,0.9179541760239429,-4.564494527339934,0.6149565175617564,1.4002469655172414,0.5680115362326674
site_e722a68e19572b18,15,0.01844010451788218,0.015941812915404637,0.009268012494632095,0.01038992246789594,0.009668844259739939,0.009268012494632098,0.9305983071207626,0.5750679835793442,0.0051005618194562815,0.23912719373106955,0.0008665573695550362,0.0016192573333333332,0.0014022982397865896
site_e755ae9494167172,176,0.1275859578900829,0.0781388856135986,0.1008587686113357,0.13551439769330695,0.06633570156072632,0.10085876861133587,0.4895103597099384,0.7003819134634274,2.8649590905284805,13.752443867993353,1.108103574858589,3.2320907488636363,0.7744748530734598
site_e7895d956d62a46d,90,0.040195936324449795,-0.029825533362891937,0.026947186432320587,0.03150423056051166,0.010785691518538245,0.026947186432320625,0.3423569256142174,0.5631291320297147,0.14541419672993003,-2.6842980026602743,0.017221357265611487,0.0893264888888889,0.010469802737976104
site_e7920aa397fb1716,99,0.06158629359835745,-0.01848696174103804,0.05874609608108847,0.09645427835761575,0.04704264348651042,0.058746096081088495,0.4877196148012658,0.8887490795449726,0.37549428435912524,-1.830209212362766,0.39923404858848366,0.9210393535353536,0.21908802031369318
site_e7d7202b18581b5a,73,0.2705731921457362,-0.2658244214237553,0.050470083045891984,0.058260075884856294,0.024198275235544728,0.050470083045892025,0.41534918841110974,0.5080757695074114,5.344319218479145,-19.405182763934135,0.05228857445961809,0.2477792602739726,0.04274562627938794
site_e7defe0b5f5d29b7,231,0.06317655282914261,0.0013820816799675767,0.06316143346697688,0.10492177169239797,0.05920522274601834,0.06316143346697692,0.564279670377583,0.8471193456356682,0.9219849471232662,0.3192608680725102,1.2155762732044442,2.5429815584415585,0.8097146904937045
site_e7df8a81d2875ad9,50,0.07659471718268449,-0.04558023407697677,0.061556420963076036,0.11438415274853418,0.06885989734186237,0.06155642096307607,0.6020055723387329,0.8910214391421861,0.2933375350147711,-2.2790117038488384,0.35090567250370974,0.65418672,0.2370842730965912
site_e7ee204eaac12eb2,47,0.061186373326598445,-0.027553563290453973,0.05463124958172588,0.09823004475756789,0.05614457415632366,0.05463124958172623,0.5715621355450735,0.8899938252950622,0.17595729720050826,-1.2950174746513368,0.23069436453108455,0.4535096595744681,0.14815402073816153
site_e813e7562543b91c,20,0.117251070610481,-0.0926675214767456,0.0718369265953165,0.10038818406565585,0.04800110047979437,0.0718369265953165,0.478154883730148,0.7492979662503972,0.27495627118608,-1.8533504295349121,0.07221349124610424,0.20155574999999998,0.0460821129454263
site_e84e6fd19eaae8f3,84,0.14872090006332056,-0.11424813845554992,0.09521170608221284,0.1077720028923389,0.03843256990385773,0.09521170608221298,0.3566099624431287,0.48607457443251006,1.8579041137141112,-9.596843630266193,0.16911711859373113,0.9756435870238096,0.12407324407085252
site_e894534d7e7a123f,174,0.16133689574947602,-0.13556465393565167,0.08747467366834984,0.09238506886898627,0.022669507525732945,0.08747467366834996,0.24538064216720104,0.33354174871443515,4.529149343833449,-23.58824978480339,0.12154674195619836,1.4850901652873563,0.08941974343391168
site_e8fdb2dcaaa2ec50,118,0.07531032423263936,-0.0040167185063079225,0.0752031309751552,0.08065588476573,0.06740888614644541,0.0752031309751552,0.8357590564189915,0.4960359398107363,0.6692541024509815,-0.4739727837443348,0.31823530745246775,0.7676338661864407,0.536187035917524
site_e908f29f409c402b,51,0.020673595501066767,-0.015674678771168574,0.013479688288770083,0.02258828295201944,0.02193579853936454,0.013479688288770086,0.9711140322599611,0.8170744920147054,0.021797275098028136,-0.7994086173295973,0.020647548591900686,0.026021756862745098,0.024540142135538956
site_e9578e4592e63187,8,0.026470463420479342,-0.008852527543902398,0.024946306134964836,0.018289341158171882,0.033013062963455575,0.024946306134964905,1.8050438601340746,,0.005605483469559479,-0.07082022035121918,0.0032081765457987787,0.002676,0.00871889860983266
site_e98d1003be09654d,174,0.0879845184363558,0.07671326349144694,0.04308538834650636,0.03720863645046457,0.05479952047350539,0.04308538834650636,1.4727634684076467,0.6206719523217552,1.3469819342990732,13.348107847511768,0.2202073862043948,0.24089997701149427,0.5225198152779478
site_e99ab7a415991029,162,0.10750511353056695,0.09538622793371296,0.049586459399697524,0.04860985967426981,0.04888076849713333,0.04958645939969758,1.0055731249725643,0.48260664351825033,1.8722906085056548,15.452568925261499,0.18576791348059973,0.38279279012345674,0.38707138367699545
site_ea33c67804056e7d,182,0.09333664046696463,0.02955674748302816,0.08853319790837744,0.09435775635973616,0.05559349378606674,0.08853319790837749,0.5891777839027688,0.39612573685607494,1.5855345785660144,5.379328041911125,0.37818650002777576,1.620416285714286,0.5624958523441423
site_ea99257f5d54ddf2,142,0.10307986587930636,-0.08406654695096151,0.059651273527373865,0.08630036744962383,0.05807852130656118,0.05965127352737454,0.6729811589789974,0.7244919312184237,1.5088151424568017,-11.937449667036534,0.5156441474217974,1.057580985915493,0.4789822784762487
site_eafced833314a87c,939,0.04357525612896853,-0.01475320467324303,0.04100177921230504,0.05705850238702884,0.0629037696194365,0.04100177921230519,1.102443404363457,0.7705643186705444,1.7829759669561915,-13.853259188175205,2.5969974778390097,3.0570766602768904,3.715514294162699
site_eb3bc9a7aee9d6f6,324,0.036944523002691826,-0.010522619907318813,0.03541429443293376,0.048606134861892365,0.028055694108926867,0.0354142944329338,0.5772047950046483,0.6949972370236405,0.44222688068644184,-3.4093288499712955,0.3070719830101057,0.7654682561728396,0.25502751890651026
site_eb828ca3e955ad1d,72,0.05582188007213988,0.03823481645849016,0.0406716253077491,0.035015998878643116,0.05319311433497726,0.04067162530774964,1.5191088656168736,0.6446455360526786,0.22435792522476244,2.7529067850112914,0.08645207345816824,0.08828065277777777,0.20372453371108534
site_eba5cbc1dd84d08d,137,0.06459167180998128,-0.05724380517449692,0.029920408358720122,0.04200977355463329,0.03637113554816449,0.02992040835872013,0.8657779480973442,0.7174513372956808,0.5715755172075412,-7.842401308906078,0.1501828071093037,0.24178048715328468,0.18123175164562477
site_ebf4f84d79acafd6,8,0.07620960976460256,0.07058584231138229,0.028732272546140122,0.05560539542166749,0.08294038643573487,0.028732272546141087,1.4915888252710074,,0.046463236963784044,0.5646867384910583,0.0365820968657732,0.024735679999999996,0.055032861616872264
site_ec20e4065643efdb,232,0.06988243856582807,0.009242771497831263,0.0692685094032318,0.08330052171121309,0.0653142941421617,0.06926850940323262,0.7840802530456389,0.5887836253154465,1.1329848110183622,2.144322987496853,0.7431896748375919,1.609842644827586,0.9897020284750058
site_ec919d9a24ddf81b,54,0.11576939313372771,0.10964712176278785,0.03714917328404465,0.04855266327516042,0.05858267237366405,0.037149173284046544,1.2065799983342003,0.7750870413665829,0.7237378288737865,5.920944575190544,0.11904919752230249,0.1272975,0.1853241931317633
site_ecbc4520bb039c64,117,0.2047518959857565,0.07308208210804522,0.19126512537447846,0.17172270627834763,0.08063683699476779,0.19126512537447887,0.46957585716161765,-0.02135312130775769,4.905030652442159,8.55060360664129,-0.03459460986743115,3.450176478632479,0.7607690392209279
site_ed130293b294c5a2,39,0.06528854653803107,-0.03426338724906629,0.055575305696587675,0.054385126389359315,0.022326884723897066,0.055575305696588105,0.41053291968197797,0.15137616433300566,0.1662411780528973,-1.3362721027135853,0.007168534436535376,0.11535193692307688,0.01944110147749334
site_ed8668d708cd9f42,70,0.08295317079558566,-0.0678676346216883,0.04769918988723623,0.09594681881551013,0.06006469370763245,0.04769918988723767,0.626020689889958,0.9143082576116275,0.48168599815291235,-4.750734423518181,0.3688421364288245,0.644405442857143,0.2525437201134191
site_ed9138fe753e1f02,20,0.05059007587102171,-0.022785032885074614,0.04516855159357894,0.04288317239897253,0.014601920218729856,0.045168551593579145,0.34050466422768,0.009569580549534967,0.05118711553271467,-0.45570065770149226,0.00011984496012330066,0.03677932949999999,0.0042643214814830355
site_eda005e51a299a0e,329,0.22565254020721773,-0.22220459838116421,0.03929612398488581,0.07235669123153658,0.06376603255441332,0.03929612398488638,0.8812734726960672,0.8406569039823206,16.752373668748135,-73.10531286740303,1.2760943255659567,1.722476462006079,1.3377491726433344
site_edb67bacc6a2f615,2,0.06930745058798689,0.06833189039826393,0.01158772892355919,0.07665,0.08823772892355927,0.011587728923559791,1.1511771549061875,,0.009607045414012489,0.13666378079652786,0.013526843843981623,0.011750444999999998,0.015571793611175055
site_edc41c47fa42988f,103,0.021633696293205117,0.0017660862077787077,0.021561487769013777,0.021369083293466096,0.013514918107738154,0.02156148776901378,0.6324519363856163,0.30192542515039805,0.04820573197658359,0.1819068794012069,0.008981238338604423,0.047033685242718455,0.01881326018026347
site_ee1921e55841ea0d,206,0.08026441889974925,-0.05167658131620258,0.061415860205522865,0.08555681359390584,0.050495260018055606,0.061415860205524114,0.5901956594331647,0.7057326776851724,1.3271296499107716,-10.645375751137731,0.6280766704404382,1.5079134805825243,0.5252528845639552
site_eef5f3ba42e04423,79,0.028431492977224134,-0.009176527189453946,0.026909870710487584,0.029943061386108267,0.033718637763126134,0.026909870710488323,1.126091862429588,0.6484456347015578,0.06385963364020167,-0.7249456479668617,0.05172099648665967,0.07083036708860758,0.08981877607547234
site_eefad9fa85f80180,151,0.05737514071628353,0.047038490507776365,0.03285250649437831,0.03970231760324784,0.048796053311167244,0.03285250649437833,1.2290479815005935,0.7427908134743221,0.4970779226042138,7.102812066674231,0.21729214524334634,0.2380173774834437,0.3595392776306876
site_ef1a0b7a4f85647e,128,0.12887139628580446,-0.09360831652302296,0.08857381022841009,0.10085710807870707,0.051842693858594115,0.08857381022841028,0.5140212211729986,0.47951663814064677,2.1258031079235655,-11.981864514946938,0.3209280830807984,1.302036,0.34402110803403674
site_ef1b5625cbf889df,183,0.09018171387675691,0.00506988868140132,0.09003909010261847,0.12119144356353147,0.06910521239383745,0.09003909010261878,0.5702152756156489,0.6779649108385547,1.4882916977481129,0.9277896286964415,1.0390610643249798,2.687787976721312,0.8739220595395214
site_f005fd2353ec048d,130,0.10550229054491742,-0.07223349877623411,0.07689639110366595,0.08307237396376928,0.06675079587902943,0.07689639110366606,0.8035258015876826,0.49084659301833006,1.446995330329142,-9.390354840910435,0.3538361516099939,0.897132511076923,0.579236937562901
site_f059546b5612f674,32,0.1298432012322082,-0.08403639096580445,0.09898051272685024,0.12720319313503886,0.035803993477662825,0.09898051272685024,0.2814708703078964,0.841545119905423,0.5394962209992866,-2.6891645109057425,0.12264698228845375,0.517780875,0.0410216303663527
site_f07b80b3214910ba,44,0.12444620566677288,-0.09392815221439708,0.08163553347927473,0.09835446468331012,0.05131597530821877,0.08163553347927499,0.5217452555250056,0.5589851514586118,0.6814217566136963,-4.132838697433471,0.12413653380762442,0.42563843181818184,0.11586649016068362
site_f0ccb43d6f9d9cfd,309,0.04178534233265436,0.03460683907544343,0.023417547332363352,0.025492549272102424,0.028552999456309555,0.023417547332363644,1.1200527319390656,0.6297406911006954,0.5395185836618489,10.69351327431202,0.14163977894661978,0.20080985113268607,0.2519195973871723
site_f1050af72de062ae,91,0.10503099437190838,-0.09409870473329837,0.046657727615769924,0.06255148363789058,0.032409974973530785,0.046657727615769994,0.5181327937983302,0.6871607568982767,1.0038673898664183,-8.562982130730152,0.12676987217525532,0.35605461758241763,0.09558698947842514
site_f1573be180b99853,119,0.05509532313111574,-0.04709108370272051,0.02859937878041108,0.04469950703262642,0.032969139494003825,0.028599378780411255,0.7375727761368703,0.7691792878552192,0.36122386107972476,-5.603838960623741,0.13489159446791316,0.23776746554621847,0.1293487349180349
site_f2457bdf17f809aa,15,0.08639224370793935,-0.08222968170245487,0.026493380682822358,0.04126600968782365,0.03522157579293845,0.02649338068282266,0.8535251181150977,0.7711093401592491,0.11195429659337981,-1.2334452255368231,0.01681157802666227,0.025543253333333335,0.018608391020065618
site_f2e692f63befa2ca,575,0.09974200933421544,-0.009383223926917365,0.09929966533057424,0.1344642444121515,0.07793448571535466,0.09929966533057424,0.5795926348752959,0.6820042744446816,5.7203693449653645,-5.395353757977485,4.109523146856531,10.396363989565216,3.492425836637172
site_f35139d0576344b1,63,0.06416332201219403,0.0584005232765561,0.02657650790952285,0.06413612224691127,0.06464759637942497,0.02657650790952421,1.0079748215918733,0.9148568196032907,0.25936670917335164,3.6792329664230343,0.2389729583380478,0.25914685714285707,0.2632966382111336
site_f39ad74b903eb489,68,0.0808688710775173,0.07109358267047826,0.038541883872327584,0.07388664398366968,0.08003888357468868,0.038541883872327855,1.0832659227610713,0.8776061364950369,0.44470465303594364,4.834363621592521,0.3529193958412198,0.3712280588235294,0.4356231561040147
site_f408269ff3bfc904,433,0.047792908772416064,-0.005360326911918561,0.047491357364533665,0.06692052862627104,0.03902432490425662,0.047491357364533665,0.5831443012381826,0.7171712142051478,0.9890422018260338,-2.3210215528607367,0.8109713423205303,1.9391286466512703,0.6594148055228818
site_f40d91148ce5f169,100,0.07365963714458527,-0.012109689928412437,0.07265739848157016,0.08172392327831551,0.06291109287453857,0.07265739848157117,0.7698002047734692,0.5210223701713578,0.5425742144271968,-1.2109689928412437,0.26787538442794984,0.6678799635999999,0.3957805606668818
site_f41236f6a73e8c51,344,0.10049729954684124,0.07923971583295701,0.061812415022548334,0.08022211993946854,0.06722115954944256,0.06181241502254953,0.8379379602554031,0.6614125394773698,3.474299282375392,27.258462246537214,1.2269616848674798,2.213842453488372,1.5544273961630353
site_f459e887bba62073,76,0.07871377395313998,0.061937977641820914,0.04857514936248073,0.04930889935297341,0.06313440438029139,0.04857514936248084,1.2803855938529334,0.6517283558337496,0.47088522395589744,4.70728630077839,0.15419546657820282,0.1847839342105263,0.3029324292505159
site_f468c03f1fedb166,24,0.1166030442203884,-0.08564441287020841,0.07912840492250005,0.08441858956348944,0.03658972249623654,0.07912840492250046,0.43343205193825446,0.356767019647217,0.3263104781150845,-2.055465908885002,0.02644801908793549,0.17103595833333332,0.03213138701643836
site_f4812d36f8b87671,83,0.08816056084959939,-0.058344081597873965,0.06609275778643633,0.06853445413576326,0.057052352720938004,0.06609275778643645,0.8324623496368732,0.4582662659637902,0.6450996126132211,-4.842558772623539,0.1487231234988894,0.3898486265060241,0.2701625889325287
site_f48c6b207c3fab2d,284,0.12958444517117942,0.12465579335958185,0.03539861031475152,0.04645192347155819,0.03243345032129372,0.03539861031475152,0.6982154429224493,0.6493605731111971,4.768964474211563,35.402245314121245,0.27784405600646855,0.6128098591549297,0.29874775072724713
site_f4ae282ac466260d,9,0.13565761923506583,0.13140744596057466,0.03369084152473414,0.022557372669005475,0.03844705310354299,0.0336908415247356,1.7044118420923384,,0.16562690690873494,1.182667013645172,0.003833721681435904,0.004579515555555557,0.013303583031119892
site_f4e6d6d6c1cafad7,124,0.040899450219637874,-0.008839829586205944,0.03993272393858795,0.04518406323870869,0.058281943495372725,0.03993272393858958,1.2898783181022824,0.7298056016955127,0.20742286350531094,-1.096138868689537,0.23831324816651406,0.2531583467741936,0.4212013322621295
site_f4e907a8ba8d1abb,25,0.22788815444225705,-0.2146522080450058,0.07653391742555417,0.07287956377476473,0.058736585018154375,0.07653391742555422,0.8059404032614764,0.33919440302069986,1.29832527337745,-5.366305201125145,0.03629970898866654,0.13278577039999997,0.08624966048987193
site_f5ae0072aa9d0a04,65,0.18776397966855632,-0.16587733162769902,0.08797740001300552,0.10741916563426719,0.035527983443966044,0.08797740001300552,0.3307415695717567,0.6630738336714731,2.291595283963312,-10.782026555800437,0.1644854848035253,0.7500270144615384,0.08204544449365714
site_f5fb4b6c3b6ce99f,102,0.06061554642124013,-0.027751553585131965,0.053889662659521886,0.06258778072467487,0.03215963217957838,0.05388966265952194,0.5138324415279935,0.5085891517403792,0.3747729357304428,-2.8306584656834604,0.10441620131684286,0.3995574901960784,0.10549267807642887
site_f617214b073c06c0,689,0.030779978059851686,0.0047412129345237785,0.03041262812179269,0.05048433233973089,0.04974804372962234,0.03041262812179269,0.9854155026721213,0.8159691387358343,0.6527634570124513,3.266695711886883,1.4119703586575147,1.7560321223222062,1.7051839520429233
site_f645d63c8edb6a7a,176,0.0942791261020835,-0.01594745384983041,0.09292057002773979,0.11337114285856807,0.05744647407890909,0.09292057002773979,0.5067116078257612,0.5772411961102653,1.5643854368687713,-2.8067518775701523,0.6616615352931348,2.262130821818182,0.5808171396013843
site_f65ec349d3fa498b,397,0.14544274016207126,0.14228590655687173,0.030138206004023282,0.026685419576828063,0.03163375370987766,0.030138206004023976,1.1854321277881057,0.4765059583756918,8.397975494343157,56.487504903078076,0.15969216432957262,0.28270831234256927,0.3972756663895478
site_f695cfa2b198ee8e,37,0.049806612346280504,0.04782978938012509,0.013892799619426414,0.0214687688296765,0.014961507828507208,0.013892799619427404,0.6968964055277247,0.7654685266385768,0.09178584943626848,1.7697022070646282,0.009097280100531676,0.0170535972972973,0.008282328510591852
site_f6a13c8718860659,32,0.027965419326836383,-0.008433764051645995,0.026663388795255524,0.03236991695135315,0.030725432472616943,0.026663388795255524,0.9491971363038216,0.6439541372732226,0.025026069700025407,-0.2698804496526718,0.020494838752318174,0.03352996875,0.030209670420139
site_f6e487124edabf8f,133,0.10971435422011308,-0.09909179013949587,0.04709624877722804,0.08439375235256907,0.05279693055568068,0.04709624877722863,0.625602358988763,0.8631316075077279,1.600952856417547,-13.17920808855295,0.5115023501135408,0.9472666230075188,0.370739611521482
site_f7b6fd0b704f24d5,64,0.0848210798370393,0.02677009010054171,0.08048588609644722,0.08017830495799659,0.044072033623459225,0.08048588609644725,0.5496752974080391,0.26784520731538125,0.4604553974221694,1.7132857664346695,0.0605736599332653,0.4114278775,0.12431002545326852
site_f801eca3ddf0629c,849,0.040714655385157006,0.0018946969534117987,0.040670545688333545,0.047011938799655636,0.06251563952145349,0.040670545688333545,1.3297822025138732,0.7594866470951193,1.407373005499148,1.6085977134466172,1.8950674552101785,1.8763939088574795,3.3180662018750935
site_f80bf9d30cd43152,124,0.019059176301004406,0.0008176331001904698,0.019041630113680943,0.019698500407753276,0.011180969008225319,0.019041630113681072,0.5676050855030833,0.34157197461679306,0.04504327295782323,0.10138650442361825,0.009328601151236123,0.04811583387096774,0.015501744427398989
site_f8577ef511842081,219,0.06549520417981744,-0.032811949561828896,0.056683310916953084,0.07858698888785544,0.0636983208326176,0.05668331091695309,0.8105453807820001,0.7012175970454071,0.9394271677517587,-7.1858169540405274,0.7687330513317495,1.3525253461187212,0.8885872608400237
site_f85796d856927f97,73,0.07903205963078908,-0.0340690730630535,0.07131174314311019,0.10187417131815199,0.047879489555202825,0.0713117431431102,0.4699865425719702,0.777564582572444,0.4559628508123758,-2.4870423336029055,0.2768681070977082,0.7576193150684932,0.16734852296487468
site_f863ed028d428c3e,85,0.132564063640693,-0.10273680721591502,0.08377576864471982,0.09495401524096084,0.03147550261286387,0.08377576864471993,0.3314815338033869,0.4999778347449724,1.4937246323593651,-8.732628613352777,0.12701519668172387,0.7663825258823529,0.08421011750225404
site_f8923c8bedba827f,29,0.06776792545300232,-0.0406136396691717,0.05424964509585628,0.06536619612398584,0.07152179929884302,0.054249645095856315,1.094171047725973,0.689297812225002,0.13318225988590673,-1.1777955504059792,0.09345370897573645,0.12390944827586206,0.14834566547337547
site_f8bf18cf05681ba1,521,0.055841288511257275,0.02373616916410296,0.05054546246707573,0.06413669338200492,0.07320217771539979,0.0505454624670768,1.1413463004617324,0.7366677948752856,1.624607990853284,12.36654413449764,1.8019385411454627,2.1431415431861804,2.7918091464063037
site_f9474c251f4c85b7,278,0.11351562201170876,-0.09946790871903194,0.054698551861703526,0.06737369251298479,0.034063575096534605,0.054698551861703894,0.5055916311840799,0.5898961194895139,3.5822514105160286,-27.65207862389088,0.37635779214393106,1.2619016151079139,0.32257094724331625
site_f956c78502603f81,228,0.04094050587644165,0.00021598885927284008,0.04093993612881709,0.05377132362069216,0.04050918277046719,0.04093993612881711,0.7533603423308429,0.6556395895632177,0.3821565048835214,0.049245459914207534,0.32561486691595953,0.6592289956140351,0.37414660663069443
site_f9b796db02c200aa,619,0.11147265871792247,0.09728533235842268,0.05442166617766908,0.0436637165351701,0.07288527470313626,0.05442166617766935,1.6692412026912293,0.6688363362378883,7.691789104176656,60.21962072986364,1.3175618219747776,1.1801359676898222,3.288290963233462
site_f9f0235d2e05c1c5,86,0.11892469777866742,-0.012085474459515064,0.11830902353090314,0.13398621998457327,0.03454811155806027,0.11830902353090317,0.25784824411076024,0.5561553796605702,1.216305201790275,-1.0393508035182955,0.22140072669331418,1.5438984145348835,0.10264719305162329
site_fa6684a460ee051b,87,0.017690116778774537,-0.004387998016264247,0.017137260722062363,0.025409193582436075,0.025558606951309428,0.017137260722062463,1.0058802877150983,0.7739045944404918,0.027225800153261193,-0.3817558274149895,0.04372549541942005,0.056169559310344834,0.05683208786836247
site_fa67fc8ac26d4830,132,0.07348785101154508,0.0642692401246591,0.035636063476399214,0.06730838360274266,0.060780113576325755,0.035636063476400935,0.9030095557643001,0.8499991016216012,0.7128612805109461,8.483539696455,0.459010971505082,0.5980152424242424,0.48763733123833974
site_fa6f730253456586,123,0.038106535305704285,-0.018576488479559984,0.03327194176440056,0.03858576805590042,0.03471149339122724,0.03327194176440121,0.8995931697132374,0.5923410245392091,0.1786092880596011,-2.284908082985878,0.09758372041006397,0.18312996406504067,0.14820119613425314
site_fa8f84308360a237,255,0.04951176618086601,-0.006451622909891838,0.04908962774535274,0.08446777864135166,0.0632361963040078,0.04908962774535376,0.7486428235849234,0.8166207595257107,0.6251108225389305,-1.6451638420224186,1.112288401426813,1.8193754352941178,1.0196982133647474
site_faac0be9a66c6585,533,0.09872732248030945,0.07400341387112637,0.0653496667133796,0.0802532364799751,0.07810796710407594,0.06534966671338001,0.973268749398855,0.6597245641613096,5.1951958808018315,39.44381959331035,2.2041835373661165,3.432830187617261,3.2517554618950415
site_fab524c655a9dd78,4,0.09987521092752194,-0.04726839080750943,0.08798157186755393,0.11416458513917528,0.028845402898070093,0.08798157186755395,0.25266507002066674,,0.03990023103126799,-0.1890735632300377,0.012249705560132863,0.05213421,0.0033282290734079623
site_fadb31acf1acd232,565,0.05160986695015094,-0.03721607877891676,0.03575670352442664,0.037817834341110856,0.02153003987226627,0.035756703524427745,0.5693091697972108,0.3777785832863936,1.5049217771359396,-21.027084510087967,0.1737909953919396,0.8080565557522124,0.2619015785492771
site_fb12f9388775927e,36,0.043668114327978826,-0.02457603254417579,0.03609602240343169,0.058105241896084285,0.04387784536909974,0.03609602240343179,0.7551443542317766,0.7841753569144407,0.06864855152261147,-0.8847371715903284,0.07197410910038485,0.12154388888888888,0.0693095513124466
site_fb318c5726a2f05c,229,0.041887110080357316,0.006251340651095693,0.04141800008387573,0.06367017176423491,0.05819910725801804,0.04141800008387663,0.9140717803231984,0.7725682452117818,0.4017873679124294,1.4315570091009138,0.655578466560903,0.9283409868995633,0.7756541636093359
site_fb4c3069d7e94bed,118,0.021899996919796133,0.003982401930174585,0.021534863360458595,0.015938574997119745,0.017244014200188177,0.02153486336045864,1.0819043862644142,0.1594423300236036,0.05659396408027546,0.46992342776060103,0.005170987664567213,0.02997650440677966,0.03508801103688239
site_fb501c568fd614c3,94,0.06716599904382145,-0.025538589673853935,0.06212126741322286,0.06920450863485399,0.046601356323537374,0.06212126741322299,0.6733861310889676,0.48091093185304573,0.4240595141901346,-2.40062742934227,0.1457892323933066,0.45019081744680856,0.20413852265216992
site_fb66aa74c523bf6b,430,0.10131025039262723,0.08956016875699509,0.047357607697553546,0.0497236059932219,0.06667661887776574,0.0473576076975537,1.340944960565708,0.7051129237732532,4.413419738885234,38.51087256550789,1.0052250805874898,1.0631479069767442,1.9116817471374556
site_fbbe7c46acc177a1,41,0.04172127390508704,0.0165689004281672,0.03829015845964571,0.023180152128636305,0.023349794440480173,0.03829015845964573,1.007318429616098,-0.3543673117986697,0.07136725254679517,0.6793249175548552,-0.007863879575780252,0.02203009756097561,0.022353728916919835
site_fbcf22b1e9843130,94,0.10439057721683277,-0.04617441699986761,0.09362326541189354,0.1116111889197399,0.06226279670126437,0.09362326541189356,0.5578544347022216,0.5445497716918651,1.0243549054963712,-4.340395197987555,0.35571468338148376,1.1709634042553196,0.3644056501879198
site_fc3e5e33830dc393,21,0.03917094026710176,-0.0005594393951552248,0.03916694510645428,0.07398777247755521,0.0745248605824951,0.0391669451064544,1.0072591468421734,0.8609193839589439,0.032221613789585934,-0.011748227298259722,0.09968800518661736,0.11495800000000002,0.11663305174164701
site_fc969b6a7d772c7d,88,0.0754914638127872,0.042599443597549747,0.062323739568294005,0.06332166402843957,0.03994018796707623,0.06232373956829402,0.6307507640534832,0.34016397373128165,0.5015085775565675,3.7487510365843777,0.07570654240157454,0.3528477159090909,0.14037923810639347
site_fca46353b779e0c3,13,0.059113584581337954,0.05780676626242125,0.012360973114475789,0.011665454994842098,0.019125449245677613,0.012360973114487746,1.6394944949968915,0.782297030674798,0.04542740646671495,0.7514879614114762,0.0022689679528658216,0.001769076923076924,0.004755176515036874
site_fd9f51d6899fafaa,46,0.051753405345678086,0.0006276409787976211,0.05174959933831175,0.06476356956877241,0.032045177739503015,0.05174959933831222,0.4948025248280092,0.6127110978409338,0.12320708838420683,0.02887148502469057,0.05849342354330356,0.19293871739130433,0.04723709715239162
site_fdbd79ba7196fbc0,8,0.09560583969897468,0.09082273441553115,0.029861471796144536,0.055083219711178834,0.03605051245187261,0.029861471796145466,0.6544735881616658,,0.07312381267636835,0.7265818753242492,0.013768372175842524,0.024273288750000004,0.010397115584340977
site_fe445170e29174a0,133,0.03129122174194004,0.005290354399932056,0.030840763745834505,0.051508748070784524,0.07140099675132437,0.030840763745834547,1.3861916553126752,0.9244854556319372,0.13022569422773367,0.7036171351909635,0.4522067003056407,0.3528691,0.6780476108319903
site_fe8014b9bedb3a60,34,0.06712378305326609,0.02118599005306468,0.06369266894120057,0.09546928345308234,0.05710232783741981,0.06369266894120057,0.598122514090957,0.7629345953822437,0.1531904765469857,0.7203236618041992,0.14141116546094418,0.3098890588235294,0.11086297871137374
