physical_site_id,n,rmse,bias,ubrmse,observed_sd,predicted_sd,within_series_ubrmse,amplitude_ratio,r,sse,sum_e,anom_xy,anom_yy,anom_pp
site_0089d624f3191d41,19,0.026791928284089224,0.0023867434843590388,0.026685405687747184,0.027497469034878458,0.023640752603133423,0.026685405687747306,0.8597428575388855,0.46371435727924476,0.013638341002415823,0.045348126202821734,0.00572740854734653,0.014366105263157892,0.010618818489208634
site_008c2bef2cb4aaa3,42,0.026710176503742664,-0.014606121113612541,0.02236279845805459,0.04564469529547525,0.0487275818645875,0.02236279845805464,1.0675409606561195,0.8897130759670172,0.02996420821216564,-0.6134570867717267,0.08311213445033701,0.08750440476190477,0.09972384384354323
site_00edf1317915280d,216,0.11863864838789247,0.11101038131669716,0.04185479818643825,0.0416768380074971,0.05312483950413657,0.04185479818643892,1.2746849819696047,0.6339854902717524,3.0402278405220917,23.978242364406587,0.30319739288091657,0.37518310648148145,0.6096056916254983
site_01183702de237e95,654,0.08928239205728494,0.05946447497843237,0.0665982112898697,0.08191912268218,0.0789855726196319,0.06659821128986983,0.9641896792043374,0.657927151460921,5.213259977581863,38.88976663589477,2.7841243019113113,4.38882570030581,4.0801233260614485
site_01e54199a3b60966,138,0.05884807762665555,0.02573333463254182,0.052923451597968366,0.06063687222785308,0.05181492587307904,0.052923451597968414,0.8545118501227419,0.5666524570073944,0.47790728116869713,3.5512001792907713,0.24569003105593332,0.5074025777536232,0.37050054296610924
site_026dbe6171ec07f4,71,0.051488976339359914,-0.0020599621660272855,0.05144775252962661,0.0623497612794217,0.046512570380138736,0.051447752529626696,0.7459943618980629,0.5868939228015582,0.18822914259773674,-0.14625731378793727,0.12084344465895752,0.276011983943662,0.15360276343908252
site_02b6ac3cafd20e22,104,0.06924051038248552,-0.054810524263462196,0.042309038135976425,0.050130688072770435,0.045452345761174545,0.04230903813597642,0.9066770776254908,0.6119983972305191,0.4986018209148169,-5.700294523400069,0.14502523952026564,0.26136093221153844,0.21485523646010962
site_0312a18810484838,58,0.1870218422674258,-0.16948720616924356,0.07906488746622127,0.057037839204077095,0.05505335210425087,0.07906488746622128,0.9652075336738148,0.005243462737392994,2.02867583013591,-9.830257957816126,0.000954977219217802,0.18869227586206894,0.1757905515190482
site_0322f6b7744e5e7d,83,0.022125529201161495,0.0005289925645632919,0.022119204535834616,0.048264746403469304,0.05487468491103514,0.02211920453583619,1.1369516883463975,0.9158833722770943,0.04063174052181036,0.04390638285875323,0.2013354895774051,0.19334731686746987,0.24993217665908724
site_0430e77fe9702577,394,0.0702909534372692,-0.033187682856278974,0.06196285856665582,0.06308981520330414,0.048268569075494275,0.053094017887885155,0.7650770400888154,0.5732204182087755,1.9466823452374167,-13.075947045373917,0.6877673470782406,1.568247964260504,0.9179627756747304
site_0472cafe265e9bf9,112,0.12441233312130422,0.10562750196510128,0.06573628724912062,0.05345248029673131,0.09290142416529328,0.0657362872491207,1.7380189590748385,0.7215923053014002,1.7335840068608734,11.830280220091343,0.4013286368287434,0.3200027767857143,0.9666355565372504
site_047754da87a40137,94,0.0938827359582291,-0.08942257535324452,0.02859320073366869,0.02643204199540929,0.01310507363678734,0.02859320073366869,0.4958025429538674,0.07624943377597396,0.8285130024342411,-8.405722083204985,0.002482759531210872,0.06567336734042555,0.016143837772408146
site_04a0ab31c36d8277,117,0.08364340931668963,0.05082285728760255,0.06643234979468411,0.0971675470643278,0.09244713602390929,0.06643234979468443,0.9514198805770671,0.7555915312784584,0.818557730887956,5.946274302649498,0.7941227616432769,1.1046592676923077,0.9999373362057129
site_04a334aa2f23d43d,112,0.07156914954774579,0.042531920505421504,0.0575602198146264,0.09028436569669096,0.07536838064600836,0.057560219814626695,0.8347888370751517,0.7728963896459932,0.5736800347026115,4.763575096607209,0.5890349127794483,0.9129418691964286,0.63620399373458
site_05aa898de0a23cc1,66,0.03547150539089771,-0.012010685124180536,0.03337620615864353,0.04924598588518144,0.055797727015111626,0.03337620615864353,1.1330411202489838,0.8051094805374246,0.08304302784996803,-0.7927052181959153,0.14601121683430038,0.16006103030303032,0.20548349844349256
site_05ff70d4d3251126,56,0.11272197644645889,0.02129237973690033,0.11069272125634852,0.1301280165895516,0.055694477529881485,0.11069272125634902,0.42799759029258405,0.5369018003561399,0.7115496625437778,1.1923732652664185,0.21790431571219648,0.9482648392857145,0.17370499033028253
site_0616304fbe5abc7f,91,0.0646415356979464,-0.023315338126578176,0.06029032381263356,0.11940051015747982,0.10532053007520506,0.06029032381263362,0.8820777225850678,0.8633563227763029,0.38024606050238796,-2.121695769518614,0.9879857594769161,1.2973398461538461,1.0094096790343177
site_062fed1c5ac99ce7,88,0.08327080932666718,0.03008022443679246,0.07764797346840648,0.09858150901895621,0.04984272536575641,0.07764797346840892,0.5055991317415537,0.6281992575114864,0.6101944363607983,2.6470597504377364,0.2716297499779612,0.8552116249999999,0.2186181599259871
site_06fbc9bb474fb230,264,0.09201134882319634,0.07969577850604599,0.045985554259779994,0.042388523924692556,0.04389281397529999,0.04598555425978132,1.03548814422696,0.4323166534743866,2.235047314437673,21.03968552559614,0.21234772397589052,0.4743517575757576,0.5086168873289565
site_0749a2df9169c11c,244,0.09526255353841333,-0.050982878063423706,0.08047173572770214,0.12497917536826818,0.08166366905586643,0.08047173572770223,0.6534182099956517,0.774674167718879,2.2142888020248117,-12.439822247475384,1.9291919619410498,3.811229803278689,1.6272249818545226
site_079486718438a070,226,0.09026658347151978,0.04255872200231637,0.07960409080663128,0.10253387561981735,0.07137429913931653,0.07960409080663225,0.6961045674696177,0.633391350643958,1.8414606767063115,9.6182711725235,1.0475862698131033,2.375982216814159,1.1513096705440726
site_088275f9ba9853b1,86,0.0965149849324933,0.042952661870523934,0.08643038328479082,0.08186361730849549,0.040476568109717025,0.08643038328479116,0.49443903702892594,0.13124761601771046,0.8011022392206691,3.6939289208650585,0.03740110975070748,0.576342058139535,0.14089832067088826
site_08cce474c4f1c65e,101,0.0696769816934497,-0.04109924325228918,0.05626485565607084,0.13094279995895935,0.08872583990808365,0.05626485565607092,0.6775923528127737,0.9404604455831092,0.4903430595688417,-4.151023568481207,1.1035541560976665,1.7317477029702968,0.7950997414068839
site_08db8db92cc27df6,416,0.042863559724330286,-0.001969106777642782,0.04281830649079283,0.06347767054392484,0.03811753969605549,0.04281830649079296,0.6004873740550889,0.754036840246869,0.7643104569323516,-0.8191484194993973,0.7589824568401807,1.676236497596154,0.6044258823118323
site_0902e4bb7164303d,146,0.056179669807205325,-0.025332315220163295,0.05014408345191784,0.06793365152536904,0.042812789101427114,0.05014408345191798,0.6302147483628077,0.6762218857028176,0.4607986737484062,-3.698518022143841,0.2871445374935865,0.6737872273972603,0.26760849695391836
site_097bbf563f897742,21,0.04081946021467206,0.0030151018613860723,0.04070795368208357,0.06067051643612284,0.028628124692552073,0.0407079536820836,0.4718622219524584,0.8185189835702388,0.034990794976561095,0.06331713908910752,0.029855107748082706,0.07729914285714289,0.017210959991658503
site_0983900925777e9a,101,0.05084530100857763,0.016314655227826373,0.048156792453921,0.06572609390238202,0.05488746805112227,0.04815679245392112,0.8350940211454292,0.6948611057520317,0.2611097080999394,1.6477801780104637,0.2531805839185225,0.43631186138613853,0.30427604905535977
site_098c5f4a8213f315,52,0.0777014840363307,0.06221963973687246,0.04654285178694963,0.04125759330326376,0.03642287594013842,0.046542851786949904,0.8828163017753416,0.2870054728240322,0.3139510723153041,3.235421266317368,0.022427023956122307,0.08851382826923078,0.06898454637103713
site_09d142dad852325f,523,0.03956079823560247,-0.000989928974362222,0.03954841081085011,0.06482218046550325,0.05185436036077386,0.039548410810850254,0.7999477954674704,0.7923560582115017,0.8185246839308989,-0.517732853591442,1.3929354419331021,2.197601586998088,1.4062814620462722
site_0a639c884418ac75,179,0.05027901931643102,0.046744319269943505,0.018518866040112495,0.02607977763824632,0.018186457703209133,0.018518866040112505,0.6973394465042703,0.7041486128218044,0.4525083812325458,8.367233149319887,0.05978185132052229,0.12174770949720672,0.05920375663852005
site_0ad0f907a285c78b,99,0.04076598429416106,-0.02911396951085389,0.02853493043259184,0.04790816343017889,0.04666785518198255,0.028534930432591896,0.9741107118413346,0.8182497658416797,0.1645246820717068,-2.882282981574535,0.1811125094994451,0.22722402020202023,0.21561098202136306
site_0b0ed8efdae8e576,91,0.07298450046942209,0.0393044768191956,0.06149711709292062,0.09835363969989684,0.07284267614841644,0.061497117092922306,0.7406200357269832,0.7814812576284502,0.48473309509816764,3.576707390546799,0.5094907317472519,0.8802828982417583,0.48285104763014
site_0b38093eb399bd08,170,0.07004857361725347,0.01700070057518342,0.06795424082251773,0.07589725955043725,0.052222064430724476,0.06795424082251783,0.688062582760587,0.4881730630027882,0.8341564531880025,2.8901190977811813,0.3289295298672161,0.9792669812352942,0.4636144822791455
site_0b499005763b91ab,135,0.04753006667984019,0.035996006312458605,0.03103860125945587,0.04105325728377326,0.04690277179603267,0.031038601259457618,1.1424860023122088,0.758719197420732,0.30497947720965735,4.859460852181912,0.1972245488139987,0.22752494103703705,0.2969824502903469
site_0b5d986a46425a8d,144,0.0633639338157971,0.04719755476671788,0.04227740451654263,0.04989857769070733,0.04989872706980565,0.04227740451654296,1.0000029936544332,0.6410706226247328,0.5781582876402308,6.796447886407375,0.22985079019827148,0.358541,0.35854314669892157
site_0b72a3f0c80e88c1,80,0.08913325901585083,-0.02426864433735609,0.085765790177749,0.08590768787447081,0.04307106066350395,0.08576579017774903,0.5013644497852138,0.25397400608042103,0.6355790290229402,-1.9414915469884872,0.07517905351212248,0.5904104668749999,0.14840930133433894
site_0bcb08d77ff25c9a,123,0.11166595147377915,0.09087294896540603,0.06489523761321096,0.101546749476787,0.07933565115656713,0.0648952376132112,0.7812721880841966,0.7692446058547519,1.5337220203809612,11.177372722744941,0.7622615045450569,1.2683443065040652,0.774179901965691
site_0bf83088dda14a95,57,0.06363699163717212,-0.05469922649808097,0.03252170544638075,0.03429183320502716,0.04291143633523245,0.0325217054463812,1.2513602314192307,0.6658661672322994,0.2308310021638824,-3.1178559103906154,0.05585030623152852,0.067028,0.10495930799610435
site_0c4d512642175d8c,82,0.10877295571370513,0.0931051425672159,0.05624045094266279,0.0907497162824984,0.07689396473505428,0.05624045094266497,0.8473190648407979,0.787119406671573,0.970187583365044,7.634621690511704,0.45039338432761233,0.6753119024390243,0.4848399086394132
site_0cc518f8eb987b6e,366,0.07368274354478328,-0.02829905767404968,0.0680316840233072,0.060518452887148,0.05490749626159835,0.06591300857928063,0.9072851938893298,0.35101565555130965,1.987067690840787,-10.357455108702183,0.42690086016462914,1.3404688291865465,1.1034289313325818
site_0cc8f0bf6d22e691,356,0.11428681803281268,0.09129999180431111,0.06874436902465511,0.0649383079578163,0.08266232839793768,0.06874436902465532,1.2729362836437752,0.5890753505854757,4.649885732279224,32.50279708233476,1.1257175865110556,1.501246247191011,2.4325695508759835
site_0ce5386aeb45589f,400,0.06579783794991334,0.05969686629250645,0.02767019395916231,0.0460423107043945,0.041380888698745594,0.02767019395916234,0.898757861316374,0.8047756744936633,1.7317421915532223,23.87874651700258,0.6133265381520614,0.8479577500000001,0.6849511797991883
site_0d5442a09f1a2d6e,357,0.15239918665181482,0.09947745391267356,0.11545452895052061,0.12121564115778115,0.06211184241580262,0.11545452895052179,0.5124078198369988,0.3467535620785467,8.291507816892084,35.51345104682446,0.9320135408287205,5.2454837030812325,1.3772635056779226
site_0d5e4db658745469,47,0.04463123723669277,0.017339043384156327,0.04112547764829359,0.057639846275628945,0.03587412990215369,0.04112547764829522,0.6223842050273103,0.7055879021475994,0.0936215248520637,0.8149350390553474,0.06857300383318612,0.15615053829787237,0.060486800223120085
site_0d7b03db25fcc113,73,0.0697723007603282,0.054483994087127785,0.043585184887797807,0.04879072462602647,0.06696585280277145,0.043585184887797807,1.372511954189133,0.7598434393078392,0.3553766985974477,3.977331568360328,0.1812331546942563,0.17377904109589043,0.32736305723697906
site_0da833e2b1888903,55,0.08808333033299619,-0.06864717152292078,0.0551927434039514,0.0796117640295756,0.04534472067538099,0.055192743403951756,0.569573118095154,0.7407170968784464,0.426727019540345,-3.7755944337606433,0.147068287865804,0.34859181345454543,0.11308790312205785
site_0dbafc8a640ef8c3,279,0.0999663843098365,-0.006161112497357054,0.09977634331231446,0.1067653435399822,0.06197981511477154,0.0997763433123145,0.5805237267050138,0.3993335930426769,2.788124559762957,-1.718950386762618,0.7372599242442291,3.1802759641577065,1.071777797383492
site_0dc29dbfcf3d5b45,16,0.04247588919157973,-0.015409770134836433,0.039582068503387524,0.09213167801440501,0.05823317254386991,0.0395820685033876,0.6320646036075128,0.961079017668274,0.02886721860184575,-0.24655632215738293,0.08250086665013806,0.1358119375,0.05425763815238599
site_0e03bfb1bac21c69,145,0.06475952435876885,0.05538043609446492,0.03356789080596011,0.05988983783069082,0.03780342550940828,0.03356789080596017,0.6312160272712535,0.8588820437910737,0.6081004193002264,8.030163233697413,0.2819589062791446,0.5200849379310346,0.20721935213558024
site_0e7b99291027b045,131,0.06809647778530131,0.007120586854810933,0.06772316833704053,0.09203751423507633,0.05896286789990382,0.06772316833704055,0.6406395086823471,0.6782175493429473,0.6074640675660887,0.9327968779802323,0.4821518068604797,1.109688427480916,0.4554371926185776
site_0e88bbb351409588,121,0.055950193365318535,0.014595198162331065,0.05401300147389351,0.048021335160093395,0.04696370528125805,0.0540130014738938,0.9779758335475384,0.35344794725996415,0.37878132065160064,1.766018977642059,0.09645115192308408,0.2790318842975207,0.2668763432631287
site_0e94595e2d8280b9,63,0.07477246633489931,0.04729113349384731,0.05791779013973827,0.07008050055705249,0.04156822399010364,0.05791779013973831,0.5931496444758264,0.5637806195439035,0.35222806847363003,2.9793414101123803,0.10346878676445238,0.30941042317460316,0.10885878647855995
site_0ea793c6917b8d1e,142,0.0706133000560578,-0.04127629232826366,0.05729315697741374,0.054577722511885814,0.03250702440109062,0.057293156977413766,0.5956097635626205,0.21219305650231793,0.708045816562573,-5.86123351061344,0.053457930142684296,0.4229793468309859,0.15005234222866037
site_0ed7401c57e72edd,149,0.037870782700143046,-0.012424055077405582,0.0357748380535125,0.05783183408977834,0.0681393906939324,0.03577483805351321,1.1782332648857818,0.8510904951149747,0.21369523116589662,-1.8511842065334316,0.49972056276268206,0.4983336340939597,0.6918035080569138
site_0ed89141fd172a0b,19,0.04835073023994065,0.0476576927599154,0.008157048212252887,0.03126168080862911,0.03453641362484868,0.008157048212253225,1.104752295190592,0.9741524031534001,0.04441806917997471,0.9054961624383926,0.019983431616347087,0.01856856105263158,0.022662513455266042
site_0f170214c09c03f1,20,0.10364445251158803,-0.05305881010353566,0.08903333761475961,0.130831361970286,0.047604543832618175,0.0890333376147597,0.3638618685589313,0.9197009408686965,0.21484345072853653,-1.0611762020707132,0.11456102661687882,0.3423369055,0.0453238518702333
site_0f333b36a4874c91,102,0.09320987020826993,-0.05504405291758332,0.07522122135839601,0.13807256587995165,0.07576379845046409,0.07522122135839618,0.5487244911225707,0.9151196696474111,0.8861841502327377,-5.614493397593498,0.976443677545032,1.944531411764706,0.5854956218755396
site_0f556398a37eba54,17,0.15805816039326434,-0.1515369434609133,0.04493258097891607,0.050312791854770424,0.04971127796285228,0.044932580978917315,0.9880445137361004,0.5964646802440652,0.42470049513734887,-2.5761280388355257,0.025361036453702867,0.04303340941176471,0.04201058966389937
site_0f5c2c2840148780,191,0.06618695469635764,0.033640322001192574,0.05700036585526253,0.06924151015778757,0.050031060063221326,0.05508348832653032,0.7225587649548737,0.6153326637415408,0.8367161776477408,6.425301502227782,0.40714543781423823,0.9157278652258206,0.478093431470485
site_0fabc5d0b4df5f64,317,0.09261042647863506,0.07945942510994451,0.047569852362097896,0.04014546811777349,0.04872675377873201,0.04756985236209886,1.2137547788902068,0.44042045445725986,2.71881107633983,25.18863775985241,0.27310569003734864,0.5108957794952681,0.7526520012187761
site_0ff1990da553fc4d,975,0.055684698425716904,0.017473626150412442,0.05287209120054418,0.056202421944953874,0.0460056766987455,0.0528720912005443,0.8185710705457616,0.47953033843918597,3.0232659977939624,17.03678549665213,1.2088910403713584,3.079744426666667,2.0636092312967573
site_1053b206858b1513,880,0.08612677566505818,-0.0676851014773954,0.053259257640845346,0.06806196826388455,0.04212120363253576,0.053259257640845346,0.6188654942981772,0.6226479015969097,6.527682908084146,-59.562889300107955,1.5708346697795967,4.076539741079545,1.5612922999991186
site_1055453212517d95,143,0.06909633484015389,-0.01961239216711138,0.06625449088043837,0.09560491294354456,0.055112555716295385,0.06625449088044069,0.5764615438627069,0.73903868469096,0.6827253988330009,-2.804572079896927,0.5568445464509142,1.307062811188811,0.43434731305419216
site_108f541d7e13b076,361,0.060225683792599766,-0.03225125037666173,0.05086246000173498,0.08593626697125445,0.05443291256198835,0.05086246000173533,0.6334102525095263,0.8295628620079326,1.3093950087713233,-11.642701385974885,1.400859437488133,2.6660001551246535,1.069622051163166
site_10a7b62e4edfa545,50,0.13973575038877564,-0.11758571534585953,0.07549622164927666,0.0911019013852071,0.03718391586532257,0.0754962216492773,0.40815740725429467,0.5878214978273034,0.9763039968357108,-5.879285767292976,0.09956301379406451,0.4149778218,0.06913217995396936
site_10d7d76e5b99709b,40,0.06493119375528027,0.04086838209033013,0.050456270847185396,0.0606743561976557,0.03693541311573726,0.05045627084718545,0.6087483317567423,0.5577266444661791,0.1686423968994299,1.634735283613205,0.04999533948451281,0.14725510000000003,0.05456898968120705
site_10dfc2a732e16d10,6,0.03993252357630348,-0.027337359575430552,0.029107992212030854,0.06679038520292839,0.06952227876686433,0.029107992212031808,1.0409024975022327,,0.0095676386350322,-0.1640241574525833,0.02534108276963234,0.026765733333333333,0.02900008346962557
site_10ec1b51ff0dc0c8,84,0.09991174364277008,-0.08620221696439243,0.05051271432186574,0.044927618785166164,0.04277991967568006,0.05051271432186609,0.9521964624976916,0.3374292926811717,0.838517947490043,-7.240986225008964,0.054477282258016714,0.1695532380952381,0.15373020830644157
site_11d0ddb199b9f010,2,0.02973300975717503,-0.028719175040721898,0.0076981071829795855,0.0020000000000000018,0.005698107182979584,0.0076981071829795855,2.849053591489789,,0.001768103738440531,-0.057438350081443795,-2.2792428731918356e-05,8.000000000000015e-06,6.493685093744705e-05
site_125ba37c83dbcda5,409,0.04463311925004223,-0.011884332915186006,0.043021831262157084,0.03803221699319482,0.05741151568515862,0.03968680902782994,1.5095495404706851,0.7253280026811169,0.8147751716012925,-4.860692162311077,0.6477514702080749,0.5915978575317398,1.3480975925062908
site_12aaba88bfb65c8b,227,0.07805688885283749,-0.053501733009510624,0.056836981467731605,0.07802533013998211,0.054322734139147476,0.05683698146773179,0.6962192154994954,0.6851954244081261,1.383083282706219,-12.144893393158911,0.6592612457377138,1.3819651365638765,0.6698677938680172
site_12f6f97179080a87,406,0.055123856834184685,0.008339480550124725,0.05448938113458237,0.06934672900402701,0.06144041377024116,0.054489381134582376,0.8859886349747409,0.6589071652684441,1.23368767446393,3.3858291033506385,1.1398045241114836,1.9524413423645322,1.5326193243689266
site_12f79a44d2a41795,112,0.1905202209154982,-0.14100778285179819,0.1281200989420097,0.08819210550072622,0.06168521085429037,0.08685867112011716,0.6994414126305492,0.3711740470282842,4.065370912701306,-15.792871679401397,0.22615510187406124,0.871118916936937,0.4261673066714854
site_13345716e1eac548,38,0.05387601583279584,-0.046668535873293886,0.026919748168561138,0.04952444204744566,0.03064897962214374,0.026919748168561138,0.6188657227633427,0.8786493960951353,0.11029975311659539,-1.7734043631851677,0.05067979194008206,0.09320147368421054,0.03569567817138612
site_13471aa5ce158e45,113,0.03703927015321604,-0.009498150016248753,0.03580073574316252,0.07406047423873999,0.07756403113076905,0.03580073574316269,1.0473067034479833,0.8895087932626087,0.15502555128357004,-1.0732909518361091,0.5773983650833172,0.6197997844247788,0.6798282185538049
site_136f0d570907389a,58,0.049838904689905705,-0.028336516459440363,0.040999490919197634,0.04404887635035534,0.022871559070105123,0.04099949091919765,0.5192313848868615,0.38832729620813206,0.14406715239999127,-1.6435179546475411,0.02269115052539213,0.11253760344827587,0.030340276429243862
site_139d8263042fc17e,25,0.059615412850868264,-0.04674133865356445,0.037003306747536366,0.03391627338019317,0.02409055726389326,0.037003306747536366,0.7102949370010077,0.22117285576066056,0.08884993623448671,-1.1685334663391114,0.004517797987908122,0.028757839999999996,0.014508873732123007
site_13a4a69bc620b9a3,67,0.09341637287638549,-0.07647602498798228,0.05364733286396816,0.06772633727709822,0.03510785168423008,0.05364733286396817,0.5183781243120889,0.618528256573447,0.5846834543324526,-5.123893674194813,0.09853628652909799,0.30731940298507465,0.08258160374208706
site_14144d0d858434fd,21,0.021216575867381342,0.0029014706881273365,0.021017244333696228,0.04125019068189282,0.038035436183344457,0.021017244333696228,0.9220669178637395,0.8625243984402058,0.009453004922263314,0.060930884450674065,0.02841875481445874,0.03573314285714286,0.030380582518802643
site_14672231a55d516b,109,0.08239990252316014,-0.03499666153586239,0.07459877758496168,0.11655873747981593,0.09154536844629119,0.07459877758496176,0.7854011670480198,0.7685511710450537,0.7400820890050658,-3.8146361074090005,0.8938826301578466,1.4808673818348626,0.9134804387524256
site_14af94b228986e6c,11,0.04026983902599034,0.017303837097774846,0.03636257907344919,0.09379196955880077,0.11116407317367272,0.03636257907344982,1.1852195203554277,0.9510637795501888,0.017838259286970918,0.19034220807552332,0.1090768115877428,0.0967662690909091,0.13593196281017828
site_14d94a059a5aad1d,372,0.14685397617486734,0.13637819619012134,0.05447089059577848,0.04719982917498008,0.07161820575057919,0.054470890595780676,1.5173403591160226,0.6493249470348472,8.022585598433082,50.73268898272514,0.8165238825014683,0.8287504811827957,1.9080502709148135
site_153d5fe2ea0a30b2,107,0.1019036385194994,-0.03342634984472088,0.09626541787979281,0.09541664076087732,0.060033811021380834,0.09626541787979286,0.6291754828366989,0.30038653970076623,1.11112561515587,-3.576619433385134,0.18411292693444709,0.9741638807476636,0.3856342558353427
site_1540ed4ad947cd80,639,0.06778569238321228,0.05962349677813445,0.032248080932348135,0.04208249465567663,0.05305516076840801,0.03224808093234831,1.2607418168174411,0.7940739931007684,2.936141158705878,38.099414441227914,1.1328983455135695,1.1316283317683882,1.7986892037792752
site_15a7df29fffec944,41,0.049554446640827775,0.02944060352808092,0.03986093382976617,0.05262709326825448,0.037667059626641665,0.03986093382976626,0.7157351335108422,0.655681272649151,0.10068137045702454,1.2070647446513176,0.05329024776053138,0.1135540487804878,0.058171102617596115
site_15fd0f8efa3618ec,756,0.13410526513813328,0.11741024261058639,0.06480013169656582,0.03447419682666433,0.0734582540687522,0.06480013169656583,2.130818433221201,0.47099881346653005,13.596071936153386,88.76214341360331,0.9017296859770916,0.8984835066137566,4.079463008666988
site_162f5acccb1ccdb2,7,0.05113625496375312,0.019257654866150442,0.04737150304533515,0.08241799387443081,0.056453803562630876,0.047371503045335155,0.6849693969576829,,0.01830441600202576,0.1348035840630531,0.02707494422569871,0.047549080000000014,0.022309223556816804
site_164f38fa74238777,27,0.06781581557119365,-0.030767008704167823,0.060434890725340196,0.07479114036863327,0.03710772752573186,0.06043489072534066,0.4961513802682237,0.5978249415002719,0.12417259072282605,-0.8307092350125312,0.04479734838753938,0.15103029629629633,0.03717855293734687
site_165766e1d399cf97,157,0.056165927098631246,-0.04971390305643628,0.026136931911454622,0.058285950012353316,0.07193884351394633,0.026136931911460333,1.2342398725370243,0.9407661716116273,0.49527398459525535,-7.805082779860497,0.6193108322699501,0.5333685591082803,0.8125059613614771
site_165c41e6efa0bc8e,45,0.07172888253781855,-0.02920317941294776,0.06551493648244922,0.07344546827324706,0.041514100017310235,0.06551493648244942,0.5652370526505579,0.4633370847973175,0.23152646655558767,-1.3141430735826491,0.06357263417604896,0.2427406564444444,0.0775539225111257
site_16e59e7364e5ed25,142,0.05458515936792493,0.010036419413459135,0.05365454229213872,0.06632083633875623,0.06393054502467657,0.053654542292139965,0.9639586675012595,0.661185644086362,0.42309462649749024,1.425171556711197,0.3980798187984127,0.6245803732394366,0.580370271375612
site_17476f5e1149b6dd,119,0.04701267635186487,-0.0391282538241198,0.026060918833388208,0.03744841300707971,0.017694925650791404,0.026060918833388323,0.4725147003544886,0.7819568500763946,0.26301281679405814,-4.656262205070257,0.06166119113567622,0.16688365277310924,0.03726013686065724
site_179c7b165166f05c,71,0.10076910647935279,0.017493139466097655,0.09923911976769442,0.15497239334112836,0.07513832815521856,0.09923911976769458,0.48484976282080483,0.8507894390617322,0.720963310265947,1.2420129020929336,0.7033901898068023,1.705167431549296,0.4008495534152531
site_181ff8c89ef12a6c,94,0.08661898257898483,0.03833833928818398,0.07767251691327225,0.04288316742016048,0.07834933212242363,0.07767251691327227,1.8270416304554402,0.2893810534107188,0.7052677254437368,3.6038038930892946,0.09139450839352099,0.1728628085106383,0.5770300773388053
site_182cb9b0a7d4c94d,1,0.045258302307128906,0.045258302307128906,0.0,0.0,0.0,0.0,,,0.0020483139277234696,0.045258302307128906,0.0,0.0,0.0
site_183b638a356ad6ca,93,0.1021329979972349,0.08834279790232259,0.051251334994247486,0.06885529523773322,0.04935868917052571,0.051251334994247534,0.7168466709801685,0.6694849368755532,0.9700968830309964,8.215880204916001,0.211604413120016,0.44091780645161294,0.2265740582868292
site_18793582c71deee9,486,0.0692196338538215,0.01660519527022731,0.0671984017733661,0.07015747129618724,0.07578735670760148,0.06719840177336642,1.0802464129250933,0.578344177778764,2.3285998474765566,8.070124901330471,1.4944910705249068,2.392126398436214,2.79144959024846
site_18be3f84accd05c4,1182,0.027527623841131943,-0.002734953540432474,0.02739142390366977,0.05485124564095864,0.04569243783164113,0.027391423903669783,0.8330246158989976,0.8670530733243892,0.8956842278685275,-3.232715084791184,2.568585240656551,3.5562351133671743,2.467778270248097
site_18bedc0a241bdc83,127,0.02598530175824637,-0.015442985340413148,0.020898567205502545,0.02294682958567427,0.025785032770649485,0.02089856720550259,1.12368607063466,0.6377338507884265,0.08575496024832448,-1.9612591382324698,0.04792184927768302,0.06687273748031496,0.08443822520290042
site_1929ba01621eda50,217,0.07608157226516316,-0.036608456930257216,0.0666950261977964,0.08892729570559497,0.06374979744158629,0.0666950261977966,0.716875476036492,0.6635866310536661,1.256084023519616,-7.944035153865816,0.8163403372274292,1.7160498709677419,0.8818959582239922
site_194102884b72b2f0,88,0.0355482096571148,-0.012455592647533527,0.03329464553985969,0.04704843534693839,0.035406205084818926,0.03329464553985971,0.7525479821747768,0.7079517139389621,0.11120341846470469,-1.0960921529829504,0.10377933304104955,0.19479286363636364,0.11031674354872668
site_19bcb346c9572bcb,74,0.10611878245182915,-0.00023526980071454689,0.10611852164999055,0.08038934647717337,0.05752645418481882,0.10611852164999057,0.7155979828888583,-0.16103320918643355,0.8333285031903396,-0.01740996525287647,-0.055107825125753886,0.47822108,0.2448876768997763
site_19cb1bd872c4d23c,70,0.2523051606749072,-0.24555999833243233,0.05794981727466093,0.053252233851774536,0.03287353457699169,0.05794981727466093,0.6173174757042843,0.1594572785276272,4.456052587223353,-17.189199883270263,0.019540092726775586,0.19850602871428571,0.0756468492909268
site_19feb3f9e9d0726a,57,0.033442291267136846,-0.004629310950898287,0.033120330996472706,0.03404281843835552,0.023205682747048543,0.033120330996472776,0.6816616194416809,0.3800448563487072,0.063748050176173,-0.2638707242012024,0.01711313489952631,0.06605806877192981,0.030694711570129984
site_1a0cd59d1873112a,14,0.11076246715382351,-0.04862111745561872,0.09952040528137313,0.13098356338698003,0.10770184147931831,0.09952040528137322,0.8222546302326665,0.6681732820330686,0.17175653782002565,-0.6806956443786621,0.13196448627752916,0.24019371428571426,0.16239561321250695
site_1a52df5386240d07,520,0.05053024411894071,0.035454457634458175,0.03600398595386563,0.06093857365918064,0.05320535598091033,0.03600398595386563,0.8730981509097846,0.8093174330195524,1.3277188967742664,18.43631796991825,1.3644884916272013,1.9310250750000002,1.4720211506288028
site_1a9dbac658ebe085,81,0.10422891934729869,-0.0443694558467394,0.09431340846438507,0.09384853557693087,0.04081225860912348,0.09431340846438553,0.4348736861820104,0.20601811100381623,0.8799570778927615,-3.5939259235858914,0.06391584719496744,0.7134113580246914,0.13491687667501584
site_1ae2faafa57e844c,288,0.045407718270654,0.012741311221486992,0.0435834815830986,0.05689688689912418,0.03956779736648686,0.043583481583098736,0.6954299175742062,0.6448199841390202,0.5938159330215604,3.6694976317882535,0.4180818902893613,0.9323296527777778,0.450895849469385
site_1b2f4be319c8a70d,152,0.04703112300479151,-0.024502044482450736,0.04014444354168874,0.060973029719586645,0.06820288067538852,0.04014444354169038,1.1185745728734782,0.8125174940117015,0.33621283272595803,-3.7243107613325117,0.5135902873134535,0.5650919736842106,0.7070482057280353
site_1ba2419bf83859ca,145,0.07707303290579369,0.036431872778432114,0.06791885634456528,0.07518436354245599,0.046175668963884434,0.06791885634456546,0.6141658556145044,0.45682527066998213,0.8613365981881459,5.282621552872657,0.2299634661834713,0.8196398355862069,0.30916789861802485
site_1c7e765219227837,159,0.0728148900659168,-0.020857283374798377,0.06976375810931425,0.10815436669192725,0.06976936326439759,0.06976375810931426,0.6450905811610216,0.7751367721176489,0.8430193062345365,-3.316308056592942,0.9300028565756555,1.8598813584905662,0.7739744840007959
site_1ce5634596e14607,319,0.03208468605045213,0.0025407915481579337,0.031983924982167004,0.049508104260382296,0.05073611036341433,0.03198392498216709,1.0248041431070247,0.7966709774340485,0.3283872381869887,0.8105125038623808,0.6383562950875878,0.781885711598746,0.8211547734439302
site_1cedce47f64df34a,254,0.10616441319853698,0.08210601111988382,0.06730145293952582,0.07596983462422138,0.050076683612031984,0.06730145293952582,0.659165362932962,0.49280910074818884,2.8628041879665824,20.85492682445049,0.4761997647232662,1.4659396062992127,0.6369492573612064
site_1d1f4a4194ae00c3,182,0.0563005723466762,0.0031344500642556433,0.05621325172375289,0.08642897312384384,0.0543186629314943,0.056213251723753584,0.6284774765709785,0.773270410177829,0.5768953092745244,0.5704699116945271,0.6607104930379889,1.3595340659340662,0.5369941199650833
site_1d6a4da433bfddd7,6,0.08598166949240868,0.038576411664485936,0.07684209752338829,0.08422522715249207,0.03993110013882804,0.07684209752338833,0.47409904952267684,,0.044357084932210813,0.2314584699869156,0.008351021086176235,0.04256333333333333,0.00956695654978268
site_1d92331b9f8c002c,75,0.08183627780235614,0.007688680961608884,0.08147429379635643,0.10982142218873127,0.07620803233091954,0.08147429379635666,0.6939268387906492,0.670927236486902,0.5022882273408307,0.5766510721206664,0.42113806551341215,0.9045558578666667,0.43557481438128587
site_1dab76a1b26190f6,1016,0.03182776899801534,0.005828527364527851,0.03128953735918728,0.03612319055400619,0.02731961871909882,0.03128953735918757,0.7562903027143869,0.5432373902928593,1.0292149894612832,5.921783802360296,0.5446833478198387,1.3257630541338583,0.7583033520282455
site_1e0ab3dca10c0e53,65,0.06439917682513772,-0.00895640377081358,0.06377332363339323,0.06311185899307777,0.06408042261750166,0.06377332363339476,1.0153467769746747,0.4972968809324597,0.2695715084240981,-0.5821662451028826,0.13072704128737636,0.2589019384615385,0.26690953658444516
site_1e115354ece8fb9b,39,0.05308828334629411,0.023288551892989725,0.0477075379723575,0.04699525064481482,0.03571258570289205,0.0477075379723575,0.7599190389004206,0.35986337592715884,0.10991626731759993,0.9082535238265993,0.023554697036743164,0.08613358974358976,0.049740162325869974
site_1e3671cb73e4a59d,71,0.1974625575510078,-0.18880245985514685,0.057836777116560927,0.052473938478076076,0.0377897929714853,0.05783677711656123,0.7201630765198632,0.21091745562510275,2.76839377605554,-13.404974649715426,0.02969539091742373,0.19549950957746481,0.1013928601507681
site_1e4554eec29098a5,97,0.031219449933930787,0.020288852980763643,0.02372796870577356,0.03270554823780097,0.03134925455986579,0.02372796870577368,0.9585301653385045,0.7263337826159759,0.09454144325518947,1.9680187391340735,0.07223648918247252,0.10375632989690721,0.09532924886154884
site_1ead9d05e7924900,21,0.13306344092819894,-0.12826461260999955,0.035412829082961485,0.042266424171496904,0.04512991176472829,0.03541282908296379,1.0677485178687633,0.6734254338898636,0.37182346554469814,-2.6935568648099903,0.02697545638701746,0.03751546285714285,0.04277088765373538
site_1ebbce006aed7c73,31,0.06318820576742393,-0.025230721770947984,0.05793237460197294,0.054305153131242526,0.03802461824505277,0.05793237460197294,0.7002027625841768,0.25152422980627914,0.12377522979129553,-0.7821523748993875,0.016100798945128916,0.0914205393548387,0.04482201937314201
site_1f03845600024bcb,415,0.08827603783327663,0.07533239422383078,0.04601835759832627,0.022812113734234734,0.05254668903302047,0.04601835759832655,2.303455508121647,0.4854662589271026,3.233953425049966,31.262943602889777,0.24150049875164967,0.21596290120481929,1.1458791292581756
site_1f2f25947066509c,400,0.13181539009306542,-0.09991291558668017,0.08598084882318814,0.09433676294928717,0.03665467411495468,0.08598084882318816,0.3885513236728212,0.41214282902822125,6.950118826154805,-39.96516623467207,0.5700567227735185,3.5597699375,0.5374260537894116
site_1f80e745021951bc,179,0.12714200921790317,-0.10134164519349954,0.07677865235493664,0.08837868265780333,0.05588813949681852,0.07677865235493748,0.6323712666459838,0.5101222515898861,2.8935512009258013,-18.14015448963642,0.45101862334372606,1.3981316871508382,0.5591036604184365
site_1f87127a283de97d,2,0.036026061969538246,0.01999088470935821,0.02997068016529085,0.07280000000000002,0.04282931983471176,0.029970680165294555,0.5883148328943922,,0.0025957542820660203,0.03998176941871642,0.006235948967933657,0.010599680000000004,0.0036687012750080683
site_1fa5a52b4f99f39b,10,0.09253965675015641,-0.047093251665830616,0.07966061585862559,0.15297964864647848,0.08078755520696324,0.07966061585862587,0.5280934812032132,0.954117284470311,0.08563588071436769,-0.47093251665830616,0.11791794128671287,0.234027729,0.06526629076318133
site_1fe95dec232c15f6,833,0.039460097458000644,-0.01544845483776759,0.036310391550083344,0.021987651489445755,0.04710732153328635,0.03631039155008342,2.1424444332264514,0.6681500267663273,1.297063709731959,-12.868562879860402,0.576482658637985,0.4027195294117647,1.8485100851196732
site_203c950b486649d5,44,0.04371831490101033,0.03241077940328555,0.02933994608474023,0.03830572879441239,0.04085140501203786,0.02933994608474049,1.0664568015736802,0.7270166861735512,0.08409680654249169,1.4260742937445643,0.05005734170080924,0.06456246977272727,0.07342884082413229
site_20551d8a0ce0f349,48,0.07730710599823834,-0.014157368042071657,0.07599972084122537,0.06525920270219664,0.04052877433009658,0.07599972084122587,0.621043050664368,0.023703860184758216,0.2868666546154972,-0.6795536660194396,0.0030093004339685012,0.2044206497916667,0.07884391433759497
site_20c84fb12b0c9692,116,0.059574299427212374,0.028247733654441505,0.05245152710485071,0.07747374126510456,0.05695560076107397,0.05245152710485122,0.7351600662497979,0.7359620300021069,0.41169526966020614,3.2767371039152144,0.3767075841861038,0.6962529479310344,0.37629709313436255
site_20e55f2eceb79ec1,659,0.13084334191338512,0.11114935590030572,0.06903477968394034,0.044946196275520954,0.06286148381061223,0.06903477968394178,1.3985940751308579,0.2134091594063385,11.28206690109852,73.24742553830147,0.39735258421446557,1.3312858088012138,2.6040820907885585
site_2266e199c1b4f8b1,182,0.08481712542310982,-0.07404347457365021,0.0413703835865799,0.06535172949187187,0.0895117429729244,0.04137038358658043,1.369692029100124,0.9036024681401503,1.3092979472371968,-13.475912372404338,0.9620239755971275,0.7772944356593408,1.4582480876692603
site_228e3c936ac52751,419,0.0843038462663883,-0.04217307228959545,0.07299705794731311,0.08282325804289989,0.06003846762460277,0.07299705794731315,0.724898646144839,0.5164057343381447,2.9778910295335628,-17.670517289340495,1.0759373621041566,2.8742109785202867,1.510334772183689
site_237e685bbdd8644d,293,0.06269040661854479,-0.020147849294350012,0.05936456224727546,0.09238469387604381,0.0648042526062478,0.05936456224727571,0.7014609226632089,0.7692077035740804,1.1515155150255558,-5.903319843244553,1.3493194346554551,2.5007349771331056,1.2304802086653315
site_23d2f2404f4bbe4e,117,0.06495335042197847,-0.03888639532500862,0.05202678146558251,0.07626167795162501,0.05589389960212685,0.05202678146558251,0.7329224992607948,0.7311547271575103,0.49361571453171876,-4.549708253026009,0.36464135450315777,0.6804536923076921,0.3655229774897184
site_23e0c01fc0e0a37a,340,0.07458562848641209,-0.05901560100534384,0.045608933496532764,0.07566476276596505,0.07722313635517372,0.042947555094439746,1.0205957638964493,0.8423719150909766,1.8914254320824497,-20.065304341816905,1.6734930261428298,1.9465531503061224,2.0275603481001157
site_24a155d00f2ce6ce,294,0.06378939075257681,0.028960938747845538,0.05683617157610522,0.07451103477539117,0.06752413657244051,0.05683617157610776,0.9062300205061946,0.6838254628972299,1.1963113935399698,8.514515991866588,1.0115147797874853,1.6322569251700683,1.340495651836958
site_24bc1a63008e8e56,630,0.0694016927354303,0.06033636483143247,0.03429457731874469,0.034156578567099354,0.03966580133825125,0.034294577318745474,1.1612931681763508,0.577160520100263,3.0344548213621394,38.01190984380246,0.4926378308495595,0.7350032714285714,0.991226751357537
site_24bea14e8249e50f,135,0.05578585137026441,-0.03418788942076542,0.04408230291237911,0.06072831051673292,0.0357901594596603,0.044082302912379114,0.589348841670785,0.6960311265674074,0.4201282637692062,-4.615365071803332,0.20422893030564818,0.49787023925925916,0.1729262944099681
site_257ba699ad2936b5,31,0.04793278729107442,0.04077656892307343,0.025195704482177658,0.020917484185269484,0.030459359081379984,0.025195704482177752,1.4561674248966365,0.5732633455954435,0.07122411502223294,1.2640736366152763,0.011322597727011288,0.013563775483870968,0.028760949225101806
site_25bb1d03fe665fce,56,0.08989976718255833,-0.06376950099159565,0.063367332930786,0.07371731159002765,0.027146617652471988,0.06336733293078602,0.3682529526231981,0.5386238762848354,0.4525902158107788,-3.5710920555293564,0.06036133586755022,0.3043175535714286,0.04126857559829221
site_25c3911a44e2e266,323,0.051132149207460904,0.009792938604443434,0.050185605865264264,0.06399540981400864,0.050008009678048755,0.05015318530038156,0.7814311967590833,0.6375797734046224,0.8444824284714165,3.1631191692352294,0.6590607494219038,1.3228182301559208,0.8077587333230212
site_25db0a3f364cf3fa,37,0.02488514925550145,0.01731502562922401,0.017873459120380145,0.02349014060461417,0.020095673078820472,0.017873459120380186,0.8554939460376443,0.6738290332587212,0.022913014178337618,0.6406559482812884,0.011769001461968229,0.020416108108108108,0.014941934830160708
site_26066c2f9061bb32,267,0.22779229819830973,0.21553619282768013,0.07371214757295266,0.05816210348991648,0.0866186205675241,0.07371214757295268,1.489262171931954,0.5411095989496597,13.854451408630867,57.548163484990596,0.7278600240453575,0.9032156853932586,2.0032437095485296
site_26149aa81404cf67,120,0.060000799826825074,-0.052789524495204285,0.028519503562105662,0.050555396122306605,0.06688292717375494,0.028519503562105693,1.3229631711706462,0.9191472266573155,0.4320115175830478,-6.3347429394245145,0.37294871645905076,0.30670176925000003,0.5367991136795767
site_261c25e44abd6c6d,260,0.11616161431615732,-0.10038781707603198,0.05844490416832613,0.09202318572884982,0.054522326978951346,0.058444904168326504,0.5924846716305135,0.7997443726538455,3.5083153665392777,-26.100832439768315,1.043268723593357,2.2017493450384613,0.7728978761919183
site_261e3bb708a6a167,65,0.09093799465822189,0.005672378866122316,0.09076091113721788,0.10080146218531866,0.05440577634303937,0.09076091113721797,0.5397320154247065,0.4452241428026614,0.5375317267098215,0.36870462629795053,0.1587098593511948,0.6604607606153847,0.19239925246677347
site_2689516b5f07761f,394,0.06022184235508355,0.03476898103196003,0.0491710103072912,0.07761763262977116,0.04279218028860292,0.04917101030729224,0.551320348724337,0.8186056987891951,1.4289080968763708,13.698978526592253,1.071262228849727,2.373651776649746,0.7214812533778047
site_26f018cca8362487,256,0.07177303965807025,-0.031142530879005793,0.06466461159095518,0.09751956935020786,0.05610917477956771,0.0646646115909552,0.5753632337943473,0.7745972890565263,1.3187505207702848,-7.972487905025483,1.0850296202860772,2.434577,0.8059493105776836
site_270decc0b97d0896,280,0.10753509924863078,0.08397661730072328,0.0671693778230879,0.08253754216928766,0.1092752317523518,0.06716937782308845,1.3239457933969505,0.7895170654232149,3.2378633197156037,23.51345284420252,1.9938515554630865,1.907484842857143,3.343501356868455
site_284ff462bff5925c,321,0.05586896370199866,0.04412385997324718,0.03426990058632384,0.05150318722251192,0.0586981600815886,0.03426990058632422,1.1396995651549071,0.8143225938711662,1.0019504947484132,14.163759051412345,0.7902420058775217,0.851477632398754,1.1059971530253805
site_28bd97dda8311cf0,96,0.15692524622390128,-0.12650752718436223,0.09285137838572942,0.1201631630903951,0.059814951398036435,0.09285137838572981,0.49778109912968477,0.653604551710202,2.364051158633476,-12.144722609698773,0.4509905139124021,1.3861618333333334,0.34347152743194825
site_292d280e566004c1,45,0.12633773224666034,-0.08455109425677193,0.09387403820658465,0.1127679451871337,0.028977086338710337,0.09387403820658465,0.2569620851973854,0.725887561204727,0.7182550165152978,-3.804799241554737,0.10673878376695844,0.5722474257777777,0.03778521897064829
site_29971fce7657be9c,156,0.048546572698521945,0.00963982073485087,0.04757986524752689,0.06579308652922992,0.07232026193885381,0.04757986524752716,1.0992076182156931,0.766586939912624,0.36765607644056875,1.5038120346367356,0.569018341707997,0.6752819166666667,0.8159143647570908
site_29fa7d91f9cd3f03,186,0.06813548552912502,0.013445052480248998,0.06679577046559876,0.09904484624120609,0.053719476116394826,0.06679577046559884,0.5423752790283566,0.773778434698891,0.8634946562218666,2.5007797613263136,0.7657609518036126,1.824637971451613,0.536755473244904
site_2a096aef4be52591,150,0.06892588700741624,0.05726084151784579,0.03836631241632766,0.036816370754809,0.05456677853269207,0.038366312416327736,1.4821335567293656,0.7120643817382066,0.7126166849638667,8.589126227676868,0.21457534099231163,0.20331677333333334,0.44662999791537955
site_2a66162bd2a4e4b1,187,0.07580442956913205,-0.025145602952987754,0.07151230799262598,0.0943881143546723,0.06526474028766302,0.07151230799262603,0.6914508329133959,0.6537589398705184,1.074560258410381,-4.70222775220871,0.7531043764796646,1.66600471657754,0.7965239427406117
site_2b657e21e1c1d622,416,0.13195020939603844,-0.09736328114325611,0.08905756141214322,0.10738545052849152,0.08241130777089384,0.08905756141214324,0.7674345767076561,0.5871340742187282,7.242916828017892,-40.503124955594544,2.161537952919992,4.7971601538461535,2.8253154377797385
site_2c61711a8eb15185,175,0.0597198846037263,-0.04699680517911911,0.03684786181094242,0.057723266627973176,0.040152684423978624,0.03684786181094255,0.6956065858635987,0.7736938350846134,0.6241313079894175,-8.224440906345844,0.3138142574540206,0.5830957142857143,0.2821416616290327
site_2d0695836558269a,137,0.03182443943983596,0.01691385131530518,0.026957681267934304,0.037942959508294405,0.02819460221487198,0.026957681267934477,0.743078625922909,0.7047607065809189,0.1387529075553908,2.3171976301968096,0.10329027258071805,0.1972345401459854,0.10890617638551636
site_2e03a5b4a3fc6fe0,33,0.021257620988451912,0.0010792500257492067,0.021230206533865648,0.03025205045073522,0.02528744181068654,0.021230206533866036,0.8358918299394802,0.721518940742475,0.01491225285292615,0.03561525084972382,0.0182146734054793,0.030201156363636357,0.02110200553985231
site_2e6f197ad6e426eb,271,0.0609681494314419,0.056839855014728,0.022053256607570005,0.020637397606801333,0.029168572596019453,0.022053256607570612,1.413384243098876,0.6564864579019476,1.0073382314206447,15.403600708991288,0.10709400767673535,0.11541949077490775,0.23056832499538865
site_2eadbc791936fa20,822,0.07102020900149018,-0.044770417412267116,0.055131477500124336,0.07744559044861371,0.06279720827060137,0.05513147750012436,0.8108558267403001,0.7095731429832413,4.146061211197815,-36.80128311288357,2.836651733454448,4.9302076125060825,3.2415482593298153
site_2eb90940ae2529bc,146,0.08316674238434749,0.0719539173637351,0.041705405103382,0.05015914810742728,0.0534683045467894,0.04170540510338203,1.0659731387836733,0.6777705282794373,1.0098392276683654,10.505271935105325,0.26538850080477044,0.36732726027397256,0.4173935003018001
site_2ecbb3b2737ff9d4,59,0.06319033424363325,0.05886044328556223,0.022988400510892498,0.035437799735600774,0.03601223921313862,0.022988400510892532,1.0162097952419085,0.7930814744401057,0.23558808216750332,3.4727661538481716,0.05971544772327199,0.07409442135593222,0.07651600101551481
site_301436b06877aab0,44,0.07011071709575892,-0.024864248975434086,0.06555365569187707,0.07381237381987941,0.06508420008326282,0.06555365569187709,0.8817518894878587,0.560669879881095,0.21628255667398788,-1.0940269549190997,0.11851263280636208,0.23972372727272728,0.18638193642104028
site_3058377fafc959d8,52,0.055859431660658175,-0.05076224962060268,0.023312445579719086,0.044146887811060555,0.04541902141274249,0.023312445579719232,1.0288159293838877,0.8648821720956078,0.16225435748349054,-2.6396369802713395,0.09017749235524009,0.10134528057692309,0.10727015031674036
site_313b58fce7205197,400,0.09951695670812064,-0.048773441692143676,0.08674546707436083,0.10657849208446872,0.0567289006153589,0.07387295795833647,0.5322734400332709,0.7542017463350048,3.961449868978383,-19.50937667685747,1.8239858445024564,4.543589989999664,1.287267266010907
site_31563788a284dc59,162,0.08155718824048548,0.056392967873149444,0.058918656876679715,0.039447574210730765,0.05530518229398405,0.058918656876679715,1.4019919703691082,0.2620409788280321,1.0775551424984253,9.13566079545021,0.09261265989392997,0.25209,0.4955034365484706
site_319d460a95d287a7,55,0.1346280686681755,0.122335817360878,0.05620199875421584,0.06179279157724702,0.09415419456426209,0.05620199875421655,1.5237083834699419,0.8185471015488306,0.9968594280327637,6.72846995484829,0.2619291614770889,0.21000919999999995,0.4875756794724706
site_323cc8255b0caa4e,56,0.06812726598566402,0.02189295071097357,0.06451374334084402,0.1129061094043025,0.094729911107918,0.06451374334084407,0.8390149267184662,0.8208770889151004,0.25991416475815915,1.2260052398145198,0.4916666305454981,0.7138762142857142,0.5025303392767866
site_32983262837b2abc,52,0.10278567148305966,-0.09536252532326259,0.03835209285284918,0.06613636844255384,0.06907326148457954,0.038352092852849226,1.0444066269616346,0.839954447514437,0.5493745016356201,-4.958851316809654,0.1995305430740118,0.227449,0.24809800351008915
site_32a7eff6ca5c3a9e,91,0.1666799089402891,0.15011032093488252,0.07245055964704236,0.06137889241232721,0.06822828697142169,0.07245055964704263,1.1115920195021125,0.37888648583382634,2.5281794760352194,13.66003920507431,0.14438897125603078,0.34283052747252757,0.42361402201797516
site_32aa1fd33af84607,47,0.07670398633551326,-0.05195139408669573,0.056431854233291334,0.06902556982214028,0.04354195737119476,0.056431854233291445,0.6308090970257877,0.5782511117139408,0.27652457142865444,-2.4417155220746993,0.08168311346629833,0.22393287659574465,0.08910739643060228
site_32d33ae0920bdcec,147,0.06170193595611862,0.048999801946335096,0.03749864410819275,0.04051448711343963,0.06034896148704889,0.03749864410819307,1.4895649874098909,0.7928959213360172,0.5596479484077457,7.20297088611126,0.28497952938779275,0.24128927891156465,0.5353735814271006
site_32e9d9454ab82a2b,29,0.14543361250923925,-0.13042562307982608,0.0643435505060661,0.06701844564800732,0.047385838871847816,0.06434355050606617,0.7070566679616324,0.4088510612029371,0.613377133777139,-3.7823430693149565,0.03765356071858571,0.13025268965517242,0.06511711404207299
site_33d9c76285abfbd1,64,0.10801583444016176,-0.09668536285241136,0.04815974563784561,0.039686363664834544,0.04375310080034749,0.04815974563784569,1.1024719011763835,0.33689794987261895,0.7467149113474838,-6.187863222554327,0.037439366101787885,0.10080047749999999,0.12251736509730358
site_33e57061030aaa1a,19,0.10259868618664136,-0.0993444945837322,0.02563516731226297,0.02755576868482595,0.022499858847428934,0.025635167312263077,0.8165208201874209,0.49064624511546945,0.20000331773727337,-1.887545397090912,0.005779821211962323,0.014427087368421054,0.009618629314930294
site_345540dea6a21328,13,0.07843698565932326,-0.04005929477398212,0.06743599648208731,0.06610525943859373,0.034072232259161804,0.06743599648208735,0.5154239246396433,0.21826249843337384,0.07998068935117149,-0.5207708320617676,0.006390856647720703,0.05680876923076922,0.01509192114458946
site_3527ca4be8ad318d,825,0.071144389457418,-0.062289271057952525,0.034373985255388775,0.05370875985208079,0.07060394551280984,0.034373985255388845,1.314570392376589,0.8818418164140619,4.175757424796734,-51.388648622810834,2.758790572100729,2.3798204800000002,4.112556625630051
site_360469521723c0bf,302,0.08185437853111752,-0.046358211895290595,0.06746151106065448,0.07636390903574251,0.042599295958828304,0.0674615110606546,0.5578459313664716,0.47572160328002344,2.0234420639840724,-14.00017999237776,0.46735876286784733,1.7610968741721855,0.5480394048887294
site_3611ac9a5b4c6a7c,47,0.04396057301838764,-0.002332829017588434,0.04389863197048045,0.058791326737815466,0.045741042442235966,0.04389863197048045,0.7780236470291227,0.6733609857994928,0.0908290030649346,-0.10964296382665639,0.08510696959875999,0.16245174468085105,0.09833541929401429
site_365133aa4290174f,670,0.062004718367544044,-0.004865303716819677,0.06181354155507961,0.10243208140498707,0.06993647263287317,0.0618135415550797,0.6827594604503292,0.8070177082568513,2.575872016891764,-3.2597534902691834,3.873446741211159,7.029861971641791,3.277043836900174
site_3669ed0d65622c4a,171,0.0601068326988171,-0.011787757627726995,0.058939631040527844,0.07838154474022148,0.0512837471342524,0.058939631040527886,0.6542834452194223,0.6592295525485888,0.6177941586412937,-2.015706554341316,0.4531336839323766,1.0505669810526315,0.4497338851422199
site_367fad9034e246b1,37,0.045816797333336066,-0.023177527424451467,0.03952190709432923,0.045173374479553524,0.027614679776855344,0.03952190709432931,0.6113043378982981,0.497504862460574,0.07766961996170767,-0.8575685147047043,0.022962628472495725,0.07550344918918918,0.02821510994959575
site_36915ea55aeee9ea,33,0.09209163369761479,-0.07453756363464124,0.05408345962036329,0.08376423031934177,0.056057266738577104,0.05408345962036348,0.6692267871962178,0.7702798767806618,0.2798686769041568,-2.459739599943161,0.1193584067062898,0.23154272727272723,0.10369976608859943
site_3697f876563488cb,53,0.04315341390989871,0.012002204788630866,0.04145074441178115,0.039688321573839856,0.03065968082609164,0.04145074441178215,0.7725113990786814,0.3274959740804424,0.09869750800018909,0.6361168537974359,0.021120889163509286,0.08348363207547167,0.049820849502964004
site_36bf0be122b5ada0,62,0.05761101419781283,0.003733761507657267,0.05748989460683093,0.08161925258993903,0.03977887794321658,0.05748989460683104,0.4873712596103827,0.7606091784095502,0.2057797953278367,0.23149321347475055,0.15310817979756863,0.41302554838709676,0.098106266086122
site_36f59764e16c0acf,11,0.08840469712746421,0.08611685738780282,0.019981925529025193,0.075215719519326,0.0827401344893023,0.01998192552902593,1.1000377981898182,0.9724698076198337,0.08596929521618546,0.9472854312658311,0.06657231333648617,0.062231449090909094,0.07530522840838616
site_37100d9c494e6343,36,0.031076576759006973,-0.010410737017790475,0.029280884170476466,0.015852011400200882,0.021477130143325324,0.029280884170476657,1.3548520500719017,-0.21268081005548994,0.034767130430104286,-0.37478653264045714,-0.0026067022772298908,0.009046305555555556,0.016605616290959996
site_3744ab32b5fabc06,14,0.21603958071687135,-0.18680404537490433,0.10852349546477132,0.08633790521868724,0.04942363595713423,0.10852349546477157,0.572444233294148,-0.2203375559632044,0.653423406108502,-2.615256635248661,-0.013162935793825555,0.1043592742857143,0.03419774107712664
site_3754c55a59175277,6,0.1532269117197532,0.05238576563199362,0.1439938124862415,0.12887841815706252,0.037593812444543566,0.14399381248624182,0.29169982827325247,,0.14087091885103822,0.3143145937919617,-0.008133829900622367,0.09965787999999998,0.008479768404693111
site_37c98a51b9f80f45,156,0.09497820025175947,0.07012282453439174,0.06405972215348917,0.10616510744027001,0.0679555847976195,0.06405972215348921,0.6400934020233745,0.8167803729470002,1.4072539295978785,10.939160627365112,0.919256796167447,1.7582806858974358,0.720401994809087
site_383a8c8b2965611f,677,0.06308057128824832,0.053786282405719456,0.03295746196271752,0.029614607542098832,0.035457492257101014,0.03295746196271839,1.1972973880101632,0.4990499208870287,2.693890286933053,36.41331318867207,0.3547698122666849,0.5937459113737076,0.8511472535989301
site_386cdfdcf9b17142,388,0.0879546877431142,0.03626541548721569,0.08013018616931038,0.056645076186551756,0.07895884152386506,0.08013018616931059,1.3939224172605291,0.3378679714150181,3.0015785132436243,14.070981209039687,0.5863294156358876,1.2449618865979382,2.418985478058845
site_389215a205727fd3,94,0.13397628741056197,-0.12191154102188473,0.0555627730948233,0.04363320016491984,0.04853788982272489,0.05556277309482354,1.1124072870948465,0.2768264272004137,1.6872666853018454,-11.459684856057164,0.05511037410114038,0.1789624787234043,0.22145711435364013
site_38bba0231f056806,585,0.08186155187814567,0.052120404924184856,0.06312509062518123,0.0522732394217771,0.05158754011681131,0.06312509062518176,0.9868824026872892,0.2612482004242567,3.9202685004005264,30.49043688064814,0.41212922063994617,1.5985075623931624,1.5568454627526154
site_38d8c6108ca3a5d7,59,0.0895422064318969,-0.0676181443224519,0.05869917623851724,0.06676530857553956,0.031996070951551055,0.05869917623851746,0.4792319789153686,0.4764852167016147,0.4730505972288539,-3.9894705150246623,0.06005496998607355,0.2629987793220339,0.06040116482386465
site_38eb3791b353069b,415,0.05019356912830342,0.012451832946524567,0.04862454357739124,0.07905803546385205,0.08229486071476048,0.04862454357739143,1.040942394178115,0.8191020697366076,1.0455486684626762,5.167510672807695,2.2115911979213445,2.5938217831325305,2.810564301525659
site_38fe9bf25990ebba,147,0.08762023567656702,-0.03538323000791121,0.08015817322160229,0.09193691571855366,0.08049819935286417,0.08015817322160242,0.8755808123832781,0.574740178026945,1.1285639379025205,-5.201334811162948,0.6252662519952067,1.2425022813605442,0.9525541345608588
site_395c4ccb7a4b9df2,171,0.04314615992673467,0.006063726940768506,0.04271793922945211,0.04738580500444651,0.051133117549048555,0.04271793922945246,1.07908090923538,0.6263326486161175,0.3183320809083954,1.0368973068714145,0.259508564953506,0.38396588222222217,0.4470958664587038
site_3987775e61ab1836,60,0.2891471245441989,-0.280736091953516,0.06923370788023323,0.05935917929576407,0.032344137305305075,0.06923370788023331,0.5448885528579601,-0.058244810661864134,5.016363577930708,-16.84416551721096,-0.0067095276646316005,0.21141072999999996,0.06276859308146565
site_39ac65528c2f5495,202,0.10083527121870167,0.013489385828287296,0.09992891669444198,0.10876887988504753,0.06377559040411579,0.099928916694442,0.5863404171442886,0.4261480199635916,2.0538858881933235,2.7248559373140337,0.5971328838827881,2.3897951847524754,0.8215998381414964
site_39e3332a33e328c0,156,0.17006098212546983,0.1552497131106181,0.0694137178124767,0.06342926238283068,0.06755082670747958,0.06941371781247949,1.0649789098881992,0.43971830889042657,4.511635072070781,24.218955245256424,0.2939134609899842,0.627630326923077,0.7118458134627743
site_3a1e52ef4ac63381,15,0.09184877537373767,-0.08776781755208969,0.02707411567897308,0.04083129301024997,0.032244331754684157,0.027074115678973627,0.7896965630402591,0.749626699870012,0.1265429630648298,-1.3165172632813453,0.01480412759547432,0.02500791733333332,0.015595453954591998
site_3a558feb29bc33aa,50,0.039233748888696136,-0.00756268515408039,0.03849795897345102,0.03371153511781984,0.03493573347609621,0.0384979589734513,1.0363139309437517,0.3714242124534046,0.07696435259306328,-0.37813425770401954,0.02187200570978224,0.05682338000000001,0.061025273675641464
site_3aab5eecf1e576ed,227,0.03186602432009821,0.02078750180279106,0.02415208634400037,0.04385816136397615,0.030816983603566547,0.024152086344000467,0.702651060718627,0.8471225872168792,0.2305056758549836,4.71876290923357,0.25990382273372115,0.43664319823788544,0.21557883060190508
site_3b418123c1eb9bb6,39,0.06346068375446862,0.0030829712702677772,0.06338575290024864,0.06864754334352098,0.045645610760675526,0.06338575290024874,0.6649270831478866,0.44332050935389167,0.15706307692080237,0.12023587954044332,0.0541759397026438,0.18378692307692304,0.08125734948688879
site_3ba67f452cc05c7e,156,0.06563929611504016,0.01869929437438647,0.06291942136080055,0.10190028489719828,0.07206784113979878,0.06291942136080071,0.7072388581887101,0.7910545865109013,0.6721286823385564,2.9170899224042897,0.9062498799356704,1.6198522176923076,0.8102287013419985
site_3bce6f9707106717,37,0.04697305131317105,0.0008587694973558969,0.0469652005704246,0.08380881927612827,0.05200097365466993,0.04696520057042523,0.6204713788335359,0.86301599238786,0.08163929933778262,0.031774471402168186,0.13916235362013446,0.25988497297297297,0.10005174665824601
site_3c025b5f7926190d,54,0.07509386834198402,-0.06450266492201222,0.03845120648980786,0.026652600456824306,0.034895982169557825,0.03845120648980806,1.3092899593826623,0.2417001112486207,0.30451080937841435,-3.4831439057886597,0.01213907585851848,0.038359500000000005,0.06575739686521727
site_3c21ace69367fd43,31,0.11611223428097966,-0.07113532766219109,0.09177045335026857,0.09189302924673624,0.03333986870011861,0.09177045335026898,0.36281172765128683,0.1850799678156279,0.41794357944135435,-2.205195157527924,0.017577923195016006,0.2617741935483872,0.0344579521931756
site_3c2ff06ad9a9ceca,167,0.09416451274088175,-0.024757335064939393,0.0908516913447956,0.09585643659446089,0.06959375164572204,0.09085169134479563,0.7260206420999333,0.4330466986425467,1.480781561774523,-4.134474955844879,0.4824393598561114,1.5344722249101794,0.8088294747771153
site_3c6c836e47ad4756,59,0.09770900399835562,-0.08047540491970918,0.055414426509344306,0.08421123629480415,0.04223117640052127,0.055414426509344306,0.5014909916852384,0.8160421398061953,0.5632759182786898,-4.748048890262842,0.17122525443679704,0.41840040677966106,0.10522486335014472
site_3cacfdfbb247178d,10,0.14373541866512857,-0.11076191639125348,0.09160605032516556,0.1508304548159953,0.06097837403416335,0.09160605032516589,0.40428422833143046,0.9826977092660069,0.20659870578839792,-1.1076191639125348,0.09038259871836753,0.227498261,0.03718362099850327
site_3d3d4af3226bd56f,68,0.05017595941387123,-8.547719524187175e-05,0.05017588660653189,0.07524260071221434,0.032534302332558926,0.05017588660653201,0.43239204951188703,0.8583270800509931,0.17119862941096678,-0.005812449276447279,0.14287854657738525,0.3849785294117647,0.07197669632211173
site_3d8d46208058ae66,97,0.1142647990212911,-0.041464223217718386,0.1064761122896928,0.11531296545543188,0.026850073949938897,0.10647611228969282,0.2328452298828129,0.4329302355760957,1.2664750966514766,-4.022029652118683,0.13002093326840358,1.2898167602061856,0.06992986769836718
site_3e3dd959fc43e496,515,0.08060365367546041,-0.048133828940785044,0.06465356523296148,0.11206714309807403,0.07122574760128716,0.0646535652329615,0.6355631600151966,0.8426432520176443,3.345928727704284,-24.7889219045043,3.463907557944867,6.467907949514563,2.612650167501566
site_3e869a526b77cd87,53,0.07385659383504978,-0.05832973805058678,0.04530384213138485,0.07062519637074682,0.030522562484746392,0.04530384213138497,0.4321766742356122,0.8969650915558776,0.28910421200452213,-3.091476116681099,0.1024783373861732,0.2643596732075472,0.04937622149366813
site_3e8e42936f50143d,855,0.08389426459626458,0.06257938178457015,0.055875474115295545,0.06481996959788737,0.051179615686253045,0.05587547411529654,0.78956556141182,0.5574915220960448,6.017701725486585,53.505371425807475,1.5812852702452687,3.592392332163742,2.239546867832638
site_3ed9981ace9fa417,10,0.0294195681485006,0.021306387919783593,0.020286666159228105,0.08781675751244748,0.08035256737050446,0.02028666615922887,0.9150026674477816,0.9747860357167667,0.008655109900442711,0.21306387919783593,0.06878384579587729,0.077117829,0.06456535083031457
site_3f0cc8bf9a017f1f,60,0.04573219615138904,-0.04226508585860332,0.017467005530256555,0.03820063990156303,0.037236893470527756,0.017467005530256798,0.974771458448898,0.8930849861072068,0.1254860258897474,-2.535905151516199,0.076223365260909,0.08755733333333335,0.08319517412012596
site_3f80251a944e7c4c,134,0.0597565197041165,0.029859265101311816,0.051761626083016814,0.0655213452514508,0.045620233454807,0.051761626083017175,0.6962652137212776,0.6180769467472205,0.47849278071789414,4.001141523575783,0.24756409210127905,0.575268255597015,0.27888156386312635
site_3f885209ae19b689,226,0.047568755810168464,-0.010785501961027627,0.04632989830310558,0.06895107869377168,0.049274669923932195,0.04632989830310608,0.7146323285640368,0.7410924428187393,0.5113897556280005,-2.4375234431922435,0.5690436905779241,1.0744607831858408,0.5487264397214178
site_3f8f25f0fa2a3f3b,64,0.07277511663152723,0.01932194996383041,0.07016323717109713,0.09807921611777565,0.04971630398609651,0.0701632371710974,0.5068994834379192,0.7350454832298793,0.33895792644687306,1.2366047976851462,0.22938763731160433,0.6156500885937499,0.15818949645042918
site_3fd206a570dca7d5,52,0.13055976873328504,-0.09726928315254359,0.08708926321125457,0.07763247886772603,0.09047194897859331,0.08708926321125467,1.1653878672706535,0.4718001972846294,0.8863843670078215,-5.058002723932266,0.17231332457180207,0.3133936923076923,0.42562902470322994
site_3fe88af73a278f09,684,0.0732593615140868,-0.0003871629059489017,0.07325833846283929,0.0664606367230065,0.046936049494899504,0.07325833846283944,0.7062232895919844,0.200875958207752,3.6709828898249364,-0.26481942766904876,0.4286028889458714,3.02123910380117,1.5068470356563566
site_402a00535323377d,283,0.06581051326093963,0.04131898345627127,0.0512227026015681,0.08187684503417353,0.059518304041708894,0.051222702601568214,0.7269247369859856,0.7820863534893745,1.225679694554132,11.69327231812477,1.078581062482387,1.8971804240282686,1.0025072700283681
site_40392ec0ab51085a,129,0.058517191006324555,0.034309874747612684,0.04740352453218855,0.06886505128688039,0.042598276348902696,0.0474035245321896,0.6185761217463607,0.7345946090373391,0.44172975198191666,4.425973842442036,0.277989472257652,0.611768992248062,0.2340850960787753
site_4053c6fd726ad6c4,11,0.029760160410656464,0.005897331865809179,0.029169995278239515,0.07855025132659395,0.10346024520048387,0.029169995278239616,1.3171217590421178,0.9858259075813387,0.009742338624348047,0.06487065052390097,0.0881280163273554,0.06787156181818182,0.11774424570638671
site_40c02fde736492a1,19,0.04398930014945184,-0.02319729620845695,0.03737571372235817,0.05349600653022093,0.051049249742316574,0.037375713722358275,0.9542628142434869,0.745332753059266,0.03676611202513271,-0.44074862796068204,0.0386735940579521,0.05437463157894736,0.049514492085814765
site_413c6e860ea2e615,245,0.06859663631759995,0.0440750744740817,0.05256316508918791,0.07791478369582597,0.0622092502314416,0.05256316508918873,0.7984267847588757,0.7404361443022227,1.1528471359518224,10.798393246150017,0.8792827060451892,1.4873248120000002,0.9481477495177387
site_4148b96858a0e60a,171,0.04770237605869042,0.0009116172996180776,0.047693664522069995,0.05715134159019644,0.03606563901501421,0.04769366452207,0.6310549850889378,0.5560646495352024,0.38911335256124735,0.15588655823469127,0.1959934051078227,0.5585331695906433,0.22242488430298485
site_420eb683366b57f6,91,0.07711299414697255,0.046461417785712646,0.06154470345734463,0.054566464924093096,0.059582470325213424,0.06154470345734527,1.0919246905237137,0.4213544714285281,0.541123661834303,4.2279890184998505,0.12466178000251672,0.27095241758241767,0.3230564400749994
site_426aa82109fc7c47,28,0.08255955556899482,-0.06701155947042363,0.048223760876686304,0.07781547869472882,0.04444307222670786,0.04822376087668634,0.5711340850457096,0.824799331033286,0.19085024604099843,-1.8763236651718616,0.07986865992484883,0.16954696428571428,0.055305226730554394
site_42ce68186715eeba,627,0.09845141798169735,0.09010363191166564,0.039673885856239884,0.030375187740154182,0.048702549977244144,0.03967388585624005,1.6033662209390163,0.5815304807987535,6.0773114275345135,56.49497720861435,0.5393996936861052,0.5785028229665072,1.487205360677299
site_42d0b232cf256027,295,0.04709018931409859,0.01696417384390103,0.04392838188952046,0.053491558290896656,0.04463115616249931,0.04392838188952103,0.8343588706050982,0.612297123922183,0.6541583492431053,5.0044312839508045,0.43122866557033385,0.8440973084745764,0.5876223296184131
site_43b644a004cb99cb,16,0.09555636972298963,-0.03684376188367605,0.08816777758850265,0.11528887359585052,0.03549488050096772,0.08816777758850289,0.30787776299555464,0.8281501671396994,0.14609631671418702,-0.5895001901388168,0.05422283129505813,0.21266438999999998,0.020158184668447654
site_444e34f5ad449f77,182,0.10852939948483038,0.10008813868413914,0.041964211505548764,0.04084400151610815,0.05491819892620785,0.04196421150554899,1.3445841956633235,0.651614585486762,2.1437107605618984,18.216041240513324,0.2660153847136177,0.30361830769230774,0.5489135603403337
site_44541aad5ac7b92b,159,0.05892948770531133,-0.03907345708848545,0.044112917296011224,0.05785655638087453,0.05281864149311184,0.04411291729601122,0.9129240452093679,0.685760999030307,0.5521568388724599,-6.212679677069186,0.33320362237878376,0.5322335974842768,0.44357961337928226
site_44bc4221af0e2690,281,0.03743164069841514,-0.005001584571027247,0.03709598195430485,0.06476098679389557,0.04229178976563068,0.03709598195430485,0.6530442456077142,0.8409470206539845,0.3937168908304449,-1.4054452644586564,0.6472088965998161,1.1785099003558719,0.5025953303240654
site_4522c9f47db04b3c,148,0.04227960759754806,0.018816160183097865,0.03786181895480784,0.04319437506919969,0.04864969386071648,0.03786181895480784,1.126296972297367,0.6659937601227268,0.2645596523531913,2.784791707098484,0.20712817676871814,0.27613159756756755,0.3502853214857324
site_454d64b6e8b743da,118,0.045280741312710905,-0.03282578003941956,0.031189961504180935,0.047926434974321724,0.06170142096095247,0.031189961504182396,1.2874193750069494,0.8675973515599152,0.24194077299178005,-3.873442044651508,0.3027404943396543,0.2710392939830509,0.4492337111348785
site_454f86a28db067ff,49,0.040472009961092355,-0.008270888453843642,0.03961787468397106,0.06402550512196252,0.04111214620566757,0.03961787468397152,0.6421213878336895,0.8015835254207158,0.08026119592424717,-0.40527353423833845,0.10338749799345222,0.200864,0.08282021971617312
site_457c8dbf463cd4ea,137,0.04882012930809267,0.01925732464142089,0.044861570116457285,0.07485257715168976,0.04566397941382748,0.044861570116457285,0.6100522006248202,0.8302276709497634,0.32652648851526783,2.638253475874662,0.38877495914569843,0.7675984379562044,0.285672265179185
site_460afd4b6202d4b4,50,0.0961712011767095,-0.022873597642898556,0.09341144719273926,0.08084658320547627,0.06032794841034327,0.09341144719273929,0.7462028204335649,0.14864068046233564,0.4624449967885566,-1.1436798821449279,0.036248322718977904,0.3268085007999999,0.18197306797005197
site_465014c5dd5de0e8,2,0.05839199124121759,0.006815326738357538,0.0579928957939148,0.1062,0.048207104206085205,0.0579928957939148,0.45392753489722415,,0.006819249282228864,0.013630653476715077,0.010239188933372497,0.02255688,0.004647849791872716
site_466206aef45119ae,1,0.04862463665008545,0.04862463665008545,0.0,0.0,0.0,0.0,,,0.002364355289352833,0.04862463665008545,0.0,0.0,0.0
site_4680c02330a5a24c,432,0.06369676621805635,-0.006310641679705848,0.06338338763609977,0.08912249576590195,0.0873938795443467,0.0633833876361012,0.9806040415868088,0.7422911108964707,1.7527441075074972,-2.7261972056329262,2.4976200107073723,3.431297916666667,3.2994821585426894
site_4689968a649fae30,327,0.08661967113694218,-0.07157963059801574,0.04877831394506806,0.06762547780490988,0.04378203733219401,0.048778313945068076,0.6474192679051987,0.6941999190109579,2.453470348914148,-23.406539205551148,0.6721073192511358,1.495438116207951,0.6268154412971451
site_46c69a3772747cb8,125,0.07451727839895766,0.057667260059547414,0.0471944053592403,0.0555343636981644,0.05987738166417061,0.04719440535924034,1.0782041546313739,0.6679274384110567,0.6941030974984703,7.208407507443427,0.27762840556902885,0.38550819391999996,0.4481626043695943
site_473ba30122663331,178,0.12195775631109866,-0.016823141747980976,0.12079187152356183,0.13794064349000282,0.06042552853293657,0.12079187152356209,0.4380545646600226,0.485186391575567,2.6475175897498437,-2.9945192311406137,0.7198488564892891,3.3869165605056177,0.6499215207302822
site_47749587de8e2aac,260,0.11867474165920708,-0.08110262382709063,0.08663751333135647,0.06501185550949402,0.06371648734807868,0.0662952206712544,0.980074893244261,0.4696968356256881,3.6617605200486802,-21.086682195043565,0.5058658582789348,1.0989007527647057,1.0555455975942465
site_479c9178cadeeacf,620,0.03842915315933802,0.02512780380323529,0.029075647689603988,0.01884253296101925,0.035568563200909994,0.029075647689603988,1.8876741929810048,0.5780127863608101,0.9156158837771929,15.579238358005881,0.24017883887821806,0.22012545000000003,0.7843760666698197
site_47cb8752f353f72a,342,0.06396104813924032,-0.040505195164715346,0.0495009580082905,0.0783111843808055,0.06351429707980266,0.04950095800829069,0.811050140308826,0.7756884920364029,1.3991273622420146,-13.852776746332648,1.3194980198065833,2.0973634269005847,1.3796505492711684
site_4820638a678db67d,55,0.054818059884586566,0.02733960555249996,0.04751384701056981,0.024085275499104594,0.050002705294329944,0.04751384701056987,2.076069476398095,0.3416032582647483,0.1652760829230565,1.5036783053874978,0.02262714780907739,0.03190552727272725,0.13751487952133867
site_48ab6dd953268db1,549,0.12060795310138585,-0.10827132735899454,0.05313753873889464,0.08093169791951896,0.07121762194364122,0.05313753873889522,0.8799719241583474,0.7632419375972318,7.985906814867042,-59.440958720088005,2.4151309838693162,3.595916910746812,2.7845003717437664
site_48bc99c681181b96,271,0.06034278928899108,0.03336416657692392,0.05028006173228958,0.08908441765563256,0.058646031713006225,0.0502800617322897,0.6583197517180851,0.8467216635274324,0.9867793513965815,9.041689142346382,1.1988099490331,2.1506650701107013,0.9320657566700745
site_48c050cdab5aaa88,41,0.08391780434107735,-0.0494045115593003,0.06783356192191518,0.07604714558858423,0.030135154300232826,0.0678335619219154,0.3962693677322788,0.45597386745678137,0.28873011330252096,-2.0255849739313123,0.04284302695404466,0.23710990243902438,0.03723322851265248
site_48c0bfa2a3485fb7,53,0.06481025233522193,0.05930098665165451,0.026148839169176014,0.02073045202482173,0.035247068311673346,0.026148839169179944,1.700255656242809,0.6763120083693352,0.22261954681102242,3.142952292537689,0.026191160409377436,0.02277683698113208,0.06584485870209167
site_48d263b97f32a2d9,49,0.09873110663205475,-0.06511528736766505,0.07421476111809946,0.09558676693190744,0.04227829834384573,0.07421476111810026,0.44230283857140246,0.6701465286298287,0.4776437394227181,-3.190649081015587,0.13270311701046875,0.44770467061224495,0.08758527103171021
site_48ec25901538e693,155,0.06702915032718362,-0.05177066227351465,0.04257587957219282,0.06592912790525561,0.04684708576742173,0.04257587957219282,0.7105673509703329,0.7654945529765154,0.6964005840055478,-8.024452652394771,0.36646602181739385,0.6737307354838709,0.34017066395952594
site_4915d0b8a484d43a,129,0.036483033541341574,-0.004468619637387668,0.03620833018678171,0.028915219834970668,0.036016397519841474,0.03620833018678178,1.2455861558514763,0.39476197568383165,0.17170051399284642,-0.5764519332230091,0.0530336836505508,0.10785560201550387,0.16733633484963434
site_496ac9a9ab00ede4,112,0.07186933860287427,0.04729570715448688,0.05411393458224614,0.04330095997280345,0.05204207700703888,0.05411393458224653,1.201868897126659,0.36721846912330036,0.5785026050960345,5.2971192013025306,0.09268184787686913,0.20999699107142855,0.3033383112711353
site_496ee2f5b79c4b73,149,0.107195253389399,0.09880891961579355,0.04156464547637945,0.03571618627308364,0.05965229929760133,0.041564645476379454,1.6701755008640542,0.7290181362359922,1.7121325300334016,14.722529022753239,0.2314285149756294,0.19007124832214767,0.5302011249121006
site_49a35425669a6415,148,0.04511152981209692,0.002975925638063533,0.04501326458483571,0.05371007784067009,0.05243118719338358,0.04501326458483571,0.9761890003012038,0.6405364609744674,0.3011874180541809,0.4404369944334029,0.2669629819044793,0.4269463243243244,0.4068563497951292
site_49b410d6df2872b8,187,0.1284310675444627,0.11858694542283042,0.04931202171776143,0.03234914902423262,0.04091045120644284,0.04931202171776144,1.264653087962128,0.10898178541845689,3.0844788136841332,22.17575879406929,0.026970727126387994,0.1956894117647059,0.3129753583500565
site_49b534f23930be14,386,0.06976878425668696,-0.01513786611208026,0.0681067417090912,0.09067607402182087,0.0713992984794669,0.06810674170909121,0.787410562815996,0.6704667086593662,1.8789257370692667,-5.8432163192629805,1.6755260177283822,3.1737500544041453,1.9677738918169614
site_49f7a3a08cf1a503,75,0.17766669196472504,0.12073662779490156,0.1303384829680164,0.11224634495410332,0.057107119658364146,0.130338482968017,0.5087659618824543,-0.08795971581948268,2.367409007526637,9.055247084617617,-0.04228706516901653,0.9449431466666667,0.24459173367560405
site_4a00a5537486f4ab,125,0.14878218387459394,-0.13829682696819304,0.05486461417911504,0.03517553695396845,0.046813566257879725,0.0548646141791172,1.330855768289794,0.12713440427434547,2.7670172798116845,-17.28710337102413,0.02616890604734418,0.15466480000000002,0.2739387482226119
site_4a15ec3df99b7e73,6,0.14286563975174177,0.12791804438432058,0.06362047581215857,0.07485908242973742,0.031135176327264494,0.06362047581216032,0.41591715148910496,,0.12246354613004676,0.7675082663059235,0.007577149453759193,0.03362329333333333,0.005816395229579108
site_4a51d234a3956647,115,0.049025704738908805,0.00014589261490365735,0.04902548766194563,0.058907450400313595,0.07624755354789392,0.04902548766194563,1.2943618002433188,0.7659138001986419,0.27640476839186656,0.016777650713920594,0.3956160249172345,0.39906008695652173,0.6685742835344793
site_4a5737c09be72760,38,0.05164793487506654,0.04579071555263117,0.023889737253413562,0.02185333826562433,0.02582675147301815,0.023889737253413573,1.1818217957868735,0.5083887228644319,0.10136534872064637,1.7400471909999846,0.010903528840310478,0.018147598947368424,0.025346801482663717
site_4a605b11c85f3580,1259,0.07495774494351559,0.048897234165545395,0.0568130620366211,0.07569196006336819,0.037235053114342845,0.05681306203662113,0.49192877398299917,0.6897541240194093,7.073897380514577,61.56161781442165,2.447494728841521,7.213154478157267,1.7455395181587676
site_4a71668c00a356e4,95,0.12570565158745106,-0.11166458860422433,0.05773153811284578,0.062479687770774894,0.0847164668862062,0.05773153811284618,1.3559041331482555,0.731869938616541,1.5011815298974356,-10.608135917401311,0.3680138810051586,0.3708525814736842,0.6818035773597588
site_4accdc2358f08145,95,0.04614742781632592,0.01160942968098741,0.04466325376128815,0.05083074952184857,0.05417263418565378,0.044663253761288525,1.0657453351611266,0.6398147154993964,0.20231058393598608,1.102895819693804,0.16737257486346518,0.24545768421052636,0.27879405798820317
site_4aee712beb09287c,127,0.06945004446486318,0.0471716558522596,0.050971987996618826,0.07957466134551537,0.055676727363345856,0.05097198799661884,0.6996790991242297,0.7712388995494686,0.612560201873777,5.99080029323697,0.43395145225146514,0.8041800944881892,0.39368704217632783
site_4afa6fca34a02012,148,0.1308853686152921,-0.11033897184318787,0.07040093046365994,0.07794481317353588,0.06420043968546733,0.07040093046366051,0.8236653225729318,0.5236514540076088,2.535384998199011,-16.330167832791805,0.3878191516273529,0.8991582972972972,0.6100110754594847
site_4b307595d7b7b6da,381,0.03917954073586175,0.010211730654001862,0.03782534823796298,0.07705495459330633,0.062113638397306575,0.03782534823796317,0.8060953215161885,0.8738536598390303,0.5848488730760323,3.8906693791747093,1.5934969018373906,2.2621745564304465,1.4699376525564671
site_4b6df3933469a704,81,0.06683599849077654,0.03457530850275063,0.057197891011808326,0.07092734898485353,0.06342682336687533,0.05719789101180882,0.894250585629812,0.6426363839574337,0.3618311062349858,2.800599988722801,0.23417310681944645,0.40748579555555553,0.32585991571543693
site_4b78a1e10bf476d7,14,0.051515281832298664,-0.010475710860320496,0.05043891101354314,0.08027062008592926,0.044403666835196726,0.0504389110135437,0.5531745835233718,0.8235779920550714,0.03715353967165626,-0.14665995204448695,0.04109682033210993,0.09020721428571428,0.02760359879775609
site_4c8563a6e25ebea0,268,0.11387988231141953,-0.08498951004656836,0.07579848796187835,0.09575181774208437,0.04367405271517179,0.07579848796187835,0.45611721787686105,0.637325261929324,3.475592195530421,-22.777188692480323,0.7142766423593068,2.457134041044776,0.5111893319921179
site_4cacd33e9c8aef19,344,0.109811314424508,-0.07555156741672478,0.07968993309392505,0.11485868936883369,0.05769530168982993,0.07968993309392522,0.5023155148894225,0.7673968270894702,4.148132522819527,-25.989739191353323,1.7493743189439006,4.538226372093023,1.1450892559556893
site_4ce2c6daabd8ff5f,337,0.06457401941435022,0.03971063193953002,0.05092022873365808,0.06970245018239757,0.03469741088771317,0.05092022873365829,0.4977932740802782,0.7172793058219546,1.4052239423804844,13.382482963621616,0.584606063922718,1.6372914362017803,0.4057177786187384
site_4d238af0af441869,859,0.04342456924402442,-0.002653906520829905,0.04334339620066439,0.04702692445781507,0.05211180287582479,0.04334339620066453,1.1081269608130775,0.6219802714445737,1.6198104708509724,-2.2797057013928885,1.3093400395361359,1.899705664982538,2.332734759114217
site_4d43b32f897968be,48,0.06288627801077475,-0.03776918635082741,0.05028093599412129,0.1095045661148429,0.06805491020899265,0.050280935994121596,0.6214801137846624,0.9456479204751088,0.18982483017832563,-1.8129209448397159,0.3382691586986184,0.57558,0.22231059857059454
site_4d97122ac69c458e,260,0.07516319772332662,0.025794713799770056,0.07059843505336251,0.0693706956658196,0.04242619534661034,0.07059843505336252,0.6115867073178943,0.27659903651436357,1.468871635918932,6.706625587940215,0.21165773677940553,1.2511962884615384,0.46799533341307253
site_4dd15b6db25eea2b,82,0.04273067077683655,0.013839951356736623,0.04042729240849005,0.05580522583253389,0.04472322217247014,0.040427292408490086,0.8014163818041025,0.697178957137827,0.14972463845314823,1.134876011252403,0.14268097826929355,0.25536630487804884,0.16401366132202622
site_4deb698afc5ebdb4,26,0.08824424276242425,-0.0631239221898409,0.061663739978082534,0.06699584902799761,0.018363855752227237,0.061663739978082575,0.27410438137074683,0.41585645944536387,0.20246320589855527,-1.6412219769358636,0.013302356040821625,0.11669953846153847,0.008768011150303845
site_4ea6d277e84496c8,413,0.037666735732295474,-0.018538773755473026,0.03278866951204286,0.03454030199544042,0.024116829105855758,0.032788669512042935,0.6982228791467823,0.4199009059929565,0.5859573710400794,-7.65651356101036,0.14445853282542803,0.49272240677966106,0.2402096572479942
site_4f3ef6ee56ee38cd,157,0.06045469996638416,-0.014390008649248984,0.058717104825596333,0.09598347449620769,0.06337267255244547,0.05871710482559649,0.6602456608814399,0.8040161021299537,0.5737990074400081,-2.2592313579320904,0.767826131390728,1.4464138980891719,0.6305270133509977
site_4f44a81224b8cd25,260,0.15242391225866309,-0.1281655613800654,0.08250235090207618,0.10952095960005087,0.06233013094267876,0.08250235090207686,0.569116004555623,0.6645650568308915,6.040592747341522,-33.323045958817005,1.1795222283881444,3.1186585538461538,1.0101117580661847
site_4f633f2c887097a9,136,0.09160376914697581,-0.07927943862185759,0.04589140588100949,0.06934305196606838,0.046953643591578886,0.04589140588100963,0.6771210995234924,0.753565662888853,1.1412100709828115,-10.782003652572632,0.3336816010755651,0.6539504044117648,0.29983167192740234
site_4f8f6e54cc9c215b,18,0.07827724058783665,-0.06890950996180374,0.03713227478717309,0.041864861956856694,0.021726129651475447,0.0371322747871731,0.5189585880843233,0.4649963861833332,0.11029187509282912,-1.2403711793124674,0.007612969908863307,0.031548,0.00849644477338897
site_4f9a1ac96b88317a,129,0.05631769841269532,0.017543368944364,0.053515543168179004,0.04478407758290468,0.06185707158564662,0.053515543168179004,1.3812291091881097,0.5356986512618723,0.40914712693092636,2.263094593822956,0.19143584194392427,0.2587241550387597,0.4935923523645836
site_4fa99e2fc956380a,143,0.08434392831707832,-0.07342378321019086,0.04150718375244627,0.060474649534694086,0.041443059146341756,0.04150718375244639,0.6852963922108556,0.7285501367571856,1.0172874488857717,-10.499600999057293,0.2611082820554713,0.5229772027972028,0.24560638265122686
site_4fab225734bfdafc,402,0.1185630687651714,-0.08215833276833467,0.08548221821959436,0.08476233312631581,0.05961584265681996,0.0776814838798235,0.703329420722508,0.46547825488908373,5.650994912555936,-33.02764977287054,0.945562063860522,2.8882305530406476,1.428727575664451
site_4fc1c31a5e50a546,49,0.08195241465553797,-0.060585440071261654,0.05518697961697847,0.06814158887892015,0.03785472608962431,0.05518697961698169,0.5555304288088712,0.5874541213534703,0.3290937151257885,-2.968686563491821,0.07425101572396804,0.22752053061224486,0.07021603407870369
site_503f0d34679d2c3c,109,0.048625974549515824,0.004641885278640539,0.04840390792022996,0.05314165488150662,0.06459071833433332,0.048403907920230096,1.2154442400853984,0.677802690428618,0.25772890869702747,0.5059654953718187,0.2535916651714422,0.30781986770642206,0.45474373754902486
site_50560992666c8105,554,0.11145428102160984,0.10419858501831117,0.03955643611633583,0.05346890775514346,0.058012054364975384,0.03955643611633615,1.0849680085225772,0.7511040434134144,6.881819443956364,57.726016100144385,1.290712222055351,1.5838439494765342,1.864430742211252
site_50a31a0d244519cf,60,0.21375516628162872,-0.20907232934832576,0.044497552887231465,0.040734251217154134,0.03420365729111369,0.04449755288723158,0.8396780662242721,0.30473025734093523,2.741476266725205,-12.544339760899545,0.025474115440746153,0.09955675333333337,0.07019341032527726
site_51e9108791d53546,293,0.07820380161630049,0.06547013429732859,0.042772609253252734,0.06933977302760085,0.06282711223141252,0.04277260925325325,0.9060761160323391,0.7948909546918035,1.7919395340618132,19.182749349117277,1.0146229686950918,1.4087452081911263,1.156543087182182
site_524c0b4f56437dd1,10,0.07513334717721104,-0.021405811244249347,0.07201951890305082,0.14756248337568734,0.08223484730069254,0.07201951890305101,0.5572883121743512,0.9621290539436235,0.056450198580513256,-0.21405811244249345,0.1167522275377065,0.21774686499999998,0.0676257011056822
site_52a99c537fd71479,333,0.091645647755418,0.03185926094203739,0.08592969361482282,0.08652864379607587,0.05900602662939611,0.08592969361482286,0.6819247828321108,0.351077921177123,2.796841942585881,10.609133893698452,0.5969033543181358,2.4932396636636636,1.159409822470138
site_52efe15d6a747228,616,0.04421652516355498,-0.0015815741569481115,0.044188230567939295,0.046588341192413354,0.0748878139644798,0.04418823056793949,1.6074367974422505,0.8349422622635507,1.2043422760842033,-0.9742496806800367,1.7944260163718724,1.3370116975974027,3.4546417631131776
site_53e750ed31ea8834,151,0.0439270159272745,0.020779468734138058,0.038701374748218005,0.03583957158577833,0.05691321901707716,0.03870137474821801,1.5879994235104409,0.7417084999954471,0.2913669919695292,3.137699778854847,0.22844737021166167,0.19395570860927153,0.48910628933175476
site_545c918e740bed59,7,0.04791498335926132,-0.04572485562392643,0.014320726534969274,0.06309510799627198,0.06046023174656707,0.014320726534971805,0.9582396110668263,,0.01607091941222803,-0.32007398936748505,0.026009721735971315,0.027866948571428577,0.025588077359940176
site_5475cf38df836ff4,649,0.03922879757566988,0.001642357673869112,0.03919440292317216,0.06925576466485667,0.047053190733316215,0.03919440292317217,0.6794119011033463,0.8399292010123584,0.9987451649421414,1.0658901303410537,1.7763657237851622,3.112838249614792,1.436887790062607
site_54c3846d0762e78b,725,0.03914680079670773,0.015545065045480071,0.03592802479052962,0.024181784164419177,0.04283048635875399,0.03592802479052964,1.7711880177052577,0.5447364740377711,1.11104220914741,11.270172157973052,0.40904002713548204,0.4239500468965517,1.3299766572523737
site_54c3cc61243c3e27,143,0.0778199802559972,-0.03599875045864732,0.06899303799993035,0.10409122170627527,0.08260184746235058,0.06899303799993037,0.7935524831809215,0.7500475406847719,0.8660007537672627,-5.147821315586566,0.9222075968847565,1.5494024883916082,0.9756983241996608
site_54f5633d7a10a0e4,93,0.07887477488966811,-0.003701233713857591,0.07878788601613339,0.0946155407443864,0.06700697288529653,0.07878788601613375,0.7082026098262519,0.5705533898170478,0.5785744005923112,-0.34421473538875597,0.3364044351961183,0.8325453511827957,0.41756390061833026
site_551190f45891f632,40,0.1304330716342884,-0.11788129511475565,0.05582818676997579,0.06036803790086274,0.052513995492214534,0.055828186769975835,0.8698973383639499,0.5181483213730689,0.6805114470382164,-4.715251804590226,0.06570466569066047,0.14577199999999998,0.11030878890225315
site_554a93a7d6df9a9f,46,0.026596384084630026,0.0077840028962363386,0.025431809713202594,0.024483318652697546,0.012363695355008229,0.025431809713202712,0.5049844561675062,0.17429040848956803,0.03253891173334943,0.3580641332268716,0.0024268889252258377,0.027573913043478265,0.007031604290246796
site_557840f3689665d3,108,0.0668682315175988,-0.01351765461354344,0.0654876583795767,0.08240330734702579,0.0450951410532153,0.06548765837957682,0.5472491639602003,0.6102337347293056,0.4829069217194488,-1.4599066982626916,0.24490314404807156,0.7333529466666666,0.21962574863381343
site_572718242301a76e,118,0.04507833237303633,-0.03007064337993072,0.03358291911449872,0.049265718038592386,0.06336718450145362,0.033582919114499114,1.2862328415027835,0.8512152894126955,0.23978261384500432,-3.548335918831825,0.31356721676565324,0.2863990949152543,0.47381720845366915
site_572a1b583bd03d5b,234,0.09373609111987138,0.06931109131987279,0.0631064766761787,0.05137071270857845,0.08096215843243038,0.06310647667617872,1.5760372820155641,0.6265074350542859,2.0560304181532825,16.21879536885023,0.609733077378068,0.6175143290598291,1.5338398369408819
site_57c9411d53d3b891,847,0.044983093638350714,0.003244278414865875,0.04486594890162765,0.0605363880011129,0.04389886202553843,0.044865948901627796,0.7251648714940079,0.6733471086862268,1.7138864701453043,2.747903817391396,1.515626453636132,3.1039621685714285,1.6322622438052594
site_5809bead57720978,62,0.06424424318591862,0.025545092917257737,0.05894718831615397,0.03910725932010139,0.06142916611825196,0.05894718831615461,1.570786784505683,0.3804955948134982,0.25589401251694993,1.5837957608699798,0.05667262430513097,0.09482141935483872,0.23395963189899527
site_583630b60a1838c6,202,0.03785429527081051,0.021569953707037584,0.031107631981974495,0.05820875358755118,0.05075517079245079,0.03110763198197481,0.8719508263668703,0.8456318806307049,0.2894554294308408,4.357130648821592,0.5046628204749732,0.6844283168316831,0.5203696471585115
site_58667ddb3903bbc2,535,0.08489980758301455,-0.07017667662083546,0.0477829612528104,0.05884529619790136,0.041746295586484204,0.04778296125281046,0.7094245128121732,0.5947941584324397,3.856267870283599,-37.54452199214697,0.7817181105715092,1.852581353271028,0.932372959428849
site_5896b54480755cab,20,0.09454384308304606,-0.045211827586591244,0.08303269784363256,0.10300508482594439,0.02738414989464043,0.08303269784363257,0.265852408557437,0.791558775238028,0.17877076529823271,-0.9042365517318249,0.04465510254260153,0.21220095000000003,0.01499783330904271
site_58e380359cb64c9c,342,0.04782015774377482,0.0007107517029109738,0.047814875495564305,0.05435285699174179,0.03947003739459467,0.047814875495564374,0.7261814664239569,0.518772420962407,0.7820744804307113,0.24307708239555303,0.3806211359910885,1.0103477076023393,0.5327962773603
site_591f3f72c730f39a,46,0.08937559963249406,0.08036132916808128,0.0391159121587003,0.07064923070792722,0.05641087293482939,0.03911591215870033,0.7984640790787801,0.8334760849454766,0.3674478992447221,3.6966211417317387,0.15279925342033743,0.22960043478260866,0.14638058292239547
site_5977dd6efaf94985,77,0.07217970153943305,0.009036843760756703,0.07161176418135018,0.08623716657354782,0.03994027730958347,0.07161176418135042,0.46314459178711764,0.5667027675809743,0.4011630172027659,0.6958369695782661,0.15029745041984438,0.5726373651948052,0.12283238287061499
site_59c7d9e52ad4d8ab,85,0.06235719456813498,0.023970585719276884,0.057565881689443814,0.08565764802024312,0.06516463592393475,0.057565881689443966,0.7607567733885788,0.740778820962035,0.33051567572470064,2.037499786138535,0.35146784745297005,0.623664776470588,0.3609465308834121
site_59cc92ae49f9c2af,36,0.023599199611473155,0.011123426049947737,0.020813255757173087,0.022148628137992246,0.00866718384780196,0.02081325575717319,0.39131921822890986,0.34508722606908926,0.02004920000287757,0.4004433377981185,0.0023848234025968446,0.017660222222222226,0.0027043227306575712
site_59e0fe7c4ae0f849,113,0.06426984185130907,0.00997033273488019,0.06349177140975086,0.09194447516960501,0.052904682558329155,0.06349177140975132,0.5753981678696708,0.7422955926474941,0.46675922058992764,1.1266475990414615,0.40801401064459203,0.9552778761061946,0.3162763143355262
site_5a51afb7ef849491,62,0.09666338689460599,-0.059635320774970524,0.07607521858005177,0.0842079644066458,0.06178408948806451,0.0760752185800529,0.7337083840396033,0.4921294604909582,0.5793162426880497,-3.6973898880481726,0.15874529914269528,0.4396408387096774,0.23667097025988815
site_5b0bcc4b6a2f87e4,66,0.05656347000430726,-0.05223545010965882,0.021699859233863996,0.027514066900595928,0.03617465072243145,0.021699859233864024,1.3147693088457215,0.8011285536294714,0.21116212516925906,-3.4475397072374823,0.05262659627051856,0.04996357590909092,0.0863679534227341
site_5ba32085b805fa13,239,0.10600278938616857,0.08588624048557242,0.06213006561160897,0.06628595533113985,0.09908318640899953,0.062130065611609955,1.4947840144117557,0.7880205965381972,2.685545334477971,20.526811476051808,1.2369636977012248,1.0501248619246861,2.3463772011215713
site_5bf25e0531f88e2f,60,0.04000142551455015,-0.026043415431380272,0.03036205783316816,0.025621066147909523,0.029436714604340292,0.030362057833168407,1.1489262169811032,0.3985047943386193,0.09600684259176626,-1.5626049258828163,0.018033139241648212,0.039386341833333324,0.05199121000184287
site_5c129902816da317,37,0.03834920265036997,-0.022362713688934173,0.031153978564316613,0.043345335566963954,0.04285460098549285,0.031153978564316617,0.9886784915827223,0.7388142726792156,0.054414469725008296,-0.8274204064905644,0.05077814437207338,0.06951627027027028,0.06795112254815476
site_5c29c7471e58357f,54,0.0555873825257804,0.0348556390746876,0.04330174962703641,0.04978296172852363,0.046915449152508226,0.04330174962703751,0.9423997191719424,0.6003538967269071,0.16685768318764158,1.8822045100331304,0.07571775042582993,0.133830537037037,0.11885720593580557
site_5ca415a5fd8c11f3,149,0.09780938252482235,-0.08350179531270226,0.05093255824561143,0.08101702697285208,0.05093642056148178,0.05093255824561229,0.6287125369158513,0.7953236845897508,1.4254346211731665,-12.441767501592636,0.4890293321721506,0.9780000402684563,0.38658332200280543
site_5cc61f026daaaf5d,1,0.15441712017059328,-0.15441712017059328,0.0,0.0,0.0,0.0,,,0.023844647001779445,-0.15441712017059328,0.0,0.0,0.0
site_5cf31f5c04158e4a,244,0.1002728478630017,0.004315314925596369,0.10017994847098698,0.09776181710480544,0.05531830826890102,0.10017994847098705,0.5658477911636717,0.23867023718802205,2.453333140527831,1.052936841845514,0.3149388566014708,2.331998983606557,0.7466681160548918
site_5d503d0a92bc4d22,106,0.06423058539775303,-0.007381221264263373,0.06380505993403682,0.10222357348290118,0.08146904369339454,0.06380505993403728,0.7969692402410662,0.7814415016047341,0.43731021865703285,-0.7824094540119175,0.6898362542854447,1.1076638514150943,0.7035437385135204
site_5d637e79fa207678,82,0.07227460470465338,-0.04382489038967505,0.05747171014983696,0.05495999437371328,0.05581107022590977,0.05747171014983862,1.0154853700749928,0.4617104287595217,0.42833671578754023,-3.5936410119533537,0.11613164202469152,0.24768928048780486,0.2554197959004374
site_5d79652f78de4312,15,0.07260589400824234,-0.006532295687198638,0.07231144416889437,0.15182887823687122,0.08543405650553891,0.07231144416889561,0.5626996490894938,0.9683659694420984,0.07907423767104182,-0.09798443530797957,0.18841530989900232,0.345780124,0.10948467016487423
site_5de3489054d45a0f,49,0.07812685466393693,-0.05102862360039536,0.05915982583754872,0.0662025214340932,0.04357043570463829,0.05915982583754872,0.6581386140709776,0.4821109444189294,0.29908646556431623,-2.5004025564193726,0.06814115710556506,0.21475591836734695,0.09302076050710895
site_5e24def8042ec3b4,11,0.07028993581446236,0.006773876203732058,0.06996277351547572,0.07891013824189748,0.04144939062075042,0.06996277351547572,0.5252733241156938,0.4662610884195331,0.05434742584481362,0.07451263824105264,0.016775397222150455,0.06849490909090908,0.018898571811147083
site_5ec485e1198852d4,13,0.042302912488215834,0.00670910492860354,0.04176750310998534,0.12134433620484346,0.08925713912673164,0.04176750310998535,0.7355690584194644,0.9669953783866032,0.02326397326481341,0.08721836407184602,0.13615394323726113,0.1914178230769231,0.10356887950615346
site_5ed1da21a10b6003,106,0.09727195554086619,0.0007477519553787319,0.09726908142754036,0.061833925136552746,0.06345881915224866,0.0972690814275404,1.026278357909635,-0.20525688013320587,1.0029543334828903,0.07926170727014559,-0.08537336331564441,0.40528403556603776,0.4268643031889668
site_5edf4f1cdc32395a,114,0.0658311292970505,-0.03490166404006775,0.05581766236380041,0.05483182057204836,0.055258216860681636,0.05581766236380041,1.0077764386479378,0.4858872005208695,0.49404608463584765,-3.978789700567723,0.1678300958281677,0.34274425438596495,0.34809564049092173
site_5f27021d111ffc54,10,0.05252667693747662,-0.036036129748821255,0.03821582319956169,0.03347372103606052,0.020455103751925018,0.03821582319956241,0.6110794712631195,0.057288710398792506,0.027590517900940376,-0.36036129748821255,0.00039226063340902246,0.011204900000000004,0.00418411269502017
site_5f52ef3c28075a93,123,0.04667479037083853,0.018379445239780398,0.042903753318790594,0.05230450635861821,0.05284688242714699,0.04290375331879164,1.0103695858404638,0.6670855184404939,0.2679599349078917,2.260671764492989,0.22680107260913382,0.3364986504065041,0.3435135368190497
site_6009b70703dc2497,93,0.05891408984846423,0.016072922673276674,0.05667919494322219,0.08207340859374809,0.06016848515904428,0.05667919494322235,0.7331057182828835,0.7233113896157165,0.32279090838858127,1.4947818086147306,0.3321848337280174,0.6264521290322581,0.33668293438907426
site_613f62e07f148531,126,0.07555330426130555,0.05885377159951225,0.047376527450984175,0.04559188861389942,0.0680404028103652,0.047376527450984945,1.4923795630967125,0.7194473238829782,0.7192460248849778,7.4155752215385435,0.2812056262258973,0.2619061587301587,0.5833165482391909
site_617d5a69b08b72f8,37,0.10573668891595805,-0.04395731250982027,0.09616653295104324,0.07206473836561744,0.07433214634743386,0.09616653295104385,1.0314634873204258,0.13726595780491466,0.4136691531676733,-1.62642056286335,0.027205960075194772,0.1921530810810811,0.204434915282804
site_617d695493df2178,92,0.08296233366330807,0.07185288351223519,0.041471821009442286,0.06069567942568218,0.06357801241338772,0.04147182100944311,1.0474882728882664,0.7782270379896816,0.6332128902313094,6.610465283125638,0.27628599237496765,0.3389248260869565,0.37187905694419315
site_6198a28ec3f8f86a,57,0.032479822570899874,-0.011656113108626586,0.030316231649663194,0.016859985757086134,0.034621344666362984,0.030316231649663395,2.0534622724584377,0.48296031429292635,0.060131515831516796,-0.6643984471917154,0.016068947656805575,0.0162027698245614,0.06832233787090475
site_621b9dc6415ad601,132,0.05566945352835023,-0.003774517471501322,0.05554134562650133,0.07593520439361019,0.04215194930122346,0.05554134562650132,0.5551041791199876,0.696400509819682,0.4090796234111593,-0.4982363062381745,0.2942346674645263,0.761132495151515,0.23453586154586448
site_621eb1eb5435955b,195,0.05870725117913293,-0.01313069417583637,0.05721998087618049,0.11636337178523204,0.08565961570735771,0.05721998087618085,0.7361389962595513,0.8830512952752607,0.6720755614969119,-2.560485364288092,1.7163780898767595,2.6403846871794867,1.4308261038107797
site_6277027d8a1380c0,524,0.06542330717244749,0.045962118314820846,0.0465584879629357,0.062282883298764025,0.040553425702695496,0.046558487962936164,0.6511167042181597,0.6643570301849107,2.242829579603339,24.084149996966122,0.8792838127511973,2.0326785572519084,0.8617600961813988
site_62a63d63c871f1e4,95,0.0965693745036787,0.011368284479693362,0.09589789465895752,0.07877731837467375,0.0646815019111203,0.09589789465895757,0.8210675768815568,0.11708090837895992,0.8859361887430162,1.0799870255708695,0.056674928038716314,0.5895572595789474,0.3974511855004348
site_63012b87359e4210,129,0.06685630421432684,0.05183602367306865,0.04222312237345415,0.04944230652162411,0.054467616304848136,0.04222312237345416,1.1016398735569943,0.6736844903557764,0.5765997383026217,6.686847053825856,0.23403636899596267,0.3153458759689922,0.3827070381452485
site_6307ca95d0b03b26,71,0.03417851454165815,-0.021389054612122788,0.026658567085910037,0.04272980392679444,0.030545187937319505,0.02665856708591004,0.7148450292365052,0.784623549439871,0.08294013079547796,-1.518622877460718,0.07270987349894474,0.1296343661971831,0.066243603934958
site_63148af2428e7132,211,0.06954441890984454,0.05351413097285546,0.044414682118957174,0.05252273314395938,0.054059351004830954,0.044414682118957306,1.029256243323436,0.6530356674276836,1.020485928518176,11.291481635272502,0.391234822196065,0.5820725118483412,0.6166292339544022
site_633f81ba98074791,63,0.07145256488405888,0.03488181900315814,0.06235966429946171,0.06551589945487049,0.031053760163255607,0.06235966429946205,0.4739881528245897,0.3361836484171887,0.3216445487961706,2.197554597198963,0.043090153158657135,0.27041698412698406,0.06075316927745106
site_6367b6400c1e48bd,400,0.05144674240441686,-0.0147739434684217,0.049279791988383066,0.07382420859675708,0.04546284119889452,0.04927979198838319,0.6158256493777247,0.7580444342948556,1.0587069216105696,-5.90957738736868,1.0176771612790172,2.1800055099750004,0.8267479719503605
site_638a0536fcb5886f,372,0.036677592137367765,0.006934476517621548,0.03601609085425093,0.046977141211981564,0.034894862208043644,0.036016090854250976,0.7428051453915139,0.6488730512948162,0.5004314245781778,2.579625264555216,0.3956860592457696,0.8209488682795698,0.4529663239688271
site_639be43d81e5bd5a,671,0.16492120709928607,-0.11682055087012254,0.11641290068324349,0.10708313036524551,0.06633309574869407,0.11641290068324393,0.6194542083560801,0.16294961739449182,18.250532053778443,-78.38658963385222,0.7766532963819568,7.69422065871833,2.9524534059672343
site_63bba9458fdad7de,128,0.10554372541189418,0.018925058782845734,0.10383313596288589,0.09727780967856633,0.040101806852976464,0.10383313596288589,0.4122400266359233,0.03714507319229094,1.4258531806491284,2.422407524204254,0.018547650870122015,1.2112604487499998,0.20584382884779906
site_63e7e96910147c52,10,0.05544565729272207,0.023313870027065274,0.050305907972951765,0.038586252733324604,0.06784272014099361,0.05030590797295232,1.7582096040749242,0.6801234185575563,0.030742209126219843,0.23313870027065273,0.017804245995730165,0.014888989000000004,0.0460263467612918
site_63fc50b0256f0fb6,2,0.06612377175646177,0.005746294558048259,0.06587361603975295,0.10999999999999999,0.04412638396024767,0.06587361603975336,0.4011489450931606,,0.008744706382601303,0.011492589116096519,0.009707804471254348,0.024199999999999996,0.0038942755228144055
site_6411ebbe96528026,629,0.1881790228829283,-0.16174760714695924,0.09617201378471069,0.11932053666975967,0.050108832916098044,0.09617201378471077,0.4199514544154536,0.6271293922894908,22.27373578684622,-101.73924489543735,2.3585076374833993,8.955318606359302,1.5793530406782479
site_651ac46c08004df7,214,0.068729550799023,-0.013052466067978157,0.06747876912466441,0.10170371982012809,0.06509191733096603,0.06747876912466452,0.6400151090450454,0.7573325935536181,1.0108827467495936,-2.7932277385473254,1.0729125447607137,2.2135403778037386,0.9067089481897617
site_651b6ffa617fc102,117,0.10919500171891398,-0.06983063643630753,0.08394778505293553,0.09794072622190715,0.04838748954057194,0.08394778505293554,0.4940487109615565,0.5155513001966486,1.3950551628460546,-8.170184463047981,0.2858605063247502,1.1223091447863247,0.2739378498525582
site_653b7646a624636a,25,0.061429904186582035,-0.04122268770933151,0.045544737856217564,0.08456618709626207,0.0662000404873572,0.04554473785621791,0.7828192657190681,0.8448625068085457,0.09434082820931622,-1.0305671927332878,0.11824452767670153,0.178786,0.10956113401319331
site_655489b2dd82c473,432,0.09910772061493674,0.09179636178317445,0.037359981917298966,0.02658597445743731,0.04756278036129013,0.03735998191730093,1.789017755863549,0.6220879009900072,4.24325100333097,39.65602829033136,0.33982499477234496,0.3053436643518519,0.9772782087008127
site_655b8133c0a83295,77,0.08428502625124044,-0.017707727635835672,0.08240389573404494,0.08222761501634823,0.07392411263457906,0.08240389573404495,0.8990180807248479,0.44712186697679035,0.5470053550632664,-1.3634950279593467,0.20927649311566504,0.5206263116883117,0.42078763101836475
site_657937702d0a4647,131,0.07481637616427929,-0.052922457197240286,0.052883869625446354,0.062484535001768836,0.04694446194977589,0.05288386962544657,0.7512972921771279,0.56444835322908,0.7332712086484969,-6.932841892838478,0.21689643509048995,0.5114655419847329,0.2886955085157683
site_6641dc35f7f7b1d6,5,0.03546084949864769,-0.026612417745590207,0.023436106095081954,0.028336548837146692,0.040737556729657974,0.02343610609508366,1.4376329652485649,,0.00628735923582871,-0.13306208872795103,0.004783143648505209,0.004014799999999998,0.008297742641510508
site_667d683049a1748d,80,0.08616852725970157,0.05006955703943968,0.07012884248282036,0.09123269613329422,0.03846704845699978,0.07012884248282049,0.42163665097431796,0.6959866322278498,0.5940012072084747,4.005564563155175,0.19540256451051685,0.6658723874999999,0.11837710535945356
site_669ad6ba4bcd30e6,57,0.05875312375756082,0.047347883645902596,0.034786598935873665,0.05604167314564009,0.04573273269161099,0.034786598935873686,0.8160486674400599,0.7846547901475472,0.19675998442246168,2.698829367816448,0.11462826833207357,0.1790181403508772,0.11921452184821363
site_66c5aa948cb00d80,6,0.08397164183447726,0.0775214520295461,0.03227477509772166,0.024451766580124407,0.04576773372827604,0.03227477509772319,1.8717557105047082,,0.042307419794266395,0.46512871217727664,0.004952739695707956,0.003587333333333333,0.012568112703734258
site_66cab69faab895b3,471,0.08872857390343349,0.021043180694752188,0.08619712508654256,0.08392976881627574,0.03752125439103337,0.08619712508654272,0.44705537642035315,0.1622828674952902,3.708069878487354,9.91133810722828,0.24070602221530712,3.3178210700636943,0.6630947741370978
site_67582d7e0a88b810,49,0.029314746378827708,0.0002579768117593263,0.029313611227885016,0.03787679230415345,0.05252195910148604,0.029313611227885176,1.3866527735435148,0.8379363686527359,0.04210836340749462,0.01264086377620699,0.08168103460731858,0.07029791836734692,0.13516925320505044
site_6770b4e6f1f2e8bb,271,0.08067208647229922,0.020508583772006515,0.07802168626388893,0.062007567659929944,0.04981064921558503,0.04447488599340358,0.8032995180324303,0.7038741449227193,1.7636640802002073,5.557826202213765,0.589157216533228,1.041978319164314,0.6723783101003546
site_68221dfdbb1b1ea4,128,0.11536045131759515,0.0372589721865952,0.10917784903448945,0.12578338095050492,0.06128893748809642,0.10917784903448995,0.4872578318769574,0.4966831723121249,1.7034283172095028,4.7691484398841855,0.49011136396555227,2.0251467421875002,0.4808107338777332
site_68322e90dd9563bf,434,0.18150406946626144,0.1704392830299617,0.06240334953386773,0.05430036750745142,0.09049096976122804,0.06240334953386804,1.6664890849736942,0.7370187365476435,14.297577619041043,73.97064883500337,1.5717239446194697,1.2796619815668202,3.5538591740141294
site_68a69fed5c9dc2db,169,0.09172583458078773,0.024546962857775433,0.08838028820953814,0.09944242756834856,0.04153511378290606,0.08838028820953868,0.4176800063972516,0.46035861263957745,1.4219032552926036,4.148436722964048,0.3213439289929246,1.6712065917159762,0.291552999406063
site_68bc9d9136a91d21,185,0.06159822043430041,-0.0075498313220771635,0.061133794317716345,0.042326490573122995,0.05820490825853071,0.061133794317716934,1.3751413705791709,0.2926604929721402,0.701953040724443,-1.3967187945842752,0.1333852166294246,0.33143338378378384,0.6267450988960356
site_68cc6a1e0541208f,9,0.08750144409742922,0.04209770447148217,0.07670909983416101,0.08518190267427629,0.01376142884590179,0.07670909983416128,0.16155343346254633,,0.06890852447221976,0.3788793402433396,0.0070247136137551736,0.06530360888888889,0.001704392314927361
site_68df3e54f8cc23c6,117,0.04095329225073693,-0.01133139951514383,0.039354434708206244,0.05615548658312375,0.05650204273984909,0.039354434708206334,1.0061713677115476,0.7559564475722208,0.1962291411023896,-1.325773743271828,0.280633156593698,0.36895232478632484,0.37352025755176077
site_68e0a7cac180b7fb,385,0.11096141327939696,-0.08722351079095494,0.06858931696890777,0.0833265780137073,0.0369966956478013,0.06858931696890778,0.44399633981987496,0.5851126044937099,4.740287566230036,-33.58105165451765,0.6944590903383183,2.6731776623376624,0.5269708632095754
site_694aad5289524593,35,0.10572202365050822,-0.07832696410076959,0.07100727413100273,0.13300396188667096,0.09716723020375041,0.07100727413100287,0.7305589158805958,0.8546165962870795,0.39120011996655163,-2.7414437435269354,0.38656610166132455,0.6191518857142857,0.33045147189140195
site_69670e737191984a,288,0.12824282904570766,-0.11388638541485285,0.058958582231819226,0.09884129238454399,0.056945379917326566,0.05895858223181923,0.5761294550437427,0.8471324386342615,4.736512282074221,-32.79927899947762,1.373221865576071,2.813645111111111,0.933919572651454
site_697fb58ab8720f1f,11,0.09984967377087761,-0.008312864510579544,0.09950303329938957,0.08030020944159258,0.07116963928862256,0.09950303329938975,0.8862945661479095,0.1410678344985097,0.10966953087365752,-0.09144150961637498,0.008868131563812493,0.07092935999999998,0.055716293121199134
site_69dbfe52882f2d4a,41,0.01809162939258345,0.01128522623602937,0.014140393307126355,0.02210281421431991,0.017939167496941168,0.014140393307126378,0.8116236838890311,0.7697200936098084,0.013419589217222165,0.46269427567720417,0.012513146777814482,0.020029910243902438,0.013194362949815727
site_6a1c5e38a054464b,129,0.05843326982744404,-0.02483709486746049,0.05289201963691356,0.07102085268098324,0.03425906634100396,0.05289201963691364,0.48238038615069007,0.7028210945025096,0.4404636659317678,-3.203985237902403,0.22059512135286263,0.6506710355038761,0.15140518782589307
site_6a31951f1e7ac87b,178,0.03035826681897075,0.011832833732949213,0.02795726041836359,0.05379300759112447,0.05435711796887616,0.02795726041836364,1.0104866859655708,0.8664019477354435,0.16404913683682404,2.10624440446496,0.45094302212379955,0.515076404494382,0.525935936751053
site_6a5dcbf93bf1dcc1,110,0.08176255362401182,0.03694892790805209,0.07293758908522394,0.09400310395789603,0.0759590627994181,0.0729375890852261,0.8080484537344653,0.6502777785855405,0.7353626692631349,4.06438206988573,0.510755898043581,0.972024190909091,0.6346757143502535
site_6a951d61e5b0518b,6,0.03247917403775533,-0.029293982739249866,0.014027092408882573,0.057964376032947074,0.06784511330226237,0.014027092408882695,1.170462238111544,,0.006329380477048801,-0.1757638964354992,0.02329820689931512,0.020159213333333335,0.02761775639398091
site_6af774998b80a846,413,0.2296617063541006,0.21546441570205782,0.07949581707013244,0.06786904268052094,0.0294440869547476,0.07949581707013287,0.43383678024382,-0.21178149764324639,21.783478237942056,88.98680368494988,-0.1747864983201965,1.9023634721549638,0.35805210797527875
site_6af9b829a3e0be45,70,0.12333374072678284,-0.03485231651578632,0.1183069213323749,0.14303219275137086,0.05807499742580194,0.11830692133237494,0.4060274565373698,0.5919625773660443,1.0647848121162904,-2.4396621561050424,0.344203504894461,1.4320745714285716,0.23608937282048315
site_6bb6d38be9a11acb,136,0.11922522652805718,0.09762013652631465,0.06844679382739735,0.08791988948726233,0.08488287950151031,0.06844679382739771,0.9654570768518538,0.6867340913035731,1.9331930311306509,13.276338567578794,0.6970031697975636,1.0512673475735292,0.9798940396156373
site_6caf07a2afe1dffd,660,0.16038225305366915,-0.1547281081164425,0.042209947326165294,0.03945644272308343,0.035232460733949075,0.04220994732616535,0.8929456966311063,0.36559338417032755,16.97682828241697,-102.12055135685205,0.3354309777890191,1.0274951757575757,0.8192753509837138
site_6cb3e406456efe20,55,0.048003284145180104,-0.03473244969107888,0.03313566397674225,0.028467427580620118,0.03627181213661685,0.03313566397674502,1.2741513799901523,0.49782162727870105,0.1267373408797595,-1.9102847330093384,0.028271830442683263,0.04457169381818181,0.07236043956207139
site_6cb8ba95bd0dee4d,341,0.06842857107434479,-0.032275427897742064,0.06033876111832517,0.0826569448695578,0.07131195276209444,0.06033876111832542,0.8627460508567423,0.702086686002831,1.59672204469334,-11.005920913130044,1.4111942377893631,2.3297701524926686,1.7341195608994275
site_6ccc6476b82407ef,37,0.07284359096269034,-0.0450522295301025,0.057240591879423326,0.08007879611082781,0.03969713402885554,0.0572405918794235,0.4957259094394391,0.7411357076073596,0.19632898354057046,-1.6669324926137925,0.08717182754221801,0.2372667027027027,0.05830691065388205
site_6ce971c90b49aeb0,57,0.0899393797011503,-0.0748395388097094,0.04988121341524973,0.0547489648069256,0.03623078664943237,0.04988121341525012,0.6617620401993294,0.45926229478980496,0.46107824519857815,-4.265853712153436,0.05192653251133468,0.17085460140350875,0.07482218437049115
site_6d0e46f32994dd93,485,0.04984857642782593,0.021020857147334773,0.045199603280030545,0.04810719996959778,0.06324366109829244,0.04519960328003067,1.3146402438358586,0.7019052889288755,1.2051670773621896,10.195115716457366,1.0357318611794066,1.1224368041237112,1.939883924521099
site_6d48a42f8098677d,204,0.08975145724549231,0.07666252905831616,0.046670983663002694,0.059571649550932755,0.09178852257444886,0.04667098366300316,1.5408088120167165,0.8957338037220358,1.6432861118486448,15.639155927896498,0.9991648262357888,0.7239514117647059,1.7187271067856222
site_6d6ecd1531a550b1,62,0.10273266644700009,-0.08316439764490051,0.06031321347492144,0.10573485972901592,0.054779194642831375,0.060313213474921454,0.5180807425594832,0.9101181587660329,0.6543480468292558,-5.156192653983831,0.3268310472467734,0.6931513548387097,0.18604713027446673
site_6d764ff710881490,548,0.0654703419959177,-0.056254944893184805,0.03349248954806384,0.04997190946629732,0.04651010096796229,0.03349248954806391,0.9307249105485995,0.7612590508376922,2.3489283932222085,-30.827709801465275,0.9695858178268099,1.3684610711678833,1.1854278416434256
site_6eaed325c7afd5f2,128,0.016991363008126745,0.006186160211497919,0.01582522791973683,0.016433540379043356,0.019163351608961716,0.015825227919736902,1.1661121807568329,0.6142121045581175,0.03695442135986406,0.7918285070717336,0.02475887715627032,0.034567839921874996,0.047005957745753044
site_6ec0b265c8640204,38,0.02624233296057614,-0.00443473901089869,0.025864901490609896,0.027717310610505204,0.027733769409802458,0.02586490149060993,1.000593809389682,0.5648575057404639,0.026169081490122148,-0.16852008241415023,0.0164999447366909,0.02919347368421053,0.029228154695691594
site_6ed688016a61001c,62,0.04372183718997763,-0.0041743037683348505,0.04352211202729684,0.04897456784950518,0.02773935051053111,0.04352211202729685,0.5664031706368876,0.46882014707061365,0.11851914093054848,-0.2588068336367607,0.03948797445173466,0.14870751435483873,0.04770723713825836
site_6f1d891d977773b1,32,0.0364249316158526,-0.017090436838567258,0.032166638181297114,0.05133711156110655,0.04335494216501993,0.03216663818129713,0.8445146375914537,0.781873130246275,0.04245682058302522,-0.5468939788341523,0.055687318746931856,0.08433596874999999,0.06014883232423113
site_6f28bfb579cd23b2,141,0.09112356233732954,0.02915570675472842,0.08633335610688064,0.09158899281270898,0.09063045027085911,0.08633335610688085,0.9895343041514826,0.5510930889452511,1.1707940094393707,4.110954652416707,0.6450026489567673,1.1827846482269504,1.158156870798112
site_6f4dcb1e04a51328,266,0.08548377740555733,-0.003277000945403163,0.08542094277357691,0.04702640402698127,0.08067872558479959,0.08065527738623236,1.7156048235903898,0.29194095270452575,1.9437886690730846,-0.8716822514772413,0.2946303337703436,0.5882543917385621,1.7314090986886475
site_6fa03518f2e15749,74,0.06269149627939598,-0.003855983697884789,0.06257279836695148,0.10000801647926467,0.04612395849271086,0.06257279836695158,0.46120261271529206,0.8903192273473215,0.29083655422546445,-0.28534279364347437,0.3039057090322714,0.7401186486486487,0.15742904648076123
site_70208b23c7d145de,47,0.187099404187819,-0.17418251368340026,0.06831280241923142,0.047286902566868266,0.04487650614341563,0.06831280241923143,0.9490261300146674,-0.0981793308412101,1.6452907912295327,-8.186578143119812,-0.009792144884470297,0.10509440425531914,0.09465333777108098
site_7062702ffcf77fca,399,0.04217274585528548,-0.030096745291001214,0.029541943332541523,0.08608693131198943,0.08352799452945044,0.029541943332542276,0.9702749680637925,0.9397706742440236,0.709637656696825,-12.008601371109485,2.6962742597943077,2.956972937343359,2.7837934221746488
site_70a4655a50185729,555,0.03538175975971125,-0.015675448277243622,0.031719855690109655,0.058908875635183995,0.04763602015375097,0.03171985569010976,0.8086390996283049,0.8433688145421065,0.6947872526501269,-8.69987379387021,1.3134898619136295,1.925991873873874,1.2594006809291558
site_70a6cc65be0123f1,70,0.035524322430938636,0.018273389449289863,0.030464089059282107,0.06977799928110198,0.059100637062729264,0.03046408905928214,0.8469809635074407,0.9013009676315534,0.08833842389241031,1.2791372614502905,0.2601827816938715,0.34082784285714285,0.24450197108543137
site_70dba7fc35b9a591,3,0.08112292145136546,-0.07413977591196695,0.03292752666884856,0.08112678691748833,0.048725263021247286,0.03292752666884893,0.6006063456057285,,0.019742785154413228,-0.22241932773590087,0.011807227199276288,0.019744666666666667,0.007122453769469184
site_70ecc850263e23bf,307,0.0761954431841322,-0.049215135519978276,0.05816885762825749,0.06720525191563823,0.060113814094662245,0.055214352711428626,0.8944808981613853,0.628915475453811,1.7823638875420795,-15.109046604633331,0.7800243389529795,1.3865795867086295,1.1093968880173373
site_719e76f9794e1f46,104,0.13850874048715112,0.08521499840640104,0.10919283510347208,0.12703211367949516,0.05947096716517176,0.10919283510347211,0.4681569521484806,0.5129823390440021,1.9952058038990457,8.862359834265709,0.40304568738236735,1.6782644222115386,0.36782677729833746
site_71caeba631cb8f76,161,0.057461697122600755,-0.00295922138972312,0.057385448024530654,0.07159939162224704,0.04406775027624351,0.05738544802453192,0.6154766022139073,0.5982696820513054,0.5315973084297302,-0.4764346437454223,0.303915662933775,0.82536213378882,0.312656624919907
site_71e9fd683ed1988c,57,0.10253679902795729,-0.08924506149218794,0.05048875274905587,0.09840002589914755,0.058359524660976124,0.05048875274905588,0.5930844441117337,0.9176439315951013,0.599286323829283,-5.086968505054712,0.30036962425140173,0.5519062105263158,0.19413254476333958
site_72da2835c7ea074f,53,0.04667711311540023,0.030686967320037336,0.03517190534342472,0.02941610428270942,0.0227573535490699,0.03517190534342472,0.7736358740897757,0.10915317512362151,0.11547390310575702,1.6264092679619788,0.0038727472654069353,0.045861281132075486,0.02744854844954031
site_72f791e7a3b14404,210,0.09419956461631922,-0.0029199204426720022,0.0941542990973464,0.09892015738002866,0.04445723554228825,0.07982384950015214,0.4494254429003151,0.6127948549261439,1.863447174519861,-0.6131832929611205,0.5659286198085651,2.0548914825788236,0.41505361633312443
site_734432da6e99253a,201,0.049790477640456396,0.021952783142008,0.044689674153933566,0.05636410211409862,0.03307346584950465,0.04468967415393362,0.586782448561916,0.609819919228308,0.4982974243966224,4.412509411543608,0.22849671703143348,0.6385593134328358,0.21986468280296845
site_73483f87b1a225a5,300,0.0584934585949574,0.0104743863260746,0.057547996746126075,0.10228068846724357,0.07807975926996083,0.05754799674612728,0.7633871109008683,0.8293219781985522,1.0264454095199989,3.14231589782238,1.9869024167244138,3.1384017699999998,1.8289346422965103
site_734a8ec3d3587deb,510,0.09795472406633461,0.09250063559074027,0.03222980580488851,0.03817370726275138,0.049258957155049764,0.032229805804888836,1.2903896605063296,0.7564669556669741,4.893515263124994,47.17532415127754,0.725453683010927,0.7431882823529411,1.2374868786015445
site_73fced68c3c0a0ff,515,0.06638754846772081,0.023326697971982863,0.06215441861426966,0.06600998664793696,0.06742476487353018,0.062154418614269825,1.0214327906645233,0.5662296533311905,2.2697628946502997,12.013249455571174,1.2978632168251911,2.2440189436893205,2.3412409428991765
site_741bd07218da164c,66,0.02502926383214729,-0.01853576435284181,0.016819318887373393,0.022582272244902273,0.011222862088668448,0.016819318887373393,0.49697665349871517,0.6964672731908446,0.0413466271666296,-1.2233604472875594,0.011649731457176985,0.033657295303030306,0.008312873808443921
site_74428aba30f813ae,171,0.0443841773162967,0.027226787149975874,0.03505220759858608,0.05189618521505716,0.07058131070131454,0.03505220759858611,1.3600481501448796,0.8799416913488489,0.3368623385236038,4.655780602645875,0.5511567863271425,0.4605396008187134,0.8518743628739501
site_7463527a899d9995,969,0.08188831352280124,0.02041213610331587,0.07930347149594588,0.087765574681036,0.10182085082410082,0.07930347149594588,1.1601456629680318,0.6591740896983715,6.497819318968725,19.779359884113077,5.708011347023914,7.4640094200206395,10.046093607004934
site_74ac127e792b6d34,11,0.11111048858171699,-0.11013926360932262,0.014658897791580406,0.020652008486959673,0.0167133294397529,0.014658897791581173,0.8092834868969873,0.7111949754783508,0.13580094740154647,-1.2115318997025488,0.002700266530737281,0.004691559999999998,0.00307268919057882
site_74d6733a337aa5b5,241,0.07412880048645756,0.04864327151288136,0.0559366713175278,0.06300647379505633,0.08580011291077201,0.055936671317529905,1.3617666208373675,0.758658963854873,1.3243140538362086,11.723028434604407,0.9884089520591083,0.9567255933609959,1.7741599094957956
site_754a56eb31e06ac7,75,0.07194769033453789,-0.03828694284677506,0.06091453153330768,0.11176147139729725,0.05682530316208985,0.06091453153330791,0.5084516376854364,0.945472310393349,0.38823526083559173,-2.8715207135081293,0.45034355311612295,0.9367969866666668,0.24218363095975637
site_756658a5e0df9526,54,0.15245991401081138,-0.13994379766164003,0.06049594098963959,0.05108336622828042,0.04175593484818011,0.060495940989640694,0.8174076598942589,0.1625172448325811,1.255177370529936,-7.556965073728561,0.018719357148971834,0.14091355648148152,0.09415213713245496
site_75a0a6603ab1116e,378,0.05026310131856623,-0.005709743046334811,0.0499377431258691,0.09667253597122769,0.06710272165829949,0.04993774312586949,0.6941239410360667,0.8751806152172902,0.9549713958726519,-2.1582828715145586,2.1460149162687436,3.532628941798942,1.702049045993559
site_75b87fcb8d56b55c,180,0.10090434922878129,-0.08594870522048738,0.0528631039970755,0.07387945143573038,0.07296376617384384,0.05286310399707551,0.9876056840692283,0.7408721496462795,1.8327037847910939,-15.470766939687728,0.7188639079059163,0.9824712019999999,0.9582680113688444
site_75f094d197034591,390,0.032414512040734984,-0.007224773649068979,0.031599101831518435,0.03546651326878781,0.03575426502553333,0.03159910183151893,1.008113336503218,0.6063256528243448,0.4097732304271918,-2.817661723136902,0.2998588699084826,0.49057068974358975,0.4985633123312696
site_76b0c722c519421c,779,0.0423214836258568,-0.03159038398997315,0.02816301858217107,0.040418565595877066,0.028295241436701698,0.028163018582171347,0.7000555566372693,0.7174927245081992,1.3952731135327652,-24.608909128189087,0.6392183889220295,1.2726214865211811,0.6236835159218066
site_7701ccd363543751,52,0.023089695035169316,-0.007906742819799823,0.021693718786751765,0.04547414572033303,0.03387910470659147,0.021693718786751907,0.7450190469755869,0.8908972592387142,0.027722968874490373,-0.41115062662959084,0.07137192997780557,0.10753069230769231,0.05968527425744981
site_772df34a4c6e4a0a,60,0.17469547763038024,-0.16776955448150635,0.04870201734613825,0.044547060602618135,0.03979411575342879,0.04870201734614154,0.8933050848946471,0.3373719236251844,1.831110594270401,-10.066173268890381,0.03588377290040253,0.11906643649999998,0.09501429891583735
site_783ea304b6cb08b0,11,0.15637058590715353,-0.15486594903902576,0.02164019327982918,0.03451624841952958,0.03800255232074583,0.021640193279829856,1.1010047169333639,0.8261257433123411,0.2689693615064113,-1.7035254394292834,0.011919970824637197,0.013105085454545456,0.015886133811801262
site_792ac7c0f3887a80,3,0.16819807212175694,-0.031185941791534406,0.165281664137468,0.15293900745068276,0.012344669588017382,0.165281664137468,0.08071629202901742,,0.08487177439642724,-0.09355782537460322,-0.0056629464492201805,0.07017102,0.0004571726017119637
site_794f4adab7e8609a,986,0.0753908494371942,-0.019283349672812238,0.07288300627895186,0.08664961290865873,0.07100959593192833,0.07288300627895186,0.8195027484633168,0.5882203513160732,5.604207256357621,-19.013382777392867,3.568622664997547,7.403041241379311,4.971769636413912
site_79798e714cfe0874,3,0.14758943936131608,-0.08754849427938462,0.11881878538514082,0.07258178528773977,0.09173379803157264,0.11881878538514085,1.2638680306347874,,0.06534792783296278,-0.26264548283815387,-0.0006520477553208668,0.01580434666666667,0.025245269103892076
site_7a906ff08163d278,8,0.1393378911653012,0.13834563172459602,0.016599219774307884,0.04675608082110818,0.04546380808858949,0.016599219774308303,0.9723613974947344,,0.15532038331514658,1.1067650537967682,0.01591021937020123,0.01748904875,0.016535662767328763
site_7c54957b5bc14b62,396,0.02436506675937661,0.015143615391331189,0.019087362077257197,0.022025910320260998,0.01316445269350286,0.01908736207725734,0.59768030025044,0.5071684166802701,0.23508796536279614,5.996871694967151,0.05823499751929194,0.19211572727272727,0.06862791462891198
site_7ce6c15ef40a9887,868,0.13142847468036326,-0.10509664672536921,0.07891855804492266,0.07566468504602744,0.07981507312822908,0.07891855804492269,1.0548523803367043,0.4857819567320892,14.993349354508378,-91.22388935762048,2.5464740194371345,4.969425480783411,5.529547039867234
site_7d5d2b00a197b946,177,0.16082300568841915,-0.1301672357972732,0.09444855681033124,0.09956295488153498,0.030287608691802876,0.09444855681033175,0.30420560265452745,0.31662680464965465,4.577934931082342,-23.03960073611736,0.1689988337188454,1.754562411299435,0.16236904552739584
site_7dc3504cdb8699cf,179,0.05658736854201279,-0.04588925278486487,0.03311052336276717,0.043815180527190765,0.04576757759573197,0.03311052336276722,1.0445598316622153,0.7276001325741516,0.5731813198532145,-8.214176248490812,0.2611730329398503,0.3436388379888268,0.3749461374576611
site_7de361dfa684e7f9,3,0.03368650029814579,-0.021364383300145468,0.026045026944532833,0.04027681991198192,0.028451066048197828,0.026045026944532836,0.7063880939551025,,0.0034043409070109282,-0.06409314990043641,0.0026300129294395454,0.004866666666666669,0.0024283894778367454
site_7df014884b3dac8e,148,0.19999923212396434,0.1963354970277161,0.03810597665793445,0.03602433790981813,0.04246963576062634,0.03810597665793607,1.1789150953153702,0.5390266536943541,5.919954541825955,29.057653560101983,0.12205244955551384,0.19206743243243243,0.2669431543227602
site_7e8e5e3d7101de47,48,0.07236745904427555,0.05691150794029235,0.04470044062967321,0.059163375348596274,0.0445361328805301,0.04470044062967349,0.7527652473869,0.6614353885018832,0.2513783581691952,2.731752381134033,0.0836554253304998,0.1680146391666667,0.09520642233370724
site_7f0acd7df3af84c3,388,0.10112963021200443,-0.05477978844886895,0.0850080989336541,0.09903529517662706,0.051301870917304614,0.0850080989336541,0.518016034847061,0.5130689612663445,3.968154417444903,-21.254557918161154,1.0114179846085607,3.8055,1.0211702003309246
site_80ae082a98e7f1d4,133,0.06232111471029022,0.020724020716839268,0.058774452818049855,0.08540269575418945,0.06427734717841828,0.05877445281804988,0.7526383870062455,0.7260061417409976,0.5165615380515092,2.7562947553396224,0.5300556396380403,0.9700515187969923,0.5494997889192239
site_81129771a744e168,1,0.04304196429252627,-0.04304196429252627,0.0,0.0,0.0,0.0,,,0.0018526106901591063,-0.04304196429252627,0.0,0.0,0.0
site_8126bf120df6e8fa,258,0.05550568318185796,0.04255204582503137,0.035639925106391836,0.05492842855649593,0.04443497387026243,0.03563992510639184,0.8089613163529594,0.7623486918491698,0.7948672632950757,10.978427822858094,0.4800599427382613,0.7784201240310078,0.5094124609355335
site_814a74a697656439,144,0.0950688017424735,0.08763086502026352,0.036863376955320944,0.03232151845992938,0.05229335146040419,0.036863376955322165,1.617911346746747,0.7159998375335394,1.3014830973239615,12.618844562917946,0.17426639534160493,0.150434,0.3937816234024354
site_81c3c43b60e335cf,79,0.12040280029280122,-0.09891601934070829,0.0686473265039273,0.08524339088629278,0.04119004574457358,0.06864732650392734,0.4832051531070308,0.6052952464487159,1.1452499111495056,-7.814365527915955,0.16789870482281416,0.5740484194936708,0.13403296960676503
site_81d19e24593ab11d,26,0.04908859953791389,-0.022333152205898214,0.04371408145142551,0.05531043376109283,0.03588710956984494,0.04371408145142551,0.6488307382447092,0.6136755047321548,0.06265195571943569,-0.5806619573533536,0.03167070138669358,0.07954034615384616,0.03348500046522947
site_827e793321bdd790,11,0.11830853130198374,-0.05706650050336664,0.1036355301001144,0.127330732236569,0.0767486635151254,0.10363553010011463,0.6027505078077563,0.5813861365014713,0.15396599436715713,-0.627731505537033,0.06249732293269851,0.1783442690909091,0.06479393086493734
site_82fc0f846e9a1ddb,251,0.1657353346326447,-0.16065238720254593,0.04073096649869692,0.06195967850119999,0.07916906760519354,0.04073096649869698,1.2777514267389276,0.8610837926771598,6.894518487594475,-40.32374918783903,1.0601902898879891,0.963589441752988,1.573203057634402
site_83403fd7c9ad70f1,108,0.056971660981735464,-0.04939904957601317,0.02838140334804451,0.04540135475452196,0.03957014978992631,0.028381403348044655,0.871563194619983,0.7852812104934473,0.3505431767419223,-5.335097354209422,0.15236508844469293,0.222618565462963,0.16910604947489816
site_8350ab85e51c782b,81,0.06333922671775312,-0.032468435735467045,0.054384357329059024,0.06538657500920378,0.052481073879442834,0.05438435732905903,0.8026276628200151,0.5933178707719968,0.3249604689374373,-2.6299432945728305,0.16491636388759923,0.34630773950617283,0.2230953123587025
site_84025ad53bb001c3,582,0.08408433753025753,0.018000024297393058,0.08213510177260107,0.09712693086174341,0.08950692350202062,0.08213510177260211,0.9215458854499419,0.6153398964785718,4.114842326019124,10.47601414108276,3.1133959370748205,5.490378886597938,4.662686804491605
site_841029a3fc0d0421,80,0.07566743860826694,-0.029139423292130234,0.06983162088723063,0.06869845226604454,0.0851878624831327,0.06983162088723159,1.2400259346925397,0.6066012641500579,0.4580449012428677,-2.3311538633704187,0.28399975929828364,0.37755818750000003,0.5805577531556103
site_84dbfb194c437ec0,301,0.06971901357585593,0.0473553096133213,0.051168501105825465,0.06362632770447298,0.05273051396585918,0.05116850110582548,0.8287530628952546,0.6275021949030503,1.4630829970511057,14.253948193609713,0.6336954768139906,1.2185411827242527,0.8369326380342047
site_863f22c1c90857e1,146,0.05291837904915544,0.042236567814464436,0.03188145511805006,0.040772729973309975,0.05653505152245592,0.031881455118051454,1.3865898005717066,0.8334171472035837,0.40885180681375366,6.1665389009118075,0.28048062771655724,0.24271266438356165,0.46664695939442485
site_86b7f22d3a648755,251,0.06915203083205543,0.005061478075468207,0.06896654847017572,0.10012945980962007,0.06765982499098729,0.06896654847017578,0.6757234596055095,0.7267713093924,1.2002828454175836,1.2704309969425198,1.2358456668768745,2.516503089163346,1.1490408313705682
site_86deda94196a1d6c,8,0.029130260850175324,-0.011247781565785406,0.02687116497377133,0.06693551817794496,0.07380831481454618,0.026871164973771393,1.1026778730289382,,0.006788576777594058,-0.08998225252628325,0.03682388568986207,0.03584290875,0.04358133868610525
site_86f357dc9d6e4680,58,0.1586323007221225,0.12093267303253041,0.10266204471761217,0.10935828825954741,0.03771454947244833,0.10266204471761217,0.34487143199368525,0.3445504813864914,1.4595239962788467,7.014095035886764,0.08242168379364342,0.6936356422413793,0.08249846003076566
site_87666ca1581a674d,87,0.14297673538063851,-0.1321532760433767,0.0545697580268431,0.06475606432062356,0.07136407427347512,0.054569758026845085,1.1020446505231332,0.682533025126196,1.7784841768291462,-11.497335015773773,0.27441194053627976,0.36482126436781603,0.4430763054311764
site_87ec218e6b6d4b81,397,0.11363500251373138,-0.1059179415217875,0.041161917594822225,0.03664557177826156,0.04677720391870825,0.041161917594822454,1.2764763011954654,0.5357383940234133,5.126426777129407,-42.04942278414964,0.3645852035490482,0.5331304785894209,0.8686784021616086
site_88607d4559554ef6,42,0.06230223051932438,-0.05543484411495071,0.02843494303905228,0.035382426425744774,0.01137258649153981,0.028434943039052307,0.32141906704467693,0.7116308280313388,0.16302585296268746,-2.32826345282793,0.012026822590579588,0.05258047619047618,0.005432100387317257
site_88b325bed90e5cd8,187,0.05661730528571706,-0.031254047076491744,0.04720914952799427,0.09319952033418968,0.07899378129173223,0.0472091495279944,0.8475771228057903,0.8623437567380043,0.5994321012116078,-5.844506803303957,1.1872129096313913,1.6243101604278074,1.1668832692772468
site_88edadfb8f5755a7,34,0.07240543782696388,0.008044648484272117,0.07195714737035391,0.039224853095276485,0.07795453215329896,0.07195714737035391,1.987376012956601,0.3986040524254086,0.17824661251508725,0.27351804846525196,0.0414403411404175,0.052312029411764716,0.20661490883015055
site_8905c26daaab430e,211,0.07270403262094671,-0.05676163728231502,0.04543118854243841,0.06516121103503932,0.05307875228400736,0.04543118854243855,0.81457590245622,0.7227252270184772,1.1153199118223611,-11.97670546656847,0.527430842133742,0.8959025023696682,0.5944616821897004
site_8922fa4ef2bfa4f1,176,0.10499170018354113,0.07426021450283853,0.0742204665131054,0.06597570693034428,0.059744497983149965,0.07422046651310885,0.9055529794660163,0.3061534591152955,1.940093250907784,13.06979775249958,0.2123898739418523,0.7660917272727273,0.6282152869095154
site_899e1b3be68444b6,2,0.12028307125293891,0.11950971909761428,0.013617792451381686,0.025599999999999998,0.03921779245138239,0.013617792451383724,1.531945017632125,,0.028936034460079158,0.23901943819522856,0.002007950973510742,0.0013107199999999996,0.0030760704895194113
site_89b67bc04797f8a3,780,0.03983386238976237,0.02022124616534282,0.03431964155417614,0.03002518173902597,0.03769871952421061,0.03431964155417717,1.2555700695463492,0.5057231937243111,1.2376545424514895,15.7725720089674,0.44649820636957877,0.703179,1.1085308939367766
site_8a227a0556c22f70,136,0.04011417213443533,-0.012410846536212107,0.03814600495839243,0.06560314944766311,0.05283834877977242,0.038146004958393084,0.8054239655357674,0.8136118610721124,0.21884396562023067,-1.6878751289248466,0.38355717049588944,0.5853131575735293,0.3796971898411114
site_8adbe57839dd7587,31,0.05353394562989078,-0.049788258755399335,0.019672636447855777,0.012507229959055654,0.01655972661727163,0.019672636447855784,1.324012324989822,0.10535800468323817,0.08884238337582716,-1.5434360214173795,0.0006764621922085354,0.004849354838709678,0.00850096091480201
site_8b5408c589cc3993,120,0.09606949908427442,-0.05441524826566378,0.07917278200549466,0.08819829703571379,0.032224763797107724,0.07917278200549471,0.3653671882582843,0.4484331037038316,1.1075218385164085,-6.529829791879654,0.1529427354773879,0.933472752,0.12461224821352612
site_8b64753d75204fe6,178,0.12856016750417606,-0.042215019422970464,0.12143149840062108,0.11118993593674281,0.06143049945741308,0.1214314984006212,0.5524825510499581,0.1018453133659948,2.9419335670289217,-7.514273457288743,0.12382563889118725,2.2006499299438205,0.6717197149185267
site_8b8c1728607fc339,11,0.08753171711177755,0.08178016969724135,0.031205854335791844,0.07558856116180805,0.09756562636723186,0.031205854335792583,1.2907459127099772,0.9667237800417476,0.08427981650589877,0.8995818666696549,0.0784238217516379,0.06284993636363635,0.10470956593273317
site_8bf3ec991527937e,292,0.02309968622947404,0.0019312780198169081,0.023018811201066067,0.04562141821773009,0.04869927338298715,0.023016447092778065,1.0674651355766247,0.8829102403124232,0.15580988713884455,0.5639331817865372,0.5727837239521824,0.6077436296575343,0.6925128145850288
site_8c584caec5491a2c,154,0.04922358320395845,0.022302583895333402,0.04388115649146722,0.08113238142631385,0.06309787634113284,0.04388115649146742,0.7777150778994412,0.8436975299281932,0.37313601608930114,3.4345979198813437,0.6651452053120578,1.0136993506493508,0.6131266678091774
site_8cafedb38b43a4db,149,0.06373894764160346,-0.018399613112011215,0.06102546750158798,0.10546118493910432,0.08337049612210172,0.06102546750158804,0.790532518388085,0.815970208805355,0.6053353635224008,-2.7415423536896713,1.0689702134120385,1.6571871677852348,1.0356453039231615
site_8cc96a31a772bfea,373,0.08065298157959071,-0.05997702546341809,0.05392272113161849,0.09165065045932753,0.05941447220475066,0.05392272113161867,0.6482711459982211,0.828433426765649,2.4263289822538185,-22.37143049785495,1.6826517478826157,3.1331409651474527,1.31671965624867
site_8ce1daba0ed42d33,7,0.06363934675956699,0.04778123726929938,0.04203474540186163,0.08287262170687873,0.07084508025095218,0.04203474540186166,0.854867129720258,,0.028349765191890874,0.33446866088509564,0.035419919511675835,0.0480751,0.03513317777034698
site_8cee030029879195,657,0.13142383982620293,0.12195347655418258,0.048985459383493475,0.06407762573347169,0.06778912762472247,0.048985459383494745,1.0579219633806134,0.7253765749373502,11.347852268253884,80.12343409609795,2.070119196137643,2.6976039726027397,3.019155346447439
site_8e38800fbe0e21e5,171,0.02686726169503093,0.0005230560193982071,0.026862169744639904,0.041607609617375106,0.0567053537433213,0.026862169744640025,1.362860165839507,0.8953887261412142,0.12343630741916624,0.08944257931709343,0.3612472604950835,0.2960340334502924,0.5498500114795397
site_8e3ea373de88dc00,149,0.04772746058159319,-0.02926270402597901,0.03770417280163409,0.055335226554785746,0.05045021113243039,0.037704172801635606,0.9117196092525464,0.7496589251292112,0.33940866354156224,-4.360142899870873,0.3118276808617899,0.4562361073825504,0.3792383466927136
site_8e6ad22dcccafcc7,320,0.06981465015232173,0.024778827525675295,0.0652694038761188,0.07619476867500484,0.04548218801082263,0.06526940387611893,0.5969200878451217,0.5214503127035712,1.5597073202851446,7.9292248082160945,0.5782683387752623,1.8578056875,0.6619614164005816
site_8e827922ba5b5da3,25,0.036460724231223804,-0.029340276986837388,0.021645612899638834,0.011159222912013187,0.02444546068943902,0.021645612899638848,2.190606002065149,0.4647788897797362,0.03323461028663376,-0.7335069246709347,0.0031697030814737096,0.0031132064000000017,0.01493951370797271
site_8ea1310ade5fc61a,6,0.0233238311635328,-0.011708260109027225,0.020172202293362657,0.08628036502524135,0.07498330629110289,0.020172202293363,0.8690657053799727,,0.003264006600869903,-0.07024956065416335,0.03797963959760964,0.044665808333333334,0.0337349773340721
site_8eb987af49bead43,440,0.05034725163197397,-0.019481306864456698,0.04642547177731399,0.06812741162612912,0.05303088038752662,0.04642547177731407,0.7784073858339207,0.7332555123820387,1.1153321286330544,-8.571775020360947,1.1656246931573206,2.0421914545454545,1.2374006808575084
site_8fa7ffd1566cb92a,51,0.05462263700212724,-0.02279214401642481,0.049640211967725424,0.06789407466676178,0.03539095927342652,0.049640211967725424,0.5212672747531018,0.7070757469151592,0.15216525612637416,-1.1623993448376653,0.08664835558818541,0.23508987411764704,0.06387851991296006
site_8fd20385af85644b,310,0.059945376177501244,0.042746111150518545,0.04202639773487193,0.04176149128091864,0.04973915580302964,0.04202639773487194,1.1910292060321155,0.5901717972785765,1.1139689187692614,13.251294456660748,0.3800270884523709,0.5406468677419355,0.7669349221993977
site_901a320e9c405a2e,98,0.0385394185230108,-0.004632011781541672,0.038260047660025824,0.045669371385158516,0.054228430039410115,0.03826004766002853,1.1874135420447915,0.7192550391671438,0.14555810444899525,-0.4539371545910838,0.17456656015504685,0.20439776530612244,0.28819081720484135
site_90c4f5b431597729,821,0.07632466068254347,-0.029625541993347652,0.07034046552238471,0.11173785338653891,0.06128561103342558,0.07034046552238474,0.5484767173879561,0.8245926199350698,4.782697593038731,-24.32256997653842,4.635978839253777,10.250470609013398,3.083615344306815
site_912580bb93bae080,334,0.0456347920817414,0.03326277771681369,0.031242949075041083,0.04433524401755523,0.053901757564710315,0.031242949075041163,1.2157767202852674,0.8149169194986292,0.6955664389468184,11.109767757415772,0.6504468744471446,0.6565150299401197,0.9704034225006452
site_912957a44bff743f,166,0.04441446894380547,0.025430230854936394,0.03641357453237599,0.042314771496204724,0.03681013085739381,0.03641357453237611,0.8699120793006142,0.5840918302821552,0.3274590785590032,4.221418321919441,0.151024908454034,0.29722962120481927,0.22492763180058373
site_916f2628195f7cd3,128,0.023453620171223422,-0.008177912315027788,0.02198167530703097,0.0258360213537156,0.0257798285601494,0.021981675307031052,0.9978250213995076,0.6372703275670076,0.07040925428941033,-1.0467727763235568,0.05432995268330269,0.085439999921875,0.08506874375560892
site_917287f92c952f20,38,0.03812248982664798,-0.023603974879101697,0.029936208852986285,0.07256406401536915,0.056077890296681907,0.029936208852986288,0.7728052591542357,0.9232801782754197,0.05522632076214939,-0.8969510454058645,0.14276783475520968,0.2000906486842105,0.11949973164481426
site_91e14ae535f79ace,96,0.05296874477009717,-0.02139487048921486,0.04845562340192746,0.07714961114613605,0.045745926870649364,0.04845562340192797,0.5929508417611836,0.8070773823547737,0.2693460405618909,-2.0539075669646265,0.27344663452729584,0.5713980000000001,0.20089822322446077
site_91ea89ee8d5d5b53,178,0.08591102366952358,-0.07316735662971989,0.04502490323992739,0.06795773599882206,0.06146882292386206,0.04502490323992853,0.9045154612703332,0.7623890487088321,1.3137653098542883,-13.02378948009014,0.5668791064149543,0.822049191011236,0.6725580821128296
site_91ee6299c921b981,293,0.10874544517343109,-0.08275706033678186,0.0705467278502834,0.0884706502014643,0.031107700018485163,0.07054672785028396,0.35161604382523565,0.69363005458904,3.4648925508685378,-24.247818678677085,0.5593229560892354,2.2933273924914674,0.28353287712893815
site_92ac3b6c2c87c639,732,0.0723096008311651,0.0455636040851718,0.05614834240769843,0.040459181415225275,0.05104186211733014,0.05614834240769847,1.2615643799981202,0.26380668835438564,3.8273925685692998,33.35255819034576,0.3987865340268758,1.1982440040983606,1.9070588759121245
site_92b0fa719fa97ab5,94,0.10546232394031836,0.07969981872211113,0.06906692889187468,0.04882004723699809,0.07481160238875795,0.06906692889187616,1.5323951250104946,0.439439114713207,1.0454963664639088,7.491782959878446,0.15086681328912047,0.22403931914893616,0.5260969300855196
site_92d25300e45f668d,35,0.037491316450548984,0.017462061926296776,0.033176425402345285,0.04039826223783313,0.02376839433049454,0.03317642540234567,0.5883518996575883,0.570859650246457,0.04919595832183218,0.6111721674203872,0.019184916772161213,0.05712068571428571,0.019772779916745975
site_92f4bc71b766e85f,213,0.16210043746878572,0.14940200880407728,0.06289349404253289,0.07759476760749293,0.10493448437475521,0.06289349404253343,1.35233969519128,0.802997610651157,5.596905539272774,31.82262787526846,1.3926581532759985,1.2824619154929577,2.3453954003420936
site_9325c992d0f1e0e4,864,0.11743476268069793,-0.10140706313018584,0.05922441247646399,0.0828518450934098,0.05537719858630699,0.05922441247646412,0.6683882359393805,0.7000203804156638,11.91535789179327,-87.61570254448057,2.7749655326018714,5.930865995370371,2.649571882502931
site_93742f2df91eb28f,113,0.07789402375244926,-0.025778286099222912,0.07350482230530009,0.10567964792962681,0.07013414570583873,0.0735048223053001,0.6636485556097026,0.720749137926472,0.6856251198072257,-2.912946329212189,0.6036475525230434,1.262005242477876,0.5558242185093234
site_93e093b0ecc1d78c,41,0.0783758880130612,-0.047192902210863634,0.06257483362144699,0.06770100712145112,0.040413736171933716,0.06257483362144756,0.5969443866534238,0.42051243495287766,0.2518539726952723,-1.934908990645409,0.04717227599457269,0.18792048097560976,0.0669640729263612
site_94398cd24f99ecb3,80,0.12071972396702164,0.11207266018986702,0.04486614082624553,0.051530208070121354,0.07571710021350818,0.044866140826245536,1.4693730735663584,0.8170081913577433,1.165860140373912,8.965812815189361,0.25501884063407776,0.2124289875,0.4586463411793953
site_947d9a648844f933,171,0.062248858139270495,0.030226306747971922,0.05441774269501198,0.07570941371040533,0.058981081087632926,0.05441774269501199,0.7790455400069582,0.6997536889385381,0.6626113780789569,5.168698453903199,0.5343230613679,0.9801575204678362,0.5948693153914741
site_948f865f7f081052,88,0.049752636076045964,0.005325636314194311,0.049466780715591394,0.04972253109145285,0.05554816602096992,0.049466780715591414,1.1171628797174904,0.5631737182646773,0.21782858209336137,0.4686559956490994,0.13688252389105038,0.21756504863636364,0.2715326898498049
site_952481bd3cb76606,468,0.10349035769947898,0.0939046085129691,0.04349917972550884,0.04006566950554013,0.054373124590695265,0.04349917972550947,1.3571001124335826,0.6126970981895667,5.012398936006539,43.94735678406954,0.6246667238503216,0.7512606845299146,1.3836123651894665
site_9563943b41248204,316,0.06642776927353046,-0.0011831572419857656,0.06641723172188174,0.09019840954496701,0.06347651116159846,0.06641723172188174,0.703743131190725,0.6771285036169598,1.3943969356877375,-0.3738776884675019,1.2250959576865352,2.570897974683544,1.2732485202825365
site_956a5215e9d24ea6,175,0.03902594169204105,0.02414219035966056,0.030662334705441146,0.01670143486442444,0.030725542963945016,0.030662334705442603,1.8396948054680733,0.27556491802193234,0.26652922186635286,4.224883312940598,0.024746587894984656,0.048814137142857136,0.16521032332511543
site_9573cc360aa7a95d,83,0.1231725030182841,-0.08566607000310737,0.08850305051246489,0.11377192578114367,0.05076203212761553,0.08850305051246503,0.4461736212962014,0.6655977037437487,1.259231636482504,-7.110283810257911,0.31905386964402277,1.0743562409638554,0.21387306417518093
site_95a6e0674f2876c2,37,0.04406088765138237,-0.012622051043284906,0.0422142825130127,0.0332113668309311,0.05800922706865984,0.04221428251301301,1.746667861156304,0.6971004508825325,0.07183038736322636,-0.46701588860154153,0.049691363780180346,0.0408108108108108,0.12450760572882348
site_95aa1a90ae6a3184,54,0.06625694470719395,-0.016922321178294994,0.06405948616614705,0.1165631007102502,0.06993957762285746,0.06405948616614705,0.6000147319065543,0.881637860599368,0.23705906698433646,-0.9138053436279298,0.3881218463292828,0.7336956481481481,0.26414340397544
site_95c50f37760ba8b9,9,0.0933107843633757,0.07668937899006739,0.05315676465536828,0.09212163188810973,0.06042624506554773,0.05315676465537037,0.6559398029220869,,0.07836212230657559,0.6902044109106065,0.04190438036620617,0.07637755555555556,0.03286197983449468
site_960e43f47225dd5e,138,0.08510482551076909,0.0708034479583519,0.04721973191820773,0.06162213300253731,0.04190754106766236,0.04721973191820774,0.6800728735880792,0.6435457162598428,0.9995107228801465,9.770875818252563,0.22934400722680318,0.5240256440579709,0.24236139577061744
site_96144cbf74954033,5,0.07418084949105476,-0.03389126242637634,0.06598621645738609,0.06162381357884304,0.008219623300203423,0.0659862164573861,0.13338387910198116,,0.027513992156072593,-0.1694563121318817,-0.0012228103879094124,0.018987472000000002,0.0003378110359862352
site_96a5abc509a3a15b,35,0.031953906069749835,-0.00899933544261115,0.03066046435893883,0.022232226287852635,0.013619411192756609,0.030660464358938832,0.6125977226220505,-0.4298424197836378,0.03573682395900384,-0.31497674049139024,-0.004555316985696553,0.017299516,0.006492092643308439
site_96e92296d2491d86,411,0.07592571391774418,-0.06185872984622806,0.04402512436927924,0.06056773353189755,0.051641975378784045,0.04402512436927973,0.8526317953038012,0.7029029682196791,2.369297467940763,-25.423937966799734,0.9036107062443256,1.5077330918734793,1.0960932782404273
site_96ea37eab36e72c1,208,0.1091261782187126,0.05288990753155488,0.09545250365457052,0.09320942947555405,0.04622143904789099,0.09545250365457053,0.495888015922396,0.198831217736748,2.476972736705423,11.001100766563416,0.17817682655660008,1.807103530576923,0.44437565695284365
site_971bf07b5c1c6549,83,0.09847700056329249,-0.08535792930442167,0.049109505646097285,0.038328808352425206,0.02609147094041967,0.049109505646097416,0.6807274231046833,-0.13093336969076266,0.8049107301152448,-7.084708132266998,-0.010868067278973314,0.12193509662650603,0.05650348303428543
site_97832a03d9613f37,33,0.06728866011063787,-0.055155628552942565,0.03854374681339081,0.02205277916432583,0.04649521819086082,0.03854374681339085,2.108360939199666,0.5668851365144243,0.14941620472300327,-1.8201357422471047,0.019181414423679766,0.01604872727272727,0.07133957538231991
site_978ff47db3a1c5a1,160,0.10092554882714498,0.033297389381080865,0.09527460452011915,0.09184001834863305,0.059002387763898045,0.08042553390961502,0.6424474736048029,0.5026596254718338,1.6297546249696682,5.327582300972939,0.43580833819776044,1.349534235244361,0.5570050818946217
site_97ad06a1706d85fa,20,0.15398511894568037,-0.09710489064455034,0.11950756072159305,0.13773162309360912,0.0315754870912442,0.11950756072159353,0.22925372098304508,0.6536018294139545,0.4742283371343067,-1.942097812891007,0.05684954315423966,0.37940000000000007,0.01994022770098658
site_98378de2aa945723,63,0.06273223878694524,0.011017419188741655,0.06175718790263902,0.07102104202402895,0.045322172560844615,0.0617571879026394,0.6381513319040082,0.5101449281678342,0.2479260283430059,0.6940974088907242,0.10345033056241655,0.3177712698412698,0.1294082575150035
site_9898264bce191dea,842,0.05898366119204643,0.04398001062060903,0.03930433759051588,0.03291723712311613,0.04760088177448756,0.039304337590515985,1.4460776764602714,0.5758406950654269,2.92937886617446,37.0311689425528,0.7597187041736577,0.9123444688479809,1.9078406022867611
site_98b84b664f32321c,921,0.06783575449751518,0.035085804135545726,0.058057522651326354,0.07331291176989707,0.05995098939542546,0.05805752265132746,0.817741212947456,0.6368597181825195,4.238156110775626,32.31402560883761,2.577984097733026,4.950175172638437,3.310185560260673
site_99359b775dbc987c,101,0.06512750985783537,0.0451515206653293,0.04693541010677106,0.07322723950169584,0.09307613806772691,0.04693541010677138,1.271058948843366,0.8672952410827263,0.42840084656852684,4.560303587198259,0.5970343997178986,0.541585089108911,0.8749799152378588
site_9963ae44b09a6e46,127,0.11694304351117177,0.10378573098942989,0.05389060649728769,0.027516644532563424,0.06289213938919351,0.0538906064972881,2.2856035122584237,0.5224805505206034,1.7368107790582885,13.180787835657597,0.11483273036936371,0.09616004724409448,0.5023384920126177
site_9978a236cbbfb40f,39,0.03364507980991199,-0.016847960747587376,0.02912280230443325,0.028855235037790413,0.017787171560437014,0.029122802304433454,0.6164278869030853,0.2931014896593938,0.04414766442119855,-0.6570704691559077,0.005866973719296929,0.03247235897435897,0.012338955412696351
site_99e4e71469e203aa,104,0.06700243623618496,-0.021497187368915628,0.06346020325219393,0.08945387484020753,0.0721773284263261,0.06346020325219462,0.8068664275891599,0.7112449270725923,0.46688995200473926,-2.2357074863672253,0.47758698342572903,0.8322075552884616,0.541794940831221
site_9a39d33121ec563e,282,0.07613276333021232,0.06874899686693299,0.03270738574213106,0.06992849898340395,0.057292340726975664,0.0327073857421312,0.8192988775659662,0.8864182315368307,1.6345277379469423,19.387217116475103,1.0014714213488163,1.3789785815602835,0.9256402702851966
site_9a5b564ee1a1517d,676,0.07439901167477454,0.0625636191722204,0.04026172492897709,0.022137521158280847,0.050070574167374024,0.04026172492897719,2.261796784263916,0.6207497648891164,3.7418039462118697,42.29300656042099,0.46513050222479735,0.3312872138905325,1.6947741806765397
site_9a64702d11a0ca56,5,0.06059771632031097,0.042854768759012216,0.0428433427483019,0.08368385746367096,0.1243619132007027,0.042843342748301955,1.4860920250323186,,0.01836041611618441,0.2142738437950611,0.05158330359272659,0.035014939999999994,0.07732942727469556
site_9a99fb7f0cd8cd33,110,0.03397857667518222,0.006711879242983731,0.03330907308675583,0.05151657019793416,0.03663314261663361,0.03330907308675652,0.7110943619865172,0.7647383927557477,0.1269998040158361,0.7383067167282104,0.15875473861667244,0.29193527054545454,0.14761858517676796
site_9aa6317ba764d9b9,127,0.06903573594619655,-0.006825374147084753,0.06869750436067731,0.08380242567905238,0.0572291724163729,0.06869750436067731,0.682905917730233,0.5816037716958968,0.6052734703793878,-0.8668225166797636,0.3542460288554431,0.8919015118110234,0.41594762828379306
site_9b62f4534e47f978,173,0.029490555536126718,0.0038287956618160185,0.029240950559265906,0.02586992559360872,0.038258935086087506,0.02924095055926607,1.4788962166763846,0.6455966054493861,0.15045686578848175,0.6623816494941712,0.11054405679691993,0.11578077768786128,0.25322807770841216
site_9bb3648a2ef66eb2,76,0.0997044217928098,-0.08212056943146805,0.056543645100841894,0.08224655942588797,0.05107632124554082,0.056543645100842525,0.6210146856242111,0.7351013298014448,0.7555138511029279,-6.241163276791571,0.23469192646718337,0.5141017368421053,0.19826808499030402
site_9c2d82de18c716a5,41,0.03538551433154212,-0.010047634722982963,0.03392903860974077,0.030425028051675986,0.041890126176809414,0.03392903860974092,1.3768311439404526,0.5999511283089602,0.05133751960481868,-0.41195302364230146,0.03135034951249638,0.0379529756097561,0.07194608951546953
site_9c3923563de1bc2a,115,0.08084678302692427,0.029860422081532684,0.0751302703237203,0.09790331483060424,0.06079343888076692,0.07513027032372087,0.6209538357915036,0.6415069516473679,0.7516632674672957,3.4339485393762588,0.4390897654441388,1.1022817913043477,0.4250218542591975
site_9c3f2a2a90bf94af,109,0.10377921465669265,0.031503405303255134,0.09888205524289392,0.11898262064189698,0.05275850478148753,0.09888205524289406,0.443413538018088,0.5705168992552772,1.173943668028828,3.4338711780548095,0.39036513309305143,1.543098177614679,0.30339712111882844
site_9c51efef96062ac3,183,0.05531156803854468,0.022106586700059026,0.05070175917416802,0.04056002971683276,0.07288276661472302,0.05070175917416898,1.7969110753505209,0.7419074062097096,0.5598646292755081,4.045505366110802,0.4013505946472369,0.3010562299453552,0.972077273503162
site_9c5e0ec7dff35c9c,35,0.09082328622036152,-0.06696772871102605,0.06135301647964938,0.0971756835293056,0.046497004087872856,0.06135301647964938,0.4784839416524464,0.8676666670666424,0.2887104261952999,-2.3438705048859116,0.1372156139792076,0.33050897142857144,0.07566899862016828
site_9ca12fe149def76c,9,0.13291056660475875,-0.0967037383529875,0.0911789762157645,0.1385913345945242,0.04826992767013116,0.09117897621576489,0.3482896518123171,,0.15898696843678214,-0.8703336451768875,0.05950772207197215,0.17286802222222222,0.020969873255517246
site_9cfda7361157a69e,189,0.09534110034714356,-0.06613895688485846,0.0686699628483002,0.059035941175169866,0.025904889403814885,0.06866996284830167,0.43879861806472414,-0.18284542316176514,1.7179959035113743,-12.50026285123825,-0.0528498953758251,0.658710804232804,0.12683096275951344
site_9d73848123a6a95b,64,0.06629292028448962,-0.042635963300708686,0.05076343086579469,0.09160607831352881,0.048657789951246457,0.0507634308657948,0.5311633337769515,0.9178468650358943,0.2812640819101245,-2.728701651245356,0.2618345021970454,0.5370671093749999,0.15152515346813572
site_9dbd78e6c2f64c18,70,0.10227331926146725,0.04613682708433696,0.09127554447576854,0.08824986956109918,0.03987958986686709,0.09127554447576904,0.4518940375232706,0.14877613913354515,0.7321882282930605,3.2295778959035872,0.036651865115336,0.5451627634285714,0.111326718156467
site_9e0c7cff2a642903,104,0.06715443101381828,-0.005804860931749526,0.06690307313085646,0.10147441161700693,0.07160914165708028,0.06690307313085704,0.7056866900332803,0.7533827113319935,0.46901063089812656,-0.6037055369019507,0.5693430177514942,1.0708938461538462,0.5332983935618341
site_9eb9cb71933abd8d,145,0.0460674728702073,0.0033107382100203957,0.04594835219191213,0.08314258629109642,0.07441048201360222,0.045948352191912616,0.8949743486818944,0.8355336424569573,0.3077207482138564,0.4800570404529574,0.7495309854149819,1.0023399999999998,0.8028533758570097
site_9f1083ed35aa92f7,172,0.11849595764544509,-0.07978946027367614,0.08760670070004105,0.09758096650647338,0.042229402534698125,0.08760670070004109,0.4327627000076566,0.44050255590887627,2.415102220269512,-13.723787167072297,0.31221727714964814,1.6377917441860466,0.3067314594112618
site_9f57a1eb8c53e14d,1084,0.06613175438591694,-0.04506852159129517,0.04839666620475222,0.09429068800350454,0.07570016293025884,0.048396666204752234,0.8028381649675232,0.8601373001245958,4.740775288964621,-48.854277404963966,6.6552240769624085,9.637555487084871,6.2118778997518245
site_9f76ab7d5518980d,176,0.08085496894606417,0.056985306058248336,0.05736027280894649,0.0101610418606664,0.059935373011415244,0.057360272808946525,5.8985460185363765,0.33275117437212587,1.150604576575344,10.029413866251707,0.03566594354355368,0.01817143181818182,0.632235813091077
site_9ff0a0ccad22ddc6,126,0.06734901185742743,0.05484837826660701,0.039083817619253794,0.03366192538252311,0.057679552765321544,0.03908381761925572,1.7134953544656155,0.755177167370052,0.5715220641696596,6.910895661592483,0.18474820736216171,0.14277377777777778,0.4191932817081465
site_a08eaaa4540846cf,142,0.1470080384987877,0.0733438169415568,0.12740505445116557,0.15446513454537567,0.07704858191199242,0.12740505445116562,0.498808887447404,0.5698491576291828,3.068813600423069,10.414822005701065,0.9630378844196528,3.3880458461971834,0.8429807244001586
site_a0a221a9f908364b,38,0.12472934990251353,-0.1205146385446975,0.03215015744198711,0.04444991586916249,0.02771314269877384,0.03215015744198733,0.6234689572944742,0.6941531163571553,0.5911816076299388,-4.579556264698505,0.0324934328339994,0.0750802107894737,0.029184694573218872
site_a0d01f20e2427c2c,13,0.10531102653156145,0.0900460876584053,0.05460873928727918,0.051998571896639055,0.02925598916099288,0.05460873928727933,0.562630627993917,0.1898578507536477,0.14417536001870612,1.170599139559269,0.0037547248344581884,0.03515006923076923,0.011126867723245726
site_a1da79e1324e0f0b,139,0.12422507570667624,-0.054251609142735704,0.11175254958949832,0.13415239849301042,0.053828190360258495,0.11175254958949841,0.40124657452966106,0.5820175357369293,2.1450298513717927,-7.540973670840263,0.5841966892598398,2.5015643769784175,0.40274889676697134
site_a2c2e8340755d8a7,83,0.09065938290977628,-0.0627301746333938,0.0654526462417323,0.07214866669569184,0.05002669587884741,0.06545264624173232,0.6933835117126927,0.4743295306055323,0.6821872678952592,-5.206604494571685,0.1420981375187276,0.43205069879518077,0.20772163494603912
site_a2dd98acaefee6f4,468,0.07861859582997945,-0.04096626045242843,0.06710178175593745,0.11316568063045708,0.06675923705366449,0.06710178175593838,0.5899247605965188,0.8445310158179681,2.8926535296099454,-19.172209891736507,2.9859845861945713,5.993428555555556,2.085780402570089
site_a30a3623711ec917,255,0.05686678279261531,0.030804667730191172,0.047800663501828156,0.08265392840056748,0.05532872946213684,0.047800663501828586,0.6694022962102424,0.8318181822624895,0.8246269012215346,7.855190271198749,0.9700246859724907,1.7420763294117647,0.780623417493054
site_a3440058322ffd4e,564,0.061238704618260975,-0.03030526821230743,0.053214374579644605,0.08660177681475399,0.061968667961028984,0.05321437457964462,0.7155588515647133,0.7927010624412303,2.1151009240339564,-17.09217127174139,2.3993163182303867,4.229925409574468,2.1658253161994425
site_a3ad14b1dd64a3e4,55,0.057623002574512,-0.03478221861037341,0.045941350592275915,0.03915664055014876,0.023821568190547707,0.04594135059227594,0.6083659848203502,-0.0053057327115803845,0.18262257341362192,-1.9130220235705373,-0.00027219731032848286,0.08432833745454547,0.031210691108130295
site_a3eb3ebe590ad832,109,0.05991972072338739,0.023755614814189596,0.055009487330537774,0.08305922673122955,0.09564201071612669,0.05500948733053801,1.1514917063412309,0.8195030986475609,0.39135064954099263,2.589362014746666,0.7096001186141454,0.7519730308256879,0.9970659693067825
site_a3fe6dc1994cbcf1,17,0.11113346718481892,0.10098403399972355,0.04639905608589364,0.010772674646119317,0.055602399265674736,0.04639905608589364,5.161429365705814,0.8804913110623371,0.20996100798482684,1.7167285779953003,0.00896584179848433,0.0019728588235294136,0.052557655669691616
site_a408c1f09c2d83d9,411,0.035861937690666534,0.012507663843840578,0.03361007170624204,0.06415030831891186,0.0654858359185218,0.03361007170624219,1.020818724564356,0.8657616856669499,0.5285782942959213,5.140649839818478,1.494811077789986,1.691372705596107,1.7625302241444476
site_a4122f0bf308f22f,156,0.06895017647172637,0.02036096024467395,0.0658753226435895,0.08344417791794924,0.0776125938684965,0.06587532264358956,0.9301139492897045,0.6675927560020612,0.7416437863352245,3.176309798169136,0.6744728189161191,1.0862172092307691,0.9396994974114043
site_a42d63e8b2f931d6,6,0.1174584449098016,0.11581803230444589,0.019561944528988427,0.05116530942825313,0.045410174938506805,0.019561944528989055,0.8875188178463672,,0.08277891768377338,0.6949081938266753,0.012891909609238307,0.015707333333333334,0.01237250392767475
site_a44b748575c17771,8,0.06473119703975877,-0.05491830418035388,0.03426525552442592,0.08129236972188718,0.07378730112790938,0.03426525552442663,0.9076780684379886,,0.0335210229616006,-0.43934643344283103,0.043515629786346106,0.05286759499999999,0.04355652646192622
site_a4e51d06a4c9f574,191,0.0947248155463037,-0.07189427131664067,0.06167661171084642,0.10123671820061593,0.06706142390856654,0.061676611710846506,0.6624219463107658,0.8058607142238515,1.7138030199337204,-13.731805821478368,1.0449708610000332,1.9575347643979057,0.8589718041390917
site_a507f74864d36b32,315,0.03962521896484015,-0.007277752775426896,0.03895115264727468,0.035634029896598925,0.030341224410537423,0.03895115264727534,0.8514676700496716,0.31131801919740476,0.4945997630736311,-2.2924921242594722,0.10602611662402511,0.3999819873015873,0.28998581810013646
site_a55a51839f39337a,11,0.12667908401623001,-0.10856627360907467,0.06527598763581134,0.07161541571892913,0.02602274252600128,0.06527598763581169,0.3633678903454727,0.41451273316963205,0.17652349359910166,-1.1942290096998214,0.008497479844364254,0.05641644545454545,0.00744901441432011
site_a5c2bfa9bb36639b,60,0.03672083419330819,-0.017789636730154358,0.032123955062563124,0.03696011495142057,0.022296577894771505,0.03212395506256315,0.6032605126926027,0.5043411299407183,0.08090517983114592,-1.0673782038092614,0.024937169825347764,0.08196300583333334,0.0298282431490568
site_a5c5f553e4031a41,74,0.049657675902057025,-0.02124022579273662,0.04488582832328375,0.06764229381344765,0.04585460217771294,0.04488582832328374,0.6778983915621857,0.7517443857577707,0.1824754734235364,-1.57177670866251,0.1725453141512903,0.3385855135135135,0.1555956960248474
site_a61c8cdc86211521,39,0.0406310517081214,0.011421974885158047,0.03899257432679784,0.048476893510937175,0.03893499473955247,0.03899257432679784,0.8031660430297187,0.6213476270456796,0.06438441215341338,0.44545702052116387,0.045737682260572905,0.09165035897435898,0.059121418799390146
site_a62049e3761071cb,301,0.08446357389886916,-0.01015576304288401,0.08385079482501356,0.07052363150459924,0.04704990579898007,0.058492395737535896,0.6671509222537936,0.5674756005249331,2.1473626900466893,-3.056884675908087,0.5667703395145205,1.4970483627795472,0.6663217843435625
site_a637aa5eb6fad085,105,0.04484577988106588,0.02612285079501924,0.03645189486819823,0.08638912860973952,0.06482210631779417,0.03645189486819853,0.7503502739404426,0.9228914542742824,0.2111701171798064,2.74289933347702,0.5426529344220248,0.783623561904762,0.44120007408491824
site_a6a5e3eb9fd3c985,371,0.08008699130977841,0.04706326440868352,0.06479950092593974,0.07615413085282056,0.03717655140340554,0.0647995009259399,0.48817511259178936,0.5267425690644135,2.379566611686486,17.460471095621585,0.553267161640296,2.1515965606469,0.5127576064467703
site_a728723d09857d1a,33,0.05136944369183163,0.041222407398079385,0.030651800493854024,0.024269744454109284,0.04241312004186389,0.030651800493854027,1.7475717604716114,0.7035277193130401,0.08708105159187257,1.3603394441366197,0.023897946171631865,0.019437676363636358,0.05936280080562337
site_a73a8fe0a0e90dac,39,0.06119954202622749,-0.017583159278600644,0.05861924985875668,0.06957946374576286,0.061364462201492144,0.05861924985875773,0.8819335317919724,0.6055079776782313,0.1460699738245794,-0.6857432118654251,0.10082830957724497,0.1888107692307692,0.14685829162985597
site_a7fe1c93212d2f37,55,0.05506334698724265,0.03547244500658729,0.04211505463242479,0.023507600037097197,0.04400740701791149,0.04211505463242487,1.8720501858319725,0.3458556838579528,0.16675846997906163,1.950984475362301,0.019678485894433478,0.03039339927272727,0.1065158529842069
site_a85957854004ad6e,10,0.03727825951470738,0.03448421883225441,0.014160059462271399,0.06983379124750425,0.0824961737367548,0.014160059462271573,1.1813217106367986,0.9965135210727966,0.013896686324458715,0.3448421883225441,0.057409348986148835,0.048767584,0.06805618681204834
site_a85f5d6458d2ef6d,586,0.0658666238188106,-0.06146865640799339,0.02366466591111649,0.02767898461990064,0.01795536123319691,0.023664665911116496,0.6487001412720667,0.5317097422085537,2.5423095101071826,-36.02063265508413,0.15485189875812863,0.44894994709897607,0.18892346825054998
site_a8a04a98a04fa26e,41,0.023774445968020644,0.015074868765982186,0.01838403146142727,0.016992422988626146,0.0246450841899479,0.01838403146142732,1.450357268439236,0.6664005053836344,0.023174195524539653,0.6180696194052696,0.011442075020074846,0.011838440000000002,0.024902587163914414
site_a8d2970296172e46,359,0.053949961579898204,0.04766872699089702,0.025264418092246242,0.03795450487386244,0.03786746056318953,0.025264418092246353,0.9977066145122377,0.7779483848817836,1.0449048092556248,17.11307298973203,0.4013975747791962,0.5171554540389972,0.5147861004521923
site_a8f474364dc17adf,217,0.06541061721566441,0.010860984744880058,0.06450261897710555,0.09616026139465322,0.07665434296608765,0.05581543116562406,0.7971519820592944,0.8144862444005433,0.9284450992639157,2.3568336896389726,1.3027944164768028,2.0065547041129035,1.2750677601370826
site_a92160c2510cdbec,2,0.07369163797766562,0.06792751634120942,0.02857113983631135,0.0028499999999999914,0.03142113983631134,0.02857113983631135,11.024961346074187,,0.01086091501566266,0.13585503268241883,0.0001791004970669741,1.6244999999999903e-05,0.001974576057226063
site_a9455c71e74fd72a,25,0.07506508554524294,-0.054222955904006956,0.05190990388111652,0.05586589657384906,0.027170953080728408,0.051909903881116555,0.48636027965310036,0.38362152252018017,0.140869176697866,-1.3555738976001739,0.014557762129604818,0.07802496,0.018456517282878615
site_a963d86424b18502,34,0.028508290482280062,0.019831644788384437,0.020479953398614078,0.03380066759337433,0.03820458068596722,0.020479953398614574,1.1302907133543172,0.8451089806950726,0.02763256929155004,0.6742759228050709,0.03710499260696199,0.038844494411764706,0.04962605950327971
site_a98119a935505c9a,155,0.10803971571133651,-0.08164686902838368,0.0707556990556123,0.08767248057489926,0.043795111624146815,0.07075569905561271,0.49953088286046976,0.5987701166580784,1.8092499265028943,-12.65526469939947,0.35635326951963286,1.1914018967741937,0.2972918293365793
site_a9866d1cfd06e947,48,0.07641725940388046,-0.07061212031841278,0.02921516727554289,0.03329338172209389,0.022698533118269734,0.02921516727554458,0.681773131601309,0.509551102882133,0.28030068167039784,-3.3893817752838133,0.01848352015862862,0.05320556479166667,0.024730723474617022
site_a9bff24a5451b631,238,0.06128841176157995,0.020749355626206435,0.057669174238532205,0.08511124328900126,0.04607804411381011,0.05766917423853231,0.5413861005102328,0.7702379553041585,0.8939921210691594,4.938346639037132,0.7189237709177517,1.7240538487394956,0.5053183035463069
site_aa2ce12749046dfc,311,0.042802388133653044,0.0058152582120282095,0.042405509098126876,0.061349676260487075,0.03337153996417238,0.04240550909812693,0.5439562520669027,0.7520063894361836,0.5697658177125475,1.808545303940773,0.4788179721487057,1.1705364437299037,0.34634816034949023
site_aa4df3fb16db7e70,50,0.24422149822390263,-0.23504426552057267,0.06631993245339006,0.060289336536405835,0.062785290469602,0.06631993245339006,1.0413995919774135,0.4198448218131571,2.982207009736384,-11.752213276028634,0.07946158396825195,0.181740205,0.19709963496761485
site_aaad533d86c5f947,240,0.04965756086254502,0.032415403434385856,0.037618013916252524,0.06253393523164487,0.051330814351660335,0.0376180139162537,0.8208473393128909,0.7991217959701395,0.591809604196167,7.779696824252605,0.6156276703868061,0.9385183333333333,0.6323646004811085
site_aae8b0a4c0119c59,105,0.021958404072273417,-0.013050268186387564,0.017659615218475016,0.026049419211756745,0.022727672907207282,0.01765961521847503,0.8724829034556641,0.7459406038725201,0.05062800848712955,-1.370278159570694,0.04637101073756813,0.07125008533333334,0.054237447156585405
site_ab53cfe255b5cc4c,78,0.06998525172105757,0.05325139269920498,0.04541172353098759,0.06189138383090922,0.03311340744454984,0.045411723530987616,0.5350245122167175,0.6989284988456328,0.38203896575986374,4.153608630537988,0.11172784393051496,0.2987823846153846,0.08552682470192396
site_abdcb41ac727b4e7,485,0.07572228469947408,-0.03407215063104924,0.06762361238120376,0.10308204768842254,0.08909649413784304,0.06762361238120385,0.8643260018189349,0.7616921527323767,2.7809242340524793,-16.524993056058882,3.392851661413831,5.153565649484536,3.850019854812529
site_ac16cbbd2f795846,35,0.0614228271833935,0.0316874461225101,0.05261814760549866,0.08583817713034932,0.07838021107444311,0.05261814760549919,0.9131159781669066,0.7983767556354581,0.13204672947203583,1.1090606142878534,0.18800216196477412,0.25788674285714286,0.21502101208259888
site_ac240db4268c6c54,61,0.1177718184452939,-0.10370491209772767,0.05581659633759342,0.08956919197188941,0.054099965123550225,0.05581659633759352,0.604001933393896,0.8083424330213649,0.8460822744145874,-6.325999637961388,0.23893559547965645,0.4893810491803278,0.1785351798085304
site_ac2a9b93fc2413dd,121,0.05908334342460186,-0.03154302705122419,0.04995877214939516,0.08492078616061244,0.0692186687374603,0.04995877214939516,0.8150968904897512,0.8086693845005082,0.42239181789776264,-3.8167062731981276,0.5751665491094767,0.8725963305785124,0.5797381163161379
site_ac6e3a81298a7ce5,53,0.09281976396024928,-0.05647427692728222,0.07366250489344649,0.06493906007692062,0.043411854461468294,0.07366250489344682,0.6685014290328002,0.11980774146382274,0.4566219548267287,-2.9931366771459578,0.017900909113434116,0.22350532075471696,0.09988322271253636
site_acf798671ee3a747,30,0.13249029189337974,-0.10234328376968702,0.08413994124807957,0.11309052760215302,0.03988171545596757,0.08413994124808019,0.3526530143733126,0.8093230161316537,0.526610323379789,-3.0702985130906106,0.10950733421720565,0.383684023,0.047716536831322875
site_ad04b63315ba2272,10,0.038107271274299304,-0.02796967423200608,0.02588168169436623,0.0352938649059578,0.019976741135361083,0.02588168169436623,0.566011718710605,0.6913387603183454,0.01452164123973037,-0.2796967423200608,0.004874328195303679,0.012456569,0.0039907018638922764
site_ad53cb9b838bb8cd,636,0.04969890385437479,0.013988323860948193,0.04768970370937123,0.01997911936331535,0.05070846542557276,0.0476897037093713,2.5380731003930572,0.34359817997304903,1.5709079441915836,8.89657397556305,0.22139345599507107,0.2538690738993711,1.6353776242592988
site_ae3ed38eaa09b85f,486,0.043820232488373814,-0.026292160615202332,0.03505617014905558,0.04645377373304071,0.020884442377818953,0.03505617014905558,0.44957472126671777,0.7035830834972315,0.9332234088128742,-12.777990058988333,0.3317382447546877,1.0487652037037039,0.2119737276481659
site_af194bfb42414cbb,864,0.05590987755714633,0.005488652383232556,0.05563981581090228,0.04457700989190736,0.054745272791710514,0.05563981581090232,1.228105539704428,0.3868998192706635,2.700790048905202,4.742195659112928,0.8157739394034156,1.7168628766203704,2.5894467875855227
site_af687448e37c8c15,597,0.08561650147799629,0.048855274736631656,0.07030894292862026,0.09347797865726644,0.0960035741858125,0.07030894292862028,1.027018080245467,0.7249360506740875,4.37612063922305,29.166599017769098,3.8839241814259164,5.2166650988274705,5.502361695101131
site_afb9454fdc863c14,194,0.08712089751794236,0.03779357684912142,0.07849647338117406,0.10937564938938447,0.05193133554565183,0.07849647338117406,0.47479796312589545,0.7480778806959125,1.4724698521603723,7.331953908729555,0.8243253958894573,2.3208283397938145,0.5231915406416858
site_b019e673dfa447d5,669,0.09834583611499544,0.08505900952632474,0.04936464706202343,0.05393584758916921,0.07419724899020458,0.049364647062023995,1.375657420930269,0.7468267210385762,6.470503428894395,56.90447737311125,1.9994533566449746,1.9461716133034381,3.6830000459109433
site_b04900ecbfac7c98,10,0.09360118513996069,0.08418414476037026,0.0409171312602707,0.06557104238915223,0.06765470565649206,0.04091713126027088,1.0317771868712053,0.8117900564554965,0.08761181859605198,0.8418414476037026,0.03601254583448172,0.042995616,0.04577159197466579
site_b050cd10feccfd77,44,0.08751017842743176,0.05522455789284273,0.06788430992461372,0.03862411570572958,0.07093384476951514,0.06788430992461389,1.8365169913519253,0.3495114885079967,0.33695337844964157,2.42988054728508,0.04213336850567297,0.0656401818181818,0.2213908546865695
site_b07ebc840452ba9d,7,0.04129932823223653,0.027047903369154247,0.03120970098810471,0.11753381102769482,0.09310883713455159,0.03120970098810618,0.7921876804676409,,0.011939441587038068,0.18933532358407973,0.07528292398016367,0.09669937714285715,0.06068478886783918
site_b0b863b5597ced77,64,0.04752499597463906,-0.02755794571712613,0.03871930875211215,0.05769357489343483,0.060515221273310056,0.03871930875211215,1.0489074630075714,0.7864396740857038,0.14455201551292535,-1.7637085258960723,0.17572658302402122,0.21302710937499994,0.23437388836849138
site_b12672b82d8e070e,371,0.10000101268448809,-0.0032436077842172583,0.09994839441664541,0.13394413567023197,0.0814186504392757,0.09994839441664578,0.6078552825912957,0.6684828163887463,3.7100751415694884,-1.2033784879446028,2.7046542893532877,6.656122679245283,2.4593577531999515
site_b18fe53daa1d7307,44,0.11426794302569848,-0.09506335883763702,0.06340442105903128,0.0750882776613551,0.03220091613552335,0.06340442105903146,0.42884078764927985,0.5490333324962258,0.5745151633462681,-4.182787788856029,0.05841061231026596,0.2480829754545455,0.045623555998548365
site_b2267c975c71dbb8,491,0.0973707049388051,0.03014246602262353,0.09258772014881256,0.1117896625758952,0.031162789013322024,0.09258772014881278,0.27876270752821414,0.7026428133003608,4.655197602517404,14.799950817108154,1.2018605091915657,6.13599197148676,0.47681963477261247
site_b2271a910bc63599,20,0.06276998235819767,0.05440392760455609,0.03130947694303864,0.048808088212918155,0.03582978495144164,0.03130947694303869,0.7340952342804216,0.7678823360267177,0.07880141370496895,1.0880785520911218,0.026857196182198825,0.0476445895,0.025675469793331074
site_b2c81cb18e128f03,52,0.023269043581910797,-0.0051996161285501235,0.022680660954491286,0.032330516834516924,0.019716773340117143,0.022680660954491318,0.6098502365748446,0.7213083999251468,0.02815531623927693,-0.2703800386846064,0.023909628298398683,0.054353640576923073,0.020215059849168812
site_b2da63ab5c4ee3dc,2,0.018529505810311944,-0.014714171528816225,0.011262137532234193,0.0165,0.005237862467765808,0.011262137532234193,0.3174462101676247,,0.0006866851711487681,-0.02942834305763245,0.00017284946143627166,0.0005445000000000001,5.487040646245944e-05
site_b2eaf44be71ff0ae,155,0.04857941777193399,0.01831505242970682,0.04499465174392604,0.07791314997229684,0.0662147013880983,0.044994651743927846,0.8498527066566031,0.8170511276753731,0.36579377381431494,2.8388331266045572,0.6533503373046555,0.9409211354838709,0.6795799353868293
site_b30a47c3dfe5fc92,477,0.05989658679278449,0.03657045337170424,0.047436305185096055,0.06429340664426855,0.05079694079758007,0.04743630518509618,0.7900800945054353,0.6833884750661448,1.7112857291959949,17.444106258302924,1.0646087354250346,1.9717472997903562,1.2308170257253916
site_b33e3bea3571d4bd,118,0.09806782439065828,-0.07988477650779788,0.05688339531898719,0.08425870736789311,0.04000676402611663,0.056883395318987194,0.4748086610376989,0.8105136213559103,1.134841185324605,-9.42640362792015,0.32239666605587347,0.8377445125423729,0.18886385780528278
site_b4081a628b4563f6,155,0.0881067790196958,-0.05355155447260027,0.0699645304621823,0.07336472668625012,0.06032026927006284,0.06996453046218326,0.8221971510645314,0.4661613714272487,1.2032346989299536,-8.300490943253042,0.31975589249196557,0.8342693838709678,0.5639729071459976
site_b419a77ce9d11fde,169,0.11582174225674129,0.10031362499711076,0.057895186495304146,0.07070852911122187,0.06126114269836911,0.05789518649530417,0.86638971943551,0.6234029841211588,2.267080240516405,16.95300262451172,0.4563651557915662,0.8449486390532543,0.6342447651959804
site_b42936ae6e6a0d03,186,0.05468490242439079,-0.01781690019657535,0.05170103113623958,0.07487274362083088,0.05372311838526175,0.05170103113624051,0.7175257081178344,0.7233378724308116,0.5562215708887163,-3.313943436563015,0.541176724619122,1.042702559139785,0.5368282615208539
site_b436f4a91f17ee10,151,0.11326082733695887,-0.05564241013969017,0.09865058136118061,0.12606925764110985,0.06527255140098429,0.09554619146965596,0.5177515329454879,0.6698914656096626,1.9370302663669139,-8.402003931093216,0.832379118308498,2.399912116049261,0.6433364009255146
site_b491b5d705afd5f5,391,0.06617296331332921,0.036724179109953854,0.05504721375662207,0.04204957950480631,0.05749447950954337,0.0550472137566221,1.3673021273131087,0.42264451773071077,1.7121346798038803,14.359154031991958,0.39952117409034993,0.6913533503836315,1.292495533062661
site_b4a169fed07d4305,259,0.0501200771182919,-0.012192231157801787,0.04861452077042676,0.061761847544239926,0.07326710835585941,0.048614520770427785,1.1862842720723061,0.7534866965625797,0.6506137317589736,-3.157787869870663,0.8830894237173628,0.9879621853281854,1.390329914208774
site_b4d57a535cfd4a12,156,0.07920725868893665,0.047078054264951985,0.063698089733071,0.05214215258565391,0.09620487824362348,0.06369808973307177,1.845049992625213,0.7890965029134093,0.9787112133265161,7.3441764653325095,0.6175054110024984,0.4241334358974359,1.4438390612677852
site_b5639796f8098e20,328,0.05525195220587262,0.012243893352768768,0.053878245128493714,0.08939263547860543,0.07996326697671428,0.05387824512849433,0.8945173900354699,0.8031685616183643,1.0013112569996905,4.015997019708156,1.883097535424934,2.621062195121951,2.0972726935132853
site_b582b14f96e98786,39,0.06941615715067632,-0.041505955602878175,0.055640439637545086,0.06014136316583706,0.027335188065750828,0.055640439637545426,0.4545156050150592,0.3857531842968302,0.1879255120691283,-1.618732268512249,0.024732582166026803,0.141062358974359,0.029141287757008694
site_b61ae4423402851d,358,0.07676143730807371,0.036659120454968025,0.06744202803200297,0.07382807372468785,0.049134719828788566,0.06744202803200314,0.6655289424456173,0.45711346138342057,2.109449936221276,13.123965122878552,0.593631665129277,1.9513092402234635,0.8642910079699702
site_b67b52a6713d2819,119,0.07567473461481801,-0.00044751308585415405,0.07567341138775975,0.11061508376292459,0.06069665235685518,0.07567341138775989,0.5487194900737324,0.7591128893348338,0.6814731896237531,-0.053254057216644335,0.6065022527427233,1.4560479139495799,0.43840594927214316
site_b69cf9ad02aa761c,62,0.08519473870746265,-0.04278272280000871,0.07367348324363693,0.09497987628473452,0.05161719834354675,0.07367348324363698,0.5434540490325195,0.6382058671608155,0.45000489721283576,-2.65252881360054,0.19398962785015184,0.5593129677419355,0.1651887802198968
site_b708e7aad1210ce8,162,0.12591610279046864,-0.07690893017362666,0.09969895386355912,0.11452000377685578,0.08112208945546022,0.09969895386355919,0.7083661088025114,0.5250611495340282,2.5684881205942585,-12.459246688127518,0.7902152041557947,2.124602664938272,1.06608853041439
site_b72a5ec99205d5b7,153,0.06437284015251696,-0.05046387293720557,0.03996573629346858,0.061489892484022216,0.056804010719896075,0.039965736293469,0.9237942761837851,0.7744975540565245,0.6340109700431296,-7.720972559392452,0.4138988462073936,0.5784940522875817,0.4936844319815084
site_b756906d27dccd10,62,0.14058082124505367,-0.11264503112627614,0.08410745665215427,0.07280918320657881,0.06915339269240155,0.08410745665215429,0.9497894310418946,0.298838470464773,1.2253039727198916,-6.98399192982912,0.09328844308312383,0.3286729838709677,0.29649588669390875
site_b7a18627a594b786,48,0.09665555304613813,-0.08021147629668315,0.053929722834087125,0.07420451114875962,0.0364947696964558,0.05392972283408778,0.4918133565127035,0.7255634432842298,0.44843020486343144,-3.8501508622407914,0.09431430444149301,0.2643028547916667,0.06392967432947272
site_b7a3262e8a713a7b,102,0.0402033205783602,0.026794812709677453,0.029972403930611045,0.07305809270471093,0.07713344002864628,0.029972403930613217,1.055782284659514,0.9217655897449114,0.1648633125236929,2.7330708963871,0.5298240816290763,0.5444234607843139,0.6068558922065826
site_b812626cb80e0341,68,0.1010922602410928,-0.05746763865737353,0.08316919855209848,0.11366791593258296,0.03521089722391089,0.08316919855209848,0.3097698848001635,0.9048544061249526,0.6949358654843927,-3.9077994287014004,0.24626495147102023,0.8785868676470588,0.08430689526527146
site_b843de06c1a6a47d,69,0.1012773951268427,-0.0534661008513492,0.08601445706061264,0.07980383758425219,0.058393814537174404,0.08601445706061488,0.7317168735842515,0.2553623882844512,0.7077406426938248,-3.689160958743095,0.0821101119850425,0.4394370220289855,0.2352787927579325
site_b87223f545f36d24,58,0.058562394412362495,0.025661318557837917,0.05264077097822817,0.04813199869581796,0.02898983101439891,0.05264077097822999,0.6022985082669702,0.13833518860912744,0.19891413427992816,1.4883564763545991,0.011195416113939769,0.13436797931034486,0.04874379753011748
site_b87cd5aaea8e51ba,65,0.058714617893248396,-0.0024928392029725586,0.058661674942489396,0.07075796900360265,0.04805825461123903,0.05866167494248946,0.6791921148668377,0.5697822070167362,0.22408141303276072,-0.1620345481932163,0.12594055196889317,0.3254348615384616,0.15012372935811408
site_b881d34c09ab42e7,66,0.09627398427146139,-0.047588647438901836,0.08368990788880996,0.06640967428998663,0.0612918512598301,0.08368990788881053,0.9229355800209338,0.1428536780361401,0.6117328831351052,-3.140850730967521,0.0383768611948147,0.2910761593939393,0.24794160803657106
site_b904064dea358149,1211,0.13701949355034662,0.11773732562836885,0.07008754359137521,0.06765767789582397,0.0755352007225915,0.07008754359137609,1.1164320602149094,0.5254697222777726,22.735727693092905,142.57990133595467,3.2520582487493397,5.543426829066887,6.909441089872848
site_b9048e7e348a00c2,124,0.06534104428643982,0.05635922630890722,0.0330619067554167,0.04441798252471714,0.059723858381190306,0.03306190675541707,1.3445873717464758,0.8381303646104628,0.5294120564868687,6.988544062304495,0.2757020186983169,0.24464668927419353,0.442300468232123
site_b9661fa344baf0d4,144,0.12247327353240506,0.11337431954633859,0.046324576599770656,0.03914794666895138,0.06708601616405654,0.046324576599772044,1.7136535086082336,0.7400447052782804,2.1599571930830366,16.325902014672756,0.27987328051278987,0.22068888888888885,0.6480768333260241
site_b969a6c48312ad74,9,0.09639471476840582,-0.09187338865068224,0.029175700387874294,0.02736668696710574,0.03279283854851146,0.0291757003878773,1.1982757937753976,,0.08362746931754084,-0.8268604978561402,0.004378879451255001,0.006740419999999998,0.009678332340618656
site_b9eaf91685021861,238,0.05310921505064111,0.01880842022447526,0.049667213047993694,0.0647945061807904,0.038086452479841985,0.049667213047993854,0.5878037309763997,0.6447206057606869,0.6713001161442682,4.476404013425112,0.3786667871690754,0.9992020714285714,0.3452375312748243
site_bb41a05397abcbe3,238,0.09116230383189318,0.08494944268039296,0.03307805659691995,0.03927229290354515,0.04101103103838153,0.033078056596919966,1.0442739144135744,0.6612639702218788,1.9779146223053408,20.217967357933524,0.2534771195919636,0.3670704915966386,0.40029331070580026
site_bb59973d2df99f1c,65,0.04171343833684346,0.00343406021961799,0.041571843455513,0.08388345535825427,0.0627407647638085,0.04157184345551334,0.7479516013718276,0.8782798602194899,0.11310071096230673,0.22321391427516935,0.30045013302518775,0.4573682153846154,0.255866231604591
site_bbd4ea535f73b619,96,0.03600409906649915,-0.022252577864254514,0.028304026709738226,0.033865973005424876,0.01608032351615431,0.028304026709738545,0.4748224276201501,0.5548933698980064,0.12444433436066735,-2.1362474749684335,0.029009424192132427,0.11010279625,0.024823373220881795
site_bbfd063296f373c3,52,0.07827374451581284,-0.04953150029595082,0.060608659108735995,0.060392120430228076,0.04738660021109031,0.06060865910873664,0.784648723600238,0.38774655114998435,0.31859251218739054,-2.5756380153894427,0.057701501797311594,0.18965482692307692,0.11676547373741664
site_bc37e7bebe33d230,276,0.036389818889500034,6.203743988189137e-05,0.03638976600868253,0.04322011711482802,0.05989832170113928,0.036389766008682795,1.3858898517558453,0.7979667182409577,0.36548442159172934,0.01712233340740202,0.5701569906294994,0.5155620724637682,0.9902352681612357
site_bc93eecd419d5cf1,153,0.0420900776650729,0.010194293786497676,0.04083688298641859,0.04305533038598709,0.06205321353806255,0.04083688298641863,1.441243464671184,0.7554514207799367,0.271050919591336,1.5597269493341446,0.30880845063453405,0.28362550562091504,0.5891420004912595
site_bcf274618f28d9ed,84,0.09713203426681799,0.03221228534550894,0.09163515020792956,0.08133476478471574,0.05954667006132628,0.09163515020792976,0.7321183041340297,0.1821258545977091,0.7925090947880654,2.705831969022751,0.07409426322260074,0.555688892857143,0.297847696892966
site_bd11119142bc591a,41,0.09741825944959549,0.04661404770758093,0.0855420822198295,0.10489694100970975,0.06590815550781,0.08554208221982951,0.628313417659236,0.5807283682379959,0.3891030082417367,1.9111759560108181,0.1646110099852085,0.4511380975609756,0.17809928346010828
site_bd599065e701bf2f,260,0.06129442548430504,-0.038091943664275686,0.048020937343295066,0.06182782975767772,0.05794546761564431,0.04802093734330154,0.9372068830937527,0.6802726363192834,0.976821714817266,-9.903905352711678,0.6336651524334,0.9938969384615384,0.8729960764708775
site_bdd9f4c5442812d1,142,0.04049126708977054,-0.00977444490790367,0.0392938027846312,0.05363880748875492,0.0650267577311391,0.0392938027846317,1.212308042917837,0.7972570724532998,0.23281506489598916,-1.3879711769223213,0.39487345463193324,0.408551276971831,0.6004440493854448
site_bdfe6061d850b13b,146,0.04436384584252926,0.0007124587293357056,0.04435812462783672,0.07322054408813285,0.049667246868830395,0.044358124627836996,0.6783239251684305,0.805744239552686,0.28735001941919636,0.104018974483013,0.42781213953427655,0.7827422191780822,0.36015797008328404
site_be8516cfd6e0790e,150,0.11552924578033129,-0.08506581318418185,0.0781716960151567,0.08362365029636586,0.06618062344886655,0.0781716960151571,0.791410363148697,0.4753996650625673,2.002050994585829,-12.759871977627277,0.39464818133125706,1.0489372333333333,0.6569812380120996
site_bef664d28695b721,15,0.026312781817286565,0.016252112893263497,0.02069375058970087,0.10624619627178293,0.10960374499618715,0.02069375058970135,1.0316015899130677,0.9820970862930111,0.010385437304461896,0.24378169339895245,0.17154752869457007,0.16932381333333335,0.18019471375783827
site_bf2aa2626c0e2039,210,0.05654596401317853,-0.031054671321511264,0.047255194796896,0.06079515819425051,0.05069830905789621,0.04725519479689617,0.8339201766020049,0.6542893112391848,0.6714636696977332,-6.521480977517365,0.423498218419637,0.7761707645714285,0.5397668936792919
site_bfacedeb5df79c6e,50,0.07285002056061056,0.016720303884029387,0.07090526731990435,0.08558305916476695,0.03609630386666411,0.07090526731990437,0.4217692639050268,0.5826441826943554,0.2653562747840691,0.8360151942014694,0.08999615587818623,0.3662230008,0.06514715764172752
site_c0555c6b321e4775,2,0.06280090878319866,-0.03999862434267998,0.048415536707639706,0.02560000000000001,0.02281553670764,0.04841553670763985,0.8912319026421871,,0.00788790828799128,-0.07999724868535996,-0.001168155479431153,0.0013107200000000011,0.0010410974305153364
site_c0951b8580287e99,50,0.1473159469535427,0.14086514954209328,0.043116097588983,0.031165853108811252,0.05515667387409951,0.04311609758898422,1.7697790489330627,0.6266914457281432,1.0850994113409502,7.043257477104664,0.053864280038774005,0.04856552,0.15211293364268857
site_c0aaae0aecb597e5,655,0.17033259659882927,-0.16368725225934544,0.04711344725112898,0.03983966157125624,0.03578388424978729,0.04711344725112898,0.8981974956234281,0.2272727223447766,19.003641718985175,-107.21515022987127,0.21222265086015898,1.0396151053435116,0.8387185736614244
site_c0baac71bcc40ff4,11,0.03428705527812053,0.027645609431917014,0.02028108573974268,0.07213076509179196,0.07771884942689099,0.020281085739742785,1.077471579956039,0.9660987181927292,0.012931623756093823,0.30410170375108714,0.05957459414601326,0.05723132000000001,0.0664424151186373
site_c0e5aee02ccea819,55,0.05428861295625161,-0.021865182820775292,0.049690716204616764,0.06727519405796753,0.05495432538915106,0.049690716204616854,0.8168586677252803,0.6865939893645289,0.16209894231925298,-1.2025850551426411,0.13961096428361808,0.24892734545454548,0.16609878334371808
site_c1458c9cb325529c,104,0.20053731254577944,0.1941042563365056,0.05038602380755759,0.017171163645680672,0.05677576361864475,0.05038602380755889,3.3064598759983532,0.5023996531108726,4.182382227200698,20.186842658996582,0.05093840961513611,0.03066428153846154,0.3352426827859434
site_c1eaac8764a60481,45,0.06528516989519009,0.04071822262737486,0.05103116454002763,0.06595597484143458,0.03958005854971803,0.05103116454002765,0.6000981509995545,0.6344645532887517,0.19179690337097258,1.8323200182318686,0.07453331769986284,0.19575857777777778,0.07049614656595982
site_c204fd32b9271e1b,91,0.08322019609770379,0.018503081040395483,0.08113714950965943,0.13493713515257091,0.08263405461192812,0.08113714950966007,0.6123892768176478,0.8274670011418237,0.6302296945071647,1.683780374675989,0.8396197079378006,1.6569307703296705,0.6213832153262477
site_c29be1fac6229539,472,0.054318549346968864,-0.01163533045528299,0.05305774107852176,0.11395275257323767,0.08536242392916608,0.053057741078521785,0.7491036592056297,0.8973137226068529,1.392638267091091,-5.491875974893571,4.119816446535037,6.1290284745762715,3.439342893797578
site_c2fa2fe516862278,53,0.05992211535280399,-0.048389168416778996,0.03534329198429803,0.04345334673907901,0.0330974103616278,0.03534329198430039,0.7616768982229444,0.6030078464289103,0.19030497514280162,-2.564625926089287,0.04596381612040526,0.10007424716981132,0.05805824435023732
site_c33eaf01c8613ed2,878,0.08358910787193173,0.07528231765945571,0.03632783509440442,0.020196042709814937,0.047021440727230926,0.03632783509440448,2.3282502123239865,0.6840354321520523,6.134708002336735,66.09787490500212,0.5703419632576074,0.35811876391799546,1.9412719497206234
site_c3aa24263a4277b0,258,0.07084761805006438,-0.020504752856123354,0.06781548564802224,0.09840480401585196,0.066991828890964,0.0678154856480229,0.6807780327490144,0.7260322392609839,1.2950013257088948,-5.290226236879826,1.2348486942261632,2.498344406976744,1.1578795256442993
site_c3aefe4e5e9b8037,305,0.06292263628949794,-0.018001033440769698,0.06029279353857087,0.09016047111083199,0.06248024090044728,0.06029279353857283,0.6929892904357375,0.7453488794337527,1.207573738074235,-5.490315199434758,1.280614190436069,2.479317718032787,1.190653053408267
site_c3d5b5decd374619,53,0.044448720817808554,0.0013858617218035563,0.04442711075039123,0.031450866369180014,0.04672731043797399,0.04442711075039123,1.4857241097740945,0.40787242199981727,0.10471150546399285,0.07345067125558849,0.03176900471254903,0.05242532075471698,0.11572240166064002
site_c3fac8d15831ac8c,148,0.0521035058252162,0.037892243792881836,0.035762454888040716,0.054643480170353635,0.056715588349218624,0.035762454888040925,1.0379205016299309,0.7943525092707927,0.4017867472531942,5.608052081346512,0.3643474883406952,0.44191466891891895,0.4760653783461074
site_c3fba37c42f73863,128,0.035499928952833104,0.03058095415830612,0.018029148577339355,0.01969198355444656,0.01648873422749881,0.018029148577339355,0.8373323175854248,0.5152550302908993,0.16131135432399335,3.914362132263183,0.021414551955834034,0.0496350996875,0.034800429622411616
site_c438c579f3fbc2ec,83,0.08899782337047431,0.06334001785128948,0.0625192346664646,0.08455079810219648,0.05351455916855181,0.06251923466646474,0.6329279009746165,0.6745190365842951,0.6574108428686178,5.257221481657027,0.25331561817685705,0.5933535091566267,0.2376960675693679
site_c45005d41e05ffcd,278,0.07120847254119686,0.03896143388169276,0.05960413770480093,0.09478918420125944,0.05563634763251832,0.059604137704800955,0.5869482694817737,0.8085121046708934,1.4096397441388078,10.831278619110586,1.1853557749172445,2.4978270647482015,0.8605220834524265
site_c4ae57110fb255d4,1016,0.10092111106903819,0.07827032171823377,0.06370892714159708,0.03309788869498283,0.06711878413248994,0.0637089271415971,2.0278871788780957,0.34696847378255363,10.34803178995969,79.5226468657255,0.7831196031536115,1.1129977598425196,4.577010082358564
site_c4f8e2def8cc0f30,94,0.09616176553882105,0.07626677906196168,0.05857015932244951,0.07413675607400827,0.06446011307140377,0.05857015932244953,0.8694757699818342,0.6508766134377744,0.8692260042450602,7.169077231824398,0.292382357119008,0.5166483085106383,0.3905799806547469
site_c56fc9c5f1ff5d0d,122,0.040295130821614115,0.0005225611065254828,0.040291742303118924,0.05707869031375326,0.047502522821251565,0.04029174230311901,0.8322286751874843,0.7175385775516361,0.19809110328758148,0.0637524549961089,0.23735356593425155,0.39747318032786877,0.2752917402747902
site_c59fe04d734e33bd,568,0.06871647584999331,0.033405168679986205,0.06005038516699442,0.07799892408405983,0.04400100674077565,0.06005038516699451,0.5641232524355791,0.6430407762371713,2.682069902241862,18.974135810232163,1.2535396462302026,3.455616665897887,1.0996983215066136
site_c5ee40e68c26cb53,124,0.17036102958407373,0.1667111846540244,0.03507508107185835,0.023903501968279766,0.0361136319267354,0.035075081071859006,1.5108092519103946,0.3737713769000702,3.5988371697172594,20.672186897099024,0.04000925131556728,0.07085079838709678,0.16172010695652556
site_c6112b3d07cf93a0,216,0.15691771593047446,-0.1278774551663686,0.09094243252195572,0.11398090644317443,0.05415208493209112,0.09094243252195634,0.47509786175537067,0.6199929266619661,5.3186046277328085,-27.621530315935612,0.8265854847336671,2.8061957592592597,0.6334088333383607
site_c62b54e06aa4fffe,37,0.043158982594990986,0.020397770372596945,0.03803457298907851,0.03362320757535222,0.05184223083589606,0.03803457298907996,1.5418585725265381,0.6802551206822032,0.06891981780948518,0.754717503786087,0.04387290249986424,0.04182924324324325,0.09944182522756628
site_c6d377978f89caf6,53,0.04549598451364496,-0.00810531304242476,0.04476816399351353,0.08859817651313413,0.05826400573587434,0.04476816399351357,0.6576208227856366,0.8950010837626566,0.10970388416388858,-0.42958159124851225,0.24486378257004718,0.41603075471698114,0.1799188013126699
site_c6dbad6563643f29,50,0.16455480711711187,-0.15756270816278456,0.047458166228364414,0.03219481877569743,0.05457347195623702,0.04745816622836444,1.695101076246229,0.5015679195197982,1.3539142272674944,-7.878135408139228,0.04406231638997793,0.05182531779999999,0.14891319206790943
site_c7184b24616d8b68,11,0.03468938258629634,0.025980705052614204,0.022986000721906943,0.08969228294471443,0.09923111846865709,0.022986000721907148,1.1063506826983356,0.9754295619972777,0.01323688590640284,0.28578775557875624,0.09549740344753321,0.08849176181818182,0.10831496359794725
site_c79eeb4ffddf3d41,568,0.0607257111938129,0.039873544352155336,0.045800791049839674,0.037862885422486836,0.05368538911869445,0.04580079104983976,1.4178895379909584,0.5455857682405539,2.0945636159968037,22.64817319202423,0.6299138847804615,0.8142837165492959,1.6370447307409615
site_c7e77fa91cd0e5b5,45,0.07104080971006303,-0.033524227272139655,0.0626332406160444,0.06847696197253246,0.034712792765149436,0.06263324061604464,0.5069265891070557,0.41462503630655906,0.2271058489917624,-1.5085902272462843,0.0443508631307218,0.21100924444444452,0.05422400917002951
site_c83832e8d67694ad,46,0.04799562305098003,-0.02511801932622557,0.04089822657743395,0.04370764641784688,0.02010917305513969,0.040898226577433985,0.4600836398943831,0.36526013746377667,0.10596467227438122,-1.1554288890063762,0.0147676619609089,0.08787648434782606,0.01860142668423158
site_c8f87af663a64c0b,62,0.08250110619957349,0.0741952542635702,0.03607626323384208,0.018646476680913814,0.029963551125725994,0.03607626323384336,1.6069283027820547,-0.05010722334361849,0.42199881649750476,4.600105764341352,-0.0017357296874926957,0.021556847741935482,0.055664492555967726
site_c8f923241d7b6cf3,153,0.05625903202386736,-0.0007287856324825403,0.056254311441563475,0.08825432910147732,0.05090905386412176,0.05625431144156624,0.5768448344962783,0.8030380728073745,0.4842570386921675,-0.11150420176982867,0.5520248273266297,1.1916904705882354,0.3965349600970278
site_c90d703c921023d7,384,0.10654671642396195,-0.08484768926523005,0.06444433572533066,0.07920925509474842,0.038371764935071204,0.06444433572533077,0.4844353717147285,0.5911409011678547,4.359245867799615,-32.58151267784834,0.6899377977250842,2.4092567395833333,0.5653986601852263
site_c91d0d6c46ea62b9,342,0.05957833516696974,-0.03456851831514235,0.04852417503434191,0.059308350639052314,0.03649392302509994,0.04852417503434193,0.6153252051671467,0.576302389748217,1.2139556832735818,-11.822433263778684,0.4265922140994747,1.2029783157894736,0.45547779487457646
site_c9aed1d9afe08cac,128,0.0731438560030616,-0.0021149888755753613,0.07311327166153081,0.10018987832485875,0.053316832537522986,0.07311327166153084,0.5321578729205244,0.7052993404165318,0.6848030298875663,-0.27071857607364624,0.4822493348820135,1.2848655,0.3638636328747865
site_c9e5c8b8112d21fb,124,0.025060891324088362,-0.015579919301502165,0.01962942659673093,0.04699091275175974,0.051754194150525165,0.019629426596737637,1.1013660114228585,0.9254463415167735,0.07787798597076315,-1.9319099933862685,0.2790823425036164,0.27381008927419354,0.3321335799091114
site_ca4c08bc8824e7df,72,0.12201138874344106,0.11149250529706478,0.04956006704683796,0.02617135116713656,0.06465914029931116,0.04956006704683877,2.47060764598596,0.7119487941437095,1.0718480867834228,8.027460381388664,0.08674357681700753,0.049315652777777774,0.30101791854571236
site_caaaa1aabb1e21d9,11,0.10024928630868178,-0.07608048288767989,0.06528154049176153,0.13489371083612645,0.07551650123421945,0.06528154049176157,0.559822253877792,0.9638731664438086,0.11054911345940058,-0.8368853117644788,0.10800556609051473,0.20015944545454548,0.06273016154523654
site_caab4140fe1f5c75,199,0.06301020283808698,-0.04344206465054397,0.04564069106175783,0.0745912890863636,0.04403120339888507,0.04564069106175784,0.5902995368253346,0.8250558154303911,0.7900868466776758,-8.64497086545825,0.5392436926726007,1.1072082211055276,0.38581062767804364
site_cadb6c34bf67432d,262,0.061288432462363616,-0.002306834997566602,0.06124500360019345,0.08020170337813158,0.034946356650348384,0.06124500360019454,0.43573085331598,0.6962091508643504,0.9841432518677511,-0.6043907693624497,0.5112419888488096,1.6852660648854962,0.3199669349009374
site_cb6d0d529a35bf72,121,0.11694460246293162,0.058547333363560605,0.1012336396719451,0.08029625390703674,0.06526028117750891,0.1012336396719451,0.8127437832039366,0.04371462225983919,1.6548008454707868,7.084227336990833,0.02771764482331793,0.7801460953719007,0.5153274202234703
site_cb73c7416c77fcc5,47,0.07071061284993277,-0.06608062422782818,0.025166284415337258,0.04779927284365394,0.049519593066349996,0.02516628441533739,1.0359905103226785,0.8668394115401528,0.23499956617181464,-3.105789338707924,0.09643503969828499,0.10738421276595744,0.11525293458047425
site_cb8aadebec9e1fcf,153,0.03649063103974371,0.016420822252712998,0.03258715621565516,0.045301158013228364,0.06913827397545766,0.03258715621565663,1.526192199220793,0.9211833114941731,0.20372962151284219,2.5123858046650884,0.4414335417997311,0.31398582235294115,0.7313554420307331
site_cbe94aaae2e082ea,54,0.04851653178927959,0.015366150185134677,0.04601885793180945,0.04945340773937663,0.03268883714462216,0.046018857931809494,0.6610027223380625,0.43192083599936487,0.12710810827044952,0.8297721099972726,0.037704536790028206,0.13206453499999996,0.05770224398885199
site_cc2f4e33aba4f988,24,0.09106347821598003,-0.07106349457601706,0.056943277069700364,0.061927302249402794,0.026017750063839783,0.056943277069700454,0.42013375552930193,0.3939207210456401,0.19902136955501448,-1.7055238698244095,0.015232527346039814,0.09203977833333332,0.016246159641226443
site_cc39c5b4f811532d,154,0.051742343918457126,0.03913024951730455,0.03385400606854946,0.04908372963373881,0.05109166897226327,0.033854006068549464,1.0409084507943394,0.7722952945365897,0.41229960374308816,6.0260584256649015,0.2982577618204734,0.3710187272727273,0.4019952303091847
site_cc701381aa01ffc3,51,0.06959963578289803,-0.024530272674326805,0.0651335168990224,0.08519605361131434,0.029534019194010143,0.06513351689902241,0.3466594747305047,0.772648997262651,0.2470495743567151,-1.251043906390667,0.09915039583500108,0.3701767450980393,0.04448517277736014
site_cc73ca175d85bc6f,40,0.06598639320682799,-0.027831597637385123,0.059829810808632956,0.07918143721858047,0.027487439165604588,0.05982981080863297,0.3471449891686795,0.7915600880553438,0.1741681635378446,-1.113263905495405,0.06891306100971996,0.250788,0.030222372475312523
site_ccee683800437b50,18,0.2108108891790759,-0.18910879591438504,0.09316165683522425,0.07771759576413839,0.023445721903012553,0.09316165683522455,0.30167842523290234,-0.5733263763275981,0.7999421579365071,-3.403958326458931,-0.018804309636354443,0.10872044444444441,0.009894633759961247
site_cd09f5e742102c10,336,0.1058308439275451,0.09486422730521077,0.04691423988728491,0.09010750539408285,0.06777719088318515,0.046914239887285256,0.7521814147086124,0.8606322378131445,3.763256288875914,31.874380374550817,1.766043590330652,2.728105809523809,1.5434991949492811
site_cd9b47f2c6e7c758,40,0.09460971330862897,0.08402032797336578,0.043492325065337824,0.05713072181409929,0.061391544806337225,0.04349232506533823,1.074580240839639,0.732927805488301,0.3580399140936386,3.3608131189346313,0.10282517618238927,0.130556775,0.15075687094834045
site_cdb6242d14e183d0,160,0.08165273292327925,-0.0314837639067322,0.07533884392599555,0.1102085494641863,0.06106754996785231,0.07533884392599664,0.5541090075565962,0.7577248820068101,1.0667470070144593,-5.037402225077153,0.8159382903976367,1.9433478999999998,0.5966793054521822
site_cdbb0d22e7b06f01,175,0.14615324629161286,-0.11381823452091218,0.09168522722946963,0.08999552269316693,0.07135557375394459,0.09168522722946987,0.7928791524132388,0.3725372107675392,3.7381349952759484,-19.91819104115963,0.41865522286450013,1.417358968342857,0.8910331335070598
site_cdd0193742d73d25,11,0.12290016492664395,0.11118867925513874,0.05235960412850886,0.05671488938264758,0.02007166826096932,0.05235960412850949,0.35390474140835454,0.38560759084839263,0.16614895592895912,1.2230754718065262,0.004828573199835691,0.035382365454545456,0.004431590534562435
site_ce2a9736239174ff,54,0.11619030204795609,0.1012110827609345,0.057065777979052774,0.062441031166324074,0.06447978121354495,0.05706577797905306,1.0326508068354965,0.5961006139192541,0.7290100596597445,5.465398469090463,0.1296005816368593,0.21053964814814813,0.22451267800871766
site_ce840bd031a93a0e,69,0.031038928904331225,-0.0008973301947116859,0.031025955360790856,0.07901782346484096,0.06816459215745556,0.03102595536079088,0.8626483136147814,0.9215760184809756,0.06647564241944086,-0.06191578343510633,0.3425028259356816,0.4308233333333332,0.3206024020554654
site_cec4a302b657dde7,101,0.05037831924562946,0.001166488053184924,0.05036481267349593,0.0984110503445555,0.07533869990813485,0.05036481267349593,0.7655512225950234,0.8648342602802844,0.2563354800514705,0.11781529337167732,0.64761402899558,0.9781582178217822,0.5732678900886479
site_cedd671db129d181,93,0.06724324331826674,-0.010315882683441203,0.06644724476169876,0.0607916632045953,0.07233449810511719,0.06644724476169941,1.189875293618375,0.5131142115061406,0.4205138007922451,-0.9593770895600319,0.2098391361618715,0.343693247311828,0.4866020042990858
site_cf410c13c4f583ea,45,0.0277472107561298,-0.01675384613143073,0.02211823556591774,0.06510923774324326,0.06369550511221149,0.0221182355659179,0.9782867580694647,0.9412589549352335,0.034645846713528834,-0.7539230759143828,0.17566006199527118,0.19076457777777778,0.18257028171748918
site_cf467e53e3fb79b4,253,0.07987076889572142,0.040406161180598,0.06889616725654103,0.07252174968612889,0.06685702125451692,0.0688961672565411,0.9218892476239382,0.5138179859080793,1.6139729501704165,10.222758778691293,0.6302968261492818,1.3306292569169962,1.130874906629813
site_cf53fcd25709e5dc,34,0.06396047741388344,0.026423240545917964,0.05824736071329285,0.06480489750384943,0.03351150696030117,0.058247360713293055,0.5171138023682634,0.4443367231863601,0.13909205081440443,0.8983901785612107,0.03280899375589454,0.14278894117647065,0.038182717357510665
site_cf6b1b2134e1588b,836,0.048951316291827064,0.00968436911313585,0.047983792696941266,0.04415691325293052,0.05036641926591732,0.047983792696941384,1.1406236431749381,0.49103859457430826,2.0032494225632846,8.096132578581571,0.9129808931356322,1.6300603779904308,2.1207448945642597
site_cfa28b3d4c2af861,102,0.11002462347661357,-0.02347583711427801,0.10749094307407704,0.10268213657996172,0.05296231838362893,0.10749094307407711,0.5157890179114607,0.16497166155604695,1.2347526126593997,-2.394535385656357,0.09151060041025576,1.0754493596078434,0.28611073119402564
site_d04beb93196a3a21,622,0.03603346326216436,0.013161046582402908,0.033543961118531744,0.05554434597774493,0.04882216074604871,0.033543961118531834,0.8789762465762112,0.8008681412003085,0.8076113152420957,8.186170974254608,1.3508535113934177,1.918978458199357,1.4826013023058984
site_d0ce78b41de4999b,52,0.07245251658236143,-0.01746872251400581,0.07031508296835057,0.08190731971972125,0.04401835736092137,0.07031508296835103,0.5374166498372531,0.513422582316215,0.2729670922741026,-0.908373570728302,0.09625756180498461,0.3488580692307692,0.10075602080719659
site_d122c9eee96eec44,13,0.04466559456243158,-0.04038368989412601,0.019083315439162626,0.022781701366661872,0.010078352487492599,0.019083315439162703,0.44238805194071185,0.5583709185698817,0.025935199389001733,-0.5249879686236382,0.0016666401561636194,0.006747076923076924,0.0013204514552079272
site_d132cef849713e59,125,0.07152519316262863,0.04498751118898393,0.05560554912931249,0.07024353066297281,0.06322353411744559,0.05560554912931249,0.9000620202419917,0.657434539477624,0.6394816571189171,5.62343889862299,0.3649619857704639,0.6167692000000001,0.4996519082874759
site_d15ecf104b47687d,115,0.08848465415494133,0.07342332306478333,0.04938167323050152,0.05843127318654265,0.05350464076849024,0.04938167323050155,0.9156850065148493,0.6138816255211581,0.9003964124057513,8.443682152450084,0.2207086105879882,0.39263457391304346,0.32921585713299667
site_d1bc13bbd7c8604f,141,0.05047117342181708,-0.015170475708170138,0.04813726221299831,0.05890450722807299,0.028508357006483076,0.048137262212998376,0.48397581692859704,0.5851562087766404,0.3591748478670941,-2.1390370748519896,0.13855163212279056,0.48923347702127656,0.11459442510848206
site_d1da6ed45ac274f5,50,0.07701527186017439,-0.008363514506816862,0.07655980488997365,0.10882830514163123,0.06601500997783764,0.07655980488997421,0.6065977954165918,0.7196369474461569,0.2965676049848284,-0.41817572534084313,0.2585044454395771,0.5921799999999999,0.21789907711870016
site_d2a88afeebc07d80,46,0.08707078680078247,0.04682224964188494,0.0734098007937654,0.051980006516974646,0.07670678537147566,0.07340980079376612,1.4756978790763753,0.4008875589457595,0.3487408080489364,2.153823483526707,0.0735276223798485,0.12428836956521742,0.27066082241317907
site_d2c6c5fd07d735c9,451,0.05505302105705697,-0.0008675001940547495,0.0550461857981284,0.059102753639767254,0.04749128991019858,0.049115237319461366,0.8035376862414765,0.5943018938489478,1.36690664250645,-0.391242587518692,0.7523247286269665,1.5754041049991625,1.0171956004178728
site_d355ed29576c96c4,250,0.04286606109095666,0.016144428012609482,0.039709654211530214,0.06243067502438204,0.06135106786520959,0.0397096542115318,0.9827071041799433,0.7943063307523511,0.45937479836340717,4.03610700315237,0.7605857593252658,0.9743972959999999,0.9409883820503882
site_d3c0f0b2faa9bb95,81,0.05921686529590505,0.04771768810984529,0.03506649935372639,0.053459110804130454,0.03801454456453799,0.035066499353726584,0.711095713952669,0.7561477296547205,0.2840376079733425,3.8651327368974684,0.12446957135445175,0.2314879987654321,0.11705355347438884
site_d4253e2faeb3b528,43,0.09411284805263427,-0.08770409976257834,0.034135305087459385,0.062157952638881506,0.04110869516794699,0.03413530508745967,0.6613585779888184,0.8586923377529823,0.38086081124886373,-3.771276289790869,0.0943488120869755,0.16613527627906977,0.0726667671916811
site_d46dadf54503ff71,88,0.05059036083263797,-0.0004798545878041894,0.05058808504728236,0.05799199770244737,0.07204278233059178,0.05058808504728356,1.2422883360603982,0.7173547657203989,0.2252258456075329,-0.042227203726768664,0.2637395171269097,0.29595031818181816,0.45673429876210636
site_d47f3d91f6768d70,53,0.024412773444798263,0.008121062169097502,0.023022420735289775,0.023595725819878736,0.033642314249996905,0.023022420735289775,1.4257800123128315,0.7297241718082692,0.0315871258851535,0.43041629496216754,0.030701090806568004,0.02950818867924528,0.05998568132906386
site_d55e4a9082082245,5,0.06996900609371853,0.0669065858411789,0.020473655873335887,0.08287425173116195,0.07898654520035375,0.020473655873336105,0.9530890904038611,,0.024478309068714107,0.3345329292058945,0.03171961334466934,0.034340708,0.031194371613437633
site_d583e7eb857a6d07,415,0.07524076675108263,-0.030389282116832506,0.06883069456074366,0.08165805495321894,0.05761347996665796,0.06883069456074367,0.7055455827311112,0.5579306678208645,2.3493867872356913,-12.61155207848549,1.0893099485211346,2.767235744578313,1.3775149256554267
site_d5dd2bb3b8af01ea,43,0.08887677221399443,-0.028244053025578343,0.08426953250058154,0.10177320782100992,0.03925014896391245,0.08426953250058158,0.3856628851960949,0.6004342891910255,0.3396604674846648,-1.2144942800998688,0.10313562719402618,0.4453847906976744,0.06624469032864067
site_d5fa35b8748ecd00,221,0.11848857271486074,-0.09834783941458791,0.0660851295412763,0.060033626254582965,0.056326402078231926,0.06607923755261183,0.9382475387938434,0.3563876646836509,3.10273875194507,-21.73487251062393,0.26633088095851026,0.7964920181617647,0.7011586492083817
site_d65f83745aba7368,108,0.0644610487510658,0.050230890102960446,0.04039906540443222,0.03172314651309605,0.036123587098358806,0.040399065404432624,1.1387138751651305,0.2963413781034969,0.4487644950574265,5.424936131119728,0.0366761025355922,0.10868666666666667,0.14093066284409317
site_d68e520b86217ecc,289,0.1299686938876886,0.12284592831547285,0.04243511855976618,0.04461660394612093,0.06346528882480726,0.042435118559766706,1.4224589774122662,0.7447620641396268,4.8817479419619225,35.50247328317165,0.6094641447143057,0.5752953494809689,1.1640465939430833
site_d6e0f79187805dc4,57,0.041564437041551654,-0.005547648354580529,0.04119254816486874,0.089119622819205,0.06527376740791153,0.04119254816486874,0.732428676682474,0.9030284039205232,0.09847333831512334,-0.3162159562110901,0.2994251569742173,0.4527115087719298,0.24285788856246165
site_d735284ea202b77e,489,0.14638868939742755,-0.12018446000302495,0.08357837015207828,0.07610930634956983,0.042927578613425256,0.08117734728774338,0.5640253560617017,0.16002166570282023,10.479098059529797,-58.7702009414792,0.25565942155467236,2.832594364863196,0.9011179557441729
site_d74ec077de336965,56,0.037535054749925384,-0.0002534035327179075,0.03753419936177542,0.033292132275187354,0.024342909286740384,0.037534199361775565,0.7311910539561075,0.180230331627787,0.07889729876447418,-0.01419059783220282,0.008179561102762821,0.0620685,0.03318432502237839
site_d7943e43ff597b33,72,0.0741974585388899,-0.048501509659654565,0.056150391043738236,0.07444795778401095,0.0366521486923607,0.0561503910437383,0.4923190613058349,0.6840331709112799,0.39637892546138054,-3.4921086954951286,0.13438843227403446,0.3990598861111111,0.09672336027121808
site_d830d9e3fbd26651,704,0.07081349914875487,0.06059018092128363,0.03665217098095042,0.06944315061280372,0.05838051546799245,0.03665217098095067,0.8406950858768845,0.8494127388208933,3.530244369830258,42.65548736858368,2.42431344873492,3.3949352215909094,2.399432348761188
site_d8459840bc683e6d,9,0.07136213947801921,0.06760673771964179,0.022844779836711758,0.04536999606799494,0.0413552650352636,0.022844779836720397,0.911511320681744,,0.04583299455792241,0.6084606394767761,0.014610647356013456,0.018525928888888887,0.015392321515232066
site_d8c17cfcfd29e789,109,0.08057164992510077,0.03744431683885942,0.07134223088833219,0.10371761736159257,0.08203301510587128,0.07134223088833472,0.7909265290956129,0.7285292694226155,0.7076051941101759,4.081430535435676,0.675638996666875,1.1725505124770643,0.7335062968422517
site_d8f779aeecdbd8d2,131,0.11756524154080758,-0.08260721063295394,0.08365186650632017,0.09065674437343546,0.05821433484403868,0.08365186650632031,0.6421401435313051,0.4367503582287138,1.810627768429844,-10.821544592916966,0.30194971491851424,1.0766425343511452,0.4439470503547351
site_d93f1ce9d07f856a,55,0.07361656219528334,-0.03677810409123248,0.06377122618318146,0.10731925031234286,0.06374230430227203,0.06377122618318157,0.5939503315272505,0.8415516772645115,0.2980669026198611,-2.022795725017786,0.3166276728026569,0.6334581818181818,0.22346947467698958
site_da42d7233341c5fa,34,0.10087123575999905,0.044587579598496935,0.09048178794264077,0.1138287907280751,0.06947972476805732,0.09048178794264145,0.6103879723543493,0.606759573927435,0.3459502109274766,1.5159777063488957,0.16315702065378426,0.44053778235294117,0.16413269323072993
site_da8bcad340f647ba,6,0.0707706927258348,0.06865434025526047,0.01717767484293057,0.06655862077897948,0.07373144438470648,0.017177674842932186,1.1077670108211184,,0.030050945693367165,0.41192604153156287,0.028713910134136676,0.02658029999999999,0.032617955346330385
site_da99bb912bf39167,787,0.07376289899081408,0.012691108093631316,0.07266292756891099,0.08023980321932427,0.05628079326341991,0.07266292756891105,0.7014074188290846,0.4789737821268587,4.282039665545354,9.987902069687845,1.7023017249173724,5.067041278271919,2.4928442923131726
site_daa49998006715f8,95,0.08968861840912801,0.056769808914786904,0.06943512848635594,0.07487550960800315,0.06658080760452412,0.06943512848635598,0.8892200928326979,0.5233524788220889,0.7641845858531268,5.3931318469047556,0.24786016858957316,0.5326024842105264,0.42113537442071247
site_dabd51f8216ca183,414,0.05314301517221271,-0.008137248176307493,0.05251633320892854,0.06775277996840244,0.03649909255248874,0.05251633320892889,0.5387098886497448,0.6398638274749592,1.1692105454999286,-3.368820744991302,0.6550841432563637,1.9004418260869567,0.5515240754622276
site_dad0353659cda19f,170,0.06290492392702142,0.0393097255524467,0.04910982520082586,0.07133913570920959,0.059255001465397965,0.04910982520082971,0.8306100273898942,0.7320036532376554,0.6726950072249398,6.6826533439159395,0.5260354668473497,0.8651762882352941,0.5968963837729335
site_daf47f9c44bf482f,99,0.048545234816094754,0.00657215880655279,0.04809830092603302,0.052974494924817705,0.0551262079463846,0.048098300926033226,1.0406179053640934,0.6046929929742184,0.23330734251162807,0.6506437218487262,0.17482159347425805,0.27782341414141415,0.3008509814522556
site_dafe0965d62ae39c,205,0.055990704471564554,0.04705640964246378,0.030342269176558318,0.05842314617955921,0.043290147574437936,0.03034226917655832,0.7409759728000418,0.8632650146566023,0.6426665923805261,9.646563976705075,0.4475813777445838,0.6997191219512195,0.38417755978840595
site_db96cd85e659d65b,81,0.07379437832544017,-0.002506487675655036,0.07375179856769584,0.06763450176041677,0.05212492046660255,0.07375179856769608,0.770685361906647,0.26267696809933766,0.4410944320674937,-0.20302550172805792,0.07501026748740748,0.37052849209876537,0.220077594025621
site_dbd5f7c9c3a46705,3,0.06870910155965775,0.0440876402537028,0.0526993416846496,0.05837128289378834,0.011043051853543182,0.05269934168464983,0.1891863825168445,,0.014162821911406085,0.1322629207611084,0.0011279025703668595,0.01022162,0.0003658469827201305
site_dc096381800c2a0d,61,0.02322297132041381,0.009920071816444396,0.020997584911254627,0.028580942169699603,0.03022776029420674,0.02099758491125472,1.0576194484677637,0.7464015770404789,0.0328976902138745,0.6051243808031082,0.03933551985599467,0.0498290855737705,0.05573676703664532
site_dc3fa845eee493af,75,0.07441019386446687,0.03299801462650299,0.0666933878405996,0.08920098255562485,0.047235691867360645,0.06669338784060085,0.5295422820920715,0.681150894798301,0.41526577132106574,2.474851096987724,0.2152506710032622,0.5967611466666667,0.16734079396411805
site_dd81667799d2704b,215,0.06522896986010017,0.047549175794734506,0.04465304457986363,0.0658336481338303,0.07800399623079973,0.04465304457986366,1.1848651630580895,0.8202849434613563,0.9147859794371189,10.22307279586792,0.9056658134157229,0.9318248837209301,1.308194037014543
site_ddb8d9051d38fd31,29,0.043634626061706705,0.01317316196088133,0.04159865857810036,0.04800322026455042,0.059511027084650205,0.041598658578100904,1.2397298922172124,0.7203054112535078,0.05521543715480424,0.3820216968655586,0.05967363502162283,0.06682496551724137,0.10270530799542912
site_ddd5a78c36a9e7a3,382,0.04927006391861594,-0.020348257349345696,0.04487190235982089,0.07588470319358175,0.04781719574871874,0.04487190235982124,0.6301295746882893,0.8311050028999777,0.9273199738439992,-7.7730343074500565,1.15201359043205,2.199742484293194,0.873436967941631
site_de08b55dd68ab719,250,0.11919927676682623,-0.10645137109494208,0.053633694388335484,0.10030286408672485,0.07061720815195396,0.05363369438833561,0.7040397978157056,0.8591483470064468,3.55211689543361,-26.612842773735522,1.5213601821793765,2.5151661359999995,1.2466975217940983
site_de0c25f31478d5ae,20,0.06502404857712366,0.05737726241469383,0.030593735488748323,0.04058414838332819,0.04854496344890704,0.030593735488748552,1.1961557746730769,0.7785449287510453,0.08456253786720272,1.1475452482938766,0.030677099251002073,0.032941462000000005,0.0471322695251144
site_de2dd333b47cf663,29,0.06896878663031987,-0.022736809830213416,0.06511321684576259,0.10077300518059006,0.050756003272612794,0.06511321684576259,0.5036666633257151,0.8300990613884626,0.1379441123484991,-0.659367485076189,0.12312877178333442,0.2945007586206897,0.07470898417807494
site_df32de3b824705c1,130,0.10946812013851999,0.1026907375564942,0.037919411213317634,0.03443732322305598,0.059378509846272756,0.03791941121331764,1.7242487013775365,0.800517356128481,1.557825012465988,13.349795882344246,0.21280056951195,0.15417080000000002,0.4583549661033084
site_df4d1a2cf99eda94,136,0.05808535907231074,0.03316800079538541,0.047684302047912824,0.07668485253944575,0.06221475992825638,0.047684302047913,0.8113044215121085,0.7836470860628602,0.4588516156440609,4.510848108172416,0.508466620408875,0.7997570588235294,0.5264119839985584
site_df5a72d9e6b0c9b0,180,0.04953432928310558,0.02211915563609865,0.0443214703216531,0.0787738306094663,0.06190089833411993,0.044321470321655225,0.7858053601709863,0.8277647636577877,0.44165695995488363,3.981448014497757,0.7265380384787916,1.11695695,0.6897098186227892
site_df8e2a9486152870,479,0.040348734659827905,0.013964497522235166,0.03785516077895702,0.05472766722265866,0.03527910231801374,0.03785516077895708,0.6446301132200878,0.7268495764896096,0.7798217661629658,6.688994313150644,0.6722093016643831,1.4346613110647182,0.5961706139147787
site_dfda0bf114384539,49,0.07801816071787304,0.007624064508749515,0.07764474896711493,0.07796440841558305,0.03949327007524984,0.07764474896711608,0.5065551176215448,0.26135498909124744,0.2982548366881936,0.37357916092872623,0.03943177780721869,0.29784400000000005,0.07642620068059458
site_dffc4a16666e5428,8,0.062051251923953644,0.05903252122998238,0.019118559113114175,0.050504325309818764,0.05275064568843694,0.01911855911311454,1.0444777821471354,,0.030802862922639687,0.472260169839859,0.019871192771941423,0.020405495000000003,0.022261044964376087
site_e06c7a98fed0bd3d,30,0.036694563574996335,-0.032274077795942616,0.01746066718029099,0.02199618653817571,0.016333696429224928,0.017460667180291,0.742569463160208,0.6203353400868439,0.04039472987878343,-0.9682223338782785,0.006686204443251092,0.014514966666666667,0.008003689171262256
site_e0819506e4cfd43e,250,0.05344469729193405,-0.009487437534332276,0.052595857229049955,0.07722653688985412,0.067299069012981,0.0525958572290502,0.8714500445483865,0.7433491518010797,0.7140839171566158,-2.371859383583069,0.9658473115444184,1.4909845000000002,1.1322911725034945
site_e08b0590bf66e62a,111,0.06821478589563817,-0.066286564837866,0.016104295600340393,0.026312745231973116,0.025314157981464285,0.01610429560034053,0.9620492942980564,0.8060674206217329,0.5165115286414409,-7.357808697003126,0.05959694446394103,0.07685202234234235,0.07112953196846905
site_e0a3f27c6c9560a4,56,0.17213672332141478,0.12107961776384284,0.12235512934893664,0.13244723915852033,0.06281501516051509,0.12235512934893673,0.4742644358583763,0.39167511647725634,1.659338884886665,6.780458594775199,0.18248214914537966,0.982367185,0.22096066325848152
site_e0ceb845349c800e,31,0.04832405331720632,-0.01913017417538551,0.04437623874353946,0.05864159469618785,0.04852072179743257,0.044376238743539936,0.8274113630232975,0.6719507306314576,0.07239163799913018,-0.5930353994369508,0.059269620862098464,0.10660393548387098,0.07298207375605928
site_e0f23347bc3a360e,5,0.17716324065469644,-0.16795662407875062,0.05636830906939757,0.04735145193127663,0.010722431343344795,0.05636830906939757,0.22644355993363752,,0.1569340691963694,-0.839783120393753,-0.002050639333575964,0.011210800000000003,0.0005748526695637142
site_e112cf24dd2b666b,2,0.14586361978387932,0.14573531568050385,0.0061166445016861,0.011499999999999996,0.017616644501692397,0.00611664450170425,1.5318821305819479,,0.042552391152912226,0.2914706313610077,0.00040518282353878006,0.00026449999999999987,0.000620692326998018
site_e1c83eb53198657c,16,0.08060789607207879,0.026532989556342368,0.07611592063668467,0.08943485735963076,0.03589100731721484,0.07611592063668474,0.40130893453423655,0.5441161710173209,0.10396212654667286,0.4245278329014779,0.027944997942494228,0.127977499375,0.02061063049990991
site_e1d83ae86567245b,279,0.1086111837441222,0.07991189409434582,0.07355595432426616,0.09997047893539995,0.09529428797060427,0.07355595432426734,0.9532242816620154,0.7171812175375428,3.291192596369553,22.295418452322483,1.9062144288772376,2.7883529677419356,2.5335993682310223
site_e217e123676f78e8,634,0.1252204675054318,0.11446996684950611,0.05076211354693462,0.044256155423150145,0.07134686335217075,0.05076211354693471,1.612134236921303,0.7081767836988205,9.941224915764828,72.57395898258687,1.417684239915587,1.2417570236593058,3.2272976930625674
site_e236e8f6fb4c7e9a,128,0.022307655250585385,-0.007608863319642841,0.020969899421837086,0.02586381683905867,0.014413343210125919,0.020969899421837107,0.5572782741161145,0.5860561632801355,0.06369682979570812,-0.9739345049142837,0.027964467341778803,0.08562393874999999,0.026591291199089012
site_e285e97bc06024be,13,0.0875676778669881,0.07664149250067197,0.04235776002441629,0.07495386904761556,0.07510700792389773,0.042357760024416435,1.0020431083575538,0.8406486371776626,0.09968527669121577,0.9963394025087355,0.06152227438630966,0.07303507230769231,0.07333381431064567
site_e3489f2db8b7f610,188,0.06922855473722371,-0.053993341512185475,0.043327957064155355,0.06212729524813025,0.05129191392781302,0.04332795706415542,0.8255938669623103,0.7238607014954604,0.9010074447088986,-10.150748204290869,0.43365484227208384,0.7256425531914894,0.4946017616630977
site_e35bffa822780b41,151,0.10948826922704279,-0.012068157373990447,0.10882114075826445,0.09416377956573939,0.06038124373932259,0.10799363902473615,0.6412364076483156,0.07475614275666506,1.8101398458483442,-1.8222917634725575,0.0641814860394761,1.338889424697879,0.55053008392163
site_e4206af93f2d6f2c,175,0.08724653614358296,-0.03870214558887482,0.0781927234202203,0.08711951206549892,0.05605083887073204,0.07819272342022035,0.6433787052043108,0.47279221950409084,1.3320926620843676,-6.772875478053093,0.4040228434175763,1.3282166419428574,0.549796894169734
site_e44008751f3e2871,30,0.029750937447492864,-0.02072482305685679,0.02134478831627549,0.016486704744530768,0.033974906433195805,0.021344788316275492,2.0607457317670774,0.8663152720329892,0.026553548370139,-0.6217446917057037,0.014557585683166981,0.008154343,0.034628828014332286
site_e443401d44fc1f23,274,0.09274830485043134,0.0687987924751139,0.0622010788217918,0.08025707237598909,0.053354009832345936,0.06220107882179233,0.6647888871698755,0.6327449173001256,2.3570159664202213,18.85086913818121,0.7423857140195196,1.7648881605839415,0.7799822000620784
site_e473611ef37db918,1,0.13303288328647614,-0.13303288328647614,0.0,0.0,0.0,0.0,,,0.017697748035513182,-0.13303288328647614,0.0,0.0,0.0
site_e4827c2c7a3df4be,641,0.03297598650816522,0.02874174527972704,0.01616563529410405,0.024064894785190544,0.024743298430146315,0.01616563529410429,1.0281905926043466,0.7809473684067098,0.697033454845671,18.423458724305032,0.29807211951122803,0.3712153822152886,0.39243995382730323
site_e4a78bd8d0c42b04,2,0.05323264094788891,0.04876410138607025,0.02134892218112945,0.0793,0.05795107781887246,0.021348922181134652,0.7307828224321874,,0.005667428124573719,0.0975282027721405,0.009191040942072869,0.012576979999999998,0.006716654840738023
site_e4ad3110c632fc3e,37,0.10720345922634394,-0.08343127118574604,0.06731867986246376,0.09002233307843846,0.03568171162713826,0.06731867986246379,0.3963651063791914,0.7542298675161234,0.4252255217934924,-3.086957033872604,0.08963990627339968,0.2998487567567567,0.0471078281517634
site_e526161d153fbae1,108,0.07292035105706643,-0.012798182977570426,0.07178846781174839,0.08910861105679899,0.05302985244982212,0.07178846781174952,0.5951147910499941,0.5924266896777401,0.5742767806148674,-1.382203761577606,0.30234198804641205,0.8575572129629627,0.3037138470917897
site_e580905782041227,176,0.0870433120528296,-0.08048698581321673,0.03314186608851891,0.05287503761013062,0.0695872159173714,0.03314186608851919,1.3160693412734104,0.888693747693824,1.3334707184702235,-14.165709503126145,0.5754994901545345,0.49205545,0.8522589889670327
site_e5a46bf8593cb776,159,0.11056468515792174,0.03212768063170355,0.10579395890738574,0.13154045689507898,0.05617068570824905,0.10579395890738617,0.42702212713958143,0.6270151611855169,1.9437033870471874,5.108301220440865,0.7366212413483634,2.7511597962264154,0.5016682033366482
site_e60e5a5f7ff91a10,8,0.1385265642160193,-0.1289380311667919,0.0506418118981373,0.05858643054283132,0.03613801874950238,0.050641811898137434,0.6168325739367688,,0.15351687194795938,-1.0315042493343352,0.008694932522252202,0.027458958749999995,0.010447651193115082
site_e60f7e42ba2fd8cd,702,0.06369191170994155,-0.04098951939334217,0.04874955299456413,0.07753782631007897,0.05706357557580254,0.048749552994564696,0.7359449998972305,0.7788127357174829,2.8477750513214275,-28.774642614126204,2.419038384475318,4.220504385242165,2.2858886635617206
site_e621c0e748219561,130,0.10776541968752423,-0.09770427379699853,0.04546713716773227,0.06501725078322125,0.05255360821031276,0.04546713716773247,0.8083025285940739,0.7202254759751707,1.5097401384556708,-12.70155559360981,0.31992116475162596,0.5495415769230769,0.35904462566999695
site_e692ba92ac3619b9,78,0.06596061747851617,-0.04131276127527921,0.05142041242501778,0.05932681468080804,0.04485889849954201,0.051420412425017784,0.7561319234968747,0.5425721104672091,0.3393626385354764,-3.2223953794717786,0.11262938313136497,0.2745343333333334,0.1569610204181926
site_e6f2aca5e6ecbaba,167,0.08137570974832382,-0.07258408288884305,0.036790719593791654,0.037831817415747426,0.04138043719601705,0.036790719593796845,1.0937998759423204,0.5717129377961235,1.1058750248862552,-12.12154184243679,0.14946750026409497,0.23901815029940116,0.2859608772830964
site_e6f4ed93ce9ba081,116,0.10197307149567815,-0.05820924386818862,0.08372688480145693,0.10986853293969592,0.06091448881455305,0.08372688480145693,0.5544307108204265,0.6553131231575009,1.2062268479904719,-6.75227228870988,0.5087457378795691,1.4002469655172414,0.4304266939144438
site_e722a68e19572b18,15,0.04250954919649885,0.0404037411737442,0.013213609350008945,0.01038992246789594,0.015679212132534336,0.013213609350009542,1.5090788387480167,0.5499764639287518,0.027105926593343346,0.606056117606163,0.0013439153244843086,0.0016192573333333332,0.003687565396455178
site_e755ae9494167172,176,0.13517234184217689,0.08688584217334336,0.10354908222155905,0.13551439769330695,0.05835722103250727,0.10354908222155959,0.4306348404734085,0.6984676545045632,3.2157949118413054,15.29190822250843,0.9721628223902631,3.2320907488636363,0.5993794834080959
site_e7895d956d62a46d,90,0.027741203531100128,0.0042923824495739405,0.027407112694709596,0.03150423056051166,0.010640211709707994,0.027407112694709603,0.33773913916960574,0.5288909072217051,0.06926169360185301,0.38631442046165465,0.015956136997954715,0.0893264888888889,0.010189269470466639
site_e7920aa397fb1716,99,0.049148072734472296,0.0003249900925039034,0.0491469982293197,0.09645427835761575,0.06747225622443039,0.04914699822932063,0.6995257999263542,0.8789587595669599,0.23913777229778493,0.03217401915788644,0.5663050340582626,0.9210393535353536,0.4506980306415033
site_e7d7202b18581b5a,73,0.2755749165394668,-0.27091479954654224,0.05046489881482904,0.058260075884856294,0.03609767401723166,0.05046489881482931,0.6195953827553223,0.5112976863923931,5.543732027678589,-19.776780366897583,0.07849589621979897,0.2477792602739726,0.09512207107016546
site_e7defe0b5f5d29b7,231,0.06194413848244772,0.008898953962893716,0.06130158978932731,0.10492177169239797,0.06319984314984835,0.061301589789329376,0.602352039337775,0.8478997459491971,0.8863646235288447,2.055658365428448,1.2987875021511277,2.5429815584415585,0.922664860232215
site_e7df8a81d2875ad9,50,0.07208545415139388,-0.0399962939286232,0.05997173644466106,0.11438415274853418,0.07393254261340818,0.059971736444662076,0.64635302038687,0.8840993648523122,0.2598156350106354,-1.99981469643116,0.3738286521273852,0.65418672,0.2733010428641708
site_e7ee204eaac12eb2,47,0.06850149182068192,-0.028640422679642414,0.062226847665540444,0.09823004475756789,0.04735711634568917,0.06222684766554053,0.4821041918749677,0.8619781134713873,0.2205453559379708,-1.3460998659431935,0.18846195339466984,0.4535096595744681,0.10540673402321961
site_e813e7562543b91c,20,0.11483950848978822,-0.08840392598509789,0.07329978567906917,0.10038818406565585,0.0495999094565732,0.07329978567906947,0.4940811502689787,0.7194946389966423,0.2637622542035228,-1.7680785197019577,0.07165079937502741,0.20155574999999998,0.04920302036200519
site_e84e6fd19eaae8f3,84,0.09678844072643294,-0.02767916698058446,0.09274624506423507,0.1077720028923389,0.07605436168291159,0.09274624506423518,0.7056968381564522,0.5366419455927232,0.7869121896933549,-2.3250500263690945,0.3694825917260633,0.9756435870238096,0.48587833820359094
site_e894534d7e7a123f,174,0.12897420008757812,-0.09892321890167804,0.08275591247978191,0.09238506886898627,0.041889087460751866,0.08275591247978269,0.4534183713188102,0.4446022150570879,2.8943759061521313,-17.21264008889198,0.2993805326638551,1.4850901652873563,0.30531704280324634
site_e8fdb2dcaaa2ec50,118,0.08049899950694944,0.0015341640675472033,0.08048437899514224,0.08065588476573,0.0718255181467387,0.08048437899514252,0.8905180118643585,0.44764427833998877,0.7646504927511418,0.18103135997057,0.3060059509872317,0.7676338661864407,0.6087507967316037
site_e908f29f409c402b,51,0.018650633421341156,-0.011085715782058003,0.0149984343388461,0.02258828295201944,0.016725377596439456,0.014998434338846178,0.7404448417777666,0.7477758027512401,0.017740152477879634,-0.5653715048849581,0.014407901621105914,0.026021756862745098,0.014266651042917425
site_e9578e4592e63187,8,0.031674758338149714,0.016812792912125583,0.02684437204097284,0.018289341158171882,0.03692360121788215,0.026844372040972907,2.0188590118449548,,0.00802632252624148,0.13450234329700467,0.003908928066492081,0.002676,0.010906818615177505
site_e98d1003be09654d,174,0.0739545281103293,0.06465755828632705,0.03589808329802173,0.03720863645046457,0.04526725092929627,0.035898083298021966,1.2165791398875914,0.6367311726632398,0.9516533676757387,11.250415141820906,0.18660927963924823,0.24089997701149427,0.356547577165082
site_e99ab7a415991029,162,0.0952281834310564,0.07693782715113076,0.05611575244832465,0.04860985967426981,0.05986462060587436,0.056115752448324945,1.2315324711287312,0.48070501631214185,1.469081920971786,12.463927998483182,0.2266148003846591,0.38279279012345674,0.5805711936462148
site_ea33c67804056e7d,182,0.0896924069437384,-0.0005775193529469635,0.08969054763328264,0.09435775635973616,0.0585053399780978,0.08969054763328284,0.6200374217785332,0.3878198462649038,1.4641404711317332,-0.10510852223634737,0.3896498657358544,1.620416285714286,0.6229632146834112
site_ea99257f5d54ddf2,142,0.09660253254987299,-0.07843399071063795,0.05639289313604004,0.08630036744962383,0.05720563770588282,0.05639289313604005,0.6628666759649141,0.7636502223558229,1.3251509998969964,-11.137626680910587,0.5353456807827026,1.057580985915493,0.46469286791781456
site_eafced833314a87c,939,0.055376515977951984,-0.026889237281708674,0.04840999318595634,0.05705850238702884,0.06690706334980612,0.048409993185957165,1.172604617204537,0.7057675789637937,2.8794984520231326,-25.248993807524446,2.529994828635888,3.0570766602768904,4.203485263403175
site_eb3bc9a7aee9d6f6,324,0.03640203027689568,-0.004343787512845465,0.03614193296329456,0.048606134861892365,0.023297841281106773,0.03614193296329467,0.47931894497071986,0.7060583700730731,0.4293349298827297,-1.4073871541619307,0.2590552426723096,0.7654682561728396,0.1758637683085243
site_eb828ca3e955ad1d,72,0.09773902603314716,0.048879705998632644,0.08463859374656134,0.035015998878643116,0.0785276718664659,0.08463859374656266,2.2426226405427876,0.04164487097199141,0.6878100391133916,3.51933883190155,0.008244859494268907,0.08828065277777777,0.4439948579112486
site_eba5cbc1dd84d08d,137,0.0516395997166164,-0.041936283958088745,0.030132977726718572,0.04200977355463329,0.03611122106080898,0.0301329777267187,0.8595909476599938,0.7121985878979864,0.3653308114682545,-5.745270902258158,0.148017883454565,0.24178048715328468,0.17865077925085815
site_ebf4f84d79acafd6,8,0.0808719992380536,0.07879787317663431,0.018198226386073935,0.05560539542166749,0.0723083713360403,0.0181982263860751,1.3003840866108516,,0.05232224208607795,0.6303829854130745,0.03195714048668742,0.024735679999999996,0.04182800452216556
site_ec20e4065643efdb,232,0.061860804119852605,-0.0011163939535617803,0.06185072959064609,0.08330052171121309,0.053830358607548534,0.061850729590646115,0.6462187451138427,0.6702767283342317,0.8878081080343074,-0.25900339722633303,0.6972959142167506,1.609842644827586,0.6722681418136077
site_ec919d9a24ddf81b,54,0.1473450180566943,0.13936759593530937,0.04782496784463019,0.04855266327516042,0.06917410655228547,0.047824967844630854,1.424723215702052,0.7228025402467959,1.172369934690889,7.525850180506706,0.13109014563510818,0.1272975,0.25839307893457497
site_ecbc4520bb039c64,117,0.2082522872867321,0.10098550208307737,0.18212892007911421,0.17172270627834763,0.076785612251359,0.1821289200791143,0.44714885943444305,0.08394519132190133,5.074174773738205,11.815303743720053,0.12950581241469095,3.450176478632479,0.6898355391114783
site_ed130293b294c5a2,39,0.06406987285104848,-0.03456942194853074,0.053943522996685735,0.054385126389359315,0.024049240967474354,0.053943522996685804,0.4422025388945256,0.23938918543839144,0.16009299567883126,-1.348207455992699,0.012210983658983158,0.11535193692307688,0.02255627365335422
site_ed8668d708cd9f42,70,0.059760530591233,-0.02714537687131337,0.05323954856176056,0.09594681881551013,0.09510678356828618,0.05323954856176078,0.9912447827078125,0.8447296528957117,0.2499924711581987,-1.9001763809919359,0.5395824976661376,0.644405442857143,0.6331710196493382
site_ed9138fe753e1f02,20,0.05861750730072935,-0.03827627410173416,0.044395258790100256,0.04288317239897253,0.012038815182028088,0.044395258790100284,0.2807351813905572,0.012552277925191051,0.06872024324302117,-0.7655254820346832,0.00012960542947053919,0.03677932949999999,0.0028986614197406
site_eda005e51a299a0e,329,0.2386334485069366,-0.23562838817195328,0.03775162822713848,0.07235669123153658,0.06555003710871454,0.03775162822713864,0.905929168305372,0.8546426729497445,18.7352085835369,-77.52173970857262,1.3336200386778336,1.722476462006079,1.413649623069818
site_edb67bacc6a2f615,2,0.07695706011530994,0.0754881022810936,0.014964475119113918,0.07665,0.06168552488088653,0.014964475119115772,0.8047687525229815,,0.011844778203182854,0.1509762045621872,0.009456390964239836,0.011750444999999998,0.007610207959660942
site_edc41c47fa42988f,103,0.024824192930850652,-0.005830299828179831,0.024129818867567612,0.021369083293466096,0.02449884567107233,0.024129818867567626,1.146462173160381,0.45326341777699103,0.06347277713081384,-0.6005208823025225,0.024441024573979158,0.047033685242718455,0.061819924239147006
site_ee1921e55841ea0d,206,0.0597889670035027,-0.018528682696009147,0.056845479089339596,0.08555681359390584,0.061101324371728,0.05684547908934043,0.7141608225587331,0.7481329768227304,0.7363924385212625,-3.8169086353778843,0.805658965040758,1.5079134805825243,0.7690745990356991
site_eef5f3ba42e04423,79,0.025525582846711265,-0.0073526477883133715,0.02444368937303309,0.029943061386108267,0.026047596394588857,0.024443689373033102,0.8699042512290789,0.626691966381943,0.05147287499348131,-0.5808591752767563,0.03861402499122144,0.07083036708860758,0.05359970495689648
site_eefad9fa85f80180,151,0.08558271519076581,0.0744141892388167,0.0422720898389625,0.03970231760324784,0.06236762145139615,0.0422720898389625,1.5708811277630346,0.74290346348071,1.1059845720529844,11.236542575061321,0.27776938101614745,0.2380173774834437,0.587347751031202
site_ef1a0b7a4f85647e,128,0.15268707607322465,-0.10713820624514483,0.10878762780005594,0.10085710807870707,0.07524626612545034,0.10878762780005594,0.746068051710639,0.26349619154982307,2.984107929573209,-13.713690399378539,0.25596216662134974,1.302036,0.7247360724252281
site_ef1b5625cbf889df,183,0.0928804026483666,0.013597486205830601,0.09187969071021601,0.12119144356353147,0.07437858191631291,0.09187969071021601,0.613727997037364,0.653294848848302,1.5786987628904552,2.488339975667,1.077656061643875,2.687787976721312,1.0123877409623456
site_f005fd2353ec048d,130,0.1021424084362007,-0.0661371080841468,0.07783928658083608,0.08307237396376928,0.07099673253259367,0.07783928658083611,0.8546370970878693,0.49870577753043477,1.3562993081491939,-8.597824050939083,0.3823690527063837,0.897132511076923,0.6552696839396037
site_f059546b5612f674,32,0.11798224315226766,-0.07230095760244876,0.09323294068627094,0.12720319313503886,0.045791502143762416,0.09323294068627097,0.35998704918633745,0.8227828565011089,0.4454339103757059,-2.31363064327836,0.15336212453315967,0.517780875,0.06709957339463034
site_f07b80b3214910ba,44,0.07774207270462456,-0.037940881157463247,0.06785513543871519,0.09835446468331012,0.09921346276510984,0.06785513543871544,1.0087336968846874,0.7641145483517237,0.2659285142100898,-1.6693987709283828,0.32807703525471416,0.42563843181818184,0.4331056925291288
site_f0ccb43d6f9d9cfd,309,0.06097592229036426,0.05689158716238432,0.021941066731254635,0.025492549272102424,0.024653824087153824,0.021941066731254715,0.9670992031437808,0.6175692152126995,1.1488814976406072,17.579500433176754,0.11993382333625335,0.20080985113268607,0.18781361201518076
site_f1050af72de062ae,91,0.08082811396517692,-0.06638035624328552,0.046117592220129365,0.06255148363789058,0.03789996492743908,0.046117592220129365,0.6059003355834259,0.6796018991953232,0.5945197446522542,-6.0406124181389815,0.14661297262522216,0.35605461758241763,0.1307130680766012
site_f1573be180b99853,119,0.04689756475888583,-0.040683514861048764,0.02332880620316251,0.04469950703262642,0.03794988212834647,0.02332880620316252,0.8490000147126151,0.8530142949647542,0.2617264080573529,-4.841338268464803,0.17219337387720454,0.23776746554621847,0.17138303287309153
site_f2457bdf17f809aa,15,0.07169526084713358,-0.06611144084930419,0.027739643414569647,0.04126600968782365,0.03826910030968256,0.027739643414569665,0.9273758378672267,0.7592135069599643,0.07710315641907789,-0.991671612739563,0.01798439832975467,0.025543253333333335,0.02196786057768818
site_f2e692f63befa2ca,575,0.09733627433258026,-0.01954668888128322,0.0953534333662173,0.1344642444121515,0.08192130629628226,0.09535343336621743,0.6092423056733368,0.7126083864399907,5.447751423044711,-11.239346106737852,4.513593656319651,10.396363989565216,3.8588827445413454
site_f35139d0576344b1,63,0.07624586156049196,0.06428674756723737,0.040995676507749004,0.06413612224691127,0.0874322233579939,0.04099567650775051,1.3632290243772034,0.8985355126650931,0.3662461785214074,4.050065096735954,0.3174314965247399,0.25914685714285707,0.4815968019232945
site_f39ad74b903eb489,68,0.0921932524577666,0.08385446553896454,0.03831480664072433,0.07388664398366968,0.0731980002514805,0.038314806640724335,0.9906797264693552,0.8643256322519792,0.5779725143144212,5.702103656649589,0.31787140573035266,0.3712280588235294,0.3643404123754703
site_f408269ff3bfc904,433,0.05220680078910085,0.01641482680099941,0.04955909109059661,0.06692052862627104,0.05500687150447861,0.04955909109059666,0.8219730572015316,0.6856679729105349,1.180163171058029,7.107620004832744,1.0928940685717066,1.9391286466512703,1.3101523102035257
site_f40d91148ce5f169,100,0.08186517750362649,-0.04197609759104251,0.07028452545708441,0.08172392327831551,0.0693792472389564,0.07028452545708481,0.8489466053004014,0.5778156488772381,0.6701907287700273,-4.197609759104251,0.3276182532358319,0.6678799635999999,0.48134799474442397
site_f41236f6a73e8c51,344,0.10970800799799776,0.08317860944725054,0.07153436900756519,0.08022211993946854,0.077234731279726,0.07153436900756557,0.9627610357093944,0.5877746954405115,4.140331374497727,28.613441649854185,1.2527837225892258,2.213842453488372,2.0520300782529106
site_f459e887bba62073,76,0.07134034479206314,0.0469988763759795,0.05367075939881833,0.04930889935297341,0.06649971653477929,0.05367075939881836,1.3486351836561372,0.6058242940604543,0.3867978044238342,3.571914604574442,0.15097511872614883,0.1847839342105263,0.3360881347396558
site_f468c03f1fedb166,24,0.12210827221758921,-0.0661896924401323,0.10261264424351202,0.08441858956348944,0.06798130088602637,0.1026126442435121,0.805288281142142,0.10617050709926129,0.3578503234551568,-1.5885526185631753,0.014623209304797151,0.17103595833333332,0.11091497448375481
site_f4812d36f8b87671,83,0.0768225082839159,-0.040346719698733595,0.06537461272224984,0.06853445413576326,0.05878943266256076,0.06537461272224993,0.8578084323266352,0.48141361516569786,0.4898409156596832,-3.3487777349948886,0.16099214552737862,0.3898486265060241,0.2868643836012186
site_f48c6b207c3fab2d,284,0.1291662677254036,0.1226596056827357,0.04047895566669709,0.04645192347155819,0.038070846494668596,0.04047895566669918,0.8195752435952152,0.5565916642566375,4.738234619943421,34.83532801389694,0.279544706712936,0.6128098591549297,0.41162657620105614
site_f4ae282ac466260d,9,0.126711839840493,0.12422470545768736,0.024982251894366238,0.022557372669005475,0.03033640608272672,0.02498225189436975,1.344855472659273,,0.14450301320186476,1.1180223491191863,0.0036225885871383886,0.004579515555555557,0.008282677806144889
site_f4e6d6d6c1cafad7,124,0.0500811264931142,-0.016465360000008537,0.04729705224313057,0.04518406323870869,0.07170982057095335,0.047297052243131056,1.5870600258349572,0.7633752177931186,0.3110067846215938,-2.0417046400010586,0.30670698074368574,0.2531583467741936,0.6376449974234721
site_f4e907a8ba8d1abb,25,0.19850275828425018,-0.1886072152404785,0.061892353370083295,0.07287956377476473,0.04921810220219577,0.06189235337008331,0.6753347530221911,0.5440752329661103,0.9850836261613862,-4.715180381011963,0.04878986243373156,0.13278577039999997,0.06056053960964469
site_f5ae0072aa9d0a04,65,0.0897461687928343,-0.05314077683998988,0.07232173013579182,0.10741916563426719,0.060294062494151285,0.07232173013579182,0.5612970659205829,0.7676563914639782,0.5235343628444739,-3.454150494599342,0.32317410020273457,0.7500270144615384,0.23629930818316036
site_f5fb4b6c3b6ce99f,102,0.0666976211377426,0.014232110523710062,0.06516148935893615,0.06258778072467487,0.05883503861478325,0.06516148935893619,0.940040339081521,0.42537626034974446,0.4537544118742525,1.4516752734184264,0.15977139083778158,0.3995574901960784,0.3530793004179097
site_f617214b073c06c0,689,0.0332296948166396,0.002513515472550524,0.033134496488950206,0.05048433233973089,0.04533719145530213,0.03313449648895039,0.8980447864539155,0.7659486527929126,0.7608024935312262,1.731812160587311,1.2078975727854304,1.7560321223222062,1.4162125801187022
site_f645d63c8edb6a7a,176,0.09506842607586867,-0.003786854406446219,0.09499297537316789,0.11337114285856807,0.05956393988227198,0.09499297537316789,0.525388898624571,0.5462310972097169,1.5906889920315512,-0.6664863755345345,0.6491947965456343,2.262130821818182,0.6244238764366083
site_f65ec349d3fa498b,397,0.14466986309041618,0.1392938171413443,0.039071751852118135,0.026685419576828063,0.03880247166254515,0.039071751852118204,1.4540701355971473,0.3337364428245046,8.308959606780107,55.299645405113694,0.13719161401561433,0.28270831234256927,0.5977358274276798
site_f695cfa2b198ee8e,37,0.021696188928877758,0.016463483199235553,0.014130758471718581,0.0214687688296765,0.010737975282084694,0.014130758471718588,0.5001672600452748,0.8166659476442693,0.017416810719389636,0.6091488783717155,0.006965875544842031,0.0170535972972973,0.0042662521868704895
site_f6a13c8718860659,32,0.02917382815652608,-0.008693395365029574,0.027848467216954616,0.03236991695135315,0.03340927098473698,0.027848467216954623,1.0321086407155697,0.6419376510235953,0.027235591977808442,-0.27818865168094636,0.022215260557364672,0.03352996875,0.035717740407410825
site_f6e487124edabf8f,133,0.07304919213474985,-0.05481070316402535,0.04829048861012591,0.08439375235256907,0.068756957437867,0.04829048861012592,0.8147162025765043,0.8201288043309432,0.7097125347147668,-7.289823520815371,0.6329372472466384,0.9472666230075188,0.6287600530829831
site_f7b6fd0b704f24d5,64,0.08473073599060722,0.03478738141544163,0.07726018195530326,0.08017830495799659,0.04393397341691124,0.0772601819553037,0.5479533826504209,0.3391886360959361,0.4594750477766389,2.2263924105882644,0.07646780449179932,0.4114278775,0.12353241729266329
site_f801eca3ddf0629c,849,0.04408889670307069,0.025144430821797032,0.03621585855867428,0.047011938799655636,0.05510040449755478,0.03621585855867447,1.1720513108886799,0.7594625784572542,1.6503123598074376,21.34762176770568,1.6702328413236156,1.8763939088574795,2.5776103348492376
site_f80bf9d30cd43152,124,0.022171736588324484,-0.005315241207182408,0.02152519719425392,0.019698500407753276,0.02446790422548291,0.021525197194253953,1.2421201471687868,0.5429416492070364,0.06095665201441379,-0.6590899096906185,0.0324492587575088,0.04811583387096774,0.07423611381123814
site_f8577ef511842081,219,0.07373165256969887,-0.050295701051248254,0.05391381127709527,0.07858698888785544,0.05724143991313056,0.05391381127709541,0.7283831677889424,0.727564363966639,1.190562093354273,-11.014758530223368,0.716764905020598,1.3525253461187212,0.7175715550889494
site_f85796d856927f97,73,0.07716417809877127,-0.04941284885716765,0.059267872827338725,0.10187417131815199,0.06390467598641819,0.05926787282733912,0.6272902656242919,0.8409429241482543,0.43466465786109904,-3.6071379665732386,0.3996557880502245,0.7576193150684932,0.29811795574382377
site_f863ed028d428c3e,85,0.08867461759662108,-0.030826468147951012,0.08314395147832669,0.09495401524096084,0.03106044056718906,0.08314395147832944,0.3271103437634341,0.5201378663673093,0.6683709635020935,-2.620249792575836,0.1303942207250525,0.7663825258823529,0.08200383229937014
site_f8923c8bedba827f,29,0.06594679170861256,-0.044811478545953486,0.048382959057757954,0.06536619612398584,0.05437037359021384,0.0483829590577584,0.8317812082423269,0.687674128594747,0.12612040076311481,-1.2995328778326511,0.07087551269667416,0.12390944827586206,0.08572798820584328
site_f8bf18cf05681ba1,521,0.05056561315520555,0.02518899430531915,0.04384513427563537,0.06413669338200492,0.055290268109276335,0.043845134275635425,0.8620692024136895,0.7399793615129946,1.332135122789948,13.123466033071278,1.3671387470333254,2.1431415431861804,1.5927041624973386
site_f9474c251f4c85b7,278,0.08301865366420116,-0.05695597337990357,0.0603996188114155,0.06737369251298479,0.04702502165038011,0.06039961881141563,0.6979730499603696,0.489616316402077,1.9160029260282094,-15.833760599613191,0.4312409880569192,1.2619016151079139,0.6147560398188037
site_f956c78502603f81,228,0.04247829979434874,0.012525399877052557,0.04058965768934865,0.05377132362069216,0.04306963343861655,0.04058965768934938,0.8009777431263119,0.6690300258474969,0.4114045573794335,2.855791171967983,0.3532664213116167,0.6592289956140351,0.42293847799438966
site_f9b796db02c200aa,619,0.11078455358299347,0.0987418090703029,0.050232185440283156,0.0436637165351701,0.06670429719599733,0.0502321854402832,1.5276825357334982,0.6579631337411238,7.597121516488969,61.1211798145175,1.1862240396342894,1.1801359676898222,2.7542177606709894
site_f9f0235d2e05c1c5,86,0.14051850684095646,0.05906852287580801,0.12750043282311666,0.13398621998457327,0.07733274970826017,0.12750043282311732,0.5771694262078891,0.370423396763045,1.698108765773826,5.079892967319489,0.33008094098384294,1.5438984145348835,0.5143104592598755
site_fa6684a460ee051b,87,0.02102742401525979,-0.010363051801097806,0.01829644003857821,0.025409193582436075,0.025054958204343652,0.018296440038578762,0.98605877132845,0.7371815740210944,0.0384672727824246,-0.9015855066955092,0.04082989740049275,0.056169559310344834,0.054614330964062444
site_fa67fc8ac26d4830,132,0.08601867228269985,0.07453915253597677,0.04293165173268903,0.06730838360274266,0.0535516524887607,0.042931651732689056,0.7956163797488458,0.7705797664925604,0.9766959815287641,9.839168134748935,0.36663470362160694,0.5980152424242424,0.37854689192456265
site_fa6f730253456586,123,0.037933361711174535,-0.016034307735916076,0.034377913056797736,0.03858576805590042,0.04349464533249697,0.034377913056797854,1.127219892823823,0.6550790796066898,0.1769896114774287,-1.9722198515176772,0.13522649291974562,0.18312996406504067,0.23268945322976314
site_fa8f84308360a237,255,0.07822862942080788,0.05712187628933028,0.053449131987755756,0.08446777864135166,0.05218657821482254,0.05344913198775576,0.6178282305304323,0.7941584517611939,1.5605282075698126,14.566078453779221,0.8926829451767837,1.8193754352941178,0.6944769311718066
site_faac0be9a66c6585,533,0.0940420371335171,0.06398085741645622,0.06892281648682752,0.0802532364799751,0.07175582954761464,0.06892281648682755,0.8941175794887629,0.5938146253180341,4.713801230802224,34.10179700297117,1.8226271874922109,3.432830187617261,2.744363206477352
site_fab524c655a9dd78,4,0.06964418989638486,-0.02262071349024773,0.06586817522533807,0.11416458513917528,0.049091127377280545,0.06586817522533818,0.4300031162679279,,0.01940125274529486,-0.09048285396099091,0.022209749559313062,0.05213421,0.009639755148689533
site_fadb31acf1acd232,565,0.0642534479122824,-0.04737218972339039,0.043409459907115776,0.037817834341110856,0.036539932315506084,0.043409459907116345,0.9662090109634969,0.31876359855991887,2.332605646268258,-26.765287193715572,0.24887516586097466,0.8080565557522124,0.7543691592962978
site_fb12f9388775927e,36,0.037688070518012255,-0.005855386776228747,0.037230432512548525,0.058105241896084285,0.04248359084665849,0.03723043251254853,0.731149023054346,0.7686732461375319,0.05113406373734393,-0.21079392394423488,0.06830945139523183,0.12154388888888888,0.06497479768414625
site_fb318c5726a2f05c,229,0.05211502588565971,-0.013305406569653724,0.05038791600254169,0.06367017176423491,0.06547714211241948,0.05038791600254192,1.028380170778801,0.6958847573964572,0.6219584863814227,-3.0469381044507027,0.6643524533347531,0.9283409868995633,0.9817816558790846
site_fb4c3069d7e94bed,118,0.022769025543126584,0.011469308495774107,0.019669354000889677,0.015938574997119745,0.01635749599332727,0.019669354000889906,1.026283466136918,0.25837076887284316,0.061174565853659,1.3533784025013447,0.007948619316594078,0.02997650440677966,0.03157298567026269
site_fb501c568fd614c3,94,0.08049142858542556,-0.051714710957889855,0.06168029463503371,0.06920450863485399,0.048620529541863994,0.06168029463503371,0.7025630338393425,0.4976226097648751,0.6090137871179302,-4.861182830041646,0.1573917746167392,0.45019081744680856,0.22221185393553933
site_fb66aa74c523bf6b,430,0.08989154875551403,0.07320022758945476,0.052174871523722806,0.0497236059932219,0.07506313773079408,0.05217487152372288,1.5096076849500086,0.7213428570481073,3.474610931195931,31.476097863465547,1.1577093003955345,1.0631479069767442,2.4228240977766298
site_fbbe7c46acc177a1,41,0.04226862374187889,0.024645375952488037,0.0343400931447929,0.023180152128636305,0.023332383820524744,0.03434009314479322,1.0065673292842792,-0.09015691331597622,0.07325209867433365,1.0104604140520095,-0.0019992093996303835,0.02203009756097561,0.022320405524679676
site_fbcf22b1e9843130,94,0.10686450945630273,-0.025406658022961714,0.10380040996759352,0.1116111889197399,0.057730071058415384,0.10380040996759356,0.5172426852287125,0.38918539150884834,1.0734821978456042,-2.388225854158401,0.23571879389121178,1.1709634042553196,0.31327954381451084
site_fc3e5e33830dc393,21,0.037559677520930895,-0.009396130441200166,0.03636539712705298,0.07398777247755521,0.056715850896279216,0.03636539712705298,0.7665570809485368,0.8779725182824738,0.02962531688500275,-0.19731873926520346,0.0773685791641474,0.11495800000000002,0.06755044260066849
site_fc969b6a7d772c7d,88,0.0987322399523425,0.07344722027873452,0.06598152043818016,0.06332166402843957,0.05486816481012791,0.06598152043818031,0.866499098720543,0.3837541692683236,0.8578288581286103,6.463355384528637,0.11732985464762896,0.3528477159090909,0.26492536484755963
site_fca46353b779e0c3,13,0.10061747368930994,0.09955558685156016,0.014579476611334222,0.011665454994842098,0.01837387682486379,0.014579476611340712,1.5750673105324935,0.6091291836133463,0.13161038815104673,1.294222629070282,0.0016972868350835944,0.001769076923076924,0.004388791544478465
site_fd9f51d6899fafaa,46,0.058590420744748836,0.03336325152153554,0.04816358428270731,0.06476356956877241,0.054511072780044946,0.04816358428270757,0.8416934573403902,0.6863443186870307,0.15791052054014795,1.534709569990635,0.11145906140315145,0.19293871739130433,0.1366870245590424
site_fdbd79ba7196fbc0,8,0.10085344383135099,0.08879793855547904,0.04781572169214676,0.055083219711178834,0.04145180406890733,0.047815721692148073,0.7525305217497102,,0.08137133706114774,0.7103835084438324,0.00986427965350449,0.024273288750000004,0.01374601648453666
site_fe445170e29174a0,133,0.030836908751084042,0.019663081764457815,0.023754539710272856,0.051508748070784524,0.06362832115407939,0.023754539710275142,1.2352915482752533,0.9363226682954656,0.12647168719591692,2.6151898746728897,0.4081395088866353,0.3528691,0.5384589126339268
site_fe8014b9bedb3a60,34,0.07447483666733785,0.03988907164335251,0.062891678782317,0.09546928345308234,0.06592751897824017,0.06289167878232066,0.6905626248953649,0.7551142790351715,0.18858104408530615,1.3562284358739853,0.16159279588741415,0.3098890588235294,0.1477788837932914
