physical_site_id,n,rmse,bias,ubrmse,observed_sd,predicted_sd,within_series_ubrmse,amplitude_ratio,r,sse,sum_e,anom_xy,anom_yy,anom_pp
site_0089d624f3191d41,19,0.03103182597112116,0.01993824265818847,0.023778997094182578,0.027497469034878458,0.018930450879012135,0.023778997094182696,0.6884433929173733,0.5273683215767989,0.01829651023893705,0.3788266105055809,0.005215804674515598,0.014366105263157892,0.006808877439171135
site_008c2bef2cb4aaa3,42,0.024807177565320047,-0.006634678010784444,0.023903495695201813,0.04564469529547525,0.045284294555261284,0.023903495695201907,0.9921042141286966,0.8618165016762398,0.02584663446780737,-0.27865647645294667,0.07481729714621214,0.08750440476190477,0.08612802800144201
site_00edf1317915280d,216,0.11021499016241053,0.10342374611590746,0.0380903241762598,0.0416768380074971,0.041277274638855464,0.0380903241762598,0.9904128195001319,0.5783561466197785,2.623826316204054,22.339529161036012,0.21490913866270608,0.37518310648148145,0.3680236947480841
site_01183702de237e95,654,0.05990659673427977,0.028031497126507834,0.05294370124132051,0.08191912268218,0.055598141740748355,0.05294370124132201,0.6786955221243196,0.7683370472614934,2.347075417313487,18.332599120736123,2.2886273916462376,4.38882570030581,2.021614300725921
site_01e54199a3b60966,138,0.04008675100525745,-0.0007184983737226838,0.040080311453935424,0.06063687222785308,0.0463784192198886,0.04008031145393585,0.7648550711127384,0.7505321831870289,0.2217587696497363,-0.09915277557373037,0.29127361069010654,0.5074025777536232,0.296832172168331
site_026dbe6171ec07f4,71,0.05582071164728718,-0.026547057460731188,0.04910402823584047,0.0623497612794217,0.03558374749629538,0.04910402823584047,0.5707118482270703,0.6180571207347089,0.22123258126548034,-1.8848410797119144,0.09735840311156402,0.276011983943662,0.08990041909748764
site_02b6ac3cafd20e22,104,0.08894295517777784,-0.07226962978461614,0.05184544229294145,0.050130688072770435,0.04444444987774964,0.05184544229294161,0.886571710590396,0.4040440289004964,0.8227283246786445,-7.516041497600079,0.09362314650179246,0.26136093221153844,0.20543214899332324
site_0312a18810484838,58,0.08897437470815402,-0.06153914907266355,0.06426019363586986,0.057037839204077095,0.05572439756924996,0.0642601936358703,0.9769724510403043,0.3506719797121687,0.4591534825730058,-3.569270646214486,0.06464538188278675,0.18869227586206894,0.1801020920984382
site_0322f6b7744e5e7d,83,0.023306075819227577,0.0030806461328483498,0.02310157547648538,0.048264746403469304,0.05338754066367216,0.023101575476485385,1.1061394628986307,0.9015343934036435,0.0450833731176015,0.255693629026413,0.19281034684144405,0.19334731686746987,0.23656904834356562
site_0430e77fe9702577,394,0.08253694012341292,-0.047312585795409784,0.06763036086173012,0.06308981520330414,0.04939256446111029,0.06055508757918647,0.7828928378050393,0.44173353024770573,2.6840645150647244,-18.641158803391455,0.5423472202176844,1.568247964260504,0.9612124170737044
site_0472cafe265e9bf9,112,0.09912549784608228,0.08938484085085137,0.04285107407407234,0.05345248029673131,0.06486374283804569,0.04285107407407258,1.2134842476526237,0.7539753842380867,1.1004968042021703,10.011102175295353,0.2927824611897314,0.3200027767857143,0.47121817511553393
site_047754da87a40137,94,0.05174864887941634,-0.04590427429333645,0.02388975224750661,0.02643204199540929,0.02690079820995377,0.023889752247506616,1.0177343927732065,0.5988284058794252,0.25172473011944113,-4.315001783573626,0.04002451971882676,0.06567336734042555,0.06802337676726927
site_04a0ab31c36d8277,117,0.09071902162769925,0.009660035305960567,0.09020324053477548,0.0971675470643278,0.04529016812064833,0.09020324053477552,0.4661038534878821,0.381312130460735,0.9629030835551748,1.1302241307973864,0.196332255283342,1.1046592676923077,0.23999032142240107
site_04a334aa2f23d43d,112,0.08250285062885525,-0.0240544772158776,0.07891832795845352,0.09028436569669096,0.04315149921780737,0.07891832795845352,0.47795095955787315,0.48579410578581245,0.7623526805313664,-2.6941014481782912,0.21197210082945278,0.9129418691964286,0.20854981109137616
site_05aa898de0a23cc1,66,0.04231336529908888,-0.02535380765795708,0.03387632388818857,0.04924598588518144,0.05722430787851325,0.033876323888188675,1.1620095902219019,0.8076781847002351,0.11816777827365316,-1.6733513054251672,0.15022204618742974,0.16006103030303032,0.21612501320354166
site_05ff70d4d3251126,56,0.08217070366660155,-0.0005318037377936505,0.0821689827480474,0.1301280165895516,0.06673703106403835,0.08216898274804843,0.5128567453274845,0.8426294239650818,0.3781133742996089,-0.029781009316444423,0.4097909281458706,0.9482648392857145,0.24941455365357545
site_0616304fbe5abc7f,91,0.06306697685670411,-0.025261961676262237,0.057786476463884795,0.11940051015747982,0.0992618811368912,0.05778647646388481,0.8313354859704757,0.8762347083979386,0.3619473648558087,-2.2988385125398634,0.9450407334818289,1.2973398461538461,0.896615815261923
site_062fed1c5ac99ce7,88,0.0911973650293933,0.015021388468417253,0.08995174971497391,0.09858150901895621,0.04799232755499037,0.08995174971497392,0.486828899583612,0.41535938449817644,0.7318924261707879,1.3218821852207183,0.17293144650384784,0.8552116249999999,0.20268718836480293
site_06fbc9bb474fb230,264,0.06729846787334393,0.05458022479306568,0.03937109142045624,0.042388523924692556,0.03678370485576011,0.03937109142045685,0.8677750827348938,0.5129995926417817,1.1956781174182693,14.409179345369338,0.21116634842053505,0.4743517575757576,0.3572028089297369
site_0749a2df9169c11c,244,0.12662248051641545,-0.07895093671611098,0.09899496029484858,0.12497917536826818,0.046703238115526714,0.09899496029484861,0.37368816027077517,0.6853758366982134,3.9121136275997226,-19.264028558731077,0.9761201166163701,3.811229803278689,0.5322109579160433
site_079486718438a070,226,0.0901526864339796,0.04515314319967169,0.07803012578775835,0.10253387561981735,0.06158311774992784,0.07803012578775873,0.600612406169745,0.650658266256215,1.8368165529055396,10.204610363125802,0.9285182327394068,2.375982216814159,0.857100568547134
site_088275f9ba9853b1,86,0.09952797622850515,0.04024189504010733,0.09102970908293004,0.08186361730849549,0.035897675078468624,0.09102970908293002,0.4385058498354837,-0.05038140283772211,0.8519003524842023,3.4608029734492303,-0.012732859896625887,0.576342058139535,0.11082330453938044
site_08cce474c4f1c65e,101,0.06502679639219903,-0.037311292796441825,0.053257409614913674,0.13094279995895935,0.09010138400698646,0.05325740961491372,0.6880972763315464,0.9504866165531181,0.4270769091522835,-3.7684405724406242,1.1326101913998772,1.7317477029702968,0.8199441993974179
site_08db8db92cc27df6,416,0.043121785352209896,0.005572080688121228,0.04276026530281507,0.06347767054392484,0.043934408872537356,0.0427602653028153,0.6921238365566036,0.7406638627721435,0.7735471627362186,2.3179855662584306,0.8592909835942018,1.676236497596154,0.8029766297193843
site_0902e4bb7164303d,146,0.05944219230891265,-0.020065689479814817,0.05595303684510254,0.06793365152536904,0.03025830327345354,0.05595303684510308,0.4454096400537799,0.583735590636104,0.5158726370675041,-2.9295906640529634,0.17518566238894448,0.6737872273972603,0.13367247788029024
site_097bbf563f897742,21,0.04479265992564701,-0.014723506515934353,0.04230367287943096,0.06067051643612284,0.02746094993774093,0.04230367287943114,0.45262429843750024,0.7939085914509851,0.04213403004750794,-0.3091936368346214,0.02777685326869999,0.07729914285714289,0.015836179201145384
site_0983900925777e9a,101,0.061561968895420115,0.03521595059763087,0.05049468128214987,0.06572609390238202,0.0294861715520978,0.050494681282150004,0.44862199776988687,0.6810180793028763,0.3827774774423481,3.556811010360718,0.13330186518126785,0.43631186138613853,0.0878128655927739
site_098c5f4a8213f315,52,0.07599480632031497,0.05857346722540947,0.04841858656400521,0.04125759330326376,0.036608717267797436,0.04841858656400525,0.8873207169091327,0.23107567717189326,0.30031095055843354,3.0458202957212928,0.018148719168189338,0.08851382826923078,0.06969030535966357
site_09d142dad852325f,523,0.049277207374025966,0.020023320072239715,0.04502565735075282,0.06482218046550325,0.052045516157133445,0.045025657350753444,0.8028967212053407,0.7237358765018499,1.2699711761227832,10.47219639778137,1.2769936747680317,2.197601586998088,1.4166687983286554
site_0a639c884418ac75,179,0.05357711751965867,0.050028563396890734,0.01917421096573731,0.02607977763824632,0.03465916185534208,0.019174210965737338,1.3289669235720012,0.8373473390452113,0.5138208463870416,8.955112848043441,0.13548169327348306,0.12174770949720672,0.21502509259214914
site_0ad0f907a285c78b,99,0.04903986870719348,0.002287284989248623,0.048986498652146306,0.04790816343017889,0.0692579444055826,0.048986498652146354,1.4456397291563634,0.7070747970392101,0.23808596355905864,0.22644121393561364,0.23226280784896683,0.22722402020202023,0.47486962346539024
site_0b0ed8efdae8e576,91,0.08593194517734144,-0.00014882660174107907,0.085931816299926,0.09835363969989684,0.037604816643610546,0.08593181629992645,0.3823429082884259,0.5006371430739228,0.6719712273785069,-0.013543220758438196,0.16849940491076354,0.8802828982417583,0.12868512336676075
site_0b38093eb399bd08,170,0.06448697183133102,0.01798805046404109,0.06192737340205858,0.07589725955043725,0.06089027786575947,0.061927373402058755,0.8022724170336488,0.6094488686024558,0.7069568211157298,3.0579685788869853,0.4788067313954147,0.9792669812352942,0.6302964095567976
site_0b499005763b91ab,135,0.04357941965148286,-0.018295432937101085,0.03955303971636172,0.04105325728377326,0.036054435090421694,0.03955303971636175,0.8782356742414347,0.4799673521720625,0.2563873853166068,-2.4698834465086463,0.09590732589327905,0.22752494103703705,0.1754895091080732
site_0b5d986a46425a8d,144,0.054494871034208366,0.0361092333673603,0.04081438759379486,0.04989857769070733,0.04487518763603786,0.040814387593794854,0.8993279911542452,0.6336696367266733,0.42763549954104024,5.199729604899883,0.20432421261134248,0.358541,0.28998467501322317
site_0b72a3f0c80e88c1,80,0.08801760522740815,-0.02841381285041571,0.08330518632875997,0.08590768787447081,0.031089832226494734,0.08330518632876006,0.3618981373578988,0.2633902096706528,0.6197679063974293,-2.2731050280332568,0.056278177381586275,0.5904104668749999,0.07732621342972723
site_0bcb08d77ff25c9a,123,0.0787138510038867,0.014934308394183958,0.07728413014745966,0.101546749476787,0.044626531939348076,0.07728413014745998,0.43946785268148286,0.6984643603367057,0.7620920518030353,1.8369199324846268,0.3893216239395059,1.2683443065040652,0.24495786441083944
site_0bf83088dda14a95,57,0.06716881639821219,-0.05680773675494027,0.03584035352948053,0.03429183320502716,0.048241927416256436,0.03584035352948056,1.4068051459314863,0.6705787666627642,0.2571640440911941,-3.238040995031595,0.06323244966194035,0.067028,0.13265516296761518
site_0c4d512642175d8c,82,0.057410315933443964,0.02618316846649821,0.05109193737403998,0.0907497162824984,0.04808150678892229,0.05109193737404031,0.5298254226960607,0.9094956888692306,0.2702674387973837,2.1470198142528534,0.32541520566838544,0.6753119024390243,0.18957016619764078
site_0cc518f8eb987b6e,366,0.07463396671550188,-0.03333404634884798,0.06677627079811732,0.060518452887148,0.047432567947051175,0.06368584758817931,0.7837703325876693,0.3233609039988002,2.038703809494775,-12.20026096367836,0.3397293359751819,1.3404688291865465,0.8234445517508955
site_0cc8f0bf6d22e691,356,0.12008965430698146,0.10445583259155242,0.059249507248380434,0.0649383079578163,0.0679993955656153,0.0592495072483805,1.0471383949484403,0.6035643535598967,5.13406292547903,37.18627640259266,0.9488107600796423,1.501246247191011,1.6461147358348913
site_0ce5386aeb45589f,400,0.04713096160981708,0.03921963930130005,0.026137089266824877,0.0460423107043945,0.0372647502197847,0.026137089266824877,0.809358819087852,0.8233716953106758,0.8885310169064206,15.68785572052002,0.5650817097201943,0.8479577500000001,0.5554646435771775
site_0d5442a09f1a2d6e,357,0.13663777891151663,0.06497739983673523,0.12019908542218423,0.12121564115778115,0.06918288692688879,0.1201990854221845,0.5707422430479613,0.30000325367250485,6.665148097436482,23.196931741714476,0.8981554812774354,5.2454837030812325,1.7086990481433086
site_0d5e4db658745469,47,0.04265124171075563,0.01780694174791904,0.03875617686325006,0.057639846275628945,0.029586702273338688,0.03875617686325008,0.513302935123344,0.7903501554000543,0.08549903571505714,0.8369262621521949,0.06334856424829428,0.15615053829787237,0.04114252871632568
site_0d7b03db25fcc113,73,0.09446708581928893,0.08432692397620582,0.04257934001250027,0.04879072462602647,0.07324329640886054,0.042579340012501174,1.501172548066448,0.829992985053026,0.6514542121327898,6.155865450263025,0.21652220051010995,0.17377904109589043,0.39161437422504286
site_0da833e2b1888903,55,0.10589737012795558,-0.08529607826319609,0.06276011498504401,0.0796117640295756,0.02754117505866786,0.06276011498504515,0.3459435347825778,0.7200846162793599,0.6167839150009471,-4.691284304475785,0.08683722472086547,0.34859181345454543,0.04171839779867037
site_0dbafc8a640ef8c3,279,0.10908468062984081,-0.04499724043889713,0.0993716051042673,0.1067653435399822,0.05706931781211703,0.09937160510426747,0.5345303627552637,0.3923362749407971,3.3199514459239077,-12.554230082452298,0.666953645347454,3.1802759641577065,0.9086770629157765
site_0dc29dbfcf3d5b45,16,0.0648342689501371,-0.045065868824720384,0.04661062000630121,0.09213167801440501,0.04967574803407406,0.04661062000630136,0.5391820609878303,0.9595731535297826,0.06725571888477938,-0.7210539011955261,0.07026700911298395,0.1358119375,0.03948287908391701
site_0e03bfb1bac21c69,145,0.10170970134988619,0.09607107766208976,0.0333947808126922,0.05988983783069082,0.042474649677538424,0.03339478081269225,0.709212968611047,0.8404114621693531,1.5000051855590408,13.930306261003016,0.3099865937439018,0.5200849379310346,0.26159390045829417
site_0e7b99291027b045,131,0.06927016733685137,0.002887148873496602,0.06920997366173215,0.09203751423507633,0.052717702409742745,0.0692099736617342,0.5727849437034399,0.6657080946438894,0.6285846468566763,0.3782165024280548,0.42313260163878663,1.109688427480916,0.3640694553044477
site_0e88bbb351409588,121,0.05624029300819563,-0.022690976898532268,0.05145959701589172,0.048021335160093395,0.036857937150099454,0.05145959701589231,0.7675325358452147,0.287142594649011,0.38271943747537146,-2.745608204722404,0.06149619520708056,0.2790318842975207,0.16437941124624245
site_0e94595e2d8280b9,63,0.110453141187055,0.08530800990660987,0.07016010150977019,0.07008050055705249,0.04397594522502592,0.07016010150977056,0.6275061518606753,0.31194194578428236,0.7685934730795129,5.374404624116422,0.06056569489635646,0.30941042317460316,0.12183467678137222
site_0ea793c6917b8d1e,142,0.1511812645155822,-0.12345763448426421,0.0872581642488555,0.054577722511885814,0.04796612750008883,0.0872581642488557,0.8788590892491505,-0.44587763106034023,3.2455200131553212,-17.53098409676552,-0.16575021327601772,0.4229793468309859,0.3267064130043784
site_0ed7401c57e72edd,149,0.0544668173054118,-0.04174114790290795,0.034990152316454276,0.05783183408977834,0.06914775024997324,0.034990152316454595,1.1956693288099427,0.8629311184841153,0.4420284939197848,-6.219431037533284,0.5141708121570264,0.4983336340939597,0.7124302933302684
site_0ed89141fd172a0b,19,0.07033887982060633,0.060759471292244745,0.03543789867789264,0.03126168080862911,0.05769201499886477,0.03543789867789389,1.8454546750710903,0.8455040626434916,0.0940036022739363,1.1544299545526502,0.028973257879599146,0.01856856105263158,0.06323900329795551
site_0f170214c09c03f1,20,0.11086131699276378,-0.04390288772046567,0.10179768197348227,0.130831361970286,0.036100671759669155,0.10179768197348232,0.2759328590332051,0.8529711025164115,0.2458046321074011,-0.8780577544093133,0.0805733572132513,0.3423369055,0.026065170029987483
site_0f333b36a4874c91,102,0.08664628822856749,-0.04612100494667595,0.07335142920554913,0.13807256587995165,0.07632954929648722,0.07335142920554993,0.5528219803118064,0.9255987484047998,0.7657730849063752,-4.704342504560947,0.9949998702770647,1.944531411764706,0.594272409772097
site_0f556398a37eba54,17,0.24016125349513587,-0.2343413209256004,0.05255067066365246,0.050312791854770424,0.06466375236692588,0.05255067066365246,1.2852348276275345,0.6072398121456991,0.9805162705660334,-3.9838024557352067,0.03358524171113968,0.04303340941176471,0.07108381479290893
site_0f5c2c2840148780,191,0.07450136723025885,0.0038519841582363183,0.07440171998833485,0.06924151015778757,0.055024879151899006,0.07157918572157228,0.7946805178932161,0.35413912972648137,1.0601366603629767,0.7357289742231368,0.2577109735876558,0.9157278652258206,0.5782978292050882
site_0fabc5d0b4df5f64,317,0.04942331237891947,0.02918863800756563,0.03988342033687118,0.04014546811777349,0.03564029338912249,0.03988342033687118,0.8877787471444023,0.45121794759254186,0.7743244266618486,9.252798248398305,0.20465550202021981,0.5108957794952681,0.40266307257748485
site_0ff1990da553fc4d,975,0.07868869099728766,0.057184274294315246,0.054054314021168906,0.056202421944953874,0.04909360203918592,0.054054314021169066,0.8735139935298425,0.4796761657071958,6.037112338594955,55.75466743695736,1.290424750563701,3.079744426666667,2.349927217152411
site_1053b206858b1513,880,0.051149998093352744,-0.012431538951464677,0.04961631933394703,0.06806196826388455,0.043010013911668046,0.04961631933394703,0.6319243332034269,0.6867164658895707,2.3023636283559905,-10.939754277288916,1.7690260176105892,4.076539741079545,1.6278779410800537
site_1055453212517d95,143,0.09566789638701528,-0.06730008597223909,0.06799297630818876,0.09560491294354456,0.046754078645431484,0.06799297630818885,0.48903426828117225,0.7498119645942674,1.3087855350736868,-9.62391229403019,0.4792786871501199,1.307062811188811,0.31258997340759653
site_108f541d7e13b076,361,0.055593207324605674,0.00341884819077653,0.05548798228161675,0.08593626697125445,0.0475580216819234,0.05548798228161676,0.5534103744328512,0.8035181505400936,1.1157082969298089,1.2342041968703272,1.1855043669370238,2.6660001551246535,0.8164973188936848
site_10a7b62e4edfa545,50,0.1464868625108023,-0.1232923860771656,0.07910365619652383,0.0911019013852071,0.02679486234907868,0.07910365619652386,0.2941196829227712,0.5653546765080836,1.072920044412935,-6.16461930385828,0.06900331651620567,0.4149778218,0.03589823241530371
site_10d7d76e5b99709b,40,0.05994723930797912,0.03562518686950207,0.048213250887709024,0.0606743561976557,0.038003320955875323,0.048213250887709024,0.6263489773517147,0.6073986260006424,0.14374686002592468,1.4250074747800827,0.05602224685028196,0.14725510000000003,0.057770096147010896
site_10dfc2a732e16d10,6,0.02038139804921182,-0.008131086516380311,0.01868921663696886,0.06679038520292839,0.0771635768496253,0.01868921663696952,1.1553096544537087,,0.0024924083186424924,-0.04878651909828187,0.030197658987840017,0.026765733333333333,0.03572530555336817
site_10ec1b51ff0dc0c8,84,0.08725118872232386,-0.07621521037958916,0.042473658192502525,0.044927618785166164,0.028121181195209646,0.042473658192502525,0.6259219151960591,0.397841550929962,0.6394726744105202,-6.40207767188549,0.04222176509315061,0.1695532380952381,0.06642726987236025
site_11d0ddb199b9f010,2,0.04263674501362136,-0.04257151055335999,0.0023576502203941363,0.0020000000000000018,0.0003576502203941345,0.0023576502203941363,0.1788251101970671,,0.003635784050713131,-0.08514302110671998,-1.4306008815765394e-06,8.000000000000015e-06,2.55827360295946e-07
site_125ba37c83dbcda5,409,0.040842218411786764,-0.012766223510728196,0.03879575159821272,0.03803221699319482,0.05094491026025204,0.03512308900119385,1.339519867310594,0.7246793889213801,0.6822475031616024,-5.221385415887832,0.574277315105717,0.5915978575317398,1.0615120075028797
site_12aaba88bfb65c8b,227,0.07858080038762419,-0.054446675672142515,0.056661289235351533,0.07802533013998211,0.04997314207411825,0.05666128923535168,0.640473317888735,0.689219003292742,1.401711877030038,-12.359395377576352,0.6100358699945166,1.3819651365638765,0.5668904888285218
site_12f6f97179080a87,406,0.057777320747861786,0.016976415076866525,0.05522698727922101,0.06934672900402701,0.05405296854213523,0.055226987279221096,0.7794595263317516,0.624356579036051,1.355316829877328,6.8924245212078095,0.9501764378906616,1.9524413423645322,1.1862197037361268
site_12f79a44d2a41795,112,0.20540895438893733,-0.17158112883865834,0.11292809557239628,0.08819210550072622,0.03713873831151462,0.0721859897163301,0.421111822885426,0.6024278387540114,4.725597916833532,-19.217086429929733,0.22099370970299115,0.871118916936937,0.15448001893757035
site_13345716e1eac548,38,0.054631457648834675,-0.04480452501303272,0.031259409834367355,0.04952444204744566,0.023832702984501616,0.031259409834367376,0.48123112546466024,0.8656761445847286,0.11341465426378383,-1.7025719504952432,0.03882683038084131,0.09320147368421054,0.02158391379880395
site_13471aa5ce158e45,113,0.03584116064515645,-0.011401340433876072,0.03397937952203916,0.07406047423873999,0.07381654893282519,0.03397937952203927,0.9967064036731862,0.8944062323868593,0.145158533992286,-1.288351469027996,0.5525269757085801,0.6197997844247788,0.6157237672877958
site_136f0d570907389a,58,0.04121755129482836,-0.01671929754445265,0.037674283329107494,0.04404887635035534,0.027623714300207325,0.03767428332910752,0.627115072822612,0.5276250223990896,0.09853541901502481,-0.9697192575782538,0.03723662277808862,0.11253760344827587,0.04425803632088976
site_139d8263042fc17e,25,0.05246239699170165,-0.03946164919257164,0.0345699485263909,0.03391627338019317,0.022884262473573617,0.03456994852639091,0.6747280934154116,0.30852438656462255,0.06880757745287266,-0.986541229814291,0.005986521598026154,0.028757839999999996,0.01309223672398524
site_13a4a69bc620b9a3,67,0.06974408291879414,-0.04963565078066356,0.048995298486320546,0.06772633727709822,0.03622570767168158,0.048995298486320546,0.5348836084766594,0.7130044412038806,0.32590388584630336,-3.3255886023044585,0.11720374934797857,0.30731940298507465,0.0879242270530467
site_14144d0d858434fd,21,0.0266890757704414,-0.01979023382209596,0.017906797892061312,0.04125019068189282,0.0299513584600193,0.017906797892061312,0.7260901820065222,0.9218980499037175,0.014958442075087609,-0.4155949102640152,0.02391909128853253,0.03573314285714286,0.018838761345611965
site_14672231a55d516b,109,0.11254910943887601,-0.05665498845369444,0.0972497522814112,0.11655873747981593,0.046448723188913146,0.0972497522814112,0.3985005688394361,0.5805230502023138,1.3807359218677657,-6.175393741452694,0.342582032323533,1.4808673818348626,0.23516574356095027
site_14af94b228986e6c,11,0.047170011839566886,0.04605608142939481,0.010190553484175208,0.09379196955880077,0.08894908534957512,0.010190553484175208,0.9483656838425862,0.9951817902239463,0.024475110186393683,0.5066168957233429,0.09132764276862146,0.0967662690909091,0.08703133762978599
site_14d94a059a5aad1d,372,0.12566616612786294,0.12168744874561346,0.031371167129377646,0.04719982917498008,0.04117762743068159,0.03137116712937921,0.8724105182251217,0.756149814828092,5.874618535050541,45.267730933368206,0.5467043591108653,0.8287504811827957,0.6307620843050477
site_153d5fe2ea0a30b2,107,0.09334649985571461,0.005376456512914639,0.09319153797785325,0.09541664076087732,0.04560850460325182,0.09319153797785326,0.4779931911200986,0.2872147570310892,0.9323518867784834,0.5752808468818663,0.13373974274232564,0.9741638807476636,0.2225745190594981
site_1540ed4ad947cd80,639,0.08826058334073382,0.08294137214494984,0.03017713303744347,0.04208249465567663,0.048708991429345296,0.03017713303744351,1.1574644475781999,0.7885767771036335,4.977765635282191,52.99953680062295,1.032893288705772,1.1316283317683882,1.5160695756349174
site_15a7df29fffec944,41,0.05252171742616052,0.03202873060906806,0.04162560770685757,0.05262709326825448,0.03288246500639019,0.04162560770685759,0.6248200872273031,0.612009755858279,0.1130997628571316,1.3131779549717904,0.043422612792835,0.1135540487804878,0.04433151670075547
site_15fd0f8efa3618ec,756,0.07315250753404523,0.06581873622505123,0.031924650667715604,0.03447419682666433,0.03697138832902539,0.031924650667716374,1.0724365389835444,0.6026282738349357,4.045574755040019,49.75896458613873,0.5806724420309894,0.8984835066137566,1.0333639675615496
site_162f5acccb1ccdb2,7,0.040712013333013566,0.025211441494737346,0.031966408108902535,0.08241799387443081,0.05405951716106746,0.03196640810890271,0.6559188669822594,,0.011602276207392322,0.17648009046316143,0.030426570519059896,0.047549080000000014,0.020457019769814233
site_164f38fa74238777,27,0.07520708124809851,-0.03768004094892078,0.06508701547886295,0.07479114036863327,0.028292903414720568,0.06508701547886304,0.37829217839532175,0.5098827528612724,0.15271483688616844,-1.0173611056208611,0.029131426943948987,0.15103029629629633,0.021613186358137082
site_165766e1d399cf97,157,0.06398748313516041,-0.05742688005160374,0.028223243001312806,0.058285950012353316,0.06559925381256643,0.028223243001312813,1.1254728420599323,0.9028293250643091,0.6428204856816726,-9.016020168101788,0.5419610659916073,0.5333685591082803,0.6756121498201852
site_165c41e6efa0bc8e,45,0.11038963876626762,-0.08836780746830834,0.06615892192434096,0.07344546827324706,0.0390581089493518,0.06615892192434171,0.5317973983641812,0.44320109143662634,0.5483642556126175,-3.9765513360738756,0.05721231902365883,0.2427406564444444,0.06864911436147458
site_16e59e7364e5ed25,142,0.04991480530040227,0.00417511985503452,0.04973988502573325,0.06632083633875623,0.0564555432354113,0.04973988502573358,0.8512489641572885,0.6826096917630606,0.35379126592114346,0.5928670194149019,0.3629254127936044,0.6245803732394366,0.45258642740476596
site_17476f5e1149b6dd,119,0.0392957646155523,-0.03196987657717296,0.022849159904933483,0.03744841300707971,0.028085888314026496,0.022849159904933594,0.7499887460842943,0.7934784048512892,0.1837546968897862,-3.8044153126835827,0.09931244072114596,0.16688365277310924,0.09386923756416843
site_179c7b165166f05c,71,0.1187249585538791,-0.009068142899157297,0.1183781422728908,0.15497239334112836,0.04570618681855619,0.11837814227289144,0.2949311540794676,0.8535773724227611,1.000788720637042,-0.6438381458401681,0.4292700343403179,1.705167431549296,0.1483229414579859
site_181ff8c89ef12a6c,94,0.048654107120272905,-0.00655623947939974,0.04821035017047429,0.04288316742016048,0.041297577715785225,0.048210350170474536,0.9630253593714294,0.34450540169378974,0.2225188811290731,-0.6162865110635756,0.05735025115200178,0.1728628085106383,0.16031605296798412
site_182cb9b0a7d4c94d,1,0.05061553797721863,0.05061553797721863,0.0,0.0,0.0,0.0,,,0.002561932684723261,0.05061553797721863,0.0,0.0,0.0
site_183b638a356ad6ca,93,0.1327135393052858,0.11936319872768975,0.05801129462811253,0.06885529523773322,0.042848846857916595,0.05801129462811254,0.6223028557204574,0.54429869030193,1.6379981668890142,11.100777481675147,0.14934707505279973,0.44091780645161294,0.1707502019659466
site_18793582c71deee9,486,0.05704379373613908,0.0054970007732081305,0.056778317924279245,0.07015747129618724,0.0614870375430028,0.05677831792427927,0.8764146769688996,0.6350527191790458,1.5814412802522337,2.6715423757791514,1.331384650297604,2.392126398436214,1.837398711905913
site_18be3f84accd05c4,1182,0.03326968571867463,0.0006742931451591742,0.033262851900788266,0.05485124564095864,0.041944431696863856,0.033262851900788766,0.7646942417939004,0.7957513576053594,1.30832268960251,0.7970144975781439,2.163992114658838,3.5562351133671743,2.0795343841407408
site_18bedc0a241bdc83,127,0.02901018082194834,0.020983545209197544,0.02003200992850448,0.02294682958567427,0.0217060500559844,0.020032009928504842,0.9459280627392425,0.5987212397850398,0.10688200509791168,2.664910241568088,0.03787318913098866,0.06687273748031496,0.059836381347178336
site_1929ba01621eda50,217,0.09070016356762349,-0.054299193301508494,0.07265065228887535,0.08892729570559497,0.05510678321316108,0.07265065228887652,0.6196835603277427,0.5781764544693683,1.7851547686490234,-11.782924946427343,0.6148374056580568,1.7160498709677419,0.658976389674206
site_194102884b72b2f0,88,0.10304195845654704,0.091868079864166,0.04666798800711235,0.04704843534693839,0.055384955930334656,0.04666798800711309,1.1771901769298425,0.5954364613523497,0.9343527778253473,8.084391028046607,0.1365384903241965,0.19479286363636364,0.26993941421964984
site_19bcb346c9572bcb,74,0.0969889512423136,-0.003471609706492039,0.09692680015934538,0.08038934647717337,0.051188648586969206,0.09692680015934665,0.6367591083913621,-0.037919580674796304,0.6961073930682076,-0.2568991182804109,-0.011546953263878827,0.47822108,0.19390055306785658
site_19cb1bd872c4d23c,70,0.1994715121308918,-0.19153416459798814,0.05570949599067736,0.053252233851774536,0.02796255403931048,0.05570949599067819,0.5250963577817812,0.17264380602221713,2.7852218906249155,-13.40739152185917,0.017995491327451804,0.19850602871428571,0.054733309988095113
site_19feb3f9e9d0726a,57,0.02992572387868468,-0.003253442295810633,0.029748345548805042,0.03404281843835552,0.019430148006822304,0.02974834554880555,0.5707561505815468,0.49245837226649797,0.051046290130806866,-0.18544621086120608,0.018567182163227544,0.06605806877192981,0.021519247139320186
site_1a0cd59d1873112a,14,0.09556465002086131,-0.022595923313072752,0.0928548683873896,0.13098356338698003,0.10199129911879562,0.09285486838738989,0.7786572336367946,0.7087593330404988,0.12785643267053592,-0.31634292638301853,0.13255824673175812,0.24019371428571426,0.14563115134315496
site_1a52df5386240d07,520,0.0452552164929955,0.028198787471250847,0.035395804906501536,0.06093857365918064,0.04265062868033002,0.03539580490650172,0.6998954212297112,0.8233186079168022,1.0649780023105038,14.66336948505044,1.112727949180547,1.9310250750000002,0.9459195859502425
site_1a9dbac658ebe085,81,0.09286445304146283,-0.030465840195432116,0.08772479250403759,0.09384853557693087,0.025677378005726652,0.08772479250403786,0.27360446114450043,0.36750926922927074,0.6985283377338944,-2.4677330558300015,0.07173506412793088,0.7134113580246914,0.053405547041166956
site_1ae2faafa57e844c,288,0.04917321795495669,0.021481182401378952,0.04423306643998765,0.05689688689912418,0.03316513967314053,0.04423306643998806,0.5828990210297612,0.6307966717724566,0.6963855448451544,6.186580531597138,0.34280900087994004,0.9323296527777778,0.316778828987209
site_1b2f4be319c8a70d,152,0.0576194425626636,-0.03974992065014024,0.041712635610083953,0.060973029719586645,0.0564753087613556,0.041712635610084,0.9262342550646416,0.7502934341876295,0.5046400245072776,-6.0419879388213165,0.39270924313356614,0.5650919736842106,0.4847979959529481
site_1ba2419bf83859ca,145,0.08598267630248091,0.051225184814190035,0.06905795439259178,0.07518436354245599,0.05355472044502529,0.06905795439259192,0.7123119478797393,0.4658905298556814,1.0719879904998957,7.427651798057555,0.2720051765296274,0.8196398355862069,0.41587567188199737
site_1c7e765219227837,159,0.07549318053147355,-0.02743981107150984,0.07032977374567263,0.10815436669192725,0.05385629707311236,0.07032977374567397,0.49795767587007883,0.82849206230308,0.9061760287744677,-4.362929960370065,0.7673014601603994,1.8598813584905662,0.4611796167739456
site_1ce5634596e14607,319,0.0315070514858542,0.005029681446036575,0.031102999821297987,0.049508104260382296,0.04782649448748633,0.031102999821299215,0.9660336464500493,0.7963153215916849,0.3166694795729933,1.6044683812856675,0.6014791836432856,0.781885711598746,0.7296721704127378
site_1cedce47f64df34a,254,0.1045667829557312,0.08455089027909783,0.06152527164282135,0.07596983462422138,0.054657243677835185,0.06152527164282136,0.7194598217594234,0.5988812100097656,2.777289872818593,21.475926130890848,0.6316308180879889,1.4659396062992127,0.7588032287603965
site_1d1f4a4194ae00c3,182,0.05049330181091026,0.019827423819473815,0.046437557994048695,0.08642897312384384,0.06015464127201292,0.046437557994048716,0.6960008790781014,0.8590039443541192,0.4640223820537166,3.608591135144234,0.8128212337113999,1.3595340659340662,0.6585817177147499
site_1d6a4da433bfddd7,6,0.1017766215658139,0.06000876174370448,0.08220358393244301,0.08422522715249207,0.05726990473322637,0.08220358393244334,0.67996141618636,,0.06215088418410536,0.3600525704622269,0.010848904997110366,0.04256333333333333,0.019679051928916946
site_1d92331b9f8c002c,75,0.09807198242887535,-0.04017805886777242,0.0894641678167715,0.10982142218873127,0.04201615668427302,0.08946416781677151,0.3825861644012135,0.6308971646996249,0.7213585303147229,-3.0133544150829312,0.21833493265970547,0.9045558578666667,0.13240180668880352
site_1dab76a1b26190f6,1016,0.030038594065776806,-0.007382589519522556,0.029117254428169512,0.03612319055400619,0.02975209021662974,0.029117254428169724,0.8236285267257527,0.6244564884259544,0.9167542075836979,-7.500710951834917,0.6818666894133716,1.3257630541338583,0.8993498622146107
site_1e0ab3dca10c0e53,65,0.062331870541058446,-0.014203142974926879,0.06069211493086277,0.06311185899307777,0.055864824935084365,0.06069211493086772,0.8851715957410117,0.48506972031883533,0.25254203553457255,-0.9232042933702471,0.11116470936376317,0.2589019384615385,0.20285711322679556
site_1e115354ece8fb9b,39,0.07710102208824127,0.044944274199314606,0.06264646696940133,0.04699525064481482,0.03488201665529836,0.06264646696940135,0.7422455711308571,-0.15228282487005212,0.23183813667500724,1.7528266937732695,-0.00973578751545686,0.08613358974358976,0.04745344835167997
site_1e3671cb73e4a59d,71,0.17759229743658334,-0.16764206317344185,0.058610261590916216,0.052473938478076076,0.02933553136051232,0.058610261590916854,0.5590495436657357,0.058116982809990524,2.2392707117250756,-11.902586485314371,0.00635183238263281,0.19549950957746481,0.06110071141445572
site_1e4554eec29098a5,97,0.050829201886200485,0.04391271009027343,0.025598469815903545,0.03270554823780097,0.031182864243213686,0.025598469815903944,0.9534426396550244,0.6798738145576002,0.2506099531456483,4.259532878756523,0.06725699917495866,0.10375632989690721,0.09431998917383738
site_1ead9d05e7924900,21,0.10033042696692361,-0.095509276728403,0.030727392245072285,0.042266424171496904,0.019159990253044504,0.030727392245073103,0.4533146730204202,0.7466948334715757,0.21139008608266902,-2.005694811296463,0.012698523647870335,0.03751546285714285,0.007709209756431967
site_1ebbce006aed7c73,31,0.07412490667820515,-0.05041014756618008,0.05434444601252801,0.054305153131242526,0.027676335149051823,0.05434444601252806,0.5096447308078621,0.25340212329469775,0.1703295554916313,-1.5627145745515825,0.011806510757967348,0.0914205393548387,0.023745365345761882
site_1f03845600024bcb,415,0.09709359004538413,0.08853282035244517,0.039863579221424514,0.022812113734234734,0.04713790194444014,0.03986357922142467,2.0663539772598565,0.5362471419911435,3.9122735695789634,36.741120446264745,0.2393033972639366,0.21596290120481929,0.9221224468853162
site_1f2f25947066509c,400,0.12241110991609921,-0.09159691561311484,0.08120643374176238,0.09433676294928717,0.04240100883222115,0.08120643374176242,0.44946431811546006,0.5128515330037778,5.99379193235653,-36.63876624524593,0.8205571025369689,3.5597699375,0.7191382199960384
site_1f80e745021951bc,179,0.1446614860628595,-0.12324282406961452,0.07575058986741245,0.08837868265780333,0.04230039741826468,0.07575058986741394,0.47862670212056857,0.5165188504278132,3.745923253434765,-22.060465508461,0.34564571578055614,1.3981316871508382,0.32028892829202094
site_1f87127a283de97d,2,0.025204827038673685,-0.00032946373224258807,0.02520267366170885,0.07280000000000002,0.04759732633829175,0.02520267366170995,0.6538094277237877,,0.0012705666120989122,-0.0006589274644851761,0.006930170714855196,0.010599680000000004,0.004531010949107683
site_1fa5a52b4f99f39b,10,0.08725481496875095,-0.05408855484962464,0.06846773670503585,0.15297964864647848,0.08877489751837501,0.06846773670503611,0.5803052778838931,0.979177114941409,0.07613402735230966,-0.5408855484962464,0.1329796217994392,0.234027729,0.07880982429397987
site_1fe95dec232c15f6,833,0.044897718407868756,0.02239890178032711,0.038911364885692926,0.021987651489445755,0.05112916914232688,0.038911364885692926,2.325358357024591,0.7042963245516756,1.679165663487487,18.658285183012485,0.6595504234013687,0.4027195294117647,2.177621883674831
site_203c950b486649d5,44,0.06377917122325438,0.04914807031533934,0.04064787652760792,0.03830572879441239,0.05253609688157175,0.04064787652760799,1.371494513615288,0.6398026306481894,0.1789824380047088,2.162515093874931,0.05665265029198066,0.06456246977272727,0.12144182492419531
site_20551d8a0ce0f349,48,0.09001578014544116,0.008058411828676861,0.08965435111578154,0.06525920270219664,0.05401334387488655,0.08965435111578168,0.8276739775901132,-0.12223122676253037,0.3889363524092352,0.38680376777648934,-0.020680747682849564,0.2044206497916667,0.14003718319424374
site_20c84fb12b0c9692,116,0.06416524136398487,0.020427113677715433,0.06082689558161033,0.07747374126510456,0.049872675956734655,0.06082689558161065,0.6437365117824524,0.6197946208795502,0.4775926711186185,2.36954518661499,0.2777940836628963,0.6962529479310344,0.28852492162191323
site_20e55f2eceb79ec1,659,0.09417980710929968,-0.08477503186111565,0.04102474911674317,0.044946196275520954,0.027161390077677358,0.041024749116743225,0.6043089811466485,0.44023206125215664,5.845221968248486,-55.86674599647522,0.35417020224898554,1.3312858088012138,0.4861713921172033
site_2266e199c1b4f8b1,182,0.08395041305479499,-0.07815820493914269,0.0306425660276953,0.06535172949187187,0.07422432927439213,0.030642566027695675,1.1357668703109653,0.9113276534478383,1.2826762770768663,-14.22479329892397,0.8045430803455944,0.7772944356593408,1.0026836922344757
site_228e3c936ac52751,419,0.06564071932266964,-0.03129680255859166,0.0576993430015111,0.08282325804289989,0.0354083234714776,0.057699343001511104,0.42751666993270404,0.8156881088340159,1.805346989909751,-13.113360272049905,1.0022956111995163,2.8742109785202867,0.5253209864744717
site_237e685bbdd8644d,293,0.08236380268283704,-0.046626057209252496,0.06789555789222758,0.09238469387604381,0.05225563750924955,0.06789555789222892,0.5656308996310905,0.6893433048841051,1.9876522257665532,-13.661434762310982,0.9750712620217111,2.5007349771331056,0.8000809338889401
site_23d2f2404f4bbe4e,117,0.07475654743250086,-0.055926971187448896,0.049605597242912136,0.07626167795162501,0.05667207148869047,0.049605597242912296,0.7431264694259573,0.7597168947368672,0.6538593419312468,-6.543455628931521,0.38416083807994916,0.6804536923076921,0.37577167135785144
site_23e0c01fc0e0a37a,340,0.07529637003342438,-0.0618086296054195,0.04300275161557023,0.07566476276596505,0.07299788989686141,0.04032339997813109,0.9647540972625208,0.8534531495451698,1.927644735671525,-21.01493406584263,1.602738183564714,1.9465531503061224,1.8117552559940626
site_24a155d00f2ce6ce,294,0.056108678906801296,0.016244904764047285,0.05370555760695128,0.07451103477539117,0.0617566131304461,0.05370555760695189,0.828825063517203,0.704272239793357,0.9255660515079595,4.7760020006299015,0.952778537663118,1.6322569251700683,1.1212805040110148
site_24bc1a63008e8e56,630,0.05406268428923478,0.04481843350042426,0.030233786582654864,0.034156578567099354,0.039059519402115536,0.030233786582655065,1.1435430901073578,0.666435558860397,1.8413475145112081,28.235613105267284,0.5601443602258782,0.7350032714285714,0.9611570152322713
site_24bea14e8249e50f,135,0.062250165867866206,-0.044870344539924896,0.0431478311325759,0.06072831051673292,0.03355863286161741,0.0431478311325759,0.552602774160344,0.7243458025538784,0.5231362253278754,-6.057496512889861,0.19928525892607868,0.49787023925925916,0.15203454833801175
site_257ba699ad2936b5,31,0.048391386283553224,0.032786964055799665,0.03559130869254127,0.020917484185269484,0.039845075444782316,0.03559130869254136,1.9048693949935922,0.4549894884474811,0.07259351425976596,1.0163958857297897,0.011755663874601165,0.013563775483870968,0.04921653115321223
site_25bb1d03fe665fce,56,0.09638650680140858,-0.07348916755084481,0.06236746704862912,0.07371731159002765,0.022235810636373237,0.062367467048629124,0.30163621212932645,0.6219548902172802,0.5202600868291669,-4.1153933828473095,0.05709122598636896,0.3043175535714286,0.027688151380772352
site_25c3911a44e2e266,323,0.050401708003174964,0.017515430423866486,0.04726036253250712,0.06399540981400864,0.0477896486695373,0.04722669858353798,0.7467668198145692,0.6782979619239464,0.8205272907928514,5.657484026908875,0.6700476630064401,1.3228182301559208,0.737683717946372
site_25db0a3f364cf3fa,37,0.024042087777638128,-0.002350326867522419,0.023926929354253945,0.02349014060461417,0.026776785315697712,0.023926929354254,1.1399159232975364,0.5534940847863389,0.021386813434183295,-0.08696209409832951,0.012881272299164857,0.020416108108108108,0.026528860578189692
site_26066c2f9061bb32,267,0.1905958476767053,0.1841513469181257,0.049143245515960186,0.05816210348991648,0.06224766350639037,0.049143245515960346,1.0702443648239475,0.6687755063730082,9.699249499477691,49.16840962713957,0.6464795324903694,0.9032156853932586,1.0345640204052824
site_26149aa81404cf67,120,0.057169319782903794,-0.052304514857232566,0.023077453282142116,0.050555396122306605,0.06191734425365162,0.023077453282144073,1.224742539923088,0.9355523953990229,0.3921997349327898,-6.276541782867908,0.3514222047911398,0.30670176925000003,0.4600509023310247
site_261c25e44abd6c6d,260,0.1281360462741267,-0.111534842418203,0.06307793022533134,0.09202318572884982,0.05035722264994139,0.06307793022533156,0.5472232052291807,0.7580106506913491,4.268900052238937,-28.999059028732777,0.9132878694147473,2.2017493450384613,0.6593209669841003
site_261e3bb708a6a167,65,0.0954306513993231,-0.021162070993643544,0.09305469347517682,0.10080146218531866,0.05116129216855945,0.09305469347517742,0.5075451393205177,0.3993727300676022,0.5919555997224433,-1.3755346145868304,0.13387519006211027,0.6604607606153847,0.17013605806318566
site_2689516b5f07761f,394,0.03859983940852372,0.001390452638722312,0.03857478767048875,0.07761763262977116,0.06108830752720148,0.03857478767048931,0.787041622598656,0.8718983425455215,0.5870393553313453,0.5478383396565909,1.6288480016496505,2.373651776649746,1.4703218387159485
site_26f018cca8362487,256,0.09091050147563684,-0.05756599069340155,0.0703624615405045,0.09751956935020786,0.048466874093184203,0.07036246154050486,0.4969963917614542,0.7308022913796406,2.115768135309253,-14.736893617510797,0.8842532219616697,2.434577,0.60135369839733
site_270decc0b97d0896,280,0.054596306072712555,0.02122243531537908,0.05030273229229065,0.08253754216928766,0.05077214682502678,0.050302732292290854,0.615140037982851,0.8184840411459764,0.8346118582998867,5.942281888306142,0.9603848638298789,1.907484842857143,0.7217870501021815
site_284ff462bff5925c,321,0.039674601392222064,0.021279827394403775,0.03348496590555368,0.05150318722251192,0.03826170113028726,0.0334849659055537,0.7428996765769705,0.7599953819845687,0.5052777525977786,6.830824593603611,0.48074454668519373,0.851477632398754,0.46993044525607963
site_28bd97dda8311cf0,96,0.14557695276388716,-0.11411773839220406,0.09038689595437774,0.1201631630903951,0.0491092806702671,0.09038689595437775,0.4086883151812813,0.7355473779449437,2.034494320897827,-10.955302885651589,0.4166935800754776,1.3861618333333334,0.23152525900330267
site_292d280e566004c1,45,0.11656885568950354,-0.0805888177119361,0.08422434669709604,0.1127679451871337,0.04869579681117721,0.08422434669709604,0.43182303916568276,0.7278889513348465,0.6114734152542135,-3.6264967970371247,0.17986836402565243,0.5722474257777777,0.10670762821839552
site_29971fce7657be9c,156,0.04471632713884212,0.0031986761039648295,0.044601775569699825,0.06579308652922992,0.06469929486959783,0.0446017755697006,0.9833752797241675,0.7664750821419953,0.31192978639491986,0.4989934722185134,0.508982027400285,0.6752819166666667,0.6530158060332142
site_29fa7d91f9cd3f03,186,0.06974185925089567,0.014137132986322529,0.06829398511361578,0.09904484624120609,0.05281251660725555,0.06829398511361615,0.5332182199429142,0.7584847026674064,0.9046904093095441,2.6295067354559905,0.7379526819412388,1.824637971451613,0.5187841153328456
site_2a096aef4be52591,150,0.06039730661907194,0.04961822046756744,0.03443641741630599,0.036816370754809,0.050174740354531705,0.03443641741630695,1.3628377628171786,0.7273190416086158,0.5471751970257286,7.442733070135116,0.20153121605475743,0.20331677333333334,0.37762568544670083
site_2a66162bd2a4e4b1,187,0.09350073833382454,-0.059316281226867024,0.07227701467538312,0.0943881143546723,0.051853281066514254,0.07227701467538318,0.5493624003512839,0.6511522088475507,1.6348265688974508,-11.092144589424134,0.5959607755911541,1.66600471657754,0.5027986356268671
site_2b657e21e1c1d622,416,0.1440017440194797,-0.12043337435175021,0.07894494678510434,0.10738545052849152,0.050684145264160894,0.07894494678510453,0.4719833554240513,0.7228173006980347,8.626384948751133,-50.10028373032809,1.6365882922402366,4.7971601538461535,1.0686551537619622
site_2c61711a8eb15185,175,0.06202053833592553,-0.04848149267775672,0.03867934905365692,0.057723266627973176,0.032860613814013416,0.0386793490536576,0.5692784856719957,0.7685759257109952,0.6731457557086514,-8.484261218607426,0.2551240481320236,0.5830957142857143,0.18896848954090262
site_2d0695836558269a,137,0.034693188237008274,0.019872499453216574,0.028437670008817466,0.037942959508294405,0.022875214404683698,0.028437670008817476,0.6028842952981338,0.6649220008124794,0.16489557147664302,2.7225324250906704,0.07906561363228753,0.1972345401459854,0.07168873446625404
site_2e03a5b4a3fc6fe0,33,0.032871930487145505,0.0003544365481896835,0.03287001960274793,0.03025205045073522,0.025514272989805402,0.0328700196027495,0.8433898730717384,0.3146471360748025,0.03565860586040696,0.011696406090259556,0.008014487150785597,0.030201156363636357,0.021482278164544344
site_2e6f197ad6e426eb,271,0.060678601301726205,0.05272608914828388,0.030030853785083585,0.020637397606801333,0.03871123757782583,0.030030853785083585,1.875780964023682,0.6400118522420911,0.9977929097580731,14.288770159184931,0.13856364358101053,0.11541949077490775,0.40610973691266306
site_2eadbc791936fa20,822,0.07907185323470749,-0.055707139297467796,0.05611659830445571,0.07744559044861371,0.05570651108790698,0.05611659830445571,0.7192986813738488,0.6898068742758154,5.139438254604262,-45.79126850251853,2.446256485677984,4.9302076125060825,2.550843040376599
site_2eb90940ae2529bc,146,0.07322481673211909,0.060322614062730574,0.04150970992540522,0.05015914810742728,0.051423400364769944,0.04150970992540641,1.0252048191615013,0.6663006097073039,0.7828335726760542,8.807101653158664,0.2509192664868211,0.36732726027397256,0.3860774513410116
site_2ecbb3b2737ff9d4,59,0.09109597698663312,0.08616038942801751,0.029578105361255994,0.035437799735600774,0.04070892681074166,0.029578105361256005,1.1487430685445608,0.7064123440655743,0.4896101443658023,5.083462976253033,0.06012660663492852,0.07409442135593222,0.09777578660285693
site_301436b06877aab0,44,0.06757566077531302,-0.02304691631008278,0.06352408659568604,0.07381237381987941,0.052636683516574745,0.06352408659568605,0.7131146282467675,0.5383938898132155,0.2009246768856878,-1.0140643176436424,0.09203870286013591,0.23972372727272728,0.12190729987145826
site_3058377fafc959d8,52,0.06500191827467561,-0.06242987115749946,0.018104158821818372,0.044146887811060555,0.035030983905874336,0.018104158821818372,0.7935097045979689,0.920898980910509,0.21971296772815557,-3.246353300189972,0.07405728122442962,0.10134528057692309,0.06381283133750859
site_313b58fce7205197,400,0.10781147732243061,-0.06353175947934389,0.08710356008742563,0.10657849208446872,0.05053245876223219,0.06975368895493102,0.4741337372476871,0.8399068055531327,4.649325856977988,-25.412703791737556,1.8093854481469185,4.543589989999664,1.0214117554226787
site_31563788a284dc59,162,0.08298031181799374,0.06716042594887592,0.04873611941647618,0.039447574210730765,0.0454485635740391,0.048736119416476216,1.1521256879130455,0.34762632924978776,1.1154886082046584,10.879989003717899,0.10096437020848195,0.25209,0.3346226528128427
site_319d460a95d287a7,55,0.21739374806594441,0.1869616183714433,0.1109296847290665,0.06179279157724702,0.08194865311832913,0.11092968472906699,1.3261846734320997,-0.17491325751053413,2.599302293398762,10.28288901042938,-0.04871526317000389,0.21000919999999995,0.369356996134953
site_323cc8255b0caa4e,56,0.0628729312523599,0.026208973397101674,0.057149761134531366,0.1129061094043025,0.10358528107256972,0.05714976113453175,0.917446200379148,0.8640827015019199,0.2213683071187826,1.4677025102376937,0.5659249343430357,0.7138762142857142,0.6008749854734632
site_32983262837b2abc,52,0.10015693772806408,-0.09544284544770534,0.03036569491891694,0.06613636844255384,0.06031066085082217,0.030365694918917333,0.9119137060452316,0.8886692023643787,0.521633433103292,-4.963027963280678,0.18432230999320745,0.227449,0.1891435422376705
site_32a7eff6ca5c3a9e,91,0.17675031850688389,0.1613277285714726,0.07220830344395421,0.06137889241232721,0.06161025491507682,0.07220830344395596,1.0037694147557334,0.3106055620091599,2.8429014333979263,14.680823300004006,0.10688645504857157,0.34283052747252757,0.34541993947376803
site_32aa1fd33af84607,47,0.08523162252443646,-0.061713470073963723,0.058786708443133696,0.06902556982214028,0.03512731501834046,0.0587867084431337,0.5089029342148683,0.5243119467093552,0.3414281854729571,-2.900533093476295,0.05975064081213577,0.22393287659574465,0.05799462823869317
site_32d33ae0920bdcec,147,0.05888376540263511,0.04603115287686692,0.03672098572776981,0.04051448711343963,0.0561325423753845,0.03672098572777015,1.3854931007324536,0.757163773978897,0.5096927807149074,6.766579472899437,0.2531233562276173,0.24128927891156465,0.4631767600880775
site_32e9d9454ab82a2b,29,0.13050174884720533,-0.12138196550566574,0.047928330892702986,0.06701844564800732,0.04411651671433298,0.04792833089270309,0.6582742450644216,0.7002275695067562,0.4938904871131927,-3.5200769996643064,0.06003890592784718,0.13025268965517242,0.05644174436317462
site_33d9c76285abfbd1,64,0.07060379135204664,-0.0160635877000168,0.06875213817393032,0.039686363664834544,0.058471491315810656,0.0687521381739306,1.4733396037395412,0.05754446292290913,0.3190333026101335,-1.0280696128010751,0.008546120132645595,0.10080047749999999,0.21881057898847495
site_33e57061030aaa1a,19,0.09386696533818827,-0.08565109995415336,0.038404378115577766,0.02755576868482595,0.01604474882255908,0.038404378115577766,0.5822646069530404,-0.5181130954681354,0.16740913645421213,-1.627370899128914,-0.004352348105609419,0.014427087368421054,0.004891245330801208
site_345540dea6a21328,13,0.08397091896306415,-0.053598119025047,0.06464021092538591,0.06610525943859373,0.016736836409485447,0.06464021092538592,0.25318464145856007,0.21315671151192098,0.09166449800951933,-0.696775547325611,0.003065855974761339,0.05680876923076922,0.0036415820089724105
site_3527ca4be8ad318d,825,0.06720602411103013,-0.05577558901403889,0.037493110659818384,0.05370875985208079,0.07624549001776763,0.03749311065981897,1.419609952412888,0.8903763099317318,3.7262359833701995,-46.01486093658208,3.008062317953781,2.3798204800000002,4.796034167140841
site_360469521723c0bf,302,0.09215021278800298,-0.06454976981562495,0.06576464805367747,0.07636390903574251,0.032677200002417334,0.06576464805367747,0.42791418636155204,0.5158090177904555,2.564481838496017,-19.494030484318735,0.3887128175085546,1.7610968741721855,0.3224754187993909
site_3611ac9a5b4c6a7c,47,0.05584983860847313,0.025668057593893498,0.049601968629773785,0.058791326737815466,0.044713477132135,0.04960196862977398,0.7605454684079211,0.5697276574596598,0.14660261021184734,1.2063987069129944,0.07039095635490217,0.16245174468085105,0.0939668667505601
site_365133aa4290174f,670,0.07125080739778049,-0.0162195647641794,0.06938013601670294,0.10243208140498707,0.05044057682473562,0.0693801360167036,0.4924294823738673,0.7957619820583876,3.401373961739859,-10.867108392000198,2.754698238920676,7.029861971641791,1.7046486995760777
site_3669ed0d65622c4a,171,0.07662972532067673,-0.04074072210579588,0.06490229861122548,0.07838154474022148,0.04669663301287777,0.06490229861122564,0.595760560316125,0.5617159097009455,1.0041316312655244,-6.966663480091095,0.3515703335372633,1.0505669810526315,0.37287841644043496
site_367fad9034e246b1,37,0.04585141487194439,-0.023679721123463397,0.03926350790841496,0.045173374479553524,0.020294609120195137,0.039263507908415055,0.4492604184214958,0.4967854143712442,0.07778703309308903,-0.8761496815681457,0.016851314556840302,0.07550344918918918,0.01523923289563578
site_36915ea55aeee9ea,33,0.12184773257789276,-0.10612039010091262,0.05987764807675564,0.08376423031934177,0.043181745431712236,0.05987764807675565,0.5155153371204708,0.7320502143947069,0.4899467078343311,-3.5019728733301165,0.08738031522523274,0.23154272727272723,0.06153388357146361
site_3697f876563488cb,53,0.0400423246166584,0.006895791789720643,0.039444084680705524,0.039688321573839856,0.024595399031688798,0.03944408468070553,0.6197137610349489,0.3197565122088136,0.08497955131740992,0.3654769648551941,0.016542908724313077,0.08348363207547167,0.03206148363698391
site_36bf0be122b5ada0,62,0.06295266322860438,-0.021924595659778966,0.05901143882951237,0.08161925258993903,0.03249288469049787,0.05901143882951278,0.39810318839532194,0.7984668614823748,0.24570834406959285,-1.3593249309062958,0.13128934111974888,0.41302554838709676,0.06545882844161943
site_36f59764e16c0acf,11,0.06616223366514211,0.05863411342013966,0.03065096910368514,0.075215719519326,0.09608760443977006,0.030650969103685168,1.277493654967712,0.9651428303072543,0.04815185279916949,0.6449752476215362,0.07672912655533715,0.062231449090909094,0.1015611049967109
site_37100d9c494e6343,36,0.03222596626963787,0.010416791485415565,0.030495956406730574,0.015852011400200882,0.022886240411176498,0.03049595640673058,1.4437436255494034,-0.21353377205044877,0.03738646447242616,0.37500449347496034,-0.002788867648277017,0.009046305555555556,0.018856080005694054
site_3744ab32b5fabc06,14,0.278781871000693,-0.25645748989922657,0.10931096684795687,0.08633790521868724,0.050038957628879145,0.10931096684795687,0.5795711339316646,-0.2303978090216008,1.0880706423810584,-3.590404858589172,-0.01393529420569539,0.1043592742857143,0.03505456192818668
site_3754c55a59175277,6,0.15596335052497332,0.055470176855723065,0.1457656550308422,0.12887841815706252,0.04342965194120832,0.1457656550308423,0.3369815719516447,,0.14594740024185415,0.3328210611343384,-0.008255534556508064,0.09965787999999998,0.011316808006406998
site_37c98a51b9f80f45,156,0.06442459825042424,3.706791041753263e-05,0.06442458758656187,0.10616510744027001,0.06753698715017387,0.06442458758656208,0.6361505091319305,0.8146185983174409,0.6474825021176562,0.0057825940251350905,0.9111762804634009,1.7582806858974358,0.711554162798349
site_383a8c8b2965611f,677,0.049407905088972554,0.04118514072129082,0.027293319128467913,0.029614607542098832,0.02434779897108161,0.027293319128468083,0.8221550441440038,0.5026797807217769,1.6526525147351827,27.882340268313886,0.24538373615217435,0.5937459113737076,0.4013359680764093
site_386cdfdcf9b17142,388,0.08048663253241639,0.031229760643901282,0.07418086051356416,0.056645076186551756,0.06906670149125754,0.07418086051356487,1.219288703289887,0.3164482631507827,2.5135020303663924,12.117147129833697,0.4803583258387738,1.2449618865979382,1.8508411908944011
site_389215a205727fd3,94,0.13353017826043342,-0.11631328414222024,0.0655860384404658,0.04363320016491984,0.06669153298060565,0.06558603844046597,1.528458438265645,0.35225308278481765,1.6760489995887338,-10.933448709368703,0.09635414961218194,0.1789624787234043,0.4180894937025019
site_38bba0231f056806,585,0.04847315698712539,0.014902512981952765,0.04612550330480127,0.0522732394217771,0.024407495111075095,0.046125503304801294,0.46692141870409704,0.47052827812734893,1.3745434647546246,8.717970094442368,0.35119168172078763,1.5985075623931624,0.3484996032943355
site_38d8c6108ca3a5d7,59,0.09130396018407501,-0.06791131191455713,0.061028410263899914,0.06676530857553956,0.019588789162262497,0.06102841026389999,0.29339771776984097,0.42698279789321125,0.491848375572414,-4.006767402958871,0.03294737680540499,0.2629987793220339,0.02263951898977079
site_38eb3791b353069b,415,0.05000806912812848,0.013206775485033016,0.0482326451608411,0.07905803546385205,0.07607494805792313,0.04823264516084111,0.9622671194847374,0.8073362320219655,1.0378348958383259,5.480811826288702,2.0150703965981145,2.5938217831325305,2.401770054636516
site_38fe9bf25990ebba,147,0.09534731272248928,-0.05851177490698236,0.0752826822093554,0.09193691571855366,0.056908714421738386,0.0752826822093554,0.618997428584106,0.5756405351411388,1.3363931763798245,-8.601230911326407,0.44272842661303524,1.2425022813605442,0.47607446123884123
site_395c4ccb7a4b9df2,171,0.043583083638236084,-0.01912184074008674,0.03916427435978153,0.04738580500444651,0.03256672532656814,0.03916427435978164,0.6872675334630739,0.5741851862181485,0.3248119656803894,-3.2698347665548324,0.15152016976856525,0.38396588222222217,0.18136116334283903
site_3987775e61ab1836,60,0.26122187287950266,-0.25138605283896126,0.07100647370995151,0.05935917929576407,0.028257841377085088,0.07100647370995185,0.47604838396243787,-0.21459333932535998,4.0942120122405035,-15.083163170337677,-0.021597046282887455,0.21141072999999996,0.04791033595755012
site_39ac65528c2f5495,202,0.10433413044217117,-0.004527761276936766,0.10423583910029728,0.10876887988504753,0.034940689094927015,0.10423583910029743,0.32123792330907613,0.28765084414396563,2.198893376575046,-0.9146077779412267,0.22082749412624847,2.3897951847524754,0.246612054394527
site_39e3332a33e328c0,156,0.1563033683302456,0.14271410600267925,0.06374501470104516,0.06342926238283068,0.059921141824432415,0.06374501470105003,0.9446923954873568,0.46706361767742904,3.8111959004153464,22.263400536417965,0.2769302378494579,0.627630326923077,0.5601247450568241
site_3a1e52ef4ac63381,15,0.09520069441849964,-0.0918524538230896,0.025025965404789866,0.04083129301024997,0.029375076261871635,0.02502596540478999,0.7194255703461936,0.7936281394591613,0.13594758326646822,-1.377786807346344,0.014278429873784382,0.02500791733333332,0.012943426580861617
site_3a558feb29bc33aa,50,0.043619890166238504,0.003286033951044083,0.0434959400287808,0.03371153511781984,0.044638664175047076,0.0434959400287808,1.3241362049825842,0.4110679112007332,0.09513474090573551,0.16430169755220417,0.030929528508633373,0.05682338000000001,0.09963051696663155
site_3aab5eecf1e576ed,227,0.026238758285915285,0.01288635709238473,0.022856382856310267,0.04385816136397615,0.030629529486879224,0.022856382856310267,0.6983769618768709,0.8706903329458893,0.1562832430597782,2.9252030599713335,0.2655096598810102,0.43664319823788544,0.21296415338538605
site_3b418123c1eb9bb6,39,0.0641672187181171,0.019275835037231438,0.06120354680601542,0.06864754334352098,0.03545052987372858,0.06120354680601543,0.5164136711539646,0.45680445392085134,0.16057984636272846,0.7517575664520261,0.04335534710895556,0.18378692307692304,0.049012862664796764
site_3ba67f452cc05c7e,156,0.06718141315484952,0.01854716832423822,0.06457046399581594,0.10190028489719828,0.06602169225020407,0.06457046399581609,0.6479048838461031,0.7858033414639761,0.7040813946632838,2.893358258581162,0.8247085929479164,1.6198522176923076,0.6799827602225823
site_3bce6f9707106717,37,0.04645139284033338,0.01280403365959992,0.044651860194742245,0.08380881927612827,0.06553026369552538,0.044651860194742654,0.7819017647727526,0.8489003290482059,0.07983608018185807,0.47374924540519703,0.17250038304784007,0.25988497297297297,0.1588859720201884
site_3c025b5f7926190d,54,0.07581060280760743,-0.06984011826581425,0.029489072190726735,0.026652600456824306,0.02807459036039979,0.02948907219072708,1.0533527640531373,0.42026678588387406,0.310351364894852,-3.7713663863539693,0.016981335621327164,0.038359500000000005,0.04256186169082965
site_3c21ace69367fd43,31,0.10659520443784368,-0.07077891640124784,0.07970497225525432,0.09189302924673624,0.02547370568806129,0.07970497225525433,0.27721042495686404,0.585332016300928,0.3522386658835164,-2.194146408438683,0.04247551650289567,0.2617741935483872,0.020116200125940953
site_3c2ff06ad9a9ceca,167,0.10845883557007024,-0.05319776586993727,0.09451622463716415,0.09585643659446089,0.059666573636721905,0.09451622463716491,0.6224576643627264,0.3335334966370488,1.9644742752069944,-8.884026900279524,0.3185725171603485,1.5344722249101794,0.5945367015942418
site_3c6c836e47ad4756,59,0.09373006323971307,-0.07845268335180768,0.05128841223728425,0.08421123629480415,0.04196004434474791,0.05128841223728441,0.4982713256679364,0.8803825832862654,0.518334160540316,-4.628708317756653,0.18353945409178232,0.41840040677966106,0.10387807396337945
site_3cacfdfbb247178d,10,0.10866168189055345,-0.07232372326374055,0.08109648675838989,0.1508304548159953,0.07347019268043051,0.08109648675838989,0.48710449603868144,0.973287563408484,0.1180736111128383,-0.7232372326374055,0.10785527573972942,0.227498261,0.05397869212499584
site_3d3d4af3226bd56f,68,0.04410250339006572,0.0002818905544631628,0.04410160249907096,0.07524260071221434,0.04892354632714289,0.04410160249907102,0.6502107298797953,0.8299086061360662,0.13226209475841152,0.01916855770349507,0.20774037414197538,0.3849785294117647,0.16275891019523853
site_3d8d46208058ae66,97,0.09592432283765212,-0.017199153511180093,0.09436983008547262,0.11531296545543188,0.055115605641033245,0.09436983008547273,0.4779653824992929,0.5844617895446125,0.8925431440506245,-1.6683178905844689,0.3603135401117125,1.2898167602061856,0.2946598085622559
site_3e3dd959fc43e496,515,0.08390554847177426,-0.03746943565815398,0.07507451269111722,0.11206714309807403,0.05398160696239072,0.07507451269111748,0.48168986439807293,0.813023486395966,3.625672648139869,-19.2967593639493,2.532995569123848,6.467907949514563,1.5007171534746453
site_3e869a526b77cd87,53,0.08854538809386596,-0.0720314905816654,0.051495146540977886,0.07062519637074682,0.027542654524122134,0.05149514654097802,0.3899834044996778,0.79548568194471,0.41553514489274695,-3.8176690008282663,0.08201130067916976,0.2643596732075472,0.04020568436646271
site_3e8e42936f50143d,855,0.06239375149168413,0.03127552549364972,0.053989088993074356,0.06481996959788737,0.04166185919256279,0.053989088993074925,0.6427318533318264,0.5596175440817625,3.3284980925511602,26.740574297070506,1.2921261199930432,3.592392332163742,1.4840324872306938
site_3ed9981ace9fa417,10,0.01799834027916923,0.011061071816682816,0.01419834296919717,0.08781675751244748,0.07994097309878583,0.014198342969197345,0.9103157001379228,0.9900596979563323,0.0032394025280476557,0.11061071816682816,0.06950374568454921,0.077117829,0.06390559179980798
site_3f0cc8bf9a017f1f,60,0.046165095659769693,-0.04179555952052275,0.01960477650069303,0.03820063990156303,0.03475195834050418,0.01960477650069306,0.9097218902629498,0.8597210328133362,0.12787296343654117,-2.5077335712313653,0.068479207072407,0.08755733333333335,0.07246191651000829
site_3f80251a944e7c4c,134,0.04971229946610415,-0.018854249285406136,0.04599815215953117,0.0655213452514508,0.04059853535464775,0.04599815215953117,0.6196230434348232,0.719051907888619,0.33115590423982094,-2.5264694042444225,0.2563056695455379,0.575268255597015,0.2208643037743061
site_3f885209ae19b689,226,0.04868927902344521,-0.015517583990255287,0.04615030312932163,0.06895107869377168,0.040051882604380425,0.04615030312932173,0.5808739089095396,0.765592893744689,0.5357659715519758,-3.506973981797695,0.4778266103915475,1.0744607831858408,0.3625386458350461
site_3f8f25f0fa2a3f3b,64,0.08449934201659091,0.026618376534804703,0.08019726199745329,0.09807921611777565,0.05483495475519095,0.08019726199745361,0.5590884279636161,0.5759212503099852,0.45696888327915564,1.703576098227501,0.19823373009257483,0.6156500885937499,0.19243982483224564
site_3fd206a570dca7d5,52,0.18135517532227965,-0.16114271802168628,0.08320290887197457,0.07763247886772603,0.06285571887916691,0.08320290887197507,0.8096575015498799,0.31302676308143484,1.7102643800410893,-8.379421337127686,0.07942789728137163,0.3133936923076923,0.2054437525824767
site_3fe88af73a278f09,684,0.06186025870370549,0.014464399064842023,0.06014543013880912,0.0664606367230065,0.028117167131020977,0.06014543013880915,0.42306496773732727,0.4254646178617154,2.61745705911233,9.893648960351944,0.5438205456454416,3.02123910380117,0.5407533598320562
site_402a00535323377d,283,0.06095325840350508,0.039062279705655865,0.04679143099117153,0.08187684503417353,0.054106673914823974,0.04679143099117154,0.6608299805914735,0.8399290297319449,1.0514298179312629,11.05462515670061,1.053030533945313,1.8971804240282686,0.8284916018814013
site_40392ec0ab51085a,129,0.1351054802770381,0.11457428141619809,0.07159765945092743,0.06886505128688039,0.0778991659078788,0.07159765945092748,1.1311857677033272,0.5298181238877147,2.354700313314698,14.780082302689554,0.36664705718788065,0.611768992248062,0.7828081263394764
site_4053c6fd726ad6c4,11,0.036042828938367445,0.008899557202512566,0.0349268292216689,0.07855025132659395,0.10841831291927642,0.03492682922166892,1.3802414516600068,0.9807555601916096,0.014289940696684593,0.09789512922763823,0.09187634038139472,0.06787156181818182,0.12929983633888353
site_40c02fde736492a1,19,0.06555724108701957,-0.05136676739077819,0.0407333655221772,0.05349600653022093,0.043575957913038435,0.040733365522177226,0.8145646888318949,0.6652281965924174,0.08165728531989054,-0.9759685804247856,0.02946405768159189,0.05437463157894736,0.036078418052739036
site_413c6e860ea2e615,245,0.07149692930768553,0.03984320712785332,0.05936606561155253,0.07791478369582597,0.056022424923778326,0.0593660656115526,0.7190217602667817,0.6511945326328737,1.2523936706049046,9.761585746324062,0.6963997436477882,1.4873248120000002,0.7689354631133929
site_4148b96858a0e60a,171,0.05563559271406332,0.03395536252943396,0.0440721287452722,0.05715134159019644,0.03485258694369747,0.04407212874527225,0.6098297253213733,0.6372462689481178,0.5292995792063182,5.806366992533207,0.2170525341224775,0.5585331695906433,0.20771418165022654
site_420eb683366b57f6,91,0.07835786153441504,0.062211711088379654,0.047640922196180685,0.054566464924093096,0.03955993422449368,0.04764092219618071,0.7249862031473935,0.5264481234344082,0.5587358562464371,5.661265709042548,0.10341376602174818,0.27095241758241767,0.14241394402201024
site_426aa82109fc7c47,28,0.08917885833080288,-0.06899826556763479,0.05649874442714241,0.07781547869472882,0.032574103366223996,0.056498744427142575,0.41860699069927515,0.7740768727875887,0.22268032564919152,-1.931951435893774,0.05493897937863533,0.16954696428571428,0.029710021883176466
site_42ce68186715eeba,627,0.08325567984564237,0.07816158929452942,0.02867532363397851,0.030375187740154182,0.03640599337411674,0.028675323633978612,1.1985438142984775,0.6446572911433865,4.346055658053184,49.00731648766995,0.44698021116467757,0.5785028229665072,0.8310235136797575
site_42d0b232cf256027,295,0.058256288064796685,0.04129189926850594,0.0410946973938017,0.053491558290896656,0.038144781698148854,0.04109469739380226,0.7130990929580087,0.6438851104503687,1.001169554231129,12.181110284209252,0.38757056123169803,0.8440973084745764,0.4292321893858324
site_43b644a004cb99cb,16,0.100544737230929,-0.04480234122648835,0.09001107934838834,0.11528887359585052,0.03540703951096165,0.09001107934838848,0.30711584220245186,0.7892122618554652,0.16174790695738495,-0.7168374596238136,0.051545507331751284,0.21266438999999998,0.020058535150892787
site_444e34f5ad449f77,182,0.1136531454375528,0.10933492993653475,0.03103080024141442,0.04084400151610815,0.03916027164647758,0.031030800241414892,0.9587765692113558,0.6998754891956447,2.350900819148614,19.898957248449324,0.20373523822025613,0.30361830769230774,0.2791018913275167
site_44541aad5ac7b92b,159,0.06642584967558826,-0.0512746945046029,0.042229127490199164,0.05785655638087453,0.047865565040448046,0.042229127490199254,0.8273144486053585,0.6960500933948365,0.7015705673146919,-8.15267642623186,0.3064879408327382,0.5322335974842768,0.36428685834597657
site_44bc4221af0e2690,281,0.05322146216289076,-0.030470068721584576,0.0436359822492622,0.06476098679389557,0.037918570751531544,0.043635982249262205,0.5855156418818772,0.7590074906826695,0.7959392537664396,-8.562089310765266,0.5237424782457633,1.1785099003558719,0.4040268602027318
site_4522c9f47db04b3c,148,0.055312382070425124,0.023906707908656146,0.0498791432091098,0.04319437506919969,0.06259893075537178,0.04987914320910983,1.4492380235872138,0.6095685480464936,0.45280002232509364,3.5381927704811096,0.2439373919124136,0.27613159756756755,0.5799566674939429
site_454d64b6e8b743da,118,0.02622318387717323,-0.006119126976344544,0.025499248179179927,0.047926434974321724,0.060360446866218505,0.025499248179180117,1.2594395326620629,0.9143396449854777,0.0811433339734125,-0.7220569832086562,0.31211678839450924,0.2710392939830509,0.42991925841497125
site_454f86a28db067ff,49,0.049808342783582586,0.02163643025257149,0.044863525237908715,0.06402550512196252,0.0364625936178816,0.044863525237908736,0.5695010691196237,0.7316336479907263,0.12156267953149631,1.060185082376003,0.08369322849597251,0.200864,0.06514651593379622
site_457c8dbf463cd4ea,137,0.04747892344345261,0.01829010106351254,0.04381461370862159,0.07485257715168976,0.04488817300385978,0.04381461370862166,0.5996877423858539,0.8479380584160412,0.30883199947484496,2.5057438457012178,0.3903223165095287,0.7675984379562044,0.2760478863605491
site_460afd4b6202d4b4,50,0.13456090355059291,-0.09715614964675905,0.09309843903185773,0.08084658320547627,0.03019072985878348,0.09309843903185776,0.3734323537465027,-0.2498485113977248,0.9053318382175983,-4.857807482337952,-0.030491729119062432,0.3268085007999999,0.04557400847030202
site_465014c5dd5de0e8,2,0.061834955503248225,0.016284359025955195,0.05965216989517212,0.1062,0.04654783010482788,0.05965216989517212,0.4383034849795469,,0.007647123444177375,0.03256871805191039,0.009886759114265443,0.02255688,0.0043334009749358415
site_466206aef45119ae,1,0.06085509252548218,0.06085509252548218,0.0,0.0,0.0,0.0,,,0.0037033422862849967,0.06085509252548218,0.0,0.0,0.0
site_4680c02330a5a24c,432,0.06811715075958058,0.021095636050320336,0.06476820490978466,0.08912249576590195,0.0503173976028298,0.06476820490978467,0.5645869448606837,0.7001742156024419,2.0044567703246816,9.113314773738384,1.3564237073389813,3.431297916666667,1.0937550966571852
site_4689968a649fae30,327,0.0867616750552768,-0.0703848644706452,0.05073025834594527,0.06762547780490988,0.03717092093423598,0.050730258345945745,0.5496585331562305,0.6725786223873704,2.461521360495963,-23.01585068190098,0.5528463921838124,1.495438116207951,0.4518084977334459
site_46c69a3772747cb8,125,0.06512391919823075,0.030475268789958952,0.057553304370100596,0.0555343636981644,0.07297928771321865,0.05755330437010102,1.3141284576495629,0.6288967880580213,0.530140606467211,3.809408598744869,0.31860369641070363,0.38550819391999996,0.6657470543910935
site_473ba30122663331,178,0.12367972498712919,-0.03761952498722613,0.11781954724334746,0.13794064349000282,0.04986589196696584,0.11781954724334749,0.3615025325772085,0.5548263230363367,2.72280803837476,-6.696275447726251,0.67931765099681,3.3869165605056177,0.4426160783356773
site_47749587de8e2aac,260,0.09590975385519761,-0.05902743406240757,0.07559393436362945,0.06501185550949402,0.04638407549274888,0.054468107108741684,0.7134710296951171,0.5656163764140628,2.391657029986794,-15.347132856225969,0.4434623861323502,1.0989007527647057,0.5593854394224271
site_479c9178cadeeacf,620,0.08707735849555216,0.07802011829268547,0.038669464751380694,0.01884253296101925,0.04645925275646574,0.03866946475138109,2.4656585636643946,0.5815421969593124,4.701129144789004,48.372473341464996,0.315634470384568,0.22012545000000003,1.3382465433472848
site_47cb8752f353f72a,342,0.06375644765464193,-0.045142541076007646,0.0450226121270197,0.0783111843808055,0.061305150920252516,0.04502261212701993,0.7828402980363904,0.8190091401044935,1.3901905391983713,-15.438749047994616,1.3447316069014326,2.0973634269005847,1.2853459630393886
site_4820638a678db67d,55,0.07359946153543075,0.05591085740002721,0.04786289547341629,0.024085275499104594,0.04934990880135623,0.047862895473416316,2.048965925392503,0.30483488238529494,0.2979284406067942,3.075097157001496,0.019928073865446178,0.03190552727272725,0.13394774242861973
site_48ab6dd953268db1,549,0.09109224772244537,-0.07745184429834015,0.04794798650530622,0.08093169791951896,0.051918197879775585,0.04794798650530622,0.6415063468877754,0.8265961555905098,4.555490879724918,-42.52106251978874,1.9067949222647103,3.595916910746812,1.47982909982486
site_48bc99c681181b96,271,0.05613325858086869,0.01152741551531197,0.054936885700265295,0.08908441765563256,0.04942522075788823,0.05493688570026626,0.5548133114474393,0.8358841779388213,0.8539054768237072,3.1239296046495437,0.9973917205040634,2.1506650701107013,0.6620130131277822
site_48c050cdab5aaa88,41,0.07788594054746717,-0.027683415622245973,0.07280005655526359,0.07604714558858423,0.03144718612288124,0.0728000565552636,0.4135222417552766,0.3078120167867177,0.2487150091335072,-1.135020040512085,0.0301810354717621,0.23710990243902438,0.04054594611693252
site_48c0bfa2a3485fb7,53,0.07477478981365593,0.07282547342282421,0.016962299738477273,0.02073045202482173,0.02220767970154965,0.016962299738482643,1.0712588261442224,0.689886220145672,0.29633726715885034,3.859750091409683,0.016833146261241078,0.02277683698113208,0.026138594999510878
site_48d263b97f32a2d9,49,0.11416221626990798,-0.07843255061568047,0.08295388253467081,0.09558676693190744,0.03697742889797518,0.08295388253467086,0.386846737104484,0.5124854200888826,0.6386175695592049,-3.843194980168343,0.08875893400417906,0.44770467061224495,0.06699918214733569
site_48ec25901538e693,155,0.05235968546533945,-0.030588133125920448,0.042495914790721324,0.06592912790525561,0.048758215869708146,0.042495914790722046,0.7395549951726472,0.7649678297628217,0.4249381826145383,-4.741160634517669,0.3811535829114337,0.6737307354838709,0.36849136029354423
site_4915d0b8a484d43a,129,0.03599095621012066,-0.0178613721792088,0.031246124764434533,0.028915219834970668,0.03369107211259423,0.03124612476443473,1.1651674206484002,0.5106105174887359,0.16710001183052817,-2.304117011117935,0.06416833876869245,0.10785560201550387,0.14642639587238718
site_496ac9a9ab00ede4,112,0.08742651791383328,0.06217781342193486,0.0614598694483227,0.04330095997280345,0.062421532919800446,0.06145986944832288,1.4415738810180256,0.3688808836303376,0.8560603558682348,6.963915103256705,0.11166989982507326,0.20999699107142855,0.4364021504704659
site_496ee2f5b79c4b73,149,0.08265025863854043,0.0738774289444789,0.037056588423262864,0.03571618627308364,0.052469671135894715,0.03705658842326288,1.4690726141563661,0.7085107141391057,1.0178287226996265,11.007736912727356,0.1978363596046431,0.19007124832214767,0.4102068919772325
site_49a35425669a6415,148,0.04483338889546131,0.004368811579974921,0.044620020677161844,0.05371007784067009,0.051011145572753845,0.04462002067716185,0.9497499840547136,0.6379931221867873,0.29748484845804773,0.6465841138362883,0.2587012759908228,0.4269463243243244,0.3851162719514133
site_49b410d6df2872b8,187,0.12196866375008941,0.115233881668611,0.039968831013264934,0.03234914902423262,0.01784350493958527,0.039968831013265135,0.5515911694066132,-0.20152494245940708,2.781878373215704,21.548735872030257,-0.02175271342519452,0.1956894117647059,0.059539055014923736
site_49b534f23930be14,386,0.08503325197051795,-0.045480369490508585,0.07184838155232455,0.09067607402182087,0.05251366594065399,0.07184838155232605,0.5791347553050958,0.6108748123376108,2.791032421103095,-17.555422623336312,1.1228055967178023,3.1737500544041453,1.0644664526632688
site_49f7a3a08cf1a503,75,0.17890767584820322,0.13393934390703838,0.1186094795164276,0.11224634495410332,0.043245158209212,0.11860947951642985,0.385270079189613,0.041323430531804754,2.400596735805432,10.045450793027879,0.015044138735135394,0.9449431466666667,0.1402607781404832
site_4a00a5537486f4ab,125,0.21626809268266303,-0.21184085536956787,0.04353550170707523,0.03517553695396845,0.024009052500406525,0.0435355017070753,0.6825497086746777,-0.04830306799722614,5.8464859890746155,-26.480106921195983,-0.005099181682467463,0.15466480000000002,0.0720543252459096
site_4a15ec3df99b7e73,6,0.1487614571116722,0.1423335071961085,0.04325672030151174,0.07485908242973742,0.03765623220663831,0.04325672030151203,0.5030282363129734,,0.13277982673192734,0.8540010431766509,0.015452190584937731,0.03362329333333333,0.008507950944001585
site_4a51d234a3956647,115,0.039721200548452594,0.00945639416964158,0.03857914439588777,0.058907450400313595,0.07083518132670531,0.03857914439588784,1.202482552636979,0.8387047729473696,0.1814439838961949,1.0874853295087816,0.4024632140261971,0.39906008695652173,0.5770266350625304
site_4a5737c09be72760,38,0.027102961166384013,0.021166959696851277,0.0169272065379493,0.02185333826562433,0.028324247135563047,0.016927206537949647,1.2961061962838678,0.8023700967696284,0.02791367915148775,0.8043444684803486,0.01887271991142709,0.018147598947368424,0.03048599308026516
site_4a605b11c85f3580,1259,0.08247442612138774,0.06337089934275206,0.05278408927454399,0.07569196006336819,0.05325063822819794,0.05278408927454423,0.7035177604545753,0.7168508946210247,8.563756983741774,79.78396227252483,3.637718850318487,7.213154478157267,3.570058763883414
site_4a71668c00a356e4,95,0.13971549488634252,-0.13618734370319463,0.03119979048653255,0.062479687770774894,0.04652975293734175,0.03119979048653289,0.7447180771461251,0.8763354256103125,1.8544398535768825,-12.937797651803491,0.24202686238215154,0.3708525814736842,0.20567670129895604
site_4accdc2358f08145,95,0.027622010535138106,0.004582171153081091,0.02723929465913448,0.05083074952184857,0.03341966223960541,0.02723929465913448,0.6574693970475615,0.8708361670682195,0.07248266927031166,0.43530625954270363,0.14053633801266552,0.24545768421052636,0.10610301329988421
site_4aee712beb09287c,127,0.07609420546031968,0.05749365410232168,0.049847846920403054,0.07957466134551537,0.07068603017346987,0.0498478469204034,0.8882982217988863,0.786144143379638,0.7353716692889429,7.301694070994853,0.5615834429559745,0.8041800944881892,0.6345573874339561
site_4afa6fca34a02012,148,0.12808046862959516,-0.11311566464079395,0.060078722167237794,0.07794481317353588,0.03492105393139857,0.06007872216723868,0.4480228062597384,0.6769904677237119,2.427881753767753,-16.741118366837505,0.27272115778057154,0.8991582972972972,0.18048304113658786
site_4b307595d7b7b6da,381,0.049645272455279145,0.012814704034897912,0.047962865194407116,0.07705495459330633,0.042453085003441006,0.04796286519440717,0.5509455586276972,0.8313860154078616,0.9390328223975403,4.8824022372961045,1.0361855100535267,2.2621745564304465,0.6866627464238766
site_4b6df3933469a704,81,0.07910248255873686,0.047174428488295755,0.06349626795141539,0.07092734898485353,0.05036184524641513,0.06349626795141541,0.7100483236328182,0.494848320977691,0.5068334225033768,3.8211287075519564,0.14317674399884764,0.40748579555555553,0.20544155198653313
site_4b78a1e10bf476d7,14,0.080088231815461,-0.05633496655523778,0.0569253583084662,0.08027062008592926,0.050712992339073656,0.056925358308466206,0.6317752657795053,0.7092875632914302,0.08979774825457827,-0.7886895317733289,0.04042278535690691,0.09020721428571428,0.036005306287761205
site_4c8563a6e25ebea0,268,0.12436976899078818,-0.10009446581775572,0.07381691778637298,0.09575181774208437,0.039018864305443754,0.07381691778637302,0.40749998512346125,0.7015212228723009,4.1453809696043,-26.825316839158532,0.7024206328300565,2.457134041044776,0.40802243481201755
site_4cacd33e9c8aef19,344,0.1116530954491089,-0.0834464349713783,0.07418292400502528,0.11485868936883369,0.05647597621686127,0.0741829240050253,0.4916996400290263,0.8385506698360328,4.288446320838531,-28.705573630154134,1.8711790902689966,4.538226372093023,1.0972003460387332
site_4ce2c6daabd8ff5f,337,0.06885713043084814,0.040575807861652144,0.05563189937028145,0.06970245018239757,0.02304528946343911,0.05563189937028169,0.3306238073860263,0.7142470051780727,1.597819586564571,13.674047249376773,0.3866415660069808,1.6372914362017803,0.1789757684948961
site_4d238af0af441869,859,0.05168079920701683,0.04221642864553976,0.029810705444387617,0.04702692445781507,0.04185644471927407,0.02981070544438848,0.8900527772514847,0.7810523481316858,2.2943074007346764,36.263912206518654,1.3206332269301342,1.899705664982538,1.5049353275378383
site_4d43b32f897968be,48,0.06702301510048647,-0.04139690687259038,0.05271034675034985,0.1095045661148429,0.06184171681558911,0.05271034675035008,0.5647409876108054,0.9625932394870957,0.21562005855168181,-1.9870515298843383,0.312894414819777,0.57558,0.1835711010575768
site_4d97122ac69c458e,260,0.11827725958141731,0.0887209908595452,0.07821825819455756,0.0693706956658196,0.05313359631103347,0.07821825819455808,0.7659371987127628,0.20583447376830538,3.6372726348633933,23.06745762348175,0.19725895268470048,1.2511962884615384,0.734026554805406
site_4dd15b6db25eea2b,82,0.06065401160734284,0.044448424020918406,0.04127040981284682,0.05580522583253389,0.04777072323731488,0.04127040981284704,0.8560259818797297,0.6926515357308193,0.30167054817322175,3.644770769715309,0.15141375861135198,0.25536630487804884,0.18712744388652314
site_4deb698afc5ebdb4,26,0.06193764909486229,0.0073106231918701765,0.061504692210796276,0.06699584902799761,0.02054174916166573,0.061504692210796345,0.3066122671731695,0.40966803901287613,0.09974308176035568,0.1900762029886246,0.014658541061557256,0.11669953846153847,0.010971049924140663
site_4ea6d277e84496c8,413,0.03899592032235201,0.024539188153807245,0.030306930668401122,0.03454030199544042,0.03326494491814094,0.030306930668401136,0.9630762615373825,0.6010015323644837,0.6280415841381245,10.134684707522393,0.28519280850350603,0.49272240677966106,0.4570078594480709
site_4f3ef6ee56ee38cd,157,0.08010741921584968,-0.058863308109295596,0.05433515962849486,0.09598347449620769,0.062391630082317295,0.05433515962849506,0.6500247090428299,0.8477183241470975,1.0075001823075496,-9.241539373159409,0.7970288147438483,1.4464138980891719,0.6111563341796091
site_4f44a81224b8cd25,260,0.15452370735869228,-0.13236638492781383,0.07972901778534958,0.10952095960005087,0.06408913843984959,0.07972901778534963,0.5851769257125813,0.6942155338749181,6.208169795327439,-34.415260081231594,1.2669204574860058,3.1186585538461538,1.0679285931501736
site_4f633f2c887097a9,136,0.08816108442997135,-0.07483250206971871,0.0466097998478226,0.06934305196606838,0.05178327159965232,0.046609799847822625,0.7467694330066612,0.7404307792957772,1.057043245870121,-10.177220281481745,0.36158949895411296,0.6539504044117648,0.36468498158861673
site_4f8f6e54cc9c215b,18,0.06680620946114538,-0.051155147272679544,0.04296766842728259,0.041864861956856694,0.03422831337631115,0.04296766842728261,0.8175904989627032,0.3761517606786448,0.08033525320619575,-0.9207926509082318,0.009702212158590556,0.031548,0.0210883938585653
site_4f9a1ac96b88317a,129,0.08841757294023762,0.06179110305207644,0.06324181202535162,0.04478407758290468,0.06687031902366618,0.06324181202535423,1.4931717394396538,0.41368171096142803,1.0084790693988488,7.971052293717861,0.15981335170532382,0.2587241550387597,0.576841504056169
site_4fa99e2fc956380a,143,0.06318808022952789,-0.04792103056724255,0.04118626363809489,0.060474649534694086,0.04695067558592902,0.04118626363809489,0.7763695357836441,0.7334912181853895,0.5709608880823351,-6.8527073711156845,0.2978147216224587,0.5229772027972028,0.3152243291304466
site_4fab225734bfdafc,402,0.10724921647441807,-0.07357501834805925,0.07803275664398465,0.08476233312631581,0.049451243558360856,0.0694268060498978,0.5834105991946549,0.5737658672167559,4.623962562619388,-29.577157375919818,0.966809438847142,2.8882305530406476,0.9830610467662672
site_4fc1c31a5e50a546,49,0.12043255573109725,-0.10592438580065355,0.05730641301528257,0.06814158887892015,0.025431128534904427,0.05730641301528289,0.37321009024448565,0.5787908122078926,0.7106960235162684,-5.190294904232024,0.04914683979019826,0.22752053061224486,0.03169037262938268
site_503f0d34679d2c3c,109,0.05374680050416231,-0.03892027708127957,0.037066569794771215,0.05314165488150662,0.053242813576200795,0.037066569794771895,1.00190356688966,0.7572073738130533,0.3148703235233302,-4.242310201859473,0.23352716361639692,0.30781986770642206,0.3089928945285978
site_50560992666c8105,554,0.051439943213161504,0.04142905957260932,0.03049099507563615,0.05346890775514346,0.050511300613734315,0.0304909950756362,0.9446854767456021,0.8295025970662443,1.4659215378063972,22.951699003225563,1.2411303011280999,1.5838439494765342,1.4134708852888345
site_50a31a0d244519cf,60,0.16982544812327952,-0.16478677341938022,0.041060956349098315,0.040734251217154134,0.028324974061692765,0.04106095634910179,0.695360126069151,0.33609963635073187,1.7304409698163623,-9.887206405162813,0.02326743724544843,0.09955675333333337,0.048138249335734073
site_51e9108791d53546,293,0.07819103045860795,0.06749547904648472,0.039474011101793285,0.06933977302760085,0.0631546329272204,0.03947401110179334,0.9107995335098885,0.8264561318298934,1.7913543125444342,19.776175360620023,1.0604130348747043,1.4087452081911263,1.168632744430382
site_524c0b4f56437dd1,10,0.0721810186743287,-0.03153325878977776,0.06492883062985728,0.14756248337568734,0.08679618231121389,0.0649288306298585,0.5881995228437216,0.9795746637865479,0.05210099456863789,-0.31533258789777757,0.12546255358420313,0.21774686499999998,0.07533577263801478
site_52a99c537fd71479,333,0.08691295706416838,0.028218046955249695,0.08220464665497504,0.08652864379607587,0.0467451521227674,0.08220464665497529,0.5402274908287343,0.3603040189095785,2.515436081177446,9.396609636098148,0.4852994668311677,2.4932396636636636,0.7276413792445616
site_52efe15d6a747228,616,0.034164109690964374,0.00537692053164174,0.03373833304377463,0.046588341192413354,0.06333547331841097,0.033738333043775146,1.3594704532799462,0.8546429253740474,0.7189868168413673,3.312183047491312,1.5534228244781942,1.3370116975974027,2.471011423167763
site_53e750ed31ea8834,151,0.033197314615270014,-0.004681397675283698,0.03286557794214287,0.03583957158577833,0.04698658027063758,0.03286557794214301,1.3110251655263243,0.7161810023941328,0.1664113163474482,-0.7068910489678384,0.18211108896501413,0.19395570860927153,0.33336854755488937
site_545c918e740bed59,7,0.11397236077908049,-0.10920024731840407,0.032634414460141155,0.06309510799627198,0.038211691927431984,0.032634414460141155,0.6056205170405564,,0.09092789315089818,-0.7644017312288285,0.015316423660516738,0.027866948571428577,0.010220933799698795
site_5475cf38df836ff4,649,0.042271438862057045,-0.014366369730725494,0.03975527592947534,0.06925576466485667,0.04015528567726436,0.03975527592947534,0.5798114549970578,0.868096361003959,1.1596815787111387,-9.323773955240846,1.5667917684736463,3.112838249614792,1.0464780821169404
site_54c3846d0762e78b,725,0.07293449687244294,0.0653647907973569,0.03235560164877413,0.024181784164419177,0.04308038995128523,0.032355601648774136,1.7815223913326157,0.6689606053575644,3.8565946046763817,47.38947332808375,0.5052502255572584,0.4239500468965517,1.345541998807228
site_54c3cc61243c3e27,143,0.09031430025888844,-0.06048798905636047,0.0670662061784493,0.10409122170627527,0.07228509489108621,0.06706620617844931,0.6944398740468276,0.7683324475471203,1.1664042148691298,-8.649782435059548,0.8267002578511834,1.5494024883916082,0.7471942969081073
site_54f5633d7a10a0e4,93,0.09870991237653987,0.034601169269572025,0.09244677326203767,0.0946155407443864,0.054793137825943916,0.09244677326203773,0.5791135092064126,0.32868412414709636,0.9061591525287285,3.217908742070198,0.15847119167203544,0.8325453511827957,0.2792127796115984
site_551190f45891f632,40,0.0946261025635183,-0.08587699535489082,0.0397396647592496,0.06036803790086274,0.04458309227889721,0.03973966475924994,0.7385214731032372,0.7529019267452034,0.3581639714544594,-3.435079814195633,0.08105422323942184,0.14577199999999998,0.07950608468594655
site_554a93a7d6df9a9f,46,0.024320388860040197,-0.0066104700643083315,0.02340476446863866,0.024483318652697546,0.010500971462870937,0.02340476446863868,0.42890310794178027,0.31489917657970784,0.027208140457964092,-0.30408162295818325,0.00372416676386543,0.027573913043478265,0.005072438476545371
site_557840f3689665d3,108,0.07026755598635184,-0.025324546637689623,0.06554537940915876,0.08240330734702579,0.03947933689039585,0.06554537940915879,0.47909893621303523,0.622877711969148,0.5332531778238698,-2.7350510368704795,0.2188472224217322,0.7333529466666666,0.16833074846098
site_572718242301a76e,118,0.0530694183724074,-0.044502561388278405,0.02891167923639379,0.049265718038592386,0.06138617535021358,0.02891167923639379,1.2460221386020724,0.886090211703759,0.33233085363350223,-5.251302243816852,0.31620980980131075,0.2863990949152543,0.44465497784700597
site_572a1b583bd03d5b,234,0.07719263345797503,0.054940609732754206,0.05422390674204948,0.05137071270857845,0.07249970784495717,0.054223906742050194,1.411304302049334,0.665204691106436,1.3943364224814847,12.856102677464484,0.5797263068322442,0.6175143290598291,1.2299525871993697
site_57c9411d53d3b891,847,0.0435908058896001,-0.010783948328545694,0.04223582385312321,0.0605363880011129,0.036488126841981064,0.04223582385312323,0.6027470096384058,0.7271112073444131,1.6094341293147612,-9.134004234278203,1.360355204560777,3.1039621685714285,1.1276817401697148
site_5809bead57720978,62,0.04203279277431649,-0.003031150631366239,0.04192335619029804,0.03910725932010139,0.04007557702919062,0.0419233561902992,1.0247605617454127,0.43958058472960254,0.10953885144133524,-0.18793133914470683,0.04271371615630003,0.09482141935483872,0.09957521620180065
site_583630b60a1838c6,202,0.03400148288249615,0.0020788480069967776,0.033937873079680235,0.05820875358755118,0.03951479330813896,0.03393787307968046,0.6788462365665529,0.8255917823108309,0.23353236931815313,0.41992729741334905,0.3835877641780985,0.6844283168316831,0.31540661581735857
site_58667ddb3903bbc2,535,0.09277743340073998,-0.07870729243409968,0.049120405801681415,0.05884529619790136,0.02806939668325463,0.04912040580168179,0.4770032355492789,0.5563322130157027,4.605093899409377,-42.10840145224333,0.49162371101621716,1.852581353271028,0.4215217011366197
site_5896b54480755cab,20,0.09710435338803124,-0.06177354121506216,0.07492185964495725,0.10300508482594439,0.034112262773869334,0.07492185964495732,0.33117066823945096,0.8766179368786299,0.18858510893815308,-1.235470824301243,0.06160408918894827,0.21220095000000003,0.023272929431070233
site_58e380359cb64c9c,342,0.05034900525711982,0.01718039439714443,0.04732712096398901,0.05435285699174179,0.04070162506047692,0.04732712096398906,0.7488405819524997,0.5358796223302951,0.8669776369904659,5.875694883823395,0.4054408233550034,1.0103477076023393,0.5665648206367658
site_591f3f72c730f39a,46,0.10843014280753899,0.09307449099162352,0.055625848271406104,0.07064923070792722,0.05018320188977769,0.05562584827140624,0.7103149091211104,0.6226979772193805,0.5408264099861118,4.281426585614682,0.10155494877922794,0.22960043478260866,0.11584427258786861
site_5977dd6efaf94985,77,0.08317308081429617,0.027957008364448303,0.07833369042405453,0.08623716657354782,0.037404151677405025,0.07833369042405469,0.4337358608078188,0.418484765868752,0.532667625654891,2.1526896440625194,0.1039404676267079,0.5726373651948052,0.10772843332838672
site_59c7d9e52ad4d8ab,85,0.06603045606717355,0.005199158901326799,0.06582545005662849,0.08565764802024312,0.0467885464157341,0.0658254500566297,0.5462273071597384,0.6479134387167819,0.3706017959173096,0.44192850661277794,0.22071996175822087,0.623664776470588,0.18607928643427085
site_59cc92ae49f9c2af,36,0.04079802705979669,0.03581147992610931,0.01954525306752953,0.022148628137992246,0.011841878932074805,0.019545253067529602,0.5346551875943076,0.4742519546699174,0.0599212444309885,1.2892132773399352,0.004477948336137667,0.017660222222222226,0.005048283479109017
site_59e0fe7c4ae0f849,113,0.07170826256570696,0.027876821371306357,0.06606782689346341,0.09194447516960501,0.04914908188181183,0.06606782689346369,0.5345517693276205,0.7196813885064604,0.5810544659817379,3.1500808149576183,0.36750204726921776,0.9552778761061946,0.27296644423023
site_5a51afb7ef849491,62,0.09843118915721881,-0.0687516569975884,0.07044081671154978,0.0842079644066458,0.04961735886253311,0.07044081671154978,0.58922406226242,0.5493969191356625,0.6006993379320598,-4.26260273385048,0.1423196022414392,0.4396408387096774,0.15263670263059037
site_5b0bcc4b6a2f87e4,66,0.035505933704766464,-0.026099148933995852,0.024072925729299588,0.027514066900595928,0.03850409972095732,0.02407292572929961,1.399433237553237,0.7834986609877838,0.0832043076643199,-1.7225438296437263,0.05478276604559612,0.04996357590909092,0.09784933589121408
site_5ba32085b805fa13,239,0.07493110084316466,0.05335104292157305,0.052614979737228666,0.06628595533113985,0.0859395006971959,0.05261497973722901,1.2964963734455406,0.7909207409573382,1.3419060997828745,12.75089925825596,1.0768252025987939,1.0501248619246861,1.765157869439917
site_5bf25e0531f88e2f,60,0.03838948468036397,0.022579257325132687,0.031047216826461936,0.025621066147909523,0.02607376810778139,0.031047216826461967,1.0176691304436134,0.2786899005627681,0.08842515204143399,1.3547554395079613,0.011170522236737108,0.039386341833333324,0.04079048300030147
site_5c129902816da317,37,0.04023958738675684,-0.016007874273770564,0.03691845547001655,0.043345335566963954,0.04496967574322189,0.03691845547001655,1.0374743938421818,0.6510578832781398,0.05991130254308828,-0.5922913481295109,0.04695517370507524,0.06951627027027028,0.07482405424866921
site_5c29c7471e58357f,54,0.04692400522720522,0.0034740587859242045,0.04679522606115633,0.04978296172852363,0.036660476354699253,0.04679522606115638,0.7364060932054647,0.44725496138492915,0.11890056239439024,0.18759917443990703,0.04407859681836433,0.133830537037037,0.072575488433887
site_5ca415a5fd8c11f3,149,0.0942570696041298,-0.08004480477187458,0.04977172288951083,0.08101702697285208,0.05503724877127674,0.04977172288951181,0.6793294055300143,0.7979037891423418,1.3237748803833078,-11.926675911009312,0.5301146594268464,0.9780000402684563,0.45133571409439904
site_5cc61f026daaaf5d,1,0.18468635554313662,-0.18468635554313662,0.0,0.0,0.0,0.0,,,0.03410904992380587,-0.18468635554313662,0.0,0.0,0.0
site_5cf31f5c04158e4a,244,0.1352761675534668,0.08298972947187112,0.10682858376922945,0.09776181710480544,0.03064464660586773,0.10682858376923016,0.31346232622717285,-0.1528566198945511,4.4651125279406845,20.249493991136553,-0.11173724543071184,2.331998983606557,0.22913902520603902
site_5d503d0a92bc4d22,106,0.08273811434297856,-0.04659655094731529,0.0683692694479475,0.10222357348290118,0.05574458124397925,0.06836926944794763,0.5453202167042573,0.7794068736508765,0.7256331298933704,-4.939234400415421,0.47078629636823566,1.1076638514150943,0.3293905838350599
site_5d637e79fa207678,82,0.07508545674061391,-0.05215154187272234,0.05401890867320711,0.05495999437371328,0.053691215721884435,0.054018908673208445,0.9769145054273205,0.5058349286293616,0.46230171674362147,-4.276426433563232,0.12239751045333179,0.24768928048780486,0.23638522494690228
site_5d79652f78de4312,15,0.061650284734936625,0.011686130222479503,0.060532569483890325,0.15182887823687122,0.09556721803929176,0.06053256948389043,0.6294403222171967,0.98281108710114,0.05701136411848139,0.17529195333719255,0.21390682096585634,0.345780124,0.13699639745654296
site_5de3489054d45a0f,49,0.12693085445527555,-0.1172950523556495,0.048510952429650166,0.0662025214340932,0.02883386793202953,0.048510952429650304,0.4355403284863492,0.7493559396280769,0.7894606488245708,-5.747457565426826,0.07009090532377667,0.21475591836734695,0.04073820505616432
site_5e24def8042ec3b4,11,0.07275849866953155,0.00571564280986786,0.07253365119662893,0.07891013824189748,0.03134151372320311,0.07253365119662898,0.3971798101167472,0.3938215357515861,0.05823179041508646,0.06287207090854646,0.01071383414146575,0.06849490909090908,0.010805195307079019
site_5ec485e1198852d4,13,0.04841154140891279,0.007914039759452528,0.04776029016110227,0.12134433620484346,0.07845811199809098,0.047760290161102295,0.6465741579042016,0.9767964116907805,0.030467805440629405,0.10288251687288286,0.1208940066816715,0.1914178230769231,0.08002377939796484
site_5ed1da21a10b6003,106,0.09028418247259729,0.04305212820104834,0.07935835092859314,0.061833925136552746,0.042425008500471685,0.0793583509285934,0.686112169117215,-0.12854629362307127,0.8640307621029957,4.563525589311124,-0.035744907556537475,0.40528403556603776,0.19078742270410004
site_5edf4f1cdc32395a,114,0.05845290318285463,-0.033030296548416736,0.04822594115647538,0.05483182057204836,0.06438662855081996,0.04822594115647632,1.1742566246950836,0.6835451762261175,0.38950857551747614,-3.765453806519508,0.2751062297286433,0.34274425438596495,0.47260272472010423
site_5f27021d111ffc54,10,0.06535224101735014,-0.04998041213154793,0.04210550806189659,0.03347372103606052,0.021606464800321155,0.04210550806189739,0.6454754395857268,-0.12827155352296551,0.04270915405989822,-0.49980412131547924,-0.0009277224399149423,0.011204900000000004,0.00466839321167517
site_5f52ef3c28075a93,123,0.03986829689688922,0.012947776755181755,0.03770724299861343,0.05230450635861821,0.053754089790522,0.03770724299861426,1.0277143124526391,0.7475202001730517,0.1955061749873963,1.5925765408873558,0.25851078387428583,0.3364986504065041,0.3554087668125227
site_6009b70703dc2497,93,0.06642557367818103,0.0019061783475260578,0.06639821776661539,0.08207340859374809,0.055732434593990125,0.06639821776661545,0.6790559274789949,0.5939272105639753,0.4103491859782175,0.17727458631992338,0.2526542783744874,0.6264521290322581,0.288867696716925
site_613f62e07f148531,126,0.07053244837524056,0.04766751282082664,0.051986868488901154,0.04559188861389942,0.07704395869334402,0.051986868488901355,1.689861092305264,0.7561049162795436,0.6268281104995528,6.006106615424156,0.3346407151442199,0.2619061587301587,0.747907217963854
site_617d5a69b08b72f8,37,0.0726780824830181,-0.01137650712116345,0.07178216184492148,0.07206473836561744,0.053552621819414586,0.07178216184492149,0.7431182438728576,0.37682539086787603,0.19543783591611014,-0.42093076348304764,0.053807824615691155,0.1921530810810811,0.10611168223812983
site_617d695493df2178,92,0.09869165885992125,0.09308583304156429,0.032788278629429346,0.06069567942568218,0.061164363926957135,0.032788278629429984,1.0077218758519513,0.8552354413640313,0.8960840046241227,8.563896639823914,0.2920987902024518,0.3389248260869565,0.3441793061422115
site_6198a28ec3f8f86a,57,0.0353569611250364,-0.02605042777416999,0.023905855198676492,0.016859985757086134,0.025364539445820986,0.023905855198676572,1.5044223530948384,0.4163832429467899,0.0712565378998481,-1.4848743831276894,0.010149678445058432,0.0162027698245614,0.0366715120940207
site_621b9dc6415ad601,132,0.07102550786101436,-0.00013522177428909767,0.07102537914004241,0.07593520439361019,0.035700936313213354,0.07102537914004241,0.470149999572761,0.3681554112122936,0.6658902052327816,-0.017849274206160892,0.13174310410487833,0.761132495151515,0.16824150468049526
site_621eb1eb5435955b,195,0.053048126511004164,-0.0011128465591332837,0.05303645254787812,0.11636337178523204,0.08774210346130303,0.05303645254787858,0.7540354160864784,0.9023655856495134,0.5487502266338631,-0.2170050790309903,1.7965589571324299,2.6403846871794867,1.5012419603637306
site_6277027d8a1380c0,524,0.04942189290900977,0.02887052674250293,0.04011254397716572,0.062282883298764025,0.036728279477305496,0.04011254397716577,0.5897010146611879,0.7910469120182538,1.2798823133238462,15.128156013071536,0.9482062648352207,2.0326785572519084,0.7068584530022435
site_62a63d63c871f1e4,95,0.09408255897055193,0.004521908480995581,0.09397382745284392,0.07877731837467375,0.044203660415652116,0.09397382745284401,0.5611216696335684,-0.0963818745833844,0.8408951507325013,0.4295813056945802,-0.03188441118027035,0.5895572595789474,0.18562654144351753
site_63012b87359e4210,129,0.0795416938504238,0.06777801347610563,0.0416295802264134,0.04944230652162411,0.055315088047638176,0.04162958022641344,1.1187804926423799,0.689471471125644,0.8161676568166965,8.743363738417626,0.24324747550943793,0.3153458759689922,0.39470890657761737
site_6307ca95d0b03b26,71,0.037249906972044285,-0.017239081062229582,0.033020745805566395,0.04272980392679444,0.027459809407229547,0.033020745805566395,0.6426383199481619,0.6347231170458789,0.0985164454292427,-1.2239747554183005,0.05287752060754828,0.1296343661971831,0.05353692042037744
site_63148af2428e7132,211,0.05626286852697044,0.03943576744382415,0.04012892499182827,0.05252273314395938,0.03846199946993479,0.04012892499182845,0.7322924221120485,0.6503623888002886,0.6679226891003469,8.320946930646896,0.2772152054489577,0.5820725118483412,0.3121376600805307
site_633f81ba98074791,63,0.09611657919870725,0.06557101575297021,0.0702768716576449,0.06551589945487049,0.04385644581560517,0.07027687165764507,0.6694015678715505,0.2221982872649274,0.5820189982022659,4.130973992437124,0.04022179027563995,0.27041698412698406,0.12117343389335807
site_6367b6400c1e48bd,400,0.07630605344526031,0.05974063716134429,0.04747283501064091,0.07382420859675708,0.055506763367661804,0.04747283501064182,0.7518775266640662,0.7659514857785876,2.3290455169563695,23.896254864537717,1.2554688981086966,2.1800055099750004,1.2324003118214408
site_638a0536fcb5886f,372,0.03342717207410065,0.0015215601151188217,0.03339252442819521,0.046977141211981564,0.029226634836167123,0.033392524428195215,0.6221458795094335,0.7086709110679295,0.4156638098282106,0.5660203628242017,0.36195363642536704,0.8209488682795698,0.3177609803909566
site_639be43d81e5bd5a,671,0.13782797223272916,-0.09164816635047623,0.10294252539345145,0.10708313036524551,0.024831852606433048,0.10294252539345167,0.2318932265216294,0.2794685313755635,12.746685002886379,-61.495919621169556,0.4986382768217769,7.69422065871833,0.41375262649517014
site_63bba9458fdad7de,128,0.10367237519335609,-0.035089028173312546,0.09755368511791072,0.09727780967856633,0.03880856519559527,0.09755368511791072,0.39894571355820874,0.19235415442448492,1.3757390564136955,-4.491395606184006,0.09295075253220275,1.2112604487499998,0.1927814057652184
site_63e7e96910147c52,10,0.06909458603393982,-0.06047459046602251,0.03341984032230514,0.038586252733324604,0.04780595603369387,0.033419840322305175,1.2389375139402112,0.7203043160143541,0.04774061819201512,-0.604745904660225,0.013287113025635483,0.014888989000000004,0.02285409432295471
site_63fc50b0256f0fb6,2,0.07850888165359697,-0.02359710931777953,0.07487870812416075,0.10999999999999999,0.03512129187583923,0.07487870812416075,0.3192844715985385,,0.01232728899699699,-0.04719421863555906,0.0077266842126846305,0.024199999999999996,0.002467010286055782
site_6411ebbe96528026,629,0.15566072940083833,-0.12726828183547872,0.08962726770490206,0.11932053666975967,0.047593845075363475,0.08962726770490226,0.39887387706851934,0.7456974887924592,15.240835224211041,-80.05174927451611,2.663663236128862,8.955318606359302,1.4247945020172934
site_651ac46c08004df7,214,0.11382033107534129,-0.08384452791046872,0.07697507976982507,0.10170371982012809,0.048004116877972805,0.0769750797698253,0.47199961774134,0.6885095591487038,2.7723845019454645,-17.942728972840307,0.7193480483898214,2.2135403778037386,0.49314058076809175
site_651b6ffa617fc102,117,0.12572354254705034,-0.09682219443484248,0.08019895146073626,0.09794072622190715,0.03241301358729845,0.08019895146073734,0.3309452036720592,0.6632612594064135,1.8493498706178573,-11.32819674887657,0.24635037300607082,1.1223091447863247,0.1229206036278161
site_653b7646a624636a,25,0.05635164144330751,-0.032933676216006284,0.045726146396283536,0.08456618709626207,0.06689142137499195,0.04572614639628367,0.7909948842656125,0.8427999868246903,0.0793876873338773,-0.8233419054001571,0.11918777236640454,0.178786,0.11186155633916822
site_655489b2dd82c473,432,0.09838324125001988,0.09411016738925267,0.02867993292925307,0.02658597445743731,0.03435308169689831,0.028679932929254845,1.2921505567492255,0.5827208337455193,4.181441252627352,40.655592312157154,0.22991249673332398,0.3053436643518519,0.5098179839358685
site_655b8133c0a83295,77,0.08652719150802354,-0.02541202014452451,0.08271145085440385,0.08222761501634823,0.059647118521941836,0.08271145085440391,0.7253903510406206,0.35455967257776455,0.5764955250104961,-1.9567255511283874,0.13390204969706476,0.5206263116883117,0.27394896359373444
site_657937702d0a4647,131,0.10072606794797923,-0.09177562323917869,0.04150874297447771,0.062484535001768836,0.0486044646427195,0.04150874297447842,0.7778639089071174,0.7480563718075021,1.3290920401181818,-12.02260664433241,0.29761466570477224,0.5114655419847329,0.30947361179990346
site_6641dc35f7f7b1d6,5,0.01900150007647609,-0.011245255517959591,0.015316697865144441,0.028336548837146692,0.025351057766214588,0.01531669786514705,0.8946416838518318,,0.0018052850257816045,-0.05622627758979795,0.003027587240934371,0.004014799999999998,0.0032133806493297445
site_667d683049a1748d,80,0.07940859477278221,0.03701715963184834,0.07025279223332118,0.09123269613329422,0.029929898610750107,0.07025279223332129,0.32806109957576457,0.784401202743167,0.5044579939030347,2.961372770547867,0.17134995432086286,0.6658723874999999,0.07166390646798249
site_669ad6ba4bcd30e6,57,0.05703829957052481,0.04516063748326218,0.03484084442148764,0.05604167314564009,0.06030745550295049,0.03484084442148795,1.0761180406984738,0.823109051631429,0.18544195422012505,2.574156336545944,0.1585675555287223,0.1790181403508772,0.20730838378670013
site_66c5aa948cb00d80,6,0.016654974630332286,-0.009129883130391434,0.013929587716885452,0.024451766580124407,0.01926182960624693,0.013929587716885452,0.7877479749010808,,0.0016643290796220728,-0.05477929878234861,0.0023246206641197205,0.003587333333333333,0.002226108478680544
site_66cab69faab895b3,471,0.12019734334933967,0.07135416162672063,0.09672634060475396,0.08392976881627574,0.05734797583407862,0.09672634060475431,0.6832852829562143,0.10149287181475374,6.804726035020591,33.60781012618542,0.23008619860218016,3.3178210700636943,1.5490202464973166
site_67582d7e0a88b810,49,0.03336422332128252,-0.026163108416357817,0.020704182085422237,0.03787679230415345,0.03976209187193542,0.020704182085422428,1.0497745308695328,0.8588672889764086,0.05454539849378821,-1.281992312401533,0.06338179864171815,0.07029791836734692,0.07747017355157941
site_6770b4e6f1f2e8bb,271,0.08084307903101852,0.001164309831123071,0.08083469434489535,0.062007567659929944,0.05119716810534098,0.04953991480782097,0.8256599966333662,0.6318702065293712,1.7711485287754019,0.31552796423435225,0.5436104594970291,1.041978319164314,0.7103316559637733
site_68221dfdbb1b1ea4,128,0.11888120787845144,0.023365777631755923,0.11656235250844468,0.12578338095050492,0.050109586343698165,0.11656235250844525,0.3983800241735911,0.3764622235614268,1.8089909230898669,2.990819536864758,0.30372144285269315,2.0251467421875002,0.32140424237267734
site_68322e90dd9563bf,434,0.1303499433798546,0.1253827286055011,0.03564097510689844,0.05430036750745142,0.049742119626400336,0.03564097510689861,0.916054934979481,0.7686978212373206,7.374140758782984,54.416104214787474,0.9010988515467824,1.2796619815668202,1.0738368537783707
site_68a69fed5c9dc2db,169,0.12496933878891228,0.08113043086098495,0.09505361027151403,0.09944242756834856,0.04545742220488929,0.09505361027151403,0.45712301395343136,0.3229788430531206,2.6393297227101113,13.711042815506456,0.24673871632255392,1.6712065917159762,0.3492177524637919
site_68bc9d9136a91d21,185,0.07120661019113556,-0.052464929032325754,0.04814366579878762,0.042326490573122995,0.04337236663121503,0.04814366579878776,1.0247097277362316,0.36901660997308655,0.938020546958781,-9.706011870980264,0.125326532726755,0.33143338378378384,0.34801500463061896
site_68cc6a1e0541208f,9,0.08284167969681117,0.034118539122740425,0.07548953028810741,0.08518190267427629,0.018210197344098997,0.07548953028810752,0.2137801196309532,,0.061764695054901494,0.30706685210466383,0.008500043913308117,0.06530360888888889,0.0029845015857992707
site_68df3e54f8cc23c6,117,0.03999585296165837,-0.023733015190587087,0.03219335714233543,0.05615548658312375,0.046984434758412706,0.03219335714233551,0.8366846699630024,0.8195323198790416,0.18716118573327983,-2.776762777298689,0.2529869670233665,0.36895232478632484,0.25828184181940217
site_68e0a7cac180b7fb,385,0.0887691356154122,-0.06238111164507928,0.06315501838992367,0.0833265780137073,0.031201344721427663,0.06315501838992368,0.3744464907258644,0.7554683307857977,3.033784383594366,-24.016727983355523,0.7561950873531305,2.6731776623376624,0.37480670628376433
site_694aad5289524593,35,0.08486272350381327,-0.04370378526108605,0.07274380382092717,0.13300396188667096,0.08220268144617922,0.07274380382092756,0.6180468632672904,0.8760257522367149,0.2520588644169631,-1.5296324841380118,0.33522429010272026,0.6191518857142857,0.23650482929297062
site_69670e737191984a,288,0.1294818465665539,-0.11506208669673651,0.05938236097762785,0.09884129238454399,0.053353873151099816,0.05938236097762787,0.5397933582608929,0.8618430537648327,4.828477994001966,-33.13788096866011,1.3089559773878299,2.813645111111111,0.8198311047044111
site_697fb58ab8720f1f,11,0.11730342195184158,-0.03678501781116833,0.11138651294588506,0.08030020944159258,0.0886561664110486,0.11138651294588511,1.1040589685576578,0.13351981860591008,0.15136102081772967,-0.40463519592285163,0.010455963170528411,0.07092935999999998,0.08645907426973898
site_69dbfe52882f2d4a,41,0.0468130888159719,0.03619008555644895,0.029694157538293246,0.02210281421431991,0.03715368793943383,0.0296941575382933,1.6809482982199975,0.6010634773766592,0.089850076664175,1.483793507814407,0.02023735260158414,0.020029910243902438,0.05659625762753406
site_6a1c5e38a054464b,129,0.06736906365645318,-0.039739914855106855,0.05439972339319474,0.07102085268098324,0.029047877721074672,0.05439972339319474,0.40900491369139286,0.7097439772224082,0.5854782051951941,-5.126449016308785,0.18888249726927325,0.6506710355038761,0.10884751681270732
site_6a31951f1e7ac87b,178,0.03654379014421976,0.022449837896261326,0.02883493326741649,0.05379300759112447,0.04243779605822797,0.028834933267416638,0.7889091530407376,0.8461330156995074,0.23770985046264964,3.9960711455345157,0.3438248732863517,0.515076404494382,0.32057204310179543
site_6a5dcbf93bf1dcc1,110,0.05463311906628984,0.011143476932157167,0.05348458301953829,0.09400310395789603,0.05790517614951363,0.053484583019538484,0.6159921716568992,0.8569296315121749,0.3283255468802543,1.2257824625372884,0.5130945796818219,0.972024190909091,0.36883103673968226
site_6a951d61e5b0518b,6,0.03136175438704044,-0.023123930325110755,0.021185926568183737,0.057964376032947074,0.07067769075705872,0.021185926568183775,1.2193297951984399,,0.005901357829398302,-0.13874358195066452,0.023719084125260515,0.020159213333333335,0.02997201582450254
site_6af774998b80a846,413,0.20112448472063324,0.19061197781707126,0.06417267539073444,0.06786904268052094,0.024526212748039462,0.06417267539073475,0.3613755517886319,0.32729456250106165,16.706287100259917,78.72274683845043,0.22500442356120154,1.9023634721549638,0.2484340011577446
site_6af9b829a3e0be45,70,0.11220127359824415,-0.04597719946929388,0.10234853651141673,0.14303219275137086,0.0648655145032917,0.10234853651141697,0.4535029020777563,0.7647520626623564,0.8812388057947628,-3.2184039628505716,0.4966682073154619,1.4320745714285716,0.29452744802437225
site_6bb6d38be9a11acb,136,0.10066025215456838,0.06954007210643853,0.0727781885955718,0.08791988948726233,0.07128480728247386,0.0727781885955719,0.8107927307256393,0.5995167917638775,1.378018145479695,9.45744980647564,0.5110040867419475,1.0512673475735292,0.6910872299047235
site_6caf07a2afe1dffd,660,0.15179122505903514,-0.14850430180656185,0.03141732563201781,0.03945644272308343,0.0200571822401695,0.031417325632018434,0.5083373172015665,0.614146720907696,15.206780163248956,-98.01283919233083,0.320777517029327,1.0274951757575757,0.2655117692141447
site_6cb3e406456efe20,55,0.07211572702070566,-0.06685875650124115,0.027029331527669745,0.028467427580620118,0.022625820692591794,0.027029331527669745,0.7947968121993172,0.4593529201781444,0.2860372946048716,-3.6772316075682636,0.016272779386558314,0.04457169381818181,0.028156026910732324
site_6cb8ba95bd0dee4d,341,0.06010351856172831,-0.02903614771130148,0.05262447215495374,0.0826569448695578,0.060870908337114914,0.0526244721549539,0.736428238827073,0.7719618624942449,1.2318396337335067,-9.901326369553805,1.3244615525260808,2.3297701524926686,1.263496211288837
site_6ccc6476b82407ef,37,0.06760322092288192,-0.033984065838762234,0.05844038627708285,0.08007879611082781,0.03586236627849087,0.05844038627708315,0.4478384793504876,0.7457729656207346,0.16909723272847524,-1.2574104360342027,0.07924371683859341,0.2372667027027027,0.04758604465842764
site_6ce971c90b49aeb0,57,0.10174017315919756,-0.08765278171363632,0.05165319634180571,0.0547489648069256,0.021321571030885066,0.05165319634180584,0.3894424507582277,0.33581043869409716,0.5900105815644198,-4.99620855767727,0.022344166620402485,0.17085460140350875,0.025912735299829404
site_6d0e46f32994dd93,485,0.04417821621578046,0.026454114793502174,0.03538212258331115,0.04810719996959778,0.0476800167833305,0.03538212258331116,0.9911201818742883,0.7271474733555563,0.9465816721840002,12.830245674848555,0.8089295820367245,1.1224368041237112,1.1025912402224591
site_6d48a42f8098677d,204,0.04986544061142933,0.04025427445550175,0.029430520814846685,0.059571649550932755,0.05555509890958636,0.0294305208148467,0.932576138622579,0.8715786984675333,0.5072586821438849,8.211871988922356,0.5884374787432745,0.7239514117647059,0.6296192790302004
site_6d6ecd1531a550b1,62,0.08669426924691068,-0.05956328860309816,0.06299294381944598,0.10573485972901592,0.05260793409827513,0.06299294381944627,0.49754578795585597,0.897020918466943,0.4659855718558622,-3.692923893392086,0.3093596739498598,0.6931513548387097,0.17159087326548447
site_6d764ff710881490,548,0.034429145665829455,-0.01811999104993187,0.02927510880644668,0.04997190946629732,0.03944102422442869,0.029275108806446994,0.7892639013730103,0.8107169154090591,0.649580607060839,-9.929755095362664,0.8756366321544304,1.3684610711678833,0.85246572674584
site_6eaed325c7afd5f2,128,0.029286274107446417,0.024466901650000365,0.01609523453528081,0.016433540379043356,0.015332009420565897,0.016095234535280886,0.932970563063686,0.4883234895091983,0.10978378894035026,3.1317634112000468,0.01574881200104137,0.034567839921874996,0.03008902564765714
site_6ec0b265c8640204,38,0.024870501745411007,0.007962198813494883,0.02356152047561601,0.027717310610505204,0.03045234372573963,0.02356152047561601,1.0986759918257658,0.6755759411685511,0.02350459056860269,0.30256355491280557,0.02166853667619197,0.02919347368421053,0.03523911905884257
site_6ed688016a61001c,62,0.0408635546999096,0.005838887561521224,0.040444251689905404,0.04897456784950518,0.02412184248956011,0.04044425168990542,0.49253813864544044,0.5691058252294837,0.10352946636817524,0.36201102881431585,0.04168365667779599,0.14870751435483873,0.036075523675651144
site_6f1d891d977773b1,32,0.0353050525283329,-0.023830098867416383,0.02604943611668985,0.05133711156110655,0.04468262349830961,0.02604943611668985,0.8703766561763783,0.8617425959733697,0.03988629548890705,-0.7625631637573242,0.06325540390610696,0.08433596874999999,0.06388917896613408
site_6f28bfb579cd23b2,141,0.06584242490191883,0.018941074945740665,0.06305918328732664,0.09158899281270898,0.07155949395815879,0.06305918328732675,0.7813110698191794,0.7272470275225998,0.6112667132920397,2.670691567349434,0.6720655149106334,1.1827846482269504,0.7220273257522347
site_6f4dcb1e04a51328,266,0.052769521492686426,0.007776011948657215,0.052193448216624236,0.04702640402698127,0.049869019191912924,0.05144989606360329,1.0604472152134088,0.43734955861883057,0.7407095580188472,2.068419178342819,0.27282422280691804,0.5882543917385621,0.6615204739934588
site_6fa03518f2e15749,74,0.053845705092633776,-0.0030553646450107138,0.05375894998796857,0.10000801647926467,0.06007339539356716,0.05375894998796858,0.600685800083062,0.8922029536634714,0.21455263681229364,-0.22609698373079282,0.3966544851455334,0.7401186486486487,0.2670521497242773
site_70208b23c7d145de,47,0.1822459579793663,-0.17585426354408265,0.0478421069057925,0.047286902566868266,0.03016754374574968,0.04784210690579257,0.6379682767990533,0.30047206719952635,1.5610386923913966,-8.265150386571884,0.020145719435620813,0.10509440425531914,0.04277379269563086
site_7062702ffcf77fca,399,0.050599099078354935,-0.040924881475013594,0.02975605659016779,0.08608693131198943,0.0777115538727186,0.02975605659016829,0.9027102335786898,0.9390671040895435,1.0215472621889305,-16.329027708530425,2.5066421776239514,2.956972937343359,2.4095951565196656
site_70a4655a50185729,555,0.03665623442714247,0.02428922153807975,0.02745383833732011,0.058908875635183995,0.06333792347939608,0.02745383833732034,1.0751847288962137,0.901626354505089,0.7457421349195819,13.480517953634262,1.8670851958032932,1.925991873873874,2.2264893656284173
site_70a6cc65be0123f1,70,0.05534687508375356,0.049901480656862264,0.023939899953621828,0.06977799928110198,0.07778587798699106,0.023939899953622442,1.1147622286163463,0.95311193858927,0.21442936070756347,3.4931036459803586,0.36212726158318775,0.34082784285714285,0.42354499699449427
site_70dba7fc35b9a591,3,0.08871237277645976,-0.07960175681114197,0.039159231302585244,0.08112678691748833,0.04243284439068632,0.03915923130258651,0.5230435717100878,,0.023609655250888675,-0.2388052704334259,0.010272984663645426,0.019744666666666667,0.005401638849252599
site_70ecc850263e23bf,307,0.0717043046966133,-0.04251811941011721,0.057738348035354936,0.06720525191563823,0.0479493948034546,0.0534762153446575,0.7134769000441331,0.613816090108758,1.5784427447916014,-13.053062658905983,0.6072436575092239,1.3865795867086295,0.7058373498393906
site_719e76f9794e1f46,104,0.11697461458820624,0.05834748178101504,0.10138358756659537,0.12703211367949516,0.0561497454449057,0.1013835875665958,0.442012211074223,0.6316799612345506,1.4230382876381766,6.068138105225564,0.4685886395597831,1.6782644222115386,0.3278905670068817
site_71caeba631cb8f76,161,0.057631855781726936,-0.03454516760606943,0.04613092450747486,0.07159939162224704,0.04829710002452908,0.046130924507474906,0.6745462346850783,0.7708146758307649,0.5347503589361694,-5.561771984577179,0.42914715472104387,0.82536213378882,0.3755501891954781
site_71e9fd683ed1988c,57,0.09662589659955982,-0.08424147762959464,0.04732797629786565,0.09840002589914755,0.06137622795058264,0.04732797629786572,0.6237419897987481,0.9280414859666868,0.5321841419391231,-4.801764224886894,0.31947556974738833,0.5519062105263158,0.21472135737418724
site_72da2835c7ea074f,53,0.04728825506895091,0.03849659772189159,0.02746253869009588,0.02941610428270942,0.02038578379643585,0.027462538690096638,0.6930143978452805,0.439154902232465,0.11851749057570655,2.040319679260254,0.01395745303282198,0.045861281132075486,0.0220257495927364
site_72f791e7a3b14404,210,0.09222162638370125,0.0143964013730912,0.09109100943759403,0.09892015738002866,0.04259360037742682,0.07737210521382651,0.43058565115087655,0.6660909741316243,1.7860139582995465,3.023244288349152,0.5893618147181239,2.0548914825788236,0.38098510655350615
site_734432da6e99253a,201,0.04564605609952887,0.016492725586120166,0.04256233593427731,0.05636410211409862,0.03938642364984347,0.04256233593427734,0.6987856130505369,0.656908936886853,0.41879604992570857,3.3150378428101535,0.29312331845455647,0.6385593134328358,0.3118093639529147
site_73483f87b1a225a5,300,0.0818916800916307,-0.03344663137038549,0.07475005095786577,0.10228068846724357,0.05529964944171497,0.074750050957866,0.5406655965111659,0.7011756928149759,2.011874180468995,-10.033989411115646,1.1897730515259506,3.1384017699999998,0.9174153685129699
site_734a8ec3d3587deb,510,0.0789972125068961,0.07336937884851996,0.02928299559884629,0.03817370726275138,0.035018208882346566,0.029282995598846468,0.9173384350991803,0.6829919944230991,3.1826853877684487,37.418383212745184,0.46563332730829715,0.7431882823529411,0.6254002261971046
site_73fced68c3c0a0ff,515,0.06927059331085123,0.018063062426881882,0.06687406727125182,0.06600998664793696,0.0675439548001369,0.06687406727125184,1.0232384254276754,0.4987426185263668,2.4711837752832335,9.302477149844169,1.145196048180238,2.2440189436893205,2.349525702472113
site_741bd07218da164c,66,0.020654734511911525,-0.013249595820000678,0.015845070790759176,0.022582272244902273,0.013291322771179462,0.015845070790759187,0.5885733121555051,0.725561425662015,0.028156791811998236,-0.8744733241200447,0.014373216408750777,0.033657295303030306,0.011659511226506464
site_74428aba30f813ae,171,0.03499851649353882,-0.003472495037491558,0.034825822818177685,0.05189618521505716,0.07367850535752024,0.034825822818179974,1.4197287344377514,0.903446748867052,0.20945724280399505,-0.5937966514110564,0.5907108009418984,0.4605396008187134,0.9282772879438018
site_7463527a899d9995,969,0.05450914243710952,0.016527983737250233,0.051942972217714746,0.087765574681036,0.06633231553593953,0.051942972217714746,0.7557896792336771,0.8077288290268713,2.879137964342992,16.015616241395474,4.556577063100887,7.4640094200206395,4.263576825744302
site_74ac127e792b6d34,11,0.08978299604332314,-0.08538382973020726,0.027759466837789806,0.020652008486959673,0.030753402300802767,0.027759466837789876,1.4891240394473704,0.4736818697235374,0.08867085016366917,-0.9392221270322799,0.0033092906467616567,0.004691559999999998,0.010403489283825229
site_74d6733a337aa5b5,241,0.06861283375365752,0.05283870156226812,0.04376976779605543,0.06300647379505633,0.06239529999748884,0.04376976779605603,0.9902998253869042,0.7563890796296906,1.1345607503253978,12.734127076506617,0.716637193787642,0.9567255933609959,0.9382548042881681
site_754a56eb31e06ac7,75,0.07181420445402042,-0.04804839124997457,0.05337257778722342,0.11176147139729725,0.06414260597785057,0.05337257778722371,0.5739241366090475,0.9594711744430592,0.38679599710228857,-3.603629343748093,0.5158600624074539,0.9367969866666668,0.30857054262223443
site_756658a5e0df9526,54,0.08138234739383014,-0.07395337063559779,0.033970361183890206,0.05108336622828042,0.029137334044488348,0.03397036118389032,0.5703879011081603,0.7741392919567238,0.3576466692358228,-3.9934820143222804,0.06222174573965648,0.14091355648148152,0.045845148701885385
site_75a0a6603ab1116e,378,0.05518975129724969,0.016107878063406265,0.05278678729139243,0.09667253597122769,0.055361762929632734,0.0527867872913925,0.5726731214138198,0.8991150404682288,1.1513534690393596,6.088777907967568,1.8189471686220675,3.532628941798942,1.158541572387852
site_75b87fcb8d56b55c,180,0.12273973225975764,-0.10885931580689218,0.05669824721499163,0.07387945143573038,0.0808412114819363,0.05669824721499163,1.094231344587908,0.7349332085260759,2.7117075375354585,-19.594676845240592,0.790090522295336,0.9824712019999999,1.176354265296087
site_75f094d197034591,390,0.033145608024998774,0.0027740817659940476,0.033029317306030447,0.03546651326878781,0.02142724551459662,0.033029317306031133,0.6041542722908033,0.4119118821291765,0.4284662192252766,1.0818918887376785,0.12208259935665589,0.49057068974358975,0.1790594716336924
site_76b0c722c519421c,779,0.0344567380143267,-0.01667582705869448,0.030152671299512747,0.040418565595877066,0.03988967274367592,0.030152671299512747,0.9869146060874784,0.7181314759674584,0.9248808329840105,-12.990469278723001,0.9019506800474697,1.2726214865211811,1.2395338874545003
site_7701ccd363543751,52,0.020603976869834485,0.00042066551573001433,0.020599682118337407,0.04547414572033303,0.04878935689390557,0.020599682118337733,1.0729032095283584,0.9068452724711513,0.02207524086833907,0.021874606817960746,0.10462276166519865,0.10753069230769231,0.12378086999828632
site_772df34a4c6e4a0a,60,0.25140991329137374,-0.24517458501021067,0.05564501205181854,0.044547060602618135,0.02612186899374752,0.05564501205181911,0.5863881621004704,-0.18458033010615235,3.7924166700705633,-14.71047510061264,-0.012887241545617574,0.11906643649999998,0.04094112238359049
site_783ea304b6cb08b0,11,0.15659888647659617,-0.15131800694248895,0.04032458332906522,0.03451624841952958,0.07387874910397452,0.04032458332906541,2.140404953806432,0.984967638881766,0.2697553237028084,-1.6644980763673785,0.027628529244051743,0.013105085454545456,0.06003876526084817
site_792ac7c0f3887a80,3,0.1767492087956303,-0.02333073506355284,0.17520262444174636,0.15293900745068276,0.024890557384471983,0.175202624441747,0.1627482602337293,,0.09372084842964394,-0.06999220519065852,-0.010029119646549223,0.07017102,0.0018586195407290784
site_794f4adab7e8609a,986,0.06936166414600543,0.002051650737470837,0.06933131458695048,0.08664961290865873,0.056661541787296016,0.06933131458695069,0.6539156943150515,0.6020585529297582,4.743685886759811,2.0229276271462453,2.914544294421529,7.403041241379311,3.1655828932655035
site_79798e714cfe0874,3,0.13104809840151757,-0.06917942309379578,0.11130054588843412,0.07258178528773977,0.09568917825340369,0.11130054588843456,1.318363524320297,,0.051520812283961506,-0.20753826928138736,0.0030550843129555395,0.01580434666666667,0.02746925650443499
site_7a906ff08163d278,8,0.15802947167215078,0.15672494745850563,0.020263384739666743,0.04675608082110818,0.04024417991433433,0.020263384739667087,0.8607261174928496,,0.19978651133583286,1.253799579668045,0.01358048139847815,0.01748904875,0.012956752135818483
site_7c54957b5bc14b62,396,0.061389051746836815,0.05589177663157684,0.0253914351571889,0.022025910320260998,0.030020752693334426,0.02539143515718911,1.3629744358724283,0.5608157493012582,1.49237180705282,22.133143546104428,0.14684894499701984,0.19211572727272727,0.35689325454064114
site_7ce6c15ef40a9887,868,0.13471427266098124,-0.11802694627133795,0.06494286113530805,0.07566468504602744,0.04672839157850611,0.0649428611353081,0.6175720093208721,0.5219791527633286,15.752407804445008,-102.44738936352134,1.601942577701947,4.969425480783411,1.8953149590183263
site_7d5d2b00a197b946,177,0.11972597820932263,-0.039576531754240474,0.11299561050096056,0.09956295488153498,0.01698253583370829,0.11299561050096057,0.17057082982234673,-0.7590406145861116,2.5371728448977175,-7.005046120500564,-0.22716352436931456,1.754562411299435,0.05104795463174394
site_7dc3504cdb8699cf,179,0.05818120796085831,-0.04900286602507757,0.03136514117795329,0.043815180527190765,0.045405340374623994,0.03136514117795331,1.036292440845848,0.7533874101136994,0.6059244798014509,-8.771513018488886,0.2682890393757288,0.3436388379888268,0.3690344432818473
site_7de361dfa684e7f9,3,0.0805946470689563,-0.08021773139635723,0.007785416224680011,0.04027681991198192,0.03249223609408596,0.007785416224686348,0.8067229777597182,,0.019486491408508878,-0.24065319418907166,0.003926032384236654,0.004866666666666669,0.0031672362191814685
site_7df014884b3dac8e,148,0.17042518248241434,0.1654324473585631,0.04094933680928747,0.03602433790981813,0.051687169245057576,0.04094933680928878,1.434784710671134,0.6155942706455153,4.298621937976305,24.48400220906734,0.16964264689526848,0.19206743243243243,0.39539139275594937
site_7e8e5e3d7101de47,48,0.042692512734368644,0.021675542005399867,0.0367807221564011,0.059163375348596274,0.035299906176504,0.036780722156402525,0.5966513230273555,0.8124561251604645,0.08748723089156298,1.0404260162591936,0.08144560407269746,0.1680146391666667,0.05981200205135928
site_7f0acd7df3af84c3,388,0.09351656823287594,-0.026564623122055507,0.08966420318297202,0.09903529517662706,0.03678754393872367,0.08966420318297211,0.37145892151998916,0.4284129089690678,3.393195231213006,-10.307073771357537,0.6055988869816065,3.8055,0.5250894749488875
site_80ae082a98e7f1d4,133,0.05937484438093552,0.0094154341418044,0.05862355964270384,0.08540269575418945,0.04821010532419077,0.05862355964270434,0.5645033203981248,0.7506319129683113,0.46887449531962133,1.2522527408599853,0.41104401132598856,0.9700515187969923,0.3091204959641525
site_81129771a744e168,1,0.05495262634754183,-0.05495262634754183,0.0,0.0,0.0,0.0,,,0.003019791142492549,-0.05495262634754183,0.0,0.0,0.0
site_8126bf120df6e8fa,258,0.06167833148943165,0.049826073377862455,0.036353527848945855,0.05492842855649593,0.03577969275660081,0.036353527848946,0.6513875182101755,0.7570614993745857,0.9814878764326157,12.855126931488513,0.3838704200588571,0.7784201240310078,0.3302880947492422
site_814a74a697656439,144,0.072877677930215,0.0664298496219433,0.029970502493387504,0.03232151845992938,0.04352832108716305,0.029970502493387844,1.3467288407606008,0.7254112561987894,0.7648064554320213,9.565898345559836,0.14696382762119176,0.150434,0.27283892208007154
site_81c3c43b60e335cf,79,0.0828729366491473,-0.04646137931286534,0.06862407639596783,0.08524339088629278,0.03268676037564059,0.06862407639596901,0.3834521367086614,0.6506041554906122,0.5425659666794329,-3.670448965716362,0.14321104723169834,0.5740484194936708,0.0844055200045093
site_81d19e24593ab11d,26,0.05522853199290332,-0.02931949729873584,0.04680339543495287,0.05531043376109283,0.024449190217237318,0.04680339543495313,0.44203577073437605,0.5422074392711662,0.07930495939836979,-0.7623069297671319,0.019063839091417883,0.07954034615384616,0.01554183545924498
site_827e793321bdd790,11,0.10936078466304035,-0.061377561544288285,0.09051285080579988,0.127330732236569,0.07276522095079177,0.09051285080579988,0.571466288402399,0.7185622741983724,0.1315575934432747,-0.6751531769871711,0.07323424125008962,0.1783442690909091,0.058242551180193
site_82fc0f846e9a1ddb,251,0.18588953850170933,-0.1832588974114433,0.031162430006669364,0.06195967850119999,0.05387656884219636,0.031162430006669423,0.8695424209012466,0.864332994288977,8.673285051618997,-45.99798325027227,0.7242089679755568,0.963589441752988,0.7285738522221887
site_83403fd7c9ad70f1,108,0.05743043269026377,-0.04984439630342853,0.028527018002898183,0.04540135475452196,0.03184004950024834,0.028527018002898186,0.7013017490866191,0.7821354911425091,0.35621149669101915,-5.383194800770282,0.12210917451767321,0.222618565462963,0.10948918523525258
site_8350ab85e51c782b,81,0.056032091590566296,-0.012541581245704935,0.05461047544080708,0.06538657500920378,0.041543347628839,0.054610475440807396,0.6353498041913249,0.5556941573025858,0.25430721832910247,-1.0158680809020997,0.12226747077883761,0.34630773950617283,0.13979382830905562
site_84025ad53bb001c3,582,0.07328811584694965,-0.0025880023694734807,0.07324240689744918,0.09712693086174341,0.05991346003506392,0.07324240689744918,0.6168573381603966,0.6580629138908989,3.126008091998421,-1.5062173790335658,2.2287146481443005,5.490378886597938,2.0891604075432033
site_841029a3fc0d0421,80,0.11729674306182225,-0.09554137412086129,0.06804683507709056,0.06869845226604454,0.05168962115300275,0.06804683507709068,0.7524131832377727,0.388753149734557,1.1006820746328916,-7.643309929668903,0.11043690058728681,0.37755818750000003,0.21374535479527595
site_84dbfb194c437ec0,301,0.05392538461594961,0.026877127917650522,0.046750049207207746,0.06362632770447298,0.04904100581198353,0.04675004920720776,0.7707659326146511,0.6838707734939694,0.8752920788994065,8.090015503212808,0.6422982904634119,1.2185411827242527,0.7239110955663517
site_863f22c1c90857e1,146,0.02877921499114723,-0.02100658149323235,0.019671470445161487,0.040772729973309975,0.044614939023214416,0.01967147044516178,1.0942347753613646,0.8976939882521731,0.12092350946397434,-3.0669608980119234,0.23841373271541033,0.24271266438356165,0.2906119464705905
site_86b7f22d3a648755,251,0.0796794808828826,-0.02052382302621446,0.07699085895191898,0.10012945980962007,0.0549163134553207,0.07699085895191914,0.5484531082034715,0.6468860872492158,1.5935537381151792,-5.15147957957983,0.8928217893134491,2.516503089163346,0.7569661723642824
site_86deda94196a1d6c,8,0.022565249148804454,0.007008750462532045,0.021449193134045322,0.06693551817794496,0.0744228901861572,0.021449193134045325,1.1118594762844356,,0.004073523753180961,0.05607000370025636,0.03823624916523695,0.03584290875,0.04431013266928652
site_86f357dc9d6e4680,58,0.16348074565530565,0.133813599791609,0.09391418801664547,0.10935828825954741,0.032950522384185596,0.09391418801664582,0.3013079567044969,0.5862633214458444,1.550105343600855,7.761188787913322,0.12252782534306933,0.6936356422413793,0.06297274167266154
site_87666ca1581a674d,87,0.19442819811802986,-0.18723865366119075,0.052383306487549276,0.06475606432062356,0.06642607215569314,0.0523833064875493,1.0257892114443667,0.6813637559963753,3.288802207437877,-16.289762868523596,0.254986565644628,0.36482126436781603,0.3838808063969016
site_87ec218e6b6d4b81,397,0.1080363899271556,-0.09821970200245868,0.04499724088253218,0.03664557177826156,0.05610826244481385,0.04499724088253242,1.5311062079838447,0.5997422639803832,4.633729034751486,-38.99322169497609,0.4895572466604994,0.5331304785894209,1.2498104344867151
site_88607d4559554ef6,42,0.04745564416144911,-0.04313521199354104,0.01978362072650891,0.035382426425744774,0.033364309491987154,0.019783620726508945,0.9429627321350349,0.8359527750746663,0.09458560283667933,-1.8116789037287238,0.04144773357059983,0.05258047619047618,0.04675344021083837
site_88b325bed90e5cd8,187,0.06080881088174588,0.006309958546556889,0.060480541531906525,0.09319952033418968,0.0402520774681496,0.060480541531907024,0.43189146600557526,0.8861162136848169,0.6914720469193121,1.1799622482061383,0.6216332939275128,1.6243101604278074,0.3029829614738584
site_88edadfb8f5755a7,34,0.07102206274271658,0.010583886664579894,0.0702290163629087,0.039224853095276485,0.0756335402051524,0.07022901636290872,1.928204549840884,0.3921689738205738,0.1715005354718326,0.3598521465957164,0.039557415005148325,0.052312029411764716,0.19449470173478972
site_8905c26daaab430e,211,0.11570287696161624,-0.10754860452594349,0.042666771634576606,0.06516121103503932,0.04397120192974603,0.042666771634576627,0.6748063952663691,0.7606748412622777,2.8246898605481254,-22.692755554974077,0.45987414351363454,0.8959025023696682,0.4079614524199117
site_8922fa4ef2bfa4f1,176,0.06997187862417246,-0.010826272180473257,0.06912926752736669,0.06597570693034428,0.05444934520206099,0.06912926752736669,0.8252938503493025,0.35334540713963114,0.8617072284824825,-1.9054239037632934,0.2234029132739048,0.7660917272727273,0.5217926899562435
site_899e1b3be68444b6,2,0.08185583813928156,0.07851251938343047,0.023155183815956118,0.025599999999999998,0.048755183815956116,0.023155183815956118,1.904499367810786,,0.013400756474968523,0.15702503876686094,0.002496265411376953,0.0013107199999999996,0.004754135897855338
site_89b67bc04797f8a3,780,0.04993887560179174,0.0410699591208727,0.028410381098835626,0.03002518173902597,0.03361336570489566,0.028410381098835626,1.1195058200499037,0.6065014986056568,1.9452352111695597,32.0345681142807,0.47744585393369193,0.703179,0.8812895161286236
site_8a227a0556c22f70,136,0.036498672555345626,0.0011172322582672627,0.03648156918751477,0.06560314944766311,0.05485812161625438,0.03648156918751545,0.8362117074885116,0.8311343880278563,0.18117282136911825,0.15194358712434775,0.4067951647346237,0.5853131575735293,0.4092802369878708
site_8adbe57839dd7587,31,0.04897636319555305,-0.045257893687294375,0.018719166937988516,0.012507229959055654,0.01545931171767525,0.01871916693798876,1.2360300216981452,0.11640334098954928,0.07435920870774441,-1.4029947043061257,0.0006977155923002183,0.004849354838709678,0.007408699882311791
site_8b5408c589cc3993,120,0.09253813953539701,-0.04180329770425955,0.08255780744255296,0.08819829703571379,0.031279648880217885,0.08255780744255299,0.354651392730995,0.35188418621195355,1.0275968722407127,-5.016395724511146,0.11649386786088348,0.933472752,0.1174099720883659
site_8b64753d75204fe6,178,0.11594495612636632,-0.0428170108061828,0.10774941501821823,0.11118993593674281,0.04678390236210554,0.10774941501821837,0.42075662664938873,0.28278123785523107,2.392895447503812,-7.621427923500538,0.2618379053997399,2.2006499299438205,0.3895945666004104
site_8b8c1728607fc339,11,0.06907729282757424,0.06446926654360512,0.024806975948632636,0.07558856116180805,0.09203276583623672,0.02480697594863338,1.2175488515944566,0.97520534593936,0.052488396228250835,0.7091619319796563,0.07462550980645147,0.06284993636363635,0.09317032986214341
site_8bf3ec991527937e,292,0.035051145063888414,-0.0038712273618946346,0.034836710077191094,0.04562141821773009,0.06610630089349238,0.03483515545940169,1.4490189800325222,0.8683863317026245,0.3587461689246068,-1.1303983896732333,0.7647288392720464,0.6077436296575343,1.276052561203718
site_8c584caec5491a2c,154,0.06500556667050524,0.04987009374739287,0.041697691156462706,0.08113238142631385,0.069494850102823,0.04169769115646324,0.8565612013489299,0.857823259151328,0.6507614495156393,7.679994437098502,0.7448441045382967,1.0136993506493508,0.7437482653853309
site_8cafedb38b43a4db,149,0.05963189725879768,0.035061524371972824,0.04823538824760673,0.10546118493910432,0.08039304456818548,0.04823538824760673,0.7622998415446047,0.899848327161028,0.5298385124318865,5.22416713142395,1.1367545595907125,1.6571871677852348,0.9629932006263964
site_8cc96a31a772bfea,373,0.08073306487873713,-0.057634671037062886,0.056533816952014856,0.09165065045932753,0.05654371681583398,0.056533816952014856,0.6169483416915494,0.8105486335259277,2.431149756238463,-21.497732296824456,1.5667792604062858,3.1331409651474527,1.1925525829332613
site_8ce1daba0ed42d33,7,0.08542503479135931,0.08283005787985666,0.020895408125340496,0.08287262170687873,0.08264434512526346,0.020895408125341474,0.9972454523953316,,0.051082055983734644,0.5798104051589966,0.04641469395160675,0.0480751,0.047810614468285606
site_8cee030029879195,657,0.1379055235834019,0.13130136674461118,0.042164967992509295,0.06407762573347169,0.05428216198819435,0.04216496799251007,0.847131293752656,0.758222849324668,12.49478226667163,86.26499795120955,1.7327096162449618,2.6976039726027397,1.9358853933439595
site_8e38800fbe0e21e5,171,0.0329027864234168,-0.009312367501035767,0.031557458166820616,0.041607609617375106,0.06503710432183457,0.03155745816682465,1.5631060020010243,0.9174195133302866,0.1851234636066717,-1.592414842677116,0.4245198932840113,0.2960340334502924,0.723300064495332
site_8e3ea373de88dc00,149,0.0482882073605788,-0.028856302556575546,0.03871775784910108,0.055335226554785746,0.05675489430671784,0.0387177578491016,1.0256557683111052,0.7616577142610054,0.3474308945446403,-4.299589080929756,0.35641102118170104,0.4562361073825504,0.4799465861372403
site_8e6ad22dcccafcc7,320,0.08745556959387357,0.04926360227540135,0.07226046044580628,0.07619476867500484,0.04405835133022491,0.07226046044580645,0.5782332842054804,0.3761088770395274,2.4475125289564366,15.764352728128433,0.4040331122456118,1.8578056875,0.62116426302001
site_8e827922ba5b5da3,25,0.029775541272303703,0.00017735916328430302,0.02977501304426012,0.011159222912013187,0.035192564290152606,0.029775013044260144,3.153675176814231,0.6066553900920042,0.02216457145146653,0.004433979082107575,0.005956167944133285,0.0031132064000000017,0.03096291453291311
site_8ea1310ade5fc61a,6,0.02256855138439385,0.0037209883034229293,0.022259689073206197,0.08628036502524135,0.08939748605646078,0.022259689073207065,1.0361278145996198,,0.0030560370695401533,0.022325929820537577,0.044822154433404406,0.044665808333333334,0.0479514630792906
site_8eb987af49bead43,440,0.050396895117246696,-0.025046627700328825,0.04373229331169227,0.06812741162612912,0.0401499034708707,0.04373229331169233,0.5893355187366589,0.7934835670280842,1.117532696481856,-11.020516188144683,0.9549860067652031,2.0421914545454545,0.7092864894369032
site_8fa7ffd1566cb92a,51,0.0643604898146284,-0.035240810451086825,0.05385497124620397,0.06789407466676178,0.025374781741088315,0.05385497124620402,0.3737407404936736,0.6829378475263906,0.21125590510812323,-1.797281333005428,0.0600047383810229,0.23508987411764704,0.032837856968801316
site_8fd20385af85644b,310,0.06528402015645682,0.05549739051326629,0.034380851269372036,0.04176149128091864,0.03648392934422888,0.03438085126937216,0.8736261140391519,0.6212350270141718,1.3212210192144844,17.20419105911255,0.2934237296611071,0.5406468677419355,0.4126339011223523
site_901a320e9c405a2e,98,0.035162748575049,-0.009785761831974498,0.03377362510480599,0.045669371385158516,0.05072532559954602,0.03377362510480624,1.1107077689278329,0.7593244202455028,0.12116905096050683,-0.9590046595335009,0.1723865269715993,0.20439776530612244,0.252159748403636
site_90c4f5b431597729,821,0.0708837347049311,-0.02791149087415398,0.06515713716010758,0.11173785338653891,0.07222107623151086,0.06515713716010779,0.6463438668512255,0.8337091672166581,4.125117657335343,-22.915334007680418,5.523597365117274,10.250470609013398,4.282240642522954
site_912580bb93bae080,334,0.03684796208514644,0.030360691204934776,0.020880630722920856,0.04433524401755523,0.04295717077965769,0.020880630722920887,0.9689169808707522,0.8860336417098381,0.4534959514826823,10.140470862448215,0.5636135845650099,0.6565150299401197,0.6163363861451538
site_912957a44bff743f,166,0.05748419587718253,0.04017301481017865,0.04111644022416649,0.042314771496204724,0.042268687020127836,0.0411164402241667,0.9989109127983588,0.5274043545312762,0.548535840757284,6.6687204584896564,0.15658947099534773,0.29722962120481927,0.29658255579931686
site_916f2628195f7cd3,128,0.03554347139311223,0.02673836953062564,0.02341789814472464,0.0258360213537156,0.023200594374655215,0.023417898144724707,0.897994085738694,0.5483462670274938,0.1617073099101424,3.4225112999200817,0.04207165601345478,0.085439999921875,0.06889825015517226
site_917287f92c952f20,38,0.057096832954957696,0.0030652866078050545,0.057014492469006105,0.07256406401536915,0.04896163922083568,0.05701449246900631,0.6747367293329319,0.620927746978009,0.12388183667248102,0.11648089109659207,0.0838305298522703,0.2000906486842105,0.09109520037726843
site_91e14ae535f79ace,96,0.05456320877394994,-0.01657412652547161,0.051985017857333726,0.07714961114613605,0.040527200593299714,0.05198501785733395,0.5253066086948057,0.7823168973813288,0.28580580016412616,-1.5911161464452745,0.23481957150250674,0.5713980000000001,0.15767558284123706
site_91ea89ee8d5d5b53,178,0.07469034720248093,-0.058052518811788446,0.046995244704481506,0.06795773599882206,0.05727070094630849,0.04699524470448169,0.8427399780843374,0.7309420339472544,0.9929993378104327,-10.333348348498344,0.5063774299278352,0.822049191011236,0.583828107264907
site_91ee6299c921b981,293,0.11586881939597125,-0.0906121931692439,0.07221505215172132,0.0884706502014643,0.03392610478790674,0.07221505215172133,0.38347299031543935,0.6268644380024296,3.933695909307348,-26.549372598588462,0.5512828366655488,2.2933273924914674,0.3372373117214484
site_92ac3b6c2c87c639,732,0.060608394228601224,0.03961330637270635,0.04587116097497036,0.040459181415225275,0.040191160821400757,0.04587116097497042,0.9933755309808701,0.3530257438102754,2.688912294109705,28.996940264821053,0.42020875767587884,1.1982440040983606,1.1824211267816838
site_92b0fa719fa97ab5,94,0.08416140205602647,0.06829651861621978,0.049180556533456175,0.04882004723699809,0.07470559031765615,0.049180556533456904,1.5302236385597103,0.7602682677233848,0.6658153100273968,6.41987274992466,0.26064296951160787,0.22403931914893616,0.5246069711226913
site_92d25300e45f668d,35,0.03106084071147849,-0.0015573614989008238,0.031021773818812826,0.04039826223783313,0.025086549851345143,0.03102177381881306,0.6209809150615268,0.6408802871831552,0.03376715389963439,-0.05450765246152883,0.02273257217726537,0.05712068571428571,0.022026724420540877
site_92f4bc71b766e85f,213,0.16396865587879417,0.1545269149082927,0.054837511610426666,0.07759476760749293,0.07736375606414088,0.05483751161042672,0.9970228463790162,0.749534569743029,5.726658383578763,32.91423287546635,0.9583877524920332,1.2824619154929577,1.2748371102509537
site_9325c992d0f1e0e4,864,0.14025440712347947,-0.12470599411705648,0.06418499629068623,0.0828518450934098,0.03345044801196203,0.06418499629068625,0.4037381180135328,0.6970490134785476,16.99600209197074,-107.7459789171368,1.6690954861791103,5.930865995370371,0.966757655981642
site_93742f2df91eb28f,113,0.09637412478107618,-0.0421348442343484,0.08667541074991014,0.10567964792962681,0.05923913685142588,0.08667541074991016,0.5605538815844072,0.5722373600887467,1.049540827786984,-4.761237398481369,0.4048132618412903,1.262005242477876,0.3965481128439219
site_93e093b0ecc1d78c,41,0.06315964439309163,-0.02835837817250229,0.05643529983341221,0.06770100712145112,0.05447086922636474,0.05643529983341222,0.8045798953721267,0.5919028358329776,0.16355476787433343,-1.162693505072594,0.08949395729107101,0.18792048097560976,0.12165009936530491
site_94398cd24f99ecb3,80,0.140582775191271,0.1366293847307563,0.03310480189601542,0.051530208070121354,0.057046847917895674,0.033104801896015425,1.107056424850204,0.8187709951093858,1.5810813344383554,10.930350778460504,0.19255109170172363,0.2124289875,0.2603474285894014
site_947d9a648844f933,171,0.06833673628721429,0.03971874475130561,0.0556087299060939,0.07570941371040533,0.048409920652977174,0.055608729906093994,0.6394174552473628,0.6798072315842242,0.7985545290123941,6.791905352473259,0.4260554689698314,0.9801575204678362,0.40074199141431044
site_948f865f7f081052,88,0.06589751426857957,0.007689431347765707,0.06544734549487584,0.04972253109145285,0.051487423272544096,0.06544734549487628,1.035494817788844,0.16404334613665164,0.382138450036433,0.6766699586033822,0.03695691212668,0.21756504863636364,0.2332840184616582
site_952481bd3cb76606,468,0.08565503589942695,0.0776641530480395,0.036125676550935557,0.04006566950554013,0.03841157890279865,0.03612567655093556,0.9587155132272841,0.5768873766728769,3.4336154618682317,36.34682362648249,0.4155004059500451,0.7512606845299146,0.6905103163011734
site_9563943b41248204,316,0.093589479788141,-0.06108560563774803,0.0709051444599359,0.09019840954496701,0.03741594216216801,0.07090514445993677,0.414818203014044,0.6679044966325512,2.7678410697366935,-19.303051381528377,0.7122902756274878,2.570897974683544,0.4423850620109337
site_956a5215e9d24ea6,175,0.06571442832649077,0.04614410576343537,0.0467879000765196,0.01670143486442444,0.04808280860621176,0.04678790007651962,2.8789627356289293,0.2501624231294962,0.755717565798561,8.07521850860119,0.035156346436909264,0.048814137142857136,0.4045923846057786
site_9573cc360aa7a95d,83,0.12855649079193449,-0.09366219880781977,0.08805773015028934,0.11377192578114367,0.05608384352136,0.08805773015029117,0.4929497601125709,0.6531569726785609,1.371722019953149,-7.773962501049041,0.3459143175755638,1.0743562409638554,0.2610679928426567
site_95a6e0674f2876c2,37,0.03142369112604778,-0.016054422067629328,0.02701303196717597,0.0332113668309311,0.038805395549961486,0.02701303196717652,1.1684371723545097,0.7290419559830306,0.03653558946745441,-0.5940136165022851,0.034764269718396905,0.0408108108108108,0.055716772780191916
site_95aa1a90ae6a3184,54,0.07609500548703424,-0.023688760766276604,0.07231384703796283,0.1165631007102502,0.051570637987331795,0.07231384703796283,0.4424267857760997,0.916383861335971,0.31268429244387563,-1.2791930813789367,0.2974642562568188,0.7336956481481481,0.14361465793070316
site_95c50f37760ba8b9,9,0.07309094827035717,0.017118566473325096,0.07105801433306716,0.09212163188810973,0.05368866339808718,0.07105801433306747,0.5828019141399606,,0.04808058047154025,0.15406709825992587,0.02843831807209386,0.07637755555555556,0.02594225319725796
site_960e43f47225dd5e,138,0.08643455008031567,0.07381934882592463,0.04496259763962772,0.06162213300253731,0.030668956565960675,0.044962597639627885,0.4976938491353078,0.7186243609283055,1.0309885397669505,10.1870701379776,0.18742035204256358,0.5240256440579709,0.12980071576457997
site_96144cbf74954033,5,0.08822164873770465,-0.060973981335163116,0.06375917899516996,0.06162381357884304,0.004923632849765681,0.06375917899516999,0.07989821732577881,,0.03891529652999472,-0.3048699066758156,-0.0006087408642470838,0.018987472000000002,0.00012121080219645863
site_96a5abc509a3a15b,35,0.029879220510666542,0.0013634849911076687,0.029848094193835228,0.022232226287852635,0.01549988046932863,0.029848094193835724,0.6971807622252181,-0.22691813159822385,0.031246873641376266,0.047721974688768404,-0.0027368345677107565,0.017299516,0.008408620309721629
site_96e92296d2491d86,411,0.10687060376009123,-0.09571888050742974,0.04753127246824784,0.06056773353189755,0.05235674590730666,0.04753127246824793,0.8644329720499341,0.6544131058341085,4.694164964647081,-39.340459888553625,0.8529189802345623,1.5077330918734793,1.1266450540629338
site_96ea37eab36e72c1,208,0.10076689252522779,0.03160795255589943,0.09568126234751932,0.09320942947555405,0.053968048293354866,0.09568126234751942,0.5789977322788894,0.24308977078756513,2.112025058871688,6.574454131627082,0.2543469775950823,1.807103530576923,0.6058104492115277
site_971bf07b5c1c6549,83,0.09634708427576745,-0.07388250341760107,0.06183960169009825,0.038328808352425206,0.04525024544167281,0.06183960169009883,1.1805805446808173,-0.08863474537519767,0.7704691338206724,-6.132247783660889,-0.012759344110072388,0.12193509662650603,0.16994953114012534
site_97832a03d9613f37,33,0.04719635422165588,-0.03400830066023451,0.03272508728818164,0.02205277916432583,0.04149758483457386,0.032725087288181645,1.8817394635549318,0.6214606041047503,0.07350736310992849,-1.1222739217877389,0.018767814086242153,0.01604872727272727,0.05682763505438759
site_978ff47db3a1c5a1,160,0.10409640882498122,0.03775226651549339,0.09700942584718655,0.09184001834863305,0.05668872612491438,0.08137885874146593,0.6172551698511082,0.4826544880270917,1.7337699728412206,6.040362642478943,0.4020545591903472,1.349534235244361,0.514177867146488
site_97ad06a1706d85fa,20,0.18463168816754147,-0.14969174526631834,0.1080797930915855,0.13773162309360912,0.03729576100304912,0.10807979309158555,0.27078575105225544,0.844856962213532,0.6817772055119254,-2.993834905326367,0.08679732114076613,0.37940000000000007,0.02781947577593119
site_98378de2aa945723,63,0.06869605099209855,0.012129015301901202,0.06761682046440257,0.07102104202402895,0.02781418340994481,0.06761682046440286,0.39163299519787786,0.3152747953594067,0.29730628758026734,0.7641279640197757,0.0392358581756079,0.3177712698412698,0.0487386143220091
site_9898264bce191dea,842,0.07790930643665556,0.07070110776905067,0.032729396414687834,0.03291723712311613,0.048600598423531,0.03272939641468793,1.476448288832881,0.7420781042913648,5.1108221447890685,59.53033274154067,0.9996010457327713,0.9123444688479809,1.9888192967195224
site_98b84b664f32321c,921,0.05517936829086763,0.023381515243283833,0.049980670562801525,0.07331291176989707,0.04747389188748569,0.049980670562801706,0.6475515804977057,0.7370436470474824,2.8042264328658506,21.53437553906441,2.362588809086926,4.950175172638437,2.0757225484800506
site_99359b775dbc987c,101,0.05102030227803097,0.04061415352325629,0.030879795629683515,0.07322723950169584,0.0794596801892877,0.030879795629683536,1.0851109604841451,0.9213972078754772,0.26291019569870683,4.102029505848885,0.5414866339359248,0.541585089108911,0.637697918354172
site_9963ae44b09a6e46,127,0.08138518177618645,0.07053246581132018,0.040604421918282015,0.027516644532563424,0.04803746685330156,0.04060442191828246,1.7457603450323906,0.5356380836421004,0.8411905722183497,8.957623158037663,0.08991884916217073,0.09616004724409448,0.29306497415361993
site_9978a236cbbfb40f,39,0.0379531477863096,0.01712679867637463,0.033869074300730294,0.028855235037790413,0.03391313821519795,0.03386907430073046,1.1752854610535466,0.42695463512526943,0.05617721564868883,0.6679451483786105,0.016294421104666515,0.03247235897435897,0.044853936800521674
site_99e4e71469e203aa,104,0.07791975618333792,-0.047223055111444916,0.0619796052715106,0.08945387484020753,0.053052163994440314,0.06197960527151127,0.5930672549311921,0.7348783694996954,0.631434793981766,-4.9111977315902715,0.36270293065802406,0.8322075552884616,0.29271133886727085
site_9a39d33121ec563e,282,0.07682154707513746,0.06632725618663408,0.038758807796037416,0.06992849898340395,0.05336169408406938,0.03875880779603821,0.7630893678517774,0.8354837044089091,1.6642371267949523,18.70428624463081,0.8791660459191135,1.3789785815602835,0.8029866515371489
site_9a5b564ee1a1517d,676,0.1000107004656581,0.09167188805884864,0.03998005937161063,0.022137521158280847,0.051957561505364805,0.0399800593716107,2.347036108237862,0.6917217968949729,6.761446780358952,61.97019632778168,0.5378434779217389,0.3312872138905325,1.8249216215666264
site_9a64702d11a0ca56,5,0.07335330221662265,0.06986813840866088,0.02234166917200642,0.08368385746367096,0.10401383994309361,0.022341669172007216,1.2429379225049269,,0.02690353473041588,0.3493406920433044,0.04330679179579019,0.035014939999999994,0.05409439449853748
site_9a99fb7f0cd8cd33,110,0.046581961202481335,0.02124955261880701,0.041452812003168464,0.05151657019793416,0.04409384151011531,0.0414528120031687,0.855915705193501,0.6339000130576139,0.2386867020416424,2.337450788068771,0.15839385326092897,0.29193527054545454,0.2138693545031085
site_9aa6317ba764d9b9,127,0.0692435668475109,-0.0038141442077366376,0.0691384397692651,0.08380242567905238,0.05541558115208733,0.06913843976926519,0.6612646436311836,0.57209894055795,0.6089232868202452,-0.484396314382553,0.33741419247966103,0.8919015118110234,0.3900026025717942
site_9b62f4534e47f978,173,0.037381066692738545,0.019343350645262384,0.031987168253870095,0.02586992559360872,0.04297168337679735,0.03198716825387055,1.661067142280985,0.6713476035891137,0.2417405374460453,3.3463996616303926,0.1291133331463473,0.11578077768786128,0.3194558439967798
site_9bb3648a2ef66eb2,76,0.0955804794927404,-0.06602797667917451,0.06910813523541606,0.08224655942588797,0.03293489387684843,0.06910813523541612,0.4004409923861425,0.567278900523144,0.6943077325647248,-5.0181262276172625,0.11678423782163545,0.5141017368421053,0.08243774983562435
site_9c2d82de18c716a5,41,0.03904136116331253,-0.027912290608010645,0.027297104507587776,0.030425028051675986,0.03366956204691972,0.027297104507587783,1.1066402959344193,0.6414453339428865,0.062493343140852524,-1.1444039149284364,0.0269408914305088,0.0379529756097561,0.04647921574568645
site_9c3923563de1bc2a,115,0.0742259540581458,-0.01075115158350571,0.073443209321696,0.09790331483060424,0.05764218448855317,0.07344320932169601,0.5887664231623587,0.6657181401146606,0.6335916094218267,-1.2363824321031567,0.4320420907878358,1.1022817913043477,0.38210146475042595
site_9c3f2a2a90bf94af,109,0.1066404666175592,0.02063413441203056,0.10462514811209117,0.11898262064189698,0.04715914342691578,0.10462514811209118,0.39635320832990445,0.4842552543720839,1.2395686141247726,2.249120650911331,0.2961762827322844,1.543098177614679,0.24241434415488516
site_9c51efef96062ac3,183,0.07288425006295406,0.04973493898546761,0.053278041924896546,0.04056002971683276,0.07686882639027076,0.05327804192489654,1.8951866388394079,0.756203073081797,0.9721168450247771,9.101493834340573,0.4314575197855673,0.3010562299453552,1.0813134141230185
site_9c5e0ec7dff35c9c,35,0.09226096630408748,-0.07313978339774267,0.056237514062192046,0.0971756835293056,0.049000528614485256,0.056237514062192066,0.5042468119064787,0.911605148065001,0.2979230066177388,-2.5598924189209935,0.15192637750485113,0.33050897142857144,0.08403681315746458
site_9ca12fe149def76c,9,0.12264878098618959,-0.09080842258003023,0.08244121460728825,0.1385913345945242,0.060795529677930754,0.08244121460728823,0.4386676111879567,,0.1353845112965847,-0.817275803220272,0.07248195264413954,0.17286802222222222,0.03326486785938143
site_9cfda7361157a69e,189,0.07686569959299601,-0.019770773287172673,0.07427955504408953,0.059035941175169866,0.021462530228514874,0.0742795550440916,0.3635502339978256,-0.6201635714763392,1.1166754612710137,-3.7366761512756352,-0.148513340741869,0.658710804232804,0.08706099852007387
site_9d73848123a6a95b,64,0.046866313180223926,-0.012189111150801181,0.045253473683909015,0.09160607831352881,0.05148923560139384,0.04525347368390902,0.5620722614624762,0.9535148190652456,0.1405728839108372,-0.7801031136512756,0.28783801876287907,0.5370671093749999,0.16967304850021392
site_9dbd78e6c2f64c18,70,0.08244259411746568,0.031354742985452926,0.07624736990305553,0.08824986956109918,0.04942872215596124,0.07624736990305593,0.5600996624900347,0.5063614575386908,0.47577469273720313,2.1948320089817046,0.15461518220360793,0.5451627634285714,0.17102390017798497
site_9e0c7cff2a642903,104,0.06747453886107414,-0.006254853862982528,0.06718400254277306,0.10147441161700693,0.06387582070351053,0.06718400254277307,0.6294771232041817,0.760864678227702,0.47349259302951885,-0.6505048017501829,0.5129012972666667,1.0708938461538462,0.42433252893689044
site_9eb9cb71933abd8d,145,0.05910532395346475,0.026158834545776763,0.053001459365291916,0.08314258629109642,0.06826927577719605,0.053001459365292033,0.8211108028101706,0.7720312754575132,0.506548701348382,3.7930310091376307,0.6354066007211804,1.0023399999999998,0.6758006321957128
site_9f1083ed35aa92f7,172,0.09512010774059049,-0.04653302983489147,0.0829609066426268,0.09758096650647338,0.031093064247022746,0.0829609066426272,0.31863861734716553,0.5942984781221418,1.556227602212025,-8.003681131601333,0.31014280083706214,1.6377917441860466,0.16628592681435128
site_9f57a1eb8c53e14d,1084,0.07067910766924203,-0.04515101782191283,0.05437758592072303,0.09429068800350454,0.055955442192684404,0.05437758592072308,0.5934355064903619,0.8590495609530419,5.4151613068376125,-48.94370331895351,4.913134339486403,9.637555487084871,3.3940164779010695
site_9f76ab7d5518980d,176,0.1288685966597898,0.118726729830219,0.05011066581962142,0.0101610418606664,0.05428528220245515,0.050110665819623965,5.3424917392176665,0.488637299374078,2.922852276091191,20.895904450118543,0.04743726298153739,0.01817143181818182,0.5186529680288341
site_9ff0a0ccad22ddc6,126,0.07606393040541053,0.06276874570288354,0.0429628452456989,0.03366192538252311,0.062019530068312886,0.0429628452456989,1.8424237283976845,0.7505259548766671,0.7290009100986112,7.908861958563327,0.197425699301064,0.14277377777777778,0.4846491858466902
site_a08eaaa4540846cf,142,0.14803936464053175,0.06643856836926769,0.13229349990159933,0.15446513454537567,0.07536431842192161,0.13229349990159936,0.4879050450040724,0.5170313179391893,3.112022794610469,9.434276708436013,0.854675859722621,3.3880458461971834,0.8065288297505127
site_a0a221a9f908364b,38,0.12613322826191242,-0.1216968874096086,0.033158089006828234,0.04444991586916249,0.036355446706222865,0.03315808900682829,0.8178968620150924,0.6800926223608135,0.6045644683273246,-4.624481721565127,0.041763038528597876,0.0750802107894737,0.05022530319794241
site_a0d01f20e2427c2c,13,0.07968374053589185,0.06403124728477919,0.0474288717654847,0.051998571896639055,0.022024960701604677,0.04742887176548498,0.4235685692558081,0.41014580193689093,0.08254348057528732,0.8324062147021294,0.006106441225627295,0.03515006923076923,0.006306285620793994
site_a1da79e1324e0f0b,139,0.1374890313442037,-0.0730196878639914,0.1164961755776244,0.13415239849301042,0.038129138500293785,0.11649617557762446,0.28422256276156244,0.5747024124176371,2.6275494898554723,-10.149736613094806,0.4086140118492593,2.5015643769784175,0.20208253718566743
site_a2c2e8340755d8a7,83,0.11636879846152134,-0.09844702427071261,0.062047406614780413,0.07214866669569184,0.06146036215624602,0.062047406614782516,0.8518572133213926,0.5787773740977424,1.1239608721963883,-8.171103014469146,0.2130164105209959,0.43205069879518077,0.31352221765928423
site_a2dd98acaefee6f4,468,0.06672085640492997,-0.01119279468874646,0.06577532992287348,0.11316568063045708,0.06870181644430973,0.06577532992287356,0.6070905601553863,0.848909765706751,2.0833828139626096,-5.2382279143333434,3.0888039379484122,5.993428555555556,2.2089317247258897
site_a30a3623711ec917,255,0.06416717150608296,0.03246132737889009,0.055350592805240906,0.08265392840056748,0.03893527101598206,0.05535059280524093,0.4710637687695766,0.8209583131122613,1.0499436042682218,8.277638481616973,0.6737022333684213,1.7420763294117647,0.38656860891743305
site_a3440058322ffd4e,564,0.059432463413921874,-0.033460937647532066,0.04911805532790496,0.08660177681475399,0.06282632152629299,0.04911805532790541,0.7254622692174316,0.8302375612666536,1.9921707870001995,-18.871968833208086,2.547709560274285,4.229925409574468,2.226190725560182
site_a3ad14b1dd64a3e4,55,0.08399792398413812,-0.07424630978129126,0.03928277889235406,0.03915664055014876,0.020973085159397557,0.039282778892354576,0.5356201365777759,0.261786085127195,0.3880608178504775,-4.0835470379710195,0.011824342276210134,0.08432833745454547,0.024192866560683812
site_a3eb3ebe590ad832,109,0.047590599195171425,0.0070383726859311446,0.047067254452425725,0.08305922673122955,0.07904453782865689,0.04706725445242639,0.9516647450190724,0.8325146966960827,0.2468702993613441,0.7671826227664947,0.5957693476905241,0.7519730308256879,0.6810362466995108
site_a3fe6dc1994cbcf1,17,0.07874885892088196,0.0557522306245916,0.05561538961225858,0.010772674646119317,0.06449506924643862,0.055615389612258585,5.986913312161705,0.8510502819695404,0.10542350728279648,0.9477879206180572,0.01005203977249125,0.0019728588235294136,0.07071343727074952
site_a408c1f09c2d83d9,411,0.04671021074683509,0.0337024747300032,0.0323417220488836,0.06415030831891186,0.06287465704029889,0.032341722048884566,0.9801146508560598,0.8705369806287444,0.8967377968736504,13.851717114031315,1.4431232506882972,1.691372705596107,1.6247744466513698
site_a4122f0bf308f22f,156,0.07634477255219689,-0.02136263716801619,0.07329503413788938,0.08344417791794924,0.035940926570761894,0.07329503413788961,0.4307182054822645,0.48057024071154225,0.9092497901832814,-3.3325713982105256,0.2248364821476432,1.0862172092307691,0.20151303163132417
site_a42d63e8b2f931d6,6,0.11305640099078523,0.10997227199872334,0.0262268792735246,0.05116530942825313,0.04081390028071499,0.026226879273524604,0.7976869628424026,,0.07669049882993535,0.65983363199234,0.010787442445755007,0.015707333333333334,0.009994646736744883
site_a44b748575c17771,8,0.07273147880301874,-0.06137551516443491,0.039024532632360685,0.08129236972188718,0.07054974162027186,0.03902453263236158,0.867851950455284,,0.04231894407099171,-0.49100412131547927,0.04025120508205146,0.05286759499999999,0.03981812834149695
site_a4e51d06a4c9f574,191,0.07437229267500721,-0.04271080148688162,0.060885345971630346,0.10123671820061593,0.059133634445516586,0.0608853459716305,0.5841125186252513,0.8384400501099759,1.0564664422877539,-8.15776308399439,0.9586895929051086,1.9575347643979057,0.6678862640425733
site_a507f74864d36b32,315,0.08065383613700812,0.0760024095013028,0.026993981433120103,0.035634029896598925,0.027132114241324806,0.02699398143312012,0.7614102115324998,0.6605428087378551,2.0490880043388375,23.940758992910382,0.20116855651163865,0.3999819873015873,0.23188776130935462
site_a55a51839f39337a,11,0.10149327639868307,-0.07988578785116023,0.06260308341878137,0.07161541571892913,0.0233612040070806,0.06260308341878161,0.3262035662652148,0.5246097225513038,0.11330973669553426,-0.8787436663627625,0.009654521622441034,0.05641644545454545,0.006003204379264826
site_a5c2bfa9bb36639b,60,0.031647904985010765,0.010627374496062597,0.029810213036151004,0.03696011495142057,0.02916997830660027,0.029810213036153103,0.7892285601638562,0.6160176253628336,0.06009539339641616,0.6376424697637558,0.0398486679110676,0.08196300583333334,0.05105325806445182
site_a5c5f553e4031a41,74,0.052592790422386175,-0.031057025407617157,0.04244364236541979,0.06764229381344765,0.04976513183810714,0.04244364236541988,0.7357102935532558,0.7798916171956941,0.20468411872656458,-2.2982198801636695,0.19427166283271602,0.3385855135135135,0.18326605766794973
site_a61c8cdc86211521,39,0.035898426773180066,0.007135549267133075,0.035182111668370444,0.048476893510937175,0.031056291617078832,0.03518211166837053,0.6406411254481896,0.6897058027395403,0.050259184746785486,0.27828642141818993,0.04049606870458677,0.09165035897435898,0.0376152367111966
site_a62049e3761071cb,301,0.09312877996853135,-0.001260298875637625,0.09312025185302708,0.07052363150459924,0.041093822043581765,0.06791045987358227,0.5826957739818291,0.3537601299184397,2.6105638671865643,-0.37934996156692513,0.30859336470094867,1.4970483627795472,0.5082993652550196
site_a637aa5eb6fad085,105,0.09726739726790024,0.07427108150663829,0.06280726887157105,0.08638912860973952,0.03462994723997074,0.06280726887157173,0.40086001325942944,0.7884545721608865,0.9933993899835103,7.798463558197021,0.24767199264608677,0.783623561904762,0.1259194908135315
site_a6a5e3eb9fd3c985,371,0.10299718027040428,0.08314003048849235,0.06079600705660463,0.07615413085282056,0.03486778292020839,0.06079600705660507,0.45785806403063917,0.6249816084475096,3.9357235022956925,30.844951311230663,0.6156855294019626,2.1515965606469,0.4510478080209579
site_a728723d09857d1a,33,0.07709422656843475,0.06434309177796046,0.04246747356081012,0.024269744454109284,0.056188496447997456,0.04246747356081053,2.3151663815102004,0.7122934549072686,0.19613615241610993,2.1233220286726953,0.03205424175221811,0.019437676363636358,0.10418585539185854
site_a73a8fe0a0e90dac,39,0.05129025750513581,-0.003965356771762555,0.05113674276501953,0.06957946374576286,0.06590452089915894,0.05113674276501953,0.9471835129395099,0.7163445828131203,0.10259693008278246,-0.15464891409873963,0.12810995319485666,0.1888107692307692,0.1693928291229594
site_a7fe1c93212d2f37,55,0.04782622307646668,0.03610058625264601,0.03137029304892161,0.023507600037097197,0.028051234668517302,0.03137029304892162,1.1932836454699682,0.26946805238785226,0.12580411875679745,1.9855322438955305,0.009773052848821337,0.03039339927272727,0.04327794715355249
site_a85957854004ad6e,10,0.044717031810801035,0.03097413706421852,0.032252376146498035,0.06983379124750425,0.09635900751320242,0.03225237614649826,1.3798335417833434,0.9749871507335506,0.019996129339681912,0.3097413706421852,0.06560800480917096,0.048767584,0.09285058328929402
site_a85f5d6458d2ef6d,586,0.023245696948266965,-0.00794562358050623,0.021845582906564232,0.02767898461990064,0.031158232788727116,0.02184558290656424,1.1256999928503506,0.7303402765460578,0.3166523819938515,-4.656135418176651,0.36910152510024685,0.44894994709897607,0.5689095857226746
site_a8a04a98a04fa26e,41,0.046670521482828464,0.03391906783755233,0.03205673739653923,0.016992422988626146,0.0411252139587698,0.032056737396539234,2.4202089358472834,0.6814310522665511,0.08930364059464528,1.3906817813396455,0.019524020618200303,0.011838440000000002,0.06934261214933836
site_a8d2970296172e46,359,0.06129438322460273,0.055295327616684285,0.02644670411692189,0.03795450487386244,0.03937356854654158,0.02644670411692199,1.0373885439263464,0.7666580532232541,1.3487635079435214,19.85102261438966,0.4113052556081922,0.5171554540389972,0.5565497661320258
site_a8f474364dc17adf,217,0.0969525254118706,0.019603077488670698,0.0949500475866789,0.09616026139465322,0.05304050620840498,0.08372218062771,0.5515844636769486,0.49512769508345533,2.039754903871453,4.253867815041541,0.5479996090781184,2.0065547041129035,0.6104850798491148
site_a92160c2510cdbec,2,0.059675232539576996,0.05918298596143723,0.007649022901058206,0.0028499999999999914,0.01049902290106084,0.007649022901061834,3.683867684582762,,0.007122266757305178,0.11836597192287446,5.984443053603154e-05,1.6244999999999903e-05,0.00022045896375399998
site_a9455c71e74fd72a,25,0.07503528583985124,-0.049352699569463726,0.05652083833662091,0.05586589657384906,0.025007858551907656,0.05652083833662101,0.4476408701120512,0.19747748153542688,0.1407573530267045,-1.2338174892365932,0.006897327788472176,0.07802496,0.015634824733805522
site_a963d86424b18502,34,0.0182489462669814,0.0008008121028542523,0.018231366921629782,0.03380066759337433,0.036728200471876464,0.018231366921629785,1.0866116880802672,0.8695817388732094,0.011322817355075931,0.027227611497044578,0.0367040726970936,0.038844494411764706,0.04586466413667978
site_a98119a935505c9a,155,0.07384680118347156,-0.03540807852783511,0.06480445987737139,0.08767248057489926,0.070746196585145,0.06480445987737252,0.8069373208244746,0.6845528116660236,0.8452692569798324,-5.488252171814442,0.6581199375102117,1.1914018967741937,0.7757787713459172
site_a9866d1cfd06e947,48,0.10716693565431504,-0.10278387200136979,0.03033525595643013,0.03329338172209389,0.02246945452379821,0.03033525595643065,0.6748925270299955,0.46324863377743275,0.5512681006817328,-4.93362585606575,0.016634349579550324,0.05320556479166667,0.02423406655665772
site_a9bff24a5451b631,238,0.04944311663161134,0.027478533897705437,0.04110415985128239,0.08511124328900126,0.07373249669193045,0.0411041598512826,0.866307362489895,0.875700349205523,0.5818199841748151,6.539891067653894,1.3079114886198915,1.7240538487394956,1.2938824942852774
site_aa2ce12749046dfc,311,0.04760588110444386,-0.02243972053002698,0.04198546008161314,0.061349676260487075,0.03143085157919478,0.041985460081613434,0.5123230226308164,0.7750207097495428,0.7048254937921684,-6.978753084838391,0.4647743154242515,1.1705364437299037,0.30723641203893837
site_aa4df3fb16db7e70,50,0.22824089311772264,-0.221614715141058,0.054596916800524656,0.060289336536405835,0.028926497720115744,0.05459691680052613,0.47979459357043047,0.4273961549656192,2.6046952645587846,-11.0807357570529,0.03726807615570724,0.181740205,0.04183711351759306
site_aaad533d86c5f947,240,0.03683748393915074,-0.009519841668506465,0.03558613265829482,0.06253393523164487,0.04927863113861807,0.03558613265829482,0.7880302264054695,0.82303438986625,0.3256800535121253,-2.2847620004415514,0.6087004445853332,0.9385183333333333,0.5828120368550349
site_aae8b0a4c0119c59,105,0.023781993058444514,-0.01372031749044146,0.01942514045749449,0.026049419211756745,0.024922375020983083,0.019425140457494744,0.9567343831502778,0.7103680729090895,0.05938623535234983,-1.4406333364963533,0.0484239491485556,0.07125008533333334,0.06521810155208477
site_ab53cfe255b5cc4c,78,0.06549841653751777,0.04244868632998221,0.049881375259519085,0.06189138383090922,0.02813776445226383,0.049881375259519724,0.4546313672536036,0.6127314799394546,0.3346233203759302,3.3109975337386124,0.08323089774070452,0.2987823846153846,0.0617552354929444
site_abdcb41ac727b4e7,485,0.08456567985382378,-0.049991702437400816,0.0682069197116377,0.10308204768842254,0.0533685121429859,0.06820691971163774,0.5177284826966033,0.8017982838295715,3.468406791432617,-24.245975682139395,2.1393162662552805,5.153565649484536,1.3813760728526763
site_ac16cbbd2f795846,35,0.05083968202514552,-0.00451339911903654,0.050638942493008134,0.08583817713034932,0.061317023123924376,0.05063894249300991,0.714332773292839,0.8135200322854939,0.09046356439462666,-0.1579689691662789,0.14986418091803788,0.25788674285714286,0.13159220636729568
site_ac240db4268c6c54,61,0.12090056080553115,-0.10933550102007193,0.051601296687019224,0.08956919197188941,0.056290059106427946,0.05160129668701927,0.6284533539623104,0.8457717346582816,0.8916336817886079,-6.669465562224388,0.26011977109007656,0.4893810491803278,0.19328281600651426
site_ac2a9b93fc2413dd,121,0.048151708980894804,-0.006543341219425203,0.0477050496642332,0.08492078616061244,0.07131032665433419,0.047705049664233196,0.8397275847101026,0.8273926099401603,0.280549036411475,-0.7917442875504496,0.60626631619615,0.8725963305785124,0.6153046851932893
site_ac6e3a81298a7ce5,53,0.0676051124188828,-0.036420821637477514,0.056955903788991284,0.06493906007692062,0.05783888531302361,0.05695590378899132,0.8906640355513797,0.5748721947405394,0.24223391493399843,-1.930303546786308,0.11443874483991343,0.22350532075471696,0.17730284267541419
site_acf798671ee3a747,30,0.14455741763612986,-0.11214363691926003,0.09121760626188155,0.11309052760215302,0.03213361754315454,0.09121760626188163,0.28414066345325617,0.7569308430686753,0.6269054098087941,-3.364309107577801,0.08252077676393092,0.383684023,0.030977081292291875
site_ad04b63315ba2272,10,0.030637255771506885,-0.027685587319135674,0.013120582914003719,0.0352938649059578,0.03676879367900395,0.01312058291400425,1.0417899478273678,0.9345100563508559,0.00938641441208732,-0.27685587319135674,0.012127256963029506,0.012456569,0.01351944188609161
site_ad53cb9b838bb8cd,636,0.09087758000004383,0.08395083112705429,0.034799317518324685,0.01997911936331535,0.025323715204842882,0.03479931751832469,1.267509080071918,-0.1685327053250292,5.252555171678537,53.39272859680653,-0.0542306825032446,0.2538690738993711,0.40786079092953
site_ae3ed38eaa09b85f,486,0.036869494362266796,-0.019937926882272396,0.031013524246147565,0.04645377373304071,0.02507281074529901,0.03101352424614763,0.5397367905864174,0.783342685560079,0.6606487726612024,-9.689832464784384,0.4434167399101281,1.0487652037037039,0.30552187759341665
site_af194bfb42414cbb,864,0.04616866612617654,0.025816517201645506,0.03827601300354444,0.04457700989190736,0.046437604800770665,0.038276013003544454,1.0417388899204987,0.6469670629556369,1.8416555123359921,22.305470862221718,1.1571153605661286,1.7168628766203704,1.8631737846425307
site_af687448e37c8c15,597,0.06905546880360716,0.03552940454355236,0.05921418060284683,0.09347797865726644,0.06028461355938602,0.059214180602848464,0.6449071152941521,0.7866549605226316,2.8468886896965193,21.211054512500763,2.646515310503755,5.2166650988274705,2.1696380753066915
site_afb9454fdc863c14,194,0.08612700595292962,0.028753271938230577,0.08118565456570598,0.10937564938938447,0.05744228302553608,0.0811856545657064,0.5251834695036899,0.6901028190021733,1.439065063956699,5.578134756016732,0.8411391909734951,2.3208283397938145,0.6401254805620433
site_b019e673dfa447d5,669,0.11813220124503578,0.10799060631678598,0.04788784729271689,0.05393584758916921,0.07664446127689176,0.04788784729271691,1.4210300700323588,0.7850006446166569,9.336040153597416,72.24571562592982,2.170972964130291,1.9461716133034381,3.9299558343202974
site_b04900ecbfac7c98,10,0.0959235941147756,0.09275637822866441,0.024445658219756913,0.06557104238915223,0.06850296612118222,0.024445658219762405,1.0447136971626827,0.9344369072124826,0.09201335907896213,0.927563782286644,0.041973138808012005,0.042995616,0.04692656367399839
site_b050cd10feccfd77,44,0.06509953703070726,0.04688722646507349,0.04516124130297279,0.03862411570572958,0.047624257251103114,0.04516124130297285,1.2330187081548754,0.46762872572527425,0.1864697877509467,2.0630379644632337,0.03784779848835685,0.0656401818181818,0.0997950746636469
site_b07ebc840452ba9d,7,0.04193836908644995,0.010991186927046094,0.04047246732738234,0.11753381102769482,0.08445461028276305,0.040472467327382695,0.718555873789056,,0.012311787611419102,0.07693830848932266,0.06758065062399421,0.09669937714285715,0.049928068386093705
site_b0b863b5597ced77,64,0.061956451406492245,-0.055117850797250866,0.028295306932016612,0.05769357489343483,0.0570454916290948,0.02829530693201662,0.9887668034865736,0.8784311936849163,0.24567051973664222,-3.5275424510240554,0.18502759375399908,0.21302710937499994,0.208268039373128
site_b12672b82d8e070e,371,0.09296010186264991,-0.022451673989829342,0.0902081086896775,0.13394413567023197,0.08702729124703043,0.09020810868967853,0.6497282677704536,0.745371157895271,3.2060263797145865,-8.329571050226686,3.223485074355777,6.656122679245283,2.809861035486115
site_b18fe53daa1d7307,44,0.11311272128610836,-0.09614069111753593,0.05959408719152746,0.0750882776613551,0.03726220796556017,0.0595940871915276,0.4962453411651166,0.6210368526436658,0.5629574595369486,-4.2301904091715805,0.0764558598413725,0.2480829754545455,0.061092774268620864
site_b2267c975c71dbb8,491,0.10067152198177841,0.03425342588378553,0.09466497849443428,0.1117896625758952,0.03262682879039612,0.09466497849443437,0.29185908641816866,0.6305934888501592,4.976164871020697,16.818432108938694,1.1292952035188581,6.13599197148676,0.5226743888466501
site_b2271a910bc63599,20,0.043498162924478063,0.03552547139942646,0.025100419511493645,0.048808088212918155,0.03764433385190442,0.025100419511493718,0.7712724515593913,0.862464362440276,0.037841803556088766,0.7105094279885292,0.031692942865006624,0.0476445895,0.028341917423072738
site_b2c81cb18e128f03,52,0.025509734231169676,-0.01210269174163158,0.02245598791307015,0.032330516834516924,0.029082835545350284,0.02245598791307041,0.8995474985509873,0.7374543586824261,0.03383882010833532,-0.6293399705648421,0.0360568584738156,0.054353640576923073,0.043982188814610274
site_b2da63ab5c4ee3dc,2,0.04652335390016281,-0.04322818794846535,0.017197273761034013,0.0165,0.0006972737610439633,0.017197273761034415,0.042259015820846256,,0.004328844916239588,-0.0864563758969307,-2.3010034114122394e-05,0.0005445000000000001,9.72381395680788e-07
site_b2eaf44be71ff0ae,155,0.06838773650187785,0.044286717494841546,0.05211112316370058,0.07791314997229684,0.05604866405914623,0.052111123163700666,0.7193736112463064,0.7438115044224174,0.7249167880967926,6.86444121170044,0.5034665456129659,0.9409211354838709,0.4869251751363297
site_b30a47c3dfe5fc92,477,0.08487942335737513,0.07042707153711178,0.04737661980541727,0.06429340664426855,0.07873593810763946,0.047376619805418095,1.2246347209952733,0.7989059390267141,3.4365543750222067,33.59371312320232,1.9290943670476197,1.9717472997903562,2.957088972002145
site_b33e3bea3571d4bd,118,0.08945044954100088,-0.059883473924054936,0.06644811866316588,0.08425870736789311,0.04937814958095106,0.06644811866316656,0.5860302290818986,0.6155907780984778,0.944163184924283,-7.066249923038482,0.3022203580188928,0.8377445125423729,0.28770779541257574
site_b4081a628b4563f6,155,0.09499343431204697,-0.065868184676478,0.06844804460189186,0.07336472668625012,0.04857424855154869,0.06844804460189198,0.6620926805776868,0.42887454442750256,1.3986816471715635,-10.20956862485409,0.23689470990617428,0.8342693838709678,0.3657159314638827
site_b419a77ce9d11fde,169,0.11190240429854104,0.09526327323102386,0.058711641614806055,0.07070852911122187,0.05772536703725077,0.05871164161480618,0.8163847807730653,0.5983886854520566,2.1162430268372088,16.099493176043033,0.41277043572817684,0.8449486390532543,0.5631448419299188
site_b42936ae6e6a0d03,186,0.05886157581993191,-0.03399539061034879,0.04805203976165218,0.07487274362083088,0.044435935459154,0.048052039761652864,0.5934861380823123,0.7922178473003868,0.6444314300890404,-6.323142653524876,0.4902477862132333,1.042702559139785,0.36726673898419865
site_b436f4a91f17ee10,151,0.10873778083229868,-0.039144906444975876,0.1014474311145783,0.12606925764110985,0.048608643552401416,0.09886642547917786,0.38557095093539007,0.6920374427286892,1.7854096520302862,-5.910880873191357,0.6403674336682121,2.399912116049261,0.3567828344286668
site_b491b5d705afd5f5,391,0.059993514648883015,0.03715602457477614,0.04710256508646182,0.04204957950480631,0.04541048602384745,0.0471025650864625,1.0799272325340847,0.42200435318256335,1.4072957237709647,14.52800560873747,0.3150732231169482,0.6913533503836315,0.8062858862005193
site_b4a169fed07d4305,259,0.04672755495889809,-0.020493491344930587,0.04199382341407004,0.061761847544239926,0.06274052641846802,0.041993823414071776,1.015846010330683,0.7725759146257574,0.565517277641142,-5.307814258337022,0.7753706649823768,0.9879621853281854,1.0195207767140193
site_b4d57a535cfd4a12,156,0.03278672655540262,0.013688851396624858,0.029792361196452104,0.05214215258565391,0.059354920120452195,0.029792361196452174,1.138328917720646,0.8650097614498078,0.167695232362124,2.135460817873478,0.4176296149826585,0.4241334358974359,0.5495890206308207
site_b5639796f8098e20,328,0.05258715294604069,0.002453912745525195,0.052529867382353296,0.08939263547860543,0.05946693955667971,0.05252986738235329,0.665233094855024,0.8246922036683818,0.9070540388302504,0.8048833805322639,1.4379476065779242,2.621062195121951,1.1599119432779978
site_b582b14f96e98786,39,0.06756660996073367,-0.028487041271649874,0.06126773425852496,0.06014136316583706,0.026233628225534142,0.061267734258525185,0.43619942822373536,0.17476149072478275,0.17804462448185068,-1.110994609594345,0.01075330526687396,0.141062358974359,0.026839926745146125
site_b61ae4423402851d,358,0.11421481324429532,0.09193263623601229,0.06777472950242068,0.07382807372468785,0.06494018777967304,0.06777472950242072,0.8796137363930339,0.5291995875014236,4.670118436065674,32.9118837724924,0.9083173314339206,1.9513092402234635,1.5097676200115921
site_b67b52a6713d2819,119,0.08393492122152353,-0.007222439471813813,0.08362360533090729,0.11061508376292459,0.041543809994996385,0.08362360533090842,0.37557093103174805,0.7582277889830537,0.8383634490551398,-0.8594702971458437,0.41463631340625906,1.4560479139495799,0.20538068971914303
site_b69cf9ad02aa761c,62,0.07366178914875574,0.0014968477410654895,0.07364657919710742,0.09497987628473452,0.03872952902673308,0.07364657919710745,0.4077656293279234,0.6928501881929165,0.3364156691969364,0.09280455994606035,0.1580173753980667,0.5593129677419355,0.09299853795521873
site_b708e7aad1210ce8,162,0.24016101998564002,-0.1930260463754336,0.1428924803522283,0.11452000377685578,0.03364825800762145,0.1428924803522285,0.2938199170267727,-0.8007508429798015,9.343725114327965,-31.270219512820244,-0.49986917714629275,2.124602664938272,0.18341725324548874
site_b72a5ec99205d5b7,153,0.06356153747512473,-0.04875771559492435,0.040776883355231504,0.061489892484022216,0.05858725110549413,0.04077688335523154,0.9527948210466896,0.7703930641176935,0.6181305640688579,-7.459930486023426,0.4246299770025938,0.5784940522875817,0.5251672967910281
site_b756906d27dccd10,62,0.15827379487061555,-0.14624448267106088,0.06052392445157096,0.07280918320657881,0.05264786263427599,0.06052392445157101,0.7230937131226999,0.5752079321281833,1.553136836850233,-9.067157925605775,0.13670470421256556,0.3286729838709677,0.17185144127737084
site_b7a18627a594b786,48,0.10351222211981215,-0.0854651187837124,0.05839943149952115,0.07420451114875962,0.030439686066810325,0.05839943149952179,0.410213416887649,0.6690369173345623,0.5143094461527038,-4.102325701618195,0.07253736871692043,0.2643028547916667,0.044475575416606405
site_b7a3262e8a713a7b,102,0.05373760904851537,0.0346399090728339,0.04108293229160841,0.07305809270471093,0.056258094444139546,0.04108293229160859,0.7700460327033957,0.8290109390035474,0.29454852387761027,3.533270725429058,0.34754718949740715,0.5444234607843139,0.32282726542954393
site_b812626cb80e0341,68,0.10917727383820934,-0.07498335923780414,0.07935472865656944,0.11366791593258296,0.039044731397146266,0.07935472865656948,0.34349826049686616,0.9179212013750903,0.8105380443465477,-5.0988684281706815,0.2770222488739254,0.8785868676470588,0.10366539139152037
site_b843de06c1a6a47d,69,0.13952977076403608,0.10641414228245831,0.0902473670073159,0.07980383758425219,0.03177465463383556,0.09024736700731595,0.39815948199595985,-0.15110111240547344,1.3433304281330476,7.342575817489624,-0.02643755981105825,0.4394370220289855,0.06966437871986741
site_b87223f545f36d24,58,0.09340938262726649,-0.07717062677926032,0.052630857159115176,0.04813199869581796,0.017058277192665113,0.0526308571591152,0.35440616751589943,-0.09885707850159962,0.5060681402428103,-4.475896353197098,-0.00470765717594788,0.13436797931034486,0.016877119605344326
site_b87cd5aaea8e51ba,65,0.059683908537544655,-0.020524184797360345,0.056043971814297724,0.07075796900360265,0.039287426132537,0.056043971814297794,0.5552367695932126,0.6131995964611667,0.2315409809906697,-1.3340720118284224,0.11080112071965749,0.3254348615384616,0.10032762038777082
site_b881d34c09ab42e7,66,0.1287595965730242,0.10126100761673666,0.07953139031911326,0.06640967428998663,0.034250156404612424,0.07953139031911377,0.5157404665930838,-0.16309307120374378,1.0942162248367642,6.68322650270462,-0.02448349177060705,0.2910761593939393,0.07742283210686729
site_b904064dea358149,1211,0.12584932268065774,0.1069296582424375,0.06636339508596462,0.06765767789582397,0.0628196993232229,0.06636339508596623,0.9284932808357632,0.48465270874592153,19.179880995227357,129.4918161315918,2.4945242432543777,5.543426829066887,4.778987008525819
site_b9048e7e348a00c2,124,0.04973227870070764,0.03097609485051324,0.03890733982909736,0.04441798252471714,0.06700952250179357,0.03890733982909793,1.5086124738894882,0.8314416673876168,0.30668914355084254,3.8410357614636417,0.30686603546426783,0.24464668927419353,0.556794237133879
site_b9661fa344baf0d4,144,0.1156576899584676,0.11177969759951036,0.029698492404346674,0.03914794666895138,0.04856158745272641,0.029698492404347583,1.240463206496628,0.7913341015532512,1.9262449795001784,16.09627645432949,0.21663281183275912,0.22068888888888885,0.33958479973374645
site_b969a6c48312ad74,9,0.16178677162078378,-0.1576632330775261,0.0362941373642814,0.02736668696710574,0.04319832000585942,0.03629413736428149,1.5785001691210563,,0.2355746352432808,-1.418969097697735,0.0058399469994008515,0.006740419999999998,0.01679485366195771
site_b9eaf91685021861,238,0.055502817424751154,0.02358831004410231,0.05024096308141956,0.0647945061807904,0.05007738771760663,0.050240963081419704,0.7728647175407142,0.6444151034786308,0.733173932616292,5.61401779049635,0.4976482920375254,0.9992020714285714,0.5968432530274408
site_bb41a05397abcbe3,238,0.06740187496278091,0.060800315094094316,0.029091827597406104,0.03927229290354515,0.032363349716948965,0.02909182759740686,0.8240758897484056,0.6858333397141079,1.0812370341426079,14.470474992394447,0.20746043045969068,0.3670704915966386,0.24927796436656668
site_bb59973d2df99f1c,65,0.048777897231563005,-0.005583303945339645,0.048457300537554475,0.08388345535825427,0.057513105584830415,0.04845730053755448,0.6856310978034958,0.8287128653456115,0.1546534117916399,-0.3629147564470769,0.25987264619761935,0.4573682153846154,0.21500422541077036
site_bbd4ea535f73b619,96,0.03176440222610717,-0.011995969692245124,0.029412139669270216,0.033865973005424876,0.02649178135977902,0.02941213966927026,0.7822536607920696,0.5481930400516731,0.09686181588306454,-1.151613090455532,0.04721494307010434,0.11010279625,0.06737419004297618
site_bbfd063296f373c3,52,0.08326288132763805,-0.0637586435698546,0.05354944236042591,0.060392120430228076,0.03156953081497216,0.05354944236042733,0.5227425463797867,0.4658414056482729,0.3605007851629775,-3.315449465632439,0.04618381842942194,0.18965482692307692,0.051825034345628795
site_bc37e7bebe33d230,276,0.037023169397299646,-0.021202539831075982,0.03035073931443486,0.04322011711482802,0.04157931086493795,0.030350739314434886,0.9620360526666148,0.7444510034680953,0.37831735993303606,-5.851900993376971,0.36923973291159434,0.5155620724637682,0.4771595893928686
site_bc93eecd419d5cf1,153,0.04071423528781846,0.023818906880671682,0.033019821775438656,0.04305533038598709,0.061134317662351785,0.03301982177543877,1.4199012552984316,0.8549747435152398,0.25362029012599174,3.6442927527427673,0.3443156095063667,0.28362550562091504,0.5718229337943246
site_bcf274618f28d9ed,84,0.08117237767552898,0.009152573066098348,0.08065472896097567,0.08133476478471574,0.05706239681378218,0.08065472896097603,0.7015744984917598,0.3626548361177566,0.5534722113898922,0.7688161375522612,0.14138358313590288,0.555688892857143,0.2735138389312173
site_bd11119142bc591a,41,0.08925836850593927,0.036482619553077515,0.08146210664405541,0.10489694100970975,0.04703899180352479,0.08146210664405595,0.44843053906758484,0.6667644559712709,0.32664931028202404,1.495787401676178,0.1348891833660806,0.4511380975609756,0.09071933674557497
site_bd599065e701bf2f,260,0.05799664111199998,-0.03816771389108438,0.04366733328934172,0.06182782975767772,0.05387830616181904,0.04366733328934342,0.8714248320373639,0.7232749704320464,0.8745386988712729,-9.923605611681939,0.6264331334051031,0.9938969384615384,0.7547466874653439
site_bdd9f4c5442812d1,142,0.03840398787366239,-0.00442636227607727,0.03814804846386415,0.05363880748875492,0.06621080011879264,0.038148048463864236,1.2343824036854916,0.8173686950070932,0.20943101241325793,-0.6285434432029724,0.4122059864905413,0.408551276971831,0.6225095474366412
site_bdfe6061d850b13b,146,0.046351759302674454,-0.0033236338655426097,0.04623244584034989,0.07322054408813285,0.05033646660366928,0.046232445840349905,0.6874637061298143,0.781076316619736,0.3136788962061479,-0.485250544369221,0.42030252957762515,0.7827422191780822,0.3699289410407776
site_be8516cfd6e0790e,150,0.11350727382191629,-0.08829466409524282,0.07132989207051785,0.08362365029636586,0.05767939697805866,0.07132989207051928,0.6897498108924971,0.5423472800900373,1.9325851815725228,-13.244199614286423,0.3923905666387082,1.0489372333333333,0.49903692536287236
site_bef664d28695b721,15,0.0171011040300119,0.007630455998579657,0.015304375201197498,0.10624619627178293,0.10572687570682798,0.015304375201197573,0.9951121020499736,0.9895863716793277,0.004386716385679339,0.11445683997869485,0.16674151926487685,0.16932381333333335,0.16767258370090582
site_bf2aa2626c0e2039,210,0.04462215287403053,-0.015354447403748831,0.04189722511144219,0.06079515819425051,0.0438644014637831,0.04189722511144298,0.7215114289797411,0.724621603196518,0.4181386706938037,-3.2244339547872545,0.40579974787810014,0.7761707645714285,0.4040580003129468
site_bfacedeb5df79c6e,50,0.07264055264383769,0.013333352944135669,0.07140638338180463,0.08558305916476695,0.029767598511054528,0.07140638338180472,0.3478211552796342,0.6107112046684698,0.2638324944201077,0.6666676472067834,0.07779245873615145,0.3662230008,0.04430549605576678
site_c0555c6b321e4775,2,0.060251907913341986,-0.03823542209267616,0.04656549049019815,0.02560000000000001,0.020965490490198465,0.04656549049019829,0.8189644722733772,,0.007260584814395685,-0.07647084418535233,-0.001073433113098145,0.0013107200000000011,0.0008791035829892047
site_c0951b8580287e99,50,0.17282671567953992,0.1661903109097481,0.047432628140319164,0.031165853108811252,0.05564835576397771,0.047432628140319746,1.7855553502639314,0.524178581607987,1.4934536826288263,8.309515545487404,0.045454892173409464,0.04856552,0.15483697496171156
site_c0aaae0aecb597e5,655,0.15783215895554822,-0.15434513504987454,0.03299347946193955,0.03983966157125624,0.02058449015714183,0.0329934794619396,0.5166833588765536,0.5623543862905823,16.316698712372983,-101.09606345766782,0.3020696846496286,1.0396151053435116,0.2775374089443022
site_c0baac71bcc40ff4,11,0.03912152911584572,0.02553201789097352,0.029641357977949867,0.07213076509179196,0.09128335940018321,0.029641357977950495,1.2655260107669466,0.9611359417607088,0.016835434443981608,0.2808521968007087,0.06961288880333305,0.05723132000000001,0.09165916873721319
site_c0e5aee02ccea819,55,0.056821241474919175,-0.022077253640781752,0.052356932248095525,0.06727519405796753,0.03053419063152791,0.05235693224809556,0.4538699747966269,0.6613398509381335,0.17757594155130915,-1.2142489502429963,0.0747186049122702,0.24892734545454548,0.05127852386373677
site_c1458c9cb325529c,104,0.2226726729066444,0.21925621588528157,0.03885654455888026,0.017171163645680672,0.0433412355489942,0.03885654455888037,2.5240709624182336,0.4457559570586108,5.156644402976502,22.802646452069283,0.034500986249802204,0.03066428153846154,0.1953601206869935
site_c1eaac8764a60481,45,0.05962141666456795,0.02117451699508561,0.05573466744419358,0.06595597484143458,0.029280340618222142,0.05573466744419404,0.4439376521780673,0.5440040440164587,0.15996209962905095,0.9528532647788523,0.04727645569998357,0.19575857777777778,0.03858022560235992
site_c204fd32b9271e1b,91,0.13827698863298105,0.037359364727041225,0.133134531405633,0.13493713515257091,0.04587449204901197,0.13313453140563317,0.33996936423129576,0.20901646902926171,1.7399678282719069,3.3997021901607516,0.11774016851599398,1.6569307703296705,0.1915066808886925
site_c29be1fac6229539,472,0.06819135813719018,-0.044935569811296656,0.05129186963182973,0.11395275257323767,0.07927323157551087,0.051291869631829766,0.6956675445339664,0.9209496840424074,2.19482894520862,-21.209588950932023,3.9267141248547803,6.1290284745762715,2.966163755368399
site_c2fa2fe516862278,53,0.07127254457731017,-0.055339995556507475,0.04491392325694113,0.04345334673907901,0.02674739173877724,0.04491392325694127,0.6155427313662457,0.2522473220079354,0.26922810735780717,-2.933019764494896,0.015538428841081434,0.10007424716981132,0.037917417135863274
site_c33eaf01c8613ed2,878,0.09147846688754034,0.08211519906367419,0.04031629926999721,0.020196042709814937,0.05153608108593201,0.04031629926999721,2.5517910526544063,0.6910114349292367,7.347376095795249,72.09714477790594,0.6314768317139536,0.35811876391799546,2.331939599944876
site_c3aa24263a4277b0,258,0.0858538392796166,-0.042022156020005544,0.07486668232585539,0.09840480401585196,0.04910014686032926,0.07486668232585542,0.49896087240232456,0.6715361820432421,1.9016874835149609,-10.84171625316143,0.8371209580884422,2.498344406976744,0.6219927008001226
site_c3aefe4e5e9b8037,305,0.061035887459805406,-0.022545753665439417,0.05671920794284205,0.09016047111083199,0.05254484672186639,0.05671920794284204,0.5827925040151392,0.8097999500809852,1.1362407651918394,-6.876454867959023,1.1701024450389577,2.479317718032787,0.8420930796924522
site_c3d5b5decd374619,53,0.05541403525786752,-0.038226365731572204,0.04011807904818308,0.031450866369180014,0.045958623903685776,0.0401180790481835,1.461283239838585,0.5160689298851421,0.16274791108868977,-2.0259973837733267,0.03953513375936814,0.05242532075471698,0.11194634088938318
site_c3fac8d15831ac8c,148,0.038771222372655116,0.019126185183992256,0.03372531281659976,0.054643480170353635,0.046741889546637744,0.033725312816599816,0.8553973758793856,0.7895648252450416,0.22247473727194117,2.8306754072308538,0.29846549048158966,0.44191466891891895,0.3233510272817322
site_c3fba37c42f73863,128,0.04343614246615035,0.037074307268578556,0.02263170813029217,0.01969198355444656,0.0207729631208359,0.022631708130292187,1.0548943971743896,0.37536713867919175,0.24149740445948284,4.745511330378055,0.019654144014941997,0.0496350996875,0.05523404759290987
site_c438c579f3fbc2ec,83,0.09257278871847802,0.04697914438262043,0.07976641651843759,0.08455079810219648,0.0345620367411444,0.0797664165184376,0.4087724482431176,0.3388984749445259,0.7112868605226256,3.8992689837574956,0.08219866152770189,0.5933535091566267,0.09914635384678588
site_c45005d41e05ffcd,278,0.0756397407212448,0.04313199261195369,0.062136958323525227,0.09478918420125944,0.054214740499932315,0.06213695832352555,0.5719507025698399,0.7845175524608163,1.5905409646328443,11.990693946123127,1.1207884055648885,2.4978270647482015,0.8171081883180503
site_c4ae57110fb255d4,1016,0.06437498672362431,0.04962901852367901,0.04100121261674015,0.03309788869498283,0.04285191352804657,0.04100121261674114,1.2947023274793452,0.44089767972856436,4.210445138317475,50.42308282005787,0.6353339048630198,1.1129977598425196,1.8656670769034236
site_c4f8e2def8cc0f30,94,0.06614648141712623,0.034081451350070055,0.05669049018785277,0.07413675607400827,0.05944080897625403,0.05669049018785325,0.8017724557157078,0.6598579834378224,0.4112835583634252,3.2036564269065853,0.27333586467390375,0.5166483085106383,0.332121718544643
site_c56fc9c5f1ff5d0d,122,0.03986760416742578,-0.006674464629321803,0.039304928240139016,0.05707869031375326,0.0528894718216508,0.03930492824014003,0.9266062611269645,0.7470358131322913,0.19390995517016654,-0.8142846847772599,0.2751341397461832,0.39747318032786877,0.34127014000792966
site_c59fe04d734e33bd,568,0.05335546513062976,0.010546467532112564,0.05230275023265931,0.07799892408405983,0.04686116369090347,0.052302750232659435,0.6007924370905547,0.7584186851772988,1.6169856144857218,5.990393558239937,1.5745593714296005,3.455616665897887,1.247310200280489
site_c5ee40e68c26cb53,124,0.15309142206206888,0.14954988629106558,0.03273858609219214,0.023903501968279766,0.036244769302966155,0.03273858609219422,1.5162953675600923,0.46933711838631414,2.906185955114327,18.54418590009213,0.050421232709120356,0.07085079838709678,0.1628967294263295
site_c6112b3d07cf93a0,216,0.16261280622769783,-0.14249419186015921,0.07834749539945061,0.11398090644317443,0.07006282234196166,0.07834749539945064,0.6146891135393078,0.7364372214417458,5.71167174583731,-30.778745441794392,1.2703085358582988,2.8061957592592597,1.060300600096597
site_c62b54e06aa4fffe,37,0.10040663934805932,0.09027042877029728,0.043962972087859806,0.03362320757535222,0.04800410128599845,0.043962972087859806,1.4277073708217018,0.4653415879913133,0.37301524933133645,3.3400058645009993,0.02779016189297309,0.04182924324324325,0.08526256839022672
site_c6d377978f89caf6,53,0.04453175378117872,0.0038579846935452157,0.044364321801780036,0.08859817651313413,0.08567919256292701,0.04436432180178056,0.9670536791490917,0.8709216598535415,0.10510308602585884,0.20447318875789644,0.35039274857502495,0.41603075471698114,0.3890689740264618
site_c6dbad6563643f29,50,0.12240237581186403,-0.11771353980255124,0.03355389920027139,0.03219481877569743,0.04748586673971193,0.033553899200272144,1.4749536896153332,0.7082520078927718,0.7491170802194399,-5.885676990127562,0.054138743611991405,0.05182531779999999,0.112745377001084
site_c7184b24616d8b68,11,0.03145812219009996,0.028502336106517093,0.013312786642862996,0.08969228294471443,0.09251487909159656,0.013312786642865908,1.0314697770444974,0.9898008028165783,0.010885747968999854,0.31352569717168804,0.09034563001732934,0.08849176181818182,0.09414903138666003
site_c79eeb4ffddf3d41,568,0.09851241435003223,0.09364877621766547,0.030571269093808497,0.037862885422486836,0.024208447995688286,0.030571269093808532,0.6393714511073909,0.5918844365506162,5.512267203649143,53.19250489163399,0.3081526530151531,0.8142837165492959,0.3328758060764483
site_c7e77fa91cd0e5b5,45,0.065163818087256,-0.02791084196567535,0.058883852527463657,0.06847696197253246,0.024008970305972748,0.05888385252746366,0.3506138358708619,0.5468825391880227,0.19108454344690468,-1.2559878884553908,0.04045987997245457,0.21100924444444452,0.025939379481888653
site_c83832e8d67694ad,46,0.04553460506918013,0.005093187847215198,0.045248864033909014,0.04370764641784688,0.032991058197752984,0.045248864033909035,0.7548120501011911,0.3298661495620258,0.09537641190508545,0.2342866409718991,0.021880097340824814,0.08787648434782606,0.05006685636634613
site_c8f87af663a64c0b,62,0.07458578286195491,0.06927934772660653,0.02762989293693741,0.018646476680913814,0.023703616974806368,0.027629892936937676,1.2712115741988377,0.1653226506135674,0.34490841831810265,4.295319559049605,0.004530388564400135,0.021556847741935482,0.03483541037667637
site_c8f923241d7b6cf3,153,0.05933463131664184,-0.014861802777433708,0.057443235386653475,0.08825432910147732,0.05258781056698469,0.05744323538665387,0.5958666402247276,0.7815578311672816,0.5386515664427175,-2.2738558249473573,0.5549753037276222,1.1916904705882354,0.4231181064950471
site_c90d703c921023d7,384,0.07046281410405952,-0.03288975304504856,0.062315907408132705,0.07920925509474842,0.05108884585608432,0.06231590740813291,0.6449858137786163,0.617897583395011,1.906563137841888,-12.629665169298647,0.9601735579147548,2.4092567395833333,1.0022669456281899
site_c91d0d6c46ea62b9,342,0.06320306397509698,-0.040686962812267545,0.0483652597734506,0.059308350639052314,0.03673311761774065,0.048365259773450756,0.619358272855986,0.5801033961262244,1.3661625351773488,-13.9149412817955,0.4322202895558194,1.2029783157894736,0.46146810003221894
site_c9aed1d9afe08cac,128,0.07399226971843284,-0.009920807800255713,0.07332416757574339,0.10018987832485875,0.05406845221429475,0.07332416757574348,0.5396598251070985,0.7000940893414068,0.7007815651949202,-1.2698633984327312,0.48543844434712086,1.2848655,0.3741948831807328
site_c9e5c8b8112d21fb,124,0.039402373691848035,-0.0343697539748684,0.01926829167983129,0.04699091275175974,0.053753947665952234,0.019268291679832083,1.1439221866133942,0.9355630948208395,0.1925158345164527,-4.261849492883681,0.29303467381281717,0.27381008927419354,0.3582963743195675
site_ca4c08bc8824e7df,72,0.10296502867875633,0.09399575191653438,0.04203089045526442,0.02617135116713656,0.057396582828443676,0.042030890455265514,2.1931073585729393,0.7365167585936758,0.7633293934188321,6.767694137990476,0.07965761723400405,0.049315652777777774,0.23719447586753245
site_caaaa1aabb1e21d9,11,0.09318445400347669,-0.07248360165249218,0.058561676541991986,0.13489371083612645,0.08267120682124406,0.05856167654199238,0.6128618325407024,0.9685127779892828,0.09551676714718668,-0.797319618177414,0.11880754435556859,0.20015944545454548,0.07517981281009001
site_caab4140fe1f5c75,199,0.06646785086222373,-0.0457571497322926,0.048210563641378136,0.0745912890863636,0.03895648163497055,0.048210563641378254,0.522265831736274,0.8185673828462238,0.8791770644503205,-9.105672796726227,0.47334233752102706,1.1072082211055276,0.3020038848137837
site_cadb6c34bf67432d,262,0.06267675238427772,-0.017572085874681256,0.06016308741622965,0.08020170337813158,0.03549696841153946,0.06016308741622969,0.4425961908088144,0.7152913888366603,1.0292343258332965,-4.603886499166489,0.5335303683861066,1.6852660648854962,0.3301291087993755
site_cb6d0d529a35bf72,121,0.09439833594463838,0.039734176848447024,0.08562850588030331,0.08029625390703674,0.05074916123666185,0.08562850588030364,0.632024020640077,0.2074525408366542,1.0782365453231335,4.80783539866209,0.10228884667530656,0.7801460953719007,0.3116327613131889
site_cb73c7416c77fcc5,47,0.0545444005098843,-0.041297945679502276,0.03563104418390719,0.04779927284365394,0.026565513626503598,0.03563104418390776,0.5557723380729329,0.6776299845045722,0.13982930646818537,-1.941003446936607,0.04044175369118123,0.10738421276595744,0.033169146169277575
site_cb8aadebec9e1fcf,153,0.050471525475566104,0.04199847021726222,0.027991130438773937,0.045301158013228364,0.06230776506678181,0.02799113043877516,1.3754121925224816,0.9124430908021843,0.3897483572260999,6.425765943241119,0.394047607811292,0.31398582235294115,0.5939854109054432
site_cbe94aaae2e082ea,54,0.05543181648171897,0.022800329846585237,0.05052555034188036,0.04945340773937663,0.02627953538186945,0.05052555034188046,0.5313998889695262,0.22446007727701117,0.16592505903700044,1.2312178117156027,0.01575240154849987,0.13206453499999996,0.03729315491389412
site_cc2f4e33aba4f988,24,0.11069033142045136,-0.06117593896190326,0.09224886970634842,0.061927302249402794,0.04468402188171577,0.09224886970634864,0.7215560868735678,-0.48392584594952315,0.29405638727926464,-1.4682225350856781,-0.032138416640212136,0.09203977833333332,0.04791988347661569
site_cc39c5b4f811532d,154,0.054220463116638244,0.03835253798187553,0.03832677198684391,0.04908372963373881,0.053842756666218114,0.03832677198684417,1.0969573230883432,0.7263714051952392,0.45273822756974014,5.9062908492088315,0.2956271402117881,0.3710187272727273,0.4464525365943065
site_cc701381aa01ffc3,51,0.06445601691061478,-0.020179841264790183,0.06121561992260906,0.08519605361131434,0.03206743206694307,0.06121561992260933,0.37639574496305545,0.8307658530452947,0.21188348391505446,-1.0291719045042993,0.11575305850891508,0.3701767450980393,0.05244433016776845
site_cc73ca175d85bc6f,40,0.05349356889106607,-0.0034926655814051604,0.05337942674701275,0.07918143721858047,0.039434459502260745,0.053379426747012744,0.49802656894698516,0.7967093289482828,0.11446247650812928,-0.13970662325620642,0.09950826792791487,0.250788,0.062203063849417706
site_ccee683800437b50,18,0.18657360969701603,-0.17336875812212627,0.06894189976035009,0.07771759576413839,0.020095538479070387,0.0689418997603504,0.25857128339452784,0.5413288467725637,0.6265748130367406,-3.1206376461982726,0.015217828340000572,0.10872044444444441,0.007268952001748374
site_cd09f5e742102c10,336,0.07570584119700474,0.0537957630315352,0.053267159406157664,0.09010750539408285,0.0654561821186452,0.053267159406158004,0.7264231967400971,0.8109810726229028,1.92574179549229,18.075376378595827,1.6071693178284026,2.728105809523809,1.4395959572565475
site_cd9b47f2c6e7c758,40,0.055684793707643204,0.04498445131927729,0.032820654925920546,0.05713072181409929,0.055942799803778025,0.032820654925922385,0.9792069490354646,0.8317011031694028,0.1240318500105112,1.7993780527710914,0.10632641670238227,0.130556775,0.12518387399542347
site_cdb6242d14e183d0,160,0.09587535967402727,-0.06071869342923164,0.07419787639057521,0.1102085494641863,0.05316370186383773,0.07419787639057655,0.4823918119085123,0.8078875297221474,1.4707335348198551,-9.714990948677062,0.7573582967996597,1.9433478999999998,0.4522206713387238
site_cdbb0d22e7b06f01,175,0.21294342710508535,-0.177019898057597,0.1183590251689188,0.08999552269316693,0.0349588789783365,0.11835902516891894,0.3884513132672856,-0.7449664765557612,7.93535805077029,-30.978482160079473,-0.41015988253611757,1.417358968342857,0.2138715633988461
site_cdd0193742d73d25,11,0.10769370659789683,0.08458188040581617,0.06666213278773865,0.05671488938264758,0.02448776995897308,0.06666213278773923,0.43176968562448315,-0.22595075904131703,0.12757727884873277,0.9304006844639778,-0.0034518571590835398,0.035382365454545456,0.006596159653199429
site_ce2a9736239174ff,54,0.08323826031396754,0.06837173291047415,0.04747540541074517,0.062441031166324074,0.049529609433302334,0.047475405410745186,0.7932221571000388,0.6625565230650526,0.37414483092517453,3.6920735771656035,0.11065006254999725,0.21053964814814813,0.13247183937323548
site_ce840bd031a93a0e,69,0.03133602840966729,0.001115974818450817,0.031316150413102484,0.07901782346484096,0.0634710594979276,0.03131615041310281,0.8032499088787113,0.9263261639423044,0.0677543206779118,0.07700226247310636,0.3205633237063885,0.4308233333333332,0.2779717021714731
site_cec4a302b657dde7,101,0.04299853995798304,0.003591785188948754,0.04284826154787044,0.0984110503445555,0.08286035473688455,0.04284826154787044,0.8419822209678176,0.9022518909535192,0.1867363182903447,0.36277030408382416,0.7430872848179967,0.9781582178217822,0.693449677099357
site_cedd671db129d181,93,0.07007389524062047,-0.029799848815446263,0.06342176128719541,0.0607916632045953,0.0680428273714176,0.06342176128719591,1.1192789238619512,0.5201497371240048,0.456662623859991,-2.7713859398365024,0.20009567832049502,0.343693247311828,0.4305738511727779
site_cf410c13c4f583ea,45,0.024218271035016583,-0.008386749002006321,0.02271975116727446,0.06510923774324326,0.06365849161647136,0.022719751167274482,0.9777182750550254,0.9379839916368122,0.026393609336648548,-0.3774037050902845,0.17494715927897225,0.19076457777777778,0.18235815996979593
site_cf467e53e3fb79b4,253,0.06018447441373563,-0.02338749160973922,0.0554544515495553,0.07252174968612889,0.04693023112810855,0.0554544515495554,0.6471193997831084,0.6444399794871101,0.9164092529957725,-5.917035377264023,0.5549118036885742,1.3306292569169962,0.5572189882156352
site_cf53fcd25709e5dc,34,0.0844849387182864,0.045078301391180825,0.07145384254131106,0.06480489750384943,0.03606828505442945,0.07145384254131115,0.5565672725936645,0.0844836265003066,0.24268196558790864,1.532662247300148,0.00671405332666986,0.14278894117647065,0.04423132035009769
site_cf6b1b2134e1588b,836,0.05207410517125949,0.026246851780554324,0.044975717904187,0.04415691325293052,0.03824483973544178,0.04497571790418707,0.8661121649598915,0.41144803725885126,2.2669915909678617,21.942368088543414,0.5808885613293275,1.6300603779904308,1.2227902527017278
site_cfa28b3d4c2af861,102,0.14117014068915157,-0.05073714454080543,0.13173743122605763,0.10268213657996172,0.046614766016592035,0.13173743122605822,0.45397152386181294,-0.48450742178123607,2.0327588794638745,-5.175188743162154,-0.23654785333427727,1.0754493596078434,0.22163951389972558
site_d04beb93196a3a21,622,0.043507002107050934,0.027308896198150048,0.0338686200011397,0.05554434597774493,0.03735465711127849,0.03386862000113996,0.672519523881791,0.8033056427664086,1.1773584425173051,16.98613343524933,1.036706482093865,1.918978458199357,0.8679203937145396
site_d0ce78b41de4999b,52,0.0656043517598683,-0.02228709952739569,0.061702643091592874,0.08190731971972125,0.04526540186149081,0.06170264309159308,0.5526417176924424,0.6676276481882736,0.2238044104312918,-1.1589291754245759,0.12871428608642174,0.3488580692307692,0.1065457434954773
site_d122c9eee96eec44,13,0.06089216940585584,-0.057036167369439054,0.021324443879191378,0.022781701366661872,0.006148842260518007,0.021324443879191385,0.2699026802939335,0.36436849866949794,0.0482021318343688,-0.7414701758027077,0.0006635347650601317,0.006747076923076924,0.0004915073948815185
site_d132cef849713e59,125,0.11074041622418782,0.09463890305280685,0.05750580678912162,0.07024353066297281,0.10795217713262678,0.057505806789122184,1.5368273222281406,0.8757094687096042,1.532929973188295,11.829862881600857,0.8300567708253861,0.6167692000000001,1.4567090684592534
site_d15ecf104b47687d,115,0.10013725541887936,0.08825055240651834,0.04732134743189632,0.05843127318654265,0.03966642238286585,0.04732134743189669,0.6788560341006133,0.5928847997114063,1.1531590411249766,10.14881352674961,0.15802890761494637,0.39263457391304346,0.18094388243543091
site_d1bc13bbd7c8604f,141,0.12724246059227748,-0.09680491750832146,0.08257997168674959,0.05890450722807299,0.046763859195169254,0.08257997168674963,0.7938927154437226,-0.21107444751932122,2.2828807726383973,-13.649493368673326,-0.08198108187495395,0.48923347702127656,0.3083470522824119
site_d1da6ed45ac274f5,50,0.07558917968760925,-0.03195771988630294,0.0685013009038097,0.10882830514163123,0.06151100312265787,0.06850130090381112,0.5652114405586514,0.8167425682381181,0.28568620429228403,-1.5978859943151473,0.2733693819910287,0.5921799999999999,0.1891801752577813
site_d2a88afeebc07d80,46,0.06369149732839097,0.009819937703402146,0.06292992654877116,0.051980006516974646,0.05886220682921315,0.06292992654877125,1.1324009128392671,0.3605803150052179,0.18660391426889195,0.45171713435649874,0.05074961074214915,0.12428836956521742,0.15937893206903309
site_d2c6c5fd07d735c9,451,0.06640748017052736,-0.04236065203482719,0.05114223872478869,0.059102753639767254,0.037242523435117116,0.04310920988151412,0.630131781373694,0.6864040867988287,1.988888993592142,-19.104654067707063,0.6814017077087176,1.5754041049991625,0.6255395038686766
site_d355ed29576c96c4,250,0.040202260527259406,0.005738497106075286,0.039790594396982876,0.06243067502438204,0.060985241823517396,0.03979059439698288,0.9768473879178763,0.7923487198769494,0.4040554378754099,1.4346242765188215,0.7541871877259612,0.9743972959999999,0.9297999300682238
site_d3c0f0b2faa9bb95,81,0.06395916384496594,0.05088302878178196,0.038751671212214144,0.053459110804130454,0.047092691687217365,0.03875167121221422,0.8809104936249483,0.7098031120392048,0.331352745819523,4.121525331324339,0.14474319772133032,0.2314879987654321,0.17963545043813223
site_d4253e2faeb3b528,43,0.10129101098895266,-0.09525440308867497,0.03444513898047668,0.062157952638881506,0.04058515092795119,0.03444513898047669,0.6529357741838502,0.8570807635123602,0.44117436300805757,-4.095939332813024,0.09297240598342968,0.16613527627906977,0.07082764246131683
site_d46dadf54503ff71,88,0.05535996688882702,0.043087221737612376,0.034759419685401076,0.05799199770244737,0.03865529694043283,0.03475941968540129,0.6665626029779192,0.8139113072009173,0.26969588218601814,3.791675512909889,0.1605598069771447,0.29595031818181816,0.13149241437666714
site_d47f3d91f6768d70,53,0.029400554910836645,0.014112066084483885,0.025792289931145712,0.023595725819878736,0.03713246503773808,0.025792289931145716,1.5736945462578238,0.724939049314973,0.0458128093404514,0.7479395024776458,0.03366390444661649,0.02950818867924528,0.07307745786827857
site_d55e4a9082082245,5,0.05552434188405895,0.048109438567161565,0.027720650468745688,0.08287425173116195,0.05802342205523382,0.027720650468745684,0.7001381109715185,,0.015414762708289315,0.24054719283580783,0.02366606161147356,0.034340708,0.016833587534998973
site_d583e7eb857a6d07,415,0.08319100102116972,0.05049443714360157,0.06611395063415233,0.08165805495321894,0.04138661691514101,0.06611395063415297,0.5068283458239483,0.5932498073006012,2.8721082001252687,20.95519141459465,0.8320408724684314,2.767235744578313,0.7108336047674642
site_d5dd2bb3b8af01ea,43,0.08567864289620787,-0.02439664303286131,0.08213180661146478,0.10177320782100992,0.03115553827859187,0.08213180661146481,0.3061271128781318,0.7226600667966453,0.31565568348704426,-1.0490556504130364,0.09853062437440076,0.4453847906976744,0.04173870531343854
site_d5fa35b8748ecd00,221,0.1147009114615355,-0.1005145363525028,0.055255109012184556,0.060033626254582965,0.04160083590561808,0.05514275170716513,0.6929589048844483,0.4592571723525261,2.9075420989136487,-22.21371253390312,0.2534806753648774,0.7964920181617647,0.38246913011820194
site_d65f83745aba7368,108,0.03593687407249095,0.014652474477335257,0.032814080968284205,0.03172314651309605,0.041559897781433056,0.03281408096828456,1.310081197786486,0.6283395550938745,0.13947756315502383,1.5824672435522078,0.08946823779907491,0.10868666666666667,0.18654031118914172
site_d68e520b86217ecc,289,0.11724748746576115,0.11362733298643238,0.028910249314459995,0.04461660394612093,0.04150205799316867,0.02891024931446003,0.9301931192093108,0.7769318336983814,3.9728752886227734,32.838299233078956,0.41576401941475677,0.5752953494809689,0.497779616306149
site_d6e0f79187805dc4,57,0.03932719904761114,-0.00025441173398703815,0.03932637613104005,0.089119622819205,0.06375222230319015,0.03932637613104006,0.7153556117772498,0.9205274058052795,0.08815782934103432,-0.014501468837261174,0.29811254107233204,0.4527115087719298,0.23166771336993636
site_d735284ea202b77e,489,0.13827570295262936,-0.1110740373085369,0.08235732064015648,0.07610930634956983,0.03657264007335894,0.080098921033024,0.48052783328993837,0.12831734798925937,9.349763143224415,-54.31520424387455,0.1746579305697648,2.832594364863196,0.65406586294644
site_d74ec077de336965,56,0.04369970507942246,-0.00722346771508455,0.043098558423659984,0.033292132275187354,0.023565387973882312,0.043098558423660074,0.7078365476592081,-0.12350655099680621,0.10694119654559608,-0.40451419204473477,-0.00542618037946522,0.0620685,0.03109834058013744
site_d7943e43ff597b33,72,0.07559706698466526,-0.05202230697688129,0.054850671039533276,0.07444795778401095,0.040652753116400514,0.054850671039533276,0.5460559876517047,0.6916452428783567,0.41147399064124557,-3.7456061023354525,0.15071575106396856,0.3990598861111111,0.11899053618789684
site_d830d9e3fbd26651,704,0.11943740340024091,0.10741329122571783,0.05222717873914892,0.06944315061280372,0.03671403526766006,0.052227178739149366,0.5286919580070268,0.6751405498953333,10.042766505018283,75.61895702290535,1.2117928604729982,3.3949352215909094,0.9489359514870307
site_d8459840bc683e6d,9,0.08385967812965295,0.08290784607993232,0.01259899497560199,0.04536999606799494,0.03859705370174665,0.012598994975605906,0.8507175897459229,,0.06329201054408093,0.7461706147193908,0.01525245490471522,0.018525928888888887,0.013407592990099637
site_d8c17cfcfd29e789,109,0.10270605851202588,-0.046784803992017704,0.09143148566278561,0.10371761736159257,0.039253477892008906,0.09143148566278575,0.3784649020152363,0.4836888909417178,1.1497902556032498,-5.09954363512993,0.21464623934675792,1.1725505124770643,0.16795107240140905
site_d8f779aeecdbd8d2,131,0.0971035182615966,-0.05088785016081716,0.0827013903437569,0.09065674437343546,0.052602460515018455,0.08270139034375806,0.5802376963630761,0.4347186052591377,1.2352112169002094,-6.666308371067047,0.27157244430311767,1.0766425343511452,0.36247946964266387
site_d93f1ce9d07f856a,55,0.07191362947117998,-0.035038434635509146,0.06280030415540451,0.10731925031234286,0.05223254084148218,0.06280030415540495,0.48670243865349544,0.9188900744917794,0.28443635570449904,-1.927113904953003,0.28329899422959853,0.6334581818181818,0.1500531077516407
site_da42d7233341c5fa,34,0.11141209102716465,0.05252209118289105,0.09825519815674538,0.1138287907280751,0.06621963832006428,0.0982551981567455,0.5817477098413174,0.5099664853770702,0.42203023691953756,1.7857511002182958,0.13069515226159026,0.44053778235294117,0.14909137697416425
site_da8bcad340f647ba,6,0.07098568736741416,0.06940676197210949,0.014888559486102059,0.06655862077897948,0.08009365046087172,0.014888559486105376,1.2033550203336976,,0.03023380686614557,0.4164405718326569,0.03187012092173099,0.02658029999999999,0.03848995706488978
site_da99bb912bf39167,787,0.08543803401809305,0.0487926598319256,0.0701351124858499,0.08023980321932427,0.05653330681774911,0.07013511248585004,0.7045544050403916,0.5197615334714524,5.7448305759620615,38.39982328772545,1.8555519246284717,5.067041278271919,2.5152636316630597
site_daa49998006715f8,95,0.06778494994375046,0.039561582968109535,0.05504253438872652,0.07487550960800315,0.051190895632517,0.055042534388727374,0.6836800964763704,0.6779604141662428,0.4365059466932918,3.7583503819704056,0.24686553428220126,0.5326024842105264,0.24894824058762854
site_dabd51f8216ca183,414,0.059807648452257146,-0.02995820542234153,0.05176350781449768,0.06775277996840244,0.032648287769674045,0.0517635078144978,0.4818737738126772,0.6728916479200209,1.4808592927429534,-12.402697044849393,0.6162160533206618,1.9004418260869567,0.4412870274366594
site_dad0353659cda19f,170,0.05723829295203582,0.024190243808311574,0.051875372620902846,0.07133913570920959,0.07353461613308641,0.0518753726209035,1.0307752596390567,0.7439680303487354,0.5569577706107225,4.112341447412968,0.6634724103666841,0.8651762882352941,0.9192477608728635
site_daf47f9c44bf482f,99,0.05276783221636806,0.012570116223710955,0.05124876871630351,0.052974494924817705,0.058276738331438496,0.05124876871630358,1.1000904947587669,0.5791755171108101,0.2756599675646623,1.2444415061473846,0.177013932883589,0.27782341414141415,0.3362216448245443
site_dafe0965d62ae39c,205,0.05056585510548245,0.04067384389697052,0.03004237216322173,0.05842314617955921,0.046468041534991546,0.030042372163222007,0.7953704066565581,0.8600970552902449,0.5241656690224723,8.338137998878956,0.47867487376328643,0.6997191219512195,0.4426521712400284
site_db96cd85e659d65b,81,0.06720593811629674,-0.015115972614582673,0.06548393306763649,0.06763450176041677,0.05035628681668455,0.06548393306763654,0.744535488633638,0.41429582260847425,0.36584768756541214,-1.2243937817811965,0.11429245639366131,0.37052849209876537,0.20539620537910008
site_dbd5f7c9c3a46705,3,0.054304798095263465,0.03315971226294836,0.04300516921029148,0.05837128289378834,0.04026509291974722,0.04300516921029156,0.6898099703070272,,0.00884703328850199,0.09947913678884507,0.004768559693545103,0.01022162,0.004863833123507633
site_dc096381800c2a0d,61,0.02554347786495082,0.004231666755089993,0.025190519206858334,0.028580942169699603,0.023956160739991482,0.025190519206860683,0.8381865299524263,0.5522251144228745,0.039800624947671184,0.2581316720604896,0.023064271861302565,0.0498290855737705,0.035007755881418856
site_dc3fa845eee493af,75,0.07824649618993718,0.04835666848977407,0.061515419031101005,0.08920098255562485,0.06183737155248641,0.061515419031103025,0.6932364395641633,0.7248545396021217,0.45918856245013895,3.626750136733055,0.2998698386563857,0.5967611466666667,0.28678953903901916
site_dd81667799d2704b,215,0.04886613992660781,0.03389120044195375,0.0352034964730796,0.0658336481338303,0.059244361050204294,0.03520349647307963,0.8999100418948236,0.8466943675851571,0.5133984207352649,7.286608095020055,0.7100028182345248,0.9318248837209301,0.7546272779930973
site_ddb8d9051d38fd31,29,0.04335304045738885,0.03115689631166129,0.030145214033481034,0.04800322026455042,0.04492500479322692,0.030145214033481034,0.9358748130988055,0.7915048004708111,0.054505097390099844,0.9035499930381774,0.04950055359355334,0.06682496551724137,0.058529425614472386
site_ddd5a78c36a9e7a3,382,0.06160254902614461,-0.039214032812580395,0.04750930095352297,0.07588470319358175,0.03939041993514828,0.04750930095352301,0.5190824800969885,0.8452223781165226,1.4496418857700861,-14.97976053440571,0.9651152997114036,2.199742484293194,0.5927131797789189
site_de08b55dd68ab719,250,0.08959819489681495,-0.052778045645713804,0.07240382881164908,0.10030286408672485,0.05018750442964639,0.0724038288116511,0.5003596346586152,0.728765192672064,2.006959132191909,-13.19451141142845,0.9171419647861123,2.5151661359999995,0.6296964002189439
site_de0c25f31478d5ae,20,0.03684526192533598,0.022697159276604654,0.029024339563873836,0.04058414838332819,0.035365313217553845,0.029024339563875106,0.871407054880614,0.7160201875096138,0.02715146652693226,0.45394318553209306,0.020553661918565634,0.032941462000000005,0.025014107579513778
site_de2dd333b47cf663,29,0.06743290539909916,-0.027038174781306035,0.06177486410393311,0.10077300518059006,0.060866963751680284,0.06177486410393317,0.6040006809621661,0.8187370830870023,0.13186870518635185,-0.784107068657875,0.1456358542090346,0.2945007586206897,0.10743883101410248
site_df32de3b824705c1,130,0.10741936249239413,0.10142243708509666,0.03538938674224208,0.03443732322305598,0.054008176375987496,0.03538938674224227,1.568303553274684,0.7662799637697879,1.500059526975408,13.184916821062565,0.18527623739540577,0.15417080000000002,0.3791948050097706
site_df4d1a2cf99eda94,136,0.05082352091160387,0.019643554706783854,0.04687388437428486,0.07668485253944575,0.05290769653908815,0.0468738843742903,0.6899367317929324,0.798900684662066,0.35129211778790415,2.6715234401226042,0.44081883494994223,0.7997570588235294,0.38069451201782467
site_df5a72d9e6b0c9b0,180,0.05441502024389145,-0.019833413277400864,0.05067178846173614,0.0787738306094663,0.0459952654081709,0.05067178846173767,0.583890170787805,0.7939409597707663,0.532978997065761,-3.5700143899321555,0.5177925614651293,1.11695695,0.3808015991942549
site_df8e2a9486152870,479,0.03552706779001178,0.00017293489452194796,0.035526646890444775,0.05472766722265866,0.03491180591768082,0.03552664689044499,0.6379187655787095,0.772465375989576,0.6045806494171684,0.08283581447601307,0.706958282513089,1.4346613110647182,0.5838215781757966
site_dfda0bf114384539,49,0.10008774450265966,0.04668430622256532,0.08853322626080802,0.07796440841558305,0.04379500424580734,0.08853322626080817,0.5617307324691232,0.02318369726587548,0.49086027338185423,2.2875310049057007,0.003878820996199334,0.29784400000000005,0.09398211744762386
site_dffc4a16666e5428,8,0.06707033821687106,0.05877283031195403,0.03231384665507547,0.050504325309818764,0.04283733973301865,0.03231384665507581,0.8481915057815941,,0.03598744214820379,0.47018264249563224,0.013366159459017217,0.020405495000000003,0.014680301403216467
site_e06c7a98fed0bd3d,30,0.01988281916751909,-0.008485551762580873,0.017981154282548855,0.02199618653817571,0.025426915950742986,0.017981154282548942,1.1559692816122031,0.7214780203387309,0.011859794941447933,-0.2545665528774262,0.012105575514833133,0.014514966666666667,0.01939584164298444
site_e0819506e4cfd43e,250,0.05866635417713883,-0.024106625902652737,0.05348468659370686,0.07722653688985412,0.05762942141508991,0.05348468659370746,0.74623858243553,0.7217668486384192,0.8604352781093736,-6.026656475663184,0.803059564076364,1.4909845000000002,0.8302875531595058
site_e08b0590bf66e62a,111,0.0563376863216547,-0.05100905820528666,0.02391674896566916,0.026312745231973116,0.0344643615835438,0.02391674896566916,1.3097972590737321,0.7212543772648944,0.35230677390856463,-5.662005460786819,0.07260187544540109,0.07685202234234235,0.13184493634909872
site_e0a3f27c6c9560a4,56,0.16770094403249955,0.11792671379617281,0.11923462920908126,0.13244723915852033,0.03328334666036385,0.11923462920908152,0.2512951336080963,0.5028206132862708,1.5749219712459266,6.603895972585677,0.12412835464403035,0.982367185,0.062035745235181405
site_e0ceb845349c800e,31,0.05320399984277716,-0.03375368227304951,0.0411260809253721,0.05864159469618785,0.04136481671314805,0.04112608092537212,0.7053835579924479,0.712893565886551,0.08775063357737721,-1.0463641504645347,0.053607217448132655,0.10660393548387098,0.0530424899130823
site_e0f23347bc3a360e,5,0.16575400370475007,-0.15452514057159422,0.059969748002499865,0.04735145193127663,0.014020469547162585,0.05996974800249987,0.296093762183072,,0.1373719487207715,-0.7726257028579712,-0.002894092772901058,0.011210800000000003,0.0009828678316145673
site_e112cf24dd2b666b,2,0.10306396552535241,0.1025307548046112,0.010470210552215573,0.011499999999999996,0.0010297894477844238,0.010470210552215573,0.08954690850299339,,0.021244361979622057,0.2050615096092224,2.368515729904174e-05,0.00026449999999999987,2.120932613536297e-06
site_e1c83eb53198657c,16,0.07070334773176272,0.0024607494495809124,0.07066051296604735,0.08943485735963076,0.029168905030233006,0.07066051296604736,0.32614693969869635,0.7391585298217381,0.07998341408765691,0.0393719911932946,0.030852085111802444,0.127977499375,0.013613200330604036
site_e1d83ae86567245b,279,0.07583932862371369,0.05762400882645747,0.049305956768568936,0.09997047893539995,0.09696607418744392,0.04930595676856959,0.9699470805786831,0.8750714529985126,1.6046974507406828,16.077098462581635,2.3666787166502523,2.7883529677419356,2.623275052587641
site_e217e123676f78e8,634,0.10365921530087266,0.09571771653443106,0.03979135155064448,0.044256155423150145,0.04670953678854865,0.03979135155064448,1.0554359352262028,0.6184828778101211,6.8124776692465545,60.68503228282929,0.8105805583309488,1.2417570236593058,1.3832490443184948
site_e236e8f6fb4c7e9a,128,0.02436911356587912,-0.013114997707912697,0.02053900024607231,0.02586381683905867,0.019337024249546614,0.020539000246072383,0.7476477416258409,0.620846504157322,0.07601327308629935,-1.6787197066128252,0.039744447821041105,0.08562393874999999,0.04786182487392688
site_e285e97bc06024be,13,0.07960126373643978,0.05853137885240407,0.053948483556765396,0.07495386904761556,0.05221254221490695,0.0539484835567654,0.6965956911675655,0.6942313362618321,0.08237269544969714,0.7609079250812529,0.035319655615893696,0.07303507230769231,0.03543994433906472
site_e3489f2db8b7f610,188,0.08511067734253534,-0.05867467739322085,0.061653139664632,0.06212729524813025,0.0737440178007116,0.061653139664632,1.18698258963609,0.5998965086865873,1.36183955076857,-11.03083934992552,0.5167059064989394,0.7256425531914894,1.0223778703416337
site_e35bffa822780b41,151,0.11185559538120994,-0.005916273763953457,0.11169902382221122,0.09416377956573939,0.054207110642390886,0.11128760276466723,0.5756683821781686,-0.05678516458304591,1.889262806930828,-0.893357338356972,-0.04376752386176262,1.338889424697879,0.4437000374736575
site_e4206af93f2d6f2c,175,0.08843911097171565,-0.04567085728863308,0.0757340685820374,0.08711951206549892,0.04662763564760543,0.07573406858203743,0.5352146097024676,0.49582979485212897,1.368758361156801,-7.992400025510788,0.35247595640492446,1.3282166419428574,0.38047387106502284
site_e44008751f3e2871,30,0.026660025417777854,0.010296816151142122,0.024591310099832828,0.016486704744530768,0.037234689088706675,0.024591310099832828,2.2584676359330547,0.8580712538892078,0.02132270865829684,0.30890448453426367,0.01580251458659768,0.008154343,0.041592662145979564
site_e443401d44fc1f23,274,0.08835875897167692,0.06188596615260535,0.06306661145466343,0.08025707237598909,0.04194998148886821,0.06306661145466393,0.5226951375990958,0.6272458766422413,2.139192058642082,16.956754725813866,0.5786333552083395,1.7648881605839415,0.4821854594550895
site_e473611ef37db918,1,0.019646893024444584,-0.019646893024444584,0.0,0.0,0.0,0.0,,,0.00038600040551396925,-0.019646893024444584,0.0,0.0,0.0
site_e4827c2c7a3df4be,641,0.044214045267460304,0.04158769183695409,0.015011518463752122,0.024064894785190544,0.027696073127357983,0.015011518463752144,1.1508910957051868,0.8408407740611246,1.2530792331032514,26.657710467487572,0.35923112412597313,0.3712153822152886,0.491693451139291
site_e4a78bd8d0c42b04,2,0.06050086140772271,0.05156975907087326,0.03163722776174545,0.0793,0.04766277223825513,0.03163722776174633,0.6010437861066221,,0.007320708462152943,0.10313951814174652,0.007559315676987171,0.012576979999999998,0.004543479714871568
site_e4ad3110c632fc3e,37,0.10437435462882011,-0.08174696252958193,0.06489560864472904,0.09002233307843846,0.04167880042567065,0.06489560864472904,0.4629828954705605,0.7502223540685874,0.40307821845476,-3.0246376135945314,0.10414950247410987,0.2998487567567567,0.06427352898214672
site_e526161d153fbae1,108,0.07551464455582452,0.017212444398138262,0.0735268202782734,0.08910861105679899,0.054209838489990156,0.0735268202782734,0.6083569011690252,0.5664823525661133,0.6158658465783919,1.8589439949989321,0.2955343240808557,0.8575572129629627,0.3173803116239684
site_e580905782041227,176,0.11516421886065478,-0.10968555137589574,0.03509810714483805,0.05287503761013062,0.07088442494482801,0.035098107144838304,1.3406028278880482,0.8789307543993495,2.334252325818124,-19.30465704215765,0.5797874875655398,0.49205545,0.8843298991575762
site_e5a46bf8593cb776,159,0.09634480426527671,0.0268162441022741,0.09253761592542642,0.13154045689507898,0.06557608471707256,0.09253761592542734,0.49852407589992037,0.755856896834185,1.4758890881174027,4.2637828122615815,1.0366723939030802,2.7511597962264154,0.6837354390044879
site_e60e5a5f7ff91a10,8,0.11470899597041503,-0.10357645039260387,0.04929576737012177,0.05858643054283132,0.024667283403331644,0.049295767370121805,0.42104089931367134,,0.10526523005232553,-0.8286116031408309,0.00644308813456446,0.027458958749999995,0.004867798964002246
site_e60f7e42ba2fd8cd,702,0.06637884768622877,-0.04564019829820194,0.048198793755159106,0.07753782631007897,0.053048681540740675,0.04819879375515928,0.6841651883378241,0.790507121306263,3.0931182969463946,-32.039419205337765,2.28260684433033,4.220504385242165,1.975542154474066
site_e621c0e748219561,130,0.11520378069798312,-0.10700481177751835,0.04268350200682764,0.06501725078322125,0.04975647792624511,0.042683502006827814,0.765281172717404,0.7544086997023013,1.7253484413241686,-13.910625531077384,0.3172694623453113,0.5495415769230769,0.3218419224312392
site_e692ba92ac3619b9,78,0.052115137439485835,-0.025086432365882094,0.045679956890178015,0.05932681468080804,0.042289408464817116,0.04567995689017859,0.7128211533409283,0.6419968537416392,0.21184702892624688,-1.9567417245388032,0.12563485533247393,0.2745343333333334,0.13949473732772333
site_e6f2aca5e6ecbaba,167,0.1300219255708858,-0.12261737499179955,0.04325136390082253,0.037831817415747426,0.0453755012444212,0.04325136390082381,1.1994005137467632,0.4717075896155749,2.823252088569881,-20.477101623630524,0.13522842058043283,0.23901815029940116,0.3438423309014724
site_e6f4ed93ce9ba081,116,0.09520773120823817,-0.052266390828993814,0.07957849251858823,0.10986853293969592,0.05774291274409133,0.07957849251858826,0.525563700534574,0.7150392017900241,1.051483401491135,-6.062901336163282,0.5262109177957834,1.4002469655172414,0.3867723007719224
site_e722a68e19572b18,15,0.02772214917227315,0.02587987067580223,0.009937295836067101,0.01038992246789594,0.013772900168307012,0.009937295836067627,1.3256018233884046,0.6949486447094936,0.011527763320946472,0.38819806013703345,0.001491700645511349,0.0016192573333333332,0.0028453916856922695
site_e755ae9494167172,176,0.11812078330738715,0.07441192570775747,0.0917354062596002,0.13551439769330695,0.06407366666951375,0.09173540625960033,0.4728181489211486,0.8093030522874184,2.455643423050525,13.096498924565315,1.2367697743316775,3.2320907488636363,0.7225565178437685
site_e7895d956d62a46d,90,0.027939252062010162,-0.011214362473289174,0.02558983939188018,0.03150423056051166,0.014447715412495662,0.025589839391880184,0.45859604108550617,0.6002374471177989,0.07025416252060851,-1.0092926225960257,0.024588591468665336,0.0893264888888889,0.018786283257641825
site_e7920aa397fb1716,99,0.0458800419505545,-0.000673726370238294,0.04587509500984915,0.09645427835761575,0.06515324304352166,0.04587509500984917,0.6754831838765952,0.9105096898327323,0.20839284668907945,-0.06669891065359111,0.5664705032454899,0.9210393535353536,0.4202495628297321
site_e7d7202b18581b5a,73,0.25452414260617195,-0.24823794707860034,0.05621797576940124,0.058260075884856294,0.012184534058293098,0.05621797576940164,0.2091403739736676,0.26923063450050555,4.729125359366708,-18.121370136737823,0.013951705714202907,0.2477792602739726,0.010837789525892427
site_e7defe0b5f5d29b7,231,0.06477560768184772,0.00818254051502649,0.06425671467848787,0.10492177169239797,0.06481299052606589,0.06425671467848887,0.6177268023654796,0.8146983696059888,0.9692481299776617,1.8901668589711194,1.2797834897614144,2.5429815584415585,0.9703671841552703
site_e7df8a81d2875ad9,50,0.100307095499492,-0.07586705267071724,0.06561786133822729,0.11438415274853418,0.05741268118736567,0.06561786133822857,0.5019286309143153,0.9192980912153091,0.5030756703772103,-3.7933526335358616,0.3018561658629775,0.65418672,0.1648107980561046
site_e7ee204eaac12eb2,47,0.06398621379607801,-0.03805627597266056,0.05143885122210743,0.09823004475756789,0.05532482695220633,0.05143885122210743,0.5632169575891797,0.9259279807022796,0.19242907112999796,-1.788644970715046,0.23650453474990865,0.4535096595744681,0.14385931443270406
site_e813e7562543b91c,20,0.10888812279791443,-0.07995068722963333,0.07392233017135647,0.10038818406565585,0.04909795810767324,0.07392233017135721,0.48908104638651706,0.7125271790231363,0.23713246572907384,-1.5990137445926667,0.0702388609237969,0.20155574999999998,0.04821218980685674
site_e84e6fd19eaae8f3,84,0.14172901979264785,0.07534229329427082,0.12004438301122149,0.1077720028923389,0.030614418240185164,0.12004438301122217,0.2840665239447027,-0.2816602323004502,1.6873176643163206,6.328752636718749,-0.07806148059921605,0.9756435870238096,0.07872837875153849
site_e894534d7e7a123f,174,0.19441646117003908,-0.15425439631171609,0.11833571562461326,0.09238506886898627,0.030653485209423233,0.11833571562461334,0.3318012919695255,-0.7995807690865545,6.576810305055348,-26.8402649582386,-0.3939972903670593,1.4850901652873563,0.16349669105427322
site_e8fdb2dcaaa2ec50,118,0.06505052744350999,0.0051405815522549535,0.06484709355077883,0.08065588476573,0.05550180668323726,0.06484709355077883,0.68813090135265,0.6009851299298836,0.49932539224010386,0.6065886231660845,0.31745992827729913,0.7676338661864407,0.3634931643222059
site_e908f29f409c402b,51,0.021306297479409805,-0.016996718265496046,0.012847952384892222,0.02258828295201944,0.02860241757238706,0.012847952384892537,1.2662501896732237,0.9002444242498114,0.023151873926336334,-0.8668326315402983,0.029663102899141168,0.026021756862745098,0.041723012840245
site_e9578e4592e63187,8,0.040474586124151765,0.00621713877469301,0.03999424092763341,0.018289341158171882,0.051297936412114206,0.03999424092763351,2.8047995807215678,,0.013105536975371028,0.04973711019754408,0.00546575589105487,0.002676,0.0210518262411305
site_e98d1003be09654d,174,0.11691559492079551,0.10560333195225946,0.05017163158862228,0.03720863645046457,0.06452953027379997,0.05017163158862257,1.7342621614126437,0.6312536024455581,2.378450602408937,18.374979759693147,0.2637274750208204,0.24089997701149427,0.7245464882601643
site_e99ab7a415991029,162,0.10873039295742773,0.09861309706392113,0.04580126024618013,0.04860985967426981,0.045890675503466614,0.045801260246180434,0.9440610569743628,0.5314644161270925,1.915212333133617,15.975321724355222,0.1920604863618443,0.38279279012345674,0.3411645639026442
site_ea33c67804056e7d,182,0.08678041451910819,0.009472117235372352,0.08626192288134787,0.09435775635973616,0.04552007593409797,0.08626192288134787,0.48242007536247494,0.4114321808495445,1.3706129426277003,1.723925336837768,0.32162531847826076,1.620416285714286,0.3771180709743802
site_ea99257f5d54ddf2,142,0.09067536973690787,-0.06885617265315125,0.05899873019383027,0.08630036744962383,0.057560202478463225,0.05899873019383065,0.6669751726383192,0.7327759517404234,1.1675272201233429,-9.777576516747477,0.5168856918440319,1.057580985915493,0.4704711211293592
site_eafced833314a87c,939,0.04660185359223083,-0.03064242792167603,0.03511088676317656,0.05705850238702884,0.051760262539140935,0.03511088676317656,0.9071437274685226,0.7960455592742255,2.0392570599795827,-28.773239818453792,2.207599847081402,3.0570766602768904,2.5156981666554277
site_eb3bc9a7aee9d6f6,324,0.05162114204151565,-0.0383668132758251,0.0345359225260931,0.048606134861892365,0.02222993462287654,0.03453592252609312,0.4573483303299025,0.7700042324575721,0.8633765070371882,-12.430847501367332,0.2695674159610874,0.7654682561728396,0.1601110778413063
site_eb828ca3e955ad1d,72,0.07945964106714794,0.06974662634233633,0.03806892003173322,0.035015998878643116,0.05591723677600718,0.03806892003173351,1.5969053737350931,0.7414754820182944,0.4545960882134388,5.021757096648216,0.10453013545502392,0.08828065277777777,0.22512509054381158
site_eba5cbc1dd84d08d,137,0.06167471014779393,-0.05521065789339316,0.027487326657809036,0.04200977355463329,0.03236366711987041,0.027487326657809136,0.7703842316070041,0.7563583146204597,0.5211164724385722,-7.563860131394863,0.14088223042835069,0.24178048715328468,0.14349475207407203
site_ebf4f84d79acafd6,8,0.09728572953023132,0.09145430482178926,0.033175643170744624,0.05560539542166749,0.08469364924910036,0.03317564317074495,1.5231192693955413,,0.07571610536183457,0.7316344385743141,0.03665740369334817,0.024735679999999996,0.057384113785037105
site_ec20e4065643efdb,232,0.06519397881019781,0.015542700516766516,0.06331413218034838,0.08330052171121309,0.05612480166280909,0.06331413218034847,0.6737629070005466,0.6502671644546744,0.9860591305602489,3.6059065198898317,0.7053137496547195,1.609842644827586,0.7307984599120005
site_ec919d9a24ddf81b,54,0.10152905474679821,0.09774021066118169,0.027477266561398945,0.04855266327516042,0.05762281436305228,0.027477266561398966,1.1868105779592149,0.8797721961708653,0.5566400437200307,5.277971375703811,0.1329142410506805,0.1272975,0.17930099169641434
site_ecbc4520bb039c64,117,0.2069313799229961,0.025489654876737516,0.2053554807914806,0.17172270627834763,0.08262847724361609,0.20535548079148055,0.48117385891695935,-0.20630924494899702,5.010009731629736,2.9822896205782894,-0.3425011426945909,3.450176478632479,0.7988134344370574
site_ed130293b294c5a2,39,0.06984975164303128,-0.02903488251948969,0.06352923265452358,0.054385126389359315,0.027298204857485964,0.06352923265452405,0.5019424734264657,-0.11216010360707192,0.19028052437913293,-1.132360418260098,-0.006494074096473362,0.11535193692307688,0.029062487549209537
site_ed8668d708cd9f42,70,0.081529641497529,-0.056578339067527225,0.058702418954209426,0.09594681881551013,0.06648366933074447,0.05870241895421127,0.6929220807057874,0.7979355219969783,0.4652957709900923,-3.960483734726906,0.3562963718097125,0.644405442857143,0.30940548013758407
site_ed9138fe753e1f02,20,0.050278863004698485,-0.01865470406591892,0.04669010688848577,0.04288317239897253,0.014124187885886106,0.046690106888486106,0.3293643426022399,-0.11681464654837065,0.050559281300904764,-0.3730940813183784,-0.0014150692282244566,0.03677932949999999,0.003989853668716237
site_eda005e51a299a0e,329,0.22851912143280742,-0.22502527147694562,0.0398072362410291,0.07235669123153658,0.06865973195960792,0.039807236241029144,0.9489064631203403,0.8418929763312907,17.180705335078898,-74.0333143159151,1.3760480110118887,1.722476462006079,1.5509582428197528
site_edb67bacc6a2f615,2,0.045665891939792425,0.043912917965650555,0.012531134122610092,0.07665,0.06411886587739002,0.012531134122610641,0.8365148842451405,,0.004170747373313597,0.08782583593130111,0.009829422139003872,0.011750444999999998,0.00822245792280546
site_edc41c47fa42988f,103,0.030530102269457914,0.016159022683426012,0.025903149046015286,0.021369083293466096,0.023490491552978714,0.02590314904601584,1.0992746497535189,0.33614319758432093,0.0960049758921066,1.6643793363928794,0.017379590860732548,0.047033685242718455,0.05683572892025812
site_ee1921e55841ea0d,206,0.0752630810693157,-0.0470134517891893,0.058773010156975614,0.08555681359390584,0.05714270744368277,0.05877301015697567,0.6678919544024838,0.7292970480179124,1.1668934626415557,-9.684771068572996,0.7344920362727446,1.5079134805825243,0.6726495368828296
site_eef5f3ba42e04423,79,0.025156298665084002,-0.0018825837322428264,0.02508575773258607,0.029943061386108267,0.028114032397728268,0.025085757732586186,0.9389164332666213,0.6282163961247429,0.04999430963962566,-0.1487241148471833,0.041778774821682824,0.07083036708860758,0.06244150659518066
site_eefad9fa85f80180,151,0.06686436817570153,0.056127035410593676,0.03634005541484123,0.03970231760324784,0.05438581575201353,0.036340055414841296,1.3698398238485832,0.7441245507241983,0.6750974034619008,8.475182346999645,0.24261859696481797,0.2380173774834437,0.4466303602068064
site_ef1a0b7a4f85647e,128,0.10030536775160398,-0.05896309026284144,0.08114506014811088,0.10085710807870707,0.06156995458791687,0.08114506014811108,0.6104671823414646,0.5941039415039269,1.287829350372418,-7.547275553643704,0.4722236653771252,1.302036,0.4852299914186427
site_ef1b5625cbf889df,183,0.09714905460234793,0.007718239774534611,0.09684197222750461,0.12119144356353147,0.06287447097732152,0.09684197222750512,0.5188028884593755,0.6077678733928388,1.7271428022537865,1.4124378787398337,0.8474910720531691,2.687787976721312,0.7234354354240824
site_f005fd2353ec048d,130,0.09151323507612949,-0.06479128512400847,0.06462786988659286,0.08307237396376928,0.06749653134324579,0.06462786988659294,0.8125027385479962,0.6491807946710819,1.088707385232862,-8.422867066121102,0.4732025670624008,0.897132511076923,0.5922516266380689
site_f059546b5612f674,32,0.1162817935728144,-0.07216613084822893,0.09117842439364107,0.12720319313503886,0.04992820843266485,0.09117842439364113,0.39250750867284495,0.8156139459835601,0.43268657652833986,-2.3093161871433256,0.16575957225821913,0.517780875,0.07977043191346
site_f07b80b3214910ba,44,0.0864377742763824,-0.04946745528416201,0.07088342323536771,0.09835446468331012,0.04354220385939101,0.07088342323536843,0.4427069376015804,0.7641514696352621,0.32874550816161274,-2.1765680325031282,0.1439914201111956,0.42563843181818184,0.08342063474504169
site_f0ccb43d6f9d9cfd,309,0.05602409990221308,0.05154411892617018,0.021952302247782034,0.025492549272102424,0.027502382662741836,0.02195230224778209,1.0788400316181346,0.6592068465560053,0.9698582288846239,15.927132748186587,0.1428116959405032,0.20080985113268607,0.23372174510751575
site_f1050af72de062ae,91,0.09790828791718412,-0.08577587377658258,0.04720733333644251,0.06255148363789058,0.028608867287365978,0.04720733333644254,0.45736512746815405,0.6992414589268832,0.8723289887015542,-7.805604513669015,0.11386934977733827,0.35605461758241763,0.07448052315941683
site_f1573be180b99853,119,0.05010581754420604,-0.043127904411173666,0.025506407290599213,0.04469950703262642,0.03092116629773037,0.025506407290599484,0.691756315682874,0.8333283257133777,0.29876056126101863,-5.1322206249296665,0.1370634646572173,0.23776746554621847,0.11377810450021568
site_f2457bdf17f809aa,15,0.08329327821625579,-0.08007972776095071,0.022913039906188964,0.04126600968782365,0.02636310781960486,0.022913039906189397,0.6388576947236023,0.8607818547164977,0.10406655294015886,-1.2011959164142607,0.014046672087907795,0.025543253333333335,0.010425201808621665
site_f2e692f63befa2ca,575,0.11230105939931143,0.03677175143293712,0.10611016086483875,0.1344642444121515,0.05463105435275542,0.1061101608648396,0.40628685039350454,0.6674326896886029,7.251628566769411,21.143757073938847,2.8191729298004375,10.396363989565216,1.7161174573238873
site_f35139d0576344b1,63,0.07094768707014251,0.062144449724091416,0.03422925165838043,0.06413612224691127,0.08105685583456462,0.03422925165838044,1.2638253295469268,0.9148503335740602,0.3171151809379806,3.9151003326177594,0.2996284531452471,0.25914685714285707,0.41392347430047977
site_f39ad74b903eb489,68,0.05971197751961444,0.039645054335541594,0.04465187483224972,0.07388664398366968,0.06069485902239737,0.0446518748322498,0.8214591399740943,0.7971066193278498,0.24245537763259997,2.695863694816828,0.24307661292603347,0.3712280588235294,0.250502881998911
site_f408269ff3bfc904,433,0.04742270908649294,0.006705965589293156,0.04694617516494135,0.06692052862627104,0.04291313555650775,0.046946175164941456,0.6412551789027756,0.7166227446290666,0.9737794749652267,2.9036831001639367,0.8911033898315223,1.9391286466512703,0.7973856090250938
site_f40d91148ce5f169,100,0.07422376514831233,0.008822402738213537,0.0736975747410767,0.08172392327831551,0.06552060245829415,0.07369757474107674,0.8017309966282453,0.5173510390542636,0.5509167312791825,0.8822402738213537,0.27702082298906144,0.6678799635999999,0.42929493464978213
site_f41236f6a73e8c51,344,0.1418194734351974,0.12785671321077402,0.06136305022058916,0.08022211993946854,0.05444725249984769,0.0613630502205901,0.6787062289170465,0.6450126392898627,6.918790487630212,43.98270934450626,0.9691628787982776,2.213842453488372,1.0197891368450667
site_f459e887bba62073,76,0.040698226190454066,0.012697201549222596,0.03866686808971966,0.04930889935297341,0.058782615081879194,0.038666868089720974,1.1921299370543443,0.7575690073548322,0.12588226674375144,0.9649873177409173,0.1668821947291297,0.1847839342105263,0.2626100835256922
site_f468c03f1fedb166,24,0.10841301585254354,-0.08193131234248478,0.07099747927977483,0.08441858956348944,0.04293774944560053,0.07099747927977522,0.5086290788275721,0.5420391425222489,0.28208116814985257,-1.966351496219635,0.04715407832711935,0.17103595833333332,0.04424760785887605
site_f4812d36f8b87671,83,0.06423978573190227,0.0027449575203010836,0.064181113102629,0.06853445413576326,0.05760491881044913,0.06418111310262914,0.8405249525492204,0.49343466324322116,0.34252025588309926,0.22783147418498995,0.1616874360237495,0.3898486265060241,0.2754211137061502
site_f48c6b207c3fab2d,284,0.13568797987380987,0.13069787089358753,0.036459490206509494,0.04645192347155819,0.03822433818470372,0.036459490206509494,0.8228795564968995,0.6447382555771617,5.228788718554864,37.11819533377886,0.3251213252801501,0.6128098591549297,0.4149524084230421
site_f4ae282ac466260d,9,0.12996434600418313,0.12582691638999513,0.03253180511561262,0.022557372669005475,0.039641834142548925,0.032531805115613,1.7573781629727663,,0.15201658109065527,1.1324422475099563,0.00459896279325088,0.004579515555555557,0.01414327512766822
site_f4e6d6d6c1cafad7,124,0.03704400343410996,-0.0017818351623512091,0.03700112503533588,0.04518406323870869,0.061990454750562266,0.03700112503533602,1.371953965783576,0.8060271378698893,0.17016001561286748,-0.22094756013154992,0.27995063341775495,0.2531583467741936,0.47650924354250696
site_f4e907a8ba8d1abb,25,0.22433053246411247,-0.2151903062610626,0.06338233103083453,0.07287956377476473,0.03972657997334343,0.06338233103083642,0.5450990362143078,0.49603770190248836,1.2581046948908055,-5.379757656526565,0.035903901068449026,0.13278577039999997,0.03945502890946129
site_f5ae0072aa9d0a04,65,0.1709486227173682,-0.15088967973855824,0.08034759584057516,0.10741916563426719,0.042773768993644753,0.08034759584057602,0.3981949472525016,0.752247408552406,1.8995230545827306,-9.807829183006286,0.22466392981900618,0.7500270144615384,0.11892369540490955
site_f5fb4b6c3b6ce99f,102,0.060131830549736004,0.02002164662994591,0.05670071173704737,0.06258778072467487,0.04370393097340704,0.05670071173704737,0.6982821641441748,0.4775093335462358,0.3688153786167408,2.0422079562544826,0.13322695152110914,0.3995574901960784,0.19482342541788938
site_f617214b073c06c0,689,0.037436956439103615,-0.025472613108123508,0.027434862654425594,0.05048433233973089,0.036257125083225025,0.027434862654425594,0.7181856905472209,0.8496904429467417,0.9656512124146823,-17.550630431497098,1.0715931709454194,1.7560321223222062,0.9057450131981308
site_f645d63c8edb6a7a,176,0.09556562528015582,-0.005448835735429417,0.09541016153594681,0.11337114285856807,0.0514862167055184,0.09541016153594695,0.45413864063933895,0.5482860581371346,1.6073708173929395,-0.9589950894355774,0.5632657905063169,2.262130821818182,0.466546169873978
site_f65ec349d3fa498b,397,0.15704667994864077,0.15396745770343906,0.03094643196283717,0.026685419576828063,0.03461338799739254,0.0309464319628373,1.2970898920191094,0.5156136536145763,9.791472894107649,61.1250807082653,0.1890745441906473,0.28270831234256927,0.47564039157724103
site_f695cfa2b198ee8e,37,0.03993980563790378,0.03807185760800902,0.012071525697649639,0.0214687688296765,0.023202844598843878,0.01207152569764968,1.0807720173860342,0.8567514005461322,0.05902195875256064,1.4086587314963337,0.015790828547616667,0.0170535972972973,0.019919763906689647
site_f6a13c8718860659,32,0.027263412074551484,0.003623472111299633,0.027021548582667008,0.03236991695135315,0.03470486997099684,0.027021548582667018,1.0721334263276843,0.6774452071926104,0.023785396414297586,0.11595110756158826,0.024353206965373828,0.03352996875,0.03854169599052154
site_f6e487124edabf8f,133,0.08143522843543288,-0.06761476327404939,0.04538656428642069,0.08439375235256907,0.060152694236871786,0.04538656428642069,0.7127624090652327,0.8549878892490855,0.8820156252340413,-8.99276351544857,0.5772673375180005,0.9472666230075188,0.48124010098596015
site_f7b6fd0b704f24d5,64,0.08894544966750104,0.04292692255526781,0.07790104194738347,0.08017830495799659,0.04124929647016402,0.07790104194738441,0.5144695499832965,0.3116580801093657,0.5063227530594534,2.74732304353714,0.06596776667945087,0.4114278775,0.10889628539414309
site_f801eca3ddf0629c,849,0.046560492357218805,0.028528327663044487,0.036796928802504715,0.047011938799655636,0.061008811102051405,0.03679692880250495,1.2977301651404833,0.7981094841761096,1.8405296518160894,24.22055018592477,1.9434388755827436,1.8763939088574795,3.1600417022408367
site_f80bf9d30cd43152,124,0.03736481159711145,0.029994981560111045,0.022280714236671873,0.019698500407753276,0.021650973211746093,0.022280714236671967,1.0991178396109953,0.42247636766826185,0.17312001406526664,3.7193777134537696,0.022342650610893484,0.04811583387096774,0.05812681548595261
site_f8577ef511842081,219,0.08324321128185065,-0.05733162800522701,0.06035326548568103,0.07858698888785544,0.049905286835576525,0.0603532654856811,0.6350324340176967,0.6404966790949114,1.5175456571687471,-12.555626533144714,0.5501209724888495,1.3525253461187212,0.5454277462569157
site_f85796d856927f97,73,0.0765813710994487,-0.05139416287369924,0.0567745226486595,0.10187417131815199,0.06005385329483535,0.05677452264865958,0.5894904716062699,0.8795012490695623,0.4281235671614178,-3.7517738897800443,0.39279349641971395,0.7576193150684932,0.2632719665757053
site_f863ed028d428c3e,85,0.15275707667520358,-0.1119389363905963,0.1039442109696161,0.09495401524096084,0.044613807460051655,0.10394421096961613,0.46984645511658524,0.02387221570883704,1.983451580320092,-9.514809593200685,0.008595957875602392,0.7663825258823529,0.16918330436701767
site_f8923c8bedba827f,29,0.06864614630693379,-0.04479904892218524,0.05201286973875421,0.06536619612398584,0.0650541512228711,0.052012869738754214,0.9952262037625249,0.6819116398458049,0.13665650868099583,-1.299172418743372,0.08409193174451075,0.12390944827586206,0.12272923514851726
site_f8bf18cf05681ba1,521,0.05247372949010439,0.022299721585983506,0.04749962845947611,0.06413669338200492,0.07917701821438052,0.04749962845947636,1.234504213411718,0.800123817019187,1.4345694813189391,11.618154946297407,2.1169013968261887,2.1431415431861804,3.2661491111398995
site_f9474c251f4c85b7,278,0.0811982728275569,-0.05975395621627356,0.05497839781843437,0.06737369251298479,0.03843310061020694,0.05497839781843444,0.570446700732631,0.578071498004499,1.8328983438295854,-16.61159982812405,0.41612338797464,1.2619016151079139,0.4106346958589724
site_f956c78502603f81,228,0.040481420338350234,-0.004829328188770695,0.04019232491229315,0.05377132362069216,0.035715174267484356,0.040192324912293166,0.6642048560943462,0.6642982166867794,0.37363394951512474,-1.1010868270397185,0.2908716765925811,0.6592289956140351,0.2908307974341451
site_f9b796db02c200aa,619,0.12283783808567794,0.11160239329804125,0.05132290205856001,0.0436637165351701,0.06724402379188553,0.05132290205856002,1.5400435218958524,0.6461305125450598,9.340174234183639,69.08188145148753,1.1743168472183538,1.1801359676898222,2.79896865741295
site_f9f0235d2e05c1c5,86,0.12363692031656666,0.012728482879594313,0.1229799731214352,0.13398621998457327,0.033331710156912546,0.12297997312143533,0.24876968811233163,0.44102610972014233,1.3146035736213946,1.094649527645111,0.1693871591279673,1.5438984145348835,0.09554624957066071
site_fa6684a460ee051b,87,0.02220967206486407,-0.011668519539257578,0.018897491499952252,0.025409193582436075,0.027972240496041988,0.018897491499952394,1.100870848391568,0.7533978524428587,0.0429144493909059,-1.0151611999154093,0.046586680477099685,0.056169559310344834,0.06807282273805179
site_fa67fc8ac26d4830,132,0.09482902716345838,0.08800897473277466,0.03531238818394696,0.06730838360274266,0.05377736092504489,0.03531238818394737,0.7989697277896536,0.853042266800585,1.1870158598453664,11.617184664726256,0.4075802472734994,0.5980152424242424,0.38174460034425595
site_fa6f730253456586,123,0.03738035693928738,-0.015021255472278207,0.0342294167193232,0.03858576805590042,0.0369055012499225,0.034229416719323225,0.9564537162110219,0.5896041363259148,0.17186680344374924,-1.8476144230902194,0.10327230982664155,0.18312996406504067,0.1675279707684878
site_fa8f84308360a237,255,0.05398829576805035,0.01967981638674643,0.05027366017033602,0.08446777864135166,0.05723131342097945,0.050273660170336056,0.6775520126317321,0.8153143061449936,0.7432577003843133,5.018353178620339,1.0050554645904723,1.8193754352941178,0.8352329251520476
site_faac0be9a66c6585,533,0.09011317855471897,0.0636107118734723,0.06382838149432235,0.0802532364799751,0.06816194909542841,0.06382838149432236,0.8493358284987829,0.6409774018626948,4.328165177942076,33.904509428560736,1.8688501677193852,3.432830187617261,2.4763453452919832
site_fab524c655a9dd78,4,0.1022469001958905,-0.049525611254572874,0.08945190008898256,0.11416458513917528,0.028938142666635323,0.08945190008898259,0.2534774039721472,,0.04181771439867357,-0.1981024450182915,0.011738652342930436,0.05213421,0.0033496644039781587
site_fadb31acf1acd232,565,0.043725721468774674,-0.027196328479209834,0.034238843952677234,0.037817834341110856,0.017075065171882415,0.034238843952677615,0.45150827564233437,0.42543927880125815,1.080245375650147,-15.365925590753555,0.15521906272892927,0.8080565557522124,0.16473018560257802
site_fb12f9388775927e,36,0.041435159038916036,-0.009733502866493333,0.040275691509001205,0.058105241896084285,0.045541733348020925,0.0402756915090012,0.7837801179705609,0.7233236061994704,0.06180740656488955,-0.35040610319376,0.06890647114109662,0.12154388888888888,0.07466578114832068
site_fb318c5726a2f05c,229,0.05149740182356722,-0.02380179801674389,0.04566680200920655,0.06367017176423491,0.058082707655702705,0.04566680200920736,0.9122436149658573,0.7222604758723898,0.6073039683583493,-5.450611745834351,0.6116629955183601,0.9283409868995633,0.7725546126534821
site_fb4c3069d7e94bed,118,0.01718072850632167,-0.003389620881464522,0.016843037204966143,0.015938574997119745,0.013225151828283935,0.016843037204966188,0.8297574802436133,0.3445487460443464,0.034830936976936226,-0.3999752640128136,0.008570039780393748,0.02997650440677966,0.020638747623977105
site_fb501c568fd614c3,94,0.0746333524731166,-0.02141592852460577,0.07149472223042368,0.06920450863485399,0.0356334754673502,0.07149472223042391,0.5149010688792586,0.19211564749143634,0.5235929063293873,-2.0130972813129424,0.04453312427601281,0.45019081744680856,0.11935598994493135
site_fb66aa74c523bf6b,430,0.059474487604937155,0.048842095445754914,0.033936181110101216,0.0497236059932219,0.05216001782044013,0.03393618111010172,1.0489990976831076,0.7791225947241489,1.521002310624024,21.002101041674614,0.8689096136869388,1.0631479069767442,1.1698870073823118
site_fbbe7c46acc177a1,41,0.054968128865974755,0.039664414780895885,0.03805560919385544,0.023180152128636305,0.026544457342565733,0.03805560919385554,1.1451373224498054,-0.16764195848617483,0.1238813028320827,1.6262410060167312,-0.004229185317347689,0.02203009756097561,0.028888936840062968
site_fbcf22b1e9843130,94,0.0942243978497753,-0.004508001539301365,0.0941164973438472,0.1116111889197399,0.0446295205664282,0.09411649734384718,0.3998660080444219,0.5612089781458962,0.8345542921143574,-0.4237521446943283,0.2627740167122572,1.1709634042553196,0.18722864596298838
site_fc3e5e33830dc393,21,0.03620951955376967,-0.017293258570489425,0.03181308715495908,0.07398777247755521,0.06902075779897283,0.0318130871549594,0.932867087192155,0.903322810981571,0.02753371543261139,-0.3631584299802779,0.09687282117456197,0.11495800000000002,0.10004116515003386
site_fc969b6a7d772c7d,88,0.07969347249850899,0.04769845348935236,0.0638428311840468,0.06332166402843957,0.04056411748108673,0.06384283118404685,0.6406040981940749,0.3074011920383274,0.5588923611806136,4.197463907063008,0.06948364142523232,0.3528477159090909,0.14479939117770774
site_fca46353b779e0c3,13,0.13705653575577575,0.1364492205473093,0.012888142046314745,0.011665454994842098,0.01969006829895045,0.01288814204632474,1.687895440654175,0.7785968258325177,0.24419842191386507,1.7738398671150206,0.0023249032589105463,0.001769076923076924,0.005040084265025335
site_fd9f51d6899fafaa,46,0.05093257565375022,0.015121024365010468,0.048636219886806054,0.06476356956877241,0.03759569661156688,0.04863621988680658,0.580506863069739,0.665810846628006,0.11932985408534952,0.6955671207904816,0.07457231262876934,0.19293871739130433,0.06501807457061315
site_fdbd79ba7196fbc0,8,0.10392449286038442,0.1022347291111946,0.018664414800597183,0.055083219711178834,0.04023810273969599,0.018664414800598668,0.7304965641202322,,0.08640240173030475,0.8178778328895568,0.017219622503966095,0.024273288750000004,0.01295283929672264
site_fe445170e29174a0,133,0.02266353399182516,-0.002124692865601161,0.02256371984459739,0.051508748070784524,0.06127443809645131,0.022563719844598602,1.1895928437679468,0.9344533398661584,0.06831355780881572,-0.28258415112495444,0.3922559981688857,0.3528691,0.4993560496167673
site_fe8014b9bedb3a60,34,0.07805389198744547,0.055280611206503474,0.055104120345244666,0.09546928345308234,0.06013728010063372,0.05510412034524804,0.6299123437978639,0.8442752399898393,0.20714194184918533,1.8795407810211182,0.16480501185269916,0.3098890588235294,0.1229607435686706
