physical_site_id,n,rmse,bias,ubrmse,observed_sd,predicted_sd,within_series_ubrmse,amplitude_ratio,r,sse,sum_e,anom_xy,anom_yy,anom_pp
site_0089d624f3191d41,19,0.036690272813036634,-0.013712115402284418,0.03403166187963041,0.027497469034878458,0.03193163336083349,0.034031661879630415,1.1612571804456122,0.3516847953729604,0.025577346262806052,-0.26053019264340394,0.0058670670201903885,0.014366105263157892,0.01937295497272319
site_008c2bef2cb4aaa3,42,0.02473931252891394,0.011010307124682836,0.022154158106852916,0.04564469529547525,0.04513379782253476,0.022154158106852926,0.9888070789029643,0.880942354212441,0.025705410544937687,0.4624328992366791,0.07622351505465451,0.08750440476190477,0.08555650764718861
site_00edf1317915280d,216,0.10857730197604341,0.1021229721531272,0.036877216042002524,0.0416768380074971,0.04467536976786581,0.03687721604200308,1.0719471990612464,0.6372207297030876,2.5464305889497347,22.058561985075475,0.2562751901365334,0.37518310648148145,0.43111195140143627
site_01183702de237e95,654,0.07446895075417785,0.03973140884612313,0.06298444075746305,0.08191912268218,0.058007599989847856,0.0629844407574633,0.708108169259805,0.6427475104475414,3.62683850568402,25.98434138536453,1.9975071446028418,4.38882570030581,2.2006326034047565
site_01e54199a3b60966,138,0.05314992629104575,0.013426641770981358,0.0514260629982243,0.06063687222785308,0.04781430509059696,0.051426062998224525,0.7885351492228492,0.572273781377063,0.3898382237346163,1.8528765643954275,0.22896946816696528,0.5074025777536232,0.3154966724389428
site_026dbe6171ec07f4,71,0.05193780814627681,-0.011931913352348434,0.050548643491111676,0.0623497612794217,0.031175377095376967,0.050548643491111794,0.5000079624309048,0.5927200318945455,0.19152504996780154,-0.8471658480167388,0.08180021859961495,0.276011983943662,0.0690051937297658
site_02b6ac3cafd20e22,104,0.05833768200899105,-0.02928823951643247,0.050452791480851106,0.050130688072770435,0.05841166221095498,0.05045279148085111,1.1651877214644204,0.5770617769465307,0.35394165478694445,-3.045976909708977,0.17573524803566531,0.26136093221153844,0.3548399173536574
site_0312a18810484838,58,0.131878406338061,-0.10266221157332946,0.08277913005788157,0.057037839204077095,0.0878190712537877,0.08277913005788191,1.5396633617128739,0.4105721440213922,1.0087310153794704,-5.954408271253109,0.11928048011043975,0.18869227586206894,0.44730697800091473
site_0322f6b7744e5e7d,83,0.023593864036030674,-0.011136985691196947,0.020799951198615257,0.048264746403469304,0.0518655057578255,0.02079995119861532,1.074604335931979,0.9161753261132303,0.04620364487250824,-0.9243698123693466,0.19035545621622044,0.19334731686746987,0.22327254706374755
site_0430e77fe9702577,394,0.0650677450739388,-0.01859273666730387,0.06235480408298451,0.06308981520330414,0.04738330209821379,0.05376757772600004,0.751045187650704,0.5577282191859619,1.6681217109087925,-7.325538246917725,0.6569062880624518,1.568247964260504,0.8845998631858532
site_0472cafe265e9bf9,112,0.1368371077047999,0.12153758213349751,0.0628729685489587,0.05345248029673131,0.08643199282741726,0.06287296854895942,1.6169875064282597,0.6898961902117501,2.0971321330416806,13.61220919895172,0.3569802241506321,0.3200027767857143,0.8366948110212953
site_047754da87a40137,94,0.06368595757791394,-0.060167754521331884,0.02087444630347355,0.02643204199540929,0.01094908125955737,0.02087444630347359,0.41423516433043667,0.6613407368524935,0.3812547121058903,-5.655768925005197,0.017991257651946802,0.06567336734042555,0.011268943760268699
site_04a0ab31c36d8277,117,0.07778961758428839,0.04889973609406724,0.06049826785818257,0.0971675470643278,0.06609532171260228,0.06049826785818257,0.6802201322304167,0.7902193361047916,0.7079932786574499,5.721269123005867,0.5937798754455953,1.1046592676923077,0.5111252116182101
site_04a334aa2f23d43d,112,0.07148768174954054,0.04042970140491213,0.058957000315766034,0.09028436569669096,0.05736947882105042,0.05895700031576604,0.6354309340089109,0.7690407223653769,0.5723747278954422,4.528126557350158,0.4461293705802943,0.9129418691964286,0.36862079522228264
site_05aa898de0a23cc1,66,0.03665432961669941,0.00037045400251041683,0.0366524575367283,0.04924598588518144,0.06054096041608786,0.036652457536728675,1.2293582782004002,0.796098060210022,0.08867363205687674,0.02444996416568751,0.15665008822399556,0.16006103030303032,0.24190372061475296
site_05ff70d4d3251126,56,0.0769003171534737,-0.021659416067813124,0.07378704814468594,0.1301280165895516,0.07507234476355602,0.07378704814468726,0.5769114655789185,0.8764767280298041,0.3311648915850711,-1.2129272997975349,0.47948961692582814,0.9482648392857145,0.31560798910470017
site_0616304fbe5abc7f,91,0.06202339041937531,-0.01893488450299252,0.05906243398279985,0.11940051015747982,0.10951055270847458,0.05906243398279987,0.9171698895091723,0.8703479864479164,0.35006798727939736,-1.7230744897723196,1.0356105701946292,1.2973398461538461,1.0913230650609185
site_062fed1c5ac99ce7,88,0.0897330794123533,0.03129527307911353,0.08409893830321173,0.09858150901895621,0.04937333907494752,0.08409893830321177,0.5008377287616234,0.5222002869741583,0.7085782475924858,2.7539840309619903,0.22367000075802207,0.8552116249999999,0.2145199418040571
site_06fbc9bb474fb230,264,0.07931964259447973,0.06827823566780848,0.04036939726336285,0.042388523924692556,0.042292392177306265,0.040369397263363804,0.9977321279798023,0.5454710730125722,1.6609839051474249,18.02545421630144,0.2581583612765552,0.4743517575757576,0.4722026591248761
site_0749a2df9169c11c,244,0.09305170643326642,-0.038489611156162666,0.08471817929576977,0.12497917536826818,0.07428794028552158,0.08471817929577043,0.5944025479974726,0.7518662487332974,2.1127032971148423,-9.39146512210369,1.7032813382176835,3.811229803278689,1.3465623295351132
site_079486718438a070,226,0.08574927632737811,0.03828940507795959,0.07672587470628779,0.10253387561981735,0.06857645786740038,0.07672587470628783,0.6688175732445072,0.6633851796386246,1.6617640762912051,8.653405547618867,1.0541845002410422,2.375982216814159,1.0628171096424905
site_088275f9ba9853b1,86,0.08555302379389919,0.024021491508151204,0.08211143541555768,0.08186361730849549,0.034807280605728574,0.08211143541555772,0.4251862029814851,0.20546260462098553,0.6294615097040354,2.0658482697010037,0.05034916422776011,0.576342058139535,0.10419302335226988
site_08cce474c4f1c65e,101,0.06893474114569621,-0.031169530833121573,0.0614854363607125,0.13094279995895935,0.08475306334420357,0.06148543636071296,0.647252566546364,0.9257976081532794,0.4799518522192383,-3.148122614145279,1.0377063060039933,1.7317477029702968,0.7254912563688849
site_08db8db92cc27df6,416,0.04478866871647882,-0.007925153356403685,0.04408193268984439,0.06347767054392484,0.05038835424840923,0.04408193268984456,0.7937965242997039,0.7230159440851708,0.834506335684107,-3.296863796263933,0.9620382952698453,1.676236497596154,1.056218277447083
site_0902e4bb7164303d,146,0.05213728565375497,-0.004930481411577902,0.05190363097502263,0.06793365152536904,0.04590008014058256,0.05190363097502267,0.6756604291091536,0.6458634891192956,0.3968712970798216,-0.7198502860903737,0.29403023644063164,0.6737872273972603,0.3075953341091376
site_097bbf563f897742,21,0.04143528365014175,0.01144755793185461,0.0398225582875402,0.06067051643612284,0.02853918306211411,0.03982255828754144,0.47039624414869924,0.8401912425130885,0.03605453735452179,0.24039871656894682,0.0305503840520978,0.07729914285714289,0.01710418436691008
site_0983900925777e9a,101,0.045021579460204006,0.004887008448343465,0.04475555569443065,0.06572609390238202,0.038562573433222856,0.044755555694431,0.5867163426826632,0.7504104724379034,0.2047212043262378,0.49358785328268995,0.1920985520589765,0.43631186138613853,0.15019427904906324
site_098c5f4a8213f315,52,0.08190891140114313,0.06891833632439374,0.04426435004829581,0.04125759330326376,0.029505807855866244,0.044264350048295945,0.7151606648255978,0.2519631788662001,0.3488716278798564,3.583753488868475,0.01594967444737513,0.08851382826923078,0.04527082025581951
site_09d142dad852325f,523,0.04656367393173823,0.017259438547873814,0.043246820819956296,0.06482218046550325,0.05705632346883659,0.04324682081995681,0.8801975351508045,0.7553100594437062,1.1339559068011074,9.026686360538005,1.4610139978584007,2.197601586998088,1.7025867769892082
site_0a639c884418ac75,179,0.06095325887300536,0.05807938605497003,0.0184955314256541,0.02607977763824632,0.03239799316984064,0.0184955314256541,1.2422649310601706,0.8211899469442335,0.6650386583358896,10.396210103839636,0.12419915719365693,0.12174770949720672,0.18788376309651428
site_0ad0f907a285c78b,99,0.04620010036369077,0.008065710898601646,0.04549058783215797,0.04790816343017889,0.0767110362455828,0.04549058783215813,1.6012101227253488,0.8313252420463909,0.2113104780878949,0.798505378961563,0.30246389037852334,0.22722402020202023,0.5825737251052406
site_0b0ed8efdae8e576,91,0.08142826838487037,0.04037135804092491,0.07071574324073762,0.09835363969989684,0.05490972038177064,0.07071574324073875,0.5582886464528901,0.7117580437071347,0.6033812231864217,3.673793581724167,0.3497948769101729,0.8802828982417583,0.2743720427087857
site_0b38093eb399bd08,170,0.06531160923303302,0.010198493256007921,0.06451044129375928,0.07589725955043725,0.0770032275651567,0.0645104412937595,1.0145719097273136,0.6440677494509729,0.7251530711034284,1.7337438535213465,0.6399049922781832,0.9792669812352942,1.0080144994267226
site_0b499005763b91ab,135,0.03463790010850467,0.0033005437301706388,0.03448029197979593,0.04105325728377326,0.03892648858253151,0.034480291979796004,0.9481948853280792,0.6294356847766618,0.16197085673011097,0.4455734035730362,0.1357931865574116,0.22752494103703705,0.20456165430440407
site_0b5d986a46425a8d,144,0.05784990547646575,0.03717828897883494,0.044321398807373645,0.04989857769070733,0.04739241292913531,0.04432139880737368,0.9497748257053278,0.5859916400028364,0.4819120651635872,5.353673612952232,0.19954961759224532,0.358541,0.3234298756673768
site_0b72a3f0c80e88c1,80,0.08295116559533104,-0.023106266406178473,0.07966803829887328,0.08590768787447081,0.034049294714375226,0.07966803829887392,0.3963474696714968,0.3747721174236643,0.5504716698899226,-1.848501312494278,0.08769955920372158,0.5904104668749999,0.09274835764371048
site_0bcb08d77ff25c9a,123,0.10614041473692896,0.07454361626384703,0.07555816908075268,0.101546749476787,0.05974123381836949,0.07555816908075562,0.5883126158757646,0.6735088251906647,1.3856918797848565,9.168864800453186,0.5025608066052925,1.2683443065040652,0.43898884723135456
site_0bf83088dda14a95,57,0.05766714047740508,-0.05008556713712844,0.028582075771241177,0.03429183320502716,0.03358735808908985,0.028582075771241326,0.9794564754900874,0.6455727728615812,0.18955344817792397,-2.854877326816321,0.04238250368833542,0.067028,0.06430230553407072
site_0c4d512642175d8c,82,0.09469075877749282,0.07021470471853164,0.063531370512108,0.0907497162824984,0.05613664319171352,0.0635313705121081,0.6185875338382715,0.7214413004866779,0.7352398634243014,5.757605786919594,0.30137454567667915,0.6753119024390243,0.25840846212436797
site_0cc518f8eb987b6e,366,0.0764334134282597,-0.0387443986329876,0.06588579712550664,0.060518452887148,0.04668018911740317,0.06313147480572354,0.7713381107816853,0.32848347939388184,2.138196407916069,-14.180449899673462,0.3396370355082935,1.3404688291865465,0.7975286605093683
site_0cc8f0bf6d22e691,356,0.10530786146226234,0.08712580824199687,0.059150986669148864,0.0649383079578163,0.06731414799529138,0.05915098666914888,1.0365861093735058,0.6004368172900774,3.947949464128793,31.016787734150885,0.9343823663543784,1.501246247191011,1.6131052492381885
site_0ce5386aeb45589f,400,0.04308161189894867,0.02965837337076664,0.031247498664882536,0.0460423107043945,0.040652877947566404,0.0312474986648827,0.8829460842782223,0.746932294998895,0.7424101135246542,11.863349348306656,0.5592289375215769,0.8479577500000001,0.6610625941678923
site_0d5442a09f1a2d6e,357,0.14261472155498375,0.08193673948830918,0.11672758682603913,0.12121564115778115,0.059665059133925856,0.11672758682603941,0.49222244393578246,0.31993949688727963,7.26100829310138,29.251415997326376,0.8260661228481545,5.2454837030812325,1.2708911834793883
site_0d5e4db658745469,47,0.04928705151234954,0.03854682287155314,0.030714099258973972,0.057639846275628945,0.04108695760939994,0.03071409925897417,0.7128221233090306,0.8586806876160108,0.11417303199870688,1.8117006749629974,0.09557765066813917,0.15615053829787237,0.0793424900230415
site_0d7b03db25fcc113,73,0.09414405237579801,0.07675574945546176,0.05451291152807178,0.04879072462602647,0.08287899994303813,0.054512911528072,1.6986630261856766,0.7762401802504528,0.647006489634801,5.603169710248709,0.22913991600055603,0.17377904109589043,0.5014317901037424
site_0da833e2b1888903,55,0.08392845335463238,-0.05786130153981123,0.06079518950229321,0.0796117640295756,0.0370713922486515,0.06079518950229469,0.46565218973014544,0.6804188434294488,0.3874191905375387,-3.1823715846896174,0.11044731578469277,0.34859181345454543,0.07558584677893582
site_0dbafc8a640ef8c3,279,0.09642488345944907,-0.004116531300074734,0.09633697275825018,0.1067653435399822,0.06216857890503867,0.09633697275825218,0.5822917516465197,0.45069708613461934,2.5940745238969654,-1.1485122327208508,0.8346227057361207,3.1802759641577065,1.0783160846570934
site_0dc29dbfcf3d5b45,16,0.0677008621876706,-0.05038161942921579,0.04522277263330538,0.09213167801440501,0.05248707713687699,0.045222772633305555,0.5696963114974471,0.9510512868742588,0.07333450785526348,-0.8061059108674526,0.0735843215638306,0.1358119375,0.0440782922619596
site_0e03bfb1bac21c69,145,0.09469614396243743,0.08212514186707036,0.04714680004696229,0.05988983783069082,0.0585910906113721,0.04714680004696229,0.9783143974610468,0.6835099599135533,1.3002671537964279,11.908145570725202,0.34777436693174574,0.5200849379310346,0.49777280535935226
site_0e7b99291027b045,131,0.07146012349699944,0.02540380352144023,0.06679218529776124,0.09203751423507633,0.06232765748813526,0.06679218529776124,0.6771984011752202,0.6880910621574065,0.6689579517770399,3.32789826130867,0.5170861407980208,1.109688427480916,0.5089005323225377
site_0e88bbb351409588,121,0.05251917817073473,-0.01905384507159556,0.04894093443853533,0.048021335160093395,0.035108620406911636,0.04894093443853642,0.7311046285961567,0.3391085423177439,0.33374995316325495,-2.3055152536630628,0.0691786520199096,0.2790318842975207,0.1491464424520701
site_0e94595e2d8280b9,63,0.07378280108749,0.042613494609272655,0.06023281342840964,0.07008050055705249,0.045869037694059034,0.06023281342840965,0.6545192646949929,0.5268668365616535,0.34296580938791527,2.6846501603841775,0.10669848095983979,0.30941042317460316,0.13255002299567753
site_0ea793c6917b8d1e,142,0.09375907959592052,-0.07600155992575093,0.054904716514400174,0.054577722511885814,0.035711307925733835,0.05490471651440102,0.6543202296130386,0.317976089112165,1.2482886309477306,-10.792221509456633,0.0880043163105216,0.4229793468309859,0.18109224695485437
site_0ed7401c57e72edd,149,0.0400195833640499,-0.01440774105891285,0.03733609580836561,0.05783183408977834,0.06238256459289194,0.03733609580836618,1.0786890226591987,0.8096743610083319,0.23863349084218874,-2.1467534177780148,0.4352380405126052,0.4983336340939597,0.5798460704127639
site_0ed89141fd172a0b,19,0.0505538751714669,0.049207396270099436,0.011589928695624535,0.03126168080862911,0.03734221541873758,0.011589928695624535,1.1945044045242146,0.9583025616879236,0.04855819160219289,0.9349405291318893,0.021255369275808338,0.01856856105263158,0.02649437999520865
site_0f170214c09c03f1,20,0.1199132340804017,-0.06015486041069031,0.10373319852675698,0.130831361970286,0.0319826646384233,0.10373319852675715,0.24445717110005394,0.8817600196176827,0.28758367415242425,-1.2030972082138063,0.07379159635782243,0.3423369055,0.020457816747477042
site_0f333b36a4874c91,102,0.09230928631371817,-0.05676577880803276,0.07279183124544601,0.13807256587995165,0.08540216351651583,0.07279183124544655,0.6185310091996803,0.892955201550732,0.8691424426542956,-5.790109438419342,1.0740045265813958,1.944531411764706,0.7439400123967743
site_0f556398a37eba54,17,0.1535289838977638,-0.14879321894645692,0.03783816713626003,0.050312791854770424,0.028230685724126677,0.037838167136262625,0.5611035421293158,0.6676531253810141,0.40070953124355685,-2.5294847220897676,0.016121284861775005,0.04303340941176471,0.013548517479724964
site_0f5c2c2840148780,191,0.06559782249102168,0.01769725562327819,0.06316550845966443,0.06924151015778757,0.044176917978476095,0.060698020798673646,0.638012051987395,0.500467584613404,0.8218871942726456,3.380175824046135,0.29239589134358535,0.9157278652258206,0.3727556156767078
site_0fabc5d0b4df5f64,317,0.10048221642099986,0.09238992686768059,0.039506673237078384,0.04014546811777349,0.024606863311055882,0.039506673237078745,0.6129424930073678,0.3322247372710999,3.2006462339498993,29.287606817054748,0.1040360876896404,0.5108957794952681,0.1919427778768492
site_0ff1990da553fc4d,975,0.07342200173696671,0.04948230146432535,0.05424289981976232,0.056202421944953874,0.055624523236098906,0.05424289981976406,0.9897175479480053,0.529472325936679,5.256020580586565,48.24524392771721,1.6138724729716778,3.079744426666667,3.016735395612225
site_1053b206858b1513,880,0.07047165136003856,-0.03975900616476481,0.058184835431588346,0.06806196826388455,0.050915598224131824,0.05818483543158844,0.7480770762715213,0.5539529424606174,4.370303207961527,-34.98792542499304,1.6893160206006543,4.076539741079545,2.28131036541867
site_1055453212517d95,143,0.10674831285010222,-0.07862367447522971,0.07220470973805251,0.09560491294354456,0.036959713844779044,0.07220470973805251,0.38658801840658585,0.7489393583368436,1.6295139283770919,-11.243185449957847,0.37843517984231034,1.307062811188811,0.19534092399077707
site_108f541d7e13b076,361,0.05002192224926945,0.01840154672246891,0.046514253554504684,0.08593626697125445,0.06714966590095471,0.046514253554504816,0.781389141832472,0.8431149243891384,0.9032915666898169,6.642958366811276,1.7563631609236392,2.6660001551246535,1.6277770246501526
site_10a7b62e4edfa545,50,0.11111480057772848,-0.08434389322233199,0.07233675817679575,0.0911019013852071,0.036649782004018,0.07233675817679586,0.40229436978544886,0.6604275110477744,0.6173249453714185,-4.2171946611166,0.11025390933534504,0.4149778218,0.06716032604710209
site_10d7d76e5b99709b,40,0.061126351787792,0.03685959533751011,0.04876270208304607,0.0606743561976557,0.03886635661465576,0.04876270208304624,0.6405730369522645,0.5966797992071748,0.1494572353153961,1.4743838135004044,0.05628340124115348,0.14725510000000003,0.06042374705990383
site_10dfc2a732e16d10,6,0.018502834992481437,-0.0019085528333981847,0.018404138905179,0.06679038520292839,0.0706273681860078,0.018404138905179168,1.0574481337608932,,0.002054129416553973,-0.011451317000389108,0.027331405090789,0.026765733333333333,0.029929350821291445
site_10ec1b51ff0dc0c8,84,0.09901938095725231,-0.08385681889596439,0.05265806424287632,0.044927618785166164,0.04050441336134777,0.05265806424287665,0.9015481892114252,0.24350006849545278,0.8236063756332268,-7.0439727872610085,0.037221521469099184,0.1695532380952381,0.1378110301467419
site_11d0ddb199b9f010,2,0.01517504596819344,-0.011194172680377965,0.01024560970067978,0.0020000000000000018,0.008245609700679779,0.01024560970067978,4.122804850339886,,0.000460564040273568,-0.02238834536075593,-3.2982438802719147e-05,8.000000000000015e-06,0.00013598015867188895
site_125ba37c83dbcda5,409,0.04947776448134767,-0.026041606227692884,0.04206998839022299,0.03803221699319482,0.05577991257311153,0.03866085381034946,1.4666489882273321,0.7219614034252735,1.001252113831329,-10.65101694712639,0.626421651261555,0.5915978575317398,1.272562046485562
site_12aaba88bfb65c8b,227,0.0728437539707936,-0.04487533956083432,0.057379581663317525,0.07802533013998211,0.05105667557200747,0.05737958166331762,0.6543602632684635,0.6780506728557666,1.2045102358105542,-10.18670208030939,0.6131633054789336,1.3819651365638765,0.591739995345606
site_12f6f97179080a87,406,0.06120881121410478,0.025581381511218443,0.05560675759493094,0.06934672900402701,0.06374194639040151,0.05560675759493113,0.9191774047006596,0.6537903501953792,1.521086539519031,10.386040893554688,1.1733182917835898,1.9524413423645322,1.6495925062325485
site_12f79a44d2a41795,112,0.19535636824113387,-0.15114289478297743,0.12377372891283235,0.08819210550072622,0.04841537080101534,0.08343833793817185,0.5489762436912979,0.3700290153172149,4.274380388584936,-16.928004215693473,0.17695660441572197,0.871118916936937,0.2625333905375785
site_13345716e1eac548,38,0.04772192917424958,-0.03544701370204751,0.031951396584796565,0.04952444204744566,0.022552960945395,0.03195139658479662,0.45539051048346385,0.8686431376668343,0.08654053591625954,-1.3469865206778053,0.03686787861213088,0.09320147368421054,0.01932816980137146
site_13471aa5ce158e45,113,0.0407834136183394,0.011966932265737416,0.038988195117391676,0.07406047423873999,0.07945058214671023,0.03898819511739168,1.0727798189705726,0.8733014407629287,0.1879514113791943,1.352263346028328,0.5806657261514625,0.6197997844247788,0.71330063538998
site_136f0d570907389a,58,0.04007773687568732,0.004860537345039433,0.03978190756857072,0.04404887635035534,0.02596979717683289,0.039781907568570744,0.5895677558327408,0.45113089683586427,0.09316104959845595,0.2819111660122871,0.02993187739687233,0.11253760344827587,0.03911696119353858
site_139d8263042fc17e,25,0.04270859103056163,-0.024394913895130158,0.03505584008214544,0.03391627338019317,0.019390732728657826,0.03505584008214545,0.5717235650064625,0.22610586191165402,0.04560059369539422,-0.609872847378254,0.0037175273986160733,0.028757839999999996,0.009400012893856044
site_13a4a69bc620b9a3,67,0.07861697660821405,-0.05475190275907516,0.0564168251080939,0.06772633727709822,0.04710075957380893,0.056416825108093926,0.695457062458568,0.5677936349806473,0.4141021437381039,-3.668377484858036,0.12135308529714596,0.30731940298507465,0.1486382640127935
site_14144d0d858434fd,21,0.022502175221367316,0.011064973748865581,0.01959372975290903,0.04125019068189282,0.032298493588516705,0.019593729752909086,0.7829901645204865,0.8859952607498448,0.010633305683555461,0.2323644487261772,0.024788995074374334,0.03573314285714286,0.021907046449836542
site_14672231a55d516b,109,0.08102375467897839,-0.024245283437103308,0.07731115736640992,0.11655873747981593,0.07402860875872401,0.07731115736641032,0.6351184849745244,0.7584681181225025,0.7155685216284408,-2.6427358946442605,0.7133591733647322,1.4808673818348626,0.5973456057079929
site_14af94b228986e6c,11,0.05175755909249748,0.027803986052491448,0.04365527783448675,0.09379196955880077,0.09823710824579951,0.04365527783448712,1.0473935957194285,0.8976527921079532,0.029467294155347053,0.30584384657740593,0.09097923839075321,0.0967662690909091,0.10615582380146622
site_14d94a059a5aad1d,372,0.1282058182167106,0.12017854847078041,0.04465252861902136,0.04719982917498008,0.0534076207177876,0.04465252861902138,1.1315214832620237,0.6121691683693244,6.114464238757241,44.706420031130314,0.5740610093826288,0.8287504811827957,1.0610831096734405
site_153d5fe2ea0a30b2,107,0.10427583074257206,-0.0032516642200055537,0.10422511960585065,0.09541664076087732,0.07570776456702466,0.10422511960585076,0.7934440362112005,0.2750031892577922,1.1634590298447285,-0.34792807154059424,0.21256220852402608,0.9741638807476636,0.6132882208837556
site_1540ed4ad947cd80,639,0.09814298840192777,0.08844782200348394,0.042532681026487724,0.04208249465567663,0.06633368126880332,0.042532681026488356,1.5762773051253836,0.7813156579086028,6.154877504202534,56.518158260226244,1.3936796626449681,1.1316283317683882,2.8117004959588887
site_15a7df29fffec944,41,0.05173629075484326,0.0400412981422936,0.03276184097619722,0.05262709326825448,0.030699846064176084,0.03276184097619848,0.5833467926433005,0.8166260085420233,0.10974239502385691,1.6416932238340378,0.05409444203663889,0.1135540487804878,0.03864170248292842
site_15fd0f8efa3618ec,756,0.12226297026146085,0.11716081128494135,0.03495108290467154,0.03447419682666433,0.038702740515186566,0.0349510829046716,1.122658222025687,0.5489221216009713,11.300864826249075,88.57357333141566,0.553692197779647,0.8984835066137566,1.1324140052797131
site_162f5acccb1ccdb2,7,0.049576699276012146,0.03486432218040738,0.03524667572984574,0.08241799387443081,0.061490363102593544,0.03524667572984705,0.7460793476273897,,0.017204943777729003,0.24405025526285168,0.03266011811569333,0.047549080000000014,0.026467453281421582
site_164f38fa74238777,27,0.0671123103754765,-0.031552636830895035,0.059232535932137315,0.07479114036863327,0.03922033487391242,0.059232535932137335,0.5243981396807406,0.6176345009491493,0.12160967950622588,-0.851921194434166,0.04891665643619166,0.15103029629629633,0.04153233602578943
site_165766e1d399cf97,157,0.07099413798940257,-0.06621233675533039,0.025614333687548015,0.058285950012353316,0.06801578635244916,0.025614333687548015,1.1669327914880632,0.9291911296985867,0.7913063177307584,-10.395336870586872,0.5783334481306089,0.5333685591082803,0.7263051093232955
site_165c41e6efa0bc8e,45,0.06964215429331044,-0.00657409025616116,0.06933116897844074,0.07344546827324706,0.03940797071834047,0.0693311689784427,0.5365609566505419,0.3697589595357465,0.21825133445759656,-0.2958340615272522,0.048159314417176774,0.2427406564444444,0.06988446702619111
site_16e59e7364e5ed25,142,0.05452044119621267,0.0010667749878386407,0.05451000366313513,0.06632083633875623,0.06783237636388395,0.05451000366313516,1.022791329370562,0.6700095814958315,0.42209194816861506,0.15148204827308698,0.4280124322706965,0.6245803732394366,0.6533748422103676
site_17476f5e1149b6dd,119,0.03741750467311109,-0.02605327419979232,0.026856964821675714,0.03744841300707971,0.016199960061698635,0.026856964821675773,0.43259403432225535,0.7776361027535783,0.16660828905951258,-3.100339629775286,0.05613978410734475,0.16688365277310924,0.03123020601407507
site_179c7b165166f05c,71,0.1181386404975019,0.016198065380143446,0.11702290825534373,0.15497239334112836,0.052330899222816515,0.1170229082553438,0.3376788477908106,0.8052314896745444,0.9909284248804577,1.1500626419901847,0.4636514652456617,1.705167431549296,0.19443513395626905
site_181ff8c89ef12a6c,94,0.06660326283390627,0.033448403716087344,0.057595129212182815,0.04288316742016048,0.051421667737874925,0.05759512921218288,1.1991107660974751,0.26437403498232886,0.4169834942915056,3.1441499493122103,0.05479988744220836,0.1728628085106383,0.24855366381677424
site_182cb9b0a7d4c94d,1,0.04096870503425598,0.04096870503425598,0.0,0.0,0.0,0.0,,,0.0016784347921838714,0.04096870503425598,0.0,0.0,0.0
site_183b638a356ad6ca,93,0.118437374512672,0.10627266272934532,0.05228319842807763,0.06885529523773322,0.04348716321523413,0.052283198428077646,0.6315732590367695,0.6510076252805207,1.304549286375308,9.883357633829116,0.18128732771450473,0.44091780645161294,0.17587540289928238
site_18793582c71deee9,486,0.06347665985244108,0.009551802258138302,0.0627538797178623,0.07015747129618724,0.06523016582258709,0.0627538797178624,0.9297679151975373,0.572394764108734,1.9582331641669377,4.642175897455215,1.2730760018224854,2.392126398436214,2.0679176231557133
site_18be3f84accd05c4,1182,0.06252435946141692,-0.02141095785466346,0.05874407552942085,0.05485124564095864,0.03890527056582111,0.058744075529421305,0.7092869106471065,0.2510336304626327,4.620787311803483,-25.30775218421221,0.6332049744676818,3.5562351133671743,1.7890989319593005
site_18bedc0a241bdc83,127,0.018527014981820463,0.0021987435941621075,0.01839608139642057,0.02294682958567427,0.015582613589499432,0.018396081396420585,0.6790747946822107,0.6026192368705179,0.04359278608534818,0.27924043645858765,0.027365897996688447,0.06687273748031496,0.030837866477515852
site_1929ba01621eda50,217,0.08036148958228662,-0.040680128909475796,0.06930437302070044,0.08892729570559497,0.05414677548706778,0.06930437302070183,0.6088881378595781,0.6268621737143458,1.4013792747108194,-8.827587973356248,0.6549972590640669,1.7160498709677419,0.6362165051553825
site_194102884b72b2f0,88,0.03577233701767411,0.014706396586515685,0.03260953840743805,0.04704843534693839,0.04015710869877713,0.03260953840743847,0.8535269749707054,0.7311501752690001,0.11261008842213308,1.2941628996133803,0.12156173270974648,0.19479286363636364,0.14190821735599535
site_19bcb346c9572bcb,74,0.12298647727390795,-0.022350652393134867,0.12093850474454665,0.08038934647717337,0.06899385392200436,0.1209385047445479,0.85824623467483,-0.30682432977540336,1.1192998458261654,-1.6539482770919802,-0.12593035188093782,0.47822108,0.3522512390468048
site_19cb1bd872c4d23c,70,0.18515430827011745,-0.172798919940676,0.06650301600921213,0.053252233851774536,0.05283997082736682,0.06650301600921232,0.9922582961391774,0.21415734584432347,2.399748250968998,-12.095924395847321,0.04218241261218276,0.19850602871428571,0.19544437619258836
site_19feb3f9e9d0726a,57,0.03172054061797014,-0.008361029662584004,0.03059878886619018,0.03404281843835552,0.01813733052105575,0.030598788866190395,0.5327799328336662,0.44667104466093993,0.05735298373448873,-0.4765786907672882,0.015720325419006115,0.06605806877192981,0.018750877230511165
site_1a0cd59d1873112a,14,0.09577505026845022,-0.03248515557391303,0.09009758554624445,0.13098356338698003,0.0978079101057551,0.09009758554624496,0.746718959055876,0.7261405922296075,0.12842004355493836,-0.45479217803478245,0.13023854364880494,0.24019371428571426,0.13392942190957657
site_1a52df5386240d07,520,0.05087723449464335,0.035392771354776156,0.03654920964468948,0.06093857365918064,0.058360736350450526,0.03654920964468955,0.9576977741036813,0.8131267582408808,1.3460163547079218,18.404241104483603,1.5037465511459858,1.9310250750000002,1.7711072846307347
site_1a9dbac658ebe085,81,0.10059789259856478,-0.0364788531580089,0.09375088942270784,0.09384853557693087,0.03905060760294023,0.09375088942270784,0.4161024715290213,0.21055043773577922,0.8197148156170622,-2.954787105798721,0.06250236682005134,0.7134113580246914,0.12352094628686383
site_1ae2faafa57e844c,288,0.048696529691638,0.015889316591330704,0.04603131132467383,0.05689688689912418,0.04208771753497213,0.04603131132467389,0.7397191626598466,0.6033737478026373,0.6829493771544715,4.576123178303242,0.4161240120738642,0.9323296527777778,0.510156278583437
site_1b2f4be319c8a70d,152,0.0576485368814691,-0.04206821669246021,0.03941597327087478,0.060973029719586645,0.0603846901775849,0.0394159732708748,0.9903508232294262,0.7890628250488181,0.5051497782952636,-6.394368937253953,0.441590568122503,0.5650919736842106,0.5542392427921237
site_1ba2419bf83859ca,145,0.0880162078417644,0.04613022838740513,0.07495902128343532,0.07518436354245599,0.05490898521794582,0.07495902128343668,0.7303245333311782,0.36926003974752647,1.1232936622124767,6.688883116173744,0.2210401972704098,0.8196398355862069,0.437174515361366
site_1c7e765219227837,159,0.07024038816000612,-0.012848061993436998,0.06905533601309263,0.10815436669192725,0.0686564945858732,0.06905533601309286,0.6348009487350433,0.7839500596325145,0.7844602284900641,-2.042841856956483,0.9255741271919238,1.8598813584905662,0.7494805655623856
site_1ce5634596e14607,319,0.03556268583824998,0.013403709377240986,0.032940024270794455,0.049508104260382296,0.053620843410254256,0.032940024270794475,1.0830720386351589,0.7988201806762902,0.40344077506559095,4.275783291339875,0.6764717248254762,0.781885711598746,0.9171871565206152
site_1cedce47f64df34a,254,0.11269161691430192,0.08916821245673134,0.0689088558171662,0.07596983462422138,0.05886904855547142,0.06890885581716631,0.77490031203388,0.5018199203679394,3.225647732780984,22.64872596400976,0.5700458805596266,1.4659396062992127,0.8802534789679186
site_1d1f4a4194ae00c3,182,0.05445946723027641,0.0020069045368786695,0.0544224761030349,0.08642897312384384,0.05446183928563241,0.05442247610303507,0.6301340547873244,0.793937227371807,0.53978170992301,0.36525662571191786,0.6801570619871984,1.3595340659340662,0.5398287327840778
site_1d6a4da433bfddd7,6,0.08683780553274488,0.04081588482856751,0.07664768760637158,0.08422522715249207,0.0345726391210717,0.07664768760637224,0.4104784313431057,,0.0452448268184569,0.24489530897140505,0.007242864747842152,0.04256333333333333,0.0071716042547751435
site_1d92331b9f8c002c,75,0.09187612152796751,0.008036145443598425,0.09152399725444242,0.10982142218873127,0.05470366295148071,0.0915239972544426,0.49811468346741034,0.5556757757723719,0.6330916280266391,0.6027109082698819,0.2503722539412578,0.9045558578666667,0.22443680552319023
site_1dab76a1b26190f6,1016,0.030182258007249448,-0.00031969527867952693,0.030180564828130096,0.03612319055400619,0.0324071088378782,0.030180564828130106,0.8971275333342377,0.616854468038998,0.9255441975908323,-0.3248104031383994,0.73367346568857,1.3257630541338583,1.0670242344817649
site_1e0ab3dca10c0e53,65,0.06586390715208462,-0.017022107969797577,0.063626268990119,0.06311185899307777,0.06334548668902866,0.06362626899012144,1.0037018034277285,0.4936971019436184,0.2819735272469975,-1.1064370180368426,0.12829229802443431,0.2589019384615385,0.2608222944515439
site_1e115354ece8fb9b,39,0.07511663404567723,0.05205018558868994,0.05415982727571358,0.04699525064481482,0.043264995850389724,0.054159827275713966,0.9206248558472861,0.28209195619812316,0.2200578397037356,2.0299572379589077,0.022368967892076725,0.08613358974358976,0.07300253477143537
site_1e3671cb73e4a59d,71,0.1613124928283256,-0.14765856314108408,0.06495128230912063,0.052473938478076076,0.045397294707700334,0.06495128230912117,0.8651398394017554,0.1250452947836412,1.8475421443166904,-10.48375798301697,0.021149462696574094,0.19549950957746481,0.14632492004122355
site_1e4554eec29098a5,97,0.03276124608328114,0.01915849091066528,0.0265753922069884,0.03270554823780097,0.03359244747418351,0.026575392206988405,1.0271176997228093,0.678942867348808,0.10411002675814246,1.858373618334532,0.07235491618145372,0.10375632989690721,0.10945989514866045
site_1ead9d05e7924900,21,0.13579182537467505,-0.12896683763662975,0.04250852418743126,0.042266424171496904,0.03954186094556018,0.04250852418743164,0.9355383551047102,0.461629016753906,0.38722781661031114,-2.708303590369225,0.01620186488223927,0.03751546285714285,0.03283473410779836
site_1ebbce006aed7c73,31,0.06668887488636795,-0.028143536109309048,0.060459469141513775,0.054305153131242526,0.043063850827896585,0.060459469141513816,0.7929975029040355,0.24548937183262493,0.13786958704189875,-0.8724496193885805,0.017797061185851216,0.0914205393548387,0.057489352691947215
site_1f03845600024bcb,415,0.08649491434065856,0.06909050213414503,0.05203722438456496,0.022812113734234734,0.061031846482126784,0.052037224384565005,2.6754139135530743,0.5521239235694793,3.1047686358211126,28.672558385670186,0.3190117650013372,0.21596290120481929,1.545827808282425
site_1f2f25947066509c,400,0.1239471454402739,-0.09222624216526747,0.0828083034415381,0.09433676294928717,0.039474295231601286,0.08280830344153814,0.4184402135233491,0.4834248667112298,6.145157945116964,-36.890496866106986,0.7200859417831525,3.5597699375,0.6232879936126481
site_1f80e745021951bc,179,0.1424055077682258,-0.11909005793729309,0.0780825636311872,0.08837868265780333,0.06081979214039452,0.07808256363118746,0.6881726487809839,0.5035141949344009,3.6299998270479934,-21.317120370775463,0.4844591969394401,1.3981316871508382,0.6621294337641423
site_1f87127a283de97d,2,0.0578937403250881,0.0512200826883316,0.026984964299201983,0.07280000000000002,0.045815035700800456,0.026984964299206094,0.6293274134725336,,0.006703370337657464,0.1024401653766632,0.006670669198036196,0.010599680000000004,0.004198034992531241
site_1fa5a52b4f99f39b,10,0.08415696473115153,-0.03426421540021897,0.07686584583394422,0.15297964864647848,0.08135726692887436,0.07686584583394458,0.5318175825915468,0.9687211830844302,0.07082394712760283,-0.34264215400218967,0.12056709763184191,0.234027729,0.06619004882136115
site_1fe95dec232c15f6,833,0.03170497012861006,-0.015464175178223299,0.027677868720573102,0.021987651489445755,0.03664862951933257,0.027677868720573172,1.6667823544922111,0.6580365396665343,0.837335874003095,-12.881657923460008,0.4417042670727652,0.4027195294117647,1.1188206640225304
site_203c950b486649d5,44,0.06102421996248736,0.05396463987258348,0.028491631498606982,0.03830572879441239,0.0352587170836213,0.02849163149860707,0.9204554564894337,0.7029163572301349,0.1638540385693218,2.374444154393673,0.04177212431483309,0.06456246977272727,0.05469979373684533
site_20551d8a0ce0f349,48,0.08394898716204474,0.011401041239003344,0.08317120117083616,0.06525920270219664,0.036855988418145164,0.08317120117083637,0.5647630815585276,-0.27031543803717556,0.3382767573855914,0.5472499794721605,-0.031207710830277458,0.2044206497916667,0.06520146634936563
site_20c84fb12b0c9692,116,0.056574411919305304,0.022579521155357364,0.0518732041463606,0.07747374126510456,0.05748446779176211,0.051873204146361956,0.7419864699067277,0.742759702534346,0.37127703374576715,2.619224454021454,0.38371728824125284,0.6962529479310344,0.38331782832704775
site_20e55f2eceb79ec1,659,0.07644477267869046,0.062498567969013964,0.044019680504510716,0.044946196275520954,0.02737808968237456,0.044019680504510786,0.6091302924622676,0.33805784920485765,3.8510663548618984,41.1865562915802,0.27414007320832773,1.3312858088012138,0.4939599046783991
site_2266e199c1b4f8b1,182,0.07944502544682772,-0.070207807382843,0.03718031536634299,0.06535172949187187,0.08123161369932766,0.037180315366345036,1.2429910322332152,0.8935501357950953,1.1486951964209728,-12.777820943677426,0.8633213462541595,0.7772944356593408,1.2009406616838172
site_228e3c936ac52751,419,0.07466453635859568,-0.032657709500101134,0.06714362962970546,0.08282325804289989,0.04295169487464998,0.06714362962970546,0.5185946060272386,0.5897950725095776,2.33583826266086,-13.683580280542374,0.8791192281921005,2.8742109785202867,0.7729913508015092
site_237e685bbdd8644d,293,0.07554810820139442,-0.041669638312961464,0.06301712382897662,0.09238469387604381,0.05936968882741247,0.06301712382897715,0.6426355528879181,0.737352246638891,1.6723023792732126,-12.209204025697709,1.1849701897393694,2.5007349771331056,1.0327546657788889
site_23d2f2404f4bbe4e,117,0.09732220528812906,-0.08366354018602613,0.04971944977255803,0.07626167795162501,0.04802809466606239,0.04971944977255833,0.6297801983393022,0.7713589635471533,1.1081785621309341,-9.788634201765058,0.33055528636047476,0.6804536923076921,0.26988365163851336
site_23e0c01fc0e0a37a,340,0.06771634364287599,-0.04985324351198533,0.04582747328508046,0.07566476276596505,0.07860187337419076,0.04304590324991707,1.0388174164678257,0.8449468997249805,1.559071086762424,-16.95010279407501,1.7085783760793478,1.9465531503061224,2.100606529296988
site_24a155d00f2ce6ce,294,0.06867824754900966,0.039230098515748976,0.05637110125629693,0.07451103477539117,0.07162251980225749,0.05637110125629814,0.9612337289122219,0.7030583970864336,1.386710295802497,11.533648963630199,1.1030848526236454,1.6322569251700683,1.5081568907904817
site_24bc1a63008e8e56,630,0.05902832095577468,0.04703497555728943,0.03566586251842417,0.034156578567099354,0.04799446801882656,0.03566586251842421,1.4051310181593037,0.670423690670797,2.195135885160507,29.63203460109234,0.6923974272507996,0.7350032714285714,1.4511854450584043
site_24bea14e8249e50f,135,0.05142335684539985,-0.03325647928803055,0.039222037359297475,0.06072831051673292,0.04093844710904207,0.039222037359297586,0.6741245847397976,0.7693739114419158,0.35698881994865983,-4.489624703884124,0.25822232563291436,0.49787023925925916,0.22625412097947772
site_257ba699ad2936b5,31,0.04765655164187344,0.03822734700364451,0.02845728123798022,0.020917484185269484,0.03284800562240894,0.028457281237982458,1.570361202689049,0.5142760819862161,0.07040555434623105,1.1850477571129798,0.010954094319574299,0.013563775483870968,0.0334487356744641
site_25bb1d03fe665fce,56,0.0916166210024168,-0.06948709264025092,0.059708870365345765,0.07371731159002765,0.02966989517789817,0.059708870365345765,0.40248205662876974,0.628523792839423,0.47004189365842686,-3.8912771878540515,0.07698307421344466,0.3043175535714286,0.04929695007257805
site_25c3911a44e2e266,323,0.05480085835967988,0.017278046598929002,0.05200579951008285,0.06399540981400864,0.06140778071487579,0.05181972750369645,0.9595653952892351,0.659196731974964,0.9700123068573357,5.580809051454068,0.8367385819416406,1.3228182301559208,1.2180057169413858
site_25db0a3f364cf3fa,37,0.025583672743769614,-0.012592523926013226,0.022269994437203722,0.02349014060461417,0.025265360560539706,0.022269994437203764,1.0755729812692918,0.584825486799739,0.024217399509231106,-0.46592338526248933,0.012842191206442343,0.020416108108108108,0.023618522437400785
site_26066c2f9061bb32,267,0.2303438353807621,0.2184708593804738,0.07299839792404268,0.05816210348991648,0.08683991174611207,0.07299839792404278,1.4930669032829502,0.5538967480788825,14.166561426944543,58.331719454586505,0.7469637997381473,0.9032156853932586,2.0134924626433666
site_26149aa81404cf67,120,0.07500287920836889,-0.06980609085371098,0.027432491124005205,0.050555396122306605,0.06596160439705857,0.02743249112400631,1.3047391466873361,0.9227534722136236,0.675051826745421,-8.376730902445317,0.3692543857469223,0.30670176925000003,0.5221119905560869
site_261c25e44abd6c6d,260,0.12098921522546793,-0.10540453307257248,0.05939928121305489,0.09202318572884982,0.05566817411717595,0.059399281213055266,0.6049363937606395,0.7846291291068436,3.805981452227397,-27.405178598868847,1.0450619026378685,2.2017493450384613,0.8057258584804567
site_261e3bb708a6a167,65,0.09349405693729307,0.02211168766535245,0.0908416861973824,0.10080146218531866,0.039073766820110704,0.09084168619738345,0.387630952696653,0.4361195745095464,0.5681740143685969,1.4372596982479093,0.11165316763336842,0.6604607606153847,0.09923935147830498
site_2689516b5f07761f,394,0.054348111682690464,0.02579675249415001,0.04783560184872519,0.07761763262977116,0.05196989784449911,0.04783560184872608,0.6695630372081903,0.7979019273122344,1.1637645939288332,10.163920482695103,1.2681131074392251,2.373651776649746,1.0641428910952633
site_26f018cca8362487,256,0.08211476228856111,-0.051482183891348544,0.06397201675329824,0.09751956935020786,0.055928039163374146,0.0639720167532996,0.573505805409455,0.7834131252862798,1.7261655515409657,-13.179439076185227,1.09383590955846,2.434577,0.8007540645529376
site_270decc0b97d0896,280,0.11778250395654002,0.09268829920153533,0.0726745996163655,0.08253754216928766,0.08457988726329982,0.07267459961636613,1.0247444379894814,0.6220158894425041,3.8843611067162627,25.95272377642989,1.215844807438845,1.907484842857143,2.003052052252302
site_284ff462bff5925c,321,0.06063923424676073,0.049725660707720346,0.034705552829687014,0.05150318722251192,0.05191717709032476,0.03470555282968708,1.0080381407469845,0.7748038505027731,1.1803544703407596,15.961937087178232,0.6650311359095147,0.851477632398754,0.8652212419260338
site_28bd97dda8311cf0,96,0.14947271885440727,-0.12143461455622068,0.08715347422398485,0.1201631630903951,0.07248296089847096,0.0871534742239849,0.6032045015654609,0.694462704183665,2.144840993445953,-11.657722997397185,0.5806673911289932,1.3861618333333334,0.5043628435784899
site_292d280e566004c1,45,0.1320260946046121,-0.09845114337033693,0.08796739183140162,0.1127679451871337,0.05556912984759087,0.0879673918314018,0.4927741633970204,0.6436115053864194,0.7843900345445693,-4.430301451665162,0.18149120163286725,0.5722474257777777,0.13895676864082862
site_29971fce7657be9c,156,0.059855273000454026,0.028693732835543464,0.05252926233939838,0.06579308652922992,0.0783394940116505,0.05252926233939852,1.1906949216745832,0.7475929803805133,0.5588939781295854,4.47622232234478,0.6011056860995789,0.6752819166666667,0.9573839062322221
site_29fa7d91f9cd3f03,186,0.07648984412895295,0.021979082527724646,0.07326401699409463,0.09904484624120609,0.05869645426585661,0.07326401699409466,0.5926250228397735,0.67837179304187,1.0882295034061022,4.088109350156784,0.7335411385521773,1.824637971451613,0.6408209162693861
site_2a096aef4be52591,150,0.054366416187298365,0.04131601347446441,0.035336867994042884,0.036816370754809,0.049788550877654415,0.035336867994042946,1.3523481499368313,0.7052927194060957,0.44335608135758064,6.197402021169662,0.19392380358179412,0.20331677333333334,0.37183496977451735
site_2a66162bd2a4e4b1,187,0.0704514240664685,-0.021488023451305332,0.06709447071964669,0.0943881143546723,0.0606628980246191,0.06709447071964678,0.6426963653143074,0.7062205670160315,0.9281563896097612,-4.018260385394097,0.756175203076977,1.66600471657754,0.6881576057913777
site_2b657e21e1c1d622,416,0.12436178579768654,-0.08946966432608092,0.08637727092336316,0.10738545052849152,0.07423833977683923,0.08637727092336321,0.6913258678105775,0.6009653689644096,6.4337951669845035,-37.21938035964966,1.993042094338972,4.7971601538461535,2.2927137346137147
site_2c61711a8eb15185,175,0.05531121332231158,-0.03816018579346793,0.040039112619965324,0.057723266627973176,0.030820982713528206,0.04003911261996558,0.5339438412619583,0.7528515292660366,0.5353828058575951,-6.678032513856888,0.23439307029577242,0.5830957142857143,0.16623827069983077
site_2d0695836558269a,137,0.045069969013465785,0.034752424643313795,0.02869792829257126,0.037942959508294405,0.024895583001144674,0.028697928292571277,0.6561318179648704,0.6541770658432414,0.27828838864184297,4.76108217613399,0.08465826915366317,0.1972345401459854,0.08491123725646306
site_2e03a5b4a3fc6fe0,33,0.034365260686724255,0.022707342209960475,0.025794335653903995,0.03025205045073522,0.023440135428470302,0.025794335653904772,0.7748279894826314,0.5635771032717144,0.03897204768819502,0.7493422929286957,0.013188099433617154,0.030201156363636357,0.018131518313865946
site_2e6f197ad6e426eb,271,0.0494739775480137,0.03834207001812343,0.03126595786389222,0.020637397606801333,0.039614442758777985,0.03126595786389223,1.9195464231266497,0.6223838411527868,0.6633197771481896,10.39070097491145,0.1378910511465695,0.11541949077490775,0.42528140434898276
site_2eadbc791936fa20,822,0.07883742623117435,-0.053241827272730725,0.058143336706939726,0.07744559044861371,0.06290877397413859,0.05814333670693982,0.8122963955692156,0.6747409767686733,5.109009294849315,-43.764782018184654,2.7021958306927534,4.9302076125060825,3.2530763788878487
site_2eb90940ae2529bc,146,0.08403298027017138,0.07118515063801859,0.044656646781074096,0.05015914810742728,0.05729539133836698,0.04465664678107418,1.142272018170161,0.6619057317569184,1.0309850988707037,10.393031993150712,0.27772747111973695,0.36732726027397256,0.4792832328180262
site_2ecbb3b2737ff9d4,59,0.06499858277232996,0.06064226542044494,0.02339511502617027,0.035437799735600774,0.03542160992009444,0.023395115026170366,0.9995431484000947,0.7819856299376814,0.24926412998227437,3.5778936598062514,0.05791430242415201,0.07409442135593222,0.07402673651054864
site_301436b06877aab0,44,0.06960595727952275,-0.010937029963189902,0.06874133155811744,0.07381237381987941,0.0685193297362546,0.0687413315581176,0.9282905587545367,0.535611936135389,0.21317952870714485,-0.4812293183803557,0.11919147706505928,0.23972372727272728,0.2065755360902457
site_3058377fafc959d8,52,0.05083681167737102,-0.04235755139772709,0.02811083885460189,0.044146887811060555,0.0478050877565144,0.028110838854602596,1.0828642771175667,0.8159543312266228,0.1343878339190653,-2.2025926726818086,0.08954542630022536,0.10134528057692309,0.11883697360121825
site_313b58fce7205197,400,0.10070085593711797,-0.04462293914079666,0.09027433571566697,0.10657849208446872,0.05469786721193134,0.07800014347991632,0.5132167489157248,0.709035464354329,4.056264954587275,-17.849175656318664,1.6533618539291401,4.543589989999664,1.1967426710136293
site_31563788a284dc59,162,0.10405094429904528,0.07773835523555309,0.06916174618091983,0.039447574210730765,0.06693541631265304,0.06916174618091997,1.6968195802124852,0.23729265332322133,1.7539090395427297,12.593613548159599,0.10150222859448857,0.25209,0.7258166930256049
site_319d460a95d287a7,55,0.11064884811025417,0.0852155344399539,0.07057960242335695,0.06179279157724702,0.09873958911679703,0.07057960242335748,1.5979143617967624,0.703640354517821,0.6733742173469355,4.686854394197464,0.23612531996965402,0.21000919999999995,0.5362228552424646
site_323cc8255b0caa4e,56,0.083767960116613,0.05193320905310767,0.06572680533499771,0.1129061094043025,0.10791288066193468,0.06572680533499779,0.9557753892263907,0.8237412869938617,0.3929559839575142,2.9082597069740297,0.5620430595928005,0.7138762142857142,0.6521306295143895
site_32983262837b2abc,52,0.10017795360882358,-0.09104689858739193,0.041786177701110434,0.06613636844255384,0.0771122484773689,0.041786177701111635,1.1659583114901257,0.8406236367570021,0.5218523642410837,-4.73443872654438,0.2229300696775317,0.227449,0.3092075409922451
site_32a7eff6ca5c3a9e,91,0.17338862670321367,0.16168862634438735,0.06261312946093228,0.06137889241232721,0.04976921024111354,0.06261312946093625,0.8108522048064523,0.3803775559967508,2.7357890441724004,14.713664997339249,0.10573921271077882,0.34283052747252757,0.22540466021019867
site_32aa1fd33af84607,47,0.07101734787729615,-0.04317845781356729,0.056383370601329676,0.06902556982214028,0.036996622940529106,0.05638337060133007,0.5359843176356114,0.5784116972198915,0.2370427938776703,-2.0293875172376628,0.06942358057083602,0.22393287659574465,0.06433125512317317
site_32d33ae0920bdcec,147,0.06952827733788935,0.055973673616136824,0.041244747683658434,0.04051448711343963,0.06534038962880344,0.04124474768365844,1.6127660568885365,0.7951060536650738,0.7106246583874455,8.228130021572113,0.3094100813993893,0.24128927891156465,0.6275968779760452
site_32e9d9454ab82a2b,29,0.13514013530946917,-0.12076707165816734,0.06064792308540094,0.06701844564800732,0.06236707752325335,0.060647923085401644,0.9305957027236386,0.5625886623162445,0.5296228289723874,-3.502245078086853,0.06819283069875734,0.13025268965517242,0.11279991840495329
site_33d9c76285abfbd1,64,0.07642060195417688,-0.0593484203745611,0.04814429771097636,0.039686363664834544,0.041476402800422196,0.0481442977109769,1.0451046397373458,0.29690090527164736,0.37376693779447956,-3.7982989039719106,0.03127763353975024,0.10080047749999999,0.1100986873128237
site_33e57061030aaa1a,19,0.09040281064495188,-0.08573238853341655,0.028681452697907936,0.02755576868482595,0.03798049328329091,0.02868145269790807,1.3783136924140864,0.6589129857373694,0.15528069527763347,-1.6289153821349145,0.013102519025418317,0.014427087368421054,0.027407839530800004
site_345540dea6a21328,13,0.06755601546921197,-0.024674319239763112,0.0628887366396453,0.06610525943859373,0.021908018416146813,0.06288873663964556,0.3314111252599732,0.30895305361550796,0.05932959793899331,-0.32076615011692045,0.005816677101529563,0.05680876923076922,0.006239496521988963
site_3527ca4be8ad318d,825,0.052332918306403055,-0.03601911709294175,0.03796521489876763,0.05370875985208079,0.07460621406225768,0.0379652148987677,1.389088377161017,0.8746378667372405,2.259455829233341,-29.71577160167694,2.891361214187443,2.3798204800000002,4.592021920780318
site_360469521723c0bf,302,0.0851509303743833,-0.05269083923871155,0.06689063016554209,0.07636390903574251,0.03680801668534393,0.06689063016554228,0.4820080211990687,0.48241006042640977,2.1897056449741683,-15.912633450090887,0.4094999640292384,1.7610968741721855,0.4091586878771843
site_3611ac9a5b4c6a7c,47,0.053241425704530804,0.02712513863152646,0.04581349435779313,0.058791326737815466,0.058736751654637806,0.04581349435779328,0.999071715400793,0.6960983635738117,0.13322852231940044,1.2748815156817437,0.11297742098760098,0.16245174468085105,0.16215028176211405
site_365133aa4290174f,670,0.06537571827170077,-0.014822602686864226,0.06367318893481114,0.10243208140498707,0.06348923067502121,0.0636731889348123,0.6198178325011575,0.8048901264602913,2.8635696414923295,-9.931143800199031,3.5070944723844417,7.029861971641791,2.7006912158430563
site_3669ed0d65622c4a,171,0.06541200369535068,-0.02459614532377288,0.06061154892140949,0.07838154474022148,0.047468545679864686,0.06061154892140996,0.6056087033904323,0.6347223531696033,0.7316628688923376,-4.205940850365162,0.403830994145729,1.0505669810526315,0.38530794375239946
site_367fad9034e246b1,37,0.052102494815575204,-0.019826652562296064,0.04818271281467078,0.045173374479553524,0.03650134366070557,0.04818271281467092,0.8080278279238778,0.3188231961181404,0.10044278874226052,-0.7335861448049544,0.019451048679428328,0.07550344918918918,0.049296879294366436
site_36915ea55aeee9ea,33,0.1288629631353866,-0.1141512959689805,0.05979251538975614,0.08376423031934177,0.03907850053362909,0.05979251538975617,0.46652969154789187,0.7589143026790363,0.5479868878450562,-3.7669927669763568,0.08197910470718686,0.23154272727272723,0.05039526373057601
site_3697f876563488cb,53,0.04573584903550855,0.01946914179977381,0.041385026332951984,0.039688321573839856,0.026837883299807755,0.04138502633295218,0.6762161319892567,0.27353619107745697,0.1108636980109379,1.031864515388012,0.015441932786762147,0.08348363207547167,0.0381744149407473
site_36bf0be122b5ada0,62,0.07111707898512903,0.0062499710460824365,0.07084191404317229,0.08161925258993903,0.037950113964253185,0.07084191404317235,0.46496522278778113,0.49772019980715954,0.31357361324937905,0.38749820485711106,0.09558343949613551,0.41302554838709676,0.08929309129378789
site_36f59764e16c0acf,11,0.04934020199860161,0.04498586759784005,0.020266406927040986,0.075215719519326,0.08008490640671563,0.020266406927043203,1.0647362934039146,0.9678750704797264,0.026779010865890913,0.4948445435762405,0.06413148195987398,0.062231449090909094,0.07054951457589642
site_37100d9c494e6343,36,0.03738277143302168,-0.0013027288218339283,0.037360065546386635,0.015852011400200882,0.030615878446240422,0.03736006554638669,1.9313560704260182,-0.2134208668025644,0.050308977600487526,-0.04689823758602142,-0.0037288119449383665,0.009046305555555556,0.033743952469258875
site_3744ab32b5fabc06,14,0.2816869351198833,-0.2631994654663971,0.10036717987188919,0.08633790521868724,0.03041527708247107,0.10036717987188921,0.3522818512382426,-0.3225920496127178,1.1108654118412669,-3.68479251652956,-0.01185973486517157,0.1043592742857143,0.012951247120048859
site_3754c55a59175277,6,0.14338706283584607,0.054758889794349674,0.13251910721545457,0.12887841815706252,0.030137729498309562,0.13251910721545457,0.2338462089252297,,0.12335909873214523,0.32855333876609805,-0.00013015311360359185,0.09965787999999998,0.0054496964358796696
site_37c98a51b9f80f45,156,0.0860231615287728,0.05065751255475558,0.0695255402076828,0.10616510744027001,0.060712320853282334,0.06952554020768484,0.571866993940923,0.7852895802081659,1.1543975538272326,7.90257195854187,0.7896107856019949,1.7582806858974358,0.5750138009291366
site_383a8c8b2965611f,677,0.040673407223209855,0.028468234182636706,0.029049710801789655,0.029614607542098832,0.02900629225741583,0.029049710801789665,0.9794589449203995,0.5090187029068399,1.1199787393332055,19.27299454164505,0.2960196963182734,0.5937459113737076,0.5696040985838148
site_386cdfdcf9b17142,388,0.07538067337718661,0.022327720151273236,0.07199804741549952,0.056645076186551756,0.06750378197745872,0.07199804741549992,1.1916972581190552,0.3375876777143002,2.2047114164936588,8.663155418694016,0.5008510427244162,1.2449618865979382,1.768023105528989
site_389215a205727fd3,94,0.1376895988320687,-0.12370482380212618,0.06046107999879693,0.04363320016491984,0.059057256127459684,0.06046107999879734,1.3534935760898064,0.33685870246193067,1.782092008894385,-11.628253437399861,0.08159545277582199,0.1789624787234043,0.3278493931226112
site_38bba0231f056806,585,0.10195918198424983,0.07462305718059214,0.06947714824256572,0.0522732394217771,0.05809156839426429,0.06947714824256737,1.1113060724157697,0.21076750689023885,6.081469752674964,43.654488450646404,0.37441396694292883,1.5985075623931624,1.9741587363257092
site_38d8c6108ca3a5d7,59,0.06931052989357712,-0.04597439370034105,0.051868147046279664,0.06676530857553956,0.03394170285987687,0.051868147046279706,0.5083733391492465,0.6441252662669291,0.2834330236935785,-2.712489228320122,0.08612055785392048,0.2629987793220339,0.06797031238866225
site_38eb3791b353069b,415,0.05344731675834744,0.025128536400665723,0.04717173228775413,0.07905803546385205,0.07812621617563001,0.04717173228775416,0.9882134778235402,0.8199383001425763,1.1854955024968579,10.428342606276274,2.101706556896713,2.5938217831325305,2.533037846377328
site_38fe9bf25990ebba,147,0.09361473483320848,-0.03937852965131099,0.08492967667660554,0.09193691571855366,0.0739218036292438,0.0849296766766062,0.8040492010362901,0.493204741880405,1.2882666309501145,-5.788643858742715,0.49272779642873166,1.2425022813605442,0.8032716586146708
site_395c4ccb7a4b9df2,171,0.04607191395574133,0.022788014445806803,0.04004157405950637,0.04738580500444651,0.043600852561294715,0.04004157405950727,0.9201247621983708,0.6154514785520587,0.3629682346982348,3.8967504702329636,0.21743686318380964,0.38396588222222217,0.32507687283627096
site_3987775e61ab1836,60,0.22588734622333084,-0.21856628703276318,0.05704271519248296,0.05935917929576407,0.05140573760626784,0.05704271519248401,0.8660115961194936,0.47718889409161996,3.061505591029136,-13.11397722196579,0.0873657200694084,0.21141072999999996,0.1585529915306676
site_39ac65528c2f5495,202,0.09742807575309363,0.016285411830349726,0.0960573542549786,0.10876887988504753,0.04528470787701101,0.09605735425497862,0.41633882710633946,0.4724693358271595,1.9174304488800114,3.2896531897306445,0.470090227941254,2.3897951847524754,0.41424236303625706
site_39e3332a33e328c0,156,0.1582507161199104,0.1416046642126181,0.07064989897866901,0.06342926238283068,0.05758694225697973,0.07064989897867076,0.9078923527347784,0.3214226153329943,3.906753107784457,22.090327617168427,0.18315328350090065,0.627630326923077,0.51733592328736
site_3a1e52ef4ac63381,15,0.0966767498607152,-0.09126504210154215,0.03189178662030453,0.04083129301024997,0.025963211975391465,0.03189178662030459,0.635865535016828,0.6245554319422201,0.14019590945446947,-1.3689756315231323,0.009931476083497206,0.02500791733333332,0.010111325641186664
site_3a558feb29bc33aa,50,0.04020184618937383,-0.02228545173227787,0.03345963356228493,0.03371153511781984,0.023852100333609665,0.033459633562285034,0.7075352768792039,0.36428916125387445,0.08080942185170355,-1.1142725866138936,0.014646080305054782,0.05682338000000001,0.028446134516229113
site_3aab5eecf1e576ed,227,0.03272151234162209,0.020287553370261512,0.025673187339551706,0.04385816136397615,0.0330212953048306,0.025673187339551765,0.7529110723723442,0.8129902818231836,0.24304830297250446,4.605274615049363,0.26727339950105433,0.43664319823788544,0.2475221491992038
site_3b418123c1eb9bb6,39,0.06310855858848397,0.012696322259230487,0.061818230063678474,0.06864754334352098,0.03853330891619145,0.061818230063678634,0.5613210180496323,0.4490761136647863,0.15532491651752842,0.495156568109989,0.046328246931043954,0.18378692307692304,0.05790781994519495
site_3ba67f452cc05c7e,156,0.06684377387475364,0.005374055917293597,0.06662739398188255,0.10190028489719828,0.06963701477747744,0.06662739398188272,0.6833839066076259,0.7605498960612503,0.6970220565077949,0.8383527230978012,0.8419142363136777,1.6198522176923076,0.7564929570305032
site_3bce6f9707106717,37,0.047369363448089286,0.02270002267650656,0.041576021502342735,0.08380881927612827,0.06094403549290773,0.041576021502344546,0.7271792637015083,0.8819645257875294,0.08302269395865557,0.8399008390307426,0.16667626960313806,0.25988497297297297,0.1374244920999495
site_3c025b5f7926190d,54,0.061247859841302946,-0.04203162388282793,0.044549331408141005,0.026652600456824306,0.043611992855291375,0.04454933140814113,1.636312859075058,0.2700183554810076,0.20257021809755404,-2.269707689672708,0.016948550781235097,0.038359500000000005,0.10270831972373924
site_3c21ace69367fd43,31,0.12706255844578623,-0.0789642509048985,0.09954667667891823,0.09189302924673624,0.059126523327968056,0.09954667667891845,0.6434277312723157,0.18687795766110485,0.5004917065224542,-2.4478917780518534,0.03147637308124574,0.2617741935483872,0.10837431858643526
site_3c2ff06ad9a9ceca,167,0.0915276750948369,-0.03490899445439527,0.08460896769520965,0.09585643659446089,0.06357574598139021,0.08460896769520995,0.6632391964491612,0.49815478903430166,1.3990116564804267,-5.82980207388401,0.5069831506856277,1.5344722249101794,0.6749932046740723
site_3c6c836e47ad4756,59,0.08448735768200903,-0.05798985063827645,0.061443395341062655,0.08421123629480415,0.03261150817772071,0.06144339534106275,0.3872583946345987,0.7974043345097918,0.42114870287717615,-3.4214011876583106,0.12920268261015921,0.41840040677966106,0.06274711747190714
site_3cacfdfbb247178d,10,0.12553964060052317,-0.09019019541859628,0.08732657105637404,0.1508304548159953,0.06467548862176307,0.08732657105637456,0.4287959530498237,0.9895822082331749,0.15760201362108525,-0.9019019541859629,0.09653407457999887,0.227498261,0.04182918828463805
site_3d3d4af3226bd56f,68,0.04717467131506521,0.008919176400584334,0.04632383734126195,0.07524260071221434,0.050530479687162115,0.04632383734126217,0.6715674260174711,0.7981074528558725,0.15133057373054168,0.6065039952397348,0.20634193473331192,0.3849785294117647,0.1736263976641998
site_3d8d46208058ae66,97,0.11091866287861603,-0.02100625080054569,0.10891137315305803,0.11531296545543188,0.04502198971188909,0.10891137315305816,0.39043302315635925,0.33345785403049183,1.193386128153667,-2.0376063276529317,0.16792505934643223,1.2898167602061856,0.19661701708889234
site_3e3dd959fc43e496,515,0.0753586651759211,-0.0048690022715087095,0.075201205003488,0.11206714309807403,0.08759360973085992,0.07520120500348833,0.781617227934539,0.7424572593106393,2.924648134804741,-2.5075361698269854,3.753439426921453,6.467907949514563,3.951409839826332
site_3e869a526b77cd87,53,0.07375620327600088,-0.058605457469427365,0.044781445672174354,0.07062519637074682,0.030843959144593022,0.04478144567217437,0.4367274107483924,0.9029474212442464,0.2883188086496104,-3.1060892458796503,0.10424809299319421,0.2643596732075472,0.05042154023280615
site_3e8e42936f50143d,855,0.057599666883426305,0.00771487926502674,0.05708066452843499,0.06481996959788737,0.03700016185239194,0.05708066452843514,0.5708142426157179,0.4820895164761132,2.836651989444834,6.596221771597863,0.9885673188576747,3.592392332163742,1.170505240423236
site_3ed9981ace9fa417,10,0.03426984037326734,0.015393821362257004,0.030617841580949892,0.08781675751244748,0.06439512436689324,0.030617841580951932,0.7332897067825083,0.9656161523735439,0.011744219592092243,0.15393821362257004,0.0546053135957569,0.077117829,0.041467320422276466
site_3f0cc8bf9a017f1f,60,0.032285878283546045,-0.027025604416926707,0.017663370075943655,0.03820063990156303,0.030323342706660178,0.01766337007594366,0.7937914858180022,0.8921145251523848,0.062542676192397,-1.6215362650156024,0.06200398078064124,0.08755733333333335,0.055170306774333655
site_3f80251a944e7c4c,134,0.05410513203890859,0.024137974713987383,0.04842234494171713,0.0655213452514508,0.04369672231691537,0.048422344941718286,0.6669081983775024,0.6737050422291649,0.39226695193499617,3.2344886116743092,0.25846769125482705,0.575268255597015,0.2558600745263757
site_3f885209ae19b689,226,0.048612226323657984,0.017581123727085316,0.04532165747890807,0.06895107869377168,0.04275849269542277,0.045321657478908636,0.6201279734190023,0.7679973256916517,0.5340715718802154,3.973333962321281,0.5117190664801581,1.0744607831858408,0.4131932456541021
site_3f8f25f0fa2a3f3b,64,0.07621007094612392,0.03694340509586037,0.06665703063845854,0.09807921611777565,0.055741587875866014,0.06665703063845883,0.5683323142482124,0.757578129751976,0.3717103944712475,2.3643779261350635,0.2650719206292415,0.6156500885937499,0.19885597561106516
site_3fd206a570dca7d5,52,0.11494932561963889,-0.06819901211674398,0.0925323846375418,0.07763247886772603,0.0733507906421134,0.0925323846375427,0.9448466893230606,0.2497977140288897,0.687094067941308,-3.546348630070687,0.07396734946278426,0.3133936923076923,0.27977760136680385
site_3fe88af73a278f09,684,0.08533752254178763,0.038567257501402795,0.07612528753568423,0.0664606367230065,0.04312814016506229,0.07612528753568473,0.6489275801676564,0.08407866018842998,4.981225043441956,26.380004130959513,0.16484171042423584,3.02123910380117,1.2722649482825255
site_402a00535323377d,283,0.06412806546783428,0.03715064277665774,0.05227081902867035,0.08187684503417353,0.05289376528372337,0.052270819028671825,0.6460161631978701,0.7815379724588885,1.1638116849230555,10.513631905794142,0.9578601435946807,1.8971804240282686,0.7917633648667624
site_40392ec0ab51085a,129,0.07183716923243227,0.052526398472083624,0.0490056766801664,0.06886505128688039,0.05245352495851235,0.04900567668016643,0.7616857023746291,0.7048599909558014,0.6657146759494558,6.775905402898788,0.3284476238471824,0.611768992248062,0.35492702419395283
site_4053c6fd726ad6c4,11,0.059911623649325015,0.03730647051009264,0.046878885506995024,0.07855025132659395,0.12409289738896048,0.04687888550699515,1.579789947113099,0.9936651993973747,0.039483429131281965,0.4103711756110191,0.10654357592714105,0.06787156181818182,0.16938951900625782
site_40c02fde736492a1,19,0.046060272863777584,-0.012328792349288341,0.044379608104328436,0.05349600653022093,0.06242218084337616,0.04437960810432858,1.1668568345959183,0.7170287388442945,0.04030942598942727,-0.2342470546364785,0.04549361672409271,0.05437463157894736,0.07403404456362
site_413c6e860ea2e615,245,0.07401058447667505,0.04478327314308712,0.05892389210813137,0.07791478369582597,0.06643926905112357,0.05892389210813138,0.8527171083538906,0.6773618976959063,1.3420038205718685,10.971901920056343,0.8590759538324176,1.4873248120000002,1.0814732356516588
site_4148b96858a0e60a,171,0.0752486426538516,0.05639751105942921,0.049816452779665205,0.05715134159019644,0.04327325475903203,0.049816452779665336,0.7571695353946859,0.537209385577077,0.9682632558332461,9.643974391162395,0.22718815944104168,0.5585331695906433,0.32021025274225506
site_420eb683366b57f6,91,0.07895341490429134,0.054808127689492565,0.056830545169138165,0.054566464924093096,0.06066564018361541,0.05683054516913822,1.1117751583872406,0.5177926868824064,0.5672613969794749,4.987539619743823,0.15597891986853146,0.27095241758241767,0.3349091107987982
site_426aa82109fc7c47,28,0.09779546848641003,-0.08461142326891422,0.04903937916496354,0.07781547869472882,0.04494039150180655,0.04903937916496354,0.5775250921234875,0.8106852500557409,0.26779070238133973,-2.369119851529598,0.07938037525516536,0.16954696428571428,0.05654988607339809
site_42ce68186715eeba,627,0.07791731329798939,0.07136362705922773,0.031278434176417694,0.030375187740154182,0.039229541838266054,0.03127843417641804,1.2914995678004302,0.6223828005547881,3.806584535158801,44.74499416613579,0.4650046868389873,0.5785028229665072,0.9649260094308472
site_42d0b232cf256027,295,0.054882928532351036,0.03459202098806026,0.042609012289053935,0.053491558290896656,0.04425535894424786,0.042609012289054206,0.8273335150114586,0.6345564064146991,0.8885800740647096,10.204646191477776,0.44314246212501646,0.8440973084745764,0.5777683546088446
site_43b644a004cb99cb,16,0.09823268659384529,-0.04433114229515195,0.08766076966495116,0.11528887359585052,0.03599789063130109,0.08766076966495116,0.3122408044118208,0.8316508499543906,0.1543945714471141,-0.7092982767224312,0.05522369573321194,0.21266438999999998,0.020733570078449837
site_444e34f5ad449f77,182,0.11433206711149667,0.10625684070783656,0.04220551353528619,0.04084400151610815,0.054342904193906034,0.04220551353528752,1.330499024990834,0.6397778403101279,2.3790715257377757,19.338745008826255,0.2584471274201687,0.30361830769230774,0.5374735249935051
site_44541aad5ac7b92b,159,0.07166016788682802,-0.05424869819857039,0.04682155919369627,0.05785655638087453,0.04163984407592403,0.04682155919369637,0.7197083041342017,0.5995919166559356,0.8164935661893722,-8.625543013572692,0.22967544638454537,0.5322335974842768,0.27568638173209525
site_44bc4221af0e2690,281,0.04260942340350087,-0.004330706188687227,0.04238877146941244,0.06476098679389557,0.03838549971418428,0.042388771469412466,0.5927256765921072,0.7785210126869423,0.510173192540845,-1.2169284390211106,0.5438226793257659,1.1785099003558719,0.41403849131444714
site_4522c9f47db04b3c,148,0.044335875416564745,0.01760395082066188,0.0406911632231971,0.04319437506919969,0.05179884315640761,0.0406911632231971,1.1992034396474798,0.6465270621764286,0.2909191376450662,2.605384721457958,0.2140896534872921,0.27613159756756755,0.39710178254663314
site_454d64b6e8b743da,118,0.028868874578150797,-0.009527545913094179,0.027251381401369065,0.047926434974321724,0.056497937341792176,0.02725138140137087,1.1788470678460214,0.8764345969439626,0.09834260649026218,-1.1242504177451131,0.2800330159915769,0.2710392939830509,0.37665799701749486
site_454f86a28db067ff,49,0.04292214730493715,0.012659239528130512,0.04101285632379365,0.06402550512196252,0.03859446655791911,0.04101285632379366,0.6027983142717939,0.7905091053586061,0.09027322573406944,0.6203027368783951,0.09571522239382776,0.200864,0.07298710959562649
site_457c8dbf463cd4ea,137,0.05294325169613573,0.03122304637828013,0.04275639455122646,0.07485257715168976,0.048380564212232566,0.04275639455122647,0.6463446691246008,0.8443504281055668,0.3840093423219719,4.277557353824378,0.4189102446935581,0.7675984379562044,0.32067302210867227
site_460afd4b6202d4b4,50,0.09964232149298824,-0.03674246599388122,0.09262064254366036,0.08084658320547627,0.060801362484648805,0.09262064254366038,0.7520585295499578,0.1682803920697261,0.49642961162560123,-1.8371232996940612,0.041359806769728634,0.3268085007999999,0.18484028399948293
site_465014c5dd5de0e8,2,0.08135437872753168,0.058107418346405024,0.05693911547660828,0.1062,0.049260884523391724,0.05693911547660828,0.46385013675510095,,0.01323706987628532,0.11621483669281005,0.010463011872768402,0.02255688,0.0048532694880538685
site_466206aef45119ae,1,0.09181855809688569,0.09181855809688569,0.0,0.0,0.0,0.0,,,0.008430647610991172,0.09181855809688569,0.0,0.0,0.0
site_4680c02330a5a24c,432,0.06723217165561857,0.03080396629249056,0.05976019215315213,0.08912249576590195,0.07528105383239754,0.059760192153152154,0.8446919398457857,0.7481311320018297,1.9527112391892023,13.307313438355923,2.1683755623192216,3.431297916666667,2.448246412562257
site_4689968a649fae30,327,0.059808846033885456,-0.03754690135728329,0.0465545729480086,0.06762547780490988,0.03611168413886491,0.04655457294800864,0.533995253135839,0.7595873332865257,1.1697110668969402,-12.277836743831635,0.6065736722811739,1.495438116207951,0.42642557014986315
site_46c69a3772747cb8,125,0.07407599952067097,0.060360938677024835,0.04293961791882751,0.0555343636981644,0.05417787339029668,0.0429396179188276,0.9755738570222863,0.693896022502522,0.6859067131233056,7.545117334628104,0.2609685455900074,0.38550819391999996,0.3669052456368771
site_473ba30122663331,178,0.121166002666291,-0.012423771806312415,0.12052738318005711,0.13794064349000282,0.057856008765067114,0.12052738318005715,0.41942684404876074,0.4916920583307759,2.6132536359787197,-2.2114313815236097,0.6984799014580259,3.3869165605056177,0.595822559539787
site_47749587de8e2aac,260,0.12061885134922705,-0.08689805175469473,0.0836518732727805,0.06501185550949402,0.05382038765150326,0.061807424652982466,0.8278549693700649,0.4719994882645381,3.782715898209802,-22.593493456220628,0.4293923063964703,1.0989007527647057,0.753124873009102
site_479c9178cadeeacf,620,0.048966108311679545,0.034164360013964674,0.03507814516229933,0.01884253296101925,0.04259526938887463,0.035078145162299526,2.2605914755194636,0.5849230732541641,1.4865614531785023,21.1819032086581,0.29106574394786733,0.22012545000000003,1.1249013240726962
site_47cb8752f353f72a,342,0.06742525508784177,-0.04676634806080869,0.04857029660930462,0.0783111843808055,0.06706401925275879,0.048570296609304675,0.8563785592444256,0.7874492266756449,1.5547884380919021,-15.994091036796572,1.4143667465710674,2.0973634269005847,1.5381732759903652
site_4820638a678db67d,55,0.047808537157282255,0.02754788450111044,0.03907390797748183,0.024085275499104594,0.04117738966654546,0.03907390797748365,1.7096499339638564,0.3775616102647967,0.1257110923815581,1.5151336475610742,0.020594959852099422,0.03190552727272725,0.09325675808627887
site_48ab6dd953268db1,549,0.10596012492042968,-0.09080094486572704,0.05461443476448568,0.08093169791951896,0.06176188775219469,0.054614434764485686,0.7631359447519891,0.7383957416700592,6.163923892161032,-49.84971873128414,2.02628598909574,3.595916910746812,2.0941773975143683
site_48bc99c681181b96,271,0.052495230402258196,0.01593115309859554,0.05001947196777753,0.08908441765563256,0.05862560665496416,0.05001947196777813,0.6580904741566488,0.8492896296892464,0.7468080372612529,4.317342489719391,1.2020269564083912,2.1506650701107013,0.9314166357845588
site_48c050cdab5aaa88,41,0.07978660238260059,-0.035909430114234364,0.07124896314073717,0.07604714558858423,0.03358548310850145,0.07124896314073748,0.44164028575377734,0.359177901704907,0.2610019787101274,-1.472286634683609,0.03761213472303821,0.23710990243902438,0.046247371700888884
site_48c0bfa2a3485fb7,53,0.07070466611366913,0.06475009557166189,0.028400262916143625,0.02073045202482173,0.036425355520026605,0.028400262916144493,1.757094127827627,0.6290329176472296,0.2649549399430079,3.43175506529808,0.025174555653502358,0.02277683698113208,0.07032074581229764
site_48d263b97f32a2d9,49,0.09800394186215688,-0.060346667635684116,0.07722080241611907,0.09558676693190744,0.03367476628585291,0.07722080241611907,0.3522952744059395,0.6691444868292935,0.4706338584055303,-2.9569867141485218,0.10554030549225152,0.44770467061224495,0.05556550433593399
site_48ec25901538e693,155,0.0630064670956684,-0.04579607586937566,0.04327278972800266,0.06592912790525561,0.04483063428005541,0.043272789728002865,0.6799822127858253,0.758531880457337,0.6153213088610193,-7.098391759753228,0.3475023542728155,0.6737307354838709,0.3115167943425723
site_4915d0b8a484d43a,129,0.03171521666673484,-0.010757635630748068,0.029835017074806482,0.028915219834970668,0.03550586832583396,0.029835017074806503,1.227930084172918,0.58764751419159,0.12975529090011362,-1.3877349963665009,0.07782753049852832,0.10785560201550387,0.16262600243871822
site_496ac9a9ab00ede4,112,0.0677226174337803,0.03496294935260501,0.05799952658987262,0.04330095997280345,0.0552730166045473,0.057999526589872626,1.2764847855397037,0.32718120314642535,0.5136715261532023,3.9158503274917607,0.08770352721107857,0.20999699107142855,0.34217191283145487
site_496ee2f5b79c4b73,149,0.08196407997267598,0.07340682602208733,0.036462971616836495,0.03571618627308364,0.05165816251013836,0.036462971616837994,1.4463515817496135,0.7085683691525383,1.0009984504593161,10.937617077291012,0.1947924245431919,0.19007124832214767,0.3976162973346558
site_49a35425669a6415,148,0.045657877548384865,-0.002619858442528828,0.045582651567942126,0.05371007784067009,0.04784277957661145,0.045582651567942285,0.8907598257171798,0.6024047337188778,0.30852698376904936,-0.3877390494942665,0.2290985162523953,0.4269463243243244,0.338761870527202
site_49b410d6df2872b8,187,0.07591671806153752,0.06593242502850008,0.0376332753171471,0.03234914902423262,0.032792846933902386,0.03763327531714995,1.0137159066947137,0.33256084019905346,1.0777460911909404,12.329363480329514,0.0659712476826766,0.1956894117647059,0.20109434147567562
site_49b534f23930be14,386,0.07539860513659201,-0.03346579723762724,0.0675647102546421,0.09067607402182087,0.06767486895476961,0.06756471025464222,0.7463365577394087,0.6711529148678103,2.1943905674258755,-12.917797733724116,1.589750305738609,3.1737500544041453,1.7678367247854625
site_49f7a3a08cf1a503,75,0.17954664774224932,0.1270927614148458,0.12682440108838855,0.11224634495410332,0.05335843154535917,0.12682440108838852,0.47536898922790793,-0.05326713639236812,2.4177749036609524,9.531957106113435,-0.02392742020845413,0.9449431466666667,0.2135341662735586
site_4a00a5537486f4ab,125,0.1308277873629122,-0.12294615067005156,0.044723081084517786,0.03517553695396845,0.04225552583999782,0.04472308108451846,1.2012759292145112,0.34402611901637015,2.1394887432844216,-15.368268833756446,0.06391836764514444,0.15466480000000002,0.2231911830018405
site_4a15ec3df99b7e73,6,0.20014700471799332,0.19185016021728518,0.05702928653057531,0.07485908242973742,0.027011574288772804,0.057029286530576165,0.36083229198174865,,0.24035294098550664,1.151100961303711,0.009243503536780676,0.03362329333333333,0.0043777508733473525
site_4a51d234a3956647,115,0.042135944698882724,-0.0016629196275835443,0.04210311786530186,0.058907450400313595,0.05456604442293462,0.04210311786530222,0.9263012412203148,0.7271879839495303,0.20417535110173987,-0.19123575717210758,0.2688049320024641,0.39906008695652173,0.3424071184560525
site_4a5737c09be72760,38,0.033165738709923454,0.027324429485515545,0.018797387517046182,0.02185333826562433,0.018033516008092363,0.01879738751704621,0.8252064645180267,0.5702142092066584,0.041798716518646764,1.0383283204495908,0.008539251994498467,0.018147598947368424,0.012357892585336691
site_4a605b11c85f3580,1259,0.07771833082867204,0.05824820063538358,0.051451783929568604,0.07569196006336819,0.04631532448153981,0.05145178392956866,0.61189225966358,0.7455143727853257,7.604534934014797,73.33448459994793,3.2904569512185264,7.213154478157267,2.7006925858243744
site_4a71668c00a356e4,95,0.10021987826011092,-0.09314591705397553,0.036984620244709304,0.062479687770774894,0.062273080743077705,0.036984620244710234,0.9966932128653525,0.8242240002558539,0.9541822798547882,-8.848862120127675,0.30465482713979325,0.3708525814736842,0.36840397559721816
site_4accdc2358f08145,95,0.04174979677512614,0.0013212663084268565,0.04172888431418398,0.05083074952184857,0.040399613321518264,0.04172888431418406,0.794786889855978,0.6025183107024971,0.16558932542261168,0.12552029930055136,0.11754321820029105,0.24545768421052636,0.15505223187017864
site_4aee712beb09287c,127,0.07606336803773381,0.05517628054215212,0.05235660438547815,0.07957466134551537,0.06621191525988802,0.05235660438547833,0.8320728500796762,0.7568084244295747,0.7347757665699557,7.007387628853319,0.5064080821690186,0.8041800944881892,0.5567702507425891
site_4afa6fca34a02012,148,0.13067617808339743,-0.10584024291465413,0.07664271979940962,0.07794481317353588,0.05280724472013656,0.0766427197994096,0.6774953017408203,0.3631991713954761,2.5272870007356025,-15.664355951368812,0.22125204480308533,0.8991582972972972,0.4127135540499938
site_4b307595d7b7b6da,381,0.046766887313790154,0.02024366513934974,0.04215846025113611,0.07705495459330633,0.04868069579602769,0.04215846025113611,0.6317659396850326,0.8704059995353437,0.8333010063769045,7.712836418092251,1.2439536461648077,2.2621745564304465,0.9028976645536329
site_4b6df3933469a704,81,0.07665675947707515,0.04708384202983645,0.060492731738908574,0.07092734898485353,0.05910527734541629,0.06049273173890858,0.8333213942345168,0.5802173709337504,0.4759769606556181,3.813791204416752,0.19702245805992025,0.40748579555555553,0.282968138616365
site_4b78a1e10bf476d7,14,0.0821509207824583,-0.058980896830558786,0.057184155099719004,0.08027062008592926,0.03697938891816115,0.057184155099719025,0.46068398224125984,0.7648705659392095,0.09448283299568033,-0.825732555627823,0.03178574041490043,0.09020721428571428,0.01914465286664868
site_4c8563a6e25ebea0,268,0.10838438260355789,-0.07984200937401002,0.073296848032333,0.09575181774208437,0.042627669346898614,0.073296848032333,0.44518913950772043,0.6875974143187937,3.1482427371509853,-21.397658512234685,0.7521555156938509,2.457134041044776,0.48698767597820336
site_4cacd33e9c8aef19,344,0.125388016440103,-0.0980306563828747,0.0781802089785279,0.11485868936883369,0.052805494753778034,0.0781802089785279,0.45974314215104156,0.8135628396042074,5.408421205373539,-33.722545795708896,1.6974325204920888,4.538226372093023,0.9592165750098002
site_4ce2c6daabd8ff5f,337,0.07565569470140762,0.0519292654900947,0.05501941045132943,0.06970245018239757,0.03182340615427334,0.0550194104513296,0.45656079622736023,0.6410748514574516,1.9289152554336255,17.500162470161914,0.47921824860577233,1.6372914362017803,0.34128973341056695
site_4d238af0af441869,859,0.04385681211335588,0.016551287057655795,0.040613727549700177,0.04702692445781507,0.05334631426106119,0.04061372754970018,1.1343781222375036,0.6792099933903631,1.6522177531529851,14.217555582526327,1.4636870385975986,1.899705664982538,2.444567321661075
site_4d43b32f897968be,48,0.0811252657167793,-0.047851178447405496,0.06551010196002295,0.1095045661148429,0.05286138605827919,0.06551010196002313,0.4827322543138596,0.9064427920326157,0.3159028194056662,-2.296856565475464,0.25185606425255536,0.57558,0.1341276545281168
site_4d97122ac69c458e,260,0.08634046478020613,0.047737795457243916,0.07194288528648513,0.0693706956658196,0.038520579941095416,0.07194288528648525,0.5552860551761096,0.209630640043036,1.938215723200124,12.411826818883418,0.14564546786578228,1.2511962884615384,0.3857971205395639
site_4dd15b6db25eea2b,82,0.0572746584658495,0.03903095676695428,0.04191623690452008,0.05580522583253389,0.050968865071151295,0.04191623690452118,0.913334984506719,0.6952566817791568,0.26899169319513583,3.200538454890251,0.16215817834564097,0.25536630487804884,0.21302166694458058
site_4deb698afc5ebdb4,26,0.09661101475302182,-0.07539352183960951,0.060411133379774655,0.06699584902799761,0.018636866938648515,0.060411133379774655,0.27817942766663284,0.47504343788506936,0.2426758924618236,-1.9602315678298474,0.015421530280548792,0.11669953846153847,0.009030653041511141
site_4ea6d277e84496c8,413,0.0330354887865544,0.008780344715274275,0.0318472772156038,0.03454030199544042,0.025916213119875915,0.03184727721560387,0.7503180812749423,0.4750208690454093,0.4507248734983899,3.626282367408275,0.1756145174120695,0.49272240677966106,0.2773914923221042
site_4f3ef6ee56ee38cd,157,0.0698832057255499,-0.03381475150812963,0.06115737913713255,0.09598347449620769,0.0574790814563675,0.06115737913713259,0.5988435171581384,0.7953942746481819,0.7667350034692864,-5.308915986776352,0.6889511019429488,1.4464138980891719,0.5187036343956336
site_4f44a81224b8cd25,260,0.14431487806521648,-0.11903919516366263,0.08158709484817891,0.10952095960005087,0.06593439293428627,0.08158709484817908,0.6020253399446625,0.6706456974270395,5.414963848054358,-30.950190742552284,1.2591449932831984,3.1186585538461538,1.1303094846193436
site_4f633f2c887097a9,136,0.08483113290201814,-0.07159825800841346,0.04549736871073452,0.06934305196606838,0.046242070307110895,0.04549736871073504,0.6668594617055292,0.7604360755766046,0.9786996708838218,-9.737363089144232,0.331620860660613,0.6539504044117648,0.29081275301513904
site_4f8f6e54cc9c215b,18,0.06642521311915217,-0.053776667997241026,0.03899203658491435,0.041864861956856694,0.020707200387484918,0.03899203658491439,0.4946200565243584,0.3812854895904148,0.07942156088264613,-0.9679800239503384,0.005949683077633382,0.031548,0.0077181866619741996
site_4f9a1ac96b88317a,129,0.05685402753225851,-0.022407277226910112,0.05225221884202817,0.04478407758290468,0.05821005261079214,0.05225221884202857,1.2997934925204875,0.5109030463951064,0.4169770776164063,-2.8905387622714045,0.17181054991119823,0.2587241550387597,0.43710491901870335
site_4fa99e2fc956380a,143,0.07996094959582487,-0.06813837744139291,0.04184393599938135,0.060474649534694086,0.040763955974963136,0.04184393599938147,0.674066841041832,0.723671243008472,0.9143067448180444,-9.743787974119186,0.25510973796540204,0.5229772027972028,0.2376231152622088
site_4fab225734bfdafc,402,0.11231942197911242,-0.06926547155255702,0.08841915518892858,0.08476233312631581,0.06510734880157322,0.0807428744713813,0.768116525350334,0.4443303622027324,5.071492326596212,-27.84471956412792,0.9857458496240882,2.8882305530406476,1.7040646809238267
site_4fc1c31a5e50a546,49,0.09336123328942295,-0.07111578962267662,0.06048854724379862,0.06814158887892015,0.03935260949424593,0.060488547243800234,0.577512355401208,0.4723089793446054,0.42709967418478073,-3.484673691511154,0.062059471701480906,0.22752053061224486,0.07588276582632414
site_503f0d34679d2c3c,109,0.05200011476593118,-0.029285554681130508,0.04296938704110788,0.05314165488150662,0.062458314445524764,0.04296938704110799,1.1753174526610453,0.7349360020376339,0.2947373009880315,-3.192125460243225,0.26588960258068023,0.30781986770642206,0.4252134737279891
site_50560992666c8105,554,0.07279133068301735,0.06089336437106348,0.03988202600391911,0.05346890775514346,0.05349707958089324,0.0398820260039198,1.0005268823870275,0.7219692537981559,2.935412113722828,33.734923861569165,1.1440891173037306,1.5838439494765342,1.585513388121171
site_50a31a0d244519cf,60,0.1575955141817043,-0.15210685878594718,0.04122923235360677,0.040734251217154134,0.05015003525963094,0.041229232353606884,1.231151518958365,0.605645786175544,1.4901807654117458,-9.126411527156831,0.07423366974890235,0.09955675333333337,0.1509015621925336
site_51e9108791d53546,293,0.06618698015503917,0.04965737122399002,0.04375913419123369,0.06933977302760085,0.07206080932884314,0.04375913419123369,1.0392420710716657,0.8091274882150489,1.2835498882187597,14.549609768629075,1.1845847220339212,1.4087452081911263,1.5214787506504703
site_524c0b4f56437dd1,10,0.07095727535222383,-0.009348593288660051,0.07033874273069238,0.14756248337568734,0.08198168756031561,0.07033874273069286,0.5555727017116809,0.9732712481709573,0.050349349254113114,-0.09348593288660051,0.11774072433151306,0.21774686499999998,0.06720997095237208
site_52a99c537fd71479,333,0.09275956386054511,0.03595085576892614,0.08550948869616995,0.08652864379607587,0.06149794900784261,0.08550948869616996,0.7107235975265752,0.37183638352208376,2.8652441169703162,11.971634971052406,0.658895656834449,2.4932396636636636,1.2594052448130129
site_52efe15d6a747228,616,0.0337551055801321,0.0012893718921857605,0.03373047098469731,0.046588341192413354,0.061237921177528507,0.033730470984697704,1.3144473404754056,0.8382153589460537,0.7018748060791331,0.7942530855864285,1.4731060505257647,1.3370116975974027,2.31005112192944
site_53e750ed31ea8834,151,0.03530213500372345,-0.0032375434443650667,0.03515336467917353,0.03583957158577833,0.04929972481716067,0.035153364679173994,1.3755668004894213,0.7015692303949804,0.18818235110898857,-0.48886906009912506,0.18717799262258392,0.19395570860927153,0.3669998929242129
site_545c918e740bed59,7,0.09838127684812757,-0.09488425153153283,0.025997200725630686,0.06309510799627198,0.04332913534281497,0.025997200725630883,0.686727334635438,,0.06775212943987546,-0.6641897607207299,0.018138932619669607,0.027866948571428577,0.013141897786891843
site_5475cf38df836ff4,649,0.042635830467173626,0.008226762074764778,0.041834607986579515,0.06925576466485667,0.03985026613118519,0.041834607986579536,0.5754072072415788,0.8395840963183637,1.1797613117169954,5.339168586522341,1.503820687898766,3.112838249614792,1.0306403682613594
site_54c3846d0762e78b,725,0.0291474610508735,0.00975203834756181,0.02746765795949614,0.024181784164419177,0.030946828112798773,0.027467657959496194,1.2797578500569702,0.5264870243698527,0.615941502141336,7.070227801982313,0.2856473254161996,0.4239500468965517,0.6943369734262566
site_54c3cc61243c3e27,143,0.09618684462242466,-0.0648780920563878,0.0710122683030287,0.10409122170627527,0.07057069588206305,0.07101226830302977,0.6779697146912111,0.733240630065767,1.3230229982138404,-9.277567164063456,0.77023112623901,1.5494024883916082,0.7121719057708442
site_54f5633d7a10a0e4,93,0.08640825413927172,0.019439838127423358,0.08419310587557952,0.0946155407443864,0.08126732371635144,0.08419310587557992,0.8589215162433353,0.5506458723654994,0.694373933655918,1.8079049458503722,0.39376197104883454,0.8325453511827957,0.6142071450736979
site_551190f45891f632,40,0.11806029803399748,-0.10344471785426142,0.05689836834153121,0.06036803790086274,0.05562371607718243,0.05689836834153161,0.921410037684652,0.5212899579930219,0.5575293588750524,-4.137788714170457,0.07001746940612792,0.14577199999999998,0.12375991160940014
site_554a93a7d6df9a9f,46,0.029081490892607094,0.014022508626398833,0.025477487402790717,0.024483318652697546,0.015224230671142801,0.025477487402790884,0.6218205500284747,0.24428271516400277,0.03890372317669231,0.6450353968143463,0.004188477730621461,0.027573913043478265,0.010661751178295598
site_557840f3689665d3,108,0.06820410247986455,0.005422852234376802,0.06798817741878349,0.08240330734702579,0.051252700624121544,0.06798817741878412,0.6219738293789664,0.5676423200479467,0.5023943562690575,0.5856680413126947,0.25891661417037254,0.7333529466666666,0.2836986466967096
site_572718242301a76e,118,0.04135093939772153,-0.027590423140889504,0.030800466554594706,0.049265718038592386,0.06385800591818276,0.03080046655459533,1.2961955790060644,0.8830687514982861,0.20176822231073657,-3.2556699306249617,0.3278209420697164,0.2863990949152543,0.48118570054190646
site_572a1b583bd03d5b,234,0.09663409038989032,0.07807129597001605,0.05694752120192456,0.05137071270857845,0.07635440906667958,0.05694752120192508,1.4863412446666147,0.6661676313717616,2.185126497562669,18.268683256983756,0.6114333112366561,0.6175143290598291,1.3642190134377106
site_57c9411d53d3b891,847,0.04878415363714014,0.0040011490204363825,0.048619794863906565,0.0605363880011129,0.04616207592806912,0.048619794863906565,0.7625508797654145,0.6140141487446021,2.0157699182400037,3.388973220309616,1.45332794567034,3.1039621685714285,1.804903854128529
site_5809bead57720978,62,0.07212971131965909,0.04825433988244303,0.05361169590273213,0.03910725932010139,0.05590288612915616,0.05361169590273238,1.429475936208644,0.4071652675161731,0.32256710581355613,2.9917690727114676,0.05518919061749213,0.09482141935483872,0.19375822600930276
site_583630b60a1838c6,202,0.039582313954354784,0.019675386987847855,0.03434586910910156,0.05820875358755118,0.04516512477088896,0.034345869109102437,0.775916369742509,0.8080067868562643,0.31648543475218416,3.9744281715452665,0.42909938525758906,0.6844283168316831,0.41205747610513344
site_58667ddb3903bbc2,535,0.07948087965245083,-0.06334894161124095,0.048001269015130806,0.05884529619790136,0.04189735452420589,0.04800126901513167,0.7119915648534046,0.5909714069204329,3.379707473225144,-33.89168376201391,0.7795044624601221,1.852581353271028,0.9391327491279428
site_5896b54480755cab,20,0.09014646333287947,-0.03498785125017166,0.08307969135909235,0.10300508482594439,0.028584918486497652,0.08307969135909268,0.2775097805588897,0.768394632933347,0.16252769702852368,-0.6997570250034333,0.04524909948557616,0.21220095000000003,0.016341951297594304
site_58e380359cb64c9c,342,0.07011932183814673,0.02436451395457251,0.06575020726050256,0.05435285699174179,0.0639510240515783,0.06575020726050256,1.176589927210171,0.39138934565563643,1.6815179989042277,8.332663772463798,0.4652699303395218,1.0103477076023393,1.3986888492179774
site_591f3f72c730f39a,46,0.062596950066846,0.04982799727631651,0.03788863741417216,0.07064923070792722,0.0506438177022414,0.03788863741417345,0.7168346660646496,0.8553175375714459,0.18024539525287578,2.2920878747105595,0.1407729081974729,0.22960043478260866,0.11798062848706153
site_5977dd6efaf94985,77,0.07870823065291503,0.03452186074690386,0.07073349067509573,0.08623716657354782,0.04858788424834776,0.07073349067509577,0.5634216217773031,0.5721135410617106,0.47701388908346054,2.658183277511597,0.18458458061431138,0.5726373651948052,0.1817802521712747
site_59c7d9e52ad4d8ab,85,0.06176064908746883,0.019408929005791165,0.05863165740923264,0.08565764802024312,0.04978714034354538,0.058631657409233505,0.5812340344878416,0.7478130373301061,0.3242221109349645,1.6497589654922489,0.2710786321892458,0.623664776470588,0.21069454420497014
site_59cc92ae49f9c2af,36,0.04625241034259419,0.04078135866920153,0.021821233869643002,0.022148628137992246,0.00805534922802689,0.02182123386964348,0.3636951768678302,0.2221902896652331,0.0770142766499897,1.468128912091255,0.0014271143757634691,0.017660222222222226,0.0023359914426770434
site_59e0fe7c4ae0f849,113,0.0697207190363649,0.021558641991784082,0.06630387332892264,0.09194447516960501,0.05251685551855828,0.06630387332892274,0.5711801108406271,0.7057484575968737,0.549290588913094,2.4361265450716014,0.3850815700284675,0.9552778761061946,0.3116562728319552
site_5a51afb7ef849491,62,0.09520214128189462,-0.06181748623617235,0.07240197580244938,0.0842079644066458,0.05421750782227953,0.07240197580244945,0.6438524931021918,0.5244140959781847,0.5619337576887851,-3.8326841466426855,0.14844267304001316,0.4396408387096774,0.18225136557645438
site_5b0bcc4b6a2f87e4,66,0.04154239157534806,-0.0379590099389806,0.01687850296240522,0.027514066900595928,0.020961179684270418,0.016878502962405315,0.7618350191558348,0.79024442633479,0.11390083965477026,-2.5052946559727194,0.030079865274188874,0.04996357590909092,0.028998489547913883
site_5ba32085b805fa13,239,0.09636954952947294,0.07613002803161054,0.059087299044885536,0.06628595533113985,0.0955337208617056,0.05908729904488585,1.4412362375175083,0.7918784978691873,2.2196145282867357,18.195076699554917,1.198490689097214,1.0501248619246861,2.181279345382066
site_5bf25e0531f88e2f,60,0.02858032728384489,-0.006263391290307045,0.027885570411884972,0.025621066147909523,0.025753648164040695,0.027885570411885142,1.0051747267411035,0.41077210870829006,0.049010106459101324,-0.3758034774184227,0.01626253161349644,0.039386341833333324,0.0397950236254318
site_5c129902816da317,37,0.04120010056173366,-0.01874155622881812,0.036690630362791736,0.043345335566963954,0.043233478448450845,0.036690630362791916,0.997419396642107,0.64081866053729,0.06280558659298777,-0.6934375804662705,0.0444323642283074,0.06951627027027028,0.06915794537384856
site_5c29c7471e58357f,54,0.048051563619223074,0.013941412028339173,0.045984669150797665,0.04978296172852363,0.05157698844734109,0.04598466915079792,1.0360369623768197,0.5888522667396876,0.12468344937762109,0.7528362495303154,0.0816463589090164,0.133830537037037,0.14365002981404645
site_5ca415a5fd8c11f3,149,0.09265323852755274,-0.07803861323659052,0.04994594531844825,0.08101702697285208,0.05703489708141778,0.04994594531844898,0.7039865471801324,0.7923026515462832,1.279108768836894,-11.627753372251988,0.5454994814686427,0.9780000402684563,0.48469394327809995
site_5cc61f026daaaf5d,1,0.167227946472168,-0.167227946472168,0.0,0.0,0.0,0.0,,,0.02796518608129828,-0.167227946472168,0.0,0.0,0.0
site_5cf31f5c04158e4a,244,0.09529965507266551,-0.009027430554393855,0.09487112181562214,0.09776181710480544,0.03927831710584778,0.09487112181562221,0.4017756448178485,0.27339495529010643,2.2160139187004413,-2.2026930552721007,0.2561547774970532,2.331998983606557,0.3764398314988784
site_5d503d0a92bc4d22,106,0.09120766313522624,-0.06078410185755423,0.0680009615811378,0.10222357348290118,0.06417520409546783,0.06800096158113783,0.6277926109304165,0.7579004212947973,0.8817968083464243,-6.4431147969007485,0.5270312060785323,1.1076638514150943,0.4365564229936647
site_5d637e79fa207678,82,0.07075214991496907,-0.04713858844594258,0.052761919950986495,0.05495999437371328,0.0588159034534993,0.05276191995098686,1.0701584693325634,0.5717040132358469,0.4104810708424011,-3.865364252567291,0.15153974263151973,0.24768928048780486,0.28366346092221084
site_5d79652f78de4312,15,0.07343019953794784,-0.006183188799222309,0.07316940877481522,0.15182887823687122,0.08567202514792017,0.07316940877481523,0.5642669967847721,0.962443432225512,0.08087991306274252,-0.09274783198833464,0.18778456334367394,0.345780124,0.110095438394188
site_5de3489054d45a0f,49,0.10350596078726318,-0.08310728584138714,0.061698160090657775,0.0662025214340932,0.0368031401315713,0.061698160090658385,0.5559174988253286,0.39618575220162683,0.5249607120062287,-4.07225700622797,0.04729925922547676,0.21475591836734695,0.06636908505365963
site_5e24def8042ec3b4,11,0.07521660641766895,0.028498100632970983,0.0696088797590047,0.07891013824189748,0.04258702673352945,0.0696088797590047,0.5396901802779733,0.47537908451481137,0.06223291669089569,0.31347910696268083,0.01757287742129781,0.06849490909090908,0.01995020330602587
site_5ec485e1198852d4,13,0.04639816649650455,0.005190237018695245,0.04610695494095358,0.12134433620484346,0.09603099005015572,0.04610695494095401,0.7913924378641303,0.9362778187811701,0.02798626810508565,0.06747308124303819,0.14183355995302016,0.1914178230769231,0.11988536365017038
site_5ed1da21a10b6003,106,0.08998947715486241,0.014748789810572031,0.08877262639873323,0.061833925136552746,0.05665283744956524,0.0887726263987335,0.916209626421973,-0.12097982053034562,0.8583992358521834,1.5633717199206354,-0.04492284816902061,0.40528403556603776,0.3402116630552073
site_5edf4f1cdc32395a,114,0.05641032639917369,-0.008934573437038223,0.05569827934469325,0.05483182057204836,0.06706811991919849,0.05569827934469325,1.223160552020551,0.5985591161121939,0.3627622413885896,-1.0185413718223575,0.2509346872825633,0.34274425438596495,0.5127871288825427
site_5f27021d111ffc54,10,0.049356809027564355,-0.03746585295200348,0.03213105133608782,0.03347372103606052,0.015120913809358509,0.03213105133608905,0.45172491558584343,0.312877151388111,0.02436094597383458,-0.37465852952003476,0.0015836378723382946,0.011204900000000004,0.0022864203443004882
site_5f52ef3c28075a93,123,0.04409820367465476,0.015117723463512048,0.04142590982238183,0.05230450635861821,0.05299690881302818,0.04142590982238192,1.013237912038833,0.6905409950838294,0.23919214278175413,1.859479986011982,0.23544215505939672,0.3364986504065041,0.34546669827958015
site_6009b70703dc2497,93,0.06402459065732752,0.027026999878626997,0.05804041252781588,0.08207340859374809,0.052592517733091766,0.05804041252781588,0.6407985075095075,0.710460194871989,0.3812207834219665,2.513510988712311,0.28519974424858247,0.6264521290322581,0.2572354817000182
site_613f62e07f148531,126,0.08534039491594202,0.06892240840101999,0.050325784888185815,0.04559188861389942,0.07584139931820377,0.050325784888192907,1.6634844842791245,0.7660833639876156,0.9176558585555267,8.684223458528518,0.33376477259870563,0.2619061587301587,0.7247416491684483
site_617d5a69b08b72f8,37,0.10647177596313172,-0.05635611324696927,0.09033397797306443,0.07206473836561744,0.07244900282931184,0.09033397797306443,1.0053322120139372,0.21853561514740122,0.4194408458395026,-2.085176190137863,0.04221620357922605,0.1921530810810811,0.19420774640558047
site_617d695493df2178,92,0.08887667326914973,0.07616989685659822,0.04579530395407788,0.06069567942568218,0.07048842367839318,0.045795303954078104,1.1613417024963295,0.7661113036833942,0.72671380072799,7.0076305108070365,0.3015471814307181,0.3389248260869565,0.45711284428514876
site_6198a28ec3f8f86a,57,0.04508655691904378,0.00162368005451403,0.0450573110371086,0.016859985757086134,0.050149759845367174,0.045057311037108604,2.9744841168854235,0.45480438110870147,0.11586946404440794,0.0925497631072997,0.021919243249898412,0.0162027698245614,0.1433549095152361
site_621b9dc6415ad601,132,0.0584112270993752,-0.00970843756235007,0.057598764668634464,0.07593520439361019,0.03430783310428781,0.05759876466863474,0.4518040529192907,0.6958397647462,0.4503670315656314,-1.2815137582302092,0.23928728915904507,0.761132495151515,0.15536761842514002
site_621eb1eb5435955b,195,0.06018932829615809,0.011827957528065414,0.05901571537698224,0.11636337178523204,0.09933212411512779,0.059015715376983476,0.8536373825473341,0.8618870151110047,0.706437271944826,2.306451717972756,1.9426339250169309,2.6403846871794867,1.9240398218385146
site_6277027d8a1380c0,524,0.08015423026999481,0.06326115711363217,0.04922120102983773,0.062282883298764025,0.03798635840147639,0.049221201029837826,0.6099004475958519,0.612746615438189,3.366543130211885,33.14884632754326,0.7596413185978095,2.0326785572519084,0.7561128344932381
site_62a63d63c871f1e4,95,0.10451173579960808,0.0071033987827677485,0.10427005632289672,0.07877731837467375,0.07640628871437255,0.10427005632289676,0.9699021278050579,0.09731900116203457,1.0376567773854728,0.6748228843629361,0.05564825449186327,0.5895572595789474,0.5546024907348852
site_63012b87359e4210,129,0.08203220553300514,0.06983115870869437,0.043045232233202516,0.04944230652162411,0.05820502178755841,0.043045232233202536,1.177231118093203,0.691411375897393,0.8680774740545865,9.008219473421574,0.25667608702604394,0.3153458759689922,0.4370293684064293
site_6307ca95d0b03b26,71,0.031033645514989404,-0.01284556057268465,0.028250287211345506,0.04272980392679444,0.024010466146715127,0.02825028721134561,0.5619137917845433,0.7818316381173005,0.06837918793045156,-0.9120348006606102,0.05695122647418732,0.1296343661971831,0.04093167640536127
site_63148af2428e7132,211,0.066610908359829,0.050836330229919666,0.043042776876917356,0.05252273314395938,0.049324152421966326,0.04304277687691737,0.9391010229184745,0.6444024982468691,0.9362097667420441,10.72646567851305,0.35224644555087903,0.5820725118483412,0.5133359945626723
site_633f81ba98074791,63,0.07870404233306992,0.05402946421220188,0.05722886751027019,0.06551589945487049,0.03704029529646392,0.05722886751027035,0.565363455354505,0.4922622193672207,0.39024255561263677,3.4038562453687184,0.07525895833643892,0.27041698412698406,0.08643495896590254
site_6367b6400c1e48bd,400,0.06068220603774212,0.02876865244707465,0.053429343679165776,0.07382420859675708,0.037800646706356945,0.05342934367916751,0.5120359218861635,0.7210284209296987,1.4729320518427944,11.50746097882986,0.8048415800739434,2.1800055099750004,0.5715555565675257
site_638a0536fcb5886f,372,0.03726913629950833,-0.0020966258641051984,0.03721011529809192,0.046977141211981564,0.038014266078031725,0.037210115298091956,0.8092077358750844,0.6348251705148172,0.5167037296302146,-0.7799448214471338,0.421725898701247,0.8209488682795698,0.5375714062679183
site_639be43d81e5bd5a,671,0.16657681916872855,-0.12856225646981181,0.1059225325214688,0.10708313036524551,0.03641609648959595,0.10592253252146884,0.3400731409829519,0.20173432252991233,18.618798415213135,-86.26527409124373,0.5278575818586634,7.69422065871833,0.8898346280550464
site_63bba9458fdad7de,128,0.1078644356167182,-0.0017401283729821457,0.10785039834955959,0.09727780967856633,0.045756702366017775,0.10785039834956024,0.4703714291801078,-0.008431641410602377,1.4892462682768826,-0.22273643174171465,-0.004803862840775407,1.2112604487499998,0.26799050386077905
site_63e7e96910147c52,10,0.04683735940617192,0.03331478585243225,0.03292207890989724,0.038586252733324604,0.04009825018884803,0.032922078909898456,1.0391848741045955,0.6504820540282376,0.021937382361429208,0.3331478585243225,0.010064526442289355,0.014888989000000004,0.01607869668207451
site_63fc50b0256f0fb6,2,0.07133006336717976,0.044316869974136364,0.05589269161224364,0.10999999999999999,0.05410730838775635,0.05589269161224364,0.4918846217068759,,0.01017595587993176,0.08863373994827273,0.011903607845306394,0.024199999999999996,0.005855201641935537
site_6411ebbe96528026,629,0.16892337044537115,-0.14206320710173662,0.0913955703007163,0.11932053666975967,0.06022834951759746,0.0913955703007163,0.5047609673789004,0.6617770888328357,17.94858109697055,-89.35775726699232,2.991427853003663,8.955318606359302,2.281668619851132
site_651ac46c08004df7,214,0.07658451936704411,-0.024850884534432512,0.07244047311094438,0.10170371982012809,0.050214500340638284,0.07244047311094447,0.49373317347140316,0.7457918863567019,1.255150361829767,-5.318089290368557,0.8150746961935762,2.2135403778037386,0.5396001535144319
site_651b6ffa617fc102,117,0.11341204706031274,-0.0754710134641737,0.08465470184875205,0.09794072622190715,0.055490675545686485,0.08465470184875255,0.5665740666447546,0.5064754321095101,1.5048882129540393,-8.830108575308323,0.3220531692469667,1.1223091447863247,0.36026816348444785
site_653b7646a624636a,25,0.04608658652969472,-0.012935053902864457,0.044234125270983145,0.08456618709626207,0.0736790421509447,0.044234125270983166,0.8712588882253322,0.8524955869988609,0.053099336448975964,-0.32337634757161143,0.1327922926723957,0.178786,0.13571503130701718
site_655489b2dd82c473,432,0.10370386010824828,0.09724027600746464,0.03603913599606998,0.02658597445743731,0.04617395601217124,0.03603913599607024,1.7367787698018446,0.6272623418190837,4.645939939783688,42.007799235224724,0.3326462485175925,0.3053436643518519,0.9210387803676152
site_655b8133c0a83295,77,0.0860373916202546,0.00984600788277465,0.08547215269074131,0.08222761501634823,0.0652466744028582,0.08547215269074131,0.7934885912705368,0.34603597682586873,0.5699873222749133,0.7581426069736481,0.14295128179331873,0.5206263116883117,0.3277988960887095
site_657937702d0a4647,131,0.10650308820838501,-0.09364681136062128,0.05072654650093239,0.062484535001768836,0.033679355131114926,0.050726546500932446,0.5390030529980181,0.5857698271763576,1.485920921527918,-12.267732288241387,0.16148589795230683,0.5114655419847329,0.14859316402825617
site_6641dc35f7f7b1d6,5,0.03910916353800399,-0.030662267255783075,0.02427657388053911,0.028336548837146692,0.03836843533959001,0.024276573880542034,1.3540264045596266,,0.007647633363211704,-0.15331133627891538,0.004214361977577208,0.004014799999999998,0.007360684152041497
site_667d683049a1748d,80,0.07602787187403473,0.029762107601761824,0.06996037630541871,0.09123269613329422,0.03737926389670104,0.06996037630541924,0.4097134632751465,0.707604298583439,0.4624189841355713,2.380968608140946,0.19304639841653407,0.6658723874999999,0.11177674955673744
site_669ad6ba4bcd30e6,57,0.07159656259900657,0.055842752781876344,0.044806860386950885,0.05604167314564009,0.07552572994167966,0.04480686038695089,1.34767086174256,0.807679584679269,0.29218586323162765,3.1830369085669514,0.19485878282184144,0.1790181403508772,0.32513574534374107
site_66c5aa948cb00d80,6,0.06605134176467475,0.06450810901323954,0.01419449260980718,0.024451766580124407,0.024441188366259775,0.014194492609807178,0.9995673844738387,,0.026176678493483208,0.3870486540794373,0.0029813308715820313,0.003587333333333333,0.003584230132529953
site_66cab69faab895b3,471,0.09461485879243907,0.03418316841903766,0.08822404718187038,0.08392976881627574,0.05254475710385704,0.0882240471818705,0.6260562592383492,0.22921126024775204,4.2163785785315095,16.10027232536674,0.47610448405011346,3.3178210700636943,1.3004081560776708
site_67582d7e0a88b810,49,0.04057484153033901,-0.027880282043802496,0.02947893550266271,0.03787679230415345,0.05519767898479727,0.02947893550266276,1.4572955001457308,0.8639232020060099,0.08066957049539406,-1.3661338201463222,0.08850447429366864,0.07029791836734692,0.14929240450012776
site_6770b4e6f1f2e8bb,271,0.074216417512049,0.007308511124765745,0.07385568558656773,0.062007567659929944,0.04880439439932161,0.04220699332672989,0.7870715824071844,0.7344715633756698,1.4926887662754713,1.9806065148115168,0.6023485935409162,1.041978319164314,0.6454864753375089
site_68221dfdbb1b1ea4,128,0.1344030286442711,0.058120835345238445,0.1211863961322575,0.12578338095050492,0.05523904406073532,0.12118639613225805,0.43916011513851405,0.3012791938556154,2.3122142859203523,7.439466924190521,0.2679467714917846,2.0251467421875002,0.3905730545592139
site_68322e90dd9563bf,434,0.13882695003062615,0.1337906930324394,0.03705364371698873,0.05430036750745142,0.05750139516430187,0.03705364371698882,1.0589503865956555,0.7817785814928105,8.36444817178579,58.0651607760787,1.0593870222738466,1.2796619815668202,1.4349821334950799
site_68a69fed5c9dc2db,169,0.10204865767515887,0.04959817716567474,0.08918491663473203,0.09944242756834856,0.04726507900683398,0.08918491663473209,0.47530093706077164,0.443478507888446,1.759953922127998,8.38209194099903,0.35226653545094133,1.6712065917159762,0.3775439202052616
site_68bc9d9136a91d21,185,0.06814146551140966,-0.04513284939624169,0.051051789659313604,0.042326490573122995,0.04372349650642839,0.051051789659313715,1.0330054751619897,0.29637789805004383,0.8590029745778871,-8.349577138304712,0.10147164192981012,0.33143338378378384,0.35367266714831636
site_68cc6a1e0541208f,9,0.08645969852158175,0.039741547764672175,0.07678469150625719,0.08518190267427629,0.016224693295198822,0.07678469150625764,0.19047113043764455,,0.06727751521598525,0.35767392988204955,0.007304887647098964,0.06530360888888889,0.002369166052709426
site_68df3e54f8cc23c6,117,0.0516597923929424,-0.023162581196198097,0.046176065038193104,0.05615548658312375,0.06367415451060758,0.046176065038193104,1.1338901750295471,0.7097455290067584,0.31224189555958337,-2.7100219999551776,0.29692304715157564,0.36895232478632484,0.4743645604589651
site_68e0a7cac180b7fb,385,0.08192536224401524,-0.05736979441441499,0.058484798603234286,0.0833265780137073,0.049052338922961604,0.05848479860323431,0.5886757873927386,0.7252815687757208,2.58402951684305,-22.08737084954977,1.1413284362531328,2.6731776623376624,0.9263608022180411
site_694aad5289524593,35,0.098418648212987,-0.06888631740765912,0.07029157552710656,0.13300396188667096,0.10601418164363664,0.0702915755271072,0.797075366326068,0.8506253232979039,0.3390180610625091,-2.411021109268069,0.41979271244816485,0.6191518857142857,0.39336523483494945
site_69670e737191984a,288,0.1342430481472593,-0.12094622971614201,0.05825122739751996,0.09884129238454399,0.06433176311029316,0.05825122739751996,0.6508591860576769,0.8268261962957978,5.1901044410498045,-34.8325141582489,1.5141558717803822,2.813645111111111,1.1919098145251164
site_697fb58ab8720f1f,11,0.10179882740122237,-0.047598800649426204,0.08998530678394137,0.08030020944159258,0.04872636138773571,0.08998530678394137,0.6068024196521862,0.09264953009408172,0.11399301386290249,-0.5235868071436882,0.003987645713984967,0.07092935999999998,0.026116841234970434
site_69dbfe52882f2d4a,41,0.026059105404089875,0.021560966503329396,0.014635631107122573,0.02210281421431991,0.014120528349539758,0.014635631107122602,0.6388565823618689,0.7589183533722039,0.027842155952920108,0.8839996266365052,0.009711301392762037,0.020029910243902438,0.008174962155676396
site_6a1c5e38a054464b,129,0.05419267888509818,-0.016052402479519216,0.05176066865274145,0.07102085268098324,0.03836851920205274,0.05176066865274145,0.5402430096749095,0.7040343697161299,0.3788531913718942,-2.070759919857979,0.24748249854340917,0.6506710355038761,0.1899064812828194
site_6a31951f1e7ac87b,178,0.04261515709824503,0.028208387307404135,0.03194273782917778,0.05379300759112447,0.05555206608921584,0.031942737829177816,1.032700504709865,0.8297962243286817,0.3232571873824425,5.021092940717936,0.44138492790856554,0.515076404494382,0.5493137043269476
site_6a5dcbf93bf1dcc1,110,0.06570421862014976,-0.035891042165864605,0.055035238136420944,0.09400310395789603,0.061870471171945864,0.055035238136421,0.6581747683529433,0.8283729590409946,0.4748748778932877,-3.9480146382451062,0.5299613726013764,0.972024190909091,0.4210750723342443
site_6a951d61e5b0518b,6,0.01934664026920631,-0.005301778942346573,0.018606010581330042,0.057964376032947074,0.07497932002117737,0.01860601058133108,1.293541398229819,,0.002245754938236451,-0.03181067365407944,0.025906751069923246,0.020159213333333335,0.033731390585028775
site_6af774998b80a846,413,0.23323893948440336,0.2204189039419696,0.07626211167303165,0.06786904268052094,0.027720630111208747,0.07626211167303198,0.4084429220800669,-0.11727325626381233,22.46736639431719,91.03300732803345,-0.09112212876596693,1.9023634721549638,0.3173629668438931
site_6af9b829a3e0be45,70,0.11219665955298942,-0.04133219587802888,0.10430599215169599,0.14303219275137086,0.06290276972323017,0.10430599215169617,0.43978050334844837,0.7521976461986805,0.8811663290394588,-2.893253711462022,0.4737329311179263,1.4320745714285716,0.2769730907197605
site_6bb6d38be9a11acb,136,0.09591906060033314,0.06795609094307704,0.06769369165724844,0.08791988948726233,0.07519767453240277,0.06769369165724845,0.8552976461975338,0.6656834883433628,1.251263401357252,9.242028368258477,0.598546970599594,1.0512673475735292,0.7690378746910398
site_6caf07a2afe1dffd,660,0.13019048433343952,-0.12340344429043205,0.0414867707616994,0.03945644272308343,0.03351466265452316,0.04148677076169995,0.8494091291944037,0.3625656191845624,11.186711059243873,-81.44627323168515,0.31643414120096147,1.0274951757575757,0.741333524478683
site_6cb3e406456efe20,55,0.03817653016710887,-0.02155573512987657,0.031508693064149426,0.028467427580620118,0.03270509932754898,0.03150869306415139,1.1488603680444158,0.47647238651907475,0.08015961005800955,-1.1855654321432114,0.024398555952974344,0.04457169381818181,0.05882929371136647
site_6cb8ba95bd0dee4d,341,0.06208601955101714,-0.03255127697020682,0.05286859361944638,0.0826569448695578,0.06323609269452733,0.05286859361944638,0.76504270505426,0.7687044269435501,1.3144437738780455,-11.099985446840526,1.3701185226156771,2.3297701524926686,1.363591965971361
site_6ccc6476b82407ef,37,0.06444947869756534,-0.0354739477682758,0.05380831101346306,0.08007879611082781,0.04287012376002177,0.05380831101346326,0.5353492540108893,0.779951301883545,0.15368820626235338,-1.3125360674262048,0.09906984512729419,0.2372667027027027,0.06800035791438458
site_6ce971c90b49aeb0,57,0.0791772478369973,-0.06448841333201057,0.045937796213587075,0.0547489648069256,0.03453161078507655,0.045937796213587304,0.630726277781756,0.5499929206328381,0.3573350847773537,-3.6758395599246025,0.05926860484160615,0.17085460140350875,0.06796863217448484
site_6d0e46f32994dd93,485,0.05054409390922486,0.027146428119275985,0.04263539456214195,0.04810719996959778,0.05982855521220083,0.04263539456214224,1.2436507477053451,0.7080821546831239,1.2390321331157026,13.166017637848853,0.9884255957694859,1.1224368041237112,1.7360361691079913
site_6d48a42f8098677d,204,0.0726524652824328,0.06163629065833839,0.038462298234712006,0.059571649550932755,0.07876578149770921,0.03846229823471222,1.322202458576639,0.8816192936126095,1.076789665169481,12.573803294301031,0.8438951007261434,0.7239514117647059,1.2656258603287538
site_6d6ecd1531a550b1,62,0.082944449551761,-0.059269996497900254,0.05802455709941711,0.10573485972901592,0.060836807841687476,0.058024557099417416,0.5753713391931852,0.8949864609996835,0.4265464661095668,-3.674739782869816,0.35693798423462336,0.6931513548387097,0.22946926567871723
site_6d764ff710881490,548,0.04777167001273325,-0.03495025840738829,0.032567036909462006,0.04997190946629732,0.04175085703862483,0.032567036909462097,0.835486526020843,0.7620205986564574,1.2506085857814013,-19.15274160724878,0.8712416102728352,1.3684610711678833,0.9552374667759091
site_6eaed325c7afd5f2,128,0.015987818943704726,0.005554018290992827,0.014992105769370786,0.016433540379043356,0.01785276256995972,0.014992105769370793,1.0863613170492592,0.6203798230803952,0.03271812538581551,0.7109143412470819,0.023297225303616144,0.034567839921874996,0.04079630481655741
site_6ec0b265c8640204,38,0.028344211934073976,-0.0022201595110328577,0.0282571272763045,0.027717310610505204,0.026980765993040525,0.0282571272763045,0.973426548202497,0.46651098090606863,0.030528985306220658,-0.08436606141924859,0.013257170183682129,0.02919347368421053,0.02766254587570606
site_6ed688016a61001c,62,0.04674658345434921,0.0091082913739066,0.045850649863469276,0.04897456784950518,0.031381348600627454,0.04585064986346929,0.6407682594986801,0.41675621600204166,0.13548507000857501,0.5647140651822091,0.03971147253726039,0.14870751435483873,0.06105692047963435
site_6f1d891d977773b1,32,0.048623428792329566,-0.0276498273704201,0.03999656077600562,0.05133711156110655,0.04251023540989018,0.03999656077600568,0.8280605222459829,0.6513370334444061,0.0756556104807278,-0.8847944758534432,0.045486308226129035,0.08433596874999999,0.05782784366733698
site_6f28bfb579cd23b2,141,0.0734157184045783,0.0057491179454411175,0.0731902681489127,0.09158899281270898,0.08277886698595179,0.0731902681489127,0.903808028058862,0.6518430134095787,0.7599713469493077,0.8106256303071976,0.6968268695911299,1.1827846482269504,0.9661800555463838
site_6f4dcb1e04a51328,266,0.0729387226939055,0.00917788423174306,0.07235899190319865,0.04702640402698127,0.06753971848839352,0.07000252338048596,1.4362084425941393,0.29481336158415494,1.4151352333461067,2.441317205643654,0.249074814952124,0.5882543917385621,1.2133892105487245
site_6fa03518f2e15749,74,0.05865157621985384,-0.021239287040120847,0.05467083389798147,0.10000801647926467,0.06141987303873876,0.054670833897981476,0.6141494972202888,0.8779112553668303,0.25456054708742604,-1.5717072409689428,0.3990488511491063,0.7401186486486487,0.27915765950301435
site_70208b23c7d145de,47,0.17833422962265977,-0.16716783009691438,0.0621129135993209,0.047286902566868266,0.040802529890257684,0.06211291359932132,0.8628716975606291,0.011113041020126673,1.4947455803900547,-7.856888014554976,0.0010077637544020684,0.10509440425531914,0.07824778293593249
site_7062702ffcf77fca,399,0.04322956561920086,-0.03098503235975901,0.030145034637390627,0.08608693131198943,0.08319193779472735,0.03014503463739117,0.9663712775778908,0.9371422100306073,0.7456493421062926,-12.363027911543846,2.6779154611217573,2.956972937343359,2.761438507102672
site_70a4655a50185729,555,0.030231252260057295,-0.0017654685421032946,0.030179657619629534,0.058908875635183995,0.05321836286690936,0.03017965761962958,0.9034014364233441,0.8599010694955286,0.5072303803322267,-0.9798350408673285,1.4961795563213192,1.925991873873874,1.5718677511598909
site_70a6cc65be0123f1,70,0.05860201944859362,0.04718426296029773,0.03475402152768541,0.06977799928110198,0.06824787133001264,0.03475402152768541,0.9780714843238024,0.8734302694226044,0.24039376784173414,3.302898407220841,0.2911614689341614,0.34082784285714285,0.32604403587545727
site_70dba7fc35b9a591,3,0.07560484850242384,-0.06305736509958902,0.041711650935579055,0.08112678691748833,0.041295721463195476,0.04171165093557935,0.5090269568446749,,0.017148279351223383,-0.18917209529876708,0.009820545514424642,0.019744666666666667,0.00511600983349747
site_70ecc850263e23bf,307,0.07418750515686055,-0.049744586494147584,0.05503873214315062,0.06720525191563823,0.05305990717914532,0.051779298300557594,0.7895202482947411,0.6521212213528746,1.689662277869558,-15.271588053703308,0.7138983990192882,1.3865795867086295,0.8643136012068717
site_719e76f9794e1f46,104,0.11661496939224698,0.05965388306012521,0.10020212234380871,0.12703211367949516,0.05573721494024375,0.10020212234380929,0.4387647605460615,0.6499144556761945,1.4143013129808888,6.204003838253022,0.47857314507451193,1.6782644222115386,0.32309026144667286
site_71caeba631cb8f76,161,0.05516391134576444,-0.011859296892740711,0.053874058619832875,0.07159939162224704,0.043322374928242646,0.053874058619832924,0.6050662435346966,0.6610376609619479,0.4899321955091008,-1.9093467997312545,0.3301213920630376,0.82536213378882,0.3021693352771395
site_71e9fd683ed1988c,57,0.08598825382644232,-0.06739422145067599,0.0534041076245818,0.09840002589914755,0.055473532189891955,0.05340410762458181,0.5637552600519441,0.9075481439433899,0.42145684837887837,-3.8414706226885316,0.2823745560428422,0.5519062105263158,0.17540682809650981
site_72da2835c7ea074f,53,0.05730289861483477,0.04389273470077875,0.036838159972358626,0.02941610428270942,0.023700961483985164,0.03683815997235864,0.8057138109180698,0.05019631724779392,0.17403197605208773,2.3263149391412736,0.001854807511618677,0.045861281132075486,0.029771985489063457
site_72f791e7a3b14404,210,0.06759638852616114,-0.00014319105619475908,0.06759623686346124,0.09892015738002866,0.06259769955091077,0.05552524437274709,0.6328103513869747,0.8575838036075091,0.9595470657737432,-0.030070121800899408,1.1151647600627568,2.0548914825788236,0.8228791177038799
site_734432da6e99253a,201,0.05790371601582236,0.033776202364050927,0.04703199424119376,0.05636410211409862,0.032921199158401894,0.047031994241193795,0.5840809650752364,0.5520418655765839,0.6739209060166416,6.789016675174236,0.20589524232462716,0.6385593134328358,0.21784487615945952
site_73483f87b1a225a5,300,0.06896651447847506,-0.0005675763273239139,0.06896417893676668,0.10228068846724357,0.05682050413576631,0.06896417893676687,0.5555350182646028,0.7686169922395586,1.426914035792913,-0.17027289819717417,1.3400776420730351,3.1384017699999998,0.9685709070727908
site_734a8ec3d3587deb,510,0.11485001894495771,0.11113647516521753,0.028969134255412768,0.03817370726275138,0.04191583914818639,0.02896913425541472,1.0980290402416968,0.74213612599402,6.727168694345143,56.67960233426094,0.6056144833335104,0.7431882823529411,0.8960381614632836
site_73fced68c3c0a0ff,515,0.07353818495398223,0.035654657092835135,0.06431648368745325,0.06600998664793696,0.07311936791026166,0.06431648368745325,1.1077016012780376,0.5767145012444209,2.785050292857941,18.362148402810096,1.4335411834366836,2.2440189436893205,2.7534176112520443
site_741bd07218da164c,66,0.01917901393933703,0.00017573918582815135,0.01917820876473735,0.022582272244902273,0.0065705761703562845,0.019178208764737747,0.29096169327422433,0.6245101201066355,0.02427708199522875,0.01159878626465799,0.006115817384472625,0.033657295303030306,0.0028493830998899544
site_74428aba30f813ae,171,0.04334078792104339,0.030057155447814895,0.031224850744283023,0.05189618521505716,0.06688773647538095,0.031224850744283054,1.288875785343354,0.8919335206196304,0.3212104864924832,5.139773581576347,0.5294324182805219,0.4605396008187134,0.7650487487268012
site_7463527a899d9995,969,0.068162099257925,0.01852422435524786,0.06559668350826635,0.087765574681036,0.0841653670496142,0.0655966835082667,0.958979273541979,0.7096204900986008,4.502043550214557,17.949973400235177,5.079343067755263,7.4640094200206395,6.8642109312678
site_74ac127e792b6d34,11,0.07994311119784583,-0.07657359335747632,0.022964882501658956,0.020652008486959673,0.022551665331495642,0.02296488250165945,1.0919841208536918,0.43769023562739484,0.07029991130790259,-0.8423095269322395,0.002242334794998169,0.004691559999999998,0.005594353701461607
site_74d6733a337aa5b5,241,0.05956229946513323,0.03289548345596464,0.049654352133247766,0.06300647379505633,0.07121837026244295,0.0496543521332492,1.1303341700108116,0.7327832925350652,0.8549878717353847,7.9278115128874775,0.7924462367169157,0.9567255933609959,1.2223655593440588
site_754a56eb31e06ac7,75,0.06678375767093817,-0.029424411661624912,0.05995226673794598,0.11176147139729725,0.06140114810873026,0.059952266737946104,0.5493945931550713,0.9229037786692178,0.3345052716487944,-2.2068308746218683,0.47499199466029807,0.9367969866666668,0.2827575741802672
site_756658a5e0df9526,54,0.07206287871543114,-0.05540658295860996,0.04607785860481811,0.05108336622828042,0.019818013067013376,0.046077858604818375,0.3879543289776754,0.43417632979372756,0.2804251583927667,-2.991955479764938,0.023735562125345076,0.14091355648148152,0.021208696663912896
site_75a0a6603ab1116e,378,0.05434943935128379,0.020896937256688796,0.0501715015829593,0.09667253597122769,0.07787371380491716,0.05017150158295983,0.8055412328077795,0.8562890426736959,1.1165596688479749,7.899042283028365,2.4367231239982186,3.532628941798942,2.292311184069115
site_75b87fcb8d56b55c,180,0.11453594422313215,-0.10069020254174868,0.05458906146093798,0.07387945143573038,0.06971258230532165,0.054589061460938004,0.9435990786418657,0.7123869379652596,2.361326853435199,-18.124236457514762,0.660424666044116,0.9824712019999999,0.8747719437017241
site_75f094d197034591,390,0.02964108516293102,-0.010956664474193868,0.02754170352821458,0.03546651326878781,0.03116288487484053,0.027541703528215014,0.8786565693297325,0.6652197836902842,0.3426516325580905,-4.273099144935609,0.28673843716665715,0.49057068974358975,0.3787389035518003
site_76b0c722c519421c,779,0.029905683958400302,-0.00840888132929649,0.028699140192861704,0.040418565595877066,0.029487466376453164,0.02869914019286182,0.7295525197821732,0.7045949660513857,0.6966985978223628,-6.550518555521965,0.6541771181900824,1.2726214865211811,0.6773488145026132
site_7701ccd363543751,52,0.02321439673841104,-0.009403323822296581,0.021224648807963313,0.04547414572033303,0.044715169127446254,0.02122464880796332,0.9833097119063104,0.8893692372648042,0.028023227228274158,-0.4889728387594222,0.09403832261378949,0.10753069230769231,0.10397121020499836
site_772df34a4c6e4a0a,60,0.19568697738661547,-0.1907159216459592,0.043827278599544627,0.044547060602618135,0.04147881511278313,0.04382727859954544,0.931123502912902,0.482774561376105,2.2976035871225853,-11.442955298757553,0.05352307086154817,0.11906643649999998,0.10322952618962677
site_783ea304b6cb08b0,11,0.09059121465648132,-0.08450130174810236,0.032654221408767774,0.03451624841952958,0.0652695569289434,0.032654221408770584,1.89098062268011,0.9732490748129919,0.09027444990230343,-0.929514319229126,0.02411853559965437,0.013105085454545456,0.04686126567870641
site_792ac7c0f3887a80,3,0.1772990531084422,-0.014514373636245711,0.17670395352424256,0.15293900745068276,0.02484080657993717,0.17670395352424317,0.1624229618983726,,0.09430486269945065,-0.04354312090873713,-0.010825322279334068,0.07017102,0.0018511970146255496
site_794f4adab7e8609a,986,0.07240592559603538,-0.011292171919382124,0.07151996165240673,0.08664961290865873,0.06811193776344428,0.07151996165240676,0.7860616507917254,0.5957673537459481,5.169221408558751,-11.134081512510775,3.466917278196534,7.403041241379311,4.574286760968828
site_79798e714cfe0874,3,0.11582053556149398,-0.06248712285359701,0.09751797749764278,0.07258178528773977,0.06608377977152652,0.09751797749764278,0.9104733303203707,,0.04024318937325387,-0.18746136856079104,0.00018813835382461633,0.01580434666666667,0.01310119784667485
site_7a906ff08163d278,8,0.15113257837409644,0.1481556323826313,0.029849034143586927,0.04675608082110818,0.03092190295250462,0.02984903414358902,0.6613450573587175,,0.18272844996801924,1.1852450590610504,0.009005321346595884,0.01748904875,0.007649312657632912
site_7c54957b5bc14b62,396,0.04037750819481455,0.03414929377848301,0.0215445794215895,0.022025910320260998,0.022069335952181027,0.021544579421589605,1.0019715703591185,0.5225574197795626,0.6456158945368373,13.523120336279273,0.1005894276459391,0.19211572727272727,0.19287401339061108
site_7ce6c15ef40a9887,868,0.11294970692328546,-0.08569445213743482,0.07358054883541555,0.07566468504602744,0.07596652531863496,0.07358054883541557,1.003989182964601,0.5290516813089783,11.073628303240676,-74.38278445529342,2.6395707984882755,4.969425480783411,5.009152457080547
site_7d5d2b00a197b946,177,0.10536171215736255,-0.06389765689049738,0.08377457748407445,0.09956295488153498,0.055250403567414404,0.0837745774840763,0.5549293272096446,0.5405675745190749,1.9648929988053725,-11.309885269618036,0.5263280183125266,1.754562411299435,0.540311455702102
site_7dc3504cdb8699cf,179,0.05395536007233891,-0.04392028235623291,0.031339905524498966,0.043815180527190765,0.041322768619438795,0.03133990552449989,0.9431153340517396,0.7304770072867451,0.5211013776158983,-7.861730541765691,0.23674106575856663,0.3436388379888268,0.305655245941246
site_7de361dfa684e7f9,3,0.061514138435349155,-0.05321636041005453,0.030854630319459054,0.04027681991198192,0.06987982813902865,0.030854630319459054,1.7349887178714465,,0.011351967682329902,-0.15964908123016358,0.008330106586217882,0.004866666666666669,0.014649571142220541
site_7df014884b3dac8e,148,0.16524917763953373,0.15929303443351306,0.04396612208855591,0.03602433790981813,0.051072695872474094,0.04396612208855618,1.4177275374311504,0.5362237442044935,4.041479025160243,23.575369096159932,0.14601334375727018,0.19206743243243243,0.3860461990249704
site_7e8e5e3d7101de47,48,0.05498301020039853,0.042891969602306686,0.03440073188657369,0.059163375348596274,0.04078334762866155,0.0344007318865737,0.689334362489668,0.8247768726962812,0.14511030771346217,2.058814540910721,0.09552422573057315,0.1680146391666667,0.07983750930241218
site_7f0acd7df3af84c3,388,0.10887628457877652,-0.06188497202528506,0.0895784325667089,0.09903529517662706,0.04004897182857014,0.08957843256670897,0.4043908967721434,0.4270537940510998,4.599369593347347,-24.011369145810605,0.6571971653029323,3.8055,0.6223210160759346
site_80ae082a98e7f1d4,133,0.05775108221765524,0.0071903071546913075,0.05730171882528106,0.08540269575418945,0.05978065565003,0.0573017188252812,0.6999855815101416,0.7427250515217594,0.44357993714227995,0.9563108515739439,0.5043267067379521,0.9700515187969923,0.4753056630630126
site_81129771a744e168,1,0.02418388915061953,-0.02418388915061953,0.0,0.0,0.0,0.0,,,0.000584860494449453,-0.02418388915061953,0.0,0.0,0.0
site_8126bf120df6e8fa,258,0.061801131254003466,0.05065060244904932,0.03541039813138118,0.05492842855649593,0.0445820269225458,0.0354103981313812,0.8116384920186008,0.7658366171762176,0.9853999946628376,13.067855431854724,0.48385230891776176,0.7784201240310078,0.5127897381268305
site_814a74a697656439,144,0.11486713592078462,0.10894692941258349,0.03640089952478586,0.03232151845992938,0.04972287824068545,0.03640089952478768,1.5383831147144096,0.6819718357923493,1.9000020837087375,15.688357835412024,0.15782541767135264,0.150434,0.3560205053574763
site_81c3c43b60e335cf,79,0.07205155127901837,-0.03539401886191549,0.06275897920230526,0.08524339088629278,0.04367636917232172,0.06275897920230658,0.5123724985387099,0.7030889278862013,0.41012265729532804,-2.7961274900913238,0.20679717201251016,0.5740484194936708,0.15070239270207786
site_81d19e24593ab11d,26,0.04539778049722545,-0.00279894074339133,0.045311415832980186,0.05531043376109283,0.039657480537791834,0.04531141583298034,0.7169981835450404,0.5878431343337879,0.053584920325930846,-0.07277245932817458,0.03352486072853208,0.07954034615384616,0.04089060982773879
site_827e793321bdd790,11,0.11278017973350721,-0.06033407589739019,0.09528466941922058,0.127330732236569,0.07588759071883529,0.09528466941922062,0.5959880178639279,0.6671380737264608,0.1399130583479441,-0.6636748348712921,0.0709108046387407,0.1783442690909091,0.06334819067620401
site_82fc0f846e9a1ddb,251,0.1638749479282186,-0.15900171165012741,0.03966679027607471,0.06195967850119999,0.07827971949438024,0.03966679027607498,1.263397767515275,0.8652515135919923,6.740604638177567,-39.90942962418198,1.0533543801572425,0.963589441752988,1.5380563355138324
site_83403fd7c9ad70f1,108,0.05480470565686916,-0.047328363037550884,0.027632984173300096,0.04540135475452196,0.03278438315446759,0.027632984173300144,0.7221014291694078,0.7969728088920076,0.3243840223106952,-5.111463208055495,0.12811591681432394,0.222618565462963,0.11608010411244538
site_8350ab85e51c782b,81,0.057733436783107765,-0.020332379084163243,0.05403465631950463,0.06538657500920378,0.054684732953579826,0.054034656319504624,0.8363296738800347,0.6077333204645479,0.26998512754591714,-1.6469227058172227,0.17601624510589942,0.34630773950617283,0.24222402147455147
site_84025ad53bb001c3,582,0.089134981772663,0.029229342956825624,0.08420623780887751,0.09712693086174341,0.08536761355509943,0.08420623780887754,0.8789283548619184,0.5807505444016389,4.624016175806746,17.011477600872514,2.80249868012573,5.490378886597938,4.241400336462008
site_841029a3fc0d0421,80,0.07173724961837613,-0.026870480380952362,0.06651473721594381,0.06869845226604454,0.06188309944736274,0.06651473721594381,0.9007932115808319,0.48512350596662096,0.4116986386247365,-2.149638430476189,0.16499140296224504,0.37755818750000003,0.30636143977697494
site_84dbfb194c437ec0,301,0.062149197387128895,0.038863293890343154,0.04849914559924871,0.06362632770447298,0.0442278759478043,0.04849914559924872,0.6951191046767744,0.6489291150662863,1.162619343495157,11.69785146099329,0.5496632433552109,1.2185411827242527,0.5887876082671643
site_863f22c1c90857e1,146,0.08971505115382024,-0.07929521471700848,0.041964977380145284,0.040772729973309975,0.021012697274859753,0.041964977380145284,0.5153615489719419,0.2001118284428746,1.175123398915757,-11.57710134868324,0.025030942969942745,0.24271266438356165,0.06446388322767517
site_86b7f22d3a648755,251,0.0734886014436234,-0.015565338363020546,0.07182126971715558,0.10012945980962007,0.061874127050043366,0.07182126971715583,0.617941284889452,0.7018101630580341,1.3555442100770718,-3.9068999291181568,1.0913507027914413,2.516503089163346,0.960930307149432
site_86deda94196a1d6c,8,0.020068210315305084,0.011310332925617696,0.01657737718612343,0.06693551817794496,0.06788324686271993,0.016577377186124086,1.0141588309252418,,0.0032218645220745386,0.09048266340494157,0.03525475745601579,0.03584290875,0.03686508163699981
site_86f357dc9d6e4680,58,0.10206720878009462,0.08481568222580284,0.05678041173442702,0.10935828825954741,0.06898029291947735,0.056780411734428535,0.6307733416214577,0.8943714094196287,0.6042274762732467,4.919309569096565,0.39131152510193407,0.6936356422413793,0.2759802870529
site_87666ca1581a674d,87,0.18424943519678438,-0.1770894876732223,0.05086420869304544,0.06475606432062356,0.044386402928165584,0.0508642086930481,0.6854400957475942,0.6221248455084966,2.953463330219062,-15.406785427570341,0.15557048137742893,0.36482126436781603,0.17140329054642756
site_87ec218e6b6d4b81,397,0.1056398443095879,-0.09389251725424447,0.04841458364393289,0.03664557177826156,0.058799275756446605,0.04841458364393305,1.6045397275347413,0.5699733469415065,4.430431352184327,-37.275329349935056,0.48757174892806143,0.5331304785894209,1.3725698673046118
site_88607d4559554ef6,42,0.05129966587907764,-0.04589232466653699,0.022924882900598707,0.035382426425744774,0.01888283813461183,0.022924882900598714,0.533678439895586,0.8104280645791342,0.11052954021081011,-1.9274776359945536,0.022741475815485634,0.05258047619047618,0.014975586192753933
site_88b325bed90e5cd8,187,0.04609896886574822,0.007900982580401679,0.04541684054125092,0.09319952033418968,0.07330835310326779,0.045416840541252,0.7865743604731308,0.8780037429114758,0.39739649200073685,1.477483742535114,1.1217733392155267,1.6243101604278074,1.0049594366914043
site_88edadfb8f5755a7,34,0.06397388096350612,-0.018062130814966035,0.06137114041596348,0.039224853095276485,0.06240625460227289,0.0613711404159636,1.5909875927562862,0.34044059478594774,0.13915035314811694,-0.6141124477088452,0.02833411824385471,0.052312029411764716,0.13241438085844603
site_8905c26daaab430e,211,0.08735613686941959,-0.07418549929990023,0.046125983375677436,0.06516121103503932,0.05165912332094718,0.04612598337567752,0.7927894908700879,0.7110515258163616,1.61016097088599,-15.65314035227895,0.5050329419159247,0.8959025023696682,0.5630883197029428
site_8922fa4ef2bfa4f1,176,0.08304289685348523,0.05011555136604742,0.06621596657223731,0.06597570693034428,0.051209290386458155,0.06621596657223763,0.776184034534466,0.3833917546899034,1.2137175983360713,8.820337040424347,0.22797553660178727,0.7660917272727273,0.46154089025168876
site_899e1b3be68444b6,2,0.13924982836245228,0.13771522023677824,0.020616323971748354,0.025599999999999998,0.04621632397175075,0.02061632397175374,1.8053251551465141,,0.038781029397944845,0.27543044047355647,0.0023662757873535154,0.0013107199999999996,0.004271897202923647
site_89b67bc04797f8a3,780,0.04306894686790659,0.026310404903613603,0.03409833981469576,0.03002518173902597,0.0404034225471417,0.03409833981469579,1.3456512236402673,0.565175413537497,1.4468486637622375,20.52211582481861,0.5347880124077201,0.703179,1.273300511747845
site_8a227a0556c22f70,136,0.038228717635876736,0.003207687729421783,0.038093904912913694,0.06560314944766311,0.05083090248162888,0.038093904912914624,0.7748241191100248,0.8151350340071962,0.19875513988336865,0.43624553120136245,0.36967576256638723,0.5853131575735293,0.35139416800517365
site_8adbe57839dd7587,31,0.042392231469466406,-0.038165478482361764,0.01845257546179394,0.012507229959055654,0.01448002937093088,0.018452575461793942,1.1577327208609332,0.07068966228935646,0.055710139957785364,-1.1831298329532147,0.00039686991520706595,0.004849354838709678,0.006499808768073649
site_8b5408c589cc3993,120,0.07326314720452803,-0.02967070793688297,0.06698610175877183,0.08819829703571379,0.04846416016777577,0.06698610175877187,0.5494908835728582,0.6598004602134404,0.6440986485974813,-3.5604849524259565,0.33843459551587696,0.933472752,0.28185297849213886
site_8b64753d75204fe6,178,0.11404538944981524,-0.035675344884395596,0.10832183815897632,0.11118993593674281,0.054651910713905384,0.10832183815897639,0.4915185016834389,0.297561777980545,2.3151304521472853,-6.350211389422416,0.321860719278078,2.2006499299438205,0.5316559793531621
site_8b8c1728607fc339,11,0.07868688821799856,0.07563799436417494,0.021691477266356066,0.07558856116180805,0.08900678991234648,0.021691477266356077,1.1775166578685736,0.9784129125610884,0.06810789015174981,0.8320179380059243,0.07240925473658875,0.06284993636363635,0.08714429515550642
site_8bf3ec991527937e,292,0.023617520891361654,0.0021412324212185326,0.023520255457205964,0.04562141821773009,0.044412327911397986,0.023517937020391528,0.9734973099573171,0.8638722353825801,0.16287388957174004,0.6252398669958115,0.511098595115675,0.6077436296575343,0.5759568221887859
site_8c584caec5491a2c,154,0.051737864971423825,0.029504830061228244,0.04250025499758003,0.08113238142631385,0.07409384800264089,0.042500254997580096,0.913246310536743,0.8538836459768583,0.41222822745739773,4.5437438294291495,0.7904889263720675,1.0136993506493508,0.8454443400231215
site_8cafedb38b43a4db,149,0.07884667709091053,-0.04096197634075312,0.06737147009334069,0.10546118493910432,0.060076760840996925,0.06737147009334078,0.5696575557697993,0.8043512906774952,0.9263029747534691,-6.103334474772215,0.7593310985829458,1.6571871677852348,0.537773361778805
site_8cc96a31a772bfea,373,0.0747104997974204,-0.050995049604302116,0.05460003384463345,0.09165065045932753,0.06599408148905156,0.05460003384463395,0.7200612451554638,0.807973681103547,2.0819587249326714,-19.02115350240469,1.8228317579308042,3.1331409651474527,1.6244966092606745
site_8ce1daba0ed42d33,7,0.0910845644260055,0.08514147810765675,0.0323624254702665,0.08287262170687873,0.07156695385582833,0.03236242547026666,0.8635777700983244,,0.05807478513672603,0.5959903467535973,0.03829830805659294,0.0480751,0.03585280218941583
site_8cee030029879195,657,0.16349746837228155,0.15332348459813874,0.056774388898776514,0.06407762573347169,0.07915156572084239,0.05677438889877908,1.2352449831719756,0.7046333316691064,17.5625443618434,100.73352938097716,2.3479804376257607,2.6976039726027397,4.116085523931966
site_8e38800fbe0e21e5,171,0.03067263320448244,-0.013321997574616594,0.027628514406652926,0.041607609617375106,0.05634033355343727,0.02762851440665342,1.3540872468172231,0.8834816194319338,0.16087858313613887,-2.2780615852594375,0.3541488279239258,0.2960340334502924,0.5427938746200494
site_8e3ea373de88dc00,149,0.04837490608830225,-0.029116507733428245,0.038631082258477764,0.055335226554785746,0.05443938280570912,0.03863108225847811,0.9838106066451237,0.7524315718890003,0.34867959931875725,-4.3383596522808086,0.3377288520347652,0.4562361073825504,0.44158331363971415
site_8e6ad22dcccafcc7,320,0.07064230858416312,0.02287152750790119,0.06683733231926187,0.07619476867500484,0.044449304896215555,0.06683733231926224,0.5833642606857448,0.48927454823562355,1.5969074438720408,7.318888802528381,0.5302647180221975,1.8578056875,0.6322370258421541
site_8e827922ba5b5da3,25,0.02875475392600238,-0.022209076554059983,0.018264522768494457,0.011159222912013187,0.02269569162996302,0.018264522768495047,2.0338057415745796,0.6041662556405245,0.020670896833623734,-0.5552269138514996,0.003825373532518746,0.0031132064000000017,0.012877360464059337
site_8ea1310ade5fc61a,6,0.04221966487536585,0.034335246404012046,0.024568088174784362,0.08628036502524135,0.09186404794033483,0.024568088174786368,1.0647155689879149,,0.010695000613129207,0.20601147842407228,0.045839141208926834,0.044665808333333334,0.05063401982390481
site_8eb987af49bead43,440,0.055153531783447014,-0.02730271823297847,0.047921536340963494,0.06812741162612912,0.05642734298073414,0.04792153634096356,0.8282619526248431,0.7191152109496185,1.338441310002588,-12.013196022510527,1.2163614332018928,2.0421914545454545,1.400979815780779
site_8fa7ffd1566cb92a,51,0.05464478064617672,0.003398607891447405,0.05453899078887471,0.06789407466676178,0.03346061276061868,0.054538990788875,0.49283553719305134,0.6062910336737038,0.15228865464530725,0.17332900246381766,0.07024526985502419,0.23508987411764704,0.05710024292211996
site_8fd20385af85644b,310,0.05156318455311084,0.033710444671300153,0.03901753351150454,0.04176149128091864,0.039438681388725416,0.039017533511504957,0.9443791440164747,0.5394791258078275,0.8242162203900322,10.450237848103047,0.2754448924667653,0.5406468677419355,0.4821769728012329
site_901a320e9c405a2e,98,0.03949751189913825,-0.021665730992142036,0.033024983675979364,0.045669371385158516,0.04854867730710746,0.03302498367598017,1.0630467605447413,0.7559161983399566,0.1528852377298116,-2.1232416372299197,0.16424878420513506,0.20439776530612244,0.2309834586904258
site_90c4f5b431597729,821,0.07482941444881686,-0.018232899318659058,0.072574118314923,0.11173785338653891,0.06393208290024474,0.07257411831492329,0.5721613666505845,0.7913099215194963,4.597141280004049,-14.969210340619087,4.640971974451952,10.250470609013398,3.355682514874252
site_912580bb93bae080,334,0.05706163175368661,0.04923369184511151,0.028845682617922863,0.04433524401755523,0.05385011675018721,0.028845682617922874,1.2146119400823512,0.8447008110879825,1.0875139593433742,16.444053076267245,0.6735737135786407,0.6565150299401197,0.9685449147189369
site_912957a44bff743f,166,0.056283549219429324,0.04080810066203037,0.038762570001143117,0.042314771496204724,0.04038834723839645,0.0387625700011432,0.9544739534282715,0.5614965034527589,0.5258610935141632,6.774144709897041,0.1592953966455377,0.29722962120481927,0.2707822863797816
site_916f2628195f7cd3,128,0.023442129352252063,0.010014385085646064,0.02119541270945455,0.0258360213537156,0.016298833453608136,0.021195412709454797,0.6308569431207768,0.5745783523765496,0.07034027885666788,1.2818412909626962,0.030970012890495127,0.085439999921875,0.034003452409402335
site_917287f92c952f20,38,0.036171124624807274,-0.017734289844098836,0.03152531078909186,0.07256406401536915,0.05889458704284378,0.03152531078909191,0.8116219487151359,0.9055848881037665,0.04971730975168689,-0.6739030140757558,0.14706514043147237,0.2000906486842105,0.1318057505519899
site_91e14ae535f79ace,96,0.05615000952449596,-0.017933344248061377,0.05320919782971278,0.07714961114613605,0.04431549483947194,0.05320919782971281,0.574409827620906,0.7436123246635301,0.3026710626816948,-1.7216010478138923,0.24406592876091598,0.5713980000000001,0.18853085595525737
site_91ea89ee8d5d5b53,178,0.08599451758188525,-0.07361123534936583,0.044457205090754945,0.06795773599882206,0.06513287509537695,0.04445720509075553,0.9584320922125177,0.7776392330566758,1.3163201556371287,-13.102799892187118,0.6126850972056723,0.822049191011236,0.7551278724378157
site_91ee6299c921b981,293,0.09466186583995427,-0.06899471166516327,0.06481202516927305,0.0884706502014643,0.03710051796923773,0.06481202516927324,0.4193539652387869,0.7621020602366322,2.6255345713803395,-20.21545051789284,0.7329256959075662,2.2933273924914674,0.4032993910406194
site_92ac3b6c2c87c639,732,0.08372688629889952,0.0614202340657268,0.05690119802447204,0.040459181415225275,0.0535220671033682,0.056901198024472216,1.3228657929106595,0.29181126910427235,5.131460170174076,44.95961133611202,0.4625547129745733,1.1982440040983606,2.0968957402567723
site_92b0fa719fa97ab5,94,0.08967841231207392,0.07099382995798233,0.05479136558538602,0.04882004723699809,0.07396883005986143,0.054791365585386026,1.5151322918795627,0.6719016467295081,0.7559684576725473,6.673420016050339,0.2280764812269902,0.22403931914893616,0.514310455119918
site_92d25300e45f668d,35,0.04118236746474547,0.024529231601102007,0.033080268848073545,0.04039826223783313,0.026877954829111723,0.033080268848074044,0.6653245298244639,0.5802696417055635,0.05935955865004642,0.8585231060385703,0.022052447560003824,0.05712068571428571,0.02528485595285196
site_92f4bc71b766e85f,213,0.14211353675576893,0.13136208468087962,0.05422416470105092,0.07759476760749293,0.08358446209717771,0.05422416470105106,1.0771919895421709,0.776093866195366,4.30180281112669,27.98012403702736,1.0721408491338222,1.2824619154929577,1.4880951707678765
site_9325c992d0f1e0e4,864,0.1096862352339622,-0.09081379809709163,0.06151361048565407,0.0828518450934098,0.05722841050940707,0.06151361048565415,0.690731877423924,0.6702122260119239,10.39484465262728,-78.46312155588717,2.7456170096886368,5.930865995370371,2.8296785975902967
site_93742f2df91eb28f,113,0.09406522130657913,-0.050889323974394156,0.07911095097952532,0.10567964792962681,0.05790268777045623,0.07911095097952607,0.547907652086561,0.6751253064808793,0.9998540421184949,-5.75049360910654,0.466823717006863,1.262005242477876,0.3788575013678524
site_93e093b0ecc1d78c,41,0.05386101597944166,-0.005898583700598744,0.05353705027982678,0.06770100712145112,0.04703466905905543,0.053537050279827615,0.6947410542162002,0.6170080608711618,0.11894137073584446,-0.2418419317245485,0.08055414947482144,0.18792048097560976,0.09070266383328951
site_94398cd24f99ecb3,80,0.10604317330774103,0.09778630879968404,0.041024290566790245,0.051530208070121354,0.06801822257894341,0.04102429056679181,1.3199679397060742,0.7986960703171568,0.899612368414048,7.822904703974723,0.2239539412016049,0.2124289875,0.3701182882238949
site_947d9a648844f933,171,0.059388112879182844,0.024940575454493016,0.053897269386763036,0.07570941371040533,0.054789480965930074,0.05389726938676387,0.723681221142516,0.7026006767273096,0.6031080996809464,4.264838402718306,0.49836983008166413,0.9801575204678362,0.5133227153922384
site_948f865f7f081052,88,0.05298268880970641,0.011584545693072407,0.05170071193505276,0.04972253109145285,0.05147085075746109,0.05170071193505285,1.035161517879945,0.4783832096773645,0.24703054758854465,1.0194400209903718,0.10773905829482458,0.21756504863636364,0.23313386603732134
site_952481bd3cb76606,468,0.09823970952332611,0.08846883796033188,0.04271188636873857,0.04006566950554013,0.05123415425705543,0.0427118863687386,1.278754477070974,0.5860221235373058,4.5166869667424665,41.40341616543532,0.56297854037573,0.7512606845299146,1.2284712472199315
site_9563943b41248204,316,0.06984544843813384,-0.026334547282019744,0.06469063523397399,0.09019840954496701,0.045772284375048614,0.06469063523397407,0.5074622114287898,0.7322089186366776,1.5415701869375877,-8.32171694111824,0.9552643366715388,2.570897974683544,0.6620522373436609
site_956a5215e9d24ea6,175,0.06259365337186727,0.05176593002796173,0.03518883247249958,0.01670143486442444,0.03658801137774444,0.035188832472499654,2.1907106589793788,0.31041055146556856,0.6856439524265574,9.059037754893303,0.033194575078955714,0.048814137142857136,0.23426945090114237
site_9573cc360aa7a95d,83,0.13134589839276684,-0.10355669299952955,0.08079453174320782,0.11377192578114367,0.05864484658829268,0.08079453174320904,0.5154597338987151,0.7385574194992013,1.4318948370420514,-8.595205518960952,0.40900377985996655,1.0743562409638554,0.28545509660324386
site_95a6e0674f2876c2,37,0.03848085551056388,0.012678097529185785,0.03633238340468937,0.0332113668309311,0.05198902118965289,0.03633238340468941,1.5653984207971048,0.719846241652738,0.05478872091052108,0.46908960857987403,0.045987505852672694,0.0408108108108108,0.10000575799755256
site_95aa1a90ae6a3184,54,0.07049935072853895,-0.011611078494124944,0.06953661847795604,0.1165631007102502,0.06236285849642587,0.06953661847795636,0.5350137231802541,0.8694716802217061,0.2683885564698595,-0.626998238682747,0.34130001395747606,0.7336956481481481,0.21001281047164277
site_95c50f37760ba8b9,9,0.08212549867291524,0.04622817526923287,0.06787896097873103,0.09212163188810973,0.04812894648113126,0.06787896097873111,0.5224499989273783,,0.06070137779047502,0.41605357742309584,0.027878567434019508,0.07637755555555556,0.020847559404452376
site_960e43f47225dd5e,138,0.10380079554236672,0.09219249639692513,0.0476985195087978,0.06162213300253731,0.04343922757118041,0.04769851950879789,0.704928983379913,0.6367831477725292,1.4868955114214941,12.722564502775668,0.23522824530580982,0.5240256440579709,0.2604013758933505
site_96144cbf74954033,5,0.08076487515959073,-0.04485612691879272,0.06716318141206114,0.06162381357884304,0.012064739387223947,0.06716318141206114,0.19578047327090553,,0.032614825297721375,-0.2242806345939636,-0.0014196015022695065,0.018987472000000002,0.0007277896824081642
site_96a5abc509a3a15b,35,0.032461904968272254,-0.007336989786284309,0.03162188885953998,0.022232226287852635,0.01554041022200811,0.031621888859540065,0.699003780404087,-0.38229987320177633,0.03688213459591986,-0.2567946425199508,-0.004622933340594172,0.017299516,0.008452652245390296
site_96e92296d2491d86,411,0.059228098045165545,-0.03817543185679582,0.04528359527019561,0.06056773353189755,0.04404833678405889,0.045283595270196694,0.7272574721796574,0.6668337922914529,1.4417746827976223,-15.690102493143081,0.7311900263567765,1.5077330918734793,0.7974452050846108
site_96ea37eab36e72c1,208,0.10896905936981002,0.0525021453598371,0.09548707049939127,0.09320942947555405,0.04685734383249844,0.09548707049939129,0.5027103383868224,0.20215329915972946,2.469845227187766,10.920446234846116,0.1836460892905123,1.807103530576923,0.4566870195756918
site_971bf07b5c1c6549,83,0.06751146038825485,-0.04214527278923127,0.05274062253402198,0.038328808352425206,0.03309843883152691,0.05274062253402383,0.8635394695079962,-0.08551356058947847,0.378297174551657,-3.4980576415061955,-0.009004216092717222,0.12193509662650603,0.09092705220599928
site_97832a03d9613f37,33,0.04913312736427039,-0.032275364136154006,0.037045446069284685,0.02205277916432583,0.04539543485164041,0.03704544606928478,2.058490429409249,0.5867100091558223,0.07966411875158932,-1.0650870164930821,0.01938264074616811,0.01604872727272727,0.06800460167719444
site_978ff47db3a1c5a1,160,0.09867117717602195,0.026864014108181,0.0949438041754035,0.09184001834863305,0.052788432690055204,0.07948296358442943,0.5747868264754208,0.5057316862877898,1.5577601928483065,4.29824225730896,0.3922932876788808,1.349534235244361,0.44585898013959824
site_97ad06a1706d85fa,20,0.18121584001141203,-0.14068047851324084,0.11422864630348761,0.13773162309360912,0.0409562836966398,0.11422864630348761,0.29736296412338004,0.6735744228097988,0.6567836134208336,-2.8136095702648167,0.07599233537912368,0.37940000000000007,0.03354834348479285
site_98378de2aa945723,63,0.06480613083411826,-0.0022942694368816565,0.06476550718893385,0.07102104202402895,0.03818091481402278,0.0647655071889339,0.5376000369172959,0.42542384599312555,0.2645895794023978,-0.14453897452354436,0.07267679196040311,0.3177712698412698,0.09184028213024686
site_9898264bce191dea,842,0.07418268791340123,0.055855484459483705,0.048818398599846144,0.03291723712311613,0.06079832273178951,0.04881839859984628,1.847005643407839,0.5987930766543216,4.633585938660065,47.03031791488528,1.009029436590187,0.9123444688479809,3.112399151573018
site_98b84b664f32321c,921,0.06562669953911864,0.025503026899957506,0.06046866387921763,0.07331291176989707,0.05293338663189841,0.06046866387921763,0.7220199737535635,0.5824034737731963,3.966621460698332,23.48828777486086,2.0815830185064614,4.950175172638437,2.5805898901166
site_99359b775dbc987c,101,0.04608177658765392,0.030132020940875057,0.03486533303287258,0.07322723950169584,0.07485401566442185,0.03486533303287259,1.0222154511599244,0.8893571476150968,0.21447654348091935,3.043334115028381,0.49236292134107346,0.541585089108911,0.5659154897700407
site_9963ae44b09a6e46,127,0.0964810884760044,0.08389963019269657,0.04763877083892226,0.027516644532563424,0.05546154627841398,0.047638770838922345,2.0155635696343834,0.5123125336564909,1.1821922550563528,10.655253034472464,0.09929471853492766,0.09616004724409448,0.3906498556802672
site_9978a236cbbfb40f,39,0.031227193686675325,-0.0051875092960321,0.03079330077871997,0.028855235037790413,0.025598508924439947,0.030793300778719997,0.8871356927404932,0.3653152040044509,0.03803036739626028,-0.20231286254525188,0.010523777070144812,0.03247235897435897,0.025556062707030633
site_99e4e71469e203aa,104,0.07512765635764311,-0.039867840513357754,0.06367668366516573,0.08945387484020753,0.0646780769887331,0.06367668366516661,0.7230327037735177,0.7026395124697811,0.5869931339783798,-4.1462554133892064,0.42278752486330384,0.8322075552884616,0.43505837886789056
site_9a39d33121ec563e,282,0.08240112104600857,0.07416267726374855,0.035914371088911316,0.06992849898340395,0.0608843179140928,0.03591437108891154,0.8706653052647735,0.858129072631506,1.9147644193981859,20.913874988377092,1.030294485298613,1.3789785815602835,1.0453458473377386
site_9a5b564ee1a1517d,676,0.0714063476247008,0.05668918825166642,0.04341891772564972,0.022137521158280847,0.05274384010262873,0.04341891772564974,2.3825540233486877,0.5938501471915248,3.4468337412233385,38.3218912581265,0.4687316722243313,0.3312872138905325,1.8805729640896467
site_9a64702d11a0ca56,5,0.06693141720173747,0.059413204318284986,0.03082021676216376,0.08368385746367096,0.11400883819546065,0.0308202167621642,1.3623755124452102,,0.02239907304316519,0.2970660215914249,0.04762779356352985,0.035014939999999994,0.06499007593339363
site_9a99fb7f0cd8cd33,110,0.03626536115379664,0.006517488718466325,0.035674903789918846,0.05151657019793416,0.042971808963699176,0.035674903789919,0.8341356732133999,0.7290388975239627,0.14466940615768323,0.7169237590312957,0.17753090355832468,0.29193527054545454,0.20312340021739228
site_9aa6317ba764d9b9,127,0.06987679803149076,0.002570787238323784,0.06982949202241859,0.08380242567905238,0.05655317719129024,0.06982949202242328,0.6748393824288371,0.5638973957473253,0.6201113966979863,0.3264899792671206,0.3394043531948187,0.8919015118110234,0.40617925500454266
site_9b62f4534e47f978,173,0.03841043507860693,0.023471140709226533,0.03040505018472372,0.02586992559360872,0.03775686756678368,0.03040505018472411,1.4594888350243918,0.5991022408901377,0.25523754346652294,4.06050734269619,0.10123674739771496,0.11578077768786128,0.246625521382826
site_9bb3648a2ef66eb2,76,0.10201972144770331,-0.07706371264316532,0.06685213353303403,0.08224655942588797,0.06493757434984793,0.06685213353303442,0.7895476090809963,0.6096525879316089,0.79100979088429,-5.856842160880564,0.24746273899294047,0.5141017368421053,0.32048353074559405
site_9c2d82de18c716a5,41,0.036644356425683006,-0.007533013616393252,0.03586171445577761,0.030425028051675986,0.043692934066870706,0.035861714455777634,1.436085251676994,0.5824959823104499,0.05505516317195231,-0.30885355827212335,0.03174819123999375,0.0379529756097561,0.07827197198224835
site_9c3923563de1bc2a,115,0.07351282610496436,0.0069148815859919,0.07318688417052907,0.09790331483060424,0.06130741997560688,0.07318688417052951,0.6262037202895849,0.6653676372213306,0.6214755942229538,0.7952113823890685,0.4592719800969829,1.1022817913043477,0.4322389705675258
site_9c3f2a2a90bf94af,109,0.09946162134483831,0.022016717737092885,0.09699421766594736,0.11898262064189698,0.04790815953280546,0.09699421766594742,0.4026483806991868,0.6178844677284211,1.0782949391392955,2.3998222333431243,0.383907673968279,1.543098177614679,0.2501759007304605
site_9c51efef96062ac3,183,0.0652762164419708,0.036013841175121034,0.05444251717905938,0.04056002971683276,0.07591410757553915,0.054442517179059555,1.871648223769278,0.721657489688775,0.7797601512351605,6.590532935047149,0.4066333257488254,0.3010562299453552,1.0546201664052672
site_9c5e0ec7dff35c9c,35,0.07649581088128567,-0.04897844842331751,0.05875985595991408,0.0971756835293056,0.0480781301228445,0.05875985595991412,0.49475474086421445,0.8884690378585645,0.2048063178834898,-1.7142456948161127,0.14528323937867368,0.33050897142857144,0.08090273086382088
site_9ca12fe149def76c,9,0.1364278938847596,-0.10380444713566038,0.08852800113348946,0.1385913345945242,0.052920730487886224,0.08852800113348948,0.3818473257560877,,0.16751313206848104,-0.9342400242209434,0.06376929639917282,0.17286802222222222,0.025205433438343416
site_9cfda7361157a69e,189,0.0727086799549427,-0.027990068365026405,0.06710520258304443,0.059035941175169866,0.02682333887417704,0.06710520258304468,0.4543560810623404,-0.09421112064104074,0.9991583546093642,-5.29012292098999,-0.028196376539411993,0.658710804232804,0.1359838950798391
site_9d73848123a6a95b,64,0.06321346083967729,-0.038402702603489165,0.05021129418843315,0.09160607831352881,0.05720267220450123,0.05021129418843317,0.6244418848356406,0.8723710874616905,0.25574026440508246,-2.4577729666233066,0.29256464727176357,0.5370671093749999,0.20941732526947954
site_9dbd78e6c2f64c18,70,0.09678113403787633,0.04327765336922237,0.08656577051300829,0.08824986956109918,0.040765216875817,0.08656577051300868,0.46192948588545496,0.2718827139303417,0.6556611533960169,3.0294357358455657,0.06846734159903865,0.5451627634285714,0.11632620348526768
site_9e0c7cff2a642903,104,0.06143908722310201,-0.000960160873830317,0.06143158413962888,0.10147441161700693,0.07114884512796422,0.06143158413963104,0.70115060530235,0.8023349255798423,0.39257518963602545,-0.09985673087835296,0.6024394920001236,1.0708938461538462,0.526464448956476
site_9eb9cb71933abd8d,145,0.05774912725820803,0.009783270609789882,0.056914403407751966,0.08314258629109642,0.08151892539272183,0.056914403407752084,0.9804713688759951,0.7612305230493027,0.4835694463672824,1.418574238419533,0.748111226439476,1.0023399999999998,0.9635736035917016
site_9f1083ed35aa92f7,172,0.10074422611981901,-0.052507837373156875,0.08597863752627934,0.09758096650647338,0.039704677116423476,0.08597863752627935,0.40688956604861587,0.4782883068789771,1.7456966445947701,-9.031348028182983,0.31873150566081665,1.6377917441860466,0.271151358206144
site_9f57a1eb8c53e14d,1084,0.0697441127855428,-0.04861932040564028,0.050004029353005186,0.09429068800350454,0.06681724459535562,0.050004029353005186,0.7086303643565758,0.8614646616085228,5.272837534774886,-52.703343319714065,5.883342286830857,9.637555487084871,4.83956588604209
site_9f76ab7d5518980d,176,0.08345372920052124,0.06881427840245041,0.04721355743241532,0.0101610418606664,0.049485047863371344,0.04721355743241532,4.870076173480691,0.3210860324603863,1.225756385475412,12.111312998831272,0.02841491209131411,0.01817143181818182,0.4309835133190669
site_9ff0a0ccad22ddc6,126,0.06608541619896112,0.050478410812124355,0.04265222474938812,0.03366192538252311,0.05965891142782823,0.04265222474938913,1.7722964669989572,0.7153297144824617,0.550277561507929,6.360279762327669,0.1810052153997951,0.14277377777777778,0.44845739980693516
site_a08eaaa4540846cf,142,0.14937887489079296,0.08125356763861549,0.1253471420082489,0.15446513454537567,0.08002012746545527,0.12534714200824934,0.5180465332903236,0.5886090678942756,3.168594853436763,11.5380066046834,1.033106273185147,3.3880458461971834,0.9092573535414545
site_a0a221a9f908364b,38,0.10894883883121165,-0.10424027397758084,0.031683035898540685,0.04444991586916249,0.03604240336756081,0.03168303589854074,0.8108542538899501,0.7087762626128447,0.4510542803414346,-3.961130411148072,0.04314966685320986,0.0750802107894737,0.04936408393937844
site_a0d01f20e2427c2c,13,0.094934464208651,0.07958304361104965,0.05175994266018275,0.051998571896639055,0.02900779382117455,0.05175994266018389,0.5578575096030566,0.28713626224814887,0.11716318242958729,1.0345795669436455,0.005630377463595225,0.03515006923076923,0.010938877330833041
site_a1da79e1324e0f0b,139,0.12230247252059913,-0.054062507939853253,0.10970478576573225,0.13415239849301042,0.0581527225520777,0.10970478576573225,0.4334825407919007,0.5988381778584376,2.079147375066615,-7.514688603639602,0.649370827351012,2.5015643769784175,0.4700617404904308
site_a2c2e8340755d8a7,83,0.11304234649428961,-0.0934064510227686,0.0636695139628548,0.07214866669569184,0.05626963478982272,0.0636695139628548,0.7799123305653922,0.5317893860181848,1.0606214843776074,-7.752735434889793,0.1791926382288157,0.43205069879518077,0.2628005593485423
site_a2dd98acaefee6f4,468,0.07083744816414185,-0.033669695439756425,0.062324117895093616,0.11316568063045708,0.07617894471176832,0.06232411789509362,0.6731629614859203,0.8540585130711905,2.348397821206702,-15.757417465806007,3.4457452891411053,5.993428555555556,2.7159123969425707
site_a30a3623711ec917,255,0.055449482739636353,0.023845496896668976,0.050060337732022744,0.08265392840056748,0.0535767111655996,0.05006033773202334,0.6482052602019066,0.8125078208473164,0.7840345097037735,6.080601708650589,0.9175025518043076,1.7420763294117647,0.7319683147271318
site_a3440058322ffd4e,564,0.07721916401217072,-0.05248940388863603,0.05663622312755471,0.08660177681475399,0.06499407925250374,0.056636223127554786,0.750493600050836,0.7565320115810699,3.363018799976526,-29.60402379319072,2.4016350408861253,4.229925409574468,2.3824659105647354
site_a3ad14b1dd64a3e4,55,0.09329841758336267,-0.08116283452207389,0.046012922270835685,0.03915664055014876,0.03130386066561991,0.0460129222708364,0.7994521548785161,0.16152717813290382,0.4787527097957735,-4.4639558987140635,0.010889592335711825,0.08432833745454547,0.05389624309148999
site_a3eb3ebe590ad832,109,0.05614812728059717,0.011803738129576413,0.054893387245519155,0.08305922673122955,0.09396646288991416,0.054893387245520425,1.1313187780326828,0.8145805829845545,0.3436347294858773,1.286607456123829,0.6929809794819888,0.7519730308256879,0.9624368801365359
site_a3fe6dc1994cbcf1,17,0.12679499534198124,0.11114294184095719,0.0610263657996333,0.010772674646119317,0.07024187340819955,0.061026365799634365,6.520374532382546,0.8760185710659596,0.27330850434414183,1.8894300112962723,0.011268908797818078,0.0019728588235294136,0.08387665325819005
site_a408c1f09c2d83d9,411,0.04974574413437198,0.0326977272093151,0.03748996792246719,0.06415030831891186,0.07276671455607162,0.03748996792246719,1.1343158975062881,0.8574064703924713,1.0170766534472682,13.438765883028507,1.644977997078005,1.691372705596107,2.1762428411340546
site_a4122f0bf308f22f,156,0.07117210599742411,0.022257228479094993,0.0676023997542834,0.08344417791794924,0.061236433379052733,0.06760239975428349,0.7338610662479843,0.6010723010087791,0.7902131128489375,3.472127642738819,0.4791342776104234,1.0862172092307691,0.5849845205859976
site_a42d63e8b2f931d6,6,0.1358050381286252,0.13423368203639985,0.020599198723932333,0.05116530942825313,0.03934427621235762,0.02059919872393293,0.7689639064438449,,0.11065805028670408,0.8054020922183991,0.011224601914485295,0.015707333333333334,0.009287832424045739
site_a44b748575c17771,8,0.04713519554882402,-0.03657072000354528,0.029737335083160565,0.08129236972188718,0.07541577886827455,0.029737335083160583,0.9277104250532089,,0.017773813275407037,-0.29256576002836227,0.04564671991784126,0.05286759499999999,0.0455003176184679
site_a4e51d06a4c9f574,191,0.07343037545652198,-0.0462037607206724,0.057072169530802276,0.10123671820061593,0.06961408774223327,0.05707216953080502,0.6876367485982939,0.8398551822212244,1.029875827579985,-8.824918297648429,1.1305062508744563,1.9575347643979057,0.9256091515270202
site_a507f74864d36b32,315,0.03447775265488495,-0.0038383124692099447,0.034263432191187944,0.035634029896598925,0.03543183702148009,0.034263432191188485,0.994325848754532,0.535101655557781,0.37444535986139926,-1.2090684278011326,0.2128165791992512,0.3999819873015873,0.39545574853576904
site_a55a51839f39337a,11,0.09358814245651552,-0.07218208258368752,0.05956918131334992,0.07161541571892913,0.039118380269204736,0.059569181313350913,0.5462284883290164,0.5551581876416093,0.09634614449307148,-0.7940029084205628,0.0171079044462605,0.05641644545454545,0.01683272442374717
site_a5c2bfa9bb36639b,60,0.03092126318224205,-0.014093638265132904,0.027522606657746994,0.03696011495142057,0.02286085586335116,0.02752260665774711,0.6185277262638086,0.6693819309166035,0.05736747100712866,-0.8456182959079742,0.03393524852370222,0.08196300583333334,0.03135712384829503
site_a5c5f553e4031a41,74,0.05208086017583635,-0.013564420487429646,0.05028342165659787,0.06764229381344765,0.03741521264964402,0.05028342165659787,0.5531334101831669,0.6809875056133997,0.20071878375247124,-1.0037671160697939,0.12753735558930282,0.3385855135135135,0.10359246218373808
site_a61c8cdc86211521,39,0.04693488448572488,0.02873549003173144,0.037110038996538405,0.048476893510937175,0.03401116423729388,0.03711003899653974,0.7015953740851898,0.6458244993449498,0.08591245188584518,1.120684111237526,0.04152746330698331,0.09165035897435898,0.04511361241827094
site_a62049e3761071cb,301,0.08141758472542125,-0.002702538306689336,0.08137271894942447,0.07052363150459924,0.047792778877823044,0.054907279844335855,0.6776845981719789,0.6294166067810387,1.9952757538588657,-0.8134640303134901,0.6385599015002954,1.4970483627795472,0.6875290635722111
site_a637aa5eb6fad085,105,0.04274801999481908,-0.014295493231500901,0.040286872387237556,0.08638912860973952,0.0823261642985596,0.040286872387237625,0.9529690323705632,0.8870567299724096,0.19187628741513243,-1.5010267893075946,0.6624264561241936,0.783623561904762,0.7116477194519101
site_a6a5e3eb9fd3c985,371,0.09082713150566019,0.060707416400755186,0.0675586960464144,0.07615413085282056,0.031964744173413814,0.06755869604641536,0.41973749572679836,0.4635969186102763,3.060589660309748,22.522451484680175,0.4186770438900132,2.1515965606469,0.379067346796635
site_a728723d09857d1a,33,0.0684069302940021,0.063314798542225,0.025898733517412113,0.024269744454109284,0.038276094762233086,0.025898733517412502,1.577111569287755,0.7445685891168439,0.15442376770419927,2.089388351893425,0.022825036217102947,0.019437676363636358,0.048346961198165755
site_a73a8fe0a0e90dac,39,0.065420863552707,-0.00434206041922936,0.06527661066030979,0.06957946374576286,0.07246784441939888,0.06527661066030982,1.0415119708911513,0.5782960858264761,0.1669156861312944,-0.16934035634994501,0.11372115983756687,0.1888107692307692,0.20481195051697387
site_a7fe1c93212d2f37,55,0.05151604159566566,0.03292780744032425,0.039618960597916766,0.023507600037097197,0.04013729953689693,0.0396189605979173,1.707418004115967,0.3147472987546737,0.1459646397927495,1.811029409217834,0.01633357095588337,0.03039339927272727,0.08860515477630226
site_a85957854004ad6e,10,0.07146676609856484,0.06409994217395783,0.03160215293112544,0.06983379124750425,0.09862916558022505,0.031602152931126004,1.4123415586970571,0.9876937328144066,0.05107498656586977,0.6409994217395782,0.06802887316584587,0.048767584,0.0972771230305145
site_a85f5d6458d2ef6d,586,0.03270432540581253,-0.026786026027880022,0.01876384048863688,0.02767898461990064,0.01820581897161575,0.018763840488636892,0.6577488019024412,0.7396991784258192,0.6267697195460751,-15.696611252337693,0.21843042297094883,0.44894994709897607,0.1942307808343649
site_a8a04a98a04fa26e,41,0.02141464976111882,0.01375105171803294,0.016416327270110376,0.016992422988626146,0.021529518455560743,0.01641632727011041,1.2670069754014186,0.6598083029225199,0.01880207620004684,0.5637931204393506,0.009896719459723683,0.011838440000000002,0.019004326762061558
site_a8d2970296172e46,359,0.07258186078508982,0.06558115063894095,0.031100469383896687,0.03795450487386244,0.046352483526944044,0.031100469383896916,1.221264344798894,0.7451484938429304,1.8912574188943911,23.5436330793798,0.47062350623193394,0.5171554540389972,0.7713304297525072
site_a8f474364dc17adf,217,0.06861129008385183,0.013741372379674342,0.06722115598599587,0.09616026139465322,0.06318234607477484,0.05677286171362807,0.6570525616134396,0.8242474766397303,1.021529480552591,2.981877806389332,1.0866976886332818,2.0065547041129035,0.8662659216462376
site_a92160c2510cdbec,2,0.08383699355518687,0.08374858582019806,0.0038491377592086706,0.0028499999999999914,0.0009991377592086792,0.0038491377592086706,0.3505746523539236,,0.01405728297674489,0.16749717164039613,-5.695085227489454e-06,1.6244999999999903e-05,1.9965525237530812e-06
site_a9455c71e74fd72a,25,0.07656759267685175,-0.05351491635203361,0.05476084345737496,0.05586589657384906,0.025154405117777133,0.054760843457374996,0.4502640548250319,0.2686283407630393,0.14656490620820703,-1.3378729088008403,0.00943740650832653,0.07802496,0.015818602420731312
site_a963d86424b18502,34,0.021431862828541922,0.007361611549468601,0.02012787668126391,0.03380066759337433,0.023197772672136612,0.020127876681263916,0.6863110797457705,0.8133465353877273,0.015617041306248856,0.25029479268193244,0.021683336239165685,0.038844494411764706,0.018296646336236358
site_a98119a935505c9a,155,0.1076509668235756,-0.08392716728833415,0.06741632776269076,0.08767248057489926,0.05825896032437926,0.06741632776269087,0.6645068092331229,0.6397790959099635,1.7962532519978387,-13.008710929691793,0.5065097020901019,1.1914018967741937,0.5260865010020275
site_a9866d1cfd06e947,48,0.08903684599670912,-0.08491737833296259,0.02676936312462796,0.03329338172209389,0.02793941750799738,0.026769363124628288,0.8391883330210475,0.6302216856315851,0.3805228773620014,-4.076034159982204,0.0281390763619449,0.05320556479166667,0.037469330432937153
site_a9bff24a5451b631,238,0.05279534243038619,0.02157257800868579,0.04818684530451129,0.08511124328900126,0.06362174748913214,0.048186845304511394,0.7475128435511157,0.8282364689102372,0.6633888673973332,5.134273566067218,1.0673917328569758,1.7240538487394956,0.9633589673498725
site_aa2ce12749046dfc,311,0.05677903241913161,-0.031026550782934266,0.047552199412506664,0.061349676260487075,0.03497552795760025,0.04755219941250705,0.570101263600744,0.635179954767448,1.0026200004828203,-9.649257293492557,0.4238710222850611,1.1705364437299037,0.38044242988890464
site_aa4df3fb16db7e70,50,0.19981287521904395,-0.1913109949052334,0.05766531307181982,0.060289336536405835,0.055346722048137495,0.057665313071819824,0.9180184295893896,0.5053881073520755,1.9962592551650615,-9.56554974526167,0.08431938524506985,0.181740205,0.15316298207368945
site_aaad533d86c5f947,240,0.05263003275838871,-0.02657701795982818,0.045426671290245774,0.06253393523164487,0.04180660656953505,0.04542667129024592,0.6685427106845356,0.6874994178486101,0.6647808835557766,-6.378484310358763,0.4313643532684073,0.9385183333333333,0.4194701646863739
site_aae8b0a4c0119c59,105,0.019229801934870082,-0.00689980478553545,0.017949316877693015,0.026049419211756745,0.025956733231636095,0.017949316877693047,0.9964419175964271,0.7617646549212757,0.038827454657704985,-0.7244795024812223,0.05408267890999715,0.07125008533333334,0.07074396000612378
site_ab53cfe255b5cc4c,78,0.08406104093229308,0.06048551430037392,0.058376032431469,0.06189138383090922,0.045542060166902855,0.058376032431469355,0.7358384535612639,0.44291622200810116,0.551168171004411,4.717870115429165,0.09737759749812003,0.2987823846153846,0.16177818105117237
site_abdcb41ac727b4e7,485,0.07915327560204725,-0.03678132234467673,0.07008833972288567,0.10308204768842254,0.07540009271761287,0.07008833972288575,0.7314570714147861,0.733281425762764,3.03864190368882,-17.838941337168215,2.7641864892954064,5.153565649484536,2.75730938118494
site_ac16cbbd2f795846,35,0.05689461931773077,0.0007514819213322223,0.056889656197163074,0.08583817713034932,0.06102981568588978,0.05688965619716309,0.7109868560374147,0.7498440334590247,0.11329491975583263,0.02630186724662778,0.137486966285961,0.25788674285714286,0.13036234409287872
site_ac240db4268c6c54,61,0.11450265276520327,-0.09996593538806085,0.05583609273810939,0.08956919197188941,0.06141640383660251,0.05583609273810952,0.6856867019173017,0.78866730540917,0.7997623069063914,-6.097922058671712,0.26464683953300117,0.4893810491803278,0.23009045427345926
site_ac2a9b93fc2413dd,121,0.052022252058976794,-0.0075472894059725034,0.05147186738316583,0.08492078616061244,0.07927645758720704,0.0514718673831659,0.9335341931158035,0.8055994132782929,0.32746407982381354,-0.9132220181226729,0.6562400828270504,0.8725963305785124,0.7604555640367245
site_ac6e3a81298a7ce5,53,0.09065328754624132,-0.06430702380976587,0.06389542418414419,0.06493906007692062,0.06585163034047241,0.06389542418414525,1.0140527174626621,0.522747302148085,0.43555498277590016,-3.408272261917591,0.11847867802825736,0.22350532075471696,0.22983117258040603
site_acf798671ee3a747,30,0.14512099502919662,-0.11171909290273985,0.09262260781932825,0.11309052760215302,0.029848141498749318,0.09262260781932866,0.263931401962803,0.7556462634982347,0.6318030959479232,-3.3515727870821954,0.07652147257514298,0.383684023,0.026727346527880835
site_ad04b63315ba2272,10,0.04605026382399412,-0.04041911161184312,0.022066314027694583,0.0352938649059578,0.0210961094224549,0.022066314027694635,0.5977273806273836,0.8083803092847832,0.02120626798259461,-0.40419111611843117,0.006018902589976789,0.012456569,0.004450458327641904
site_ad53cb9b838bb8cd,636,0.05487858249485546,0.039147455672657344,0.03845953108141056,0.01997911936331535,0.034745865027975664,0.03845953108141154,1.7391089364916787,0.09169282816779628,1.915415007386001,24.89778180781007,0.0404829315114825,0.2538690738993711,0.7678269868409042
site_ae3ed38eaa09b85f,486,0.03293686298348995,-0.01357475554170432,0.03000938111951259,0.04645377373304071,0.027553710391684163,0.030009381119512686,0.5931425625403242,0.7877493473048346,0.5272307543918907,-6.5973311932683,0.4900330941368032,1.0487652037037039,0.3689745807855187
site_af194bfb42414cbb,864,0.05244086574213209,0.008797177252946937,0.05169771824911189,0.04457700989190736,0.05333393012648821,0.05169771824911189,1.1964447650440235,0.45404704306650767,2.376038361413655,7.600761146546153,0.9326723795175357,1.7168628766203704,2.4576550007648774
site_af687448e37c8c15,597,0.09029329688425469,0.05367322971413484,0.07260897929513864,0.09347797865726644,0.09346087510143909,0.07260897929513893,0.9998170311759729,0.6982748667827745,4.8672690389502105,32.0429181393385,3.6419996325965327,5.2166650988274705,5.214756299311897
site_afb9454fdc863c14,194,0.0982755242793543,0.058848669250539894,0.07870776835752949,0.10937564938938447,0.06564807965113337,0.07870776835753213,0.6002074503569063,0.70176652482842,1.8736672624420998,11.41664183460474,0.9775456534165927,2.3208283397938145,0.8360760502050208
site_b019e673dfa447d5,669,0.08183386004284895,0.06879459528696732,0.044317990803001917,0.05393584758916921,0.07018365500510658,0.04431799080300514,1.3012432017328688,0.7754416491856203,4.480146254523923,46.023584246981144,1.9637614516464807,1.9461716133034381,3.2953236925869245
site_b04900ecbfac7c98,10,0.09826163926373287,0.0922674353671074,0.03379452798268719,0.06557104238915223,0.0661484866847838,0.033794527982692744,1.0088063918856824,0.8683854336854872,0.09655349750795968,0.922674353671074,0.03766556884557009,0.042995616,0.0437562229068702
site_b050cd10feccfd77,44,0.06991490204840611,0.04462190672890706,0.053823591187461106,0.03862411570572958,0.05511478412149928,0.05382359118746117,1.4269526464090267,0.38343517555552076,0.21507611525128173,1.9633638960719109,0.03591462103887037,0.0656401818181818,0.13365613486541666
site_b07ebc840452ba9d,7,0.033928580092730566,0.010444147205352783,0.03228108325725384,0.11753381102769482,0.09051856537943029,0.03228108325725497,0.7701491561275176,,0.008058039829761828,0.07310903043746948,0.07338008676873786,0.09669937714285715,0.05735527474845137
site_b0b863b5597ced77,64,0.04157315640394054,-0.026332245115190743,0.03217048648342166,0.05769357489343483,0.04383339312700727,0.03217048648342315,0.759762126163467,0.8333595939242318,0.11061294933673615,-1.6852636873722076,0.134879191565793,0.21302710937499994,0.12296744659371317
site_b12672b82d8e070e,371,0.1086112600189903,-0.04817472721760807,0.09734270111529561,0.13394413567023197,0.08035220755832187,0.09734270111529561,0.5998934343504785,0.693222778087315,4.376466552880619,-17.872823797732593,2.768013800350844,6.656122679245283,2.395353063272882
site_b18fe53daa1d7307,44,0.11457052893388969,-0.09613056154522027,0.062332345032028676,0.0750882776613551,0.031240916750150376,0.062332345032028676,0.4160558441764447,0.5816548946754113,0.5775618684084153,-4.229744707989692,0.06003630785562777,0.2480829754545455,0.04294377469315236
site_b2267c975c71dbb8,491,0.09430731597767393,0.03185571854845326,0.08876419910456333,0.1117896625758952,0.03629506122114684,0.08876419910456335,0.32467278623822426,0.7313992439826206,4.366890094834201,15.641157807290552,1.4570859744177633,6.13599197148676,0.6468097513019775
site_b2271a910bc63599,20,0.05804613918955315,0.048214817101955416,0.03232159783547166,0.048808088212918155,0.03434086064006268,0.03232159783547197,0.7035895462706035,0.7507967442242465,0.06738708549625956,0.9642963420391083,0.025168384978622196,0.0476445895,0.02358589419000412
site_b2c81cb18e128f03,52,0.02702772624273484,-0.011372570878152662,0.024518617772493045,0.032330516834516924,0.019856605801684562,0.024518617772493145,0.6141753286320842,0.652973536882562,0.03798589526431532,-0.5913736856639384,0.02179799687719832,0.054353640576923073,0.02050280928610164
site_b2da63ab5c4ee3dc,2,0.05008119074712982,-0.04931324103474617,0.008736699908971787,0.0165,0.0077633000910282135,0.008736699908971787,0.4705030358198917,,0.005016251333300803,-0.09862648206949234,0.00025618890300393104,0.0005445000000000001,0.00012053765660671734
site_b2eaf44be71ff0ae,155,0.07379949807859036,0.05675233537266332,0.0471756117755839,0.07791314997229684,0.06186737826847427,0.047175611775585234,0.7940556669891042,0.7958551568564607,0.8441867170810388,8.796611982762814,0.594618214166501,0.9409211354838709,0.5932737365412448
site_b30a47c3dfe5fc92,477,0.06684244807136511,0.050300282338005445,0.04402038687801458,0.06429340664426855,0.06626787813332365,0.04402038687801534,1.0307103261766752,0.7730482167809363,2.1311944362105883,23.993234675228596,1.5710661248147675,1.9717472997903562,2.094712907683778
site_b33e3bea3571d4bd,118,0.07294162502264522,-0.04775185865052675,0.055138377346130675,0.08425870736789311,0.05437168547411738,0.05513837734613109,0.6452945597268417,0.7656765292936741,0.6278167179914136,-5.634719320762157,0.41391858824217465,0.8377445125423729,0.34884106139296894
site_b4081a628b4563f6,155,0.10315451394529837,-0.07414232543822259,0.07172007617050787,0.07336472668625012,0.0602947060533609,0.0717200761705083,0.8218487109100242,0.4378954808172251,1.6493323308300671,-11.492060442924501,0.3002400664777044,0.8342693838709678,0.5634949945994854
site_b419a77ce9d11fde,169,0.14592315970976166,0.13171058827250667,0.06281631536942324,0.07070852911122187,0.058741963749093455,0.06281631536942345,0.830762066294641,0.5422369298957852,3.598613083206023,22.259089418053627,0.380623905535633,0.8449486390532543,0.5831544935618679
site_b42936ae6e6a0d03,186,0.05351952389871337,-0.01895490183689261,0.05005048585876781,0.07487274362083088,0.05111794408550166,0.05005048585877178,0.6827310128285424,0.7464609536052942,0.5327671355321609,-3.5256117416620256,0.531394635343023,1.042702559139785,0.48602622260029615
site_b436f4a91f17ee10,151,0.11467743636050902,-0.007106999306805084,0.11445700053326432,0.12606925764110985,0.06044278910009285,0.11185678734617399,0.4794411439477144,0.461605533174318,1.985788075943008,-1.0731568953275676,0.5311309938733595,2.399912116049261,0.5516529438839437
site_b491b5d705afd5f5,391,0.06531001149486222,0.041105158782828485,0.05075198048251411,0.04204957950480631,0.05257824075531117,0.050751980482514544,1.2503868379778074,0.44255309730320996,1.6677704621704827,16.07211708408594,0.38256906534588475,0.6913533503836315,1.0809083177610748
site_b4a169fed07d4305,259,0.04514982140267507,-0.001218936658503928,0.04513336422333272,0.061761847544239926,0.07066665508947206,0.045133364223337157,1.1441797468712969,0.7757218990556185,0.527973150527605,-0.3157045945525173,0.8768809396807233,0.9879621853281854,1.2933880206574118
site_b4d57a535cfd4a12,156,0.060668714422389865,0.030316989544492506,0.052550671305175815,0.05214215258565391,0.0799800444882074,0.05255067130517678,1.533884592831571,0.7618145294172739,0.5741880939078174,4.729450368940831,0.4956150059621685,0.4241334358974359,0.9979019725483591
site_b5639796f8098e20,328,0.05252302087963747,-9.240420989510725e-05,0.052522939595807346,0.08939263547860543,0.07094946018685436,0.05252293959580797,0.7936835043177005,0.8093368429224912,0.9048430129218894,-0.03030858084559518,1.6836584391524427,2.621062195121951,1.6510948954643783
site_b582b14f96e98786,39,0.06942638225982337,-0.04028771155155622,0.056541337547193905,0.06014136316583706,0.026252710409842155,0.05654133754719392,0.4365167170795831,0.3512837828184281,0.18798087959379758,-1.5712207505106925,0.021630677555807123,0.141062358974359,0.026878987350658357
site_b61ae4423402851d,358,0.08957786443048062,0.04572795235003506,0.0770269314577602,0.07382807372468785,0.061835364172456955,0.07702693145776035,0.8375589535634794,0.3659268965793409,2.872661378941352,16.370606941312552,0.5980476926767252,1.9513092402234635,1.3688531899178535
site_b67b52a6713d2819,119,0.0742455290128292,0.01159729579627013,0.07333417558416182,0.11061508376292459,0.06353367021935365,0.07333417558416186,0.574367148295272,0.775089658906082,0.6559754308289886,1.3800781997561455,0.6482122005792976,1.4560479139495799,0.48034674293344853
site_b69cf9ad02aa761c,62,0.08939725959818706,-0.04877067751653733,0.07492189959046398,0.09497987628473452,0.05413986531402366,0.0749218995904642,0.5700140643658134,0.6163717572749517,0.4954959414672702,-3.0237820060253147,0.1965093371882554,0.5593129677419355,0.18172975100567856
site_b708e7aad1210ce8,162,0.11657598537080577,-0.06316387998616255,0.09798104219831497,0.11452000377685578,0.060528546272641565,0.09798104219831597,0.5285412528503098,0.5177821571316614,2.20157357915824,-10.232548557758331,0.581438375441638,2.124602664938272,0.5935201960484484
site_b72a5ec99205d5b7,153,0.06003789938284276,-0.04345716730208179,0.04142491970279755,0.061489892484022216,0.06178215853813124,0.04142491970279874,1.0047530747298827,0.7741578888082367,0.5514960524325657,-6.648946597218513,0.4499743784492214,0.5784940522875817,0.5840063723855097
site_b756906d27dccd10,62,0.14734359552958243,-0.12198315899602827,0.08264529063978703,0.07280918320657881,0.060910695252971755,0.08264529063978712,0.836579845706442,0.2458980541508867,1.3460283789022813,-7.562955857753753,0.06761242260471464,0.3286729838709677,0.23002699336442456
site_b7a18627a594b786,48,0.07598546246296588,-0.05167271774063508,0.055711046902813206,0.07420451114875962,0.033226516710304896,0.05571104690281331,0.4477694980524146,0.7111150805756294,0.2771419442741182,-2.4802904515504838,0.08415816337245827,0.2643028547916667,0.05299206780960819
site_b7a3262e8a713a7b,102,0.042715148049380106,0.026929000588024363,0.033157394351948775,0.07305809270471093,0.055755630316537866,0.03315739435194986,0.7631684355885551,0.9017973199474643,0.18610755503380702,2.746758059978485,0.37468488349312656,0.5444234607843139,0.31708641182343256
site_b812626cb80e0341,68,0.10522492255666903,-0.07837154730497038,0.07021527540415823,0.11366791593258296,0.050077342717163284,0.07021527540415827,0.4405582904050464,0.9221367929533847,0.7529153342398758,-5.329265216737986,0.35693031584356416,0.8785868676470588,0.17052633724563143
site_b843de06c1a6a47d,69,0.1071368280381694,-0.023937344130916863,0.10442846105367225,0.07980383758425219,0.08608317261136332,0.10442846105367225,1.078684624915209,0.20915275598299615,0.7920026946235394,-1.6516767450332637,0.09914132595807314,0.4394370220289855,0.5113115698718063
site_b87223f545f36d24,58,0.05934437398392157,0.013616819411310658,0.05776103316824674,0.04813199869581796,0.024519126895353804,0.057761033168246885,0.5094142682565184,-0.177290363593318,0.20426177396552572,0.7897755258560182,-0.012135342044460363,0.13436797931034486,0.034868879855206814
site_b87cd5aaea8e51ba,65,0.058188936688135406,-0.00399449185866576,0.058051669981895294,0.07075796900360265,0.05039828227880785,0.058051669981895315,0.7122629859011613,0.5856122878402471,0.220086902938229,-0.2596419708132744,0.13574212101067487,0.3254348615384616,0.1650991456825358
site_b881d34c09ab42e7,66,0.0990376940887709,-0.036541892395958744,0.09204974171904633,0.06640967428998663,0.08142027499220052,0.09204974171904667,1.2260303316150614,0.237313342037087,0.6473586801277839,-2.4117648981332773,0.0846895852626273,0.2910761593939393,0.4375312378671665
site_b904064dea358149,1211,0.11470055918087953,0.09704360160238974,0.061145381382759476,0.06765767789582397,0.06255395136571025,0.061145381382759476,0.9245654493497074,0.5613792695967508,15.932180332728208,117.51980154049397,2.877215230164377,5.543426829066887,4.738639162902473
site_b9048e7e348a00c2,124,0.06521821927824047,0.05780050417290578,0.03020791027500174,0.04441798252471714,0.05680721078738851,0.030207910275004156,1.2789237051857811,0.8495945015470057,0.5274235996022574,7.167262517440317,0.26582490860122227,0.24464668927419353,0.40015534048290596
site_b9661fa344baf0d4,144,0.13074814799953155,0.12696823374057808,0.03121130926611906,0.03914794666895138,0.05005167575598931,0.031211309266119095,1.2785262067317003,0.7817582823817362,2.461691261564266,18.283425658643246,0.2205782026756141,0.22068888888888885,0.36074451542150704
site_b969a6c48312ad74,9,0.09749385088185475,-0.09189730667008295,0.03255665809873707,0.02736668696710574,0.03582075799635797,0.032556658098737236,1.3089183224631415,,0.08554545863795998,-0.8270757600307466,0.004374568225940066,0.006740419999999998,0.01154814033090279
site_b9eaf91685021861,238,0.05457883296120688,0.017968456590876862,0.051536235554695844,0.0647945061807904,0.04243145410777848,0.05153623555469599,0.65486191050497,0.6079260570136604,0.7089660637629427,4.276492668628693,0.3977899576979024,0.9992020714285714,0.42850193485272176
site_bb41a05397abcbe3,238,0.10449623420519431,0.0987879329325021,0.034064751136479644,0.03927229290354515,0.04462392880201006,0.034064751136479665,1.1362700138647064,0.677096264034926,2.5988321852099037,23.5115280379355,0.2824108882549712,0.3670704915966386,0.47392821517099337
site_bb59973d2df99f1c,65,0.0451712769333273,0.013169709126765908,0.04320883036259748,0.08388345535825427,0.061543737381437855,0.04320883036259748,0.7336814765032429,0.86751189684844,0.13262887688617758,0.8560310932397841,0.2911045368533868,0.4573682153846154,0.24619605470690042
site_bbd4ea535f73b619,96,0.04256499266793063,-0.031346367131608224,0.028795552928732236,0.033865973005424876,0.016594152966999724,0.028795552928732263,0.489994867838038,0.5276782037738613,0.17393074567881486,-3.0092512446343895,0.028468136247596698,0.11010279625,0.026435127618449836
site_bbfd063296f373c3,52,0.07846439040098079,-0.053593523309781003,0.057309639854403974,0.060392120430228076,0.03954360319435958,0.057309639854405355,0.6547808375108289,0.403352489113312,0.32014634917187135,-2.7868632121086123,0.050089258528672735,0.18965482692307692,0.0813122207868342
site_bc37e7bebe33d230,276,0.037204030800295475,-0.010554972585560618,0.03567537612285815,0.04322011711482802,0.05796854742265013,0.03567537612285831,1.3412399431643882,0.7894122406304848,0.3820226145498562,-2.9131724336147307,0.5458726002041627,0.5155620724637682,0.9274572873206024
site_bc93eecd419d5cf1,153,0.04485170707463165,0.025910939141815782,0.03661009232845065,0.04305533038598709,0.06505240258802085,0.036610092328453164,1.5109024133558382,0.8471130454005392,0.3077863710088101,3.964373688697815,0.3630137438069274,0.28362550562091504,0.6474677076185131
site_bcf274618f28d9ed,84,0.08699535554906672,0.01447242083577883,0.08578310394396235,0.08133476478471574,0.05958034831029442,0.08578310394396503,0.7325323736780589,0.28956333135961165,0.6357281185171167,1.2156833502054216,0.117869679694197,0.555688892857143,0.29818470400118424
site_bd11119142bc591a,41,0.07931642154079116,-0.018002975891276106,0.07724627877829851,0.10489694100970975,0.047556541535979574,0.07724627877829852,0.4533644268194391,0.7314777003565545,0.2579348837674957,-0.7381220115423204,0.14960910846474695,0.4511380975609756,0.09272661035739738
site_bd599065e701bf2f,260,0.06297363457035814,-0.04402321155162958,0.045029273763647064,0.06182782975767772,0.061926515255125575,0.045029273763649645,1.00159613393895,0.7352126950225969,1.0310764492602615,-11.446035003423692,0.7318919827057765,0.9938969384615384,0.9970722558272582
site_bdd9f4c5442812d1,142,0.04116959654956259,0.002075752380028576,0.04111723400364574,0.05363880748875492,0.06440643595196426,0.04111723400364706,1.2007432485419574,0.7720942178250414,0.24068086656763338,0.2947568379640578,0.37876254474050564,0.408551276971831,0.5890428368688954
site_bdfe6061d850b13b,146,0.044482074665397296,-0.00010228057920116369,0.04448195707498826,0.07322054408813285,0.04894342580305685,0.044481957074989045,0.6684384336743724,0.80616682680772,0.288883625114545,-0.0149329645633699,0.421798562549667,0.7827422191780822,0.3497370036835423
site_be8516cfd6e0790e,150,0.10911005230386087,-0.07990515795389812,0.07429784146335508,0.08362365029636586,0.06048511737530822,0.07429784146335514,0.723301567929005,0.5072369475478192,1.7857505270626879,-11.985773693084717,0.38483963000098864,1.0489372333333333,0.5487674135857219
site_bef664d28695b721,15,0.03166947472767826,0.025395699846744536,0.018921259440669164,0.10624619627178293,0.10220291002240256,0.018921259440671044,0.961944178791705,0.9842675999292798,0.015044334442905783,0.380935497701168,0.16031756235336267,0.16932381333333335,0.1566815222557097
site_bf2aa2626c0e2039,210,0.05412128905047649,-0.028074928053702625,0.04626999398384062,0.06079515819425051,0.043356658932065036,0.04626999398384136,0.7131597354107279,0.6515746897008396,0.6151139249818975,-5.895734891277551,0.36066857298681776,0.7761707645714285,0.3947579734877972
site_bfacedeb5df79c6e,50,0.07277538022402157,0.030796838393688204,0.06593793075085053,0.08558305916476695,0.04077280803899608,0.06593793075085082,0.4764121361974115,0.6647259168711261,0.2648127983375454,1.5398419196844102,0.11597677949202059,0.3662230008,0.08312109376924115
site_c0555c6b321e4775,2,0.05600035041522808,-0.024166796225309373,0.050517375296354305,0.02560000000000001,0.02491737529635457,0.050517375296354444,0.97333497251385,,0.006272078493256671,-0.048333592450618745,-0.0012757696151733404,0.0013107200000000011,0.0012417511833187622
site_c0951b8580287e99,50,0.19917104168331629,0.19136646394371987,0.055208516760498746,0.031165853108811252,0.05774117993717217,0.05520851676049919,1.852706541854537,0.34935726962102115,1.9834551922608654,9.568323197185993,0.03143434844106435,0.04856552,0.1667021930268447
site_c0aaae0aecb597e5,655,0.1392694218843055,-0.1313536982162308,0.04628366706418187,0.03983966157125624,0.03268235416426077,0.04628366706418188,0.8203471835674585,0.1970567652353524,12.70436157615258,-86.03667233163118,0.168058940727076,1.0396151053435116,0.6996292592854034
site_c0baac71bcc40ff4,11,0.022899010838409138,0.01280499910658056,0.01898411692068004,0.07213076509179196,0.08045990217567296,0.01898411692068081,1.1154727400060367,0.9749275923072512,0.00576801167115337,0.14085499017238615,0.062239355395734317,0.05723132000000001,0.0712117544393075
site_c0e5aee02ccea819,55,0.05011437321316739,-0.009629316943342037,0.04918055162107574,0.06727519405796753,0.04746013231151494,0.04918055162107589,0.7054625850743889,0.6827184412227207,0.13812977214017463,-0.529612431883812,0.1198914540122856,0.24892734545454548,0.12388552874645775
site_c1458c9cb325529c,104,0.21549829105963159,0.21075853011814447,0.0449483640643447,0.017171163645680672,0.049210759663181884,0.04494836406434643,2.8658954441658135,0.41194517523830954,4.829709398760656,21.918887132287026,0.0362019993666846,0.03066428153846154,0.2518566821292547
site_c1eaac8764a60481,45,0.06361215305746458,0.03858849080337418,0.050571082588018686,0.06595597484143458,0.03814331036895559,0.05057108258801868,0.5783147085712296,0.6454597296241866,0.18209277074728347,1.7364820861518382,0.07307253785389994,0.19575857777777778,0.06547104566561136
site_c204fd32b9271e1b,91,0.09714029089781355,0.043293558129897484,0.08695920848400718,0.13493713515257091,0.06622880327095308,0.08695920848400741,0.4908122822977485,0.8410452891179118,0.8586974865297773,3.9397137898206713,0.6839733303002932,1.6569307703296705,0.3991491488259371
site_c29be1fac6229539,472,0.05783508829130982,-0.02771966155883619,0.050759410957251866,0.11395275257323767,0.07671349837589159,0.05075941095725188,0.6732044346764477,0.9319495177492393,1.5787915905772203,-13.08368025577068,3.84530679292055,6.1290284745762715,2.777701513208059
site_c2fa2fe516862278,53,0.045259531212392436,-0.020289733861077502,0.04045679010267831,0.04345334673907901,0.03016383353969178,0.04045679010267831,0.6941659458548554,0.44300031985162514,0.10856653377497283,-1.0753558946371076,0.03077440577745438,0.10007424716981132,0.04822241325194243
site_c33eaf01c8613ed2,878,0.08038642698612557,0.07214651312490326,0.035452197217011226,0.020196042709814937,0.045620050335059864,0.03545219721701129,2.2588608565820314,0.6687025679697521,5.673616371077022,63.34463852366507,0.5409405614801325,0.35811876391799546,1.827283935479441
site_c3aa24263a4277b0,258,0.07380246642886387,-0.007855452427337336,0.07338321278157164,0.09840480401585196,0.05696784806453486,0.07338321278157194,0.5789132820726715,0.6728386069910486,1.4052754451537637,-2.0267067262530327,0.973143137038014,2.498344406976744,0.8372966139808133
site_c3aefe4e5e9b8037,305,0.06405101925077555,-0.026944489974272057,0.058107895565831444,0.09016047111083199,0.06136143411920825,0.05810789556583155,0.6805802294863585,0.769796640382036,1.251272585454282,-8.218069442152977,1.2989353147030367,2.479317718032787,1.1483938071356097
site_c3d5b5decd374619,53,0.04975023530666933,-0.020873198220190015,0.045159666840330265,0.031450866369180014,0.05422983114003656,0.04515966684033042,1.724271455783443,0.5542517569159505,0.1311795533926553,-1.1062795056700707,0.05010185590056034,0.05242532075471698,0.15586635303027457
site_c3fac8d15831ac8c,148,0.039552672691250526,0.015304093166783047,0.03647188848090567,0.054643480170353635,0.05006900757712297,0.03647188848090682,0.9162851161937431,0.7607274753863105,0.2315332597191369,2.265005788683891,0.3080336428686372,0.44191466891891895,0.3710220169241837
site_c3fba37c42f73863,128,0.047089622543458214,0.04252014049920254,0.02023537010319912,0.01969198355444656,0.019241917853923336,0.020235370103199413,0.9771447249446032,0.4599430054973927,0.2838313665645271,5.442577983897925,0.022307546610705324,0.0496350996875,0.0473921795452331
site_c438c579f3fbc2ec,83,0.0885777422783081,0.06184154397579559,0.06341640060593243,0.08455079810219648,0.06502159651426606,0.06341640060593247,0.7690240420400823,0.6689253773478239,0.6512193634511567,5.132848149991034,0.30523273269756734,0.5933535091566267,0.35090806510091344
site_c45005d41e05ffcd,278,0.07779862750211358,0.04947028313373491,0.06004429638092804,0.09478918420125944,0.0670892468613073,0.06004429638093009,0.707773227785791,0.776861023301401,1.6826301506571095,13.752738711178305,1.3734088151726684,2.4978270647482015,1.251268838348046
site_c4ae57110fb255d4,1016,0.1029166983904426,0.07310112478390453,0.0724435805500898,0.03309788869498283,0.0761363015292194,0.0724435805500898,2.3003371070240073,0.32622348454855354,10.761316356510758,74.270742780447,0.8352202161177407,1.1129977598425196,5.889484193116987
site_c4f8e2def8cc0f30,94,0.07032461534649849,0.04005125211845052,0.05780526556791588,0.07413675607400827,0.06153517889690011,0.05780526556791768,0.8300225442218105,0.6511797413091582,0.4648818432214992,3.7648176991343494,0.2792452414366318,0.5166483085106383,0.3559383547361091
site_c56fc9c5f1ff5d0d,122,0.04030496269474497,0.005602892528791896,0.03991362691031212,0.05707869031375326,0.044063986895606005,0.039913626910312146,0.7719866495428097,0.7169681506808308,0.19818778217462363,0.6835528885126113,0.21999736717196758,0.39747318032786877,0.23687946281860883
site_c59fe04d734e33bd,568,0.07862584736057153,0.05281738558092587,0.058243863655871045,0.07799892408405983,0.048754243013035235,0.058243863655871045,0.6250630195936105,0.6664154534745732,3.5113895599593627,30.000275009965893,1.4394428434806967,3.455616665897887,1.3501224882876859
site_c5ee40e68c26cb53,124,0.15564456222428952,0.15044997320780837,0.03987524685516682,0.023903501968279766,0.03906404050135992,0.03987524685516682,1.6342392237421264,0.2716636775469552,3.0039284889988505,18.655796677768237,0.03145516400249495,0.07085079838709678,0.18922390827619412
site_c6112b3d07cf93a0,216,0.1845945966175738,-0.155138076606862,0.10003670469946627,0.11398090644317443,0.051617261339434166,0.10003670469946643,0.4528588423287204,0.48005094590826,7.360235661687434,-33.50982454708219,0.6100538127835908,2.8061957592592597,0.5754978003276241
site_c62b54e06aa4fffe,37,0.062367548218606794,0.054348863991531174,0.03059267973928226,0.03362320757535222,0.03827405752764387,0.030592679739282782,1.1383226136848705,0.6447726795423424,0.14391930961960903,2.0109079676866535,0.030700963002604404,0.04182924324324325,0.05420142874628753
site_c6d377978f89caf6,53,0.04831388635967874,-0.009852355193979334,0.04729865444500107,0.08859817651313413,0.06515920956695147,0.04729865444500111,0.7354463955281519,0.8538211244236205,0.12371427560432541,-0.5221748252809048,0.26124221415417087,0.41603075471698114,0.22502329734366472
site_c6dbad6563643f29,50,0.16206345370146225,-0.15440943261337278,0.04921676691598386,0.03219481877569743,0.06263676477325185,0.049216766915983916,1.9455541964576555,0.6291794534097103,1.3132281512823,-7.720471630668639,0.06343951278993487,0.05182531779999999,0.1961682150629842
site_c7184b24616d8b68,11,0.04841780662249566,0.04256869157877835,0.023069254331343915,0.08969228294471443,0.10034183499745918,0.023069254331344272,1.118734318082962,0.9767342924390762,0.02578712397946723,0.46825560736656185,0.09669549436298285,0.08849176181818182,0.11075332235723057
site_c79eeb4ffddf3d41,568,0.04463339005160988,-0.014295828998508588,0.042282014861457926,0.037862885422486836,0.03827938371933149,0.04228201486145794,1.0110001731827152,0.38331900220700393,1.131535240259516,-8.120030871152878,0.31556391043583276,0.8142837165492959,0.8322967717852742
site_c7e77fa91cd0e5b5,45,0.06233904792247963,-0.010335725592904622,0.0614762529140268,0.06847696197253246,0.04865195613823481,0.061476252914026835,0.7104864867946409,0.49178147402481337,0.17487706031465453,-0.46510765168070795,0.07372749340608717,0.21100924444444452,0.10651557762345255
site_c83832e8d67694ad,46,0.04301375228505784,-0.011742035064360367,0.041380037435793236,0.04370764641784688,0.022256174255274236,0.04138003743579344,0.5092055070296924,0.3564006482917268,0.08510841273945464,-0.5401336129605769,0.01594792744266274,0.08787648434782606,0.022785515454132058
site_c8f87af663a64c0b,62,0.07389702092018537,0.06145097342345023,0.04104324020089946,0.018646476680913814,0.03503544224415611,0.04104324020090031,1.8789309553593971,-0.08371065635110092,0.33856772145445546,3.8099603522539143,-0.0033906020703334968,0.021556847741935482,0.07610389722110311
site_c8f923241d7b6cf3,153,0.07939120837208877,-0.047209630635049606,0.0638295757629847,0.08825432910147732,0.055577887536488534,0.06382957576298509,0.6297468702366261,0.69352991413531,0.964353486917404,-7.22307348716259,0.520468778625715,1.1916904705882354,0.4726019422018408
site_c90d703c921023d7,384,0.08675880181772153,-0.06278861745617663,0.059872190629611924,0.07920925509474842,0.04754136319575137,0.05987219062961236,0.6001995996412717,0.6571934981939164,2.8904024420531247,-24.110829103171824,0.9503247545062332,2.4092567395833333,0.8679095863719717
site_c91d0d6c46ea62b9,342,0.05989594036565224,-0.03646336326159928,0.047517857821438254,0.059308350639052314,0.039421801972562696,0.04751785782143836,0.6646922658915577,0.6017026317558131,1.2269330959217333,-12.470470235466955,0.4811276715539004,1.2029783157894736,0.5314948370012703
site_c9aed1d9afe08cac,128,0.07295843219898844,0.011313022451475264,0.0720759901211687,0.10018987832485875,0.057929829445393495,0.07207599012116903,0.5782004171874532,0.7063191883033331,0.6813354021036024,1.4480668737888338,0.5247314244080334,1.2848655,0.42955073786526454
site_c9e5c8b8112d21fb,124,0.03647591076211342,-0.03173304313209749,0.017986273641366138,0.04699091275175974,0.049992739764339364,0.017986273641366683,1.0638810109613632,0.9330634949465124,0.16498101617478206,-3.9348973483800886,0.27180265999495257,0.27381008927419354,0.3099099796139748
site_ca4c08bc8824e7df,72,0.10819686918049964,0.09813270986908013,0.045568999925531595,0.02617135116713656,0.05864524358899283,0.045568999925531616,2.240818336602882,0.6670695716993108,0.8428725000332751,7.0655551105737695,0.07371613667926027,0.049315652777777774,0.247627050884086
site_caaaa1aabb1e21d9,11,0.08976822950863574,-0.06143432695865631,0.06545348348447173,0.13489371083612645,0.0755263708796507,0.06545348348447186,0.5598954199681166,0.962717165867406,0.0886416853202661,-0.6757775965452194,0.10789013081626458,0.20015944545454548,0.06274655968075604
site_caab4140fe1f5c75,199,0.06729031792815729,-0.04803674453496934,0.047121736612253384,0.0745912890863636,0.053484582119096395,0.04712173661225348,0.7170352299069487,0.7775445377084468,0.9010693904876249,-9.559312162458898,0.6172982856311915,1.1072082211055276,0.5692595043664188
site_cadb6c34bf67432d,262,0.06047540153748921,0.0048309591069021305,0.06028213686680319,0.08020170337813158,0.03703475040957236,0.060282136866803185,0.46177012269879725,0.7019526712093301,0.9582058380735847,1.2657112860083581,0.5462634418026922,1.6852660648854962,0.3593520573296219
site_cb6d0d529a35bf72,121,0.10726107480661326,0.04853685630047617,0.09565098927421929,0.08029625390703674,0.0604449230191778,0.09565098927421983,0.7527738851822169,0.09806996882182337,1.3920975184090563,5.872959612357616,0.05759390435022386,0.7801460953719007,0.44208423497411403
site_cb73c7416c77fcc5,47,0.057819760723986986,-0.05098040349432763,0.02727862147790199,0.04779927284365394,0.039572825912310046,0.027278621477902106,0.8278959816344553,0.8211921606513738,0.1571268623184181,-2.3960789642333986,0.0730064123653351,0.10738421276595744,0.07360240188224187
site_cb8aadebec9e1fcf,153,0.04827197420793761,0.04380008634601543,0.020291277190294985,0.045301158013228364,0.053473763513542556,0.020291277190300817,1.1804061056877997,0.9288017842264361,0.35651807457156437,6.701413210940361,0.3442425314295526,0.31398582235294115,0.43749483779824816
site_cbe94aaae2e082ea,54,0.05791464715954554,0.034262784979078496,0.046692268322411704,0.04945340773937663,0.02841426620262146,0.04669226832241243,0.5745663949462672,0.3817448261995473,0.18112174320319147,1.850190388870239,0.028966737774014477,0.13206453499999996,0.04359800828700555
site_cc2f4e33aba4f988,24,0.06080176898356728,-0.02066522987484932,0.05718219465664744,0.061927302249402794,0.02234125191320569,0.05718219465664746,0.3607657866837101,0.38463793831767795,0.08872452267674602,-0.49596551699638375,0.012771826982249818,0.09203977833333332,0.011979156889183606
site_cc39c5b4f811532d,154,0.055758100977546216,0.042546012169741965,0.036038904992721534,0.04908372963373881,0.05549098810436797,0.036038904992721534,1.1305373189535497,0.7691104818157956,0.478780736991825,6.552085874140262,0.3226037893911654,0.3710187272727273,0.4742044631630626
site_cc701381aa01ffc3,51,0.059735886239257734,-0.007085269097019645,0.059314206279881716,0.08519605361131434,0.03536034998234274,0.059314206279882146,0.41504680655356974,0.8282894067028644,0.1819871813442666,-0.3613487239480019,0.12725894429768417,0.3701767450980393,0.06376807189456207
site_cc73ca175d85bc6f,40,0.0598342508879891,-0.02445175909623503,0.05460997213354454,0.07918143721858047,0.042936814524421565,0.05460997213354455,0.5422585903043718,0.754606590352231,0.14320550317307296,-0.9780703638494013,0.10262041970156134,0.250788,0.07374280166018314
site_ccee683800437b50,18,0.18598428125293787,-0.172562496026357,0.06937101583749093,0.07771759576413839,0.03421121919693003,0.06937101583749095,0.4401991448726245,0.45097074086727895,0.6226227517170941,-3.106124928474426,0.021582849347756963,0.10872044444444441,0.021067335340927085
site_cd09f5e742102c10,336,0.11446954510474418,0.09866742140657844,0.05803461647554611,0.09010750539408285,0.060911670502477866,0.05803461647554645,0.6759888672545339,0.7708322213134137,4.402700990179653,33.15225359261036,1.4215450069436004,2.728105809523809,1.2466378187432172
site_cd9b47f2c6e7c758,40,0.11924595546319419,0.10696475078463555,0.052708063746554984,0.05713072181409929,0.040689563564466416,0.05270806374655617,0.7122186150013712,0.46059488506388274,0.5687839157732038,4.278590031385422,0.04282839948311449,0.130556775,0.06622562332267012
site_cdb6242d14e183d0,160,0.09154754824038795,-0.05064119969829918,0.07626547372135796,0.1102085494641863,0.05716466650275105,0.07626547372135797,0.5186953896106531,0.7616863260428955,1.3409525742121853,-8.102591951727868,0.7677840791542083,1.9433478999999998,0.5228478554193197
site_cdbb0d22e7b06f01,175,0.1123909060938875,-0.08222595016506741,0.07661989879957352,0.08999552269316693,0.07305758823391276,0.07661989879957361,0.8117913652548826,0.5753735591813676,2.2105502602058813,-14.389541278886796,0.6620246859900952,1.417358968342857,0.9340469597472909
site_cdd0193742d73d25,11,0.1135545306754831,0.10386373576684432,0.04590158852898643,0.05671488938264758,0.019792325422501034,0.04590158852898651,0.3489793533575448,0.6687451447479729,0.14184094580622156,1.1425010934352875,0.008257474466074596,0.035382365454545456,0.004309097601931988
site_ce2a9736239174ff,54,0.09851939472934862,0.0840862048632569,0.05133791278900614,0.062441031166324074,0.05176764760743153,0.05133791278900632,0.8290645852650659,0.6099430086196309,0.5241278414432091,4.540655062615873,0.10646614140451506,0.21053964814814813,0.14471402429558938
site_ce840bd031a93a0e,69,0.03218208284373674,0.0053198089439799815,0.031739346070149034,0.07901782346484096,0.06743964209284922,0.031739346070149214,0.8534738004123403,0.9180575468972209,0.07146236547511828,0.36706681713461875,0.33756648033112274,0.4308233333333332,0.31381926746720046
site_cec4a302b657dde7,101,0.049696107270171534,0.006761692833192276,0.049233957669863916,0.0984110503445555,0.07458294966158276,0.04923395766986396,0.7578716963232676,0.8735518923178965,0.24944001085864798,0.6829309761524199,0.647580115426295,0.9781582178217822,0.561824254402441
site_cedd671db129d181,93,0.07017946846910786,0.02387589758955022,0.06599317622981798,0.0607916632045953,0.0735967451731947,0.06599317622981934,1.2106387832407823,0.5316199179747636,0.45803967489840486,2.2204584758281705,0.22120086764616353,0.343693247311828,0.5037327237081985
site_cf410c13c4f583ea,45,0.03604007257876889,-0.025369846628109618,0.025598002139798418,0.06510923774324326,0.0614363205771826,0.02559800213979855,0.94358838632784,0.9197805198713304,0.058449907416731825,-1.1416430982649328,0.16556347377043631,0.19076457777777778,0.16984896687280576
site_cf467e53e3fb79b4,253,0.07165111654981454,0.020509987161564734,0.06865291639448069,0.07252174968612889,0.05812026413737293,0.06865291639448073,0.8014183936393567,0.4654996379677914,1.2988722732172824,5.189026751875878,0.4964045134606981,1.3306292569169962,0.8546251711596935
site_cf53fcd25709e5dc,34,0.06396437613556513,0.027545434285612663,0.057729459242479034,0.06480489750384943,0.02868372393377957,0.05772945924247946,0.4426166082906889,0.45451330719775285,0.13910900809000987,0.9365447657108306,0.028725585010998388,0.14278894117647065,0.027973704636115482
site_cf6b1b2134e1588b,836,0.0514941838764415,0.02061216977709218,0.047188869770117346,0.04415691325293052,0.04656623829915466,0.04718886977011736,1.0545628049774118,0.45993543246085383,2.2167802135122416,17.231773933649063,0.7906294888009865,1.6300603779904308,1.8127945632429385
site_cfa28b3d4c2af861,102,0.1075872116427482,-0.004840610883282679,0.1074782610360725,0.10268213657996172,0.04109213200550963,0.10747826103607337,0.40018773833664756,0.080651678901693,1.1806508271242724,-0.49374231009483327,0.03471100239233644,1.0754493596078434,0.17223345790133937
site_d04beb93196a3a21,622,0.03977227807126313,0.017226036316808014,0.035848260429062515,0.05554434597774493,0.05219894648889412,0.035848260429062515,0.939770656581478,0.7803122612150609,0.98390081205224,10.714594589054585,1.4072148553542072,1.918978458199357,1.694782069050369
site_d0ce78b41de4999b,52,0.06575954433384462,0.0005556309397403993,0.06575719690842728,0.08190731971972125,0.043141454849404494,0.065757196908428,0.5267106163042605,0.6008014603817056,0.2248645188917336,0.028892808866500766,0.11039561532838987,0.3488580692307692,0.09678162657920675
site_d122c9eee96eec44,13,0.057307164359957655,-0.04951637603686405,0.028848563069156074,0.022781701366661872,0.021867156546849204,0.028848563069156216,0.9598561667939784,0.16554441291650795,0.042693444130729605,-0.6437128884792326,0.00107210259941908,0.006747076923076924,0.0062162429607773295
site_d132cef849713e59,125,0.05569982788910011,0.03140852630257606,0.045999731546779304,0.07024353066297281,0.08681767419297437,0.045999731546779395,1.2359525976779842,0.8490358848642936,0.3878088533594219,3.926065787822008,0.6472179281188548,0.6167692000000001,0.9421635690346811
site_d15ecf104b47687d,115,0.09566345993961452,0.08341888334802958,0.046827208635429725,0.05843127318654265,0.0452418796112223,0.04682720863542984,0.7742750952351658,0.6181584377681899,1.0524222202760967,9.593171585023402,0.1879245985813115,0.39263457391304346,0.23538518213697818
site_d1bc13bbd7c8604f,141,0.06758851744743055,-0.04962693145799298,0.04588436950427989,0.05890450722807299,0.032762646129074494,0.04588436950428002,0.5561993075032519,0.6315865094017743,0.6441172843945691,-6.997397335577011,0.17186183947908118,0.48923347702127656,0.15134812837443334
site_d1da6ed45ac274f5,50,0.09421566373270156,-0.02858081337213516,0.08977599010637909,0.10882830514163123,0.05424843474049489,0.0897759901063795,0.49847725433098444,0.5697012019980848,0.44382956462967477,-1.429040668606758,0.16816910680532454,0.5921799999999999,0.14714463358968666
site_d2a88afeebc07d80,46,0.0908537997649438,0.06568494106634805,0.06276863427571835,0.051980006516974646,0.062485230636222404,0.0627686342757184,1.2021012466748568,0.41047381192481697,0.3797029948595111,3.02150728905201,0.061327744555538105,0.12428836956521742,0.17960258619244773
site_d2c6c5fd07d735c9,451,0.05323537686563514,-0.014191008347523978,0.05130906968662271,0.059102753639767254,0.04899802055643452,0.04512903136552359,0.8290310948129196,0.6659912534010074,1.2781364128618167,-6.400144764733314,0.8698238637259432,1.5754041049991625,1.0827635143203995
site_d355ed29576c96c4,250,0.04781014222568014,-0.027323371069788934,0.03923318866753484,0.06243067502438204,0.05733307172119839,0.03923318866753523,0.9183477785368683,0.7886123514215017,0.5714524249099409,-6.830842767447233,0.705678400495708,0.9743972959999999,0.8217702782470198
site_d3c0f0b2faa9bb95,81,0.04137644464325712,0.02705486099153389,0.031305665111051366,0.053459110804130454,0.035680374519565475,0.03130566511105141,0.6674329965998738,0.825954991239682,0.1386728238766382,2.191443740314245,0.1276122999240679,0.2314879987654321,0.10312021919437304
site_d4253e2faeb3b528,43,0.09671137499993517,-0.09006948669913203,0.03522183442316658,0.062157952638881506,0.037141299264773955,0.035221834423166745,0.5975309302826208,0.8668592540140008,0.4021828723382576,-3.8729879280626776,0.08605395569479915,0.16613527627906977,0.059317472776246424
site_d46dadf54503ff71,88,0.06694283616707221,-0.053254447567869324,0.040562385634138054,0.05799199770244737,0.05362139472452528,0.04056238563413962,0.924634377999059,0.7385196187324188,0.39435821164004947,-4.686391385972501,0.20209282022121958,0.29595031818181816,0.25302234955389463
site_d47f3d91f6768d70,53,0.02990319879527707,0.011299247267111292,0.02768624765811608,0.023595725819878736,0.04050546539503292,0.02768624765811613,1.716644179722931,0.7485817041888697,0.04739266880406258,0.5988601051568985,0.037919451402886856,0.02950818867924528,0.0869567145240151
site_d55e4a9082082245,5,0.049633882068831,0.04605826094627381,0.018497536263718282,0.08287425173116195,0.06755731139807632,0.01849753626371852,0.8151785384105468,,0.012317611246113119,0.23029130473136905,0.027724932688772682,0.034340708,0.022819951616683265
site_d583e7eb857a6d07,415,0.06916667739114053,0.016409935496514105,0.06719183937302475,0.08165805495321894,0.06981058089137093,0.06719183937302528,0.8549135897415718,0.6163225350231054,1.9853721434519962,6.810123231053353,1.4580634619466513,2.767235744578313,2.0225096398221174
site_d5dd2bb3b8af01ea,43,0.08407277693222859,-0.012407508517420568,0.0831521830951323,0.10177320782100992,0.03899790020022767,0.08315218309513281,0.383184347189035,0.6253980588679907,0.3039339683071395,-0.5335228662490844,0.10673323467945638,0.4453847906976744,0.06539595746115745
site_d5fa35b8748ecd00,221,0.12204125039912797,-0.10472546452936543,0.06266293863274588,0.060033626254582965,0.047344252509900285,0.06266228915375151,0.788628897896802,0.33757656119575385,3.2915887625751665,-23.14432766098976,0.21204420097336066,0.7964920181617647,0.495366692304385
site_d65f83745aba7368,108,0.052544159530526116,0.033814693771026756,0.040217597963342656,0.03172314651309605,0.047283051414939235,0.04021759796334268,1.4904905916384965,0.5415417833555821,0.2981759796830929,3.6519869272708894,0.08772784865233633,0.10868666666666667,0.24145419071964103
site_d68e520b86217ecc,289,0.10222041755758529,0.0981004265055937,0.028728384658168665,0.04461660394612093,0.047250387080455286,0.02872838465816867,1.0590314569328254,0.8059002988115304,3.019764978272009,28.351023260116577,0.49099948940023935,0.5752953494809689,0.6452211339040754
site_d6e0f79187805dc4,57,0.03797924385147876,-0.0157897754327247,0.034541365857681576,0.089119622819205,0.07623764776017852,0.034541365857681576,0.8554529894593489,0.9244097885826053,0.08221810892121495,-0.9000171996653079,0.3579993343356539,0.4527115087719298,0.33129419935228804
site_d735284ea202b77e,489,0.154211934019234,-0.13339896167148596,0.0773694876480515,0.07610930634956983,0.03144048093377858,0.07497055440421427,0.4130964062314869,0.2424965370722181,11.62906577044281,-65.23209225735664,0.28375357687441255,2.832594364863196,0.48337837841882714
site_d74ec077de336965,56,0.04335052673376551,-0.009595430695584838,0.04227523953641358,0.033292132275187354,0.022439743737170694,0.042275239536413586,0.6740254289418118,-0.11731727340602513,0.10523901741331539,-0.5373441189527509,-0.004908055808395144,0.0620685,0.028198357543433916
site_d7943e43ff597b33,72,0.07607700740750266,-0.05540360024389293,0.05213590064529547,0.07444795778401095,0.037692472151519274,0.052135900645295566,0.506292896050594,0.7563926843620593,0.4167151960378474,-3.9890592175602912,0.15282247460424486,0.3990598861111111,0.10229201689630002
site_d830d9e3fbd26651,704,0.0610824175629641,0.04314654666913504,0.04323698932470272,0.06944315061280372,0.07906452114136328,0.043236989324702865,1.138550316966546,0.838186878302999,2.6266674616767585,30.375168855071067,3.2398475734173657,3.3949352215909094,4.400843746332409
site_d8459840bc683e6d,9,0.10826805523920645,0.10608837389945984,0.02161547382428314,0.04536999606799494,0.04162711832037571,0.021615473824284154,0.9175032384395656,,0.10549774606751874,0.9547953650951385,0.014958111663990551,0.018525928888888887,0.015595352816927033
site_d8c17cfcfd29e789,109,0.06751626119504119,0.015831788981726408,0.06563383261241958,0.10371761736159257,0.06499523546045895,0.065633832612421,0.6266556937368211,0.7916989888517393,0.4968705623075157,1.7256649990081785,0.5817289016180356,1.1725505124770643,0.46045748894909444
site_d8f779aeecdbd8d2,131,0.1142907017535331,-0.07408024824029617,0.08703149618368713,0.09065674437343546,0.05764938603604537,0.0870314961836874,0.6359084085192231,0.37958128992674317,1.7111697504582721,-9.704512519478799,0.2598788272202698,1.0766425343511452,0.43537217405362083
site_d93f1ce9d07f856a,55,0.07377340082493808,-0.04334356851469387,0.059697987718925774,0.10731925031234286,0.06429960816496468,0.05969798771892606,0.5991432848983435,0.8758684993676681,0.2993383068102336,-2.383896268308163,0.33242031240226194,0.6334581818181818,0.2273941785592396
site_da42d7233341c5fa,34,0.1116678804349438,0.06341012949557866,0.09191774038882183,0.1138287907280751,0.07232589035131126,0.09191774038882189,0.635391888894701,0.5914873504244923,0.4239703277083187,2.1559444028496744,0.1655656692641623,0.44053778235294117,0.17785517011373658
site_da8bcad340f647ba,6,0.07683731080587598,0.07530915786623955,0.015248051460976741,0.06655862077897948,0.07461133002167487,0.015248051460980839,1.1209867204044979,,0.03542383399127271,0.45185494719743735,0.029293192482739684,0.02658029999999999,0.03340110340561969
site_da99bb912bf39167,787,0.0883667975108693,0.042126232611708905,0.077679285709069,0.08023980321932427,0.0690594949226003,0.07767928570906901,0.8606638121212216,0.4668173077115576,6.145439740131332,33.15334506541491,2.035799177743845,5.067041278271919,3.753371291265184
site_daa49998006715f8,95,0.0965166934009438,0.06292903307990025,0.07318065933483117,0.07487550960800315,0.0578292453445545,0.07318065933483177,0.7723385877079006,0.41514543399333687,0.88496984997992,5.978258142590524,0.17076984613616214,0.5326024842105264,0.3177010536264644
site_dabd51f8216ca183,414,0.06736660658333739,-0.035134190800253325,0.05747911202659234,0.06775277996840244,0.035752854164911224,0.05747911202659245,0.5276957518434686,0.5294139748630564,1.8788395085774208,-14.545554991304876,0.5309254931888503,1.9004418260869567,0.5292023645080877
site_dad0353659cda19f,170,0.054171742151153744,0.014560597514054354,0.05217822005132794,0.07133913570920959,0.07424446659517224,0.052178220051330874,1.0407256249613852,0.7437829498230774,0.49887820010748485,2.4753015773892404,0.6697104487611528,0.8651762882352941,0.9370809394002799
site_daf47f9c44bf482f,99,0.04965047355104429,0.003946795764896605,0.04949335639288512,0.052974494924817705,0.05852357274339379,0.04949335639288513,1.1047499900933728,0.6099032611204463,0.2440517828604519,0.39073278072476386,0.18719481093180604,0.27782341414141415,0.3390758480984791
site_dafe0965d62ae39c,205,0.05947401181497287,0.05246962139737314,0.028001730514092403,0.05842314617955921,0.05304511038829863,0.02800173051409321,0.9079468302728582,0.8781609427728639,0.7251174066803441,10.756272386461495,0.5579024604687057,0.6997191219512195,0.5768256659018913
site_db96cd85e659d65b,81,0.07840321851299849,-0.021136765822952177,0.07550034307036406,0.06763450176041677,0.05518435599312041,0.0755003430703643,0.8159201968930179,0.2571340744317767,0.49791223852895605,-1.7120780316591262,0.07773720542600861,0.37052849209876537,0.24667036485641103
site_dbd5f7c9c3a46705,3,0.08428351905806834,0.08321591894626618,0.013372449990193536,0.05837128289378834,0.05568292924470377,0.013372449990193536,0.9539438998800787,,0.02131113475443531,0.24964775683879853,0.00949345928579569,0.01022162,0.009301765827812059
site_dc096381800c2a0d,61,0.02364126683340214,0.009813743603620372,0.02150813645973356,0.028580942169699603,0.03195557878613586,0.021508136459735212,1.1180729661184479,0.7529828043229597,0.03409347934677532,0.5986383598208427,0.04195059477526878,0.0498290855737705,0.06229069994897313
site_dc3fa845eee493af,75,0.07777936644345078,0.03738402380307515,0.06820604524993153,0.08920098255562485,0.04021778520960042,0.06820604524993251,0.45086706510795443,0.6860303326281305,0.45372223832584474,2.8038017852306365,0.1845832847781976,0.5967611466666667,0.12131026853741655
site_dd81667799d2704b,215,0.11097403202947093,0.1022307638456655,0.04317530206506736,0.0658336481338303,0.06798488440271024,0.0431753020650684,1.032676850362398,0.7922691627534563,2.6477756937487786,21.979614226818082,0.7623800052357621,0.9318248837209301,0.9937180690587225
site_ddb8d9051d38fd31,29,0.046364079338795994,0.027781109666002203,0.03711923758187564,0.04800322026455042,0.05472909387057606,0.03711923758187573,1.1401129667751184,0.7463812716662636,0.06233920773509092,0.8056521803140639,0.056865303558522255,0.06682496551724137,0.08686293776093545
site_ddd5a78c36a9e7a3,382,0.043416938174573,-0.009137122612192993,0.0424445934227723,0.07588470319358175,0.060214887181219874,0.042444593422772334,0.7935049443049386,0.8297364887396513,0.7200816588136931,-3.4903808378577237,1.4483104654843115,2.199742484293194,1.3850680678103684
site_de08b55dd68ab719,250,0.1328643457048238,-0.11626063995695114,0.06431483465244325,0.10030286408672485,0.0643974080451192,0.06431483465244396,0.6420296033564832,0.7796030017520065,4.413233589892734,-29.065159989237785,1.2589115938197968,2.5151661359999995,1.0367565407323958
site_de0c25f31478d5ae,20,0.04839975102358645,0.04040677175045014,0.026642610529979648,0.04058414838332819,0.04798875059105383,0.02664261052998115,1.1824505996229655,0.8318426724236593,0.04685071798290315,0.8081354350090028,0.03240164587438107,0.032941462000000005,0.04605840366580738
site_de2dd333b47cf663,29,0.0667504051461822,-0.04201419080228641,0.05186930073182537,0.10077300518059006,0.06090238086793067,0.05186930073182539,0.6043521353639368,0.9103225509651289,0.12921288102820455,-1.218411533266306,0.16202117604646704,0.2945007586206897,0.10756389986609215
site_df32de3b824705c1,130,0.07601421125167661,0.06905159604045061,0.03178108551451545,0.03443732322305598,0.04882087420884607,0.031781085514516756,1.4176733160305623,0.7611461790685243,0.7511608405878873,8.97670748525858,0.1663590235322714,0.15417080000000002,0.3098521086070763
site_df4d1a2cf99eda94,136,0.07187587508788165,0.053180188950370334,0.04835296188292579,0.07668485253944575,0.06112650821520235,0.04835296188292782,0.7971132002080804,0.7764312524009076,0.702595233072232,7.232505697250366,0.4949725231054951,0.7997570588235294,0.5081572008953152
site_df5a72d9e6b0c9b0,180,0.05267456721669284,-2.7260736624399997e-05,0.0526745601625503,0.0787738306094663,0.04708049425399131,0.052674560162551544,0.5976666856205113,0.7613535030700693,0.4994298056638606,-0.004906932592391999,0.5082552035793662,1.11695695,0.3989831290560195
site_df8e2a9486152870,479,0.041804807274877225,0.021134246394504834,0.036069177154822746,0.05472766722265866,0.03980554333897691,0.03606917715482276,0.7273385722257935,0.7525055503917072,0.8371204755077316,10.123304022967815,0.78522788523486,1.4346613110647182,0.7589665333648499
site_dfda0bf114384539,49,0.08922984949774433,0.03191139263279584,0.08332844089280471,0.07796440841558305,0.050324890058556254,0.08332844089280472,0.6454854347166138,0.21248797103784103,0.3901363360281151,1.5636582390069962,0.04085165469561305,0.29784400000000005,0.12409713341088291
site_dffc4a16666e5428,8,0.11412398670915029,0.1108139790788293,0.027286377244095588,0.050504325309818764,0.06839014802574143,0.027286377244095605,1.3541443748867468,,0.1041942747391225,0.8865118326306344,0.025933411355502905,0.020405495000000003,0.037417698775862596
site_e06c7a98fed0bd3d,30,0.022487230390096497,-0.013474870188037556,0.018002872105106347,0.02199618653817571,0.01601128055058509,0.01800287210510644,0.7279116551769802,0.5907228102141834,0.015170265918518382,-0.4042461056411267,0.0062413488458842046,0.014514966666666667,0.007690833146086332
site_e0819506e4cfd43e,250,0.056175458138111645,-0.01769131733775139,0.05331697091810177,0.07722653688985412,0.05787253610032242,0.05331697091810255,0.7493866542645085,0.7238801935351568,0.7889205242566835,-4.422829334437847,0.8088086308501661,1.4909845000000002,0.8373076086707805
site_e08b0590bf66e62a,111,0.05720640805142427,-0.05510222373986029,0.015372640016224789,0.026312745231973116,0.024649866365100893,0.015372640016225507,0.9368032923888296,0.8199577095712104,0.3632556165582126,-6.116346835124492,0.059033041887733714,0.07685202234234235,0.0674453662117239
site_e0a3f27c6c9560a4,56,0.16535429999879725,0.11033736081378799,0.12315726262279542,0.13244723915852033,0.06450756811669381,0.12315726262279585,0.48704350899672216,0.3824848693703505,1.5311544935731656,6.178892205572128,0.18300201271250846,0.982367185,0.23302867528247395
site_e0ceb845349c800e,31,0.046513209075461685,-0.010623587219945847,0.045283749989127604,0.05864159469618785,0.04884276369059892,0.04528374998912768,0.8329030604240043,0.6587897238269997,0.06706783717342595,-0.32933120381832126,0.05849442979573242,0.10660393548387098,0.07395408251300634
site_e0f23347bc3a360e,5,0.15998059417198912,-0.15011682127714157,0.055305790666705205,0.04735145193127663,0.009295978962908862,0.0553057906667052,0.19631877342220785,,0.1279689525581134,-0.7505841063857078,-0.0018253881409764287,0.011210800000000003,0.0004320761243942206
site_e112cf24dd2b666b,2,0.14893682384444856,0.14863882184028626,0.009416907072067257,0.011499999999999996,0.0020830929279327393,0.009416907072067257,0.18113851547241214,,0.04436435499374461,0.2972776436805725,4.7911137342452985e-05,0.00026449999999999987,8.678552292806785e-06
site_e1c83eb53198657c,16,0.07228057429456686,0.015707478953897958,0.07055321768186941,0.08943485735963076,0.03361294449851084,0.07055321768186941,0.3758371790469597,0.6903582876101433,0.08359170272563837,0.2513196632623673,0.033205337788257745,0.127977499375,0.018077280605759527
site_e1d83ae86567245b,279,0.06255465345596273,0.03520625459784675,0.051706907722152404,0.09997047893539995,0.08993498171483523,0.05170690772215282,0.8996153931897278,0.8569159173451251,1.0917506226497695,9.822545032799244,2.14952666373651,2.7883529677419356,2.2566359611573215
site_e217e123676f78e8,634,0.1144901081344814,0.10743913920106196,0.03955775813137133,0.044256155423150145,0.05504381755037675,0.03955775813137166,1.243755066929823,0.702704007082049,8.310462401649085,68.11641425347328,1.085285294047736,1.2417570236593058,1.92090705322915
site_e236e8f6fb4c7e9a,128,0.021110628334752957,0.006083604619465768,0.020215053389048696,0.02586381683905867,0.012846042052549375,0.02021505338904898,0.4966800581865284,0.6400487671925436,0.05704430447207353,0.7787013912916183,0.02721980380020104,0.08562393874999999,0.02112266194123097
site_e285e97bc06024be,13,0.09473100876220385,0.08722369311039266,0.036959320628074124,0.07495386904761556,0.06660198196959898,0.03695932062807441,0.888572969159058,0.8701705159796136,0.11666153227436166,1.1339080104351045,0.05647144819028102,0.07303507230769231,0.05766571202962423
site_e3489f2db8b7f610,188,0.0839693009810382,-0.06417560817079342,0.054151037138294764,0.06212729524813025,0.05992946431484612,0.05415103713829484,0.9646237467041465,0.606862281701548,1.3255585793619067,-12.065014336109163,0.424786628367419,0.7256425531914894,0.67520965029611
site_e35bffa822780b41,151,0.10864666044030202,-0.009792750750472217,0.10820443085922782,0.09416377956573939,0.05575123417809156,0.10740105758958739,0.5920666570012673,0.041909670061672975,1.7824186205493737,-1.4787053633213048,0.03322228939583919,1.338889424697879,0.4693382169694411
site_e4206af93f2d6f2c,175,0.08661130993030174,-0.04019269554492406,0.07672070276448088,0.08711951206549892,0.055990723431792296,0.07672070276448208,0.6426886710487644,0.49598388960857653,1.312765826372487,-7.03372172036171,0.42338662277363026,1.3282166419428574,0.5486181943227046
site_e44008751f3e2871,30,0.01222817364212229,-0.0011315551690260562,0.012175705873638077,0.016486704744530768,0.020912094719753433,0.012175705873638079,1.2684217400503108,0.8134072488120689,0.004485846918656829,-0.033946655070781685,0.00841318988069892,0.008154343,0.013119471167038183
site_e443401d44fc1f23,274,0.0865350236910908,0.06098360776444421,0.061394705873145654,0.08025707237598909,0.042605128810760576,0.061394705873145806,0.5308582477462381,0.6561287702887901,2.051797029109635,16.709508527457714,0.6147306118591749,1.7648881605839415,0.49736397826893125
site_e473611ef37db918,1,0.06169948983192444,-0.06169948983192444,0.0,0.0,0.0,0.0,,,0.0038068270455197477,-0.06169948983192444,0.0,0.0,0.0
site_e4827c2c7a3df4be,641,0.046553109474832766,0.041121049426740115,0.021823182531871023,0.024064894785190544,0.03771883799796807,0.021823182531871828,1.5673801333708763,0.8403540967505737,1.389170073138265,26.358592682540415,0.4889479429409135,0.3712153822152886,0.911957584286771
site_e4a78bd8d0c42b04,2,0.06902265231680839,0.061883694648742674,0.030570163059234615,0.0793,0.04872983694076538,0.030570163059234615,0.6144998353186051,,0.00952825306569403,0.12376738929748535,0.007728552138805389,0.012576979999999998,0.004749194016547165
site_e4ad3110c632fc3e,37,0.10400321440968227,-0.07979879075610959,0.06669948726496316,0.09002233307843846,0.04077571178137604,0.06669948726496315,0.45295106655197714,0.7243607116461602,0.4002167384792147,-2.9525552579760546,0.09838036417095242,0.2998487567567567,0.0615183708372804
site_e526161d153fbae1,108,0.07035654248890783,-0.013396396578462033,0.06906938272278146,0.08910861105679899,0.05542377734929202,0.06906938272278201,0.6219800386515304,0.6318985524868552,0.5346046516672972,-1.4468108304738996,0.33704424164320035,0.8575572129629627,0.3317538703317007
site_e580905782041227,176,0.08787660162193027,-0.08227657488706437,0.030868468337005735,0.05287503761013062,0.06232042181754434,0.030868468337005735,1.1786359808773739,0.8689535601019727,1.359124291821021,-14.48067718012333,0.5039533171478658,0.49205545,0.6835549556909315
site_e5a46bf8593cb776,159,0.0807882807276018,0.022737446668537907,0.07752260845661214,0.13154045689507898,0.08330982445146566,0.07752260845661238,0.6333399352407323,0.8319330590909194,1.0377526621645659,3.6152540202975274,1.4495762743564429,2.7511597962264154,1.1035437691713101
site_e60e5a5f7ff91a10,8,0.13510046770887457,-0.11548401766270398,0.07011118341346785,0.05858643054283132,0.05534053060962363,0.0701111834134679,0.9445963868572828,,0.14601709100125326,-0.9238721413016319,0.006317464529071004,0.027458958749999995,0.024500594625237515
site_e60f7e42ba2fd8cd,702,0.05298450159910991,-0.025589712210148146,0.04639530190340262,0.07753782631007897,0.06269253187619184,0.04639530190340264,0.8085412612094669,0.8012626701752141,1.9707649016136688,-17.963977971524,2.7342703521542306,4.220504385242165,2.759108194239225
site_e621c0e748219561,130,0.11657170967260588,-0.10865407172533181,0.04222861818128513,0.06501725078322125,0.04424572778122784,0.042228618181285246,0.6805228958196147,0.765046180219943,1.7665652544792612,-14.125029324293136,0.2861086236318716,0.5495415769230769,0.25449897549576717
site_e692ba92ac3619b9,78,0.06629614023914115,-0.04295504270364076,0.05049794567045544,0.05932681468080804,0.047182329130529936,0.05049794567045571,0.7952951693830481,0.5708464071517199,0.3428239004274139,-3.3504933308839795,0.12463622361123561,0.2745343333333334,0.17364143021016898
site_e6f2aca5e6ecbaba,167,0.10914966782481841,-0.10161433150083006,0.0398519462499339,0.037831817415747426,0.05027463859492201,0.03985194624993418,1.328898319698363,0.6231944850594485,1.9895795477067897,-16.96959336063862,0.19794577425588927,0.23901815029940116,0.4220990607369537
site_e6f4ed93ce9ba081,116,0.10077664648845869,-0.060602599332815615,0.08051867753239611,0.10986853293969592,0.06080752841422683,0.08051867753239614,0.5534571800244439,0.6949276614263128,1.1780881673853336,-7.029901522606611,0.5385527714149191,1.4002469655172414,0.4289164393742524
site_e722a68e19572b18,15,0.040343347736183914,0.03878563922921816,0.011102247346532555,0.01038992246789594,0.01524700487801286,0.011102247346533181,1.4674801400226931,0.6854195572233508,0.02441378559843984,0.5817845884382724,0.0016287131287157533,0.0016192573333333332,0.0034870673662522195
site_e755ae9494167172,176,0.12413359297207287,0.07988752574615857,0.09501122109684261,0.13551439769330695,0.07369064756659088,0.09501122109684275,0.5437846370639219,0.7393910902845849,2.7120102071315015,14.060204531323908,1.2995251620252108,3.2320907488636363,0.9557348308258973
site_e7895d956d62a46d,90,0.026855488273235008,-0.008615671238303185,0.02543594817393954,0.03150423056051166,0.012187296793333604,0.025435948173939543,0.3868463560766828,0.6433877782783731,0.06490955253544767,-0.7754104114472866,0.022232667907410197,0.0893264888888889,0.013367718281591959
site_e7920aa397fb1716,99,0.0562554306777379,0.00551496963549142,0.05598444954322033,0.09645427835761575,0.05234949885512253,0.05598444954322048,0.542739002836458,0.8822590048990198,0.3133026745930397,0.5459819939136505,0.441027143034068,0.9210393535353536,0.271306533007865
site_e7d7202b18581b5a,73,0.24253275823315115,-0.23724886642335213,0.050349917547246936,0.058260075884856294,0.036808449832436814,0.050349917547247,0.6317954323503472,0.5162094522293307,4.294016133581151,-17.319167248904705,0.08081042418190061,0.2477792602739726,0.09890492447189231
site_e7defe0b5f5d29b7,231,0.06044591667277168,0.010728570656084914,0.05948618843134137,0.10492177169239797,0.07146495882050045,0.059486188431341715,0.6811261158457773,0.8386787110812544,0.844006742597093,2.478299821555615,1.4526679744729167,2.5429815584415585,1.1797725183588557
site_e7df8a81d2875ad9,50,0.09159086445981543,-0.06229759454369544,0.06714086808022075,0.11438415274853418,0.06622438564496774,0.06714086808022082,0.5789646909441867,0.8555427623421902,0.41944432262481396,-3.114879727184772,0.32403768718719483,0.65418672,0.21928346270267046
site_e7ee204eaac12eb2,47,0.05629385617670765,-0.019435472258227945,0.05283238269606528,0.09823004475756789,0.053071162780612434,0.05283238269606589,0.5402742400412447,0.9278812882755492,0.14894291743246077,-0.9134671961367133,0.2273490897394875,0.4535096595744681,0.13237777098765435
site_e813e7562543b91c,20,0.1204151241553041,-0.09061096826195716,0.07930608145639204,0.10038818406565585,0.03558408804550895,0.0793060814563922,0.35446490417872545,0.7074812670691509,0.28999604250674604,-1.8122193652391434,0.050545602660626174,0.20155574999999998,0.025324546440610662
site_e84e6fd19eaae8f3,84,0.09343320594922193,-0.01317993587198712,0.09249893655799524,0.1077720028923389,0.08871842843781244,0.09249893655799568,0.8232047847012696,0.5715561264916605,0.7333001738117765,-1.107114613246918,0.4590478572767406,0.9756435870238096,0.6611606017359208
site_e894534d7e7a123f,174,0.1333499444710027,-0.10519694436781707,0.08195004933551844,0.09238506886898627,0.03667716589448695,0.08195004933551849,0.39700317749938374,0.4669436684195628,3.0941041381329946,-18.30426832000017,0.27530322298400706,1.4850901652873563,0.23406732266099867
site_e8fdb2dcaaa2ec50,118,0.07005579770558452,0.008137744730306887,0.06958154858056943,0.08065588476573,0.06871965252992866,0.06958154858056953,0.8520103986154159,0.576094193993929,0.5791221454755623,0.9602538781762125,0.37678405881009497,0.7676338661864407,0.5572420959724276
site_e908f29f409c402b,51,0.024654903183829752,-0.020330831388281838,0.013947098123454658,0.02258828295201944,0.01852389332767589,0.01394709812345474,0.8200664639726329,0.7872938307286392,0.031001076801204938,-1.0368724008023738,0.016800511919093482,0.026021756862745098,0.01749986582477088
site_e9578e4592e63187,8,0.030516235816973856,-0.013856131184846163,0.027189120563664643,0.018289341158171882,0.021842134295342226,0.027189120563664647,1.194254845291839,,0.007449925187497264,-0.11084904947876931,0.00028932221420109236,0.002676,0.00381663064460612
site_e98d1003be09654d,174,0.09660536540042475,0.08578209439365345,0.04443004507749138,0.03720863645046457,0.05884640309824656,0.04443004507749141,1.581525385284895,0.6561381535295114,1.6238718126020275,14.9260844244957,0.24998170043091322,0.24089997701149427,0.6025444534226301
site_e99ab7a415991029,162,0.11091397492330267,0.09430747432804401,0.058378164746352997,0.04860985967426981,0.05817337555526947,0.05837816474635301,1.1967402486878977,0.41358127769492353,1.9929093929924964,15.27781084114313,0.18946304691343763,0.38279279012345674,0.5482309430060965
site_ea33c67804056e7d,182,0.0987045443224981,0.030457160996539247,0.09388795670341794,0.09435775635973616,0.07353111865005685,0.09388795670341828,0.7792800664920605,0.39601325478309124,1.773150846723983,5.543203301370143,0.50006894949185,1.620416285714286,0.9840422246070302
site_ea99257f5d54ddf2,142,0.10605163796638811,-0.09005285429198977,0.05601279629887721,0.08630036744962383,0.05384844974721317,0.056012796298877406,0.6239654747547415,0.7757431518910793,1.597066887980247,-12.787505309462547,0.5119082685158076,1.057580985915493,0.41175108670529625
site_eafced833314a87c,939,0.05489569251768247,-0.03368512742302288,0.04334569468229401,0.05705850238702884,0.059311614087549334,0.043345694682294024,1.0394877468959418,0.7231612955431428,2.829711296519187,-31.63033465021849,2.2980574305238277,3.0570766602768904,3.303277644164487
site_eb3bc9a7aee9d6f6,324,0.043227351732653505,-0.019886009987213734,0.038381643328640545,0.048606134861892365,0.026315874480482438,0.038381643328640566,0.541410555586355,0.6183703552879481,0.6054276758532076,-6.443067235857249,0.2562728303070353,0.7654682561728396,0.22437818089389222
site_eb828ca3e955ad1d,72,0.06701944043795952,0.03820703117383851,0.055062039242099764,0.035015998878643116,0.054979348535240745,0.05506203924209978,1.5701208103697317,0.31608354527817734,0.3233955885564386,2.7509062445163726,0.04381274798388283,0.08828065277777777,0.21763647110588247
site_eba5cbc1dd84d08d,137,0.05619297263860194,-0.04811028944454054,0.02903532716408062,0.04200977355463329,0.028613422498312516,0.02903532716408074,0.6811134666341642,0.7239750236871489,0.43259807383288534,-6.591109653902054,0.11922416763925095,0.24178048715328468,0.11216572874817035
site_ebf4f84d79acafd6,8,0.13100281687303558,0.12594509597122672,0.03604956073891319,0.05560539542166749,0.08957304881264859,0.03604956073891324,1.6108697390495508,,0.13729390422936075,1.0075607677698137,0.039262880976498125,0.024735679999999996,0.06418664858874501
site_ec20e4065643efdb,232,0.059009599410859245,-0.0023257609238398463,0.05896374868302744,0.08330052171121309,0.05464105265067446,0.058963748683028214,0.6559509055670082,0.7083067443634103,0.8078548148501785,-0.5395765343308443,0.7479561556319352,1.609842644827586,0.6926695552675166
site_ec919d9a24ddf81b,54,0.12937649442652263,0.12240162250289209,0.041906086893857566,0.04855266327516042,0.0622898706581542,0.04190608689385774,1.2829341678980923,0.7408674767936241,0.9038669747451863,6.609687615156173,0.12099426243205864,0.1272975,0.20952151127691732
site_ecbc4520bb039c64,117,0.24078833252466053,0.15689496671236478,0.1826553872743217,0.17172270627834763,0.05599399963558659,0.18265538727432346,0.32607219423170036,-0.03842645604306729,6.783545466360759,18.35671110534668,-0.04323001723462698,3.450176478632479,0.3668333754372384
site_ed130293b294c5a2,39,0.06771365489273806,-0.03528059648703307,0.05779635430069944,0.054385126389359315,0.021637359904307304,0.05779635430069961,0.397854364617984,0.03632832180782021,0.1788204232983803,-1.3759432629942898,0.0016672255384807407,0.11535193692307688,0.01825883840151249
site_ed8668d708cd9f42,70,0.06498076253539684,-0.036525900306020466,0.05374344710303096,0.09594681881551013,0.07815292313554692,0.053743447103035004,0.8145441829168101,0.8285172347947796,0.2955749649777143,-2.5568130214214326,0.4348859665125608,0.644405442857143,0.4275515576241493
site_ed9138fe753e1f02,20,0.04551378457502196,-0.01660661322057247,0.04237599537100945,0.04288317239897253,0.013513774166752472,0.042375995371009924,0.31513000113481016,0.19487344184395905,0.04143009172683014,-0.3321322644114494,0.002258635835461318,0.03677932949999999,0.0036524418445997298
site_eda005e51a299a0e,329,0.22825610153486386,-0.2250322212607665,0.03822757227891296,0.07235669123153658,0.056271847802769184,0.03822757227891296,0.7777006776429705,0.8523170391881093,17.14117895511715,-74.03560079479217,1.1417392837283935,1.722476462006079,1.0417853613404082
site_edb67bacc6a2f615,2,0.07508775691511407,0.07101732923984527,0.024386680507659908,0.07665,0.05226331949234009,0.024386680507659908,0.6818436985302034,,0.011276342477086523,0.14203465847969055,0.008011966878175736,0.011750444999999998,0.005462909128716831
site_edc41c47fa42988f,103,0.02115635709316981,0.001871052338139524,0.021073457442993524,0.021369083293466096,0.015374844858343539,0.02107345744299355,0.7194901459832214,0.37883996259847236,0.0461019188817328,0.19271839082837097,0.01282004778090756,0.047033685242718455,0.024347743005067674
site_ee1921e55841ea0d,206,0.06757498926514373,-0.03795726521443394,0.055907291041736355,0.08555681359390584,0.05636139896116171,0.05590729104173695,0.6587599116147578,0.7642881574045607,0.940674109881964,-7.819196634173392,0.7592078967183394,1.5079134805825243,0.6543811023290036
site_eef5f3ba42e04423,79,0.03519846828407427,-0.02379453397189515,0.025937469471891624,0.029943061386108267,0.037806354707702876,0.025937469471891884,1.2626081956083053,0.7301676530058853,0.0978756413940536,-1.8797681837797169,0.06529962482463708,0.07083036708860758,0.11291631604648716
site_eefad9fa85f80180,151,0.07471109833305153,0.06451616663214386,0.03767509067307394,0.03970231760324784,0.054201989394611516,0.03767509067307395,1.3652097073088127,0.7190513230510768,0.8428439803337652,9.741941161453724,0.2336511501234691,0.2380173774834437,0.44361620380437045
site_ef1a0b7a4f85647e,128,0.1531460526120753,-0.10336804700782523,0.11299893932444047,0.10085710807870707,0.06573350085379948,0.11299893932444051,0.6517488167765254,0.13004294981954326,3.0020753191245495,-13.23111001700163,0.11035450214706363,1.302036,0.5530743212155464
site_ef1b5625cbf889df,183,0.10106321839513054,0.015973621176305363,0.09979287318690519,0.12119144356353147,0.06666179101467311,0.09979287318690537,0.5500536098468651,0.5676894411829582,1.8691206625658787,2.9231726752638814,0.8392876694389908,2.687787976721312,0.8132143717749634
site_f005fd2353ec048d,130,0.09835323087333936,-0.06021342867044302,0.07776696619371148,0.08307237396376928,0.06542575899101225,0.07776696619371187,0.7875754100821373,0.4722887910902417,1.2575365430191714,-7.827745727157593,0.33370013459590764,0.897132511076923,0.5564688921415026
site_f059546b5612f674,32,0.11474357263853473,-0.06177279420010746,0.09669648059038068,0.12720319313503886,0.04105042094957289,0.09669648059038073,0.32271533393028723,0.8153960656803504,0.42131479877935024,-1.9767294144034386,0.13624928072514014,0.517780875,0.05392438592438825
site_f07b80b3214910ba,44,0.06398252739470957,-0.006092635095119477,0.06369178604351176,0.09835446468331012,0.06533540647789675,0.06369178604351279,0.6642851108820441,0.7691898497956378,0.18012560771984945,-0.268075944185257,0.2174847939739173,0.42563843181818184,0.1878234749438077
site_f0ccb43d6f9d9cfd,309,0.06450195888566289,0.06113867814959445,0.020556379404166648,0.025492549272102424,0.019577122221088903,0.02055637940416668,0.7679546683278544,0.6117059005995559,1.2855953343271134,18.891851548224686,0.0943329180151851,0.20080985113268607,0.11842848776797095
site_f1050af72de062ae,91,0.08649031283233481,-0.07090738796362511,0.049524908339249794,0.06255148363789058,0.02351815562107824,0.049524908339249815,0.37598078020378256,0.6842095454747178,0.6807322534589977,-6.452572304689885,0.09159492174138897,0.35605461758241763,0.05033243158737011
site_f1573be180b99853,119,0.04739538786318048,-0.0411861805838697,0.02345253333041421,0.04469950703262642,0.03119199573375295,0.023452533330414294,0.6978152065745543,0.8681857555834287,0.2673124120934566,-4.9011554894804945,0.14404742982840527,0.23776746554621847,0.11577993114468102
site_f2457bdf17f809aa,15,0.07197214448176356,-0.06694309949080149,0.026431250667883703,0.04126600968782365,0.034387978032936486,0.026431250667883748,0.8333245276943588,0.7705149341967805,0.07769984371955775,-1.0041464923620222,0.0164010418266058,0.025543253333333335,0.017737995497905834
site_f2e692f63befa2ca,575,0.10420990675702302,0.00598969236467196,0.1040376290179857,0.1344642444121515,0.09693137036500651,0.10403762901798572,0.7208709704856443,0.6388194883094903,6.244330183126772,3.444073109686377,4.787592408664395,10.396363989565216,5.402522072481886
site_f35139d0576344b1,63,0.11321490199377554,0.10868966018112876,0.031688669949541066,0.06413612224691127,0.06007179212017933,0.0316886699495429,0.936629624861243,0.8718256525055326,0.8075096841079926,6.847448591411112,0.21161355334023635,0.25914685714285707,0.2273430731373925
site_f39ad74b903eb489,68,0.08207067680955385,0.07017718388271682,0.042553012281971156,0.07388664398366968,0.07747021237771988,0.04255301228197279,1.0485008954371002,0.8429496423812805,0.45802052745452027,4.772048504024744,0.32810377776546074,0.3712280588235294,0.4081110987977335
site_f408269ff3bfc904,433,0.05068893216316699,0.010652825284258873,0.049556888091416715,0.06692052862627104,0.046682012275861336,0.04955688809141732,0.6975738720858721,0.6724875994440406,1.1125362763836488,4.612673348084092,0.9096642102508206,1.9391286466512703,0.9435980469635483
site_f40d91148ce5f169,100,0.09052538356981754,-0.041806811086654655,0.08029343445903508,0.08172392327831551,0.07994863050211638,0.0802934344590351,0.9782769511670008,0.5068744797046758,0.8194845070462592,-4.180681108665466,0.3311773768968284,0.6678799635999999,0.6391783519163933
site_f41236f6a73e8c51,344,0.12402471966988882,0.10133992712736822,0.07150070110854996,0.08022211993946854,0.08958660520230805,0.07150070110855188,1.116731959588022,0.6504259526596303,5.291453094682909,34.86093493181467,1.6080276732416607,2.213842453488372,2.7608613820959276
site_f459e887bba62073,76,0.0707166444703178,0.041260504049690144,0.057431825765048,0.04930889935297341,0.061489611370151,0.05743182576504857,1.247028673870472,0.48053093849623285,0.38006412919074095,3.135798307776451,0.11072915954358485,0.1847839342105263,0.2873538952903675
site_f468c03f1fedb166,24,0.10752191815219969,-0.03832943000892799,0.10045803939117576,0.08441858956348944,0.05469397185707283,0.10045803939117631,0.6478901405470491,0.0028276023510484527,0.2774631091950799,-0.9199063202142717,0.00031333371686438974,0.17103595833333332,0.07179433338005459
site_f4812d36f8b87671,83,0.07366382186001978,-0.030325758095247204,0.06713201208792476,0.06853445413576326,0.06626681936430723,0.06713201208792605,0.9669124851134882,0.5044032678588254,0.4503877680350525,-2.517037921905518,0.19013456177307544,0.3898486265060241,0.364477181938923
site_f48c6b207c3fab2d,284,0.15193121868632264,0.14461276906267018,0.04658585875067689,0.04645192347155819,0.04705994656281728,0.04658585875067689,1.0130892984793487,0.5036944894465493,6.55559904006918,41.07002641379833,0.31270920914138706,0.6128098591549297,0.6289573540206418
site_f4ae282ac466260d,9,0.13306597877345622,0.12946744226084814,0.030736559686663965,0.022557372669005475,0.03800903069995442,0.03073655968666615,1.6849936939766037,,0.15935899236244114,1.1652069803476333,0.004539534187979169,0.004579515555555557,0.013002177732750697
site_f4e6d6d6c1cafad7,124,0.055837794907662074,0.004743113661485333,0.05563597948220525,0.04518406323870869,0.07867012740351942,0.05563597948220528,1.7411034281689743,0.7223280086549331,0.38661455817861645,0.5881460940241813,0.3183840308170766,0.2531583467741936,0.7674346292650611
site_f4e907a8ba8d1abb,25,0.16824795606534887,-0.15890402968215941,0.05528909540713213,0.07287956377476473,0.04808221902381183,0.05528909540713216,0.6597489959244347,0.6515655505248702,0.7076843680041891,-3.9726007420539853,0.057080581641435625,0.13278577039999997,0.057797494656345316
site_f5ae0072aa9d0a04,65,0.12076286487371199,-0.09265064660805922,0.07745661505394454,0.10741916563426719,0.04475268593471219,0.0774566150539448,0.41661732960282727,0.7844485279470245,0.9479385196129174,-6.022292029523849,0.2451199669203391,0.7500270144615384,0.1301821883941141
site_f5fb4b6c3b6ce99f,102,0.07547480222734922,0.049316693900262616,0.05713413580343433,0.06258778072467487,0.04732805127114556,0.05713413580343513,0.7561867623864597,0.4883037226477152,0.5810374686682628,5.030302777826787,0.14753612821709877,0.3995574901960784,0.22847433258666666
site_f617214b073c06c0,689,0.05196485277831076,-0.026712623980195846,0.04457332884544499,0.05048433233973089,0.051364875181146935,0.04457332884544499,1.0174419032719002,0.6170626129807949,1.8605383418230717,-18.404997922354937,1.102481498295764,1.7560321223222062,1.8178234272362404
site_f645d63c8edb6a7a,176,0.0977927820121059,0.002717454449222846,0.09775501856673989,0.11337114285856807,0.06137725395318708,0.0977550185667406,0.5413833926835859,0.5075973004920268,1.6831633656054379,0.47827198306322094,0.6216442919199101,2.262130821818182,0.6630214452987873
site_f65ec349d3fa498b,397,0.1716053554635655,0.16513224286681757,0.04668768991448433,0.026685419576828063,0.045603622317157526,0.04668768991448447,1.7089340561374138,0.25147322967946645,11.691014015439338,65.55750041812658,0.12149422698192092,0.28270831234256927,0.8256370762730414
site_f695cfa2b198ee8e,37,0.024517327201743655,0.0210312766941818,0.012600981459002491,0.0214687688296765,0.015128357241109319,0.012600981459002705,0.7046681326316782,0.8174436784797571,0.022240675325342296,0.7781572376847267,0.009823324141711802,0.0170535972972973,0.008468086134141115
site_f6a13c8718860659,32,0.030585920509548684,-0.012504218386951836,0.02791313411188085,0.03236991695135315,0.0368649744718588,0.027913134111880854,1.1388652781303394,0.6820048458406544,0.029935953069325782,-0.40013498838245876,0.026043116964807267,0.03352996875,0.043488842969945624
site_f6e487124edabf8f,133,0.10043985872796185,-0.08631488621934015,0.0513605455406706,0.08439375235256907,0.05107294640727631,0.0513605455406706,0.6051744943619819,0.8227905658174087,1.3417259744319603,-11.47987986717224,0.47167423590002655,0.9472666230075188,0.3469232986778289
site_f7b6fd0b704f24d5,64,0.07907067520036157,0.035360494277626275,0.07072345523999116,0.08017830495799659,0.04773310698035885,0.07072345523999142,0.5953369431464662,0.4840669512509865,0.4001389873050287,2.2630716337680816,0.11856649493928999,0.4114278775,0.14582076812789646
site_f801eca3ddf0629c,849,0.042965809250269216,0.02336554316459191,0.03605706806097956,0.047011938799655636,0.05569280044319071,0.0360570680609796,1.1846522790844494,0.7661098483821376,1.5673055890864114,19.83734614673853,1.7029659087183666,1.8763939088574795,2.6333331300030984
site_f80bf9d30cd43152,124,0.022498592868683324,0.011902024985897925,0.019092629004561667,0.019698500407753276,0.015092028984519262,0.019092629004561802,0.766151162378791,0.42260333052552634,0.06276714845277524,1.4758510982513426,0.01557885004243543,0.04811583387096774,0.028243398019826615
site_f8577ef511842081,219,0.09272678857790106,-0.0712001829045004,0.059403630144431875,0.07858698888785544,0.04647491980213595,0.059403630144432985,0.5913818618048365,0.6580798569307788,1.8830183530735973,-15.592840056085588,0.5263710682018435,1.3525253461187212,0.4730220793646781
site_f85796d856927f97,73,0.07554819517914801,-0.03916970226617709,0.0646008066451626,0.10187417131815199,0.07055460071577697,0.06460080664516299,0.6925661313645015,0.7779294836802858,0.41664967502234496,-2.8593882654309275,0.40818074993217646,0.7576193150684932,0.36339047279787834
site_f863ed028d428c3e,85,0.08993178891858612,-0.052403902652684395,0.07308596065500617,0.09495401524096084,0.05765299138488815,0.0730859606550063,0.6071674930079003,0.6392112820922659,0.687456765938256,-4.454331725478173,0.2974394281985129,0.7663825258823529,0.2825287303282089
site_f8923c8bedba827f,29,0.0681392358873975,-0.04420729901872832,0.051852388380740376,0.06536619612398584,0.0611179035999221,0.05185238838074052,0.935007805624705,0.6657581734313892,0.13464570855223354,-1.2820116715431213,0.07713227955303316,0.12390944827586206,0.10832654607303174
site_f8bf18cf05681ba1,521,0.05252392832915289,0.024939212125002077,0.046225520502317104,0.06413669338200492,0.07218984429231978,0.04622552050231781,1.1255623027266068,0.7762486509776217,1.4373155475526405,12.993329517126082,1.8724975260718941,2.1431415431861804,2.715125655472624
site_f9474c251f4c85b7,278,0.09739394305909861,-0.07828329107894315,0.05794226853039498,0.06737369251298479,0.03820262256589525,0.05794226853039507,0.5670258099410619,0.5131119800237481,2.636991280198506,-21.762754919946197,0.3671474180504305,1.2619016151079139,0.4057244231136053
site_f956c78502603f81,228,0.042927971423603994,0.014004237353278878,0.04057945375062101,0.05377132362069216,0.03621031971987958,0.040579453750621414,0.6734132113858772,0.6563301470948525,0.4201608465644336,3.192966116547584,0.29136694918396444,0.6592289956140351,0.2989506939612252
site_f9b796db02c200aa,619,0.12151511636267558,0.10897474774954198,0.053762699500288086,0.0436637165351701,0.07369266873309041,0.053762699500288204,1.6877323915780895,0.6909760878397511,9.140106649368809,67.45536885696649,1.376254178969668,1.1801359676898222,3.361547234078095
site_f9f0235d2e05c1c5,86,0.13105295231099373,0.05063972037864286,0.12087388067486068,0.13398621998457327,0.05258881591709983,0.12087388067486074,0.39249421263734985,0.4333836612520857,1.4770393626107736,4.355015952563286,0.2626180140644138,1.5438984145348835,0.23784018612238467
site_fa6684a460ee051b,87,0.018930359648796167,-0.0043691779781347044,0.018419250805289365,0.025409193582436075,0.03440988298963015,0.018419250805289476,1.3542296365287145,0.8523113899255105,0.031177190929651006,-0.38011848409771926,0.06483232890540927,0.056169559310344834,0.10301148412032336
site_fa67fc8ac26d4830,132,0.09032903343900463,0.08234502112413897,0.03712993102727128,0.06730838360274266,0.0550566191919491,0.037129931027271336,0.8179756554086326,0.8342415518036296,1.0770321252272756,10.869542788386344,0.4080791907701077,0.5980152424242424,0.4001225338238432
site_fa6f730253456586,123,0.03695434133498412,-0.018820453077021654,0.031802733993764466,0.03858576805590042,0.03787043331737594,0.031802733993764695,0.9814611766315459,0.6540990808006497,0.16797167125080945,-2.3149157284736632,0.11756446558783148,0.18312996406504067,0.17640287551643558
site_fa8f84308360a237,255,0.061555151034318176,0.03659594748347414,0.0494951840752666,0.08446777864135166,0.05879658993208649,0.049495184075266714,0.6960830612313782,0.8197127634338078,0.9662043378087191,9.331966608285905,1.0381140996242268,1.8193754352941178,0.8815449418486931
site_faac0be9a66c6585,533,0.08913435918567503,0.0626845195338158,0.0633686436516957,0.0802532364799751,0.07280106696180769,0.06336864365169646,0.9071418195074675,0.6611009183275285,4.234649815306015,33.41084891152382,2.058710452755721,3.432830187617261,2.8248975219644645
site_fab524c655a9dd78,4,0.06279489232940247,-0.03087034743577242,0.05468290548110943,0.11416458513917528,0.06504194118502414,0.05468290548110963,0.5697208210911737,,0.015772794010644995,-0.12348138974308968,0.02854757292252034,0.05213421,0.016921816452464558
site_fadb31acf1acd232,565,0.0437622494376554,-0.02011727798048374,0.038864245811536274,0.037817834341110856,0.032004888105269136,0.03886424581153654,0.84629087473889,0.3899977363410802,1.0820509788516173,-11.366262058973312,0.2667002988631878,0.8080565557522124,0.5787367673864008
site_fb12f9388775927e,36,0.05484194425784557,-0.03284247593084972,0.04392050346606011,0.058105241896084285,0.028647402080029444,0.04392050346606011,0.4930261220022559,0.681223986279284,0.10827499859930305,-1.1823291335105899,0.04082187882645263,0.12154388888888888,0.029544251253655507
site_fb318c5726a2f05c,229,0.0664634706877591,-0.04442338615317532,0.049436380313980156,0.06367017176423491,0.0533901500600594,0.04943638031398017,0.8385425793691663,0.6560710199534294,1.0115829823125384,-10.172955429077149,0.5107207460993634,0.9283409868995633,0.6527663602667664
site_fb4c3069d7e94bed,118,0.019127691177465326,0.001027011095214698,0.019100099947141395,0.015938574997119745,0.01593888781236127,0.0191000999471414,1.0000196262991883,0.28198456580738024,0.04317249123409721,0.12118730923533438,0.008453077478940455,0.02997650440677966,0.029977681074014564
site_fb501c568fd614c3,94,0.06671162213210627,-0.02125123986069191,0.063236265954595,0.06920450863485399,0.05142341425873953,0.06323626595459535,0.7430645094247627,0.4825884761029538,0.4183414095847115,-1.9976165469050398,0.16143589222424842,0.45019081744680856,0.248570548198438
site_fb66aa74c523bf6b,430,0.06288328093132392,0.04055785737827767,0.04805587607744858,0.0497236059932219,0.07013416711884708,0.04805587607744867,1.4104803084556552,0.72862051432312,1.7003520188957566,17.439878672659397,1.092602300443275,1.0631479069767442,2.11508460090538
site_fbbe7c46acc177a1,41,0.049799697514361425,0.03487562588220689,0.03554856666373816,0.023180152128636305,0.025363442530358247,0.035548566663738214,1.0941879237722838,-0.07065223774260973,0.10168040477339771,1.4299006611704825,-0.0017030769040490064,0.02203009756097561,0.026375472896622204
site_fbcf22b1e9843130,94,0.13149881844373315,-0.010359092207031047,0.131090153942789,0.1116111889197399,0.05698989763389175,0.13109015394278903,0.5106109717626379,-0.11631739872818536,1.625442289697202,-0.9737546674609184,-0.06954695920820565,1.1709634042553196,0.3052977526382173
site_fc3e5e33830dc393,21,0.04186754727549,0.01648875560930797,0.03848392460913913,0.07398777247755521,0.07118308432057376,0.03848392460913937,0.9620925449832635,0.860144647112412,0.03681072181217318,0.34626386779546736,0.0951321999207139,0.11495800000000002,0.10640766136118818
site_fc969b6a7d772c7d,88,0.07565374872899558,0.049392187372527346,0.057305335906066804,0.06332166402843957,0.044714990169992176,0.05730533590606709,0.706156271413041,0.4812346204380994,0.503667093314,4.346512488782406,0.11990712614873932,0.3528477159090909,0.17594987043941973
site_fca46353b779e0c3,13,0.07986536658945287,0.07746851719342746,0.019419207613065207,0.011665454994842098,0.017528319243039558,0.019419207613070078,1.5025834183741427,0.1619242598981595,0.08292019814608004,1.007090723514557,0.00043042474412000953,0.001769076923076924,0.003994145681316841
site_fd9f51d6899fafaa,46,0.05872474046809441,0.0326623797779498,0.048803320484225476,0.06476356956877241,0.04822285244001911,0.04880332048422548,0.7445984333647835,0.6624860670640994,0.15863537658007207,1.5024694697856908,0.09517398506046638,0.19293871739130433,0.10697040088278542
site_fdbd79ba7196fbc0,8,0.12586959880474408,0.12249288196861743,0.028959450448680608,0.055083219711178834,0.0406385181760355,0.028959450448680667,0.7377658457351964,,0.12674524722613786,0.9799430557489395,0.015388001932017503,0.024273288750000004,0.013211913276351739
site_fe445170e29174a0,133,0.019532428042077592,-0.0021636093767962074,0.019412226551418017,0.051508748070784524,0.05947645997439717,0.019412226551422183,1.154686576592062,0.9488584666220613,0.0507415941141189,-0.2877600471138956,0.3866154309682548,0.3528691,0.4704807557144471
site_fe8014b9bedb3a60,34,0.08354408887753693,0.05915977177199196,0.05898928877570584,0.09546928345308234,0.06786061966810183,0.05898928877570928,0.7108110296172006,0.7902713635357052,0.23730690273684488,2.0114322402477267,0.17407509710683544,0.3098890588235294,0.15657216585911815
