physical_site_id,n,rmse,bias,ubrmse,observed_sd,predicted_sd,within_series_ubrmse,amplitude_ratio,r,sse,sum_e,anom_xy,anom_yy,anom_pp
site_0089d624f3191d41,19,0.04625469398284086,-0.03979666257845728,0.023573764295561128,0.027497469034878458,0.019937796640727864,0.02357376429556113,0.725077519514188,0.5452952401331077,0.04065043759347883,-0.7561365889906883,0.0056800896639102386,0.014366105263157892,0.007552798962853366
site_008c2bef2cb4aaa3,42,0.03412220717093743,0.0035307079354921977,0.033939050129469246,0.04564469529547525,0.06702153840315718,0.03393905012946931,1.4683313793487194,0.8864254105363478,0.04890165093308771,0.1482897332906723,0.11389277959189245,0.08750440476190477,0.18865923761688663
site_00edf1317915280d,216,0.09296887257458965,0.08579564413897416,0.035809477999110696,0.0416768380074971,0.040703214037598426,0.035809477999110745,0.9766387274935893,0.6223222919317217,1.8669336338427018,18.53185913401842,0.22803030843029,0.37518310648148145,0.35785835272595873
site_01183702de237e95,654,0.1255883586509834,0.09579440309184771,0.08121495037814547,0.08191912268218,0.08850583156620621,0.0812149503781458,1.0804050222752082,0.548124540435509,10.315173031935815,62.6495396220684,2.599047246563325,4.38882570030581,5.122966572681584
site_01e54199a3b60966,138,0.05377162891870042,0.018892220382759537,0.050343540653987225,0.06063687222785308,0.04138215818616693,0.05034354065398768,0.6824586537159539,0.5688555934229553,0.3990115545667179,2.6071264128208163,0.19698404308581266,0.5074025777536232,0.23632265622800208
site_026dbe6171ec07f4,71,0.05788151584133371,-0.029477262513738285,0.04981325998955224,0.0623497612794217,0.03756711467577623,0.04981325998955231,0.6025221894181513,0.6014215099882018,0.23786916120243018,-2.092885638475418,0.10001840878863572,0.276011983943662,0.10020145545946746
site_02b6ac3cafd20e22,104,0.06827536752446002,-0.051096252549840855,0.04528464183321948,0.050130688072770435,0.05381819125498009,0.045284641833219494,1.0735578010989362,0.6224714277467615,0.4847986843024093,-5.314010265183449,0.17465681015349066,0.26136093221153844,0.301225361835592
site_0312a18810484838,58,0.14880164122600745,-0.12527264689988102,0.08030375066116877,0.057037839204077095,0.05130154712863608,0.0803037506611688,0.899430059842958,-0.09629248319491641,1.2842318490300995,-7.265813520193099,-0.016342327410290992,0.18869227586206894,0.15264722679191678
site_0322f6b7744e5e7d,83,0.02345337434027176,-0.00957599462227649,0.021409369326046247,0.048264746403469304,0.052217308524082726,0.021409369326046514,1.081893357266854,0.9121639832862639,0.04565504373942819,-0.7948075536489486,0.19080753633798245,0.19334731686746987,0.22631172668843713
site_0430e77fe9702577,394,0.09446819933122724,-0.07163236679534621,0.06158769935775703,0.06308981520330414,0.03747584338990734,0.0519390873912266,0.5940078167790329,0.5682537698474006,3.516150829844486,-28.223152517366408,0.5293576797642753,1.568247964260504,0.5533489020872353
site_0472cafe265e9bf9,112,0.09193633787223286,0.07768321218527853,0.049169185125791465,0.05345248029673131,0.07334123796620688,0.049169185125792554,1.3720829708755684,0.7421037927716112,0.9466565047920242,8.700519764751196,0.3258357799398114,0.3200027767857143,0.602440964878568
site_047754da87a40137,94,0.0690086246993783,-0.06701896491894062,0.01645140188839384,0.02643204199540929,0.016223020059278156,0.01645140188839398,0.6137634036029365,0.8059450024006932,0.44764588659256643,-6.299782702380418,0.03248595819047632,0.06567336734042555,0.0247395197053117
site_04a0ab31c36d8277,117,0.1016194247261922,0.07014525681520117,0.07352652873631199,0.0971675470643278,0.0785125103106139,0.07352652873631448,0.8080116528889661,0.668486857767457,1.2082013753568224,8.206995047378538,0.5966763689109912,1.1046592676923077,0.7212130702070878
site_04a334aa2f23d43d,112,0.06836240208414529,0.02652154321542808,0.06300814045967817,0.09028436569669096,0.06753944544939425,0.06300814045967885,0.7480746519978004,0.7168881165698977,0.5234228180960074,2.970412840127945,0.48959778653401886,0.9129418691964286,0.5108965894605104
site_05aa898de0a23cc1,66,0.039827586066090825,-0.026896645722515655,0.029373577594997733,0.04924598588518144,0.05168437425982616,0.029373577594997747,1.0495144595202115,0.8316742937130297,0.10469161638222357,-1.7751786176860334,0.13970994205422926,0.16006103030303032,0.17630411981356553
site_05ff70d4d3251126,56,0.09753913457932627,-0.030750842154026032,0.09256494196671922,0.1301280165895516,0.056565844137586106,0.09256494196671929,0.4346938162901959,0.7855617058047513,0.5327774353710996,-1.7220471606254577,0.3238123544103333,0.9482648392857145,0.17918290448787033
site_0616304fbe5abc7f,91,0.06434374098699625,-0.02423735128261231,0.05960425997363705,0.11940051015747982,0.11620744508695723,0.059604259973637407,0.9732575257315803,0.8723454459853689,0.3767506473823511,-2.2055989667177203,1.1014632862187348,1.2973398461538461,1.2288794967210743
site_062fed1c5ac99ce7,88,0.08417201281679984,-0.03222015774520961,0.07776110323616381,0.09858150901895621,0.043786432497309444,0.07776110323616409,0.4441647620639461,0.6473687268752326,0.6234736412635735,-2.8353738815784455,0.245906162250787,0.8552116249999999,0.16871814703404642
site_06fbc9bb474fb230,264,0.09782866978878284,0.08685498018833723,0.04501845231820236,0.042388523924692556,0.048448117761204126,0.04501845231820334,1.142953641114681,0.5155094604996927,2.5265984390176763,22.92971476972103,0.2794896754308632,0.4743517575757576,0.6196661102553247
site_0749a2df9169c11c,244,0.11290913237999509,-0.0736682872205484,0.08556550492338627,0.12497917536826818,0.05684438934755701,0.08556550492338637,0.45483088826644336,0.8114464415509138,3.1106272106519945,-17.97506208181381,1.4066140356746608,3.811229803278689,0.7884334424723833
site_079486718438a070,226,0.0834278805130391,0.03445859909664213,0.07597905102852248,0.10253387561981735,0.06847950612649839,0.07597905102852337,0.6678720151027135,0.6714992257269199,1.5730077417989317,7.787643395841122,1.0655699101542409,2.375982216814159,1.0598140636083837
site_088275f9ba9853b1,86,0.09312354237543906,0.020717010001803555,0.09078986529968731,0.08186361730849549,0.0356670700239131,0.09078986529968734,0.43568890792481163,-0.0460655968636095,0.7457914964313166,1.7816628601551057,-0.011567340483152595,0.576342058139535,0.10940403003180199
site_08cce474c4f1c65e,101,0.07376820790337929,-0.04714892957588234,0.05673382533484479,0.13094279995895935,0.08835042606433231,0.05673382533484489,0.6747253464262524,0.9392931726096063,0.5496165982248953,-4.762041887164116,1.097520929340679,1.7317477029702968,0.7883855763606542
site_08db8db92cc27df6,416,0.045645251838908114,-0.012688190922714197,0.04384630915534508,0.06347767054392484,0.04061993608842081,0.043846309155345195,0.6399090536933442,0.7285155891068629,0.8667314304219353,-5.278287423849106,0.7814341681045838,1.676236497596154,0.6863913504561947
site_0902e4bb7164303d,146,0.06071822706624649,-0.01968998486963037,0.057436988029509306,0.06793365152536904,0.05683881338899481,0.05743698802951007,0.8366812634496616,0.588747524915404,0.5382586523179671,-2.8747377909660337,0.3319035609890133,0.6737872273972603,0.4716750032904704
site_097bbf563f897742,21,0.04068643069849083,0.0018903306382043025,0.04064249368655131,0.06067051643612284,0.028049488244214143,0.04064249368655132,0.4623248637374983,0.827333183392499,0.034763098502645036,0.03969694340229035,0.029566667154431344,0.07729914285714289,0.016522249606008454
site_0983900925777e9a,101,0.054817223746026995,0.003599418842556452,0.05469892323636577,0.06572609390238202,0.06254825683066091,0.054698923236365944,0.9516502977274003,0.6373345413534552,0.30349772994142055,0.36354130309820165,0.26463169827456073,0.43631186138613853,0.39514072768798625
site_098c5f4a8213f315,52,0.08433939837000147,0.06999317921812717,0.04705410694459025,0.04125759330326376,0.029675167108285275,0.0470541069445904,0.7192655880375302,0.15057900225482584,0.36988297410551796,3.639645319342613,0.009586604760959743,0.08851382826923078,0.045792008231042125
site_09d142dad852325f,523,0.04307388024331903,0.013596469335984544,0.040871691680323445,0.06482218046550325,0.053358484230615594,0.04087169168032351,0.8231516411116662,0.7775134535242041,0.9703528402698577,7.110953462719917,1.406490233717041,2.197601586998088,1.48904786000037
site_0a639c884418ac75,179,0.04183743396053668,0.03875398729300365,0.01576386213134266,0.02607977763824632,0.025522971409028424,0.015763862131342687,0.9786498858640063,0.8135690689280332,0.313316387592006,6.936963725447654,0.09693543821098752,0.12174770949720672,0.11660455044874873
site_0ad0f907a285c78b,99,0.040042524900914964,-0.018018154351398197,0.03575961289233407,0.04790816343017889,0.058293064748116005,0.03575961289233416,1.2167668425251161,0.7903645206755354,0.15873697624359911,-1.7837972807884215,0.2185189185351735,0.22722402020202023,0.3364100583750764
site_0b0ed8efdae8e576,91,0.08679150588801623,0.041867775877753456,0.07602535654214168,0.09835363969989684,0.06326002380067638,0.07602535654214168,0.6431894538290558,0.6344905183053748,0.6854816599821697,3.8099676048755646,0.3592413468334373,0.8802828982417583,0.36416658562485504
site_0b38093eb399bd08,170,0.07593266904381958,0.014878682571018443,0.07446069455134775,0.07589725955043725,0.04566693400138152,0.07446069455134807,0.6016941095354534,0.3320067888844211,0.9801809387801003,2.5293760370731353,0.19562476599912432,0.9792669812352942,0.35452970638471104
site_0b499005763b91ab,135,0.043091674221896546,0.024148178094228107,0.035689744773190875,0.04105325728377326,0.05460954709035888,0.03568974477319139,1.3302122828617524,0.7569059743329359,0.25068047227821855,3.2600040427207944,0.22908249124062285,0.22752494103703705,0.4025973555109068
site_0b5d986a46425a8d,144,0.04643672520999764,0.01811184334589375,0.04275898243460238,0.04989857769070733,0.04620264011015653,0.0427589824346028,0.9259310034153719,0.606438276379118,0.31051720054495163,2.6081054418087,0.20132794295003018,0.358541,0.30739448925340496
site_0b72a3f0c80e88c1,80,0.08820570953115678,-0.0276591866619885,0.08375688978879338,0.08590768787447081,0.03792172928750241,0.0837568897887939,0.4414241638410061,0.27671886931537204,0.6224197755115842,-2.21273493295908,0.07211887203999795,0.5904104668749999,0.11504460417236945
site_0bcb08d77ff25c9a,123,0.0993356516869241,0.0750401333735241,0.06508878612594969,0.101546749476787,0.07355187344960702,0.0650887861259497,0.7243153899910952,0.7688540356763546,1.2137113186161066,9.229936404943464,0.7063318257807715,1.2683443065040652,0.6654150048174818
site_0bf83088dda14a95,57,0.08238068641194815,-0.07046624168805908,0.042674187468114536,0.03429183320502716,0.057435661479410996,0.042674187468114584,1.674907874886985,0.6736732389123371,0.3868349171411132,-4.0165757762193675,0.07563041460514068,0.067028,0.18803474694591726
site_0c4d512642175d8c,82,0.05595208322137308,0.02776360579380175,0.04857795601029171,0.0907497162824984,0.05668668158540131,0.04857795601029186,0.624648581918858,0.8834119885891694,0.25671212057853965,2.2766156750917435,0.37265199563961204,0.6753119024390243,0.2634971492715035
site_0cc518f8eb987b6e,366,0.08520392406365498,-0.050379871132269584,0.068713734147847,0.060518452887148,0.04653911338726524,0.06535557108881938,0.7690069915377582,0.2764131519838385,2.657053375359301,-18.439032834410668,0.28493494225571586,1.3404688291865465,0.7927154014034195
site_0cc8f0bf6d22e691,356,0.1121888374713286,0.09269337537198255,0.06320026436113163,0.0649383079578163,0.0781143097538076,0.06320026436113163,1.2029002943000977,0.6234023942864891,4.4807353501278735,32.99884163242579,1.1257709347889495,1.501246247191011,2.1722569582397133
site_0ce5386aeb45589f,400,0.04253323084468779,0.03400170747190714,0.025553074474167596,0.0460423107043945,0.0366323281970612,0.02555307447416869,0.7956231482874911,0.8326812965619004,0.7236302904350004,13.600682988762856,0.5617724458109588,0.8479577500000001,0.5367709876548821
site_0d5442a09f1a2d6e,357,0.1539414547293259,0.10063998269567304,0.11648847740096757,0.12121564115778115,0.05902142953325693,0.11648847740096831,0.48691265392418537,0.3219869369761356,8.460175819852651,35.92847382235527,0.8223843857267823,5.2454837030812325,1.2436199044612692
site_0d5e4db658745469,47,0.03747612090422125,0.0011931014837102676,0.037457124113810136,0.057639846275628945,0.03746688082355032,0.037457124113810136,0.6500170150417615,0.769379881798888,0.06600960298730701,0.05607576973438258,0.07809244792550167,0.15615053829787237,0.06597705645636776
site_0d7b03db25fcc113,73,0.09049099707368141,0.0743576737409585,0.051570892053775685,0.04879072462602647,0.08228599455326222,0.05157089205377615,1.6865089662834878,0.8085052349510565,0.5977693002513982,5.428110183089971,0.2369566422704454,0.17377904109589043,0.4942818976722234
site_0da833e2b1888903,55,0.1011078871982036,-0.08363860164837404,0.05681011501475125,0.0796117640295756,0.04177662595205004,0.05681011501475189,0.5247544312236332,0.730015091274627,0.5622542669526565,-4.600123090660572,0.1335380826958472,0.34859181345454543,0.09599075617656255
site_0dbafc8a640ef8c3,279,0.1049359889757131,-0.03172897500632912,0.10002416671664266,0.1067653435399822,0.0488459413611502,0.10002416671664303,0.4575074620806896,0.36240572499680795,3.0722257372647643,-8.852384026765824,0.5273003244625412,3.1802759641577065,0.6656733505004817
site_0dc29dbfcf3d5b45,16,0.07033947361543572,-0.05128935369849205,0.04813568058818278,0.09213167801440501,0.04774909281916623,0.048135680588182926,0.5182700874253103,0.9605349202360748,0.07916226477594522,-0.8206296591758728,0.06760942570492626,0.1358119375,0.03647961384085363
site_0e03bfb1bac21c69,145,0.06554102382615956,0.05607271172342629,0.03393341721905925,0.05988983783069082,0.03380333148588316,0.03393341721905925,0.5644251631043904,0.8836807693973122,0.6228657416062763,8.130543199896811,0.2594036290806943,0.5200849379310346,0.16568645683395244
site_0e7b99291027b045,131,0.06895966069240907,-0.009594582211880285,0.06828893610967782,0.09203751423507633,0.05013366127591433,0.06828893610967782,0.5447089884225484,0.6849442980619729,0.6229619591683966,-1.2568902697563173,0.41401955420529574,1.109688427480916,0.3292533030735827
site_0e88bbb351409588,121,0.053712021113367134,0.0147384565713977,0.0516503544031967,0.048021335160093395,0.037977068923638904,0.05165035440319687,0.790837422512953,0.296249828143916,0.3490827266620184,1.7833532451391219,0.0653731107190867,0.2790318842975207,0.1745131894477292
site_0e94595e2d8280b9,63,0.0721230834004657,0.0420116660379228,0.0586238780353925,0.07008050055705249,0.04159578755022049,0.05862387803539251,0.5935429573074665,0.5496857777343708,0.32770956702900356,2.6467349603891366,0.1009489012667584,0.30941042317460316,0.10900320114115392
site_0ea793c6917b8d1e,142,0.10655866493398924,-0.08862181475212877,0.05916859828112849,0.054577722511885814,0.03437299489413684,0.05916859828112868,0.629798996956151,0.1757216493370372,1.612374368297015,-12.584297694802284,0.04681083605164582,0.4229793468309859,0.16777339447491468
site_0ed7401c57e72edd,149,0.05138842706442194,-0.02903866569419836,0.0423972443780961,0.05783183408977834,0.07947008620282338,0.04239724437809966,1.3741581510185847,0.8553806508760428,0.39347479498715654,-4.3267611884355555,0.5857554531789566,0.4983336340939597,0.9410086955615427
site_0ed89141fd172a0b,19,0.0433537479193295,0.039014373811922576,0.018905715927103564,0.03126168080862911,0.04853999630792287,0.01890571592710371,1.5526995047087955,0.9805969805672935,0.035711401714402576,0.7412731024265289,0.028271979421455613,0.01856856105263158,0.044766493589890155
site_0f170214c09c03f1,20,0.11700265615675501,-0.045920932981967935,0.10761454112619472,0.130831361970286,0.03297368897375492,0.1076145411261947,0.2520319935310602,0.7676438666094927,0.27379243095471684,-0.9184186596393588,0.06623219977736473,0.3423369055,0.021745283290758533
site_0f333b36a4874c91,102,0.09066515591899187,-0.05940033339811306,0.06849650275749938,0.13807256587995165,0.0900863968824472,0.06849650275750001,0.6524568896675215,0.9039632526448955,0.8384573907771408,-6.058834006607532,1.1468788945582862,1.944531411764706,0.8277870081327028
site_0f556398a37eba54,17,0.18919376468640184,-0.18444267283888424,0.042132897268783935,0.050312791854770424,0.038159235203107454,0.04213289726878919,0.7584400268078022,0.576156550298026,0.608502770135631,-3.1355254382610322,0.018804747397584077,0.04303340941176471,0.024754162931863277
site_0f5c2c2840148780,191,0.07372949608706891,0.019498817245997682,0.07110439310802318,0.06924151015778757,0.05690090313489161,0.06932697195812144,0.8217744385589775,0.40938435137188234,1.038283371311344,3.7242740939855574,0.30807062946624775,0.9157278652258206,0.6184031405151666
site_0fabc5d0b4df5f64,317,0.13742724241413895,0.13059094589456022,0.04280481056982446,0.04014546811777349,0.030709152025775257,0.0428048105698255,0.7649469159429102,0.29300750971125594,5.986940285544781,41.39732984857559,0.11450972306806394,0.5108957794952681,0.29894748975107
site_0ff1990da553fc4d,975,0.0763664870565878,0.04969960471593417,0.05798094201066318,0.056202421944953874,0.062546917444538,0.05798094201066318,1.1128865141398727,0.5275583705715197,5.686044336729892,48.457114598035815,1.8081567454511922,3.079744426666667,3.8143139597685063
site_1053b206858b1513,880,0.07719344193229123,-0.051661761371554295,0.057357561745096854,0.06806196826388455,0.05748854909383515,0.05735756174509708,0.8446501116592019,0.5938834272954854,5.243768180071536,-45.46235000696778,2.0448889610713072,4.076539741079545,2.9083412836845786
site_1055453212517d95,143,0.07785623153945234,-0.04705067555054084,0.06203085296658876,0.09560491294354456,0.05276108177289449,0.06203085296659005,0.5518658000771396,0.800540678537034,0.8668077689020484,-6.7282466037273405,0.5774486152453646,1.307062811188811,0.3980736402279865
site_108f541d7e13b076,361,0.05412928182504282,-0.016818164701937303,0.051450252545088844,0.08593626697125445,0.058943253849565405,0.05145025254508885,0.6858949769051736,0.8106250574533728,1.057722473473063,-6.071357457399367,1.4823058306417969,2.6660001551246535,1.2542248899491248
site_10a7b62e4edfa545,50,0.13482454840151775,-0.11211446165275574,0.07488662323797197,0.0911019013852071,0.03789900972479824,0.07488662323797196,0.416006791829179,0.5977812571826613,0.90888294258366,-5.605723082637787,0.1031971258533597,0.4149778218,0.07181674690601758
site_10d7d76e5b99709b,40,0.056744029517483134,0.030285442554950713,0.0479862152615913,0.0606743561976557,0.039738866836369055,0.04798621526159139,0.654953250874452,0.6133800301942759,0.1287953954352399,1.2114177021980286,0.05915756364613772,0.14725510000000003,0.0631671014975469
site_10dfc2a732e16d10,6,0.01913855942633267,0.004296253434816995,0.018650111617335974,0.06679038520292839,0.07325439599381531,0.018650111617336637,1.0967805586275239,,0.0021977067414916023,0.02577752060890197,0.02843800627390543,0.026765733333333333,0.03219723919451223
site_10ec1b51ff0dc0c8,84,0.09296167514874086,-0.07796742639371326,0.05062562066780938,0.044927618785166164,0.042059066131136594,0.050625620667809436,0.9361516872784568,0.324008688195665,0.725917335902642,-6.549263817071914,0.05142910523215929,0.1695532380952381,0.148593063681159
site_11d0ddb199b9f010,2,0.0315406703664695,-0.02963453102111817,0.010798539638519289,0.0020000000000000018,0.008798539638519287,0.010798539638519289,4.399269819259639,,0.0019896277743325745,-0.05926906204223634,-3.519415855407718e-05,8.000000000000015e-06,0.00015482859954119021
site_125ba37c83dbcda5,409,0.04885018030588262,-0.015530466441944933,0.04631570714145326,0.03803221699319482,0.06239261906916764,0.043102769227479125,1.6405201695271059,0.733574162656548,0.9760131074101521,-6.351960774755478,0.7119544245090061,0.5915978575317398,1.592171115952897
site_12aaba88bfb65c8b,227,0.06868351696019112,-0.03813299766563634,0.057125300796174665,0.07802533013998211,0.05049770532319413,0.057125300796174866,0.6471963044898141,0.6820474377718736,1.0708555889587354,-8.65619047009945,0.6100250898674459,1.3819651365638765,0.5788541411401498
site_12f6f97179080a87,406,0.05245779735157024,0.004174598068732933,0.05229142600793117,0.06934672900402701,0.05273033897208197,0.05229142600793149,0.7603868232778489,0.6638629643466837,1.117239124209234,1.694886815905571,0.9855780402583075,1.9524413423645322,1.1288783911329305
site_12f79a44d2a41795,112,0.186725512116216,-0.14492004793169241,0.11774802156528615,0.08819210550072622,0.03991331961672928,0.07876438678390318,0.4525724767553102,0.44986593971683375,3.90503869000707,-16.23104536834955,0.17735714808190994,0.871118916936937,0.1784241852766449
site_13345716e1eac548,38,0.05744201726435151,-0.0505538782696975,0.02727436047445776,0.04952444204744566,0.03236918992159044,0.02727436047445781,0.6536002947914071,0.8597724472833649,0.12538424320112615,-1.9210473742485048,0.052374337463002456,0.09320147368421054,0.0398150493348397
site_13471aa5ce158e45,113,0.03999449726863856,-0.007812452661674634,0.03922404103582686,0.07406047423873999,0.08373647900320547,0.03922404103582686,1.1306500513792836,0.8835051545594287,0.18075025873013847,-0.8828071507692336,0.6191397896304727,0.6197997844247788,0.7923331644915326
site_136f0d570907389a,58,0.04579911902641512,-0.0195049272015177,0.04143811190750894,0.04404887635035534,0.03234838607012974,0.04143811190750895,0.7343748297422525,0.4455033717258036,0.1216584396085529,-1.1312857776880265,0.036818529647742876,0.11253760344827587,0.06069224871784551
site_139d8263042fc17e,25,0.045509609397822816,-0.02574957100868225,0.037524447236584754,0.03391627338019317,0.024845852315609082,0.03752444723658477,0.7325643368035493,0.21333506386106071,0.051778113688560064,-0.6437392752170563,0.004494322960972784,0.028757839999999996,0.01543290943222643
site_13a4a69bc620b9a3,67,0.08491136363738577,-0.06600202469505481,0.05341977546671022,0.06772633727709822,0.03831560468764502,0.053419775466710305,0.5657415745203973,0.6168208199178818,0.4830659582089441,-4.422135654568672,0.10724254207335301,0.30731940298507465,0.09836173269285231
site_14144d0d858434fd,21,0.019741747099906885,0.0008399902979532878,0.01972386865845609,0.04125019068189282,0.037810915403721404,0.019723868658456167,0.916624015033193,0.8790791261793448,0.008184468149690321,0.017639796257019044,0.02879323188109057,0.03573314285714286,0.030022971797014908
site_14672231a55d516b,109,0.0748880150333289,0.0002951997625718416,0.07488743320966658,0.11655873747981593,0.08071650621269788,0.07488743320966697,0.692496401024207,0.7702293929589721,0.6112954127238983,0.03217677412033074,0.7898666472910741,1.4808673818348626,0.7101518268951099
site_14af94b228986e6c,11,0.058345654273635514,0.05362168205759741,0.022998490949028314,0.09379196955880077,0.09061494488930677,0.022998490949028404,0.9661269010082764,0.9694764149291596,0.03744636909880462,0.5898385026335715,0.09063489162793215,0.0967662690909091,0.09032175061021314
site_14d94a059a5aad1d,372,0.16397862463271393,0.15159704481305614,0.06250860213110461,0.04719982917498008,0.079793904764903,0.06250860213110479,1.6905549481776632,0.6223106505693066,10.002704033154375,56.394100670456886,0.8718872334790886,0.8287504811827957,2.3685490123985122
site_153d5fe2ea0a30b2,107,0.10593025798516943,-0.0108080108916091,0.10537744757476057,0.09541664076087732,0.07313221407842518,0.10537744757476061,0.766451360006491,0.23991366598860037,1.2006704925780871,-1.1564571654021738,0.17913135428113564,0.9741638807476636,0.5722703187533494
site_1540ed4ad947cd80,639,0.08158879090374535,0.07260580220893142,0.037217311653753415,0.04208249465567663,0.06023392056852649,0.03721731165375404,1.431329607747039,0.791767265147085,4.2536509819253165,46.39510761150718,1.2824516755373616,1.1316283317683882,2.318371994528502
site_15a7df29fffec944,41,0.05198690014574956,0.02286792902248662,0.04668721033630784,0.05262709326825448,0.036757594722505976,0.04668721033630786,0.6984538274827874,0.5017035221054775,0.11080814925732957,0.9375850899219513,0.03979124018658952,0.1135540487804878,0.05539595156114396
site_15fd0f8efa3618ec,756,0.14829891015720362,0.14261913759194353,0.04064908789068488,0.03447419682666433,0.04832045162706655,0.04064908789068501,1.4016411134977544,0.5615854564782085,16.62638046588365,107.8200680195093,0.7072334435663171,0.8984835066137566,1.7651587303554213
site_162f5acccb1ccdb2,7,0.049101968459717246,0.03600551909548895,0.033385714029857856,0.08241799387443081,0.05934957466050402,0.03338571402986168,0.7201045775383342,,0.01687702314633347,0.25203863366842266,0.03220172138884664,0.047549080000000014,0.02465660408667919
site_164f38fa74238777,27,0.0745272867111429,-0.03895449614966357,0.0635363179154312,0.07479114036863327,0.03394839064123396,0.0635363179154316,0.4539092528059862,0.5335373680476565,0.14996654454217226,-1.0517713960409165,0.03657614684201501,0.15103029629629633,0.03111731713250518
site_165766e1d399cf97,157,0.06829373107032238,-0.06155254386056001,0.02958577441608303,0.058285950012353316,0.07296698851003626,0.0295857744160837,1.2518795437763544,0.9224320626336725,0.7322532914503661,-9.663749386107922,0.6159200536614533,0.5333685591082803,0.835896481719131
site_165c41e6efa0bc8e,45,0.1105379311948611,0.011205523940722146,0.10996849760751373,0.07344546827324706,0.098221768681021,0.1099684976075144,1.337342806714718,0.20437379818021226,0.5498385404777931,0.5042485773324966,0.06634534919963941,0.2427406564444444,0.43413821292725996
site_16e59e7364e5ed25,142,0.06626299239535188,0.02133337766939486,0.06273492773887147,0.06632083633875623,0.07649150656155389,0.06273492773887399,1.1533555784919163,0.6222902410504213,0.6234913508884774,3.02933962905407,0.44827502527318785,0.6245803732394366,0.8308349817999863
site_17476f5e1149b6dd,119,0.04427296515394163,-0.03791898856122954,0.022852696777743167,0.03744841300707971,0.022757235485150268,0.02285269677774317,0.60769559128842,0.820225876597158,0.23325135777913347,-4.512359638786315,0.08318276439276565,0.16688365277310924,0.061629120264263315
site_179c7b165166f05c,71,0.12428547102860316,0.0868448113330653,0.0889092630344333,0.15497239334112836,0.07924122933449602,0.08890926303443353,0.5113248084132548,0.9116607494855273,1.0967283599249247,6.165981604647636,0.7948719115202696,1.705167431549296,0.4458212422773957
site_181ff8c89ef12a6c,94,0.17540034350461345,0.14111198173304823,0.10417624063532076,0.04288316742016048,0.10028821041906878,0.10417624063532137,2.33863812895315,0.12137650634132792,2.891936367144421,13.264526282906534,0.0490680979544178,0.1728628085106383,0.9454261640115853
site_182cb9b0a7d4c94d,1,0.04818064353466034,0.04818064353466034,0.0,0.0,0.0,0.0,,,0.002321374411414007,0.04818064353466034,0.0,0.0,0.0
site_183b638a356ad6ca,93,0.09622076955788492,0.08121884723376203,0.05159394681869592,0.06885529523773322,0.03473628042331871,0.05159394681869593,0.5044823394248256,0.6868796141712734,0.8610345939709783,7.553352792739869,0.15278623628904742,0.44091780645161294,0.1122146535212114
site_18793582c71deee9,486,0.1058710503245195,0.07755763037602108,0.07206589531306357,0.07015747129618724,0.06238722319358068,0.07206589531306903,0.8892456076445155,0.4136167676584393,5.447418138253033,37.69300836274624,0.8798405803972433,2.392126398436214,1.8915924902535466
site_18be3f84accd05c4,1182,0.029938132832358893,-0.0101982502991778,0.02814760182188325,0.05485124564095864,0.04749193345591976,0.02814760182188396,0.8658314483282488,0.8583243067084467,1.059416904630775,-12.05433185362816,2.642866543422975,3.5562351133671743,2.6659817846769456
site_18bedc0a241bdc83,127,0.024549319799615183,-0.01179977279378204,0.021527528066150537,0.02294682958567427,0.012924343123360538,0.02152752806615054,0.5632300128915944,0.38803498976552664,0.0765389760332198,-1.4985711448103192,0.014615234203905045,0.06687273748031496,0.02121390793663532
site_1929ba01621eda50,217,0.08279388620710909,-0.026681640095425098,0.07837676744478514,0.08892729570559497,0.06261782151008834,0.07837676744478522,0.7041462468103441,0.5105688867961282,1.4874975877408332,-5.789915900707246,0.6169459531537949,1.7160498709677419,0.8508551708352341
site_194102884b72b2f0,88,0.03130794550696244,0.0012887281152335062,0.03128141032165807,0.04704843534693839,0.035523178851010986,0.03128141032165816,0.755034223541349,0.7469963373732434,0.08625649576428979,0.11340807414054854,0.1098646943928166,0.19479286363636364,0.11104686873992042
site_19bcb346c9572bcb,74,0.10971995772544833,-0.039306323671340945,0.10243769834742458,0.08038934647717337,0.057471810914700217,0.10243769834742458,0.7149182501566845,-0.07878861997392206,0.8908467151222886,-2.90866795167923,-0.026936960737407215,0.47822108,0.2444226696863141
site_19cb1bd872c4d23c,70,0.28390761900039085,-0.2785624149090903,0.05483171642842224,0.053252233851774536,0.024800344175961518,0.05483171642842311,0.46571462607544856,0.1682248785813192,5.642247528852976,-19.49936904363632,0.015551912423712864,0.19850602871428571,0.04305399498723039
site_19feb3f9e9d0726a,57,0.030655314793197937,-0.006228468016574258,0.030015904304827666,0.03404281843835552,0.020375164695661478,0.030015904304827673,0.5985157995233759,0.48520697040616534,0.053565654528993444,-0.35502267694473266,0.019183529902419498,0.06605806877192981,0.0236633981733938
site_1a0cd59d1873112a,14,0.10443199673059128,-0.01982774896706854,0.1025324451675524,0.13098356338698003,0.12185788759438693,0.10253244516755264,0.9303296111617297,0.6732856391917056,0.1526845871759352,-0.27758848553895954,0.1504519543413605,0.24019371428571426,0.20789082676552734
site_1a52df5386240d07,520,0.05087489655301143,0.03490586774578461,0.03701128876698849,0.06093857365918064,0.040978733243812356,0.03701128876698861,0.6724596718164036,0.8054929748536673,1.3458926516253995,18.151051227807997,1.0459620188392698,1.9310250750000002,0.8732134206991167
site_1a9dbac658ebe085,81,0.09972293278594288,-0.008571027979438687,0.09935391689714786,0.09384853557693087,0.0462821919593824,0.09935391689714818,0.4931583820127198,0.12413769569615817,0.8055177291978042,-0.6942532663345335,0.04367471884761327,0.7134113580246914,0.1735053446977748
site_1ae2faafa57e844c,288,0.04362339529789497,0.003777328000093499,0.04345954912900172,0.05689688689912418,0.04040275643565295,0.043459549129001726,0.7101048693100797,0.6483638516484713,0.5480641777871246,1.0878704640269277,0.4292504720516606,0.9323296527777778,0.4701262255484245
site_1b2f4be319c8a70d,152,0.0760774106487491,-0.06512930796883608,0.03931851541600861,0.060973029719586645,0.055971563545281856,0.039318515416010114,0.9179724839440258,0.7771696721920953,0.879741406474797,-9.899654811263083,0.40314812745212725,0.5650919736842106,0.4761880207069358
site_1ba2419bf83859ca,145,0.06989374591611225,0.007159110837476003,0.06952613070064226,0.07518436354245599,0.04147010998330727,0.0695261307006426,0.5515789191975994,0.4070965359238764,0.7083446791369783,1.0380710714340204,0.1840467377503987,0.8196398355862069,0.2493666531940022
site_1c7e765219227837,159,0.08112865047945765,-0.03774697004174286,0.07181242358593512,0.10815436669192725,0.06266627806326955,0.07181242358593518,0.5794151450377548,0.7722022862300572,1.0465154106502625,-6.001768236637115,0.8321587181341537,1.8598813584905662,0.6244029226021799
site_1ce5634596e14607,319,0.03457254996841916,-0.013826707143675196,0.03168727474684247,0.049508104260382296,0.05215522640735479,0.0316872747468425,1.053468461103868,0.8069258241339347,0.38128832641070975,-4.410719578832388,0.6646582953843017,0.781885711598746,0.8677334776711778
site_1cedce47f64df34a,254,0.10207486714331396,0.0767374515646086,0.06731004404763485,0.07596983462422138,0.05186537261607806,0.06731004404763485,0.6827100897695239,0.4988054982495636,2.6464967395905994,19.49131269741058,0.49921040870718597,1.4659396062992127,0.6832642866575735
site_1d1f4a4194ae00c3,182,0.05902608964424915,0.024871049159830745,0.0535304602294826,0.08642897312384384,0.04612444333783729,0.053530460229482615,0.5336687648914409,0.8443423176071507,0.6341024250817504,4.526530947089196,0.6126048561439409,1.3595340659340662,0.387198497727016
site_1d6a4da433bfddd7,6,0.07140579986154169,0.031468612412611646,0.06409769642265914,0.08422522715249207,0.04268848268158744,0.06409769642265957,0.5068372520301878,,0.03059272952319928,0.18881167447566988,0.014423042267560958,0.04256333333333333,0.010933839321937144
site_1d92331b9f8c002c,75,0.09392950819513184,0.022241779640197752,0.09125818181520068,0.10982142218873127,0.07079501797491425,0.09125818181520082,0.6446375995136083,0.5623689897679031,0.6617064382334503,1.6681334730148314,0.3279233847527901,0.9045558578666667,0.37589509275513233
site_1dab76a1b26190f6,1016,0.030810556310653266,0.002874947425535345,0.030676131722763605,0.03612319055400619,0.022430029519236172,0.030676131722764146,0.6209315726334314,0.5350029225603011,0.9644790262546868,2.9209465843439104,0.4404187597817353,1.3257630541338583,0.5111559238215471
site_1e0ab3dca10c0e53,65,0.08513741446761697,-0.050863704398962165,0.06827344225279543,0.06311185899307777,0.07267969133764976,0.06827344225279555,1.1516011807800084,0.5018782555368795,0.4711446572450017,-3.306140785932541,0.14963589424720178,0.2589019384615385,0.34335193964084265
site_1e115354ece8fb9b,39,0.06694977928850031,0.04545663610788492,0.04915248905736349,0.04699525064481482,0.038026121064194285,0.049152489057363496,0.8091481701330144,0.3465415915546373,0.17480864492437728,1.7728088082075117,0.024152159573558048,0.08613358974358976,0.05639344944436164
site_1e3671cb73e4a59d,71,0.24216539536305548,-0.23615120932485018,0.05363473730480811,0.052473938478076076,0.02876280280414544,0.05363473730480887,0.54813501022346,0.23326348115397497,4.163729588505493,-16.766735862064362,0.024996543957230062,0.19549950957746481,0.05873821658566114
site_1e4554eec29098a5,97,0.04349727749490524,0.03441659421250992,0.026599082545836414,0.03270554823780097,0.03280441580432202,0.02659908254583666,1.003022960073997,0.6702813013680928,0.18352527549847267,3.338409638613462,0.06975616239161068,0.10375632989690721,0.10438458053749668
site_1ead9d05e7924900,21,0.15165485246255694,-0.14573512142385758,0.04195793916547149,0.042266424171496904,0.055966591277272916,0.04195793916547154,1.3241383053883928,0.667560987149296,0.4829830797842382,-3.060437549901009,0.033161533570502486,0.03751546285714285,0.06577744612314373
site_1ebbce006aed7c73,31,0.07156132870104474,-0.02798707343609103,0.06586157822237347,0.054305153131242526,0.04731874094523913,0.0658615782223735,0.8713490012795119,0.16546318133813576,0.1587517367292281,-0.8675992765188218,0.01318066393728218,0.0914205393548387,0.06941096058392215
site_1f03845600024bcb,415,0.11513199072818399,0.09834465767734023,0.05986404259120338,0.022812113734234734,0.06671538759272817,0.059864042591203384,2.924559660274122,0.45588230075562713,5.500980744949378,40.81303293609619,0.2879336149568658,0.21596290120481929,1.8471413207838983
site_1f2f25947066509c,400,0.13691672474623962,-0.10511336960196495,0.08773465134231884,0.09433676294928717,0.03856161261549844,0.08773465134231898,0.4087654845251378,0.3696011659811833,7.4984758060950165,-42.04534784078598,0.5378107530198992,3.5597699375,0.5947991870031073
site_1f80e745021951bc,179,0.1369139026560309,-0.11384069508214235,0.0760638737096645,0.08837868265780333,0.05470935795748836,0.07606387370966455,0.6190334174737536,0.5189292854073532,3.3554295965504135,-20.37748441970348,0.44912822988929035,1.3981316871508382,0.5357673788135864
site_1f87127a283de97d,2,0.024620217197010092,0.010301300334930416,0.02236153631210329,0.07280000000000002,0.05043846368789673,0.02236153631210329,0.6928360396689109,,0.0012123101896559028,0.020602600669860832,0.0073438403129577655,0.010599680000000004,0.005088077238390554
site_1fa5a52b4f99f39b,10,0.10597241891360284,-0.06612295316696168,0.08281249081436885,0.15297964864647848,0.08001222818856159,0.08281249081436891,0.5230253102062111,0.9373515606566835,0.11230153570400131,-0.6612295316696167,0.11473410462409256,0.234027729,0.06401956659698449
site_1fe95dec232c15f6,833,0.04575558444963455,-0.01967600354126522,0.04130893841496967,0.021987651489445755,0.050395714426094196,0.041308938414969736,2.2920007828159608,0.5941594518939333,1.743946732436923,-16.39011094987393,0.5484290645762402,0.4027195294117647,2.115593451086194
site_203c950b486649d5,44,0.05961257265099913,0.052091837719353766,0.028984465858303523,0.03830572879441239,0.04008793746309534,0.028984465858303717,1.0465259042126074,0.7274927492593987,0.15636098799510859,2.2920408596515656,0.04915399120334875,0.06456246977272727,0.07070988012198187
site_20551d8a0ce0f349,48,0.1079340713804849,0.037973342291514084,0.10103360351872598,0.06525920270219664,0.05515261071297357,0.10103360351872609,0.845131543587141,-0.40386788639008386,0.5591886607088452,1.822720429992676,-0.06977316082070271,0.2044206497916667,0.14600690248592674
site_20c84fb12b0c9692,116,0.056775660385282915,0.008976172388678996,0.056061608444939404,0.07747374126510456,0.06420676712181729,0.05606160844493942,0.8287552152943086,0.701780311059826,0.3739231710134582,1.0412359970867635,0.4049435641280086,0.6962529479310344,0.4782110375312923
site_20e55f2eceb79ec1,659,0.11852806911127312,0.10790814458871648,0.0490381025190351,0.044946196275520954,0.02996753980994173,0.04903810251903763,0.6667425120079171,0.19061112122915833,9.2582271872156,71.11146728396416,0.16919116681443358,1.3312858088012138,0.5918172184496315
site_2266e199c1b4f8b1,182,0.09695741025201993,-0.09006025064332145,0.035915047777228676,0.06535172949187187,0.08164783567612847,0.0359150477772287,1.2493599834459381,0.9040141736131322,1.710934571305687,-16.390965617084504,0.8779067534814169,0.7772944356593408,1.213279170848486
site_228e3c936ac52751,419,0.05738071814854007,-0.01133201672559991,0.05625061966034615,0.08282325804289989,0.049076723444100724,0.05625061966034614,0.5925476080484603,0.7508664182206157,1.3795771155864802,-4.748115008026362,1.2788057330597487,2.8742109785202867,1.0091718844996644
site_237e685bbdd8644d,293,0.08620853433040637,-0.061274452802915214,0.06064118093424773,0.09238469387604381,0.05699547823634988,0.06064118093424787,0.6169363759847812,0.7697320554528344,2.1775500376792785,-17.95341467125416,1.1875382847100444,2.5007349771331056,0.9518059700413382
site_23d2f2404f4bbe4e,117,0.09537099137517459,-0.0786491974286544,0.05394376460455987,0.07626167795162501,0.040049634015793804,0.053943764604560365,0.5251606716704875,0.7382964042939969,1.064188241518384,-9.201956099152564,0.2638283876914244,0.6804536923076921,0.1876648626214863
site_23e0c01fc0e0a37a,340,0.08374089969704929,-0.07021632817710148,0.04563119042274543,0.07566476276596505,0.07643554861936935,0.04310173629451964,1.010186853499936,0.8394421425876647,2.3842630159042315,-23.873551580214503,1.6506642567471441,1.9465531503061224,1.986413651532952
site_24a155d00f2ce6ce,294,0.06180618080471457,-0.01717725927205313,0.059371253562357375,0.07451103477539117,0.06280807665219595,0.05937125356235738,0.8429365776696961,0.6380274902119643,1.1230811717855298,-5.05011422598362,0.8778550478328451,1.6322569251700683,1.1597872208679478
site_24bc1a63008e8e56,630,0.05643250001402938,0.047690373306425796,0.030170438374792906,0.034156578567099354,0.03316282815127836,0.03017043837479295,0.9709060316486676,0.5986383255275942,2.0063150464350583,30.044935183048253,0.4271997487824588,0.7350032714285714,0.692857097724469
site_24bea14e8249e50f,135,0.0655259577210424,-0.04692298413029423,0.045737126009053,0.06072831051673292,0.032645026870102324,0.04573712600905308,0.537558621215181,0.6713168275889666,0.579642903260078,-6.33460285758972,0.17966750278489457,0.49787023925925916,0.1438692002122099
site_257ba699ad2936b5,31,0.06447056365618546,0.05715863948175984,0.029821862965624186,0.020917484185269484,0.03300527384650945,0.029821862965624498,1.5778797083901908,0.4617304963371171,0.12885006092253412,1.771917823934555,0.009881958901545695,0.013563775483870968,0.03376979115217549
site_25bb1d03fe665fce,56,0.093457753338437,-0.07176590400508472,0.059866573990843164,0.07371731159002765,0.03335858150889173,0.05986657399084317,0.452520321066679,0.6024611333095113,0.4891236929078155,-4.018890624284744,0.08296484859447395,0.3043175535714286,0.062316517775980906
site_25c3911a44e2e266,323,0.05740372063352979,-0.011452087624154225,0.05624977183616861,0.06399540981400864,0.04279496533835497,0.05570609265496391,0.6687192950671148,0.5155132016449038,1.0643454470508638,-3.6990243026018144,0.4560199234355145,1.3228182301559208,0.5915451258344542
site_25db0a3f364cf3fa,37,0.02622938444036894,-0.01725265186219602,0.01975668524430484,0.02349014060461417,0.025979404965250467,0.019756685244304843,1.105970602838679,0.6852732825526637,0.025455282500464728,-0.6383481189012528,0.015473207158414094,0.020416108108108108,0.02497239084689379
site_26066c2f9061bb32,267,0.18012212366314784,0.17203121463591686,0.05337827857671532,0.05816210348991648,0.06486607788833323,0.05337827857671571,1.115263616619007,0.6283481302460091,8.66254250859026,45.9323343077898,0.6329498955096757,0.9032156853932586,1.1234313521842887
site_26149aa81404cf67,120,0.07151833393172591,-0.06466297698477903,0.03055440223332466,0.050555396122306605,0.06872338806824897,0.030554402233324656,1.3593680069678276,0.9131495631741217,0.6137846506043829,-7.7595572381734845,0.38071083892960106,0.30670176925000003,0.5667484881094974
site_261c25e44abd6c6d,260,0.13880712959562844,-0.12385837544542092,0.06266196660334512,0.09202318572884982,0.048119345402625434,0.06266196660334512,0.5229045812911879,0.7742850304769682,5.009528998910173,-32.20317761580944,0.8914380871584268,2.2017493450384613,0.602022564514064
site_261e3bb708a6a167,65,0.1017965798155104,0.031340749819095313,0.09685195435773332,0.10080146218531866,0.05232176598849987,0.09685195435773435,0.5190576094254349,0.33353500096638516,0.6735653380388127,2.0371487382411955,0.1143415296380795,0.6604607606153847,0.17794186775009724
site_2689516b5f07761f,394,0.06977256826061086,0.042196239344964775,0.05556697460564186,0.07761763262977116,0.03887640139928946,0.055566974605642465,0.5008707439548724,0.7370656673340171,1.9180752449825509,16.62531830191612,0.8762920143549817,2.373651776649746,0.5954815867889183
site_26f018cca8362487,256,0.0970228893679379,-0.06600218636216595,0.07111365872121214,0.09751956935020786,0.057187411147502705,0.07111365872121216,0.5864198491498036,0.6924389380823832,2.409840911693598,-16.896559708714484,0.9885841847406701,2.434577,0.8372223984009002
site_270decc0b97d0896,280,0.1467969018400213,0.12195085902256625,0.08171486017541131,0.08253754216928766,0.09397379945656845,0.08171486017541138,1.1385582486067318,0.577989871467285,6.033812509152078,34.14624052631855,1.255268346942855,1.907484842857143,2.472700995604936
site_284ff462bff5925c,321,0.04244062692921089,0.024090149792555336,0.03494097161094274,0.05150318722251192,0.0547962867763036,0.0349409716109428,1.063939723566317,0.7856221914594413,0.5781873873403719,7.732938083410263,0.7117115445497251,0.851477632398754,0.9638452072751604
site_28bd97dda8311cf0,96,0.1422640310922633,-0.08279393200948836,0.11569018698674786,0.1201631630903951,0.1071836148469934,0.11569018698674788,0.8919839665535637,0.4869471671406014,1.9429492360915641,-7.948217472910882,0.6020780971453835,1.3861618333333334,1.102879420000188
site_292d280e566004c1,45,0.13118649039927957,-0.0959450891775555,0.08946750877268904,0.1127679451871337,0.03633830730850517,0.08946750877268929,0.3222396865368369,0.7360842939123945,0.7744452868476122,-4.317529012989997,0.13573455556015174,0.5722474257777777,0.05942126601213121
site_29971fce7657be9c,156,0.051032995116822744,0.009334650899737309,0.05017201294719684,0.06579308652922992,0.06798259806758139,0.05017201294719805,1.0332787478723733,0.719141771125692,0.40628118813261005,1.4562055403590202,0.5017843733672053,0.6752819166666667,0.7209748478428581
site_29fa7d91f9cd3f03,186,0.0701894444418362,0.012417986620241595,0.06908220986153461,0.09904484624120609,0.052118524203112374,0.06908220986153513,0.5262113697080916,0.7510425649150505,0.9163398086559713,2.3097455113649366,0.7211099483812289,1.824637971451613,0.5052393451105364
site_2a096aef4be52591,150,0.07789496617294467,0.06430149027625719,0.04396526018729556,0.036816370754809,0.06016324808648343,0.04396526018729558,1.6341439107934022,0.6867105746010445,0.9101438632626291,9.645223541438579,0.2281588104401032,0.20331677333333334,0.5429424630473627
site_2a66162bd2a4e4b1,187,0.07364914228715744,-0.016785645207619288,0.07171079608118913,0.0943881143546723,0.068839810889436,0.07171079608118948,0.7293271124239633,0.6545123548742228,1.014324681851551,-3.1389156538248066,0.7952733587817873,1.66600471657754,0.8861779583358491
site_2b657e21e1c1d622,416,0.15222418521809308,-0.12810133864028522,0.08223289854966363,0.10738545052849152,0.057059576184202696,0.08223289854966363,0.5313529524100999,0.6548635750796449,9.63963626716992,-53.29015687435866,1.6692375680549214,4.7971601538461535,1.3544108174774658
site_2c61711a8eb15185,175,0.05661899406105868,-0.039562631548302515,0.04050319337360273,0.057723266627973176,0.03396000056133408,0.04050319337360307,0.5883243022299224,0.7255966826184712,0.5609993354850846,-6.92346052095294,0.24891549155116083,0.5830957142857143,0.20182428667201696
site_2d0695836558269a,137,0.04665528033125942,0.0370537161583448,0.028350261050742027,0.037942959508294405,0.03222976001227658,0.028350261050742027,0.849426624331481,0.6847242638508724,0.29820998004201116,5.076359113693238,0.11471614889604767,0.1972345401459854,0.14230976797150513
site_2e03a5b4a3fc6fe0,33,0.032621309431052854,0.015730764389760565,0.028577838979012025,0.03025205045073522,0.02941216550223557,0.0285778389790122,0.9722370901811306,0.5414658569675919,0.035116944356884436,0.5191152248620987,0.015898891062357208,0.030201156363636357,0.028547490824519572
site_2e6f197ad6e426eb,271,0.06843996309053406,0.05971285078578329,0.03344254773291716,0.020637397606801333,0.0424458185724161,0.033442547732917216,2.0567427822598865,0.6330948161042733,1.269371736462923,16.182182562947272,0.15028924172605318,0.11541949077490775,0.4882464763705476
site_2eadbc791936fa20,822,0.08243417296217045,-0.06041209937099123,0.056087174305241266,0.07744559044861371,0.05852816611419492,0.05608717430524128,0.7557327121552416,0.6924711077271334,5.585812940748683,-49.65874568295479,2.5800913752893386,4.9302076125060825,2.8157989999838327
site_2eb90940ae2529bc,146,0.07007637421808857,0.05751025070229621,0.04004084524223517,0.05015914810742728,0.05082884474797015,0.04004084524223525,1.0133514356964068,0.6856636677110897,0.716961940638824,8.396496602535247,0.2552256885981315,0.36732726027397256,0.37720143292833486
site_2ecbb3b2737ff9d4,59,0.07685481484807145,0.07293452335676905,0.024232578650491488,0.035437799735600774,0.033090925227308665,0.024232578650491544,0.9337748244585727,0.7519718864609549,0.34849309135454937,4.303136878049374,0.0520270588762048,0.07409442135593222,0.06460555061156065
site_301436b06877aab0,44,0.06709095522411394,-0.018805597444826905,0.06440144235672975,0.07381237381987941,0.06449209719599101,0.06440144235672982,0.873730160113368,0.5734863760835662,0.19805263600689876,-0.8274462875723838,0.12011892974478275,0.23972372727272728,0.1830061464324347
site_3058377fafc959d8,52,0.03939052051004313,-0.03284323963935558,0.02174706223939204,0.044146887811060555,0.05232949281199709,0.02174706223939231,1.1853495321336438,0.9121326163211492,0.08068388151471069,-1.7078484612464901,0.10957410893829972,0.10134528057692309,0.14239554253396447
site_313b58fce7205197,400,0.11076489090611269,-0.06626502210766078,0.08875701607486743,0.10657849208446872,0.050167749834977585,0.07527586739044438,0.47071176232458956,0.7676850717657459,4.907544422977217,-26.506008843064308,1.6418643774240573,4.543589989999664,1.0067212494019575
site_31563788a284dc59,162,0.09725205170155131,0.07337399166233745,0.06382960839372621,0.039447574210730765,0.06080371875529733,0.0638296083937263,1.5413804263471578,0.24576929641984668,1.532189772746116,11.886586649298668,0.09549773784892426,0.25209,0.598928938744674
site_319d460a95d287a7,55,0.05010097191201384,0.03708615550344641,0.03368567138269017,0.06179279157724702,0.042331163198704634,0.033685671382691504,0.6850501833338691,0.8554972049961778,0.13805590625906197,2.0397385526895526,0.12307768033444881,0.21000919999999995,0.09855600577654511
site_323cc8255b0caa4e,56,0.06362424895401296,0.008807213485240935,0.06301172942863582,0.1129061094043025,0.09413322126621457,0.06301172942863591,0.8337300945260224,0.8297900234704476,0.2266905230778843,0.49320395517349236,0.49387449555311885,0.7138762142857142,0.4962195473734301
site_32983262837b2abc,52,0.11960980603811576,-0.11235395349447544,0.041025538809830675,0.06613636844255384,0.06895616427810206,0.04102553880983158,1.0426360851366898,0.8163425274110377,0.7439382964247351,-5.842405581712723,0.19359280169010162,0.227449,0.24725753478132706
site_32a7eff6ca5c3a9e,91,0.1363079778188672,0.11226501540954296,0.07730738083885572,0.06137889241232721,0.0682755683162943,0.07730738083885573,1.1123623387929036,0.29261256585771006,1.6907676983532602,10.21611640226841,0.11158831913834745,0.34283052747252757,0.4242013438310803
site_32aa1fd33af84607,47,0.07515968537026758,-0.038214244233040096,0.0647197793773679,0.06902556982214028,0.05654026489065352,0.0647197793773688,0.8191205814938157,0.48333945708366033,0.2655019803330079,-1.7960694789528844,0.08865800351224681,0.22393287659574465,0.15024967303354758
site_32d33ae0920bdcec,147,0.04332861082637712,0.027521894759872333,0.03346511355083315,0.04051448711343963,0.052740568028446504,0.033465113550834445,1.301770595806239,0.7729183193316398,0.27597317187311576,4.045718529701233,0.24277618574376417,0.24128927891156465,0.40889042484658944
site_32e9d9454ab82a2b,29,0.10697166674955819,-0.09092730933222276,0.056348575002219924,0.06701844564800732,0.034701062927064555,0.05634857500222263,0.5177837622394386,0.5418949247625795,0.33184518712817745,-2.6368919706344602,0.03654687184814749,0.13025268965517242,0.03492074927977473
site_33d9c76285abfbd1,64,0.0887589741388785,-0.06453001949191094,0.06094285909407021,0.039686363664834544,0.05886512069588972,0.06094285909407032,1.483258108327248,0.2838178260683766,0.5042019513719105,-4.1299212474823,0.04243449026942253,0.10080047749999999,0.2217665558106665
site_33e57061030aaa1a,19,0.10310589699973897,-0.0983558848870428,0.030934542249846955,0.02755576868482595,0.028159244109317,0.030934542249847312,1.0219001484369175,0.3836057775900427,0.20198569392629484,-1.8687618128538133,0.005655516367915428,0.014427087368421054,0.01506591754735398
site_345540dea6a21328,13,0.05511450816928812,-0.030850553677632255,0.04567113255138367,0.06610525943859373,0.028720272842195773,0.0456711325513839,0.4344627505603319,0.8187534943469335,0.03948891713965285,-0.40105719780921933,0.0202078958188112,0.05680876923076922,0.010723102937692186
site_3527ca4be8ad318d,825,0.06938845168641586,-0.06317387519590782,0.028702242424067305,0.05370875985208079,0.06143412605779498,0.028702242424067374,1.1438381043798185,0.8842058356924438,3.9721747126364053,-52.11844703662395,2.4069226537799837,2.3798204800000002,3.1136752717001617
site_360469521723c0bf,302,0.08852331856060114,-0.056002136027970856,0.06855755749212714,0.07636390903574251,0.03589631335907581,0.06855755749212714,0.47006909169977606,0.4413885165887027,2.366586134552464,-16.9126450804472,0.3653978372325763,1.7610968741721855,0.3891406844574352
site_3611ac9a5b4c6a7c,47,0.043146557705583004,-0.006563488868956874,0.04264441412082342,0.058791326737815466,0.03666385992776937,0.04264441412082356,0.623627020551428,0.6917395483984816,0.08749639576653659,-0.30848397684097306,0.07007964771415326,0.16245174468085105,0.06317921536574533
site_365133aa4290174f,670,0.0705252299362764,-0.021767315283017372,0.06708198001650201,0.10243208140498707,0.061600100071666976,0.06708198001650229,0.6013750694776752,0.7755293779472777,3.3324513985683195,-14.584101239621639,3.278615381599062,7.029861971641791,2.542363460322388
site_3669ed0d65622c4a,171,0.06205527587896315,-0.018839911238073607,0.059126263275770564,0.07838154474022148,0.042217310639445414,0.059126263275770606,0.5386128938816589,0.6693827720983399,0.6584965922148327,-3.2216248217105865,0.3787695199177453,1.0505669810526315,0.3047735253142907
site_367fad9034e246b1,37,0.045690755866552905,-0.02909331499885868,0.035231011822457255,0.045173374479553524,0.028569487431890934,0.03523101182245726,0.6324408517415966,0.6259298093134393,0.07724287135130674,-1.076452654957771,0.029889065829201325,0.07550344918918918,0.03019997764847604
site_36915ea55aeee9ea,33,0.12798899792791682,-0.11238312824567159,0.06124717198621689,0.08376423031934177,0.04799370351723471,0.06124717198621693,0.5729617920950754,0.6925883332838829,0.5405790584895458,-3.7086432321071627,0.09188232540271499,0.23154272727272723,0.0760120540509075
site_3697f876563488cb,53,0.04313845570305396,0.0015673853680772598,0.04310997174149255,0.039688321573839856,0.03477136104772939,0.043109971741492725,0.8761106458744421,0.33540919515139417,0.09862909710355049,0.08307142450809477,0.024532130005056,0.08348363207547167,0.06407952010291229
site_36bf0be122b5ada0,62,0.06355597224203675,-0.017608724515284262,0.06106794927435645,0.08161925258993903,0.03599302654118452,0.061067949274356575,0.44098696568585427,0.7195887075623663,0.25044041967309383,-1.0917409199476242,0.13106508365513816,0.41302554838709676,0.08032087349485362
site_36f59764e16c0acf,11,0.0684251974242858,0.06038066091320731,0.03218980320282755,0.075215719519326,0.09317944686473885,0.032189803202829374,1.2388294290104773,0.9490988150482015,0.05150208406807737,0.6641872700452804,0.07316996692825448,0.062231449090909094,0.09550650249820558
site_37100d9c494e6343,36,0.03453016975864535,-0.014221068760587109,0.03146575641657959,0.015852011400200882,0.024399893481017215,0.031465756416579796,1.5392301244943598,-0.18544136054902532,0.04292397444819117,-0.5119584753811359,-0.0025821496719080532,0.009046305555555556,0.02143277286785951
site_3744ab32b5fabc06,14,0.2079049814532557,-0.18110932980264935,0.10209746310028359,0.08633790521868724,0.04690033777664467,0.10209746310028395,0.543218388931834,-0.09508072997385933,0.6051427383831003,-2.535530617237091,-0.005390114872796198,0.1043592742857143,0.03079498356988708
site_3754c55a59175277,6,0.14675033189531744,0.03382529151439667,0.142798843011251,0.12887841815706252,0.04229294357679229,0.14279884301125098,0.3281615663939202,,0.12921395946831493,0.20295174908638003,-0.0059795094668865225,0.09965787999999998,0.010732158458338414
site_37c98a51b9f80f45,156,0.08810948709298767,0.05408107267893277,0.0695594658812541,0.10616510744027001,0.05977389933515576,0.06955946588125411,0.5630277289436683,0.7883378189706706,1.2110719476631404,8.436647337913513,0.7804235232961483,1.7582806858974358,0.5573753705097761
site_383a8c8b2965611f,677,0.08678412297604306,0.07704773456272031,0.03993908611214784,0.029614607542098832,0.03607991649613898,0.03993908611214789,1.218314861841385,0.2731206433682003,5.098814668488092,52.16131629896165,0.1975671344887427,0.5937459113737076,0.8812917734473809
site_386cdfdcf9b17142,388,0.06903045113757698,-0.003850548564466006,0.06892297483430393,0.056645076186551756,0.06330822487793639,0.06892297483430417,1.1176297948552596,0.3438582399807406,1.8488988354918727,-1.4940128430128103,0.4784465894729053,1.2449618865979382,1.5550773588318012
site_389215a205727fd3,94,0.12265070632841044,-0.10294843742314803,0.06666944573783519,0.04363320016491984,0.06788912058161888,0.06666944573783519,1.5559051439046243,0.34905816297564063,1.4140604017086502,-9.677153117775916,0.09719477118440761,0.1789624787234043,0.4332396731744852
site_38bba0231f056806,585,0.04988450329172456,0.006337227231009391,0.0494803316448529,0.0522732394217771,0.03904909518149606,0.04948033164485348,0.7470188496722122,0.44312170666487205,1.4557512461673157,3.707277930140494,0.5291384010281701,1.5985075623931624,0.8920266231787204
site_38d8c6108ca3a5d7,59,0.08234471315159259,-0.05588936217881866,0.06047339067112826,0.06676530857553956,0.03197471009490644,0.0604733906711289,0.4789120394572825,0.4269618587113108,0.40005845525706585,-3.297472368550301,0.05377724729953176,0.2629987793220339,0.060320543053545395
site_38eb3791b353069b,415,0.04926933511563163,0.011242326374513561,0.047969547427772645,0.07905803546385205,0.07967851780768888,0.047969547427772666,1.0078484412140565,0.817382954251669,1.007398963835611,4.665565445423128,2.1367855508842744,2.5938217831325305,2.6346964730125304
site_38fe9bf25990ebba,147,0.08436823578425445,-0.042307164794814826,0.07299385601796864,0.09193691571855366,0.07611899035321269,0.07299385601796865,0.8279480528391409,0.6371969923536591,1.0463458837740904,-6.21915322483778,0.6555019698677825,1.2425022813605442,0.8517328017816956
site_395c4ccb7a4b9df2,171,0.06348756872364908,0.02010901745899379,0.06021875786890615,0.04738580500444651,0.07347746522812659,0.06021875786890618,1.5506218628391297,0.5770099506592707,0.6892448063972509,3.438641985487938,0.3435435839111606,0.38396588222222217,0.9232183802759446
site_3987775e61ab1836,60,0.3140046897471775,-0.30753833450078966,0.06339651406585076,0.05935917929576407,0.023283619107812244,0.06339651406585092,0.39224968040408514,0.016829899000035075,5.915936710993271,-18.45230007004738,0.001395632691681389,0.21141072999999996,0.03252761512546076
site_39ac65528c2f5495,202,0.1026093155222699,0.013981837632986582,0.10165224959809566,0.10876887988504753,0.057840511100748296,0.10165224959809632,0.5317744483704998,0.3849009299918075,2.1267916696536453,2.8243312018632896,0.489144424856491,2.3897951847524754,0.675795994327949
site_39e3332a33e328c0,156,0.13404960653651474,0.1152963796655337,0.06838158998309064,0.06342926238283068,0.058531179700785065,0.06838158998309185,0.9227788169365271,0.37347630730971687,2.8032103339647287,17.986235227823258,0.21630402104843122,0.627630326923077,0.5344402435578326
site_3a1e52ef4ac63381,15,0.08816360780077187,-0.08446373092651367,0.025272512704949218,0.04083129301024997,0.034142398452683444,0.025272512704949297,0.8361821518635866,0.7869708614840066,0.11659232610672483,-1.266955963897705,0.01645648471926649,0.02500791733333332,0.01748555058152701
site_3a558feb29bc33aa,50,0.04369894786847137,-0.022316565580368045,0.03757085233939351,0.03371153511781984,0.032535409463468466,0.03757085233939359,0.9651120706831985,0.3571472640851271,0.09547990224056895,-1.1158282790184022,0.019586288086175917,0.05682338000000001,0.05292764344777767
site_3aab5eecf1e576ed,227,0.03494970786798723,0.01849171557510477,0.02965701493992739,0.04385816136397615,0.025341614960137662,0.029657014939927617,0.5778084208735788,0.758566513824361,0.2772764321730862,4.197619435548783,0.1913833858171716,0.43664319823788544,0.14577882087484714
site_3b418123c1eb9bb6,39,0.06913820880925434,-0.01639334254234266,0.06716658572267517,0.06864754334352098,0.03689818695798245,0.06716658572267517,0.537501928850378,0.30845435181496006,0.1864235847767301,-0.6393403591513637,0.03047091781978424,0.18378692307692304,0.053097571830662826
site_3ba67f452cc05c7e,156,0.0652027394340109,0.010085054255678103,0.06441807906449516,0.10190028489719828,0.07362189016616384,0.06441807906449573,0.7224895420109669,0.7767275122604298,0.6632179678331254,1.5732684638857841,0.9090246253459213,1.6198522176923076,0.845548503015636
site_3bce6f9707106717,37,0.04744790214165685,-0.015151836711007196,0.04496359929906879,0.08380881927612827,0.05521970342488692,0.04496359929906882,0.6588770000798169,0.8698774606653586,0.08329822645283706,-0.5606179583072662,0.14895105859798355,0.25988497297297297,0.11282097891430132
site_3c025b5f7926190d,54,0.035746818434901795,0.0014103671974605991,0.0357189850441773,0.026652600456824306,0.027836349042723852,0.03571898504417791,1.0444139995951671,0.1411068991942981,0.06900309152376308,0.07615982866287235,0.0056531937569379775,0.038359500000000005,0.041842565713531066
site_3c21ace69367fd43,31,0.13028862338066846,-0.08436379025059362,0.09928683838748976,0.09189302924673624,0.034615777835566956,0.09928683838749,0.3766964493315624,-0.033841378625988516,0.5262288868553197,-2.6152774977684023,-0.0033370783540510375,0.2617741935483872,0.03714581433000119
site_3c2ff06ad9a9ceca,167,0.10773485554035431,-0.06353337728363312,0.08700752306114998,0.09585643659446089,0.049494356243956206,0.08700752306115012,0.5163383701957502,0.4287032385913677,1.938335449416269,-10.61007400636673,0.3396645287241407,1.5344722249101794,0.40909844710060894
site_3c6c836e47ad4756,59,0.09521931556013034,-0.07771275204925214,0.05502223391203902,0.08421123629480415,0.042551336666964756,0.05502223391203917,0.5052928627956763,0.8197333816183086,0.5349363652886411,-4.585052370905876,0.17330371920032014,0.41840040677966106,0.10682635887657738
site_3cacfdfbb247178d,10,0.13251530982660573,-0.09569075790762903,0.09167107607912564,0.1508304548159953,0.05988012857092384,0.09167107607912567,0.3970029039823174,0.9927132400282335,0.17560307338441306,-0.9569075790762903,0.08965934854082763,0.227498261,0.0358562979767037
site_3d3d4af3226bd56f,68,0.04435210982866086,-0.003940175203716053,0.04417674349267515,0.07524260071221434,0.04494632528022324,0.04417674349267524,0.5973520964823188,0.8471677221500393,0.13376345594524447,-0.2679319138526916,0.19482123938553475,0.3849785294117647,0.13737170662130316
site_3d8d46208058ae66,97,0.11881785410620063,-0.057886001364471994,0.10376364151490985,0.11531296545543188,0.0348355203842342,0.10376364151490988,0.3020954343394978,0.4659835884754135,1.3694151980770306,-5.614942132353783,0.18156945883336756,1.2898167602061856,0.11771080760271846
site_3e3dd959fc43e496,515,0.10794083893933025,-0.08236427606008585,0.06976640122597985,0.11206714309807403,0.05942961565132784,0.06976640122598,0.5303036555444162,0.842597020715723,6.000380726127114,-42.417602170944214,2.890070057440614,6.467907949514563,1.8189177964792436
site_3e869a526b77cd87,53,0.08128824418437058,-0.0661052633494701,0.047306160276174,0.07062519637074682,0.029137421177002843,0.04730616027617436,0.41256410848114333,0.8744707337319533,0.35021226805662653,-3.5035789575219156,0.09537442419220393,0.2643596732075472,0.04499643358084085
site_3e8e42936f50143d,855,0.0815875328101388,0.0566701900328809,0.05869425075493035,0.06481996959788737,0.05595478587680317,0.05869425075493071,0.8632337568795598,0.5359201580820916,5.6913293110888805,48.45301247811317,1.6619282446643502,3.592392332163742,2.6769520434536522
site_3ed9981ace9fa417,10,0.029547766841322227,-0.00207309850692749,0.029474951872559794,0.08781675751244748,0.07669262032679096,0.02947495187255984,0.8733255758836264,0.9446891071260426,0.008730705253091412,-0.0207309850692749,0.06362384062349796,0.077117829,0.05881758012589311
site_3f0cc8bf9a017f1f,60,0.045774349765148076,-0.04037809364000956,0.021561554916580822,0.03820063990156303,0.046258578757320264,0.021561554916580874,1.2109372742582654,0.8868290936054225,0.1257174657853267,-2.422685618400574,0.09402733041346074,0.08755733333333335,0.1283913665188321
site_3f80251a944e7c4c,134,0.059854272777763146,0.030376208067652007,0.05157344232437458,0.0655213452514508,0.051173264587248975,0.05157344232437693,0.7810166960226734,0.6340597054321945,0.48005955194715366,4.070411881065369,0.28487929250566824,0.575268255597015,0.3509062031412231
site_3f885209ae19b689,226,0.04736196369088286,-0.00629382926647642,0.046941914296510644,0.06895107869377168,0.047934841675040876,0.04694191429651126,0.6952007507805793,0.7334680301614038,0.5069531666523703,-1.4224054142236708,0.5478756389236159,1.0744607831858408,0.5192912844889392
site_3f8f25f0fa2a3f3b,64,0.0658809986422451,0.022833969138935213,0.061797377253906625,0.09807921611777565,0.07083056658848351,0.0617973772539067,0.7221771277558808,0.778578949275407,0.2777795828543681,1.4613740248918536,0.3461627507859608,0.6156500885937499,0.3210860264477182
site_3fd206a570dca7d5,52,0.10035279875619914,-0.06346799573990015,0.07773350458433106,0.07763247886772603,0.07818724276897086,0.07773350458433118,1.0071460284321214,0.5022800737428971,0.5236755793465145,-3.300335778474808,0.15853627327199166,0.3133936923076923,0.31788873645432725
site_3fe88af73a278f09,684,0.07353675527492361,0.029849967925694953,0.06720590592499284,0.0664606367230065,0.03701340642148772,0.0672059059249929,0.5569222361764536,0.25821310839114436,3.698835593432979,20.41737806117535,0.43446814649393073,3.02123910380117,0.9370747023668041
site_402a00535323377d,283,0.05533944714689235,0.01814741916201561,0.05227930363233429,0.08187684503417353,0.048703433054798725,0.05227930363233465,0.5948376862160605,0.795288373545468,0.8666745981782048,5.135719622850417,0.8974943926444956,1.8971804240282686,0.6712829027444829
site_40392ec0ab51085a,129,0.06490418845349442,0.040677419138509176,0.05057569822589468,0.06886505128688039,0.036989539710111694,0.05057569822589494,0.5371307944870236,0.697353834567362,0.5434194245660666,5.247387068867684,0.22915044552596042,0.611768992248062,0.17650116018760498
site_4053c6fd726ad6c4,11,0.02999362458756583,-0.015026412343978883,0.025958128745511545,0.07855025132659395,0.1005055748493135,0.025958128745512815,1.2795067253373174,0.9878534149585507,0.009895792674898169,-0.1652905357837677,0.08578728461211377,0.06787156181818182,0.11111507633370055
site_40c02fde736492a1,19,0.0493869721883695,-0.03152620418448198,0.038015410975723175,0.05349600653022093,0.048131892519489024,0.03801541097572338,0.8997287020349526,0.7249567875359826,0.046342387416760875,-0.5989978795051576,0.03546663804509138,0.05437463157894736,0.044016902472645225
site_413c6e860ea2e615,245,0.05805281408503186,0.02051764634035072,0.0543061268352252,0.07791478369582597,0.05560680210174114,0.05430612683522599,0.7136874347084928,0.7170851313792658,0.825681659681862,5.026823353385926,0.7611751319469724,1.4873248120000002,0.7575685277956397
site_4148b96858a0e60a,171,0.05933864227110116,0.0376251518844861,0.04588488217536431,0.05715134159019644,0.04286386150179151,0.045884882175364815,0.7500062169869384,0.6119383553617253,0.602103733784789,6.433900972247123,0.25634302680142096,0.5585331695906433,0.3141801165064546
site_420eb683366b57f6,91,0.09915362822573114,0.0741492173396624,0.06582807575983071,0.054566464924093096,0.06068222516360545,0.06582807575983095,1.1120790992786491,0.35130553747185744,0.894661221119712,6.747578777909278,0.10585556740289205,0.27095241758241767,0.3350922530233924
site_426aa82109fc7c47,28,0.07698640173127197,-0.05549852093202727,0.05335560163549959,0.07781547869472882,0.03656835105575945,0.05335560163549966,0.4699367229907765,0.7987241298999611,0.16595336944280628,-1.5539585860967635,0.06363941916557296,0.16954696428571428,0.03744284037024337
site_42ce68186715eeba,627,0.07217004020375421,0.06292922567085406,0.035333090149012175,0.030375187740154182,0.04192949675094236,0.03533309014901232,1.3803864229459255,0.5622994258378311,3.26573871878821,39.4566244956255,0.44902839139314216,0.5785028229665072,1.1023178515126284
site_42d0b232cf256027,295,0.048432827043883596,-0.004961421306254501,0.04817803476777137,0.053491558290896656,0.03520681633260842,0.048178034767771515,0.6581751860947378,0.4725148500505748,0.691992926961509,-1.4636192853450776,0.2625121943608179,0.8440973084745764,0.36565837530201684
site_43b644a004cb99cb,16,0.0929299233140945,-0.04492192118242383,0.08135103960272164,0.11528887359585052,0.03982225261865231,0.08135103960272194,0.3454127998357475,0.8995024863101889,0.13817553035461574,-0.7187507389187813,0.06607475627344102,0.21266438999999998,0.025372988857980172
site_444e34f5ad449f77,182,0.09318649223362978,0.08553126603594192,0.03698817196209173,0.04084400151610815,0.045198820799486054,0.03698817196209254,1.1066207795938028,0.6345918697008285,1.5804374649351183,15.56669041854143,0.2132167306737258,0.30361830769230774,0.37181387910285774
site_44541aad5ac7b92b,159,0.06984220802322344,-0.05092222538984046,0.047800219485955336,0.05785655638087453,0.05246415188442557,0.047800219485955676,0.9067970022109455,0.6284202160427629,0.7755915094279155,-8.096633836984633,0.3032930856208382,0.5322335974842768,0.4376454700393799
site_44bc4221af0e2690,281,0.039021053500412774,-0.0027337771671098322,0.03892517281506487,0.06476098679389557,0.03761595895371033,0.03892517281506487,0.5808428934757376,0.8402500724912957,0.4278625751752634,-0.7681913839578629,0.5751756263280361,1.1785099003558719,0.397603863410029
site_4522c9f47db04b3c,148,0.05074406376051417,0.005868598712054458,0.05040356689846464,0.04319437506919969,0.0665211866112999,0.050403566898464675,1.54004280660918,0.6526031263550401,0.38109408102580683,0.8685526093840598,0.2775224034782499,0.27613159756756755,0.6549101036899567
site_454d64b6e8b743da,118,0.04984525099019089,-0.03920852972370083,0.03077726828652592,0.047926434974321724,0.06477039948802181,0.03077726828652705,1.3514545682925265,0.8931257590307579,0.2931767874604648,-4.626606507396698,0.32714954698429266,0.2710392939830509,0.4950341486808765
site_454f86a28db067ff,49,0.04421101754166236,-0.00945943107167069,0.043187188330215336,0.06402550512196252,0.040572716928600774,0.043187188330215405,0.6336961629793251,0.7468711389296218,0.09577608953138966,-0.4635121225118638,0.0950667970159224,0.200864,0.08066112258945002
site_457c8dbf463cd4ea,137,0.05000611100086483,0.022962169703775945,0.044422403130918164,0.07485257715168976,0.04557897462744605,0.04442240313091819,0.6089165712368144,0.8363858370325662,0.34258372582802155,3.1458172494173047,0.390929591407306,0.7675984379562044,0.28460968114824375
site_460afd4b6202d4b4,50,0.12876629925708005,-0.06614693184804916,0.1104777951963807,0.08084658320547627,0.06080244961205102,0.11047779519638307,0.7520719763446041,-0.2006069585223163,0.8290379912181948,-3.3073465924024585,-0.049305883415699026,0.3268085007999999,0.18484689394130016
site_465014c5dd5de0e8,2,0.04659532259329592,0.0011429166078567449,0.04658130342960358,0.1062,0.05961869657039828,0.046581303429605966,0.5613813236384019,,0.004342248175146626,0.0022858332157134897,0.0126630111515522,0.02255688,0.007108777961506441
site_466206aef45119ae,1,0.04724303078651428,0.04724303078651428,0.0,0.0,0.0,0.0,,,0.0022319039578955363,0.04724303078651428,0.0,0.0,0.0
site_4680c02330a5a24c,432,0.06273849648890682,0.020738719832841996,0.05921169176255193,0.08912249576590195,0.05779748852193807,0.05921169176255198,0.6485173919921938,0.7549271301156844,1.7004033828094638,8.959126967787743,1.6799064097543144,3.431297916666667,1.4431174615196192
site_4689968a649fae30,327,0.08479880027308348,-0.06866434869306896,0.049759860794730326,0.06762547780490988,0.03895412721398986,0.04975986079473133,0.5760273861039047,0.686064085280877,2.351403544575657,-22.453242022633553,0.5909847339972262,1.495438116207951,0.49619765683021155
site_46c69a3772747cb8,125,0.06740197399635124,0.04078168738765717,0.05366451408910932,0.0555343636981644,0.0707869056823054,0.053664514089109806,1.2746505220990791,0.6632957501604896,0.5678782623256011,5.097710923457146,0.3259357184384585,0.38550819391999996,0.6263482520094501
site_473ba30122663331,178,0.12763748152795237,-0.022785081147477872,0.12558728744543068,0.13794064349000282,0.04771395272934712,0.12558728744543093,0.34590205991612016,0.4202623364038344,2.899856150962112,-4.0557444442510615,0.4923547322797892,3.3869165605056177,0.4052385887403902
site_47749587de8e2aac,260,0.1207973058705987,-0.08894138947349328,0.08173994338216391,0.06501185550949402,0.04878728097344648,0.06158107475055517,0.750436679450286,0.4436840702939493,3.793917167454695,-23.124761263108255,0.3658864786376643,1.0989007527647057,0.6188516840433234
site_479c9178cadeeacf,620,0.05206097054009564,0.03258633232203222,0.04060142361266146,0.01884253296101925,0.04834935427965027,0.0406014236126615,2.5659689373861605,0.5731051885063203,1.6804136852175577,20.203526039659977,0.3237099075641483,0.22012545000000003,1.4493492367406642
site_47cb8752f353f72a,342,0.06540119547480773,-0.04403120789925258,0.04835875412442725,0.0783111843808055,0.0704076457705455,0.04835875412442724,0.8990752256813368,0.7935958931852053,1.4628421983806321,-15.058673101544382,1.4964738529550228,2.0973634269005847,1.6953749113691094
site_4820638a678db67d,55,0.06949857836295073,0.048353416647694346,0.04991993081891921,0.024085275499104594,0.05357824001463339,0.04991993081892073,2.2245226141019327,0.3714716877242419,0.26565288169591617,2.659437915623189,0.026365042164108978,0.03190552727272725,0.15788452916861145
site_48ab6dd953268db1,549,0.11160973612158513,-0.09892264040484888,0.051682147908758816,0.08093169791951896,0.06479643255733619,0.051682147908758996,0.8006310780946646,0.7701508000451577,6.8387465252242965,-54.30852958226204,2.217266335159567,3.595916910746812,2.305019142014422
site_48bc99c681181b96,271,0.062265838045226535,0.036242410209785976,0.05063123827895169,0.08908441765563256,0.06640165843678612,0.05063123827895171,0.7453790481458878,0.8268053742083606,1.050676373205557,9.821693166851999,1.3254191877540078,2.1506650701107013,1.1948878458951702
site_48c050cdab5aaa88,41,0.09040588422840302,-0.055860688423238145,0.07108310201448244,0.07604714558858423,0.03021569953835471,0.07108310201448263,0.3973285164682173,0.3575891719861074,0.3351021800278958,-2.290288225352764,0.03368866390462329,0.23710990243902438,0.03743252844227729
site_48c0bfa2a3485fb7,53,0.050464320830490184,0.04571466821499591,0.021373272722619904,0.02073045202482173,0.030098769186454506,0.021373272722621572,1.4519108966083114,0.7042672804610522,0.1349723268747802,2.422877415394783,0.023290075161659488,0.02277683698113208,0.04801460304659155
site_48d263b97f32a2d9,49,0.09490192038270091,-0.05258476893804512,0.07900137067201372,0.09558676693190744,0.04861020462633202,0.07900137067201374,0.5085453372532222,0.5658640000442012,0.4413123501239007,-2.576653677964211,0.12883485323716792,0.44770467061224495,0.11578464769687968
site_48ec25901538e693,155,0.051426815469593594,-0.02944261775132149,0.042164553943961035,0.06592912790525561,0.05484761762607992,0.04216455394396124,0.8319178391817873,0.7711526144333699,0.40993118914826276,-4.563605751454831,0.43222226286410326,0.6737307354838709,0.4662804796847843
site_4915d0b8a484d43a,129,0.046125026204212646,-0.0319436526505522,0.03327342930447916,0.028915219834970668,0.030867578876243428,0.03327342930447919,1.0675201175165039,0.38192916013052647,0.2744498274617701,-4.120731191921234,0.04397456916381223,0.10785560201550387,0.12291215791286314
site_496ac9a9ab00ede4,112,0.05798615625231388,0.02756237000120538,0.05101676270437408,0.04330095997280345,0.04760275804994647,0.051016762704374864,1.0993464828457593,0.37314475995221275,0.3765881634947892,3.0869854401350025,0.08614399537484028,0.20999699107142855,0.2537945282837153
site_496ee2f5b79c4b73,149,0.07823972656667123,0.06712855257883968,0.04018970318249982,0.03571618627308364,0.05566909374042318,0.04018970318250051,1.5586516800752717,0.6939342047375342,0.9120967671708944,10.002154334247113,0.20558138798177242,0.19007124832214767,0.46175815168412343
site_49a35425669a6415,148,0.046179098594787506,-0.013485513591283077,0.04416616431394541,0.05371007784067009,0.04662448386440726,0.04416616431394609,0.8680770115939489,0.620549298474217,0.31561135376001165,-1.9958560115098956,0.2299894016429379,0.4269463243243244,0.3217286893521113
site_49b410d6df2872b8,187,0.08218157581100424,0.06910206664437278,0.04448275832563108,0.03234914902423262,0.03898814634908867,0.04448275832563108,1.2052294272063482,0.23303665696709608,1.2629627323198298,12.92208646249771,0.054961844141869,0.1956894117647059,0.28425412892299784
site_49b534f23930be14,386,0.08092585118878065,-0.0461136830475355,0.06650204227255059,0.09067607402182087,0.05680518612277779,0.0665020422725506,0.6264627878475177,0.6820649931877277,2.5279114487826666,-17.799881656348703,1.356106383198573,3.1737500544041453,1.2455560597911624
site_49f7a3a08cf1a503,75,0.16785425533598983,0.11795760732650758,0.11941965461432687,0.11224634495410332,0.041737839483056614,0.11941965461432694,0.3718414127437549,0.00856314443923898,2.1131288275799753,8.846820549488069,0.0030088234523932157,0.9449431466666667,0.130653543353505
site_4a00a5537486f4ab,125,0.1873200099433557,-0.17930558551311496,0.05420602484021412,0.03517553695396845,0.05592977985750327,0.05420602484021418,1.5900192207639736,0.36271082013870914,4.386098265647361,-22.41319818913937,0.0891978466206789,0.15466480000000002,0.3910175343635973
site_4a15ec3df99b7e73,6,0.12874040665758157,0.11194089020888011,0.06358717956949281,0.07485908242973742,0.027767869063008488,0.06358717956949358,0.370935204677019,,0.09944455383815684,0.6716453412532807,0.006994822106758752,0.03362329333333333,0.004626327313802303
site_4a51d234a3956647,115,0.050051821066343656,0.0035386541395083736,0.049926573274542106,0.058907450400313595,0.06289865460286138,0.049926573274542356,1.067753810009176,0.6657760141306094,0.2880962510865875,0.40694522604346295,0.2836857803131899,0.39906008695652173,0.45496768634775653
site_4a5737c09be72760,38,0.04596557397144866,0.041797470612902385,0.01912604090992906,0.02185333826562433,0.02527789143068341,0.019126040909929098,1.1567061802381908,0.6795131873339617,0.08028769163993932,1.5883038832902907,0.014263960205253801,0.018147598947368424,0.02428092821689387
site_4a605b11c85f3580,1259,0.0713360124280677,0.05106400813854716,0.0498125861802398,0.07569196006336819,0.056884858368896944,0.04981258618023985,0.751531051927758,0.7529352243506707,6.406832776444022,64.28958624643087,4.081593765295747,7.213154478157267,4.073981873566677
site_4a71668c00a356e4,95,0.10142852583599395,-0.09427013641507999,0.0374284281468658,0.062479687770774894,0.07154388375663544,0.03742842814686662,1.1450742842876427,0.8524926257292643,0.9773358560599748,-8.9556629594326,0.3620141940351379,0.3708525814736842,0.48626009378338164
site_4accdc2358f08145,95,0.03870987568270333,0.019799083011715034,0.03326335502118756,0.05083074952184857,0.04409325762021762,0.03326335502118772,0.8674524384352235,0.7632935916532895,0.14235317516018292,1.8809128861129283,0.16252265966938512,0.24545768421052636,0.1847004599184735
site_4aee712beb09287c,127,0.0648942139544476,0.041680096744552364,0.0497396073580238,0.07957466134551537,0.06754984844393133,0.04973960735802392,0.8488864080819399,0.7833189452935507,0.5348298936052338,5.29337228655815,0.5347385935204939,0.8041800944881892,0.5794987171493577
site_4afa6fca34a02012,148,0.11010784398308418,-0.08593880502839346,0.06883501359696956,0.07794481317353588,0.055903267456902245,0.06883501359696957,0.7172160042572626,0.5120417114817605,1.7943131213772747,-12.718943144202232,0.33021094859290767,0.8991582972972972,0.462525946228976
site_4b307595d7b7b6da,381,0.03756724818470799,0.0007497588768405861,0.03755976567815679,0.07705495459330633,0.051199854002992214,0.0375597656781568,0.6644589471659994,0.9059300776955126,0.5377045898813209,0.28565813207626334,1.3617235426459255,2.2621745564304465,0.9987629440224605
site_4b6df3933469a704,81,0.052475588064641566,0.006976938682132298,0.052009707453087244,0.07092734898485353,0.04954816939713034,0.05200970745308739,0.6985763616755407,0.6801742362552629,0.22304867476112614,0.5651320332527161,0.19361836033844285,0.40748579555555553,0.1988567083391446
site_4b78a1e10bf476d7,14,0.05926570054745965,-0.02616759685107639,0.05317593568918836,0.08027062008592926,0.03975244457374404,0.053175935689188394,0.4952303162874444,0.8141687687206326,0.04917392565933623,-0.3663463559150695,0.03637164413503238,0.09020721428571428,0.02212359589424029
site_4c8563a6e25ebea0,268,0.10306403263826878,-0.07244072865728121,0.07331122461986493,0.09575181774208437,0.048907440068091924,0.07331122461986539,0.5107729672540344,0.6604573950118282,2.8467482127414523,-19.414115280151364,0.8288988937148407,2.457134041044776,0.641039301995753
site_4cacd33e9c8aef19,344,0.10274706149176009,-0.0631565036766751,0.08104452287804312,0.11485868936883369,0.05201323200411895,0.08104452287804324,0.4528454250169467,0.7808346221758384,3.6315937739458857,-21.72583726477623,1.6047049838238676,4.538226372093023,0.9306494484089205
site_4ce2c6daabd8ff5f,337,0.060933433698311536,0.03257883020377654,0.051492748662506124,0.06970245018239757,0.03317811128774971,0.05149274866250652,0.4759963416053401,0.7151521422268754,1.25124168634382,10.979065778672695,0.5573500558915673,1.6372914362017803,0.37096524212571674
site_4d238af0af441869,859,0.04227562390977494,0.01267208104977369,0.04033170885083722,0.04702692445781507,0.059069155836768285,0.04033170885083761,1.2560709958771712,0.7333123914188933,1.5352291758092713,10.8853176217556,1.7498044992241129,1.899705664982538,2.9971928821195695
site_4d43b32f897968be,48,0.05829354016723063,-0.03485015434523423,0.0467290441518108,0.1095045661148429,0.07197351101219748,0.046729044151811,0.6572649302743712,0.9508322945494629,0.16311056761096948,-1.6728074085712432,0.35970798528194425,0.57558,0.24864894179629982
site_4d97122ac69c458e,260,0.09066529599262756,0.0442262394772126,0.07914692438203146,0.0693706956658196,0.06032885358455537,0.0791469243820315,0.8696590542378063,0.26136198835149616,2.137250933331999,11.498822264075278,0.28439168587069097,1.2511962884615384,0.946288349454947
site_4dd15b6db25eea2b,82,0.05547549626736229,0.03863815925034081,0.03980732766533606,0.05580522583253389,0.05321320014411119,0.03980732766533663,0.9535522766953561,0.7343214224320214,0.2523575162610304,3.1683290585279464,0.17881102712161656,0.25536630487804884,0.2321948629053333
site_4deb698afc5ebdb4,26,0.07570607459733657,-0.03930298379063606,0.06470459949718017,0.06699584902799761,0.031572345164824496,0.06470459949718017,0.47125822902297115,0.30695955567873145,0.14901665300437475,-1.0218775785565377,0.016881430411281494,0.11669953846153847,0.025917137459377237
site_4ea6d277e84496c8,413,0.03060450281968769,-0.004060252230190481,0.030333973440146364,0.03454030199544042,0.024117922001919635,0.030333973440146364,0.6982545203311593,0.5129143627664643,0.3868304998430323,-1.6768841710686684,0.176465954205116,0.49272240677966106,0.24023142877825052
site_4f3ef6ee56ee38cd,157,0.06763004906252701,-0.0012989887902691093,0.06761757289582765,0.09598347449620769,0.04817184312674123,0.06761757289582775,0.501876425911676,0.7527755221055474,0.7180902951833703,-0.20394124007225017,0.5464555880581118,1.4464138980891719,0.36432265582569645
site_4f44a81224b8cd25,260,0.16643673408051907,-0.14351189880508644,0.08429425456546877,0.10952095960005087,0.05751064062837266,0.08429425456547003,0.5251108174945716,0.6506816024956582,7.202308477361249,-37.31309368932247,1.0655830931789598,3.1186585538461538,0.8599431842263152
site_4f633f2c887097a9,136,0.08544276411039024,-0.07160084451033788,0.04662386732383112,0.06934305196606838,0.05595090317305313,0.04662386732383112,0.8068710791736076,0.7429723088773087,0.9928633676800355,-9.737714853405953,0.39203206439809324,0.6539504044117648,0.42574848495972994
site_4f8f6e54cc9c215b,18,0.0728667208364207,-0.0612201353593005,0.03951776856101305,0.041864861956856694,0.021953969548381226,0.03951776856101305,0.5244008584336338,0.36611330837156414,0.09557206209815163,-1.101962436467409,0.00605690472200513,0.031548,0.008675582020762504
site_4f9a1ac96b88317a,129,0.040049678673541665,-0.013325733753137812,0.03776773201814509,0.04478407758290468,0.04377804598021074,0.037767732018146274,0.9775359534684718,0.6364839859788778,0.206913002279158,-1.7190196541547778,0.1609745419786651,0.2587241550387597,0.24723073297006248
site_4fa99e2fc956380a,143,0.06320547852317919,-0.04486661581517933,0.04451875223585187,0.060474649534694086,0.052417515397837726,0.044518752235852055,0.8667684029779451,0.6976271775566084,0.5712753496942014,-6.415926061570644,0.31623447971754565,0.5229772027972028,0.39290621662900543
site_4fab225734bfdafc,402,0.13380318107802183,-0.1068610038310734,0.08052339490367513,0.08476233312631581,0.04903121973819642,0.0718766199345541,0.5784552870333143,0.5320578097357137,7.197123089172357,-42.958123540091506,0.8889154916959151,2.8882305530406476,0.9664323246241515
site_4fc1c31a5e50a546,49,0.13679726745397902,-0.12460509607013388,0.05645407351315018,0.06814158887892015,0.03922229278088589,0.05645407351315556,0.5755999152086027,0.5602267953933988,0.9169611267608978,-6.1056497074365605,0.07336774825776109,0.22752053061224486,0.07538102429848714
site_503f0d34679d2c3c,109,0.044630135687661984,-0.01948942707252065,0.04014985982396475,0.05314165488150662,0.0656111174715752,0.04014985982396649,1.2346457335186976,0.7911304819267586,0.21711154225340404,-2.124347550904751,0.3006679421663763,0.30781986770642206,0.4692252422097038
site_50560992666c8105,554,0.11276424259924923,0.10780739331628442,0.033065697563037906,0.05346890775514346,0.05155935187241223,0.03306569756303823,0.9642866113615808,0.8023641241486997,7.044539022576214,59.725295897221564,1.2254342903561621,1.5838439494765342,1.4727351880887831
site_50a31a0d244519cf,60,0.25879905934124764,-0.25525973637501403,0.04265466096070813,0.040734251217154134,0.024454705881562736,0.04265466096070917,0.6003474999747704,0.2197933742091898,4.018617186954876,-15.31558418250084,0.013136752809087441,0.09955675333333337,0.035881958385224344
site_51e9108791d53546,293,0.05922525528812665,0.040351579224697155,0.043351827158918714,0.06933977302760085,0.04893327164105945,0.04335182715891877,0.7057027951559842,0.7844170121607019,1.0277358431355257,11.823012712836267,0.7798324328735217,1.4087452081911263,0.7015782665348298
site_524c0b4f56437dd1,10,0.08645172694053489,-0.041382840657234195,0.07590363357665278,0.14756248337568734,0.0810954786179184,0.07590363357665302,0.5495670495830096,0.9438648726048429,0.07473901091000806,-0.41382840657234193,0.11294900781065226,0.21774686499999998,0.06576476652269259
site_52a99c537fd71479,333,0.0863557351655507,0.02723967337125056,0.08194701453140507,0.08652864379607587,0.058015932361790784,0.08194701453140528,0.6704823953847968,0.412122359486631,2.4832852276622495,9.070811232626436,0.6889339454952212,2.4932396636636636,1.120827519800025
site_52efe15d6a747228,616,0.02948527432364486,-0.007987175906604372,0.028382854383897854,0.046588341192413354,0.052234989414296,0.02838285438389787,1.1212030322900224,0.8410337806095363,0.5355389435954039,-4.920100358468294,1.2607614192079935,1.3370116975974027,1.6807523773727553
site_53e750ed31ea8834,151,0.035852858298352705,-0.005835681440024978,0.03537474056855126,0.03583957158577833,0.05035434358818233,0.03537474056855196,1.4049928991942435,0.7116677863382538,0.19409954467242554,-0.8811878974437717,0.19393402172141516,0.19395570860927153,0.38286954764770453
site_545c918e740bed59,7,0.08932263467613002,-0.0876517441068377,0.017196069914804112,0.06309510799627198,0.057422715261542544,0.0171960699148053,0.9100977410948468,,0.0558497314583977,-0.6135622087478638,0.0244392962119409,0.027866948571428577,0.023081577596057334
site_5475cf38df836ff4,649,0.04082425268600607,-0.0051811415008477316,0.040494140071361776,0.06925576466485667,0.04127792949771272,0.040494140071361956,0.5960215687093396,0.8501056851990972,1.0816361251836972,-3.362560834050178,1.577217005902841,3.112838249614792,1.1058099838881743
site_54c3846d0762e78b,725,0.05418008856073245,0.04582571116204919,0.028904778029613904,0.024181784164419177,0.03746428320465432,0.028904778029613932,1.549277048786949,0.6362607888173335,2.1282244474253877,33.223640592485665,0.4179063155710441,0.4239500468965517,1.0175900741279442
site_54c3cc61243c3e27,143,0.10867841164544773,-0.07708748201431927,0.07660624827303181,0.10409122170627527,0.07447921075526583,0.07660624827303182,0.7155186531044024,0.6780676513057243,1.6889725935621662,-11.023509928047655,0.751723686754245,1.5494024883916082,0.7932428553660045
site_54f5633d7a10a0e4,93,0.0882727750086793,0.006123583104661714,0.0880601188830291,0.0946155407443864,0.08607189847024652,0.08806011888302914,0.9097014908235698,0.5283744659534406,0.7246637011191612,0.5694932287335395,0.40017377893033046,0.8325453511827957,0.6889785686833354
site_551190f45891f632,40,0.1364050557588086,-0.12736622209846976,0.048828113878450825,0.06036803790086274,0.04757420912706216,0.04882811387845134,0.788069494741393,0.6134170797954849,0.7442535694625474,-5.09464888393879,0.07046841338276863,0.14577199999999998,0.09053221496261776
site_554a93a7d6df9a9f,46,0.023967376050354657,-0.0009973667173281966,0.023946615092122727,0.024483318652697546,0.010372478357328385,0.02394661509212276,0.42365491804704986,0.2630033642452758,0.026424015277999244,-0.04587886899709705,0.0030723589785073115,0.027573913043478265,0.004949062134569304
site_557840f3689665d3,108,0.06393769067196274,-0.0030714007944972416,0.06386387700119021,0.08240330734702579,0.048681308074077306,0.06386387700119021,0.5907688616072808,0.6333764214817298,0.44150705515406785,-0.3317112858057021,0.27440532172305715,0.7333529466666666,0.2559459336267482
site_572718242301a76e,118,0.04982890339628318,-0.028804310500015647,0.04065994724904116,0.049265718038592386,0.0754117965594314,0.04065994724904125,1.5307154662874787,0.8695077475448756,0.2929845144137823,-3.398908639001846,0.38118830470917586,0.2863990949152543,0.671058809117886
site_572a1b583bd03d5b,234,0.077534307161565,0.049068665666967375,0.060031948466523107,0.05137071270857845,0.0711204232205539,0.06003194846653118,1.3844546721400153,0.5601782175561801,1.4067070961635946,11.482067766070365,0.4789078967286609,0.6175143290598291,1.1835988161825444
site_57c9411d53d3b891,847,0.04731762493826201,0.014202984994502106,0.045135715869408594,0.0605363880011129,0.049858919620369646,0.04513571586940863,0.823619004481289,0.6814037771955542,1.8963971124389356,12.029928290343284,1.7419966486909755,3.1039621685714285,2.105567350256778
site_5809bead57720978,62,0.08216866991831014,0.04812543029746701,0.06660055010904826,0.03910725932010139,0.07522463525215604,0.06660055010904892,1.923546588535548,0.46781949391460015,0.41860479960094066,2.983776678442955,0.08532719637117078,0.09482141935483872,0.3508422364268349
site_583630b60a1838c6,202,0.0387846123376637,0.01824237106696214,0.034226627821597,0.05820875358755118,0.03804844151532211,0.03422662782159755,0.6536549774784962,0.827289072088806,0.3038577231449367,3.684958955526352,0.3701125652362214,0.6844283168316831,0.2924321481524671
site_58667ddb3903bbc2,535,0.0975517236265308,-0.0846556572105283,0.0484743074706651,0.05884529619790136,0.04019103424089843,0.04847430747066512,0.6829948498471793,0.576800873069718,5.091241248641271,-45.29077660763264,0.729828176884005,1.852581353271028,0.8641957898438923
site_5896b54480755cab,20,0.09315082676384624,-0.0488686517059803,0.07930278309887795,0.10300508482594439,0.029288642013080367,0.07930278309887803,0.284341710533724,0.8583275214777998,0.17354153053576188,-0.9773730341196061,0.051789406437426806,0.21220095000000003,0.017156491019407527
site_58e380359cb64c9c,342,0.0688044644916551,0.04539261134674674,0.05170652926958671,0.05435285699174179,0.049139150308759004,0.05170652926958768,0.9040766765254872,0.5045810787374531,1.6190465822223323,15.524273080587387,0.4609004017983438,1.0103477076023393,0.8258123838288491
site_591f3f72c730f39a,46,0.08122732082220697,0.06744368016719818,0.04526839574646331,0.07064923070792722,0.040887199746569035,0.045268395746463366,0.5787352436377098,0.7986170900687504,0.30350237180587203,3.102409287691116,0.10611853273342485,0.22960043478260866,0.0769011027433284
site_5977dd6efaf94985,77,0.07207316807241038,0.02130110756483945,0.0688534993482906,0.08623716657354782,0.041937770333460966,0.06885349934829088,0.48630737766290266,0.6158861774457699,0.3999796998115315,1.6401852824926375,0.1715106126068281,0.5726373651948052,0.13542579670174315
site_59c7d9e52ad4d8ab,85,0.06954445675099533,-0.03662465722280389,0.059119082774542246,0.08565764802024312,0.0459105839844648,0.05911908277454249,0.5359776394235684,0.7564918334625901,0.41109667450724,-3.113095863938331,0.25287280861717815,0.623664776470588,0.1791614463525406
site_59cc92ae49f9c2af,36,0.023440597000883384,0.01186418077846368,0.020216399338501306,0.022148628137992246,0.009392380516696167,0.020216399338501435,0.42406150205687543,0.4087802055629494,0.01978061715928163,0.42711050802469247,0.003061363283130858,0.017660222222222226,0.0031758052237348955
site_59e0fe7c4ae0f849,113,0.07281134475475572,-0.017874888943887394,0.0705831443776741,0.09194447516960501,0.04277557867502007,0.07058314437767424,0.4652327243819084,0.6739875226736134,0.599068587524536,-2.0198624506592755,0.2995379351850896,0.9552778761061946,0.20676176480105996
site_5a51afb7ef849491,62,0.109977309959247,-0.0838686756914662,0.07114108477969645,0.0842079644066458,0.039153903277932084,0.07114108477969645,0.46496674695584983,0.5403213966281019,0.7498905397640819,-5.199857892870904,0.11045161950107542,0.4396408387096774,0.09504774479765499
site_5b0bcc4b6a2f87e4,66,0.04374352320040233,-0.04026570147921642,0.01709295487535044,0.027514066900595928,0.02642052382435257,0.01709295487535047,0.9602551276699967,0.799863230137226,0.12629072425095306,-2.6575362976282837,0.03837566205636513,0.04996357590909092,0.04607090922411
site_5ba32085b805fa13,239,0.08679864443745068,0.06866313674210503,0.05309781849486824,0.06628595533113985,0.08869065225268523,0.05309781849486831,1.3380006640866817,0.8029061305117806,1.800627117606778,16.410489681363103,1.128137520399428,1.0501248619246861,1.8799815994846105
site_5bf25e0531f88e2f,60,0.02904379887512243,-0.009472176918586093,0.027455784773369123,0.025621066147909523,0.029473815019386774,0.027455784773369372,1.1503742603541736,0.5107092024782237,0.05061253518591377,-0.5683306151151656,0.023139740544930096,0.039386341833333324,0.052122346307821754
site_5c129902816da317,37,0.036792730072656106,-0.0073996239739495375,0.03604095658058321,0.043345335566963954,0.046852951544965556,0.03604095658058322,1.0809225706093035,0.6832255446094392,0.050087084489375315,-0.2737860870361329,0.05133873270391612,0.06951627027027028,0.08122236553357093
site_5c29c7471e58357f,54,0.05419673543034553,0.0323994479753353,0.043446080400887856,0.04978296172852363,0.04621975215967423,0.043446080400889715,0.9284251188533079,0.5925899245335428,0.158613451090571,1.7495701906681063,0.0736302653810492,0.133830537037037,0.11535833644389237
site_5ca415a5fd8c11f3,149,0.10177626631696453,-0.08781721379772929,0.05144458519830431,0.08101702697285208,0.051090794869272683,0.0514445851983044,0.6306179920227467,0.7884910494249938,1.5434028494278313,-13.084764855861664,0.48629745620829146,0.9780000402684563,0.38893012873574095
site_5cc61f026daaaf5d,1,0.18625123078823091,-0.18625123078823091,0.0,0.0,0.0,0.0,,,0.03468952097013085,-0.18625123078823091,0.0,0.0,0.0
site_5cf31f5c04158e4a,244,0.09937501640395498,0.03767600987289773,0.09195603387132154,0.09776181710480544,0.04953039041381681,0.09195603387132396,0.5066435125762628,0.3670577696046927,2.4095961080098625,9.192946408987046,0.4336758757258048,2.331998983606557,0.5985953361890082
site_5d503d0a92bc4d22,106,0.08918497076894312,-0.05741044395959601,0.06824954164988452,0.10222357348290118,0.060514689792038306,0.0682495416498846,0.5919837052278408,0.7641160828278413,0.8431196551720673,-6.085507059717178,0.5010453962035336,1.1076638514150943,0.38817493414642223
site_5d637e79fa207678,82,0.08274576025629277,-0.06648321348646792,0.04926299995843339,0.05495999437371328,0.054826458141659394,0.049262999958433744,0.997570301205894,0.5973092500599212,0.561442588912134,-5.451623505890369,0.1475876314895364,0.24768928048780486,0.24648712201344863
site_5d79652f78de4312,15,0.05839580299225729,-0.010194573445320135,0.05749904763888267,0.15182887823687122,0.10526367688884769,0.05749904763888298,0.6933047132484491,0.9644031471231398,0.051151047106657875,-0.15291860167980204,0.231197320945859,0.345780124,0.16620662508239592
site_5de3489054d45a0f,49,0.09793201086120597,-0.07650287878270053,0.061139089699461455,0.0662025214340932,0.03384216075664834,0.06113908969946165,0.51119141723838,0.3994930231694235,0.46994325881464877,-3.7486410603523255,0.043856896290973744,0.21475591836734695,0.056119300389262605
site_5e24def8042ec3b4,11,0.0715572713781448,0.0027430426749316143,0.0715046767978778,0.07891013824189748,0.04567182026961349,0.071504676797878,0.5787826670586665,0.44392802794973296,0.05632487395794006,0.030173469424247756,0.01759893454069441,0.06849490909090908,0.02294506683413866
site_5ec485e1198852d4,13,0.03951581831188273,-0.0012711337176653044,0.03949536828451585,0.12134433620484346,0.09214143848463564,0.03949536828451615,0.7593386009305789,0.9683800692163994,0.02029949865915044,-0.016524738329648958,0.14075495524403567,0.1914178230769231,0.11037058091823261
site_5ed1da21a10b6003,106,0.08675014393399709,0.023061153058398443,0.08362876713300474,0.061833925136552746,0.046522539833617677,0.08362876713300559,0.7523788879790224,-0.17485308470506467,0.7977122720923365,2.444482224190235,-0.05331745313662545,0.40528403556603776,0.2294207515324776
site_5edf4f1cdc32395a,114,0.048130646448812056,-0.015453824662325678,0.045582216169100846,0.05483182057204836,0.06481239337149092,0.045582216169101665,1.1820215468922501,0.7216870840235079,0.26408774054418205,-1.7617360115051273,0.29237787770127,0.34274425438596495,0.47887368213766035
site_5f27021d111ffc54,10,0.048730789505268705,-0.030159140086174006,0.03827683522797227,0.03347372103606052,0.02012699138929863,0.03827683522797331,0.6012773831632359,0.0448770943875917,0.02374689845806807,-0.3015914008617401,0.0003023483365774146,0.011204900000000004,0.004050957823849011
site_5f52ef3c28075a93,123,0.04032673882521592,0.00917478741572155,0.039269188177927676,0.05230450635861821,0.04880330218299093,0.03926918817792837,0.9330611371872667,0.7003464791832221,0.20002824130609279,1.1284988521337507,0.21989045477761482,0.3364986504065041,0.29295676338761223
site_6009b70703dc2497,93,0.07711576253999403,0.04882061627346982,0.05969412248122389,0.08207340859374809,0.057332371936212004,0.05969412248122659,0.6985499069497555,0.6863996968767521,0.5530561973876015,4.540317313432693,0.3003740510219528,0.6264521290322581,0.3056910810803899
site_613f62e07f148531,126,0.06455610570093485,0.04793806007740991,0.043236942298050085,0.04559188861389942,0.06623447109479738,0.04323694229805642,1.4527687513827785,0.7610208203413448,0.5251038386920545,6.0401955697536485,0.28956011422617106,0.2619061587301587,0.5527626503121512
site_617d5a69b08b72f8,37,0.10480358990758681,-0.06981234347498093,0.07816667548289948,0.07206473836561744,0.05463498272962858,0.07816667548289982,0.7581375297921749,0.26265485863677923,0.4064003209281525,-2.5830567085742944,0.03826315590417062,0.1921530810810811,0.11044430950107209
site_617d695493df2178,92,0.08542412569299986,0.07558833806281504,0.03979553240396494,0.06069567942568218,0.07570950056939504,0.03979553240396579,1.2473622716769532,0.8522090577102579,0.6713498750380362,6.954127101778983,0.3602816405924766,0.3389248260869565,0.527337419834985
site_6198a28ec3f8f86a,57,0.032003545934149204,0.020292595673443978,0.02474747488519426,0.016859985757086134,0.030228871312401994,0.02474747488519446,1.792935756170316,0.5745086675227273,0.05838093628447428,1.1566779533863067,0.016689778619690943,0.0162027698245614,0.05208572566684033
site_621b9dc6415ad601,132,0.05871138149454392,-0.0013528001709417852,0.058695794131226935,0.07593520439361019,0.03738279948940168,0.0586957941312279,0.4922986615750438,0.6549602514675372,0.4550074738437194,-0.17856962256431563,0.2454165592077329,0.761132495151515,0.184466528091755
site_621eb1eb5435955b,195,0.05774858097018422,-0.0180394386890607,0.05485870264464466,0.11636337178523204,0.08200322872316985,0.054858702644644715,0.7047168491690018,0.9041697326403004,0.650305227793635,-3.517690544366836,1.6824099394439123,2.6403846871794867,1.3112832565997794
site_6277027d8a1380c0,524,0.08489959269855117,0.061978218350474165,0.058022765277784105,0.062282883298764025,0.054709823256165135,0.05802276527778527,0.8784086471033821,0.5144087897097037,3.776961000359058,32.47658641564846,0.9184884278287984,2.0326785572519084,1.5684183346177136
site_62a63d63c871f1e4,95,0.09342456379586159,-0.00168511876608196,0.09340936513643164,0.07877731837467375,0.060850182431379456,0.09340936513643172,0.772432772361826,0.12342473226047755,0.8291741664424661,-0.1600862827777862,0.05620680210966812,0.5895572595789474,0.3517607466835553
site_63012b87359e4210,129,0.07327405616438933,0.05666346062800681,0.04645793297640785,0.04944230652162411,0.05972176344561601,0.046457932976409586,1.2079081185157912,0.6524171973242925,0.6926122625748885,7.309586421012879,0.24851148025807024,0.3153458759689922,0.4601028847479811
site_6307ca95d0b03b26,71,0.02748513037062537,-0.0059925930392574255,0.026823892710718118,0.04272980392679444,0.030925617670675806,0.026823892710719038,0.7237481764170554,0.7804743471698901,0.05363569979580939,-0.4254741057872772,0.07322616068815262,0.1296343661971831,0.06790396181020991
site_63148af2428e7132,211,0.06265404429260145,0.0453267154620157,0.0432552670971378,0.05252273314395938,0.046401364490719556,0.04325526709713781,0.8834529681374008,0.6238301563346198,0.8282866751722648,9.563936962485313,0.32079448214201567,0.5820725118483412,0.4543012782127287
site_633f81ba98074791,63,0.06727065708822524,0.013196842797218807,0.06596350995260246,0.06551589945487049,0.033363176669631275,0.06596350995260246,0.5092378635908514,0.24115679778759594,0.2850965022201401,0.8314010962247849,0.03320887479848331,0.27041698412698406,0.07012539812180879
site_6367b6400c1e48bd,400,0.07084679980389362,0.042934124667704104,0.05635538999484453,0.07382420859675708,0.05876831824050052,0.0563553899948454,0.796057544775117,0.660109088989102,2.0077076169811923,17.173649867081643,1.1455598044566253,2.1800055099750004,1.3814860915266987
site_638a0536fcb5886f,372,0.0360953497626765,-0.010498862841757394,0.034534738358932386,0.046977141211981564,0.02658520021671952,0.034534738358933115,0.5659177959926379,0.6889987406388887,0.4846692301102615,-3.9055769771337507,0.3201016315098011,0.8209488682795698,0.2629195078494597
site_639be43d81e5bd5a,671,0.1446337657760693,-0.09538284485794923,0.1087246021348032,0.10708313036524551,0.03622798005107022,0.1087246021348034,0.33831640826619164,0.12350142765328988,14.036599481922373,-64.00188889968393,0.32148423185893477,7.69422065871833,0.8806650473876778
site_63bba9458fdad7de,128,0.11920240147569001,-0.04819717059209943,0.10902405819124351,0.09727780967856633,0.04962881211861455,0.1090240581912438,0.5101760851997216,0.004116381241434304,1.818779202249163,-6.169237835788727,0.0025437429552897933,1.2112604487499998,0.31526643101500706
site_63e7e96910147c52,10,0.03992556079228563,0.012276240184307095,0.03799137180355165,0.038586252733324604,0.05085143835501371,0.037991371803551915,1.3178641291357223,0.6705402969970591,0.015940504045784957,0.12276240184307094,0.0131571167562902,0.014888989000000004,0.025858687827737592
site_63fc50b0256f0fb6,2,0.0628816807814164,0.030471016466617595,0.05500566273927687,0.10999999999999999,0.05499433726072362,0.05500566273927738,0.4999485205520329,,0.007908211555791906,0.06094203293323519,0.012098754197359084,0.024199999999999996,0.006048754261492428
site_6411ebbe96528026,629,0.18581560844608835,-0.16061132178600337,0.0934421941969627,0.11932053666975967,0.05568243564345487,0.0934421941969627,0.4666626315767058,0.6476825096359076,21.71775997523752,-101.02452140339612,2.706738102784278,8.955318606359302,1.9502356590489334
site_651ac46c08004df7,214,0.08117557951791148,-0.04075515022534077,0.07020322243443443,0.10170371982012809,0.06037016445353229,0.07020322243443498,0.5935885586122337,0.7377770630093853,1.4101475879547167,-8.721602148222924,0.9693890707104215,2.2135403778037386,0.7799351458153583
site_651b6ffa617fc102,117,0.10966289714652695,-0.0695635042111079,0.0847754085359718,0.09794072622190715,0.04630539377350091,0.08477540853597183,0.472789977772734,0.5016009889701759,1.4070362682366606,-8.138929992699623,0.2661577689977283,1.1223091447863247,0.2508701706247203
site_653b7646a624636a,25,0.053725129428615466,-0.026286433386802678,0.04685523398642535,0.08456618709626207,0.07228239471535335,0.04685523398642559,0.8547434524046115,0.8327629945916335,0.07215973830303708,-0.6571608346700669,0.1272596454232931,0.178786,0.13061861464465352
site_655489b2dd82c473,432,0.08227086734592065,0.07650209190034205,0.030264261906111194,0.02658597445743731,0.03975223910658108,0.030264261906111454,1.4952334799772804,0.6486854287944606,2.9239901051832313,33.04890370094776,0.2961638646731843,0.3053436643518519,0.682663902042295
site_655b8133c0a83295,77,0.09006845453340565,-0.05462567835194723,0.07161258106384494,0.08222761501634823,0.05235779615194918,0.07161258106384513,0.6367422445797507,0.5080251913168716,0.6246491406567842,-4.206177233099937,0.1684127723177919,0.5206263116883117,0.21108308897745798
site_657937702d0a4647,131,0.09515071423223917,-0.08479935200614784,0.043159336397153684,0.062484535001768836,0.041016780288955224,0.04315933639715372,0.6564309118695387,0.7265098276456123,1.1860292528765868,-11.108715112805367,0.24391971152281486,0.5114655419847329,0.22039129075068775
site_6641dc35f7f7b1d6,5,0.05319383622623725,-0.04599000697135925,0.026730197740347503,0.028336548837146692,0.04171342927981911,0.026730197740348998,1.4720716174559871,,0.014147921062318755,-0.22995003485679624,0.004571166777610777,0.004014799999999998,0.00870005091141235
site_667d683049a1748d,80,0.07252098618102622,0.033412931023538116,0.06436512624927321,0.09123269613329422,0.0365209016684046,0.06436512624927507,0.4003049697780087,0.8275024893317737,0.4207434749334876,2.6730344818830494,0.22057246501352637,0.6658723874999999,0.10670210069386221
site_669ad6ba4bcd30e6,57,0.043851076220938034,0.028363105368195918,0.033443252527335515,0.05604167314564009,0.053211994221513126,0.033443252527335515,0.9495075938083924,0.8138144121552916,0.10960626248686749,1.6166970059871673,0.13833142807400017,0.1790181403508772,0.16139643075472976
site_66c5aa948cb00d80,6,0.10888544778822566,0.10686560841401417,0.020875403669031137,0.024451766580124407,0.028014622501971814,0.020875403669031727,1.145709550685122,,0.0711362444402545,0.641193650484085,0.002840776453415553,0.003587333333333333,0.004708914443567913
site_66cab69faab895b3,471,0.08994914186967766,0.010041333912031415,0.08938691031889673,0.08392976881627574,0.04653512199775282,0.08938691031889678,0.5544531178159123,0.15614480733785363,3.810789465976048,4.7294682725667965,0.2872402770553425,3.3178210700636943,1.0199587798718426
site_67582d7e0a88b810,49,0.04601046776589441,-0.035745997815716024,0.028968720789762776,0.03787679230415345,0.051207468722756916,0.028968720789762842,1.3519483992086012,0.8294781157428368,0.10373119405778403,-1.7515538929700851,0.07883290186919728,0.07029791836734692,0.12848803779661427
site_6770b4e6f1f2e8bb,271,0.07818739733226912,-0.009343704133675993,0.07762708480070889,0.062007567659929944,0.05758127117761924,0.046944188843109136,0.928616834213108,0.6941352299687047,1.6566959265320078,-2.532143820226194,0.6716442823238629,1.041978319164314,0.8985283562066722
site_68221dfdbb1b1ea4,128,0.11172792040740051,0.01664477238059044,0.11048112848337836,0.12578338095050492,0.04997037262702513,0.1104811284833784,0.3972732506426123,0.4862360441748733,1.5978404094159901,2.1305308647155763,0.3911947080232203,2.0251467421875002,0.31962088198191907
site_68322e90dd9563bf,434,0.158168757527592,0.14901226666803183,0.05303489643883124,0.05430036750745142,0.08189812128460822,0.05303489643883144,1.5082424860820631,0.7693929627786427,10.85753244229483,64.67132373392582,1.4849596312219784,1.2796619815668202,2.9109691851576045
site_68a69fed5c9dc2db,169,0.10238664958808866,0.05069759746927481,0.08895380612833514,0.09944242756834856,0.04355217241943825,0.08895380612833514,0.4379636889848054,0.44711010613944463,1.771631396344715,8.567893972307443,0.3272523181165993,1.6712065917159762,0.3205578010944687
site_68bc9d9136a91d21,185,0.06219011367277137,-0.029083188170677912,0.05497070496601954,0.042326490573122995,0.05173722504850719,0.05497070496601974,1.2223367528929967,0.3302715806135864,0.7155078941469615,-5.380389811575414,0.133800681633321,0.33143338378378384,0.49519698430817777
site_68cc6a1e0541208f,9,0.08067279958613893,0.043082754010624356,0.06820540227815806,0.08518190267427629,0.021588860067315852,0.06820540227815805,0.2534442104430168,,0.058572905337588035,0.3877447860956192,0.01381526335030794,0.06530360888888889,0.0041947099110553054
site_68df3e54f8cc23c6,117,0.07581824225440838,0.0705448357427222,0.027781864742678786,0.05615548658312375,0.0475266891478985,0.027781864742680653,0.8463409728904667,0.8693506779055239,0.6725634854501342,8.253745781898498,0.271462981500814,0.36895232478632484,0.2642779832192339
site_68e0a7cac180b7fb,385,0.09359566989627269,-0.07281947273170794,0.058800287536780745,0.0833265780137073,0.04101264894846882,0.058800287536780745,0.49219168632752697,0.7561034838265825,3.372657527982838,-28.035497001707554,0.9948173163460641,2.6731776623376624,0.6475843889015813
site_694aad5289524593,35,0.11629009298271205,-0.08873027343749999,0.07516863908329256,0.13300396188667096,0.08134856315391249,0.07516863908329256,0.6116251125152752,0.862193532779316,0.47331850040747353,-3.1055595703125,0.3265030703046492,0.6191518857142857,0.23161560545221316
site_69670e737191984a,288,0.12964616459441003,-0.11078978616661496,0.06733313653170028,0.09884129238454399,0.05507644195569499,0.06733313653170046,0.557220981504562,0.7595084041920774,4.840740862283767,-31.907458415985108,1.1907740539511045,2.813645111111111,0.8736233640477233
site_697fb58ab8720f1f,11,0.11508338723084678,-0.02712005692828786,0.11184224840699267,0.08030020944159258,0.08886345954244684,0.11184224840699274,1.1066404454036056,0.12865840408889795,0.1456860461817753,-0.29832062621116645,0.010098822522163393,0.07092935999999998,0.08686385886037296
site_69dbfe52882f2d4a,41,0.029378438560076974,0.02580630687315289,0.014040198638084832,0.02210281421431991,0.015963906310521327,0.014040198638085453,0.7222567296511352,0.7740651441334487,0.035386798741356924,1.0580585817992685,0.011198197223282443,0.020029910243902438,0.010448698492335207
site_6a1c5e38a054464b,129,0.06202995021516691,-0.031330321427509765,0.053536209082685415,0.07102085268098324,0.03189801141345206,0.053536209082685554,0.4491358553062426,0.7052364166413062,0.4963551993567951,-4.04161146414876,0.2060980732245443,0.6506710355038761,0.13125532404512058
site_6a31951f1e7ac87b,178,0.0398741865920614,0.01904929186855809,0.03502963367900121,0.05379300759112447,0.06411636375082344,0.035029633679001755,1.1919088859683367,0.8375616640863894,0.28301123463537814,3.39077395260334,0.5141993272271049,0.515076404494382,0.7317416419117674
site_6a5dcbf93bf1dcc1,110,0.05795871549861882,0.005136642547087235,0.05773064702212587,0.09400310395789603,0.04769621935382746,0.0577306470221264,0.5073898344377074,0.8674611932538404,0.3695133972474821,0.5650306801795959,0.42782769088257444,0.972024190909091,0.25024222747132674
site_6a951d61e5b0518b,6,0.022219896569720267,-0.009176730295022329,0.020236388626963208,0.057964376032947074,0.07148585945464166,0.02023638862696336,1.2332723018360268,,0.002962342821414399,-0.055060381770133976,0.024181756698588536,0.020159213333333335,0.030661368611812678
site_6af774998b80a846,413,0.19745336624116833,0.17821714744902697,0.0850087065840949,0.06786904268052094,0.03749502349048961,0.08500870658409511,0.552461358074394,-0.23860807744083776,16.101974549907176,73.60368189644814,-0.25077286778776464,1.9023634721549638,0.5806271128461278
site_6af9b829a3e0be45,70,0.1193974882475855,-0.0292928599544934,0.11574838467779479,0.14303219275137086,0.07146421261833082,0.1157483846777967,0.4996372581839334,0.5951883487470565,0.9979032139882624,-2.050500196814538,0.42586786525164333,1.4320745714285716,0.35749935796105947
site_6bb6d38be9a11acb,136,0.09502122603044283,0.062308695260391525,0.07174022505732867,0.08791988948726233,0.07850298245911698,0.07174022505732876,0.8928921876146164,0.6335843855127179,1.227948541900677,8.473982555413247,0.5947256425183814,1.0512673475735292,0.8381296826767942
site_6caf07a2afe1dffd,660,0.1647345277729459,-0.15942562976822708,0.04148413206974043,0.03945644272308343,0.034699137571399516,0.04148413206974113,0.8794289392717931,0.37977662810194296,17.910726662779815,-105.22091564702987,0.343169576303119,1.0274951757575757,0.7946598978112803
site_6cb3e406456efe20,55,0.0530443191736849,-0.041036793413162236,0.03361073315125988,0.028467427580620118,0.039137975080279455,0.03361073315126093,1.3748335696803025,0.5441305088215502,0.15475348881298656,-2.257023637723923,0.0333435889456218,0.04457169381818181,0.08424796013615166
site_6cb8ba95bd0dee4d,341,0.05386236565435396,-0.010892911642265458,0.05274939724619729,0.0826569448695578,0.0663628948571913,0.05274939724619743,0.8028713735055126,0.7705706159475326,0.9892936619542152,-3.714482870012521,1.4413567773765419,2.3297701524926686,1.5017755305148799
site_6ccc6476b82407ef,37,0.07036487127792666,-0.044753586095732614,0.05429854179930652,0.08007879611082781,0.04103410029970842,0.05429854179930659,0.5124215434372648,0.7833444739236098,0.18319495906849,-1.6558826855421067,0.09523946765004782,0.2372667027027027,0.062300503334041635
site_6ce971c90b49aeb0,57,0.10120308379866802,-0.08842936121915518,0.04921699142300758,0.0547489648069256,0.03151585790556592,0.04921699142300762,0.5756429919124105,0.45448334388642253,0.5837976577105327,-5.040473589491845,0.04469900676330977,0.17085460140350875,0.05661521007285786
site_6d0e46f32994dd93,485,0.04381198539627554,0.014645320809379064,0.041291701863132614,0.04810719996959778,0.05788459730236517,0.04129170186313275,1.203241871049373,0.7110232962692099,0.9309526812162785,7.102980592548846,0.9602817278718672,1.1224368041237112,1.625053903355636
site_6d48a42f8098677d,204,0.07622324850533216,0.06928560269156507,0.0317724546167307,0.059571649550932755,0.06783608102680641,0.03177245461673129,1.1387309490029769,0.8835482471144166,1.1852366569919466,14.134262949079273,0.7283846975860788,0.7239514117647059,0.9387537133713907
site_6d6ecd1531a550b1,62,0.08745393993652445,-0.06274153690520794,0.060923650228738385,0.10573485972901592,0.05928689840226254,0.060923650228738385,0.5607128864993703,0.8760285180732004,0.47418787984611604,-3.8899752881228924,0.3404762775333177,0.6931513548387097,0.21792605197393244
site_6d764ff710881490,548,0.051339100080097046,-0.04064910745337932,0.031358463933647045,0.04997190946629732,0.04148492526480248,0.03135846393364709,0.8301649007985427,0.7802004865194142,1.4443653519747528,-22.275710884451865,0.8863454749058034,1.3684610711678833,0.9431074652759831
site_6eaed325c7afd5f2,128,0.017466213094685046,0.005883939371258021,0.01644529894359805,0.016433540379043356,0.020276359192491225,0.016445298943598113,1.2338399836439609,0.6163398693650519,0.03904878078322527,0.7531442395210267,0.026287624585488813,0.034567839921874996,0.05262473498917419
site_6ec0b265c8640204,38,0.030031649502350342,0.01833128858867444,0.023787892519320696,0.027717310610505204,0.021436677868876253,0.023787892519320817,0.7734039629642669,0.5570122283396941,0.03427219892961674,0.6965889663696287,0.012576416065426248,0.02919347368421053,0.017462184006050818
site_6ed688016a61001c,62,0.04323243172603026,-0.004505571362664623,0.042997011287318615,0.04897456784950518,0.031154880072682425,0.04299701128731862,0.6361440527340397,0.498228820751814,0.11588067548264382,-0.2793454244852066,0.04713214793116336,0.14870751435483873,0.060178846245279916
site_6f1d891d977773b1,32,0.041922925725567994,-0.02126367746293545,0.03613014976641727,0.05133711156110655,0.0429430658983345,0.03613014976641732,0.8364916644603072,0.7199167958435486,0.0562410144445277,-0.6804376788139344,0.05078749136067927,0.08433596874999999,0.05901142107995838
site_6f28bfb579cd23b2,141,0.07341073171673226,0.0100002113575631,0.0727264140734995,0.09158899281270898,0.08129155612396617,0.0727264140734995,0.8875690585461498,0.6519269668376981,0.7598681098972316,1.4100298014163972,0.6843949225246166,1.1827846482269504,0.931772710684888
site_6f4dcb1e04a51328,266,0.06202880602618986,-0.01562564241178054,0.060028427234551575,0.04702640402698127,0.05525161690420956,0.05912937294370619,1.1749062690931906,0.3402131015263934,1.023454358691227,-4.156420881533624,0.23513616650249541,0.5882543917385621,0.8120291513608565
site_6fa03518f2e15749,74,0.06368756785927815,-0.032431826847630574,0.05481133922059803,0.10000801647926467,0.058652776766348676,0.054811339220598033,0.5864807525555668,0.8896963281464126,0.3001518661874317,-2.3999551867246627,0.3861863409884878,0.7401186486486487,0.25457096845783167
site_70208b23c7d145de,47,0.16145192638359812,-0.14637177001034957,0.06813244070934281,0.047286902566868266,0.051098960941366685,0.06813244070934317,1.0806155228523966,0.04244599242116643,1.225136053049815,-6.87947319048643,0.0048204489361256975,0.10509440425531914,0.12272187903650394
site_7062702ffcf77fca,399,0.04351580674747393,-0.032553858009122666,0.02887683787407093,0.08608693131198943,0.07833626684528577,0.028876837874071852,0.909967002556819,0.9426282561011387,0.7555565493165154,-12.988989345639943,2.5363749067329318,2.956972937343359,2.4484917105990722
site_70a4655a50185729,555,0.02879503551719508,-0.005404615677423306,0.028283284813045963,0.058908875635183995,0.04527978202944028,0.028283284813045987,0.7686410840677532,0.8848698412101156,0.460180509092272,-2.9995617009699345,1.3099581998138612,1.925991873873874,1.1378935566516608
site_70a6cc65be0123f1,70,0.04970045814322484,0.036422090661525734,0.03381666529227926,0.06977799928110198,0.059391230062128465,0.03381666529227938,0.8511454996419398,0.8750444507209425,0.1729094877752511,2.5495463463068013,0.2538452189166631,0.34082784285714285,0.24691227458048703
site_70dba7fc35b9a591,3,0.08729816193661658,-0.07867219257354736,0.03783721968092278,0.08112678691748833,0.044188939226070804,0.03783721968092311,0.5446898725449841,,0.022862907232535194,-0.23601657772064208,0.01065384406844775,0.019744666666666667,0.005857987049776137
site_70ecc850263e23bf,307,0.08881701275041487,-0.06978440788359129,0.05494177072359354,0.06720525191563823,0.04449739835954517,0.05230458320379418,0.6621119196964265,0.6287989719597659,2.421757758449559,-21.423813220262527,0.5772820204793876,1.3865795867086295,0.6078656674557923
site_719e76f9794e1f46,104,0.12142755808501202,0.049409841092274746,0.11092032936177715,0.12703211367949516,0.046530396918922676,0.11092032936177725,0.3662884570772388,0.5074491432739502,1.5334437936988525,5.1386234735965735,0.31194364643455125,1.6782644222115386,0.22516809509297886
site_71caeba631cb8f76,161,0.058345734881247946,-0.0018356084927268648,0.05831685279826323,0.07159939162224704,0.03979731593767336,0.05831685279826447,0.5558331577402359,0.5807134903182531,0.5480801893920926,-0.29553296732902523,0.2664102352560677,0.82536213378882,0.25499604329072145
site_71e9fd683ed1988c,57,0.08981116386323276,-0.07503473375136392,0.04935416786179637,0.09840002589914755,0.05832343388669145,0.04935416786179637,0.5927176680468406,0.9277141752905828,0.4597645738047014,-4.276979823827744,0.3034780933307974,0.5519062105263158,0.1938925075991103
site_72da2835c7ea074f,53,0.04192375274053579,0.029397472703231953,0.02988962432872508,0.02941610428270942,0.019269847612614185,0.02988962432872604,0.6550781649200524,0.30276819406150174,0.09315285532402783,1.5580660532712935,0.009095981255314259,0.045861281132075486,0.019680332431708747
site_72f791e7a3b14404,210,0.09598026306118404,-0.013587988999230518,0.09501356456975435,0.09892015738002866,0.04215655549762226,0.08197659238385224,0.4261674932002626,0.5805823084528966,1.9345642884317589,-2.853477689838409,0.5084321559077754,2.0548914825788236,0.3732067859990622
site_734432da6e99253a,201,0.052413652227719765,0.028979326306290888,0.04367367155028153,0.05636410211409862,0.03865481025227166,0.04367367155028153,0.6858054826105844,0.6342455083802532,0.552185378909519,5.824844587564469,0.2777535359966221,0.6385593134328358,0.3003330654834644
site_73483f87b1a225a5,300,0.06399533009150554,-0.002053846854368846,0.0639623638292047,0.10228068846724357,0.06670420857190272,0.06396236382920757,0.6521681616688122,0.7929295438865834,1.2286206820562262,-0.6161540563106538,1.6229410031875968,3.1384017699999998,1.33483543236117
site_734a8ec3d3587deb,510,0.09734900503877346,0.09217764608486026,0.03130671404496784,0.03817370726275138,0.047243771662380585,0.031306714044968036,1.237599778748224,0.7510786646934545,4.833182678839962,47.01059950327873,0.6908193634078783,0.7431882823529411,1.1383067200524488
site_73fced68c3c0a0ff,515,0.06883832025505152,0.028354341628250564,0.06272755093549798,0.06600998664793696,0.06887538153877792,0.062727550935498,1.0434085058390254,0.5681769383270233,2.4404378828015734,14.60248593854904,1.3303456497994444,2.2440189436893205,2.4430663637877994
site_741bd07218da164c,66,0.029784716014134318,-0.025665856419187602,0.015112680844650823,0.022582272244902273,0.017757482837739817,0.015112680844650919,0.7863461499871164,0.7442489725923409,0.05855053433081354,-1.6939465236663818,0.019697505107386545,0.033657295303030306,0.020811660984353192
site_74428aba30f813ae,171,0.040720647729476755,0.008028434406665336,0.039921365113007,0.05189618521505716,0.07904666772643978,0.03992136511300781,1.5231691385189752,0.8955971905930746,0.283547266907892,1.3728622835397724,0.6282432548767294,0.4605396008187134,1.0684722410498644
site_7463527a899d9995,969,0.109805280766528,0.05057586901328143,0.09746425579548353,0.087765574681036,0.11485002464333743,0.09746425579548353,1.3085999272577398,0.5651875267164452,11.683426494005346,49.0080170738697,5.520413882870685,7.4640094200206395,12.781621787597384
site_74ac127e792b6d34,11,0.10387166629868538,-0.10208809780641034,0.01916620322166726,0.020652008486959673,0.02348447708947536,0.019166203221667306,1.1371522098833242,0.6295677657439921,0.11868255365631998,-1.1229690758705138,0.003358755250275136,0.004691559999999998,0.006066727305827024
site_74d6733a337aa5b5,241,0.11546182414502404,0.07638880833896859,0.08658049893277803,0.06300647379505633,0.10660559002456442,0.0865804989327812,1.6919783571974631,0.5834873294887484,3.212875313210046,18.40970280969143,0.9445253646793579,0.9567255933609959,2.7389051897010077
site_754a56eb31e06ac7,75,0.07582447167500704,-0.053252598352432255,0.053976951317284264,0.11176147139729725,0.06378780221531773,0.053976951317284444,0.5707494847536548,0.9570741521201843,0.4312012878595459,-3.993944876432419,0.5117249597565332,0.9367969866666668,0.305166278359537
site_756658a5e0df9526,54,0.3506208664462099,-0.34776488536640454,0.04466068174112974,0.05108336622828042,0.02387564617249473,0.04466068174112977,0.4673859210021453,0.48578767199405914,6.63848956732451,-18.779303809785844,0.03199446787817612,0.14091355648148152,0.030782509928324764
site_75a0a6603ab1116e,378,0.08434837548373905,0.0647191154993085,0.054093294739117136,0.09667253597122769,0.11053287003534648,0.05409329473911716,1.1433740609457477,0.8720706797247109,2.689337112869924,24.463825658738614,3.5223948963553346,3.532628941798942,4.618220805418801
site_75b87fcb8d56b55c,180,0.09869540334813649,-0.08075960291186968,0.056733316310334625,0.07387945143573038,0.07791961890720463,0.0567333163103347,1.0546859430187958,0.7218572098216459,1.7533408755692435,-14.536728524136542,0.7479874057967961,0.9824712019999999,1.0928640619159202
site_75f094d197034591,390,0.060135832490905136,-0.05093186315726011,0.03197285825046506,0.03546651326878781,0.03357117290422695,0.03197285825046593,0.9465597209909876,0.5722213689465256,1.4103641562559388,-19.863426631331443,0.26571354203671216,0.49057068974358975,0.43953922356454567
site_76b0c722c519421c,779,0.041268094265207424,-0.029417213714780795,0.028942756287903174,0.040418565595877066,0.026580166172397803,0.028942756287903174,0.6576226983945501,0.6992634824875715,1.3266803157357137,-22.91600948381424,0.5852169481769003,1.2726214865211811,0.5503675770930265
site_7701ccd363543751,52,0.023894643913889742,-0.005181235973651593,0.023326139876904763,0.04547414572033303,0.05609708015114977,0.023326139876904763,1.2336038261421778,0.915470858716081,0.02968960840412258,-0.26942427062988283,0.12143745975196359,0.10753069230769231,0.1636378848771951
site_772df34a4c6e4a0a,60,0.25272342581467516,-0.24703344104250272,0.05332550011210366,0.044547060602618135,0.02737926369215969,0.05332550011210374,0.6146143723465011,-0.04490749877030273,3.832147797330338,-14.822006462550164,-0.003286328206434844,0.11906643649999998,0.04497744481948884
site_783ea304b6cb08b0,11,0.12444167145713265,-0.11747268659851767,0.041059682151368244,0.03451624841952958,0.07472216005448143,0.04105968215136968,2.1648401398166732,0.9865493006188397,0.17034302554549438,-1.2921995525836945,0.027988813103870917,0.013105085454545456,0.061417413235282936
site_792ac7c0f3887a80,3,0.16609104875272504,-0.04489019204775491,0.1599096843024079,0.15293900745068276,0.0072932497437950255,0.15990968430240823,0.04768730924415624,,0.08275870942734025,-0.13467057614326472,-0.003191363462805748,0.07017102,0.0001595744754760986
site_794f4adab7e8609a,986,0.06896258129627719,-0.004759975858078044,0.06879811224791095,0.08664961290865873,0.06135239245450643,0.06879811224791098,0.7080515468566577,0.6150200452802234,4.689255892379002,-4.693336196064951,3.223771975520356,7.403041241379311,3.7114184350532926
site_79798e714cfe0874,3,0.12951030173608663,-0.07353520139058432,0.1066090634618765,0.07258178528773977,0.08752867268313769,0.1066090634618765,1.2059316581445771,,0.050318754767316606,-0.22060560417175296,0.002345837527513504,0.01580434666666667,0.022983805625015563
site_7a906ff08163d278,8,0.14782925974975963,0.14661651379466056,0.01889677011719245,0.04675608082110818,0.03523990752166629,0.018896770117195757,0.7536967791739534,,0.17482792030529526,1.1729321103572845,0.012283577020093799,0.01748904875,0.009934808657084737
site_7c54957b5bc14b62,396,0.022719110689894628,0.012286719823877017,0.019110062964554354,0.022025910320260998,0.016279428586347306,0.019110062964554423,0.7391035534804812,0.5368084841169044,0.20439856425371503,4.865541050255299,0.07622327077693561,0.19211572727272727,0.10494783885880082
site_7ce6c15ef40a9887,868,0.11074135095315907,-0.08748283380482191,0.06789993078353358,0.07566468504602744,0.061034312880730766,0.06789993078353362,0.8066420000770914,0.5240128224156202,10.644845431887887,-75.93509974258542,2.1005301892035027,4.969425480783411,3.2334626187783093
site_7d5d2b00a197b946,177,0.1752167595695285,-0.14816353056848386,0.09353331515309347,0.09956295488153498,0.022810864680449402,0.09353331515309353,0.22910996070366652,0.370882790537074,5.434061571626135,-26.224944910621645,0.1490903292485718,1.754562411299435,0.09209939190215
site_7dc3504cdb8699cf,179,0.06725581192525837,-0.05981449959597775,0.03075011993161173,0.043815180527190765,0.04063016053039096,0.030750119931613144,0.9273078426591611,0.737272171496643,0.809678618552905,-10.706795427680017,0.23493840516246228,0.3436388379888268,0.29549498010583575
site_7de361dfa684e7f9,3,0.013964738620358423,-0.0005340301990509055,0.013954523871541865,0.04027681991198192,0.03091119003503665,0.01395452387155601,0.7674684869010948,,0.0005850417742047903,-0.0016020905971527166,0.0035744927326838184,0.004866666666666669,0.002866505008146447
site_7df014884b3dac8e,148,0.1609501931354947,0.15472491049524897,0.0443302012468952,0.03602433790981813,0.05334486502459319,0.044330201246897405,1.4808007064039475,0.5667496398133572,3.8339347712122502,22.89928675329685,0.16119129947693767,0.19206743243243243,0.4211598444248257
site_7e8e5e3d7101de47,48,0.07107205754586954,0.06317426730791728,0.03256146977504553,0.059163375348596274,0.04672127430478561,0.032561469775048944,0.7896992696833028,0.8362189292047314,0.24245939346256273,3.0323648307800295,0.11095039539337159,0.1680146391666667,0.10477811868782494
site_7f0acd7df3af84c3,388,0.10578547332406824,-0.05677291262049958,0.08926030897875198,0.09903529517662706,0.03735029590928778,0.08926030897875206,0.37714125900947165,0.43736599794949854,4.341939750162095,-22.027890096753836,0.6277125180326402,3.8055,0.5412773065504075
site_80ae082a98e7f1d4,133,0.06168650620009645,0.014147315356964459,0.06004230604636314,0.08540269575418945,0.06322015232981518,0.060042306046366456,0.7402594469825491,0.7117137953393919,0.5060949312742136,1.881592942476273,0.5110744175569231,0.9700515187969923,0.5315727588604697
site_81129771a744e168,1,0.07443567109107974,-0.07443567109107974,0.0,0.0,0.0,0.0,,,0.005540669130779404,-0.07443567109107974,0.0,0.0,0.0
site_8126bf120df6e8fa,258,0.04654741365132651,0.03271811821941257,0.03310870667676767,0.05492842855649593,0.04216347601598169,0.033108706676767935,0.7676075417416136,0.7985204812380636,0.558998723147946,8.441274500608444,0.4771328825160226,0.7784201240310078,0.4586617471155678
site_814a74a697656439,144,0.10445275493023623,0.09387884923981295,0.045794537642872425,0.03232151845992938,0.06248263858989673,0.045794537642873064,1.9331591325871529,0.7060097394894835,1.5710944338023025,13.518554290533064,0.20531671220064165,0.150434,0.562187538022414
site_81c3c43b60e335cf,79,0.15776473289764142,-0.14043327401318123,0.07189023922760925,0.08524339088629278,0.03589408965904028,0.07189023922760925,0.4210776845670048,0.553416564932733,1.9662871647548674,-11.094228647041318,0.13377128720864462,0.5740484194936708,0.10178246812364655
site_81d19e24593ab11d,26,0.04920047005218094,-0.02123775996611669,0.04438066927139749,0.05531043376109283,0.03974690081780033,0.04438066927139749,0.7186148817686475,0.6071220322944374,0.0629378425872444,-0.5521817591190339,0.03470241323228067,0.07954034615384616,0.041075219240121474
site_827e793321bdd790,11,0.12022292703024207,-0.062093461418151856,0.10294636580681903,0.127330732236569,0.0772012907643795,0.10294636580681907,0.6063052446831647,0.5887632936355603,0.158989074020908,-0.6830280755996704,0.06366360239115629,0.1783442690909091,0.06556043225254893
site_82fc0f846e9a1ddb,251,0.15595245379735573,-0.150242865068789,0.04181207171784275,0.06195967850119999,0.07996733930972096,0.04181207171784276,1.2906351557032727,0.8563022038176163,6.1046131291995085,-37.71095913226604,1.0649337357512152,0.963589441752988,1.605088614425287
site_83403fd7c9ad70f1,108,0.055801242228609854,-0.04762967645161681,0.029072195571891193,0.04540135475452196,0.03153078547791075,0.02907219557189133,0.6944899694820296,0.7719939047046217,0.3362880924996471,-5.144005056774615,0.11935516811560289,0.222618565462963,0.10737256674823498
site_8350ab85e51c782b,81,0.09223605286523226,-0.06567964709894157,0.06475857784970587,0.06538657500920378,0.04852511366798103,0.06475857784970655,0.7421265552011351,0.38394282289732007,0.6891066453007916,-5.320051415014268,0.09867490643373242,0.34630773950617283,0.19072961917572884
site_84025ad53bb001c3,582,0.07375800012898463,-0.017617758702576366,0.07162302116865145,0.09712693086174341,0.06635815261789589,0.07162302116865149,0.6832106402327719,0.6754822964561001,3.1662211833218876,-10.253535564899444,2.5337916952416144,5.490378886597938,2.5627813717764987
site_841029a3fc0d0421,80,0.08914101465145348,-0.05224411675333977,0.07222653776662735,0.06869845226604454,0.07402800700404724,0.07222653776662735,1.0775789637496234,0.48990690315297075,0.6356896394472515,-4.179529340267182,0.1993180162794888,0.37755818750000003,0.43841166567930134
site_84dbfb194c437ec0,301,0.05860560800551582,0.03397878961349247,0.04774996488059648,0.06362632770447298,0.04240171064570951,0.047749964880596484,0.6664176949305317,0.660921750337255,1.0338198041985502,10.227615673661232,0.5367064022595601,1.2185411827242527,0.5411694247704251
site_863f22c1c90857e1,146,0.07644327203434223,0.06947560383359046,0.03188595790115827,0.040772729973309975,0.05740862505169736,0.03188595790115883,1.4080152368820367,0.8419363238956392,0.8531617805402014,10.143438159704207,0.28772595428256953,0.24271266438356165,0.48117953362765054
site_86b7f22d3a648755,251,0.07969356157168703,-0.032363120600331835,0.0728264524811462,0.10012945980962007,0.052539718606288095,0.07282645248114662,0.5247178872849595,0.7111728312560145,1.5941170027510478,-8.12314327068329,0.9390711407866968,2.516503089163346,0.6928659298382119
site_86deda94196a1d6c,8,0.01784776668895937,0.0044100214779377,0.017294348393265813,0.06693551817794496,0.0701680541136144,0.017294348393266216,1.048293283202438,,0.0025483422062682216,0.0352801718235016,0.036419299701973794,0.03584290875,0.03938844654472895
site_86f357dc9d6e4680,58,0.1438084053111419,0.09951169990424451,0.10381849074370733,0.10935828825954741,0.033668000056497914,0.10381849074370735,0.3078687550100581,0.3143086755419032,1.1994897314117525,5.771678594446182,0.06712022213827946,0.6936356422413793,0.06574498521265193
site_87666ca1581a674d,87,0.13861709610438544,-0.12948194282082306,0.0494886433008376,0.06475606432062356,0.05148522781759762,0.04948864330084056,0.7950641898599846,0.6591145986800965,1.6716788419198811,-11.264929025411606,0.19118035692764423,0.36482126436781603,0.23061339545840376
site_87ec218e6b6d4b81,397,0.048633898472326784,-0.03247580842046954,0.03620190530971469,0.03664557177826156,0.03994385559108099,0.03620190530971479,1.0900049761203616,0.5560425024991046,0.9390066640047859,-12.892895942926408,0.3231245691030843,0.5331304785894209,0.6334181049940093
site_88607d4559554ef6,42,0.04925991695802044,-0.04338631261388461,0.02332739369242409,0.035382426425744774,0.017129110515047754,0.023327393692424203,0.4841135062061306,0.8259409545080162,0.10191465558586493,-1.8222251297831538,0.021024259836900802,0.05258047619047618,0.012323069935542219
site_88b325bed90e5cd8,187,0.04599091001184499,-0.0008042218221381405,0.04598387794628048,0.09319952033418968,0.06752411891334852,0.045983877946282684,0.7245114424540413,0.8843762148053587,0.39553563129519564,-0.15038948073983227,1.0407616081921494,1.6243101604278074,0.8526277407494938
site_88edadfb8f5755a7,34,0.07997139563241823,-0.003710627767969581,0.07988526372845203,0.039224853095276485,0.08521392033816476,0.07988526372845207,2.1724471505650165,0.3617566823432914,0.2174444200594899,-0.12616134411096575,0.041111881299273054,0.052312029411764716,0.246888015459569
site_8905c26daaab430e,211,0.08395022591105297,-0.07093152084791265,0.04490389493929189,0.06516121103503932,0.047698981744293996,0.04490389493929189,0.7320149669815788,0.72468430302212,1.4870521308390512,-14.966550898909569,0.4752581409901663,0.8959025023696682,0.4800656933423657
site_8922fa4ef2bfa4f1,176,0.09027030449558,0.05713240598074414,0.06989002833434939,0.06597570693034428,0.06022860143017412,0.06989002833434953,0.9128905809794834,0.3895262663069142,1.4341761057755527,10.05530345261097,0.27241828016631986,0.7660917272727273,0.6384372597213199
site_899e1b3be68444b6,2,0.13349161757035388,0.13262799360752103,0.015160055184364321,0.025599999999999998,0.040760055184367046,0.015160055184371645,1.592189655639338,,0.03564002392309923,0.26525598721504207,0.002086914825439453,0.0013107199999999996,0.0033227641972652933
site_89b67bc04797f8a3,780,0.04953905318350061,0.03200735758092159,0.0378106711260819,0.03002518173902597,0.0442890854615772,0.037810671126081934,1.4750646922483528,0.5389535591021597,1.9142118764478075,24.965738913118837,0.5590212336070836,0.703179,1.5299880109978532
site_8a227a0556c22f70,136,0.04323805643206993,-0.01960763126787017,0.03853661012707402,0.06560314944766311,0.06064786070680213,0.03853661012707497,0.9244656882698259,0.8164577803535408,0.2542560152671095,-2.6666378524303433,0.44178688158609847,0.5853131575735293,0.5002301691303876
site_8adbe57839dd7587,31,0.040787407924436435,-0.0356848746076707,0.019753540680829844,0.012507229959055654,0.01696482295549037,0.019753540680829844,1.3564012983712088,0.12732797755076808,0.05157199200102579,-1.1062311128377915,0.0008375215708248068,0.004849354838709678,0.008921961755245122
site_8b5408c589cc3993,120,0.138306522868182,-0.10981558504780133,0.0840787223291129,0.08819829703571379,0.03142365925381434,0.08407872232911326,0.3562841949328124,0.30617829861102813,2.295443312146435,-13.17787020573616,0.10182926474422216,0.933472752,0.11849356330797978
site_8b64753d75204fe6,178,0.1262761655691003,-0.045523964245667625,0.11778471322796523,0.11118993593674281,0.044303693557513214,0.11778471322796523,0.3984505718459814,0.04595706160453203,2.8383292583685997,-8.103265635728837,0.04029745971722881,2.2006499299438205,0.34938147278517073
site_8b8c1728607fc339,11,0.06775095801280255,0.06462040969891981,0.020356693297200378,0.07558856116180805,0.08413630250291222,0.020356693297201998,1.113082471867754,0.9731647072001143,0.050492115428177865,0.710824506688118,0.0680798415845768,0.06284993636363635,0.07786809138747708
site_8bf3ec991527937e,292,0.031669852427982446,-0.015870410938703852,0.027406378991885354,0.04562141821773009,0.05567608284858323,0.027404405731600703,1.2203935130395736,0.872067011940776,0.2928700294205742,-4.634159994101525,0.6468002280163438,0.6077436296575343,0.9051492507977927
site_8c584caec5491a2c,154,0.052544777852321034,0.02562219936932836,0.04587435644265929,0.08113238142631385,0.07614439109680858,0.04587435644265932,0.9385203510384388,0.831688895412805,0.4251868666506641,3.9458187028765677,0.7912500774932953,1.0136993506493508,0.8928871175075761
site_8cafedb38b43a4db,149,0.06830837199161995,-0.032218691933075055,0.060232794840245726,0.10546118493910432,0.06594445640361456,0.06023279484024576,0.6252959934187388,0.8514347676032868,0.6952390189376837,-4.800585098028184,0.8822843747221483,1.6571871677852348,0.6479520282248651
site_8cc96a31a772bfea,373,0.09290316498549159,-0.07451052046956709,0.055490363160423564,0.09165065045932753,0.06294650101720546,0.05549036316042357,0.6868091028458077,0.804539963563039,3.219362277991908,-27.792424135148526,1.7312651984808474,3.1331409651474527,1.4779237223852748
site_8ce1daba0ed42d33,7,0.07534727573966424,0.07038432067121779,0.026893481831852487,0.08287262170687873,0.06835081223509902,0.026893481831852573,0.8247695176925439,,0.03974048372972296,0.4926902446985245,0.037857559588551526,0.0480751,0.032702834732384334
site_8cee030029879195,657,0.09778394756189875,0.08789672873716921,0.04284700080627179,0.06407762573347169,0.05736682589112624,0.04284700080627222,0.8952707787542137,0.7564112151114092,6.282037163317822,57.74815078032017,1.8267981429102078,2.6976039726027397,2.1621559323245743
site_8e38800fbe0e21e5,171,0.04446243432722678,-0.021264914410922955,0.03904755410264612,0.041607609617375106,0.07129540515134196,0.03904755410264626,1.7135184118236244,0.8915622520421619,0.33805127933780527,-3.6363003642678255,0.452253660097361,0.2960340334502924,0.8691989500636734
site_8e3ea373de88dc00,149,0.050916237859384,-0.03504130623164593,0.03694008845865668,0.055335226554785746,0.0452055006804971,0.03694008845865675,0.8169389283287832,0.7477552122813336,0.3862770283852519,-5.221154628515244,0.27870110684613253,0.4562361073825504,0.3044870564743891
site_8e6ad22dcccafcc7,320,0.06884730750416408,0.027756924358196555,0.0630040070213497,0.07619476867500484,0.04778171257197631,0.0630040070213497,0.6270996474282986,0.5657169252139719,1.516784560183337,8.882215794622898,0.6590767886403482,1.8578056875,0.7305894580195069
site_8e827922ba5b5da3,25,0.03437898969755201,-0.02727052536654472,0.020934024430506147,0.011159222912013187,0.026035468523147882,0.020934024430506532,2.3330897436523146,0.6266710556083456,0.029547873315609683,-0.681763134163618,0.004551756229534748,0.0031132064000000017,0.016946140530495604
site_8ea1310ade5fc61a,6,0.03165177944649476,-0.025433892289797463,0.018840176886657133,0.08628036502524135,0.07905368042620546,0.01884017688665779,0.9162418402272439,,0.00601101085277729,-0.15260335373878478,0.04001650053809086,0.044665808333333334,0.03749690633357172
site_8eb987af49bead43,440,0.04455707184841156,-0.012702253438193692,0.04270814218970906,0.06812741162612912,0.0549914545449963,0.042708142189709246,0.8071854372918119,0.7795989725912734,0.8735463667499844,-5.588991512805224,1.2851121532818808,2.0421914545454545,1.3305864321087335
site_8fa7ffd1566cb92a,51,0.054045445556949845,-0.023496224613283188,0.04867070591609881,0.06789407466676178,0.03577087321971761,0.048670705916098816,0.5268629610947417,0.7247548293693383,0.14896641945791073,-1.1983074552774426,0.08976823985033175,0.23508987411764704,0.06525732391595662
site_8fd20385af85644b,310,0.05565924170972226,0.03856108344927911,0.04013719012236679,0.04176149128091864,0.048975162198761454,0.04013719012236741,1.1727349933295805,0.618888324049625,0.9603648681873986,11.953935869276524,0.39239716849973605,0.5406468677419355,0.7435556188424477
site_901a320e9c405a2e,98,0.04357033934857377,-0.014344733477855217,0.04114125778824919,0.045669371385158516,0.05680621582138496,0.04114125778825046,1.2438580628207565,0.6976889201824927,0.18604069815308777,-1.4057838808298113,0.17738169276683913,0.20439776530612244,0.31624072328268515
site_90c4f5b431597729,821,0.07419266547330737,-0.029059754508711972,0.06826479530422318,0.11173785338653891,0.06584576726378974,0.06826479530422318,0.5892879205044956,0.826434864636785,4.519236871837993,-23.85805845165253,4.99206203923918,10.250470609013398,3.5595810196434314
site_912580bb93bae080,334,0.04286387072121675,0.031571110097234116,0.02899269598422169,0.04433524401755523,0.04571732752542943,0.028992695984221908,1.0311734724483967,0.7931148872213172,0.6136620120105309,10.544750772476196,0.5369236167809162,0.6565150299401197,0.6980847280465073
site_912957a44bff743f,166,0.05372227217372925,0.03627654757959298,0.039624419531568804,0.042314771496204724,0.041538803302025966,0.03962441953156892,0.9816620020210116,0.5535392675657235,0.4790896995663685,6.021906898212434,0.1615111477961113,0.29722962120481927,0.2864283818408909
site_916f2628195f7cd3,128,0.024926372516114962,-0.006118552614958026,0.024163761311313304,0.0258360213537156,0.013505596809497701,0.02416376131131334,0.5227429031968731,0.3811840587067482,0.07952947799195281,-0.7831747347146273,0.017024882167055333,0.085439999921875,0.023347346583131454
site_917287f92c952f20,38,0.04801917246748682,-0.021061921676836508,0.04315363692368291,0.07256406401536915,0.08467100315594378,0.043153636923683014,1.1668448329742165,0.8603809999014026,0.08762195512956528,-0.8003530237197873,0.20087722986026815,0.2000906486842105,0.27242879346648596
site_91e14ae535f79ace,96,0.056322486258560414,-0.023052021640663348,0.051388975049363614,0.07714961114613605,0.04116522496421668,0.05138897504936361,0.5335765709336098,0.7880980638299455,0.3045333560011898,-2.2129940775036814,0.24027895150706172,0.5713980000000001,0.16267927165003854
site_91ea89ee8d5d5b53,178,0.07823169183800628,-0.06351884663640783,0.04566786320616808,0.06795773599882206,0.05937367493195032,0.04566786320616954,0.873685299536457,0.7506917937256015,1.0893951741949466,-11.306354701280593,0.5391560750201847,0.822049191011236,0.6274915229366331
site_91ee6299c921b981,293,0.100456841082075,-0.07376693939308258,0.0681910226698981,0.0884706502014643,0.03398555043321928,0.06819102266989835,0.384144915356989,0.7203950846484015,2.9568320376154573,-21.613713242173198,0.6346464988388909,2.2933273924914674,0.33842016800692526
site_92ac3b6c2c87c639,732,0.06235421674603696,0.03449214096965848,0.05194555377836454,0.040459181415225275,0.04763176024252336,0.05194555377836496,1.177279385702029,0.3132590564732422,2.846051389280605,25.24824718979001,0.44190451573362177,1.1982440040983606,1.6607503153424994
site_92b0fa719fa97ab5,94,0.1061618592601566,0.09081303166138362,0.05498484920450203,0.04882004723699809,0.07425151605273432,0.05498484920450203,1.5209226589289961,0.6721932955066491,1.05941199398789,8.53642497617006,0.22904749729658697,0.22403931914893616,0.5182490377961695
site_92d25300e45f668d,35,0.03159435545673416,0.008469469148772103,0.030437992526848173,0.04039826223783313,0.022663036960994015,0.030437992526848177,0.5609903918037838,0.6658101844714248,0.034937115385426376,0.29643142020702357,0.021335325323683874,0.05712068571428571,0.01797646355033833
site_92f4bc71b766e85f,213,0.14506638616161877,0.13515455882342206,0.05270200777236138,0.07759476760749293,0.08774461790927263,0.05270200777236165,1.1308058599147035,0.8035930796157694,4.482426611920275,28.7879210293889,1.1653830988943368,1.2824619154929577,1.6399121280454243
site_9325c992d0f1e0e4,864,0.11094255762597695,-0.09395435169739305,0.05899856684459203,0.0828518450934098,0.05765588839127898,0.05899856684459213,0.6958914231333763,0.7021084174279892,10.63432894400054,-81.17655986654759,2.8977690867210084,5.930865995370371,2.872110066786102
site_93742f2df91eb28f,113,0.09785880791080359,-0.05263092758465657,0.08250049543670747,0.10567964792962681,0.0454578161147731,0.0825004954367076,0.4301473084490586,0.6690585738527524,1.0821271302867617,-5.947294817066192,0.3631972146110989,1.262005242477876,0.2335046741894713
site_93e093b0ecc1d78c,41,0.0931373420303028,-0.06421263599744657,0.0674633371449192,0.06770100712145112,0.047950330431535335,0.06746333714491952,0.7082661317802204,0.35908095247099947,0.3556571436992539,-2.6327180758953093,0.04779285324797397,0.18792048097560976,0.09426860172823037
site_94398cd24f99ecb3,80,0.12804336429019977,0.11690154706388711,0.05224108950646603,0.051530208070121354,0.08680792834222752,0.052241089506467525,1.6846027135015813,0.8340557401583606,1.3116082511002247,9.352123765110969,0.29847389335986224,0.2124289875,0.6028493138455446
site_947d9a648844f933,171,0.05335955922149345,0.011169985511846711,0.05217733208949267,0.07570941371040533,0.055593216806876684,0.05217733208949267,0.734297283287984,0.7246553532227533,0.4868784778133634,1.9100675225257875,0.5215540266509293,0.9801575204678362,0.5284935840941238
site_948f865f7f081052,88,0.08034420204785615,0.014472453385049645,0.0790299873195251,0.04972253109145285,0.09094123881801426,0.07902998731952533,1.828974447232972,0.4972435427348369,0.5680567906381926,1.2735758978843688,0.19786360528753563,0.21756504863636364,0.7277871847624491
site_952481bd3cb76606,468,0.07545957579635867,0.06615730563167832,0.036295433472037536,0.04006566950554013,0.041229738219126004,0.03629543347203823,1.0290540187634931,0.6016690559577293,2.664861067143475,30.961619035625457,0.4651430227754717,0.7512606845299146,0.7955491347730647
site_9563943b41248204,316,0.07783673828660062,-0.04222254254433173,0.06538971423847069,0.09019840954496701,0.04592039673016811,0.06538971423847108,0.5091042842310342,0.7205091652915961,1.9145042733625757,-13.342323444008827,0.9430421483531783,2.570897974683544,0.6663437761305067
site_956a5215e9d24ea6,175,0.0437070178296535,0.01759733486720494,0.04000796437127366,0.01670143486442444,0.04032869412021643,0.04000796437127422,2.414684393741533,0.22619375974778924,0.33430309632328853,3.0795336017608643,0.026661624748451365,0.048814137142857136,0.2846206246523464
site_9573cc360aa7a95d,83,0.1244439926288244,-0.09284170568420226,0.08286570452877877,0.11377192578114367,0.06293891543223025,0.08286570452877902,0.5532025145931178,0.7009551411442055,1.2853635060164408,-7.7058615717887875,0.4166032771644104,1.0743562409638554,0.3287884872901907
site_95a6e0674f2876c2,37,0.0342222033505411,0.003593546915698694,0.034033007841365696,0.0332113668309311,0.046393821178491786,0.0340330078413657,1.3969259806339356,0.6805337793334817,0.04333289048013412,0.13296123588085168,0.03879701429041656,0.0408108108108108,0.0796383058110493
site_95aa1a90ae6a3184,54,0.08640670117571739,-0.0068086251969690665,0.08613803243049448,0.1165631007102502,0.05018821733720984,0.08613803243049516,0.4305669378336677,0.7423857318610964,0.40317037243576487,-0.3676657606363296,0.23452343034330342,0.7336956481481481,0.13601828661229853
site_95c50f37760ba8b9,9,0.05560587184810007,0.024913719866010882,0.049712368143403324,0.09212163188810973,0.06595608720673926,0.04971236814340358,0.7159674210596817,,0.02782811685588595,0.22422347879409793,0.046643764297167455,0.07637755555555556,0.03915184895660695
site_960e43f47225dd5e,138,0.09388852876578178,0.07815282192005626,0.0520306857511508,0.06162213300253731,0.05516577924703162,0.052030685751150885,0.8952267076629781,0.607948183279966,1.2164777050648188,10.785089424967765,0.2852017169025929,0.5240256440579709,0.41997032159064696
site_96144cbf74954033,5,0.08096512797913898,-0.051486783041954046,0.06248570333019472,0.06162381357884304,0.004586431381882832,0.06248570333019479,0.07442628288518427,,0.03277675974339176,-0.2574339152097702,-0.0002148334196209908,0.018987472000000002,0.00010517676410359833
site_96a5abc509a3a15b,35,0.0355552263787674,-0.022202585314341956,0.027770835929167927,0.022232226287852635,0.013562798001169427,0.027770835929168056,0.6100512753677729,-0.15420950575059614,0.0442460942995889,-0.7770904860019684,-0.001627464175224304,0.017299516,0.006438232136718389
site_96e92296d2491d86,411,0.07277778540436802,-0.05425248323560051,0.04851055669784804,0.06056773353189755,0.05712729402660237,0.04851055669784804,0.9431968260215102,0.6616488974839456,2.1769050858777037,-22.297770609831808,0.9409236631342566,1.5077330918734793,1.341309894071572
site_96ea37eab36e72c1,208,0.09589530396360246,0.027761855606390884,0.0917888266378954,0.09320942947555405,0.03742036880294741,0.0917888266378954,0.40146548491385864,0.23840680058782673,1.912749139032516,5.774465966129304,0.17296167709030785,1.807103530576923,0.29125907228050885
site_971bf07b5c1c6549,83,0.07205625400230013,-0.05358434343338012,0.04817490923351664,0.038328808352425206,0.0290926446811289,0.04817490923351663,0.7590281548444775,-0.0023954894376253108,0.4309446104900515,-4.4475005049705505,-0.0002217077490256528,0.12193509662650603,0.07024970388702068
site_97832a03d9613f37,33,0.06380044509901601,-0.05049152654815804,0.03900131461462816,0.02205277916432583,0.0472978142523923,0.03900131461462817,2.144755266443001,0.5763423490644669,0.13432639422947437,-1.6662203760892154,0.019838045044209468,0.01604872727272727,0.07382374669077554
site_978ff47db3a1c5a1,160,0.09561890042701747,0.017805297866910697,0.09394650332366004,0.09184001834863305,0.04749604428194119,0.07587498520464704,0.5171606575865642,0.5654983163602556,1.4628758590195012,2.8488476587057114,0.3946759850323172,1.349534235244361,0.36093987558913887
site_97ad06a1706d85fa,20,0.16374926881302954,-0.10032872408628465,0.12941394886185947,0.13773162309360912,0.02865418349962301,0.12941394886185967,0.2080436057894143,0.38553462984457715,0.5362764607360362,-2.006574481725693,0.030430920720100403,0.37940000000000007,0.01642124464060135
site_98378de2aa945723,63,0.0666927003697626,-0.005166338404019675,0.06649229451677906,0.07102104202402895,0.03613498891771079,0.06649229451678032,0.5087927167484396,0.3757290874650462,0.2802187258044888,-0.3254793194532395,0.060747769030904966,0.3177712698412698,0.08226145771723414
site_9898264bce191dea,842,0.05712982170219076,0.03292102369476384,0.04669071349436528,0.03291723712311613,0.05940858014883005,0.046690713494365335,1.8047863472451147,0.6220451701741821,2.7481335163436977,27.71950195099115,1.0242513919412408,0.9123444688479809,2.9717374508425696
site_98b84b664f32321c,921,0.0701929726599403,0.033375724816425874,0.06175042027239443,0.07331291176989707,0.07242422488931885,0.061750420272394524,0.987878166899611,0.6409990848367174,4.537816191382836,30.739042555928233,3.1345944789133067,4.950175172638437,4.830892151103959
site_99359b775dbc987c,101,0.050423154637566546,0.03468680864690554,0.036596718835121105,0.07322723950169584,0.0801580690178143,0.03659671883512139,1.0946482424201989,0.8900053217080922,0.2567919468839988,3.5033676733374595,0.5276353526124269,0.541585089108911,0.6489569188951327
site_9963ae44b09a6e46,127,0.08165676819464468,0.06666018629355694,0.04716192696765284,0.027516644532563424,0.05461773780973521,0.047161926967653936,1.984898185718107,0.5043644970603613,0.8468141295832299,8.465843659281731,0.09626699405961384,0.09616004724409448,0.37885335499852835
site_9978a236cbbfb40f,39,0.043974651173775005,-0.034354793386581615,0.027450284465201445,0.028855235037790413,0.018274566458092275,0.0274502844652015,0.6333189258087447,0.3916679353344926,0.07541702788835247,-1.339836942076683,0.00805479189638908,0.03247235897435897,0.01302443139001802
site_99e4e71469e203aa,104,0.09827779658507778,-0.07173315172676856,0.06717797440353739,0.08945387484020753,0.04485367137735998,0.06717797440353741,0.5014167520130638,0.6855070325306359,1.004486631368264,-7.460247779583931,0.28605030037965623,0.8322075552884616,0.20923259094693303
site_9a39d33121ec563e,282,0.06682311791195451,0.056926312535789836,0.03499605732868421,0.06992849898340395,0.07233346485302879,0.03499605732868426,1.0343917845311623,0.8795078044550777,1.259222802667943,16.053220135092733,1.2545335521620848,1.3789785815602835,1.4754606988157069
site_9a5b564ee1a1517d,676,0.09771697501033105,0.08294208366896451,0.051664474852844054,0.022137521158280847,0.06265401980119638,0.05166447485284441,2.830218404004089,0.6295501710670243,6.454858470694692,56.068848560220005,0.5902757905201044,0.3312872138905325,2.6536557093401263
site_9a64702d11a0ca56,5,0.07578182264362654,0.07268546966314315,0.021440782239423185,0.08368385746367096,0.10288077874427967,0.021440782239423653,1.2293981403634806,,0.028714423215950344,0.36342734831571577,0.042819338729977605,0.035014939999999994,0.05292227317514714
site_9a99fb7f0cd8cd33,110,0.04158242481220746,0.004114401278604161,0.04137837303932463,0.05151657019793416,0.051947873469301006,0.041378373039324796,1.0083721270595019,0.6801436900992479,0.19020078585891753,0.4525841406464577,0.20022028441578146,0.29193527054545454,0.2968439713780758
site_9aa6317ba764d9b9,127,0.08552209436003338,-0.04759337012504968,0.07105561022091418,0.08380242567905238,0.045036172302459807,0.0710556102209142,0.5374089346165221,0.5302139176205042,0.9288816352132598,-6.04435800588131,0.2541399299641997,0.8919015118110234,0.2575886155884197
site_9b62f4534e47f978,173,0.037463788689674676,0.013466037640337311,0.03495999561289468,0.02586992559360872,0.043641655130207416,0.03495999561289527,1.6869648492916145,0.5985997307842814,0.2428116350963352,2.3296245117783547,0.11691736338408178,0.11578077768786128,0.3294947728131849
site_9bb3648a2ef66eb2,76,0.12310609215053626,-0.11071410825064311,0.053828395469688796,0.08224655942588797,0.04575603633432978,0.05382839546968904,0.5563276646916805,0.7919448839635259,1.151788354267801,-8.414272227048876,0.2265033791041688,0.5141017368421053,0.1591147294381665
site_9c2d82de18c716a5,41,0.046414262931043296,-0.011494495042940462,0.044968437677329165,0.030425028051675986,0.055104452454961345,0.04496843767732964,1.8111553541172782,0.5785742758768455,0.08832563594071283,-0.471274296760559,0.03977046381591297,0.0379529756097561,0.12449652789480492
site_9c3923563de1bc2a,115,0.07552003789154789,0.00901465267098468,0.07498007842328747,0.09790331483060424,0.061206923743377974,0.07498007842328822,0.6251772358196487,0.6432635452288741,0.6558767541611954,1.0366850571632382,0.4432867284936749,1.1022817913043477,0.43082306412468396
site_9c3f2a2a90bf94af,109,0.10456091125615986,0.02032830106577742,0.10256580491809955,0.11898262064189698,0.04526785499066171,0.10256580491810048,0.3804577067343706,0.527869053862705,1.1916952737363207,2.215784816169739,0.3099032612615359,1.543098177614679,0.22336047780465784
site_9c51efef96062ac3,183,0.053822180457419815,0.02263047464115372,0.04883327478991309,0.04056002971683276,0.07026128492623905,0.0488332747899146,1.7322789311734657,0.7363807515016485,0.5301193609819645,4.141376859331131,0.3840324030719412,0.3010562299453552,0.9034066131859648
site_9c5e0ec7dff35c9c,35,0.08116000288371324,-0.05345098703929357,0.06107321878376489,0.0971756835293056,0.049049981458806416,0.061073218783764954,0.5047557133366009,0.851687286927784,0.23054311238295194,-1.8707845463752748,0.14208383171302935,0.33050897142857144,0.08420652383882388
site_9ca12fe149def76c,9,0.1316643946658159,-0.10023810669581096,0.08536881625485357,0.1385913345945242,0.05665295555228291,0.08536881625485405,0.4087770401954214,,0.15601961540444156,-0.9021429602622986,0.06808176273935371,0.17286802222222222,0.028886016355280486
site_9cfda7361157a69e,189,0.06944345637495927,0.006740941442509804,0.06911550724525956,0.059035941175169866,0.01804102642127767,0.06911550724525964,0.3055939494171325,-0.4536008371710569,0.9114323966938647,1.274037932634353,-0.09130895773632816,0.658710804232804,0.06151546188898216
site_9d73848123a6a95b,64,0.06464769321294671,-0.05093063577311113,0.03981701366880706,0.09160607831352881,0.06316087766509008,0.039817013668807265,0.6894834800035554,0.9329177471730804,0.2674767512163376,-3.2595606894791125,0.3454584151650197,0.5370671093749999,0.2553149739151664
site_9dbd78e6c2f64c18,70,0.09484817401385709,0.016009487167767116,0.09348728488082225,0.08824986956109918,0.03694706299437809,0.09348728488082228,0.4186642221470712,0.06337113829072612,0.6297323279634041,1.120664101743698,0.014463837747573845,0.5451627634285714,0.09555598247373798
site_9e0c7cff2a642903,104,0.07148568915232928,-0.010090819097482238,0.07076990266720264,0.10147441161700693,0.06281805728065527,0.07076990266720366,0.6190531807934826,0.7243621839128309,0.5314611903726785,-1.0494451861381529,0.4802088413204138,1.0708938461538462,0.41039526533363135
site_9eb9cb71933abd8d,145,0.052931517564206464,-0.01779601300173792,0.049850250479730525,0.08314258629109642,0.05925816259089992,0.049850250479730795,0.7127293633063924,0.8057002623003335,0.40625310498923517,-2.5804218852519987,0.5755899711549282,1.0023399999999998,0.509171825879182
site_9f1083ed35aa92f7,172,0.08593376391058262,-0.030706206904940827,0.08026045500338705,0.09758096650647338,0.04511851226894634,0.0802604550033873,0.46237000804817036,0.5810042928370873,1.2701532261324373,-5.281467587649822,0.4399746701260812,1.6377917441860466,0.35013698569044654
site_9f57a1eb8c53e14d,1084,0.06690870843826284,-0.042873889918366916,0.05136735177273809,0.09429068800350454,0.06390854915012185,0.05136735177273831,0.67778219146886,0.8576555047810304,4.852824387126087,-46.47529667150974,5.6023459654129155,9.637555487084871,4.427384077449319
site_9f76ab7d5518980d,176,0.08865058787913806,0.07276983325454321,0.05063080188405825,0.0101610418606664,0.05292910516852103,0.050630801884058343,5.209023434241589,0.3172642445072882,1.3831711047117534,12.807490652799606,0.030030778466639187,0.01817143181818182,0.4930622706135033
site_9ff0a0ccad22ddc6,126,0.04600742855245157,0.03328995206431737,0.03175629974610373,0.03366192538252311,0.047805901199430116,0.031756299746104076,1.4201772672293547,0.7488220572265499,0.2667021187331259,4.194533960103988,0.15183421069218056,0.14277377777777778,0.28796092787569894
site_a08eaaa4540846cf,142,0.1385518376034333,0.06031331919079096,0.12473538083269688,0.15446513454537567,0.07768528456072654,0.12473538083269702,0.5029308703829583,0.5973317794008309,2.7259188618669175,8.564491325092316,1.0178251857106115,3.3880458461971834,0.8569704880939102
site_a0a221a9f908364b,38,0.1079323262221883,-0.10301098699946154,0.03221992552954839,0.04444991586916249,0.027920433278823584,0.03221992552954841,0.6281324212402756,0.6918363151667204,0.44267670766184924,-3.9144175059795385,0.03262721826834114,0.0750802107894737,0.029622922590135103
site_a0d01f20e2427c2c,13,0.08254279863622417,0.06250782993573409,0.05390811444880626,0.051998571896639055,0.025311085413798222,0.05390811444880686,0.486765010856658,0.166554326489314,0.08857307688710325,0.8126017891645432,0.0028497151844776606,0.03515006923076923,0.008328463582719658
site_a1da79e1324e0f0b,139,0.14368360165804406,-0.08538768751415417,0.11555916322997775,0.13415239849301042,0.04655219335712816,0.11555916322997777,0.3470097730645763,0.5452326766063645,2.8696518565744196,-11.86888856446743,0.4732986502355112,2.5015643769784175,0.3012278321839631
site_a2c2e8340755d8a7,83,0.10818869072762098,-0.08153507453275013,0.07111135227441326,0.07214866669569184,0.06786021387644567,0.07111135227441612,0.9405608860752204,0.48545660282567804,0.9714978025126162,-6.767411186218261,0.19727499390761533,0.43205069879518077,0.38221571607062677
site_a2dd98acaefee6f4,468,0.07857074154542906,-0.047967809410176726,0.06222901804936,0.11316568063045708,0.07654706826527787,0.06222901804936011,0.6764159225555546,0.8538800808040768,2.8891331478353504,-22.448934803962707,3.461672973371214,5.993428555555556,2.7422243128842636
site_a30a3623711ec917,255,0.05602320881941246,0.029277957251492667,0.047764015174640226,0.08265392840056748,0.05108831613370555,0.04776401517464035,0.6180990682755593,0.8478427929650364,0.800342981237991,7.46587909913063,0.9129365644270884,1.7420763294117647,0.6655540915712468
site_a3440058322ffd4e,564,0.04532689905450461,-0.008871903704836015,0.04445016425784463,0.08660177681475399,0.06402150406070195,0.04445016425784582,0.7392631700576711,0.8677986140087643,1.1587536667340497,-5.003753689527512,2.7136306228471248,4.229925409574468,2.3116966819576845
site_a3ad14b1dd64a3e4,55,0.05473230109054692,0.036723958549499516,0.04058294778747504,0.03915664055014876,0.02454169246310229,0.04058294778747517,0.6267568442617342,0.2542022123145505,0.16475936304664562,2.0198177202224734,0.013435441717668013,0.08432833745454547,0.03312620679244205
site_a3eb3ebe590ad832,109,0.05099610843024949,-0.006600893515184383,0.0505670968103861,0.08305922673122955,0.07696087816771208,0.05056709681038614,0.9265783128074253,0.8029005931398369,0.28346573517824414,-0.7194973931550978,0.5594305445368821,0.7519730308256879,0.645604467749651
site_a3fe6dc1994cbcf1,17,0.09803938558885633,0.08034826873470756,0.056177191439014354,0.010772674646119317,0.06581734366960855,0.056177191439014465,6.109656685242803,0.9111733932085363,0.16339925915288767,1.3659205684900284,0.010982819474619982,0.0019728588235294136,0.07364268637129712
site_a408c1f09c2d83d9,411,0.05286648206057587,0.031775499554808705,0.04225142072763402,0.06415030831891186,0.08247724225524702,0.04225142072763436,1.2856873866486513,0.8630389020130556,1.1486894843645492,13.059730317026377,1.8767441612543798,1.691372705596107,2.79582564640262
site_a4122f0bf308f22f,156,0.07449552720841862,0.017220731181517623,0.07247778964368426,0.08344417791794924,0.07165288563808664,0.07247778964368486,0.858692450760831,0.5723380485700472,0.8657350375533973,2.6864340643167495,0.533834874848563,1.0862172092307691,0.8009252191612968
site_a42d63e8b2f931d6,6,0.09182371175560743,0.08292081820964814,0.039442768006560665,0.05116530942825313,0.03417950404954972,0.03944276800656191,0.6680210562877203,,0.05058956424346126,0.49752490925788884,0.0066911863138278335,0.015707333333333334,0.007009430982439113
site_a44b748575c17771,8,0.056984334025917835,-0.04401377365142107,0.03619395050749295,0.08129236972188718,0.0689915150038293,0.036193950507493064,0.8486837724113486,,0.02597771459501902,-0.35211018921136855,0.04023310585673899,0.05286759499999999,0.03807863314018883
site_a4e51d06a4c9f574,191,0.10209098244437323,-0.07908650365549857,0.06455922580085773,0.10123671820061593,0.059254986833523406,0.06455922580085793,0.5853112179723235,0.7995069242904104,1.990710621023349,-15.105522198200227,0.9160486958335831,1.9575347643979057,0.6706303117464372
site_a507f74864d36b32,315,0.0315397034435215,0.0018652712216452936,0.03148449867117124,0.035634029896598925,0.03579581593267215,0.03148449867117126,1.0045402116051059,0.6114428588134112,0.31334716139116375,0.5875604348182675,0.24567651177023847,0.3999819873015873,0.40362223806000985
site_a55a51839f39337a,11,0.13567680923133404,-0.11503461165428161,0.07193910400293034,0.07161541571892913,0.03227543023155164,0.07193910400293047,0.4506771329545004,0.21528696416167614,0.20249016219515392,-1.2653807281970977,0.005473800642652948,0.05641644545454545,0.011458737362949334
site_a5c2bfa9bb36639b,60,0.03833006085729684,-0.018375732430815694,0.033638163192349656,0.03696011495142057,0.02503870885943837,0.033638163192349774,0.6774521370495901,0.46543644784959737,0.08815161391944475,-1.1025439458489417,0.025843830468443536,0.08196300583333334,0.03761621648086305
site_a5c5f553e4031a41,74,0.058115696551273875,-0.03924176094499794,0.042866284928547056,0.06764229381344765,0.05066773461152153,0.04286628492854743,0.7490540570853397,0.7739633304534532,0.24993012973734124,-2.9038903099298476,0.1962916917990188,0.3385855135135135,0.18997423046910467
site_a61c8cdc86211521,39,0.04156056933854851,-0.0010042700217320379,0.041548433971303284,0.048476893510937175,0.03424419862740744,0.04154843397130335,0.7064024970923805,0.5410678635365476,0.06736395602602763,-0.03916653084754948,0.03502983858340825,0.09165035897435898,0.045733940445700005
site_a62049e3761071cb,301,0.09742347429961314,-0.04119619751784493,0.0882848042115861,0.07052363150459924,0.04378695211528804,0.0641796662310559,0.6208834000902584,0.44880778270144117,2.856891336726822,-12.400055452871324,0.41716345790130027,1.4970483627795472,0.5771064498395049
site_a637aa5eb6fad085,105,0.04000482589812338,-0.007144965538524447,0.03936160010203423,0.08638912860973952,0.060701954656399104,0.039361600102034246,0.7026573323898022,0.9151881647380927,0.16804053998961216,-0.7502213815450669,0.5039198471194222,0.783623561904762,0.386896366406291
site_a6a5e3eb9fd3c985,371,0.11831049528684491,0.09873662238863279,0.06518015567872701,0.07615413085282056,0.045930973276888,0.06518015567872701,0.6031317377340513,0.5232743948082605,5.193025492451882,36.631286906182766,0.6790511793233153,2.1515965606469,0.782681747586176
site_a728723d09857d1a,33,0.06818598115702086,0.06151400856466005,0.02941691310543195,0.024269744454109284,0.04281218972794492,0.02941691310543237,1.7640148543342442,0.7490317764189224,0.1534278248694049,2.0299622826337815,0.02568306359052658,0.019437676363636358,0.06048515844695124
site_a73a8fe0a0e90dac,39,0.06996056442772396,-0.043414301957839574,0.05486054101591819,0.06957946374576286,0.04143299515757195,0.05486054101591982,0.5954773567810815,0.6154104626041601,0.1908847424267829,-1.6931577763557435,0.06919216009515981,0.1888107692307692,0.06695103042136785
site_a7fe1c93212d2f37,55,0.052211259493168335,0.038515075993321164,0.03525059629412894,0.023507600037097197,0.03511329855943239,0.03525059629412926,1.4936998461782707,0.32888728597890626,0.14993085898246283,2.118329179632664,0.014931027543747966,0.03039339927272727,0.06781190546481103
site_a85957854004ad6e,10,0.02784393867982718,0.0198810920381546,0.01949428379234287,0.06983379124750425,0.08753907531527484,0.01949428379234492,1.253534624878373,0.9945568463013176,0.007752849212059762,0.19881092038154602,0.0607991050323844,0.048767584,0.07663089707053361
site_a85f5d6458d2ef6d,586,0.04416876323681028,-0.03949118770274998,0.019781954900756696,0.02767898461990064,0.020873825208513767,0.019781954900756696,0.7541398463549815,0.701422917102512,1.1432154724794703,-23.14183599381149,0.2374814894175119,0.44894994709897607,0.25532991519765275
site_a8a04a98a04fa26e,41,0.026548912152506664,0.021578336463904963,0.01546674277060382,0.016992422988626146,0.020525007374685857,0.015466742770603822,1.2078917402435334,0.6749416020840255,0.028898634195742158,0.8847117950201034,0.009651363813877108,0.011838440000000002,0.01727231303696726
site_a8d2970296172e46,359,0.06601363036656717,0.05745677054924553,0.03250413684787076,0.03795450487386244,0.0471253228089155,0.03250413684787087,1.2416265991489348,0.7281658658635035,1.5644499825083793,20.626980627179144,0.4675654732221764,0.5171554540389972,0.7972657818941724
site_a8f474364dc17adf,217,0.0891327024632867,0.004725797706045864,0.08900733388013779,0.09616026139465322,0.05498331420530749,0.07585773083386817,0.5717883188737329,0.6161629242977912,1.7239865867047082,1.0254981022119525,0.7069388442968049,2.0065547041129035,0.6560267704969063
site_a92160c2510cdbec,2,0.04365747158310852,0.04301767730712891,0.007446761989593514,0.0028499999999999914,0.010296761989593506,0.007446761989593514,3.6128989437170307,,0.003811949650059857,0.08603535461425782,5.869154334068281e-05,1.6244999999999903e-05,0.00021204661494067523
site_a9455c71e74fd72a,25,0.0759308768810904,-0.05115998049736023,0.05610841701065027,0.05586589657384906,0.026094725395236176,0.05610841701065036,0.46709579538818624,0.22423387587512691,0.1441374515982827,-1.2789995124340057,0.00817223292514682,0.07802496,0.017023367336319595
site_a963d86424b18502,34,0.02074763301404456,0.007295208359465879,0.019422775565748857,0.03380066759337433,0.029022447643851815,0.0194227755657491,0.8586353380055977,0.8193574235835823,0.014635785373306039,0.2480370842218399,0.02732823756744757,0.038844494411764706,0.028638283886164073
site_a98119a935505c9a,155,0.10540308345214484,-0.07938665210200894,0.06933663872192257,0.08767248057489926,0.04760912607235452,0.06933663872192258,0.5430338660451347,0.6163764633331823,1.7220205501890706,-12.304931075811385,0.3987780531363141,1.1914018967741937,0.3513274772328687
site_a9866d1cfd06e947,48,0.09190733642647554,-0.08752617724289496,0.0280379526045447,0.03329338172209389,0.030328867929343546,0.02803795260454484,0.9109578649145438,0.6150839317143775,0.4054540074724492,-4.201256507658958,0.029811905042733993,0.05320556479166667,0.04415233103402705
site_a9bff24a5451b631,238,0.060732647202080034,0.02345140334588139,0.05602219307811059,0.08511124328900126,0.05355665220415061,0.05602219307811087,0.6292547275134402,0.7649555238743836,0.877852155809012,5.58143399631977,0.8298765608559386,1.7240538487394956,0.6826589688852914
site_aa2ce12749046dfc,311,0.046765555208481246,-0.020761161571146974,0.04190455016074314,0.061349676260487075,0.03622734510981557,0.041904550160743764,0.5905058888329976,0.7469422643221857,0.6801623348807848,-6.4567212486267085,0.5162929639470826,1.1705364437299037,0.4081627859824659
site_aa4df3fb16db7e70,50,0.17113501378039578,-0.16133704347610475,0.057074962496752805,0.060289336536405835,0.03855965723791268,0.05707496249675445,0.639576738659719,0.40092720215577976,1.4643596470808125,-8.066852173805238,0.04660249805748462,0.181740205,0.07434235831526559
site_aaad533d86c5f947,240,0.05653772679300941,0.03759344956775506,0.0422285105173937,0.06253393523164487,0.03975343146228796,0.04222851051739457,0.6357097360821617,0.7457105748368966,0.7671634922210337,9.022427896261215,0.4449097521677613,0.9385183333333333,0.37928047512643825
site_aae8b0a4c0119c59,105,0.02159681727671922,-0.01375834287671816,0.016647237541726152,0.026049419211756745,0.020904862373089157,0.016647237541727058,0.8025078103719977,0.7698469663299475,0.04897436423081978,-1.4446260020554067,0.044018887202690045,0.07125008533333334,0.04588639343796887
site_ab53cfe255b5cc4c,78,0.06991600244042617,0.05489811314527807,0.043294856164883225,0.06189138383090922,0.04580706030958229,0.04329485616488369,0.7401201504029993,0.7150434617105665,0.381283296985475,4.282052825331689,0.1581210382585342,0.2987823846153846,0.16366636838804527
site_abdcb41ac727b4e7,485,0.10510238896761781,0.035519136208848855,0.09891866926762446,0.10308204768842254,0.11751996066159215,0.09891866926762466,1.1400623415709579,0.6047427304290272,5.357558400849709,17.226781061291696,3.553097045616698,5.153565649484536,6.69830645964255
site_ac16cbbd2f795846,35,0.06269707222948227,0.03123050691059658,0.05436523065577941,0.08583817713034932,0.053388675811714914,0.054365230655779466,0.6219688907261124,0.7924179838716792,0.1375823003152121,1.0930677418708803,0.1271018884403365,0.25788674285714286,0.09976227467249377
site_ac240db4268c6c54,61,0.10859879890462042,-0.0959146258205664,0.05093214777747864,0.08956919197188941,0.06503729448468712,0.05093214777747865,0.7261123278314107,0.8289996467188947,0.7194156465350973,-5.85079217505455,0.29458138748832413,0.4893810491803278,0.2580208301071627
site_ac2a9b93fc2413dd,121,0.052643617789479714,-0.011037162878050292,0.05147360031674697,0.08492078616061244,0.08059150777298187,0.051473600316747095,0.9490198032382494,0.807800295992422,0.33533340976974385,-1.3354967082440854,0.6689484708202956,0.8725963305785124,0.7858939261398343
site_ac6e3a81298a7ce5,53,0.1255454429830435,-0.0923415870036719,0.08505697833483103,0.06493906007692062,0.04926730217549081,0.08505697833483104,0.7586697762045441,-0.0922588747957683,0.835367887451857,-4.89410411119461,-0.01564403586736266,0.22350532075471696,0.12864515437350943
site_acf798671ee3a747,30,0.1216410362410396,-0.08906866751829784,0.08284512154803582,0.11309052760215302,0.042948473570710265,0.08284512154803655,0.37977074191218657,0.7999402719371052,0.4438962509338173,-2.672060025548935,0.11656086976617575,0.383684023,0.05533714146161994
site_ad04b63315ba2272,10,0.024099311974782836,0.004127562580108641,0.023743210920286213,0.0352938649059578,0.02401535735654445,0.023743210920286258,0.6804399977314619,0.7424858296172883,0.005807768376579115,0.04127562580108641,0.0062932711207866684,0.012456569,0.005767373889625338
site_ad53cb9b838bb8cd,636,0.10827102085596657,0.0837308623644541,0.06864223659597636,0.01997911936331535,0.06857161546057663,0.06864223659597642,3.4321640615694187,0.14214411428627102,7.455582476774843,53.2528284637928,0.123853053977795,0.2538690738993711,2.99051426021135
site_ae3ed38eaa09b85f,486,0.033040756191744236,-0.011087410797736773,0.03112492396014029,0.04645377373304071,0.024512455084252125,0.03112492396014029,0.5276741395676406,0.7860098703042359,0.5305621028850306,-5.388481647700072,0.4349827955959618,1.0487652037037039,0.2920181807691342
site_af194bfb42414cbb,864,0.055883122314795385,0.03275150701453288,0.04527982053771178,0.04457700989190736,0.05133457271399791,0.045279820537711825,1.15159300362399,0.5619977899570588,2.69820578273793,28.29730206055641,1.111141160080368,1.7168628766203704,2.2768459393496303
site_af687448e37c8c15,597,0.06072151043429124,0.01483305793451504,0.05888193459570653,0.09347797865726644,0.06741886066647387,0.05888193459570761,0.7212271984791481,0.7788062929045455,2.201199792164779,8.855335586905479,2.9301813841356554,5.2166650988274705,2.7135457558185543
site_afb9454fdc863c14,194,0.08549329843292305,-0.024966352401074674,0.08176665166634987,0.10937564938938447,0.05341836906498782,0.08176665166635025,0.48839361743869447,0.6958095502613816,1.4179661909265238,-4.843472365808487,0.7886846422940954,2.3208283397938145,0.55358329779127
site_b019e673dfa447d5,669,0.08610341644371115,0.0765518459130474,0.03941590047917462,0.05393584758916921,0.064716041634492,0.03941590047917509,1.1998706709392204,0.7940990356903027,4.9598310782737505,51.213184915828705,1.8543437297093694,1.9461716133034381,2.8018830839961546
site_b04900ecbfac7c98,10,0.10587326895286067,0.09964074748277665,0.035789251456803485,0.06557104238915223,0.07133373687112787,0.035789251456805005,1.0878847471689574,0.8666294799467468,0.1120914907876477,0.9964074748277665,0.040535965480804445,0.042995616,0.05088502015999308
site_b050cd10feccfd77,44,0.09360992611600265,0.05049793665517461,0.07882116886353215,0.03862411570572958,0.07376616514635452,0.07882116886353249,1.9098473530984141,0.12643982251646352,0.38556400376751293,2.2219092128276827,0.015850841015577315,0.0656401818181818,0.23942367329756697
site_b07ebc840452ba9d,7,0.04239682889930731,0.016573282183919635,0.03902329327939034,0.11753381102769482,0.08493357818500774,0.039023293279390574,0.7226310237229915,,0.012582437705019975,0.11601297528743744,0.06826782206871679,0.09669937714285715,0.05049598892316176
site_b0b863b5597ced77,64,0.04008888532990702,-0.01468766890466213,0.03730135532579823,0.05769357489343483,0.04985299030413382,0.037301355325798646,0.8640995188149934,0.7688064767129409,0.10285559852764382,-0.9400108098983763,0.14151929974742233,0.21302710937499994,0.15906052110489988
site_b12672b82d8e070e,371,0.10016552995970536,-0.03702168264189821,0.0930727049487185,0.13394413567023197,0.06247389214335836,0.09307270494871853,0.46641752422194843,0.7876118655542685,3.722292488472303,-13.735044260144235,2.4451664457368967,6.656122679245283,1.4480082510293304
site_b18fe53daa1d7307,44,0.1238336308051517,-0.10676414828178556,0.06273902103198228,0.0750882776613551,0.030940939426007823,0.06273902103198233,0.4120608487725624,0.5723333827314026,0.674729797209011,-4.6976225243985645,0.058506941122544766,0.2480829754545455,0.042123036232810954
site_b2267c975c71dbb8,491,0.10044486765116786,0.033904739849921886,0.09454966976763983,0.1117896625758952,0.02722292892313555,0.09454966976763997,0.24351919753450915,0.7062166614146163,4.953783175793168,16.647227266311646,1.0552514221125306,6.13599197148676,0.36387413884465825
site_b2271a910bc63599,20,0.05305852645112484,0.04003329319775105,0.0348215833199413,0.048808088212918155,0.037987130023539616,0.03482158331994132,0.7782957992090637,0.7045839431180235,0.05630414458329428,0.8006658639550209,0.026127088575176892,0.0476445895,0.028860440948506094
site_b2c81cb18e128f03,52,0.02896275297156337,-0.01924893589386573,0.02164069145488772,0.032330516834516924,0.022065540773006945,0.021640691454887732,0.6824988566050136,0.7456162677976204,0.043619735103973746,-1.000944666481018,0.02765960292541064,0.054353640576923073,0.025318180659472056
site_b2da63ab5c4ee3dc,2,0.057631562625477833,-0.05713014805316925,0.007585723042488099,0.0165,0.008914276957511902,0.007585723042488099,0.5402592095461759,,0.006642794021308747,-0.1142602961063385,0.0002941711395978928,0.0005445000000000001,0.0001589286673504553
site_b2eaf44be71ff0ae,155,0.04804368762967836,-0.0011824311064135653,0.04802913467611815,0.07791314997229684,0.0602207757089196,0.04802913467611996,0.7729218460597727,0.7875339109045929,0.35777036776400695,-0.18327682149410263,0.5727407315585882,0.9409211354838709,0.5621139831825201
site_b30a47c3dfe5fc92,477,0.06997783257387374,0.03885458863506277,0.058199810942452,0.06429340664426855,0.06207738132376463,0.058199810942452,0.9655326193436125,0.5762758359833107,2.335819893678599,18.533638778924942,1.097106061764702,1.9717472997903562,1.838167806751671
site_b33e3bea3571d4bd,118,0.09015695768590497,-0.07082693734350849,0.05578370699152916,0.08425870736789311,0.045658542697479994,0.05578370699152926,0.5418851549445706,0.7892130831930488,0.9591366882630111,-8.357578606534002,0.35827220904809437,0.8377445125423729,0.2459948975083972
site_b4081a628b4563f6,155,0.10257816290472133,-0.07112120037540313,0.07391924216379187,0.07336472668625012,0.058368122807707964,0.07391924216379192,0.7955883630197892,0.388257964500391,1.6309533232606697,-11.023786058187486,0.25770040528252725,0.8342693838709678,0.5280598528148303
site_b419a77ce9d11fde,169,0.14106624908668813,0.12724778378150872,0.060890788745769656,0.07070852911122187,0.06543461422799501,0.06089078874576967,0.9254133136480439,0.60232929373386,3.363047040704495,21.504875459074974,0.47097736896627396,0.8449486390532543,0.7236053969191432
site_b42936ae6e6a0d03,186,0.07033340738385699,-0.04684845028769585,0.05245961208267633,0.07487274362083088,0.04668619603642649,0.05245961208267653,0.6235406074185532,0.7199948181274602,0.9201026041255875,-8.713811753511429,0.4681171496151596,1.042702559139785,0.4054057674654059
site_b436f4a91f17ee10,151,0.14017799136751022,-0.06494654301965473,0.12422485988571652,0.12606925764110985,0.05544112902422006,0.11909787507981066,0.4397672363713618,0.34215080128191916,2.967130258838295,-9.806927995967865,0.36110688591566,2.399912116049261,0.4641315369095127
site_b491b5d705afd5f5,391,0.06723932745958518,0.045088974528910246,0.04988097365878704,0.04204957950480631,0.04602502683457124,0.049880973658788456,1.0945419044989626,0.3612708201575346,1.767760718471974,17.629789040803907,0.2733791255577827,0.6913533503836315,0.8282565101930941
site_b4a169fed07d4305,259,0.07078863180262787,-0.05172839485770487,0.04832394394017722,0.061761847544239926,0.06790969280464203,0.04832394394017742,1.0995411488621418,0.7261227208891512,1.2978568716543968,-13.397654268145562,0.7887907977100159,0.9879621853281854,1.1944371315965998
site_b4d57a535cfd4a12,156,0.04208607911898524,-0.016366390167138513,0.038773435861508034,0.05214215258565391,0.06176154723432282,0.03877343586150822,1.1844840339659382,0.7809502967945802,0.2763131366750797,-2.553156866073608,0.3923332502338558,0.4241334358974359,0.5950602398172883
site_b5639796f8098e20,328,0.06413871239868355,0.032014285842093024,0.05557751281032469,0.08939263547860543,0.05502265074188419,0.05557751281032469,0.6155165964991927,0.8060874623234566,1.349318012436822,10.500685756206511,1.300466772535952,2.621062195121951,0.9930174070495852
site_b582b14f96e98786,39,0.07770472107903872,-0.05291446743867335,0.0569041546255876,0.06014136316583706,0.025632203094249264,0.05690415462558767,0.42619923701379425,0.3359951991728885,0.235482923440877,-2.0636642301082606,0.020200256412514512,0.141062358974359,0.025623383583128823
site_b61ae4423402851d,358,0.06530115936614866,0.01619476346629958,0.06326113380926518,0.07382807372468785,0.05147540837909001,0.06326113380926575,0.6972335289560294,0.5392072297459587,1.5265984264136063,5.79772532093525,0.7336012645476191,1.9513092402234635,0.9485989250702842
site_b67b52a6713d2819,119,0.0799436642717711,0.0019450083396014045,0.07991999999847679,0.11061508376292459,0.053203558733502285,0.0799199999984768,0.4809792383065102,0.7373778921277085,0.7605277454065206,0.23145599241256715,0.5164069865728753,1.4560479139495799,0.3368436207671981
site_b69cf9ad02aa761c,62,0.07994774166833335,-0.035434101235482,0.07166635101287198,0.09497987628473452,0.03631954944590885,0.07166635101287201,0.38239204836431495,0.7543165884040143,0.3962817666677269,-2.196914276599884,0.1613308418090305,0.5593129677419355,0.08178479966113672
site_b708e7aad1210ce8,162,0.10516749639538125,-0.0018167213834362258,0.1051518037005904,0.11452000377685578,0.0853190123501121,0.10515180370059132,0.7450140546306451,0.47781792434320036,1.7917527722877495,-0.29430886411666857,0.7563183282689181,2.124602664938272,1.1792520866805702
site_b72a5ec99205d5b7,153,0.06552701007501996,-0.052295732336106654,0.039483482987219556,0.061489892484022216,0.052394141556887486,0.03948348298721999,0.8520772998668324,0.770896094963417,0.6569497245538802,-8.001247047424318,0.37999137515589304,0.5784940522875817,0.42000734863092415
site_b756906d27dccd10,62,0.17483320562986315,-0.15768517532079449,0.07551182208677201,0.07280918320657881,0.05566450907391153,0.07551182208677201,0.7645259378336476,0.3328095703630655,1.895132287030469,-9.776480869889259,0.08362806309831719,0.3286729838709677,0.1921093293672539
site_b7a18627a594b786,48,0.10027909384163515,-0.08397287986973923,0.05481288268356094,0.07420451114875962,0.03621451654763689,0.05481288268356094,0.48803658951457485,0.7095181503966653,0.48268303976157445,-4.030698233747483,0.09152036581256737,0.2643028547916667,0.06295157802139517
site_b7a3262e8a713a7b,102,0.05683537673691373,0.03249311068595624,0.04663108198162585,0.07305809270471093,0.07837798815930974,0.04663108198162635,1.072817332860043,0.8126002727368791,0.32948652498034525,3.314297289967537,0.4746129426694676,0.5444234607843139,0.6265971208458916
site_b812626cb80e0341,68,0.09893066860313927,-0.07113140194731601,0.06875755120183918,0.11366791593258296,0.05121287859325506,0.06875755120183927,0.45054823230532076,0.9289699317000011,0.6655348489379634,-4.836935332417489,0.36772880876568315,0.8785868676470588,0.17834760749890877
site_b843de06c1a6a47d,69,0.16323432760726572,-0.14524913915136586,0.0744857925055732,0.07980383758425219,0.027734672592165308,0.0744857925055733,0.3475355751267559,0.3591260445860026,1.8385357539483342,-10.022190601444244,0.0548457288765821,0.4394370220289855,0.05307563240182778
site_b87223f545f36d24,58,0.07165882820686793,-0.02883504013686344,0.06560128139211066,0.04813199869581796,0.04183030394194773,0.06560128139211074,0.8690747335531327,-0.05887238103746297,0.29782928427892186,-1.6724323279380795,-0.0068748703247514305,0.13436797931034486,0.10148691101679219
site_b87cd5aaea8e51ba,65,0.0657572980316011,-0.030400587207537428,0.058308031538148515,0.07075796900360265,0.04216869772677443,0.0583080315381489,0.5959568698845413,0.5672456502636543,0.28106144588709264,-1.9760381684899329,0.11001453786807565,0.3254348615384616,0.11558293941818462
site_b881d34c09ab42e7,66,0.15111368131344735,-0.13895874573172945,0.059378545492178345,0.06640967428998663,0.03957501588449773,0.059378545492178386,0.5959224511731256,0.46622188267832526,1.5071327488867403,-9.171277218294144,0.08087029687419081,0.2910761593939393,0.10336800422904435
site_b904064dea358149,1211,0.1203170651384852,0.10101815466773499,0.0653569322341866,0.06765767789582397,0.0707380528782184,0.06535693223418676,1.0455288309944282,0.5547362659207153,17.530673554045112,122.33298530262708,3.215147424332625,5.543426829066887,6.059689143376965
site_b9048e7e348a00c2,124,0.058033447662448855,0.04190445787906645,0.040148442777419587,0.04441798252471714,0.06714992034285579,0.040148442777420516,1.511773307252059,0.8164130346611619,0.41761724990118365,5.19615277700424,0.301950634002301,0.24464668927419353,0.5591298634544328
site_b9661fa344baf0d4,144,0.15884271057936333,0.1531495247532924,0.04214534104785558,0.03914794666895138,0.06406148169297708,0.04214534104785601,1.6363944253501517,0.7696166418549655,3.6332649654047113,22.053531564474106,0.2779347882999314,0.22068888888888885,0.5909577748847479
site_b969a6c48312ad74,9,0.1403110486260312,-0.13624628997113972,0.03352817972447368,0.02736668696710574,0.03803673348135456,0.03352817972447372,1.3898917880368207,,0.17718471329882843,-1.2262166097402574,0.004822154162327445,0.006740419999999998,0.01302113784538439
site_b9eaf91685021861,238,0.052331719983966574,0.012244003591417264,0.05087920294711432,0.0647945061807904,0.04182871497568676,0.050879202947114496,0.6455595920273823,0.61973068757439,0.6517889221223082,2.914072854757309,0.39975386008833136,0.9992020714285714,0.4164146523711034
site_bb41a05397abcbe3,238,0.09342386344762336,0.08474956623646393,0.039313220221846384,0.03927229290354515,0.05183203220189422,0.03931322022184641,1.3198117138002725,0.6591158310684864,2.077268346232282,20.170396764278415,0.3193178488763691,0.3670704915966386,0.6394011757984113
site_bb59973d2df99f1c,65,0.047070975711394035,-0.012615727641032295,0.04534887176667068,0.08388345535825427,0.06897818720644883,0.04534887176667071,0.8223097977050758,0.8414870070309205,0.14401898903747207,-0.8200222966670991,0.31648188723509135,0.4573682153846154,0.30926937016871353
site_bbd4ea535f73b619,96,0.040065293760707096,-0.0285739864949137,0.02808478342306105,0.033865973005424876,0.016722687802337287,0.02808478342306105,0.4937902655169108,0.5630968247337341,0.1541018653566485,-2.743102703511715,0.030614273040881376,0.11010279625,0.02684623558410626
site_bbfd063296f373c3,52,0.06823862065158103,-0.029523231458205443,0.06152144465709179,0.060392120430228076,0.053317712193878194,0.061521444657092916,0.8828587539905466,0.42005030271192373,0.24213848611837974,-1.535208035826683,0.07033256076476896,0.18965482692307692,0.14782447854663983
site_bc37e7bebe33d230,276,0.03754278843770036,0.00523312056971633,0.03717627486422946,0.04322011711482802,0.06121547383244191,0.03717627486422961,1.4163652928057435,0.8000100973500037,0.38901122597510807,1.444341277241707,0.5841867539093331,0.5155620724637682,1.034264249282385
site_bc93eecd419d5cf1,153,0.041841077055522057,0.018365286604251737,0.0375951057600564,0.04305533038598709,0.06912532081152897,0.03759510576005642,1.6054997184280506,0.876731361843477,0.2678533865624186,2.8098888504505157,0.399228979824761,0.28362550562091504,0.7310814265264105
site_bcf274618f28d9ed,84,0.09230266763507738,-0.0037317766291754604,0.09222719932721311,0.08133476478471574,0.06657949894187457,0.09222719932721335,0.8185859898667346,0.23473779864408248,0.7156617260143312,-0.3134692368507387,0.1067773285401719,0.555688892857143,0.3723576930654904
site_bd11119142bc591a,41,0.073700526886027,0.009442663524208998,0.07309311710993426,0.10489694100970975,0.05469653022224243,0.07309311710993487,0.5214311275023689,0.7540284825188278,0.22270247419439756,0.3871492044925689,0.1773757350953614,0.4511380975609756,0.12266012715245989
site_bd599065e701bf2f,260,0.055297573846844306,-0.02834023566108483,0.04748318350765222,0.06182782975767772,0.06821629837589976,0.0474831835076524,1.1033267485412381,0.7375514856684278,0.7950336350702719,-7.368461271882056,0.8087938534822602,0.9938969384615384,1.209900474668544
site_bdd9f4c5442812d1,142,0.0443623702843916,-0.01819170376028813,0.040460867656877925,0.05363880748875492,0.06624956965466845,0.040460867656878105,1.2351051926081187,0.7920317207813033,0.2794588254094249,-2.583221933960915,0.39966221890549214,0.408551276971831,0.6232387780788848
site_bdfe6061d850b13b,146,0.044254551308355775,-0.0067690990852983055,0.04373379253023122,0.07322054408813285,0.04759337726879674,0.0437337925302313,0.6500003224711135,0.8198048306180452,0.2859359354795685,-0.9882884664535526,0.41710251099544843,0.7827422191780822,0.3307089157381027
site_be8516cfd6e0790e,150,0.13402706866350597,-0.1129922273461024,0.07208336627751821,0.08362365029636586,0.049606691033267335,0.07208336627751867,0.5932136525666969,0.5131902951317944,2.6944882701798214,-16.94883410191536,0.31932952426950134,1.0489372333333333,0.3691235692905068
site_bef664d28695b721,15,0.019829801688008984,-0.00022958516279856744,0.019828472599743702,0.10624619627178293,0.10484727109785386,0.019828472599744323,0.9868331740521743,0.9824405499233986,0.0058983155247864585,-0.0034437774419785114,0.16416027114937704,0.16932381333333335,0.1648942538500029
site_bf2aa2626c0e2039,210,0.05044859754117676,-0.016696519475522493,0.047605537821508996,0.06079515819425051,0.05036737477954362,0.04760553782150962,0.8284767451153195,0.6477002977597183,0.5344628087130414,-3.5062690898597237,0.4164968294310357,0.7761707645714285,0.5327432128584313
site_bfacedeb5df79c6e,50,0.06920702049402161,0.0007653936653137208,0.06920278793659274,0.08558305916476695,0.04048755248329536,0.06920278793659355,0.4730790518407103,0.6023979092753472,0.23948058428299632,0.03826968326568604,0.10436690159726142,0.3662230008,0.08196209530437981
site_c0555c6b321e4775,2,0.06620779192704909,-0.04710426913499832,0.04652590183019639,0.02560000000000001,0.02092590183019638,0.04652590183019639,0.8174180402420458,,0.008766943423710856,-0.09420853826999664,-0.0010714061737060552,0.0013107200000000011,0.0008757867348140325
site_c0951b8580287e99,50,0.1754992273091356,0.16733153809547424,0.05291630320332766,0.031165853108811252,0.062038810473563376,0.052916303203327665,1.9906020302721532,0.5223680226454929,1.5399989393051825,8.366576904773712,0.05049973150670528,0.04856552,0.19244070024873583
site_c0aaae0aecb597e5,655,0.17264158777527638,-0.16648609646212964,0.04568914000472028,0.03983966157125624,0.03497766113279846,0.04568914000472042,0.8779607996980163,0.25946854734331304,19.522352178367342,-109.04839318269491,0.2368276616153599,1.0396151053435116,0.8013510898001766
site_c0baac71bcc40ff4,11,0.023107855038329777,0.007465975364771754,0.02186852021342743,0.07213076509179196,0.08328917473196044,0.0218685202134276,1.1546969538721592,0.9705609992060854,0.005873702609197092,0.0821257290124893,0.06413935948163271,0.05723132000000001,0.07630795290284142
site_c0e5aee02ccea819,55,0.05047632952671985,-0.014264116548408163,0.04841895105827301,0.06727519405796753,0.03863526393391861,0.048418951058273874,0.5742869191968233,0.7068035881800746,0.14013229133695054,-0.784526410162449,0.10104161466292359,0.24892734545454548,0.08209759905839537
site_c1458c9cb325529c,104,0.21892533972922576,0.21225217580680664,0.0536406398249813,0.017171163645680672,0.057821463024937625,0.0536406398249813,3.367358451532919,0.3831611829156979,4.984543655057919,22.07422628390789,0.03956431473579544,0.03066428153846154,0.3477054449797998
site_c1eaac8764a60481,45,0.06277996545541589,0.03328003300825755,0.053233104977565414,0.06595597484143458,0.04427245690369413,0.053233104977565844,0.6712425524773152,0.5952805204731516,0.17735958281624456,1.4976014853715895,0.07822074582046934,0.19575857777777778,0.08820226981302542
site_c204fd32b9271e1b,91,0.11423786377697062,0.059614116824590245,0.09744971316299397,0.13493713515257091,0.061993563341701974,0.09744971316299439,0.4594255189396677,0.7504145126560994,1.1875763463496383,5.424884631037712,0.5712427513262891,1.6569307703296705,0.34973137251794695
site_c29be1fac6229539,472,0.06391507128881273,-0.029562126431677296,0.056667601137612475,0.11395275257323767,0.06941298217883995,0.05666760113761255,0.6091382666182468,0.9224110715580489,1.9281843514670938,-13.953323675751683,3.4437532752874795,6.1290284745762715,2.2741725088210982
site_c2fa2fe516862278,53,0.049388905276147,-0.0254761066315309,0.04231113275811802,0.04345334673907901,0.039929187448705605,0.04231113275811892,0.918897862769129,0.48767895417537993,0.12928099011193972,-1.3502336514711377,0.044845987043431346,0.10007424716981132,0.08450002054663508
site_c33eaf01c8613ed2,878,0.08519525768784732,0.07655047106289374,0.0373932789756097,0.020196042709814937,0.04805255633558919,0.0373932789756097,2.3793055414879105,0.6793970899998207,6.372727636733865,67.21131359322071,0.578896568549528,0.35811876391799546,2.0273442935980066
site_c3aa24263a4277b0,258,0.07128282414425272,-0.009501001663910326,0.07064681157251777,0.09840480401585196,0.07404910875572264,0.07064681157251801,0.7524948552694045,0.698236584291795,1.310960182638958,-2.451258429288864,1.3126787128462347,2.498344406976744,1.4146837909393444
site_c3aefe4e5e9b8037,305,0.05618661387929188,0.00865753033923321,0.05551560814442989,0.09016047111083199,0.058446814338045015,0.05551560814443232,0.6482532047353415,0.8029993026614519,0.9628653516622936,2.6405467534661287,1.2906010812059043,2.479317718032787,1.0418891824111007
site_c3d5b5decd374619,53,0.0423749106666748,0.013095563202534083,0.04030061139011547,0.031450866369180014,0.0414285335351485,0.04030061139011567,1.317246178494657,0.41495456203359476,0.0951685518624595,0.6940648497343064,0.028655539357437275,0.05242532075471698,0.09096513971626496
site_c3fac8d15831ac8c,148,0.0409806026008998,0.014615292477849366,0.038285806969682576,0.054643480170353635,0.05397574012033717,0.038285806969682576,0.9877800599827326,0.7515857349378635,0.2485526488508656,2.163063286721706,0.32807806991961963,0.44191466891891895,0.43118031718765
site_c3fba37c42f73863,128,0.03765799293646912,0.032717657389678065,0.01864616118494107,0.01969198355444656,0.017562646866451582,0.018646161184941376,0.8918678414438265,0.5039007559885982,0.18151992729640426,4.187860145878792,0.022306653077085507,0.0496350996875,0.039481160314327246
site_c438c579f3fbc2ec,83,0.08184653694289994,0.054121139256063704,0.061398354173147374,0.08455079810219648,0.052590002767956626,0.06139835417314749,0.6219929787580613,0.6909649217978288,0.5560050155922751,4.492054558253288,0.25500870016075405,0.5933535091566267,0.2295537964640959
site_c45005d41e05ffcd,278,0.0626330910586192,0.018944247661734658,0.059699410182079214,0.09478918420125944,0.06088706533087821,0.0596994101820797,0.6423419068741095,0.7908088883335379,1.0905673385649246,5.2665008499622346,1.2688204380181625,2.4978270647482015,1.0306112534406435
site_c4ae57110fb255d4,1016,0.08745896338344396,0.06774658991994821,0.05531247445490902,0.03309788869498283,0.05874577740814472,0.05531247445490913,1.77491011434363,0.3824049686685198,7.771455400524296,68.83053535866738,0.7554299186661135,1.1129977598425196,3.5062834250998827
site_c4f8e2def8cc0f30,94,0.06640020027299075,0.033598863532568544,0.057272183174846024,0.07413675607400827,0.055963702140453694,0.05727218317484665,0.7548712016019016,0.6445087610413583,0.41444474005156834,3.158293172061443,0.2513603048629742,0.5166483085106383,0.29440197998294965
site_c56fc9c5f1ff5d0d,122,0.03979347568845954,-0.00563389663422694,0.03939263784113557,0.05707869031375326,0.04752882169840961,0.039392637841135586,0.8326894229203681,0.7308066764759017,0.1931895262988985,-0.6873353893756867,0.24187633769727146,0.39747318032786877,0.2755966448287839
site_c59fe04d734e33bd,568,0.058287557784214426,0.021030214513019778,0.054361470454583075,0.07799892408405983,0.04640208772112077,0.054361470454583095,0.5949067665486387,0.729671149408525,1.9297455749105412,11.945161843395233,1.5000358670188612,3.455616665897887,1.2229913270910373
site_c5ee40e68c26cb53,124,0.18420066819208172,0.18158744570709048,0.030917401637004748,0.023903501968279766,0.030596326532456503,0.030917401637005425,1.279993474305907,0.377124377038448,4.207305884138764,22.51684326767922,0.03420086653794973,0.07085079838709678,0.11608076446280702
site_c6112b3d07cf93a0,216,0.16440703149683508,-0.13854755412538847,0.08851128318736473,0.11398090644317443,0.046369172232548043,0.08851128318736504,0.40681526125312534,0.6913172184254455,5.838409153209885,-29.926271691083908,0.7892099908918694,2.8061957592592597,0.4644216288428482
site_c62b54e06aa4fffe,37,0.05430125270150233,0.0318027055424613,0.04401379289645368,0.03362320757535222,0.057820213059463554,0.044013792896454414,1.7196519079830195,0.6523537427246635,0.10909916366323934,1.176700105071068,0.046924938474152536,0.04182924324324325,0.12369755041494512
site_c6d377978f89caf6,53,0.04415873055853856,-0.01666957943619422,0.04089154687661031,0.08859817651313413,0.07149207810218909,0.04089154687661032,0.80692493814013,0.8911047326553596,0.1033496546807052,-0.8834877101182936,0.29914884093178895,0.41603075471698114,0.27088921326258375
site_c6dbad6563643f29,50,0.14128571872706427,-0.1367745726342201,0.03541709469944652,0.03219481877569743,0.04602302341409517,0.03541709469944824,1.429516461475972,0.641240037179833,0.998082715811156,-6.838728631711005,0.04750636108061672,0.05182531779999999,0.10590593420871763
site_c7184b24616d8b68,11,0.040536260152570114,0.036313200365413315,0.018014990046574825,0.08969228294471443,0.09403272963605203,0.018014990046575027,1.048392643701722,0.98187692557173,0.018075072258725282,0.3994452040195465,0.09109275997944853,0.08849176181818182,0.09726369667087542
site_c79eeb4ffddf3d41,568,0.07288154162161281,0.06395540991383539,0.03494888627547616,0.037862885422486836,0.03512377266456531,0.03494888627547831,0.9276570518237693,0.5435997320344006,3.017056453993156,36.3266728310585,0.4106222084946406,0.8142837165492959,0.700729902717093
site_c7e77fa91cd0e5b5,45,0.07433954999582769,-0.035158237944708924,0.06550012975716456,0.06847696197253246,0.0457407735298229,0.06550012975716456,0.6679731724688733,0.3976524914678112,0.24868659121119738,-1.5821207075119017,0.056048527932498204,0.21100924444444452,0.09414982633979463
site_c83832e8d67694ad,46,0.053327438425066404,-0.03415241073784621,0.040956422326329914,0.04370764641784688,0.022975460710005908,0.040956422326329955,0.5256622717764202,0.3788085592841476,0.13081552169304544,-1.5710108939409255,0.017498437270392547,0.08787648434782606,0.024282102562503155
site_c8f87af663a64c0b,62,0.07008039486506432,0.05976893659676276,0.036591473904934294,0.018646476680913814,0.02956406405670781,0.03659147390493435,1.58550403717658,-0.10631080533377531,0.3044982281554866,3.705674068999291,-0.0036335405776096947,0.021556847741935482,0.0541901007800456
site_c8f923241d7b6cf3,153,0.06006061110835722,-0.008423025585857093,0.05946704672917026,0.08825432910147732,0.06086807073802377,0.05946704672917076,0.6896893484741802,0.7406562228569337,0.5519133820265263,-1.2887229146361352,0.6087425530281138,1.1916904705882354,0.566853071411467
site_c90d703c921023d7,384,0.11685541171003869,-0.0976249237122635,0.06422274921005311,0.07920925509474842,0.039661700384239766,0.06422274921005312,0.5007205324276474,0.5924729702689162,5.2435919024342965,-37.487970705509184,0.7147382503558571,2.4092567395833333,0.6040513833097747
site_c91d0d6c46ea62b9,342,0.06317821349990425,-0.04187747217618931,0.04730501014873556,0.059308350639052314,0.03883255446912566,0.047305010148736115,0.6547569448602384,0.6052038781476512,1.3650884380755037,-14.322095484256744,0.4766939224385117,1.2029783157894736,0.515724812016383
site_c9aed1d9afe08cac,128,0.07370284820264297,-0.00213637052848935,0.07367187899155847,0.10018987832485875,0.05009567802796019,0.07367187899155848,0.5000073746524416,0.7092976285582471,0.6953100586472747,-0.2734554276466368,0.4556827469877899,1.2848655,0.32122585050637475
site_c9e5c8b8112d21fb,124,0.04419381584422413,-0.03582248596491351,0.02588132257375519,0.04699091275175974,0.0642208879243309,0.025881322573756003,1.3666661097559956,0.9382048108824769,0.2421835765002763,-4.441988259649276,0.35108277906970153,0.27381008927419354,0.5114159832778942
site_ca4c08bc8824e7df,72,0.09407329068792485,0.08380700865139565,0.04273370241109124,0.02617135116713656,0.05588331873488583,0.0427337024110916,2.135285961278861,0.6774901741415568,0.6371844495015462,6.034104622900487,0.0713417620672327,0.049315652777777774,0.22485206252338857
site_caaaa1aabb1e21d9,11,0.10761722383906462,-0.08636262446750295,0.06421031040193155,0.13489371083612645,0.07806708454287249,0.06421031040193155,0.5787303504290952,0.9575672309512392,0.1273961355351007,-0.9499888691425324,0.11092300422638657,0.20015944545454548,0.06703916657926401
site_caab4140fe1f5c75,199,0.07080759549034245,-0.05126602845455535,0.048841682051508906,0.0745912890863636,0.037955003412373234,0.048841682051509225,0.5088396229273905,0.8157451480535293,0.9977294002456691,-10.201939662456514,0.45958381220481204,1.1072082211055276,0.28667587452261944
site_cadb6c34bf67432d,262,0.05983518843460033,-0.003135308563254262,0.05975298833713101,0.08020170337813158,0.03963262211409798,0.05975298833713237,0.49416184999512763,0.6972618514364081,0.938025441051082,-0.8214508435726167,0.5806756232179531,1.6852660648854962,0.41153512073738874
site_cb6d0d529a35bf72,121,0.1020677663869856,0.04381654237952114,0.09218426953191035,0.08029625390703674,0.04532078880901227,0.09218426953191056,0.5644197157875207,0.0004840140066751546,1.2605573011626203,5.301801627922058,0.0002131258088695089,0.7801460953719007,0.24853084169080208
site_cb73c7416c77fcc5,47,0.07447369626290792,-0.0644892309396825,0.03724876545428267,0.04779927284365394,0.027137445611500655,0.037248765454282844,0.5677376243832034,0.6297423969535378,0.26067757744781367,-3.0309938541650774,0.03839291140452977,0.10738421276595744,0.03461272485290634
site_cb8aadebec9e1fcf,153,0.03616915307631753,0.005476073870160221,0.03575220621481475,0.045301158013228364,0.07288198855586822,0.03575220621481475,1.608832792631614,0.9216270892532081,0.20015576804148777,0.8378393021345139,0.46556055768374727,0.31398582235294115,0.8127029911462289
site_cbe94aaae2e082ea,54,0.05004873146557617,0.009498383209881956,0.049139151780546494,0.04945340773937663,0.028839682944102312,0.04913915178054672,0.5831687696041034,0.3024464139060171,0.1352632781509211,0.5129126933336257,0.023293186514327924,0.13206453499999996,0.044913274865082675
site_cc2f4e33aba4f988,24,0.07102703783522726,-0.024240728733936946,0.06676246830438858,0.061927302249402794,0.03720494746010351,0.06676246830438887,0.6007842439230802,0.1653582975465875,0.12107616248752334,-0.5817774896144867,0.00914366046364109,0.09203977833333332,0.033220994772217516
site_cc39c5b4f811532d,154,0.04764151595895065,0.03135746459527449,0.035866745838214205,0.04908372963373881,0.05164632728248492,0.03586674583821444,1.052208698643484,0.7475622494412096,0.3495359626015102,4.8290495476722715,0.2918401778218421,0.3710187272727273,0.41077084075251014
site_cc701381aa01ffc3,51,0.06168863170787703,-0.01660262891825508,0.059412456564198815,0.08519605361131434,0.03655131006296591,0.05941245656419896,0.4290258587530604,0.8131794006233389,0.19407985138149464,-0.846734074831009,0.12914540849333886,0.3701767450980393,0.0681359116332727
site_cc73ca175d85bc6f,40,0.06698608891096791,-0.03633305031061172,0.05627650986614802,0.07918143721858047,0.03312049118188996,0.05627650986614804,0.4182860572543133,0.80068186578373,0.17948544430352392,-1.4533220124244688,0.08399242746829985,0.250788,0.04387867744518603
site_ccee683800437b50,18,0.22737988401551978,-0.213624547249741,0.07788558574764903,0.07771759576413839,0.021314991364923777,0.07788558574764914,0.27426210442242294,0.12924122765153176,0.930629009788402,-3.8452418504953383,0.0038537017289135157,0.10872044444444441,0.008177919423961955
site_cd09f5e742102c10,336,0.11286915695117784,0.09898117302783897,0.05424181022885039,0.09010750539408285,0.06385761401747486,0.05424181022885041,0.7086825202650461,0.8042146781544633,4.280454054532192,33.257674137353895,1.5548372144670712,2.728105809523809,1.3701390756496137
site_cd9b47f2c6e7c758,40,0.2614501744693074,0.19970383961796762,0.1687440967022917,0.05713072181409929,0.14796030760683423,0.16874409670229176,2.5898553861841656,-0.19628339577132609,2.734247749201252,7.988153584718704,-0.06636796339526772,0.130556775,0.8756901050843604
site_cdb6242d14e183d0,160,0.07639047302420161,-0.028313438858464362,0.07094965502995257,0.1102085494641863,0.06330905756728435,0.0709496550299535,0.5744477889880717,0.7968890492299351,0.9336806990178038,-4.530150217354298,0.8896086076950654,1.9433478999999998,0.6412858832092359
site_cdbb0d22e7b06f01,175,0.10574440372378167,-0.05342637723745619,0.09125514305604454,0.08999552269316693,0.0885212883055043,0.09125514305604472,0.9836188029854671,0.4774802439355744,1.9568288108071727,-9.349616016554833,0.6656747522165434,1.417358968342857,1.3713032345715874
site_cdd0193742d73d25,11,0.12402876577965267,0.10919861698584123,0.05881153619149469,0.05671488938264758,0.019508745644231607,0.058811536191494936,0.34397925935478385,0.06253095577654871,0.16921448214906337,1.2011847868442536,0.000761051748015664,0.035382365454545456,0.004186502722724583
site_ce2a9736239174ff,54,0.08565550258875719,0.06986776037569399,0.04955160122354468,0.062441031166324074,0.045553553016420556,0.04955160122354499,0.7295451751121731,0.6185195458544367,0.3961907166815599,3.7728590602874754,0.09500347930634463,0.21053964814814813,0.11205681439067128
site_ce840bd031a93a0e,69,0.027675870909881533,0.00377682960551718,0.02741695440327601,0.07901782346484096,0.07646568306240573,0.027416954403276537,0.9677017122147029,0.9383352167248271,0.05285081431280945,0.2606012427806854,0.3911999064286549,0.4308233333333332,0.40344304734781944
site_cec4a302b657dde7,101,0.051212015611724594,0.016547150393523787,0.04846506326076165,0.0984110503445555,0.0853008427394497,0.04846506326076174,0.8667811433857834,0.8703333726744779,0.2648897248445679,1.6712621897459026,0.7379113653780209,0.9781582178217822,0.7348996109780932
site_cedd671db129d181,93,0.07503162377350135,-0.04655461992756013,0.058842263123444476,0.0607916632045953,0.059771237070660975,0.05884226312344685,0.9832143738114211,0.5236986169661573,0.5235662446462075,-4.329579653263092,0.17697040524918545,0.343693247311828,0.33225187262901557
site_cf410c13c4f583ea,45,0.027422087364841644,-0.013669752468003166,0.023772015962230233,0.06510923774324326,0.06117743626099133,0.023772015962230653,0.9396122329406328,0.9310042881664711,0.03383868939502535,-0.6151388610601425,0.16687761309146884,0.19076457777777778,0.16842054183604455
site_cf467e53e3fb79b4,253,0.07357175523989205,0.03310118083096305,0.06570475627132688,0.07252174968612889,0.0588668001750123,0.06570475627132691,0.8117123542907524,0.5162171463944504,1.3694392017768817,8.374598750233652,0.557560051979048,1.3306292569169962,0.8767209411997416
site_cf53fcd25709e5dc,34,0.07221793330489812,0.023633723010035124,0.06824131466725747,0.06480489750384943,0.033682661842593484,0.06824131466725747,0.5197548818064672,0.1551491140612631,0.17732461628824425,0.8035465823411942,0.011514430170111794,0.14278894117647065,0.038573738099285104
site_cf6b1b2134e1588b,836,0.05051695386274104,0.02571880033840403,0.043479948674344314,0.04415691325293052,0.03894553682990988,0.04347994867434446,0.8819805090729529,0.4582393516106395,2.1334407566487767,21.50091708290577,0.658802230134143,1.6300603779904308,1.2680070453788088
site_cfa28b3d4c2af861,102,0.11391804270043342,0.06506806589528627,0.09350650914960121,0.10268213657996172,0.039258987278640696,0.0935065091496025,0.3823351226049773,0.41444541848051747,1.3236866861751726,6.636942721319199,0.17041252207271027,1.0754493596078434,0.15720934437873613
site_d04beb93196a3a21,622,0.03935138268824327,0.009714434015405905,0.03813346419140145,0.05554434597774493,0.0514075935996169,0.03813346419140148,0.9255234298773539,0.7483631391756724,0.9631864807144278,6.042377957582473,1.3291374811127519,1.918978458199357,1.6437847027754975
site_d0ce78b41de4999b,52,0.07297853543050452,0.015115320848960142,0.0713960342681188,0.08190731971972125,0.06094428578452671,0.07139603426811905,0.7440639736847943,0.5334387709414481,0.27694506494623294,0.7859966841459274,0.1384661533902471,0.3488580692307692,0.19313871042887532
site_d122c9eee96eec44,13,0.030888616295383156,-0.009556787160726691,0.029373022245046204,0.022781701366661872,0.028932297897859553,0.029373022245046558,1.2699796837912334,0.37421419926336846,0.012403386016364327,-0.12423823308944698,0.0032065107295146346,0.006747076923076924,0.010882012201456348
site_d132cef849713e59,125,0.04265359404225464,0.002313297362327576,0.04259081755537113,0.07024353066297281,0.050166587420293465,0.04259081755537113,0.7141808924866241,0.7998094710862549,0.2274161355901826,0.28916217029094704,0.35230389708518983,0.6167692000000001,0.3145858116747433
site_d15ecf104b47687d,115,0.09782089924486334,0.08441872606173804,0.04942071447467075,0.05843127318654265,0.0439723614809507,0.04942071447467077,0.7525484057239062,0.5653886639901561,1.100426757843476,9.708153497099875,0.1670590763704285,0.39263457391304346,0.22236038603431063
site_d1bc13bbd7c8604f,141,0.08076093867139716,-0.062111749626558736,0.05161840537456438,0.05890450722807299,0.03176605884192594,0.05161840537457087,0.539280614281868,0.4848221885817275,0.9196484193270096,-8.757756697344782,0.12791264033656805,0.48923347702127656,0.14228063170316685
site_d1da6ed45ac274f5,50,0.11171193282119474,-0.06134399321079254,0.0933620395642756,0.10882830514163123,0.06002188310964713,0.09336203956427576,0.5515282355223075,0.5151311845489935,0.6239777967323563,-3.067199660539627,0.16824390051066876,0.5921799999999999,0.18013132260140718
site_d2a88afeebc07d80,46,0.15368468561780935,0.10126948898771533,0.11560048959071019,0.051980006516974646,0.11219410882867065,0.11560048959071063,2.1584089027005495,0.16512476932354073,1.086473199298465,4.658396493434905,0.044297216614303365,0.12428836956521742,0.5790258305695413
site_d2c6c5fd07d735c9,451,0.06111316119252213,-0.02505302493947572,0.055741944820083204,0.059102753639767254,0.04314967535298624,0.04936240484845855,0.7300789336480764,0.572172574132521,1.68440313039538,-11.29891424770355,0.6580953571300252,1.5754041049991625,0.839714411863717
site_d355ed29576c96c4,250,0.042849902073579166,-0.013722256811618804,0.040593272542519966,0.06243067502438204,0.04960921379565646,0.040593272542519966,0.7946288227106592,0.7605168823474248,0.45902852692883095,-3.430564202904701,0.5888561877139806,0.9743972959999999,0.6152685233557877
site_d3c0f0b2faa9bb95,81,0.03793865422459544,0.022286795757140643,0.030702446470157897,0.053459110804130454,0.03764165899646586,0.030702446470158965,0.7041205592510066,0.8279451349900709,0.11658666023424648,1.805230456328392,0.13495129742922238,0.2314879987654321,0.11476845385250378
site_d4253e2faeb3b528,43,0.09174604165281573,-0.08319095015803049,0.0386859402207609,0.062157952638881506,0.03525911498043505,0.03868594022076091,0.5672502629756743,0.8236351592842137,0.36194545483528856,-3.577210856795311,0.07761960733597882,0.16613527627906977,0.053457823135752175
site_d46dadf54503ff71,88,0.052984928236127694,-0.03657036252184348,0.03834072515235657,0.05799199770244737,0.05013676338302494,0.03834072515235675,0.8645462368838016,0.7578174632388271,0.24705143057650897,-3.2181919019222263,0.19389724793285132,0.29595031818181816,0.22120516374223786
site_d47f3d91f6768d70,53,0.031581686539777616,0.014674712071441259,0.02796525970408762,0.023595725819878736,0.04148612186429128,0.027965259704087624,1.7582049469883392,0.7640250457553869,0.052862355008928844,0.7777597397863867,0.0396387221006993,0.02950818867924528,0.09121821028895784
site_d55e4a9082082245,5,0.06016179220207963,0.057830117194652565,0.016586705104358727,0.08287425173116195,0.06861728094211186,0.01658670510436201,0.8279686333060519,,0.018097206204831046,0.2891505859732628,0.028253385144174095,0.034340708,0.02354165621944354
site_d583e7eb857a6d07,415,0.0687601116480745,0.017176012775122405,0.0665803089434444,0.08165805495321894,0.06406617287866041,0.06658030894344609,0.7845664817189593,0.6059019213732142,1.9621004758501033,7.128045301675797,1.3154617932142443,2.767235744578313,1.7033569205371375
site_d5dd2bb3b8af01ea,43,0.09510555733350554,-0.042945775172045064,0.0848571000599765,0.10177320782100992,0.03408469284040533,0.08485710005997651,0.33490830809175826,0.6225048384530181,0.3889378825358184,-1.8466683323979378,0.09285473074070937,0.4453847906976744,0.049955950299065466
site_d5fa35b8748ecd00,221,0.12580401616180786,-0.11103730738923559,0.0591385394661452,0.060033626254582965,0.04785978644289388,0.05906733517859681,0.7972163174007878,0.4186357124884866,3.497689756619331,-24.539244933021067,0.2658238116759697,0.7964920181617647,0.5062135739974294
site_d65f83745aba7368,108,0.04821653080054596,0.026376318604857833,0.04036240403265183,0.03172314651309605,0.03798809650159938,0.04036240403265366,1.1974882909523812,0.34035702974342197,0.25108205498351976,2.848642409324646,0.04429781142539449,0.10868666666666667,0.15585431138800132
site_d68e520b86217ecc,289,0.08228232358101054,0.07659661863831912,0.030055594937815237,0.04461660394612093,0.050696029931294295,0.03005559493781526,1.1362592722770852,0.8084828614523214,1.956640043654245,22.136422786474228,0.5284928566492759,0.5752953494809689,0.7427552732796645
site_d6e0f79187805dc4,57,0.04580581965002905,0.023665229061193636,0.03921900110013288,0.089119622819205,0.07062293023462891,0.03921900110013287,0.7924509552503389,0.9049870097172098,0.11959586748722627,1.3489180564880372,0.32466559887350654,0.4527115087719298,0.28429310167073996
site_d735284ea202b77e,489,0.1346938792911325,-0.10353835831312558,0.08615247806254323,0.07610930634956983,0.0438460215499393,0.08357050432279947,0.5760927756791613,0.10953718108749082,8.87165370694365,-50.630257215118405,0.1787468414078232,2.832594364863196,0.9400895932155358
site_d74ec077de336965,56,0.032968370549021346,-0.009285040173147404,0.031633866119091684,0.033292132275187354,0.021767935142185526,0.031633866119092253,0.6538462289605038,0.4012051903549349,0.060867153572824365,-0.5199622496962546,0.016282212411984805,0.0620685,0.026535208019846157
site_d7943e43ff597b33,72,0.05967922938690338,-0.030394490087860167,0.05135937492331466,0.07444795778401095,0.04340715460181534,0.05135937492331487,0.5830536645175485,0.7409538009315528,0.2564359502554535,-2.188403286325932,0.17240018746759742,0.3990598861111111,0.13566103708506466
site_d830d9e3fbd26651,704,0.08937410119671536,0.07872296739945356,0.04231340648713229,0.06944315061280372,0.08493973776602082,0.04231340648713275,1.2231550126465587,0.8685865370435915,5.623361895163386,55.42096904921531,3.606833419287154,3.3949352215909094,5.079190372439309
site_d8459840bc683e6d,9,0.06083596135304887,0.05697437840037875,0.02132919125611919,0.04536999606799494,0.041493864686902714,0.0213291912561233,0.9145661953489448,,0.033309127743746905,0.5127694056034088,0.01496359327601062,0.018525928888888887,0.01549566725989493
site_d8c17cfcfd29e789,109,0.08075817404242121,0.037891989417032354,0.07131675688564015,0.10371761736159257,0.07725224076350526,0.07131675688564015,0.744832389411525,0.7263208519689923,0.7108852115385934,4.130226846456527,0.6343349307597229,1.1725505124770643,0.6505020486251016
site_d8f779aeecdbd8d2,131,0.12015699270792209,-0.0877525940487403,0.08208035778630982,0.09065674437343546,0.04308071208262769,0.08208035778630984,0.4752069179229355,0.42726400252866914,1.8913390794561251,-11.49558982038498,0.21860021873432717,1.0766425343511452,0.2431291557145605
site_d93f1ce9d07f856a,55,0.07477456879871242,-0.038091013366525824,0.06434524721954625,0.10731925031234286,0.05665109770789964,0.06434524721954687,0.5278745196506851,0.8706321568802312,0.30751798764683563,-2.0950057351589204,0.29112758178263903,0.6334581818181818,0.17651407793304952
site_da42d7233341c5fa,34,0.12223953886082337,0.07876799090048847,0.09347785015931481,0.1138287907280751,0.08308313241131349,0.09347785015931487,0.729895590385303,0.5879980485115902,0.5080451652708294,2.678111690616608,0.1890687643312356,0.44053778235294117,0.2346954343033789
site_da8bcad340f647ba,6,0.06904031291544627,0.06655031864643098,0.018374435923892703,0.06655862077897948,0.07372043888231779,0.018374435923892703,1.1076016603036365,,0.02859938884477642,0.3993019118785859,0.028581399640440937,0.02658029999999999,0.03260821865400931
site_da99bb912bf39167,787,0.08121661563962931,0.037161718436541674,0.07221596318542375,0.08023980321932427,0.059187000733956247,0.07221596318542375,0.7376264442246557,0.4976025669339727,5.191161122236807,29.246272409558298,1.8598312138080635,5.067041278271919,2.7569405309786124
site_daa49998006715f8,95,0.17062000987099563,0.09770810002527737,0.13987249535855514,0.07487550960800315,0.13788604953899786,0.13987249535855514,1.8415373766519214,0.24479119177672082,2.7655628379959714,9.28226950240135,0.2400930078382555,0.5326024842105264,1.8061934524597423
site_dabd51f8216ca183,414,0.054847234533282,-0.02073220207552979,0.050777898076311105,0.06775277996840244,0.0408735484590982,0.05077789807631115,0.6032748542297484,0.6649145689391196,1.2454027222828201,-8.583131659269332,0.7623170833756094,1.9004418260869567,0.691647842946235
site_dad0353659cda19f,170,0.05389872868073671,0.013011296305235695,0.05230467590815404,0.07133913570920959,0.05599567079817627,0.05230467590815623,0.7849221923072366,0.687039327309657,0.49386240207794385,2.211920371890068,0.4665657063514871,0.8651762882352941,0.5330375751834142
site_daf47f9c44bf482f,99,0.05338290337994738,0.01687839172584842,0.05064439027198975,0.052974494924817705,0.06315184049671826,0.050644390271989845,1.192117840601301,0.6321443191682812,0.28212370295400696,1.6709607808589935,0.2093650913297227,0.27782341414141415,0.3948273408541716
site_dafe0965d62ae39c,205,0.04944261089765859,0.036940321361146326,0.03286311656116177,0.05842314617955921,0.048427199626342815,0.03286311656116201,0.8289043434515733,0.8267988379807032,0.50113721333734,7.572765879034996,0.4795435074131663,0.6997191219512195,0.4807647010481799
site_db96cd85e659d65b,81,0.06949368890572724,-0.012068743467330934,0.06843769596388934,0.06763450176041677,0.06036513998089579,0.06843769596388946,0.8925199182323926,0.4328753571069114,0.3911791966158058,-0.9775682208538057,0.1431536378401113,0.37052849209876537,0.29515996011796464
site_dbd5f7c9c3a46705,3,0.04741545268516564,0.008837046035130821,0.04658467313089317,0.05837128289378834,0.020005777829361134,0.04658467313089324,0.3427332215014599,,0.006744675460017545,0.026511138105392462,0.002455959063768387,0.01022162,0.0012006934396732727
site_dc096381800c2a0d,61,0.023425076650558742,0.0038854474353008585,0.023100595540203425,0.028580942169699603,0.033293169740172726,0.023100595540203994,1.1648730662024447,0.7312635488500765,0.03347278718115769,0.23701229355335238,0.04244587071647898,0.0498290855737705,0.06761454423222513
site_dc3fa845eee493af,75,0.08012624676341858,0.04003697528203328,0.06940645525207365,0.08920098255562485,0.0470559268283539,0.06940645525207373,0.5275270011629107,0.6377489615746987,0.4815161565294185,3.0027731461524962,0.20076823154648146,0.5967611466666667,0.16606951872565467
site_dd81667799d2704b,215,0.07672488508572697,0.06122753654247107,0.04623739569178158,0.0658336481338303,0.08565256132948021,0.04623739569178188,1.3010453431862217,0.8452595348615624,1.265642218154872,13.16392035663128,1.0247473758192256,0.9318248837209301,1.5773176713945791
site_ddb8d9051d38fd31,29,0.03287542342870071,0.01966015023404154,0.026349040938737786,0.04800322026455042,0.040941964839060783,0.02634904093873779,0.8529003807124945,0.8360567098667112,0.03134301050287454,0.5701443567872047,0.04765108439274903,0.06682496551724137,0.0486110900616038
site_ddd5a78c36a9e7a3,382,0.05666032997094595,-0.02619293821482134,0.050242641054098924,0.07588470319358175,0.03705842211996573,0.05024264105409894,0.48835167774761884,0.81920655020055,1.226370123103094,-10.005702398061752,0.8800309431033296,2.199742484293194,0.524610780308238
site_de08b55dd68ab719,250,0.12830930847757285,-0.11206468026971816,0.06248828752685408,0.10030286408672485,0.04987330739528229,0.06248828752685442,0.4972271514815404,0.8639017064775782,4.1158196604982376,-28.01617006742954,1.080403157063186,2.5151661359999995,0.6218366976360798
site_de0c25f31478d5ae,20,0.06106512594922723,0.05126508548974991,0.03317891826029924,0.04058414838332819,0.0486515383385124,0.03317891826030008,1.1987817972422519,0.737713934810414,0.0745789921438997,1.0253017097949981,0.029132046657800677,0.032941462000000005,0.04733944365407483
site_de2dd333b47cf663,29,0.060514009390439535,-0.012712710701186082,0.05916360637363272,0.10077300518059006,0.06710678011607361,0.05916360637363273,0.665920203489169,0.8249981926986728,0.10619641464267994,-0.36866861033439635,0.16179369977733185,0.2945007586206897,0.13059627818886455
site_df32de3b824705c1,130,0.07492591189074777,0.06811228088415586,0.03121873580749154,0.03443732322305598,0.0489475387511536,0.03121873580749154,1.4213514341434919,0.7733587322005872,0.7298059954458127,8.854596514940262,0.1694667854845524,0.15417080000000002,0.31146200147343883
site_df4d1a2cf99eda94,136,0.05375049216272305,-0.01886834475748679,0.05032992125811019,0.07668485253944575,0.055437249766083066,0.05032992125811041,0.7229230797251233,0.7551701095214078,0.39291969545195343,-2.5660948870182034,0.43661129218076966,0.7997570588235294,0.41796725798128254
site_df5a72d9e6b0c9b0,180,0.04917024424452398,0.013989445180363127,0.047138183488672526,0.0787738306094663,0.05344615090381118,0.04713818348867325,0.6784759670858069,0.8122971906202984,0.4351883254319059,2.5181001324653627,0.6155819183439016,1.11695695,0.5141683883579322
site_df8e2a9486152870,479,0.04067145623875965,0.010463848722752548,0.039302356449565354,0.05472766722265866,0.03543604150691297,0.03930235644956562,0.6474977521468618,0.697703006013684,0.7923461618864627,5.012183538198471,0.6481242122705908,1.4346613110647182,0.6014865450485566
site_dfda0bf114384539,49,0.08008172118192669,-0.009072551282084717,0.079566141547104,0.07796440841558305,0.04805218159193542,0.079566141547104,0.6163348452000957,0.2744918138620478,0.31424102130553244,-0.44455501282215115,0.05038891123873847,0.29784400000000005,0.11314159563147252
site_dffc4a16666e5428,8,0.09548240701661663,0.09020359722971917,0.03130816341635905,0.050504325309818764,0.07398871682130585,0.03130816341635927,1.4649976287658948,,0.07293512039749472,0.7216287778377534,0.028179263981431724,0.020405495000000003,0.0437946417349071
site_e06c7a98fed0bd3d,30,0.03799719115107904,-0.03326326809873183,0.018366859578151293,0.02199618653817571,0.01571350935293143,0.0183668595781513,0.7143742541762722,0.5691010303440271,0.04331359606114917,-0.9978980429619548,0.005901076014650364,0.014514966666666667,0.007407431285539907
site_e0819506e4cfd43e,250,0.060663630245480014,0.010456679594516754,0.05975561803226484,0.07722653688985412,0.061289333009893365,0.05975561803226577,0.7936304731275012,0.649627589066377,0.9200190086400795,2.6141698986291884,0.7686983067974449,1.4909845000000002,0.9390955851994012
site_e08b0590bf66e62a,111,0.06300271982471202,-0.06043577391354887,0.017800560013144708,0.026312745231973116,0.02689592695451927,0.017800560013144735,1.022163469353153,0.7763760786380899,0.44059704028953883,-6.708370904403925,0.0609884788940216,0.07685202234234235,0.08029638842845482
site_e0a3f27c6c9560a4,56,0.1642967229214373,0.11095120084456034,0.12117443704789213,0.13244723915852033,0.05871841169429439,0.12117443704789217,0.4433343576457406,0.4054779878321121,1.5116311371125182,6.213267247295379,0.1765926074847579,0.982367185,0.19307970482643633
site_e0ceb845349c800e,31,0.04606468683779266,-0.015383146928202727,0.04342020456019566,0.05864159469618785,0.05206889959496684,0.04342020456019592,0.8879175244931005,0.6983507158487618,0.06578061657738117,-0.4768775547742845,0.06610273792714841,0.10660393548387098,0.08404627945595289
site_e0f23347bc3a360e,5,0.16604403676229118,-0.15597255033552646,0.056948974408225855,0.04735145193127663,0.010946195519328041,0.05694897440822586,0.2311691632014741,,0.13785311072158551,-0.7798627516776323,-0.002203016224503517,0.011210800000000003,0.0005990959817367865
site_e112cf24dd2b666b,2,0.11964464568054141,0.1192570400238037,0.00962287092208862,0.011499999999999996,0.001877129077911377,0.00962287092208862,0.16322861547055456,,0.02862968248004459,0.2385140800476074,4.317396879196165e-05,0.00026449999999999987,7.0472271502808326e-06
site_e1c83eb53198657c,16,0.07638242795524718,-0.0029635195598006203,0.07632491632591028,0.08943485735963076,0.03008989942398034,0.07632491632591056,0.3364448752121828,0.57198154628028,0.09334840480541641,-0.047416312956809925,0.024628023249004035,0.127977499375,0.014486432757524037
site_e1d83ae86567245b,279,0.07175740232531999,0.04028266311760017,0.059383767484319935,0.09997047893539995,0.06436717177290882,0.0593837674843203,0.6438617925848122,0.8244832476753875,1.436605815985317,11.238863009810448,1.4802062679878487,2.7883529677419356,1.155934051770039
site_e217e123676f78e8,634,0.1116580339838714,0.10495462885094742,0.03810567458926896,0.044256155423150145,0.0524356337028222,0.03810567458926926,1.1848212570989258,0.701555882816424,7.904405494692904,66.54123469150066,1.0321711907841569,1.2417570236593058,1.7431802622716883
site_e236e8f6fb4c7e9a,128,0.023954922650036868,-0.003824166980944574,0.0236477074168111,0.02586381683905867,0.013957335120080617,0.0236477074168111,0.5396471528905477,0.42179865586945153,0.07345130485366391,-0.4894933735609055,0.019489930180320518,0.08562393874999999,0.024935322067742183
site_e285e97bc06024be,13,0.0503816704684675,0.02316144505464113,0.04474215218531726,0.07495386904761556,0.0703372858648797,0.044742152185317255,0.9384076733943768,0.8121654102257432,0.03299806534951225,0.3010987857103347,0.05566311455816031,0.07303507230769231,0.06431533917689147
site_e3489f2db8b7f610,188,0.07747573762398274,-0.0649594650496828,0.04222271688130995,0.06212729524813025,0.04355160981042895,0.042222716881309956,0.7010060495389047,0.7343241120580859,1.1284681050314804,-12.212379429340364,0.37353585684236057,0.7256425531914894,0.3565876308110121
site_e35bffa822780b41,151,0.10979453194570159,-0.04634684710344731,0.0995329543856976,0.09416377956573939,0.042062316055214405,0.09843466734506855,0.4466931579126884,0.11950676989338802,1.8202807260215286,-6.9983739126205435,0.07147374194182006,1.338889424697879,0.26715500322124086
site_e4206af93f2d6f2c,175,0.0947369376673806,-0.05289510678781782,0.07859513366932146,0.08711951206549892,0.04856985361660731,0.07859513366932157,0.5575083292488038,0.4456753222195589,1.5706402877538024,-9.256643687868118,0.33001893980744057,1.3282166419428574,0.41283036905926584
site_e44008751f3e2871,30,0.01692267462199792,-0.0035919428285956377,0.016537075408853675,0.016486704744530768,0.027713178307780358,0.016537075408853852,1.680941021096033,0.8386501631764886,0.008591307490860374,-0.10775828485786913,0.011495352332610636,0.008154343,0.023040607557564836
site_e443401d44fc1f23,274,0.1233732938027702,0.10348648707231466,0.06716782427007971,0.08025707237598909,0.05319862930289353,0.0671678242700798,0.662852851816823,0.5574073499289744,4.170545676906036,28.355297457814217,0.6520892036186301,1.7648881605839415,0.7754457997596307
site_e473611ef37db918,1,0.06339810299873352,-0.06339810299873352,0.0,0.0,0.0,0.0,,,0.004019319463838025,-0.06339810299873352,0.0,0.0,0.0
site_e4827c2c7a3df4be,641,0.018233811522862835,0.009325480418439589,0.015668672490564903,0.024064894785190544,0.025706997891532954,0.015668672490565094,1.0682364548442969,0.803753162844449,0.21311447677947398,5.977632948219776,0.318724944082314,0.3712153822152886,0.42360468372157434
site_e4a78bd8d0c42b04,2,0.07047397779000479,0.060336253762245176,0.036415903496742244,0.0793,0.04288409650326034,0.03641590349674529,0.5407830580486802,,0.009933163091092177,0.12067250752449035,0.006801417705416679,0.012576979999999998,0.0036780914658018915
site_e4ad3110c632fc3e,37,0.11472335187580465,-0.0941529770396851,0.06554894644602777,0.09002233307843846,0.04089303769256238,0.0655489464460278,0.45425436438012967,0.7442501916979286,0.48697355622792854,-3.483660150468349,0.10137253718188888,0.2998487567567567,0.061872899673837134
site_e526161d153fbae1,108,0.0856354103866471,-0.05112530349802088,0.0686995404229513,0.08910861105679899,0.05114992156820144,0.06869954042295148,0.5740177179464487,0.6403205588436436,0.7920097393056622,-5.521532777786255,0.31519973807533586,0.8575572129629627,0.28256196345478113
site_e580905782041227,176,0.10690266853710946,-0.09859900290898302,0.041308802520884716,0.05287503761013062,0.07998953713898334,0.041308802520885715,1.5128034088368707,0.885183519078961,2.0113597751024965,-17.35342451198101,0.658915706967935,0.49205545,1.1261053851007479
site_e5a46bf8593cb776,159,0.12145863239460893,0.020383895837435936,0.11973594353266401,0.13154045689507898,0.04845901182220984,0.1197359435326641,0.3683962559204302,0.41686571978851805,2.34559970192383,3.2410394381523138,0.4225004805368635,2.7511597962264154,0.37337585645882654
site_e60e5a5f7ff91a10,8,0.16002923816262318,-0.1498888104856014,0.0560598034077987,0.05858643054283132,0.036266287830846664,0.05605980340779883,0.6190219730886853,,0.2048748565352766,-1.1991104838848112,0.006419647674635052,0.027458958749999995,0.010521949064238534
site_e60f7e42ba2fd8cd,702,0.05241850865937148,-0.026052726678698828,0.045485772310444685,0.07753782631007897,0.06651148324226368,0.04548577231044492,0.8577940136763674,0.8111967813816652,1.9288854351509668,-18.289014128446578,2.93679468668439,4.220504385242165,3.105491736966317
site_e621c0e748219561,130,0.09534471521411797,-0.08391432755497785,0.045265885059911776,0.06501725078322125,0.05754609119823955,0.045265885059911797,0.8850895801501691,0.733637822417831,1.1817799135039637,-10.90886258214712,0.35683668548757064,0.5495415769230769,0.43050183958549343
site_e692ba92ac3619b9,78,0.11318477825424343,-0.0922286247357344,0.06561002063570272,0.05932681468080804,0.046512671169939145,0.0656100206357028,0.7840075591482207,0.24976451823075294,0.9992419342200559,-7.1938327293872835,0.053758563756942754,0.2745343333333334,0.16874742919030528
site_e6f2aca5e6ecbaba,167,0.10024631584039648,-0.09113915844363366,0.04174898367336344,0.037831817415747426,0.05050317546433556,0.0417489836733683,1.3349391838445939,0.5858913343759709,1.678237081208612,-15.220239460086821,0.18694309851726193,0.23901815029940116,0.4259453122409047
site_e6f4ed93ce9ba081,116,0.0946182141217366,-0.04856275066527827,0.08120508414753852,0.10986853293969592,0.06938799800554996,0.08120508414753862,0.6315547877901972,0.6749816634863331,1.0385023474560684,-5.633279077172279,0.5969083401555645,1.4002469655172414,0.5585045349973117
site_e722a68e19572b18,15,0.021226687242884915,0.01786761440118154,0.011459520361600797,0.01038992246789594,0.016943756400828913,0.01145952036160097,1.6307875687411348,0.7490181164410448,0.006758583769608798,0.2680142160177231,0.001977905722061793,0.0016192573333333332,0.004306363214559461
site_e755ae9494167172,176,0.1313276066667237,0.07178011860061774,0.10997524651707283,0.13551439769330695,0.05337979397556889,0.10997524651707288,0.3939049642265821,0.6303109700587008,3.0354614880145054,12.633300873708723,0.8024719595695422,3.2320907488636363,0.5014948232578558
site_e7895d956d62a46d,90,0.03562721010595581,-0.02373461923599243,0.02657001975265314,0.03150423056051166,0.014511131029648664,0.02657001975265332,0.46060896493810416,0.5437060583756848,0.11423682899405281,-2.1361157312393186,0.022370558279090458,0.0893264888888889,0.018951563138366906
site_e7920aa397fb1716,99,0.05140086907804592,0.008014238148024589,0.050772249594489754,0.09645427835761575,0.06275399451505384,0.0507722495944907,0.6506087193186593,0.880874103212822,0.2615628848558633,0.7934095766544342,0.5278516804538291,0.9210393535353536,0.3898683189319454
site_e7d7202b18581b5a,73,0.2785832501630476,-0.27260954280013905,0.05738174313931464,0.058260075884856294,0.036035499326304794,0.057381743139314885,0.6185281906862673,0.33345445930769885,5.665429790812722,-19.900496624410152,0.05110471609561411,0.2477792602739726,0.09479467645381628
site_e7defe0b5f5d29b7,231,0.0592479178126078,0.002393154495206232,0.059199565679923724,0.10492177169239797,0.06668542367117206,0.05919956567992375,0.6355727948120772,0.8540344124076406,0.810882941744921,0.5528186883926396,1.3803330304514279,2.5429815584415585,1.0272444636770581
site_e7df8a81d2875ad9,50,0.07707948828025289,-0.043295615758895865,0.06377097435043384,0.11438415274853418,0.06308218743683987,0.06377097435043384,0.5514941180315579,0.9005734093489226,0.29706237567728216,-2.1647807879447933,0.32490899005532264,0.65418672,0.19896811859082986
site_e7ee204eaac12eb2,47,0.060237496647614235,-0.02722026648166332,0.053736515471684364,0.09823004475756789,0.05453986242049629,0.05373651547168451,0.5552258736632043,0.9086523914203203,0.1705421321114528,-1.279352524638176,0.22879894198572384,0.4535096595744681,0.1398060398637932
site_e813e7562543b91c,20,0.11965945200148671,-0.09056860575079918,0.0782030185200828,0.10038818406565585,0.03763383248094651,0.07820301852008288,0.3748830883954753,0.7118041271750007,0.2863676890659221,-1.8113721150159836,0.05378380741551519,0.20155574999999998,0.028326106944078888
site_e84e6fd19eaae8f3,84,0.17771753350114378,-0.14967466784602124,0.09581761591123729,0.1077720028923389,0.038580779552700686,0.09581761591123733,0.35798517720081496,0.4716610950667536,2.6530158239533335,-12.572672099065784,0.1647351568550936,0.9756435870238096,0.12503203027510335
site_e894534d7e7a123f,174,0.17063288649201713,-0.1441959193902454,0.0912311283707455,0.09238506886898627,0.022552384383029787,0.09123112837074558,0.24411287082560845,0.1729039999948233,5.066111259751983,-25.0900899739027,0.0626828220514388,1.4850901652873563,0.08849814719662707
site_e8fdb2dcaaa2ec50,118,0.08027588460689339,-0.02919668181265815,0.074778148014976,0.08065588476573,0.054908568619920946,0.07477814801497612,0.6807757273930634,0.44353331216664316,0.7604176826314729,-3.445208453893662,0.2317845228462148,0.7676338661864407,0.3557642071308509
site_e908f29f409c402b,51,0.03602532122212936,-0.033456020840476546,0.01336107924829441,0.02258828295201944,0.018773049582716358,0.013361079248294478,0.8310967957410861,0.8066713082988062,0.06618901222703781,-1.7062570628643037,0.017445556706248547,0.026021756862745098,0.01797379692239147
site_e9578e4592e63187,8,0.022578556944212,-0.008389520525932313,0.02096204138503653,0.018289341158171882,0.029245167970433368,0.02096204138503653,1.599027964840948,,0.004078329869464191,-0.0671161642074585,0.00300149068236351,0.002676,0.006842238796950895
site_e98d1003be09654d,174,0.06142441149037325,0.051193423029335064,0.03394395035169365,0.03720863645046457,0.045622430604653964,0.03394395035169462,1.2261247644855404,0.6814818913193333,0.6564947488873333,8.907655607104301,0.2012916420711868,0.24089997701149427,0.36216467432410515
site_e99ab7a415991029,162,0.10619620799625727,0.09278121452235882,0.05166508322397603,0.04860985967426981,0.052112156648655976,0.05166508322397696,1.0720491068654536,0.47555426967663206,1.8269768040310626,15.030556752622129,0.1951544747904495,0.38279279012345674,0.4399396530329976
site_ea33c67804056e7d,182,0.09443578129285207,0.027969376478876387,0.0901988401686755,0.09435775635973616,0.06136469898358031,0.09019884016867553,0.6503408023992135,0.39145055870694434,1.6230972554872332,5.0904265191555025,0.41251953459211754,1.620416285714286,0.6853439832048669
site_ea99257f5d54ddf2,142,0.10827907706957421,-0.09147385893069522,0.057938688830228645,0.08630036744962383,0.050749292725639744,0.057938688830228825,0.5880541905602391,0.7610542891233779,1.6648589114075083,-12.989287968158722,0.4733110254215942,1.057580985915493,0.3657196811256793
site_eafced833314a87c,939,0.06809694735510705,-0.052964706447019116,0.04280109940253069,0.05705850238702884,0.05996008598121815,0.04280109940253202,1.050852782193753,0.7335003085483432,4.354325390500083,-49.73385935375095,2.3563972576185748,3.0570766602768904,3.375903984311694
site_eb3bc9a7aee9d6f6,324,0.04170986433595372,-0.022248935856936894,0.03528027262022747,0.048606134861892365,0.02811779933485338,0.03528027262022754,0.5784825190224698,0.6982047177856038,0.5636669416672673,-7.208655217647554,0.30917203461737547,0.7654682561728396,0.2561578471769663
site_eb828ca3e955ad1d,72,0.10332451066335767,0.07917442546122604,0.06638798729218319,0.035015998878643116,0.08411872535871291,0.06638798729218424,2.4022940385121623,0.6611294685964404,0.7686687242752066,5.700558633208274,0.14020974996251367,0.08828065277777777,0.509469116830169
site_eba5cbc1dd84d08d,137,0.06440561514901075,-0.05706288370477022,0.029864871773010383,0.04200977355463329,0.031041201572616507,0.02986487177301043,0.7389042821725219,0.7041484025406317,0.5682874069929802,-7.81761506755352,0.12579796916680397,0.24178048715328468,0.1320071987248379
site_ebf4f84d79acafd6,8,0.07275781637936779,0.06801137241721153,0.025848656951980253,0.05560539542166749,0.07979750850863543,0.025848656951980523,1.4350677286532003,,0.0423495987543504,0.5440909793376922,0.03516579719185829,0.024735679999999996,0.05094113891348595
site_ec20e4065643efdb,232,0.06717686713751764,-0.02507303043429194,0.06232234449419219,0.08330052171121309,0.053587177325654954,0.06232234449419228,0.6432994202777192,0.6638329438167845,1.0469537029915137,-5.8169430607557295,0.6874725926692887,1.609842644827586,0.6662078531056357
site_ec919d9a24ddf81b,54,0.1118272023048669,0.10464813677469888,0.03942195638115316,0.04855266327516042,0.052432059844421786,0.03942195638115598,1.079900798588037,0.6977194552262238,0.6752874514680159,5.65099938583374,0.0959145668745041,0.1272975,0.14845252857456748
site_ecbc4520bb039c64,117,0.2816685359990506,0.16002545805772145,0.2317952047503678,0.17172270627834763,0.11460482162153911,0.23179520475036777,0.6673830392340465,-0.282162672890144,9.28244820810627,18.72297859275341,-0.6497047413558277,3.450176478632479,1.5367090212518615
site_ed130293b294c5a2,39,0.070346734422825,-0.04647879982911624,0.052805153256101967,0.054385126389359315,0.017901825420861786,0.052805153256102494,0.3291676715559561,0.25155947927385813,0.19299785871426345,-1.8126731933355336,0.009551745750010016,0.11535193692307688,0.012498538782561519
site_ed8668d708cd9f42,70,0.061382475103523786,-0.03205197194388935,0.05234958781445034,0.09594681881551013,0.07802162643450063,0.0523495878144506,0.8131757508763613,0.8384190181630319,0.2637465774884302,-2.2436380360722543,0.4393440410785377,0.644405442857143,0.42611619340393375
site_ed9138fe753e1f02,20,0.05565094548369341,-0.031027992414236066,0.04619839196304484,0.04288317239897253,0.012217422077440221,0.046198391963044844,0.28490014600069435,-0.13939059030639772,0.06194055466458032,-0.6205598482847213,-0.0014605954275280241,0.03677932949999999,0.002985308044366475
site_eda005e51a299a0e,329,0.2172183930603154,-0.21383663386450713,0.03818015585618256,0.07235669123153658,0.06758254910047438,0.038180155856182625,0.9340193415452723,0.8532804394261628,15.523480163339165,-70.35225254142284,1.3727800385652613,1.722476462006079,1.502674910220032
site_edb67bacc6a2f615,2,0.05415229567848931,0.05412316753864288,0.0017759118318557733,0.07665,0.07487408816814423,0.0017759118318557698,0.9768308958662,,0.005864942254501064,0.10824633507728576,0.01147819771617651,0.011750444999999998,0.01121225815802207
site_edc41c47fa42988f,103,0.023399684953465748,-0.004378939133477444,0.022986303486788633,0.021369083293466096,0.013587933137375784,0.022986303486788685,0.6358687900070327,0.19441184819357651,0.056397161359909485,-0.4510307307481767,0.0058143242377498485,0.047033685242718455,0.019017088475416874
site_ee1921e55841ea0d,206,0.0638411383842535,-0.031238191228468437,0.05567644348349707,0.08555681359390584,0.06094260357463923,0.05567644348349707,0.7123056716897196,0.760838058233684,0.8395923357406654,-6.435067393064498,0.8172126011541745,1.5079134805825243,0.7650841916738598
site_eef5f3ba42e04423,79,0.03132282214036415,0.0017302186434781997,0.03127499848573373,0.029943061386108267,0.04395212311628257,0.031274998485733764,1.4678566947290714,0.7029500729367704,0.07750841576011407,0.13668727283477777,0.07308489559207913,0.07083036708860758,0.15261134098787998
site_eefad9fa85f80180,151,0.05387044355156507,0.04126639328650291,0.034628160123893754,0.03970231760324784,0.05166243971727341,0.034628160123893754,1.3012449357124474,0.7425636533576848,0.43820572795479606,6.231225386261939,0.22998600314182557,0.2380173774834437,0.4030201593086773
site_ef1a0b7a4f85647e,128,0.12624418480123978,-0.0893081461195834,0.08922807424130992,0.10085710807870707,0.05944069543680654,0.08922807424130995,0.5893555404188279,0.47903981192454853,2.040012057104586,-11.431442703306676,0.36759701063670214,1.302036,0.45224912307343273
site_ef1b5625cbf889df,183,0.09593199686813979,-0.002285315852608185,0.09590477232423107,0.12119144356353147,0.047907719077472447,0.09590477232423206,0.39530611789732556,0.6704084251684246,1.6841394882289071,-0.41821280102729785,0.7123083019875112,2.687787976721312,0.42001236713870127
site_f005fd2353ec048d,130,0.11110273472878747,-0.087795274008971,0.06808676468965917,0.08307237396376928,0.045668929284076926,0.06808676468965924,0.5497486962873448,0.5734135494606422,1.6046962963479912,-11.41338562116623,0.2828060879816459,0.897132511076923,0.2711346432540225
site_f059546b5612f674,32,0.13123535522764504,-0.08884584237169474,0.09658744615626894,0.12720319313503886,0.0394814005369247,0.09658744615626898,0.3103805774357508,0.8373188242191488,0.5511269907752377,-2.8430669558942316,0.1345647772338707,0.517780875,0.0498809916274265
site_f07b80b3214910ba,44,0.10988352373817291,0.01775526218793609,0.10843956590541691,0.09835446468331012,0.08897835170823286,0.10843956590541717,0.9046701844673015,0.33318076234621535,0.5312731067211748,0.781231536269188,0.1282953835261816,0.42563843181818184,0.3483544711994153
site_f0ccb43d6f9d9cfd,309,0.042946073028303854,0.03622438939489593,0.023068567392002453,0.025492549272102424,0.027455281983035304,0.023068567392002855,1.0769924062902874,0.6225870763499508,0.569908843262694,11.193336323022843,0.13464733333625262,0.20080985113268607,0.23292188520930673
site_f1050af72de062ae,91,0.1022385978883875,-0.09052702944121517,0.047514080426045865,0.06255148363789058,0.030632127068150217,0.047514080426045865,0.489710639726454,0.6767516790549004,0.9511985117346887,-8.237959679150581,0.11800095012559668,0.35605461758241763,0.08538777599345641
site_f1573be180b99853,119,0.04963542162303443,-0.04157575770040519,0.027113307642808747,0.04469950703262642,0.02969606234584243,0.027113307642808757,0.6643487661769314,0.8078844547574422,0.2931773344838708,-4.947515166348218,0.12761385049022608,0.23776746554621847,0.10494087814293111
site_f2457bdf17f809aa,15,0.08925148466771185,-0.08453005392551421,0.028644327514194858,0.04126600968782365,0.034451825842322606,0.028644327514194923,0.8348717528772425,0.727765991394119,0.11948741273086205,-1.2679508088827132,0.01551985770513614,0.025543253333333335,0.017803924558045914
site_f2e692f63befa2ca,575,0.10070597848493529,-0.026540633869585783,0.09714570940813004,0.1344642444121515,0.06629180998529231,0.09714570940813017,0.493006972040082,0.7313286111112963,5.831474108999743,-15.260864475011825,3.748410119013812,10.396363989565216,2.5268973408975084
site_f35139d0576344b1,63,0.09691291918073586,0.09115356579848695,0.032911112809395335,0.06413612224691127,0.07324780041960592,0.03291111280939537,1.1420678059957616,0.8935552486632414,0.591703175960306,5.742674645304678,0.26445954455009535,0.25914685714285707,0.33801013677755654
site_f39ad74b903eb489,68,0.07734004386215174,0.06456872027761797,0.04257185392146181,0.07388664398366968,0.08751150770326643,0.042571853921462705,1.1844022543858956,0.8742079307354554,0.4067408021527697,4.390672978878022,0.38437467137417364,0.3712280588235294,0.5207619506739225
site_f408269ff3bfc904,433,0.05005054147059448,0.016657165641597457,0.04719741024980166,0.06692052862627104,0.04181058087143848,0.04719741024980166,0.6247795964813235,0.7146007952383534,1.084689551749369,7.212552722811699,0.8657588818150017,1.9391286466512703,0.756937983325473
site_f40d91148ce5f169,100,0.06613242186674573,-0.02018358930182457,0.06297713827141163,0.08172392327831551,0.0529590910339138,0.06297713827141163,0.6480243349742104,0.6373975896886167,0.4373497221961228,-2.018358930182457,0.2758672507140934,0.6678799635999999,0.2804665323138369
site_f41236f6a73e8c51,344,0.08907629185311416,0.06681289167563582,0.05891199603001859,0.08022211993946854,0.05926584227460261,0.05891199603001869,0.7387718290082779,0.6811966164576543,2.7294975049836037,22.983634736418722,1.1141137136398533,2.213842453488372,1.2082793808182173
site_f459e887bba62073,76,0.0656501348285317,0.04384939022911222,0.0488586858146986,0.04930889935297341,0.06250712208609494,0.04885868581469885,1.267664111474953,0.64100177003889,0.32755545542833375,3.3325536574125287,0.15015079411923105,0.1847839342105263,0.2969426636729342
site_f468c03f1fedb166,24,0.0975031552414094,-0.040304358512163165,0.08878301620779394,0.08441858956348944,0.05083537627766799,0.08878301620779395,0.6021822508588084,0.21301768075906422,0.22816476676872915,-0.967304604291916,0.021939717338730895,0.17103595833333332,0.06202165155101014
site_f4812d36f8b87671,83,0.10107966779734108,-0.0778124864891351,0.06451601497612047,0.06853445413576326,0.05139532739986397,0.0645160149761206,0.7499195557617261,0.45085443737644815,0.848019237087729,-6.458436378598213,0.13180959809382994,0.3898486265060241,0.21924281331875428
site_f48c6b207c3fab2d,284,0.12802070747505442,0.12252034386383816,0.03712232322875702,0.04645192347155819,0.03844270833035331,0.03712232322875801,0.8275805490356325,0.6321074138388592,4.654561638045422,34.795777657330035,0.3205729713233214,0.6128098591549297,0.419707077951423
site_f4ae282ac466260d,9,0.12373789951894143,0.11964744292365179,0.03155245123902627,0.022557372669005475,0.03722503237262739,0.03155245123902645,1.6502379474261972,,0.1377996099962368,1.076826986312866,0.004045414129561849,0.004579515555555557,0.012471327316288416
site_f4e6d6d6c1cafad7,124,0.04403735491141413,-0.0022720255034585153,0.04397870538914811,0.04518406323870869,0.06365036662381075,0.04397870538914814,1.4086906325255448,0.7230298970299575,0.24047178982163747,-0.2817311624288559,0.2578482172927789,0.2531583467741936,0.5023697772468447
site_f4e907a8ba8d1abb,25,0.21440129042884742,-0.20641448910522459,0.05797389089050419,0.07287956377476473,0.047169358753889445,0.05797389089050424,0.6472233958434079,0.6072997509105836,1.1491978334388744,-5.160362227630615,0.05219258995336295,0.13278577039999997,0.05562371013132816
site_f5ae0072aa9d0a04,65,0.18530627532716953,-0.16535676208312694,0.08363944589135511,0.10741916563426719,0.04520397559414555,0.08363944589135586,0.42081853203042646,0.6782359042105999,2.2319970189158695,-10.74818953540325,0.2140683884971188,0.7500270144615384,0.13282096161854695
site_f5fb4b6c3b6ce99f,102,0.07124019232960592,0.03046006263704861,0.06439991915605421,0.06258778072467487,0.06510943869441327,0.06439991915605431,1.0402899406328405,0.4919098574283626,0.5176668303222427,3.1069263889789585,0.20446510550759583,0.3995574901960784,0.43240237872435916
site_f617214b073c06c0,689,0.033216375744617284,0.014134586609119254,0.03005896004516634,0.05048433233973089,0.053127646685447026,0.03005896004516642,1.0523591027792172,0.8328642920132825,0.7601927285316361,9.738730173683166,1.5391135466306234,1.7560321223222062,1.9447347743679124
site_f645d63c8edb6a7a,176,0.10172699417632407,-0.03563470715433359,0.09528141996304819,0.11337114285856807,0.04592499343274859,0.09528141996304823,0.40508538835178365,0.5650143188899267,1.8213151165703774,-6.271708459162712,0.5177543416919357,2.262130821818182,0.37120248383644827
site_f65ec349d3fa498b,397,0.14578761534900542,0.14193759938331335,0.033282828462310766,0.026685419576828063,0.03701831458388528,0.03328282846231077,1.3872112625888653,0.49335490995325093,8.437849429292374,56.349226955175396,0.1934820315909926,0.28270831234256927,0.5440311790087029
site_f695cfa2b198ee8e,37,0.026835217631222603,0.02356604979424863,0.012836284603033477,0.0214687688296765,0.012192004815392817,0.01283628460303367,0.567894922718609,0.8496415399047949,0.026644769496657974,0.8719438423871994,0.008228482060305574,0.0170535972972973,0.00549986431248678
site_f6a13c8718860659,32,0.023966204729539548,-0.004200853706337512,0.02359516470118728,0.03236991695135315,0.023835042210619037,0.02359516470118741,0.7363331282696624,0.6864136963129972,0.018380127012422524,-0.13442731860280038,0.016947023413493297,0.03352996875,0.01817949558982372
site_f6e487124edabf8f,133,0.09197618264696399,-0.07814648251587286,0.04850510740843746,0.08439375235256907,0.05587799779268493,0.04850510740843767,0.6621105974675141,0.8367602278737064,1.1251292171829212,-10.39348217461109,0.5248120568126721,0.9472666230075188,0.4152726347634672
site_f7b6fd0b704f24d5,64,0.08228800394748237,0.0028132066346704954,0.08223990188522551,0.08017830495799659,0.03938651915999395,0.08223990188522552,0.4912366154488744,0.192602668493313,0.4333641979942959,0.1800452246189117,0.03892662449236958,0.4114278775,0.09928306505859652
site_f801eca3ddf0629c,849,0.036731936524879105,-0.005293063895188456,0.03634857129887226,0.047011938799655636,0.05589531441956644,0.03634857129887227,1.1889599928598535,0.7636179918639778,1.1455006515767177,-4.493811247015,1.7035991245614643,1.8763939088574795,2.6525189617788008
site_f80bf9d30cd43152,124,0.021399350020252988,-0.0034102846764028074,0.02112586423593586,0.019698500407753276,0.01278515936087309,0.02112586423593592,0.6490422669860131,0.20883406554684664,0.05678359047987339,-0.4228752998739481,0.006521722865882781,0.04811583387096774,0.020269077185482178
site_f8577ef511842081,219,0.07761112108942614,-0.051925001398722324,0.05768258269616791,0.07858698888785544,0.053258213135145185,0.05768258269616802,0.6776975920421799,0.6791547051046026,1.319143459569907,-11.371575306320189,0.6225153557827484,1.3525253461187212,0.6211797613303327
site_f85796d856927f97,73,0.06296721856376306,-0.024792068773753024,0.05788111902489626,0.10187417131815199,0.05477395437203716,0.05788111902489629,0.5376628213345527,0.8985857422888183,0.28943555479693966,-1.8098210204839709,0.3660332755703632,0.7576193150684932,0.21901358366115065
site_f863ed028d428c3e,85,0.13792908551136415,-0.10940767158059514,0.08399044010668023,0.09495401524096084,0.032586930830375976,0.08399044010668026,0.34318644396112674,0.4886110271305169,1.6170767735501024,-9.299652084350587,0.12851060928544575,0.7663825258823529,0.09026218518021523
site_f8923c8bedba827f,29,0.07036343298280498,-0.05111230699769381,0.04835850260811627,0.06536619612398584,0.0618629310369686,0.04835850260811627,0.9464055537150686,0.7123616590974152,0.14357936833264495,-1.4822569029331205,0.08353764733672142,0.12390944827586206,0.11098364485805723
site_f8bf18cf05681ba1,521,0.05082011136137809,0.014525885759068085,0.04869992157793864,0.06413669338200492,0.06454084384241589,0.04869992157793864,1.0063013922155888,0.7135456563071892,1.3455782174858752,7.567986480474472,1.5388656128445595,2.1431415431861804,2.1702361929472698
site_f9474c251f4c85b7,278,0.1156272025876443,-0.10093646939752772,0.05640460197365187,0.06737369251298479,0.02980077111616938,0.05640460197365191,0.44232058544848113,0.5592774958116682,3.7167626939518708,-28.060338492512706,0.3121691576623552,1.2619016151079139,0.24688789663489163
site_f956c78502603f81,228,0.03929195008841461,-0.009784716010093689,0.03805412821695277,0.05377132362069216,0.03685663627147426,0.03805412821695277,0.6854329369212545,0.7068340983058571,0.3519994739191059,-2.230915250301361,0.31938812357710117,0.6592289956140351,0.30971785329248736
site_f9b796db02c200aa,619,0.10275240080070143,0.08930218359842437,0.050824953269641954,0.0436637165351701,0.06653780100925581,0.05082495326964295,1.52386938834355,0.6454822448399947,6.535436583720644,55.27805164742469,1.1608178896694075,1.1801359676898222,2.740485678188193
site_f9f0235d2e05c1c5,86,0.12869336659923014,0.05569821115815363,0.11601591218632717,0.13398621998457327,0.05262159903338909,0.11601591218632759,0.39273888792032324,0.5149689196588252,1.4243305041713703,4.790046159601212,0.3122508618568612,1.5438984145348835,0.2381368108954467
site_fa6684a460ee051b,87,0.018749267981779043,-0.005611033858101943,0.017889979007695858,0.025409193582436075,0.026012496118135053,0.01788997900769604,1.0237434743350535,0.7581630931542654,0.030583549337173138,-0.4881599456548691,0.04359681899008053,0.056169559310344834,0.058868546023751245
site_fa67fc8ac26d4830,132,0.08813434625696076,0.07972737291410113,0.03756606178930266,0.06730838360274266,0.06405820344558136,0.03756606178930333,0.9517121050426047,0.8375744801255599,1.0253315146987245,10.52401322466135,0.47669575361309174,0.5980152424242424,0.5416558525851649
site_fa6f730253456586,123,0.03581980022377073,-0.006318680493036905,0.03525808226347202,0.03858576805590042,0.03992217743516525,0.03525808226347202,1.0346347745969116,0.5970774120772343,0.157816144832714,-0.7771977006435393,0.11312982703794429,0.18312996406504067,0.1960349708932725
site_fa8f84308360a237,255,0.07222574707879006,0.03757775554282993,0.06168039258510492,0.08446777864135166,0.040216799503842535,0.06168039258510503,0.4761200087266671,0.7282442178785212,1.3302224279777848,9.582327663421632,0.6308350345892064,1.8193754352941178,0.41243469539472866
site_faac0be9a66c6585,533,0.09109165372383952,0.06544337768961743,0.06336287315706235,0.0802532364799751,0.07230396564556703,0.0633628731570624,0.9009476603925924,0.6594936556016014,4.4226684385506925,34.88132030856609,2.039682193078366,3.432830187617261,2.7864512178241547
site_fab524c655a9dd78,4,0.07558679647919127,-0.03404470362067223,0.06748571669151383,0.11416458513917528,0.04931841309719851,0.06748571669151394,0.43199397639010056,,0.022853455207946724,-0.13617881448268893,0.021823072826117278,0.05213421,0.009729223481703686
site_fadb31acf1acd232,565,0.055155537269081276,-0.0379728232259244,0.04000247476961532,0.037817834341110856,0.026331957899769793,0.04000247476961563,0.696284130451779,0.2627803535368664,1.7188053096641727,-21.454645122647285,0.14784993828358373,0.8080565557522124,0.39175518386191555
site_fb12f9388775927e,36,0.04175693782553866,-0.02353741519318687,0.03449104148310742,0.058105241896084285,0.04550918178158495,0.034491041483107464,0.7832199005895855,0.8050594432187869,0.06277110683637244,-0.8473469469547272,0.07663811075356272,0.12154388888888888,0.07455908255145638
site_fb318c5726a2f05c,229,0.05936905717994276,-0.035851229152564924,0.04732202783784305,0.06367017176423491,0.0621076391613766,0.0473220278378445,0.9754589541764669,0.7171593013241048,0.8071528536496866,-8.209931475937367,0.6494297213921381,0.9283409868995633,0.883335174863745
site_fb4c3069d7e94bed,118,0.02029570933779457,0.0054965283032191,0.019537246329412776,0.015938574997119745,0.012178419064478006,0.019537246329412786,0.7640845600487348,0.0531874363401748,0.04860606646786051,0.6485903397798538,0.0012182361130492168,0.02997650440677966,0.017501039127384876
site_fb501c568fd614c3,94,0.06862515776598192,-0.023573483545792855,0.064449229257782,0.06920450863485399,0.049044953422654955,0.06444922925778217,0.7086959273337586,0.44797438740370643,0.4426847541701555,-2.215907453304528,0.14292551102589096,0.45019081744680856,0.22610830088565703
site_fb66aa74c523bf6b,430,0.0882683542789701,0.07983009560579475,0.03766242428054049,0.0497236059932219,0.05126582194870354,0.03766242428054051,1.0310157705716652,0.7222416124265657,3.350260017860645,34.326941110491745,0.7916651074269483,1.0631479069767442,1.1301193350327547
site_fbbe7c46acc177a1,41,0.05157675536180127,0.0370251507308425,0.035906822569109195,0.023180152128636305,0.023499337160776994,0.03590682256910931,1.0137697557103766,-0.18336233627439238,0.10906662943969495,1.5180311799645423,-0.004095112949791478,0.02203009756097561,0.022640972726830855
site_fbcf22b1e9843130,94,0.1577511642270271,0.0886529192569408,0.1304840592647424,0.1116111889197399,0.10948735716424585,0.13048405926474263,0.9809711573180956,0.30353684885606225,2.3392304026083526,8.333374410152436,0.34866710998815414,1.1709634042553196,1.1268232496082469
site_fc3e5e33830dc393,21,0.03736506594049935,0.00030331619580586814,0.03736383481420538,0.07398777247755521,0.067906565747306,0.03736383481420571,0.9178079495217403,0.864748611319312,0.029319111207495155,0.00636964011192323,0.09123907795548439,0.11495800000000002,0.09683733510345705
site_fc969b6a7d772c7d,88,0.0697779339849721,0.030981979414820674,0.06252261209155255,0.06332166402843957,0.038533672779281755,0.06252261209155266,0.6085385368580203,0.32487489170737643,0.4284684862665791,2.7264141885042195,0.06975760221938518,0.3528477159090909,0.13066626653174684
site_fca46353b779e0c3,13,0.0868402903924731,0.08619867998820085,0.010536773877273744,0.011665454994842098,0.015726908404005258,0.010536773877274306,1.3481607370616009,0.7423759802324913,0.0980360684608377,1.1205828398466111,0.0017705667488850082,0.001769076923076924,0.003215363423323625
site_fd9f51d6899fafaa,46,0.05837768074508601,0.02753852220721868,0.05147410420607347,0.06476356956877241,0.053445770921421776,0.051474104206073665,0.8252443661967663,0.6357636585013996,0.15676586602205855,1.2667720215320593,0.10122730028370151,0.19293871739130433,0.1313967197517143
site_fdbd79ba7196fbc0,8,0.10369435413171335,0.09732319648563861,0.03578707175239344,0.055083219711178834,0.03404803684590631,0.03578707175239737,0.618119946953581,,0.08602015263034543,0.7785855718851089,0.011650861608795821,0.024273288750000004,0.009274150504481549
site_fe445170e29174a0,133,0.031220344130626135,-0.009301771499877588,0.029802465243646988,0.051508748070784524,0.07161374395671304,0.029802465243647023,1.3903219674122103,0.9343980839759594,0.129636415055418,-1.2371356094837191,0.45841725236177444,0.3528691,0.6820942670251878
site_fe8014b9bedb3a60,34,0.06903717716813855,0.00834138018944684,0.06853140307829728,0.09546928345308234,0.053953700948595175,0.06853140307829839,0.5651419911945847,0.7114099090694682,0.1620484822657283,0.28360692644119256,0.12459015626065872,0.3098890588235294,0.09897406276571497
