physical_site_id,n,rmse,bias,ubrmse,observed_sd,predicted_sd,within_series_ubrmse,amplitude_ratio,r,sse,sum_e,anom_xy,anom_yy,anom_pp
site_0089d624f3191d41,19,0.02524862665681567,0.005648317685252742,0.02460873128346368,0.027497469034878458,0.02184243249630497,0.02460873128346406,0.7943433800616159,0.5224782484889606,0.012112369813049997,0.1073180360198021,0.005962323550330963,0.014366105263157892,0.009064745289757148
site_008c2bef2cb4aaa3,42,0.025081895572422446,-0.003317850315854664,0.024861483358550585,0.04564469529547525,0.05280792217065062,0.02486148335855073,1.1569344877604093,0.882430057481441,0.026422262391247994,-0.13934971326589587,0.08933445145402635,0.08750440476190477,0.11712441904722273
site_00edf1317915280d,216,0.10909496215546807,0.10238723372640432,0.03766384390310769,0.0416768380074971,0.046330202560513005,0.037663843903109874,1.1116534932947366,0.6382738674483159,2.5707695258238505,22.115642484903333,0.2662071866686973,0.37518310648148145,0.4636413365684038
site_01183702de237e95,654,0.08703917352416808,0.060847308296676075,0.062236828331941024,0.08191912268218,0.061521207168702526,0.06223682833194124,0.7509993412330004,0.6569930346287584,4.954584793961739,39.79413962602615,2.1654524648835944,4.38882570030581,2.4752977411973474
site_01e54199a3b60966,138,0.050542571704631806,0.014927896454368815,0.048287777562914316,0.06063687222785308,0.04286324596250941,0.048287777562914386,0.7068841842871392,0.6122094244982655,0.352528114523463,2.0600497107028963,0.2195841279577302,0.5074025777536232,0.2535415839130759
site_026dbe6171ec07f4,71,0.057063103298068685,-0.027875026017427446,0.04979137156710789,0.0623497612794217,0.03115671362318226,0.04979137156710791,0.4997086273282238,0.6123329887833857,0.23119004081843006,-1.9791268472373487,0.0844563762766742,0.276011983943662,0.06892259706958635
site_02b6ac3cafd20e22,104,0.0658208615744694,-0.048188285534026536,0.044836089879655996,0.050130688072770435,0.04996665935934856,0.044836089879656,0.9967279780165043,0.5987309408267519,0.45056812511416805,-5.0115816955387595,0.15597285488127158,0.26136093221153844,0.25965337294345026
site_0312a18810484838,58,0.13969373402350627,-0.11588486524902539,0.07800664927841301,0.057037839204077095,0.054937232918859984,0.0780066492784131,0.9631717064578603,0.029739471406470517,1.1318316808749465,-6.721322184443473,0.00540494257597059,0.18869227586206894,0.17504977452530224
site_0322f6b7744e5e7d,83,0.022179747771052093,-0.004800865632941925,0.02165393498563084,0.048264746403469304,0.055176400109565954,0.021653934985631274,1.1432029425435837,0.920933141212166,0.04083112052856169,-0.39847184753417975,0.20355866092432695,0.19334731686746987,0.2526881157112255
site_0430e77fe9702577,394,0.09156665896025393,-0.06711566326957064,0.062289170624026266,0.06308981520330414,0.03873357563308095,0.053251746183671116,0.6139433997114069,0.5411614655187175,3.3034744950585195,-26.44357132821083,0.5210386398438057,1.568247964260504,0.5911142132414993
site_0472cafe265e9bf9,112,0.12775345372869082,0.11203995691239833,0.061383979951422786,0.05345248029673131,0.0901734484514668,0.06138397995142395,1.6869834281007352,0.7490076488487789,1.82794583323618,12.548475174188614,0.4043438258061984,0.3200027767857143,0.910700090230486
site_047754da87a40137,94,0.07368068402510021,-0.07066352964297254,0.020868847040586523,0.02643204199540929,0.009325845957006283,0.02086884704058655,0.35282351468062867,0.7101700483904888,0.5103112606502257,-6.642371786439418,0.016455427092702143,0.06567336734042555,0.008175311864498179
site_04a0ab31c36d8277,117,0.07861489993685575,0.03978683251641755,0.06780346930941204,0.0971675470643278,0.06014749793461034,0.06780346930941224,0.6190080922264192,0.723937890541625,0.7230953915735755,4.655059404420853,0.49502368070414443,1.1046592676923077,0.42327341641189276
site_04a334aa2f23d43d,112,0.06624080786953677,0.020418481543660164,0.06301531749233749,0.09028436569669096,0.052302763870676956,0.06301531749233873,0.5793114175092878,0.7322889755689549,0.4914385982473952,2.2868699328899385,0.3872912713099005,0.9129418691964286,0.30638486015332056
site_05aa898de0a23cc1,66,0.04269446715888911,-0.023842603573293403,0.03541677259192652,0.04924598588518144,0.05746234726148302,0.03541677259192658,1.1668432711542882,0.7902955323862625,0.12030595671477641,-1.5736118358373645,0.14760044302655892,0.16006103030303032,0.2179268092847515
site_05ff70d4d3251126,56,0.09544410102020395,-0.020932554853813987,0.0931203767542151,0.1301280165895516,0.06373743614664519,0.09312037675421513,0.48980563768742535,0.7429658817634502,0.5101362794950742,-1.1722230718135833,0.34508199323447686,0.9482648392857145,0.22749780292666966
site_0616304fbe5abc7f,91,0.06201116276050179,-0.015276654587997188,0.06009998445514332,0.11940051015747982,0.11230742227004711,0.060099984455143446,0.9405941576122456,0.8671956685189681,0.3499299719287594,-1.390175567507744,1.058213101004179,1.2973398461538461,1.1477790958217833
site_062fed1c5ac99ce7,88,0.0863023784192064,0.004928279632871801,0.08616154931680445,0.09858150901895621,0.046946852622717944,0.0861615493168054,0.47622371669813396,0.4860003565000808,0.6554328458314476,0.4336886076927185,0.19793436568230388,0.8552116249999999,0.19395261346376946
site_06fbc9bb474fb230,264,0.09218522656355,0.08266653989977908,0.040796558403513324,0.042388523924692556,0.0372422437476773,0.0407965584035134,0.8785926071368246,0.4812398338211352,2.2435026230952833,21.82396653354168,0.20056245030417588,0.4743517575757576,0.366163965911412
site_0749a2df9169c11c,244,0.10111225527014127,-0.050996672279033504,0.08730995122137607,0.12497917536826818,0.06293408468469888,0.08730995122137608,0.5035565685183553,0.7601259749122965,2.4945799124586676,-12.443188036084175,1.4588108164436016,3.811229803278689,0.9664105596846075
site_079486718438a070,226,0.08094898824137242,0.026190601489185235,0.07659498084689716,0.10253387561981735,0.06776118961964371,0.07659498084689904,0.6608663645066304,0.6648119014249055,1.4809189455902185,5.919075936555863,1.04389212164085,2.375982216814159,1.0376968130192643
site_088275f9ba9853b1,86,0.12263019080273288,0.0912978237756463,0.08187106369252636,0.08186361730849549,0.027468625134298773,0.0818710636925268,0.3355413068394693,0.16749955420528098,1.2932820778830618,7.851612844705581,0.03239216382454994,0.576342058139535,0.06488918154210221
site_08cce474c4f1c65e,101,0.07484232868592446,-0.03899392498424738,0.06388151514683132,0.13094279995895935,0.07926911629408058,0.06388151514683149,0.6053720885678742,0.9320464141221061,0.565738790476327,-3.938386423408985,0.977112464924924,1.7317477029702968,0.6346428726024916
site_08db8db92cc27df6,416,0.044106967163943515,-0.008270565469820912,0.04332461539599166,0.06347767054392484,0.04608960588372633,0.0433246153959922,0.7260758860367059,0.7308851564388176,0.8092966137988957,-3.4405552354454993,0.8895419788298448,1.676236497596154,0.8836887365351638
site_0902e4bb7164303d,146,0.05656625176702811,-0.020162278551516467,0.05285095422584033,0.06793365152536904,0.033119077519017937,0.05285095422584078,0.48752093808250535,0.6486135183824112,0.46716216248973835,-2.943692668521404,0.21306005881703266,0.6737872273972603,0.16014350117376502
site_097bbf563f897742,21,0.042636473917962714,0.013893232300167993,0.04030939102009212,0.06067051643612284,0.02861876173566128,0.040309391020092136,0.4717078972913086,0.8279309899535787,0.038175247071299406,0.29175787830352784,0.030188529876726017,0.07729914285714289,0.017199703988933557
site_0983900925777e9a,101,0.053975395344303574,0.0037852054875675972,0.053842506646614774,0.06572609390238202,0.05488130361883409,0.053842506646615045,0.8350002314201895,0.6144575907977814,0.2942476735599607,0.38230575424432733,0.22385949992111856,0.43631186138613853,0.30420770617716786
site_098c5f4a8213f315,52,0.08074400637988091,0.06501246673384539,0.04788500533000802,0.04125759330326376,0.03836680753365632,0.04788500533000822,0.9299332428734093,0.27835455923757624,0.33901891744626095,3.38064827015996,0.0229119069412279,0.08851382826923078,0.07654461985688064
site_09d142dad852325f,523,0.044019894880978294,0.013364125223791165,0.04194223768869763,0.06482218046550325,0.06100999274382243,0.041942237688698286,0.9411900726833838,0.7794302882680608,1.0134438490088342,6.9894374920427795,1.6121430525566036,2.197601586998088,1.946720649236462
site_0a639c884418ac75,179,0.06717620546078393,0.0654848828765267,0.01497907523036841,0.02607977763824632,0.023151557332050796,0.014979075230368415,0.8877206567167486,0.821296207425006,0.8077630218395928,11.72179403489828,0.08876401588533012,0.12174770949720672,0.09594303463496306
site_0ad0f907a285c78b,99,0.02631008323232482,-0.00534058928489685,0.025762348219483113,0.04790816343017889,0.04774770456231481,0.025762348219483224,0.996650698829273,0.8549352051656959,0.06852982748949411,-0.5287183392047882,0.1936111730078254,0.22722402020202023,0.22570448580603975
site_0b0ed8efdae8e576,91,0.07540601835741025,0.028649944499298766,0.06975133177728718,0.09835363969989684,0.04847534815570435,0.06975133177728773,0.4928678623751551,0.750677382133868,0.5174321520111462,2.607144949436188,0.32569125390295145,0.8802828982417583,0.21383720347232416
site_0b38093eb399bd08,170,0.0762620958353687,0.013593138357891756,0.0750408811967595,0.07589725955043725,0.04776631319776308,0.07504088119675953,0.629354913216862,0.33250480963903656,0.9887042344045035,2.3108335208415984,0.20492487080389965,0.9792669812352942,0.38787551500615525
site_0b499005763b91ab,135,0.04636206398251367,0.021263431944493896,0.041198391214470595,0.04105325728377326,0.062157074382051904,0.04119839121447064,1.5140595045212202,0.7546906705837579,0.2901745318570233,2.870563312506676,0.25998059637110543,0.22752494103703705,0.521572755924351
site_0b5d986a46425a8d,144,0.056721822558279025,0.036661517329514025,0.04328161620631366,0.04989857769070733,0.05164680851033416,0.04328161620631372,1.035035684392912,0.6371424603677848,0.46330058222393633,5.279258495450019,0.236445306006819,0.358541,0.38410456741964993
site_0b72a3f0c80e88c1,80,0.08966125456441788,-0.04118585487529636,0.07964211152560167,0.08590768787447081,0.03863517229429041,0.07964211152560198,0.4497289270634837,0.3811233790003186,0.6431312456052278,-3.2948683900237086,0.10119765783562323,0.5904104668749999,0.11941412305676041
site_0bcb08d77ff25c9a,123,0.09356196046481692,0.05850969690229835,0.07300997065073471,0.101546749476787,0.052544114275328686,0.07300997065073729,0.5174376781734403,0.7255087114505645,1.0767223748604557,7.196692718982697,0.47614348328130507,1.2683443065040652,0.33958872523239236
site_0bf83088dda14a95,57,0.08124938141562686,-0.0766081703498698,0.027067512188365932,0.03429183320502716,0.03245218592386233,0.02706751218836613,0.9463531952297276,0.6723416339269438,0.3762833328840547,-4.366665709942579,0.042648083422333,0.067028,0.060029229160504904
site_0c4d512642175d8c,82,0.0826418710207896,0.058787371094633896,0.058083765766336344,0.0907497162824984,0.05632866837588655,0.058083765766336636,0.6207035204445026,0.7858962854513883,0.5600336653569795,4.82056442975998,0.32942294767099184,0.6753119024390243,0.26017934824204936
site_0cc518f8eb987b6e,366,0.0781651323349243,-0.03920096064428163,0.0676244970221717,0.060518452887148,0.05048731100294942,0.06515113432606602,0.8342465577746312,0.32185187324438636,2.236182376134659,-14.347551595807076,0.35992099769865904,1.3404688291865465,0.9329224974649246
site_0cc8f0bf6d22e691,356,0.11817315743572715,0.09882279719939728,0.06479930471861527,0.0649383079578163,0.07784190378426988,0.0647993047186156,1.198705451870346,0.6011365269632365,4.971502669245179,35.18091580298543,1.0817764761038542,1.501246247191011,2.1571328665743925
site_0ce5386aeb45589f,400,0.039736443839210864,0.03020889708772302,0.025814869856927786,0.0460423107043945,0.03779702598426515,0.02581486985692819,0.8209193979627443,0.828065359345799,0.6315939875947036,12.083558835089207,0.5764204085050151,0.8479577500000001,0.571446069302086
site_0d5442a09f1a2d6e,357,0.13444982442071202,0.0713639694883042,0.1139470892372099,0.12121564115778115,0.055045064519390056,0.11394708923721113,0.4541085951749435,0.3551425638400443,6.453401637373425,25.476937107324602,0.8459564183831048,5.2454837030812325,1.0816954086759418
site_0d5e4db658745469,47,0.0361644133924612,0.004730869387312138,0.03585364236533047,0.057639846275628945,0.03812777675016659,0.03585364236533112,0.6614829707879986,0.7941549391014989,0.06146964541297887,0.22235086120367045,0.0820289958415989,0.15615053829787237,0.06832518591579556
site_0d7b03db25fcc113,73,0.07672101303772741,0.06231217235408418,0.04475831786439306,0.04879072462602647,0.06404460967191983,0.04475831786439309,1.312639034628243,0.7166801570498155,0.4296863104320651,4.548788581848145,0.16348130341216108,0.17377904109589043,0.29942497804608537
site_0da833e2b1888903,55,0.09234260267136175,-0.07275240214694631,0.05687041629854655,0.0796117640295756,0.04242040982238639,0.056870416298548304,0.5328409731836529,0.7259464434794656,0.46899359474665425,-4.001382118082047,0.13484019701432098,0.34859181345454543,0.09897201432245684
site_0dbafc8a640ef8c3,279,0.09681148702166198,-0.015776830907790886,0.09551730537369864,0.1067653435399822,0.056220577470945055,0.09551730537369867,0.5265807761850286,0.4528211959633706,2.614917461397374,-4.401735823273658,0.7583270619701741,3.1802759641577065,0.8818501793954632
site_0dc29dbfcf3d5b45,16,0.06267617843547044,-0.03237293585389853,0.053668392629873864,0.09213167801440501,0.04186000691770509,0.05366839262987387,0.4543497721941,0.9542274981825614,0.06285285349239886,-0.5179669736623764,0.05888167924340815,0.1358119375,0.02803616286640509
site_0e03bfb1bac21c69,145,0.06298298360531684,0.05444545030059485,0.03166305679167862,0.05988983783069082,0.038527918994509525,0.03166305679167895,0.6433131294065004,0.8816394441453278,0.5751941524550035,7.894590293586253,0.2949766937729614,0.5200849379310346,0.21523807859688576
site_0e7b99291027b045,131,0.06632062120250258,-0.007218014212965055,0.06592666431351785,0.09203751423507633,0.05368208220638222,0.06592666431352005,0.5832630602046779,0.7090343635470557,0.5761936483658443,-0.9455598618984222,0.4589155915445499,1.109688427480916,0.37751133945167403
site_0e88bbb351409588,121,0.06335098130835161,-0.014102186743878135,0.06176143749761579,0.048021335160093395,0.04530469656855411,0.0617614374976162,0.9434285077146947,0.1250438950391456,0.4856149667604649,-1.7063645960092544,0.03291738449726715,0.2790318842975207,0.2483543792714198
site_0e94595e2d8280b9,63,0.07204705765461,0.04161441621818238,0.05881342431372769,0.07008050055705249,0.04039590933645163,0.0588134243137277,0.5764215297458578,0.5447058819690518,0.3270190465512619,2.6217082217454903,0.09714874585308725,0.30941042317460316,0.10280525794048567
site_0ea793c6917b8d1e,142,0.07378587615713438,-0.04183752168819937,0.060778098845434586,0.054577722511885814,0.03865161702628936,0.060778098845439006,0.7081940258293462,0.18456782041703498,0.7730984838791879,-5.94092807972431,0.055287557578643017,0.4229793468309859,0.21214054482206568
site_0ed7401c57e72edd,149,0.04321698215091751,-0.02433003621765431,0.035717739064508994,0.05783183408977834,0.06511696136865827,0.035717739064510146,1.1259708842636817,0.8376609232325036,0.2782884243886757,-3.625175396430492,0.47001921921049383,0.4983336340939597,0.6317925800252127
site_0ed89141fd172a0b,19,0.040047771311146764,0.03682575713458814,0.015738093863433406,0.03126168080862911,0.04487955405067606,0.015738093863433892,1.435609119209228,0.9778187205385332,0.030472655752808282,0.6996893855571746,0.026065904872982125,0.01856856105263158,0.03826931306396353
site_0f170214c09c03f1,20,0.11048897384950973,-0.059639250803589824,0.09301060749131873,0.130831361970286,0.04513229929954509,0.09301060749131874,0.3449654472739907,0.8893559963847122,0.24415626684635292,-1.1927850160717965,0.10502796609159559,0.3423369055,0.04073848880127437
site_0f333b36a4874c91,102,0.08886944451790948,-0.05654487186904047,0.06855986897767226,0.13807256587995165,0.09449032233037842,0.06855986897767251,0.68435262087136,0.8926517028302726,0.8055733732300229,-5.767576930642128,1.1878919402553754,1.944531411764706,0.9106989434380786
site_0f556398a37eba54,17,0.21479058821604485,-0.2111228741309222,0.03952377518523916,0.050312791854770424,0.029042526910176624,0.03952377518524014,0.5772394224118761,0.6202790256768479,0.7842949453653074,-3.5890888602256776,0.015408091003579252,0.04303340941176471,0.014338962278581668
site_0f5c2c2840148780,191,0.06532689187059143,-0.00833911462978543,0.0647924530224257,0.06924151015778757,0.05020324693072775,0.0627407868296815,0.7250455227843037,0.485932386192031,0.8151121350811413,-1.592770894289017,0.32263208113420894,0.9157278652258206,0.4813899064560365
site_0fabc5d0b4df5f64,317,0.10616202545357863,0.09915401867752194,0.03793225841554787,0.04014546811777349,0.027722591454912314,0.03793225841554794,0.6905534486130147,0.4229102620908561,3.572709080544789,31.431823920774455,0.1492030967304571,0.5108957794952681,0.2436278384013848
site_0ff1990da553fc4d,975,0.06277314102729821,0.026851461077225518,0.05674034078547036,0.056202421944953874,0.054909080184737134,0.05674034078547038,0.9769877931331238,0.4786504776741158,3.841955553572242,26.18017455029488,1.4401983602960906,3.079744426666667,2.939631909565545
site_1053b206858b1513,880,0.08588624503448263,-0.0664047920778055,0.05446880460618364,0.06806196826388455,0.05521147009376771,0.05446880460618372,0.8111941441320959,0.627213478114818,6.491273435788409,-58.436217028468846,2.0741104026026624,4.076539741079545,2.682509658325205
site_1055453212517d95,143,0.08255892512493743,-0.05206483126186824,0.0640720646105478,0.09560491294354456,0.0531253181912773,0.06407206461054783,0.5556756086650924,0.7735090834531702,0.9746845848432585,-7.445270870447159,0.5618019084112419,1.307062811188811,0.40358881890819753
site_108f541d7e13b076,361,0.05430404913596998,-0.019687776436931207,0.05060949724637914,0.08593626697125445,0.05368633239001038,0.050609497246379156,0.6247226494952169,0.8351328740950429,1.064563640674825,-7.107287293732165,1.390922721412002,2.6660001551246535,1.0404822450621347
site_10a7b62e4edfa545,50,0.11089000351816442,-0.08338298826646805,0.07310177937651427,0.0911019013852071,0.03623597034455781,0.07310177937651464,0.39775207535286106,0.6465491431500489,0.6148296440129258,-4.169149413323402,0.10671829586997629,0.4149778218,0.06565227734058365
site_10d7d76e5b99709b,40,0.05863918087894427,0.03428236351311207,0.04757386978277451,0.0606743561976557,0.03579937368391718,0.04757386978277483,0.5900247802761255,0.6214480594650003,0.13754214136614173,1.3712945405244827,0.05399399140104652,0.14725510000000003,0.05126380624642968
site_10dfc2a732e16d10,6,0.019304917381662585,-0.008186994431416196,0.01748293331488679,0.06679038520292839,0.06209040708879347,0.01748293331488719,0.929630917685906,,0.0022360790106769096,-0.04912196658849717,0.024031563752144575,0.026765733333333333,0.02313131191471257
site_10ec1b51ff0dc0c8,84,0.1271736612371278,-0.11654415049013636,0.05089794788582533,0.044927618785166164,0.04062619401607199,0.05089794788582552,0.9042587859004363,0.2954073326127762,1.3585437694462825,-9.789708641171455,0.045291853779838194,0.1695532380952381,0.13864096177944796
site_11d0ddb199b9f010,2,0.017453180724800392,-0.013688092485070233,0.010828187361359598,0.0020000000000000018,0.008828187361359792,0.010828187361359758,4.414093680679892,,0.0006092270348250879,-0.027376184970140466,-3.531274944543842e-05,8.000000000000015e-06,0.00015587378417454556
site_125ba37c83dbcda5,409,0.04903610897143601,-0.013886869127359832,0.04702865986712919,0.03803221699319482,0.0624233370051518,0.04379751663847409,1.6413278514981477,0.7213055684980783,0.9834568530709458,-5.6797294730901715,0.7003920640243638,0.5915978575317398,1.5937392581692302
site_12aaba88bfb65c8b,227,0.06761124866219145,-0.03631033174109354,0.05703368087816551,0.07802533013998211,0.057864364684714294,0.05703368087816565,0.7416099948683609,0.6847787378353486,1.0376807746649757,-8.242445305228234,0.7018154561362735,1.3819651365638765,0.7600606269829937
site_12f6f97179080a87,406,0.05966361589668405,0.023395076461026235,0.05488549406946964,0.06934672900402701,0.06074092032384351,0.05488549406946967,0.8759017360475105,0.6512073762988776,1.4452573071180224,9.498401043176651,1.1136601855174222,1.9524413423645322,1.4979205171257273
site_12f79a44d2a41795,112,0.1977542933942857,-0.158131578298871,0.11874832420114931,0.08819210550072622,0.048301705818473734,0.07829780018785445,0.547687409708979,0.46719676034462637,4.379957182257802,-17.710736769473552,0.22289997762863162,0.871118916936937,0.26130213591713053
site_13345716e1eac548,38,0.06062950840890391,-0.05259331559899607,0.030164224574978665,0.04952444204744566,0.02698710436661312,0.030164224574978672,0.544924955252576,0.8496287120114411,0.13968561701640328,-1.9985459927618505,0.043150780641914986,0.09320147368421054,0.027675544479589823
site_13471aa5ce158e45,113,0.03870018613031942,-0.012397101036109755,0.03666082776509355,0.07406047423873999,0.0661925539342387,0.036660827765094446,0.8937635711170524,0.8692323304281533,0.16924059793691454,-1.4008724170804023,0.48151513378359706,0.6197997844247788,0.49510432418609235
site_136f0d570907389a,58,0.045469235419582664,-0.02058338403444866,0.0405435034417579,0.04404887635035534,0.026967212986464564,0.04054350344175791,0.6122111440930551,0.43091993760191744,0.11991217943920299,-1.1938362739980222,0.029688993966977655,0.11253760344827587,0.042179373422925895
site_139d8263042fc17e,25,0.04949565573762083,-0.022481667233705524,0.04409528971772393,0.03391627338019317,0.0342288448071125,0.044095289717723925,1.009215972032525,0.16260143409688527,0.06124549842242695,-0.5620416808426381,0.004719160519242284,0.028757839999999996,0.029290345420734817
site_13a4a69bc620b9a3,67,0.0657051822035707,-0.03936170936342495,0.05261013974885154,0.06772633727709822,0.045890128990322715,0.052610139748852085,0.6775817331234971,0.6314303948665996,0.2892504548830965,-2.637234527349472,0.13148528549342012,0.30731940298507465,0.14109556389614664
site_14144d0d858434fd,21,0.025974170250297062,0.011217064047143573,0.023427227628417664,0.04125019068189282,0.03678343086761118,0.023427227628417664,0.8917154141485615,0.8257184317844596,0.014167807924019754,0.23555834499001502,0.0263105222449771,0.03573314285714286,0.028413436514238957
site_14672231a55d516b,109,0.08285754861387151,-0.02512456329612557,0.07895650499787248,0.11655873747981593,0.0684386630656396,0.07895650499787248,0.5871602982787187,0.7543859139958714,0.7483256964907087,-2.738577399277687,0.6559434810973842,1.4808673818348626,0.5105397156411234
site_14af94b228986e6c,11,0.05075333752633179,0.04775456929098476,0.01718727383543694,0.09379196955880077,0.09858430467756597,0.017187273835438024,1.0510953671333318,0.9852680269327952,0.028334913970679353,0.5253002622008324,0.10021217965321107,0.0967662690909091,0.10690751641635071
site_14d94a059a5aad1d,372,0.133919229467808,0.12661578705698573,0.04362112434579667,0.04719982917498008,0.05834547375764371,0.043621124345796736,1.236137392390644,0.6770798822380619,6.671581927905525,47.10107278519869,0.69363411889051,0.8287504811827957,1.2663602825774474
site_153d5fe2ea0a30b2,107,0.10154972061343817,-0.023762251852383124,0.09873044689239113,0.09541664076087732,0.06588651546262442,0.09873044689239113,0.6905138866473193,0.2940878974021559,1.1034209959634065,-2.5425609482049945,0.19782519040242463,0.9741638807476636,0.46449052241931116
site_1540ed4ad947cd80,639,0.08372928296769167,0.07416272683919688,0.038864929873324704,0.04208249465567663,0.06053912964002389,0.038864929873324704,1.438582245072717,0.7704078085269561,4.479768815995336,47.389982450246805,1.2541780160866527,1.1316283317683882,2.341926193028265
site_15a7df29fffec944,41,0.05493238832455068,0.04254510100585659,0.03474883692212867,0.05262709326825448,0.03024096454040773,0.03474883692212886,0.5746273005476739,0.7780881106763106,0.1237202587686085,1.74434914124012,0.0507712269025605,0.1135540487804878,0.03749515338970211
site_15fd0f8efa3618ec,756,0.15183984796821576,0.14791681736140025,0.03429219404886536,0.03447419682666433,0.0335417688802745,0.03429219404886621,0.972952873968955,0.4918882668285538,17.42983660984422,111.82511392521859,0.42999992296742223,0.8984835066137566,0.8505379962710196
site_162f5acccb1ccdb2,7,0.06393813100386335,0.057776725482940675,0.027384933608393263,0.08241799387443081,0.06409370294189265,0.027384933608397315,0.7776663799842494,,0.02861659217387035,0.40443707838058474,0.03552777858823539,0.047549080000000014,0.028756019297625057
site_164f38fa74238777,27,0.06556401457036648,-0.02635669740041097,0.06003302848204809,0.07479114036863327,0.039211699054874226,0.060033028482048584,0.5242826738782989,0.6013779656780551,0.11606328017774713,-0.7116308298110962,0.04761865140773633,0.15103029629629633,0.04151404825479066
site_165766e1d399cf97,157,0.06764291917684823,-0.061122218304227115,0.028976524020938494,0.058285950012353316,0.07428936841234624,0.02897652402093852,1.2745673425002269,0.9326182466231251,0.7183636288182025,-9.596188273763657,0.6340070777635286,0.5333685591082803,0.8664689106795331
site_165c41e6efa0bc8e,45,0.07338036329010349,-0.026961102022594875,0.06824790615333774,0.07344546827324706,0.04163975664402884,0.06824790615333969,0.5669479359721961,0.40387939139564216,0.24231049724644052,-1.2132495910167693,0.055582412601047085,0.2427406564444444,0.07802412000182746
site_16e59e7364e5ed25,142,0.05370321934327741,0.002655334054584236,0.053637533210343764,0.06632083633875623,0.06754803551862844,0.05363753321034829,1.0185039762406476,0.6790647061718719,0.4095330790321674,0.3770574357509615,0.4319785881006801,0.6245803732394366,0.6479086685444764
site_17476f5e1149b6dd,119,0.04229340301709787,-0.03322940827773399,0.02616368407312561,0.03744841300707971,0.01927288901284203,0.026163684073125647,0.5146516892237448,0.7546283081467796,0.21285910071323294,-3.954299585050345,0.06481272664062303,0.16688365277310924,0.044201865857257924
site_179c7b165166f05c,71,0.1179050494111046,0.061484145012707776,0.10060467478547575,0.15497239334112836,0.06747046538703332,0.10060467478547575,0.4353708678842945,0.8821394812834117,0.9870136480410864,4.365374295902252,0.6548829062098769,1.705167431549296,0.32321072266754314
site_181ff8c89ef12a6c,94,0.08232050178621221,0.05820969370831834,0.05820907637746481,0.04288316742016048,0.05505662390492075,0.058209076377466265,1.2838749378162118,0.3138288419796837,0.6370065113473743,5.471711208581924,0.06964936162055807,0.1728628085106383,0.2849357925659417
site_182cb9b0a7d4c94d,1,0.06309929869174957,0.06309929869174957,0.0,0.0,0.0,0.0,,,0.00398152149539063,0.06309929869174957,0.0,0.0,0.0
site_183b638a356ad6ca,93,0.1113132508149274,0.09836664832920157,0.05210222935216995,0.06885529523773322,0.0451034084468029,0.05210222935217026,0.6550463300037654,0.6537731375364005,1.152329502049785,9.148098294615746,0.18882379770326999,0.44091780645161294,0.18919152317727916
site_18793582c71deee9,486,0.08484264668384389,0.05519072501338068,0.06443802114293211,0.07015747129618724,0.06051055625551304,0.06443802114293254,0.8624962550325203,0.5219152279117583,3.4983615024113095,26.822692356503012,1.0768155296550121,2.392126398436214,1.7795023253188815
site_18be3f84accd05c4,1182,0.031817313430731076,-0.007792281897439167,0.03084836748971041,0.05485124564095864,0.056708655816936536,0.030848367489711787,1.0338626799496224,0.8475872872259861,1.1965875749281674,-9.210477202773095,3.116289228543614,3.5562351133671743,3.8011602838743763
site_18bedc0a241bdc83,127,0.01900924851097434,-0.00419709327258463,0.018540116963309723,0.02294682958567427,0.012692033121964598,0.01854011696330974,0.5531061741918477,0.5904176748272078,0.04589164417690147,-0.533030845618248,0.021838205992653383,0.06687273748031496,0.020458138505668896
site_1929ba01621eda50,217,0.09798015610748781,-0.05884932680283822,0.07833816263929368,0.08892729570559497,0.05462197966346389,0.07833816263929468,0.6142318759393836,0.48943587128552374,2.083224085013947,-12.770303916215894,0.5158911191109687,1.7160498709677419,0.6474326637312222
site_194102884b72b2f0,88,0.04310096512170759,0.03203933889622038,0.028830087712592795,0.04704843534693839,0.039541141554094515,0.028830087712593114,0.8404347830595306,0.7917555890725384,0.16347700110919358,2.8194618228673938,0.12961886020512742,0.19479286363636364,0.1375881650352827
site_19bcb346c9572bcb,74,0.1210026221642915,-0.03514641744671641,0.11578585367520262,0.08038934647717337,0.06517555737449383,0.11578585367520296,0.8107486903504122,-0.257286433100011,1.0834809582269374,-2.6008348910570147,-0.0997543533921242,0.47822108,0.3143411426516194
site_19cb1bd872c4d23c,70,0.20907136168643675,-0.20217531796761923,0.053253873869540454,0.053252233851774536,0.033736814063541176,0.053253873869540724,0.6335286169862142,0.3167156956330709,3.0597583994194597,-14.152272257733346,0.039829928293717766,0.19850602871428571,0.07967208362105649
site_19feb3f9e9d0726a,57,0.032546543449310086,0.00514471281411355,0.03213735241985757,0.03404281843835552,0.017150051841209588,0.032137352419857844,0.5037788475788152,0.3598855432862568,0.060378816958376276,0.29324863040447235,0.011976507827508868,0.06605806877192981,0.016765083854902052
site_1a0cd59d1873112a,14,0.10479454609667686,-0.04818566028986659,0.09305933071991282,0.13098356338698003,0.10873981522898366,0.09305933071991293,0.8301790882549204,0.7133616145860628,0.15374655648251948,-0.6745992440581322,0.14224701581682478,0.24019371428571426,0.1655408638244691
site_1a52df5386240d07,520,0.04892324905911033,0.032725490838977,0.03636655809734778,0.06093857365918064,0.04304124481191323,0.03636655809734788,0.7063054191690766,0.8089475692591155,1.2446118352198645,17.017255236268042,1.10331831134893,1.9310250750000002,0.9633253525787049
site_1a9dbac658ebe085,81,0.10285454034428874,-0.01577256335373278,0.10163799837997305,0.09384853557693087,0.052003625252405324,0.10163799837997323,0.5541229272541622,0.12105836008323402,0.8569035740242285,-1.277577631652355,0.047856499162905006,0.7134113580246914,0.21905454019080134
site_1ae2faafa57e844c,288,0.04493028628933465,0.012123551764008072,0.04326372751702042,0.05689688689912418,0.04263165226743134,0.04326372751702077,0.7492791713370098,0.6561165293320911,0.5813944202999731,3.491582908034325,0.45834672890820854,0.9323296527777778,0.5234278392147409
site_1b2f4be319c8a70d,152,0.06043468791738059,-0.045372594871019065,0.03992091104097653,0.060973029719586645,0.06632710495719125,0.0399209110409766,1.0878105493892605,0.8065097252438842,0.5551574285580204,-6.896634420394898,0.49577202108031826,0.5650919736842106,0.6686912975043442
site_1ba2419bf83859ca,145,0.07351179142227791,0.015916341374167076,0.071768053863634,0.07518436354245599,0.046699458837670405,0.0717680538636347,0.6211325950947182,0.38205947426535497,0.7835776043263115,2.307869499254226,0.19450839556903673,0.8196398355862069,0.3162217210810345
site_1c7e765219227837,159,0.0668964625823294,-0.006664858144784123,0.06656362649329513,0.10815436669192725,0.06744943995997103,0.06656362649329571,0.6236404689243632,0.8098804820081681,0.7115467362586105,-1.0597124450206756,0.9393781702737762,1.8598813584905662,0.7233588851952844
site_1ce5634596e14607,319,0.03278172161748903,-0.00939699290912353,0.031406015291221355,0.049508104260382296,0.05042368436735812,0.03140601529122148,1.0184935400103472,0.8026143644501934,0.34281056583388875,-2.997640738010406,0.6391583745180627,0.781885711598746,0.8110727945120868
site_1cedce47f64df34a,254,0.1052469930697521,0.08108553395918973,0.06709743462143346,0.07596983462422138,0.04782232638420383,0.06709743462143347,0.6294909896902249,0.4894401127655691,2.81354010575701,20.59572562563419,0.45165326748811824,1.4659396062992127,0.5808916248025187
site_1d1f4a4194ae00c3,182,0.06203727683318439,0.0322389855833499,0.05300256149879659,0.08642897312384384,0.04669570460622063,0.053002561498796605,0.540278368682114,0.8475494256486974,0.7004495164716426,5.867495376169682,0.6225478075616635,1.3595340659340662,0.3968489668181974
site_1d6a4da433bfddd7,6,0.07563740274166311,0.01190021878480912,0.0746953913329211,0.08422522715249207,0.039592332023667985,0.07469539133292113,0.4700768803150271,,0.03432610016102728,0.07140131270885472,0.009246120472749076,0.04256333333333333,0.009405316530434193
site_1d92331b9f8c002c,75,0.08096581704272464,0.0019363757718404108,0.08094265858165389,0.10982142218873127,0.05356056025009607,0.08094265858165468,0.48770594281733765,0.7121409720187516,0.4916597647046969,0.1452281828880308,0.3141661652847528,0.9045558578666667,0.2151550210728128
site_1dab76a1b26190f6,1016,0.030663126033185537,-0.00428360126296601,0.03036244486774635,0.03612319055400619,0.025040860631996734,0.03036244486774647,0.6932073343454878,0.5583135726414624,0.955270934897053,-4.352138883173466,0.513106181631752,1.3257630541338583,0.6370774164101412
site_1e0ab3dca10c0e53,65,0.07323755282393048,-0.016024961922718933,0.07146285565952017,0.06311185899307777,0.07841638684232899,0.07146285565952021,1.2424984478896406,0.5077078926991008,0.3486430443364704,-1.0416225249767306,0.1633221437885211,0.2589019384615385,0.3996934321513761
site_1e115354ece8fb9b,39,0.07201965425881157,0.05303518978754678,0.04872472928357476,0.04699525064481482,0.039614697337774625,0.04872472928357478,0.8429510811034577,0.37701471800492703,0.20228639338279147,2.0683724017143246,0.02737368239920873,0.08613358974358976,0.06120364556137603
site_1e3671cb73e4a59d,71,0.1795767327317048,-0.16810171908291296,0.0631633990532773,0.052473938478076076,0.03156983177851891,0.06316339905327759,0.601628783623874,-0.07227074565179206,2.2895940086401834,-11.93522205488682,-0.008500350112373567,0.19549950957746481,0.07076245377520274
site_1e4554eec29098a5,97,0.04069656894374911,0.02963273483207545,0.02789465450879839,0.03270554823780097,0.03678224597392576,0.02789465450879844,1.1246485063171316,0.6834984548513435,0.16065244020795247,2.8743752787113186,0.0797570255814293,0.10375632989690721,0.1312345610319786
site_1ead9d05e7924900,21,0.14487630949379335,-0.13775583059787752,0.044860630722608846,0.042266424171496904,0.05927188024799458,0.044860630722610095,1.4023395972059922,0.6560587026052249,0.44077204610336934,-2.892872442555428,0.034514867221244735,0.03751546285714285,0.07377627155078481
site_1ebbce006aed7c73,31,0.060941330225014176,-0.015353133291198362,0.05897564775173667,0.054305153131242526,0.03578007535104814,0.05897564775173678,0.6588707201428249,0.19328872945743084,0.11512921761742101,-0.4759471320271492,0.01164261452546043,0.0914205393548387,0.03968662755592717
site_1f03845600024bcb,415,0.11714833975320472,0.09984859374402517,0.061269828090773235,0.022812113734234734,0.06803806861393201,0.061269828090773235,2.9825411799444743,0.4495800945008394,5.6953494053768985,41.43716640377045,0.28958274198896194,0.21596290120481929,1.9211091939963598
site_1f2f25947066509c,400,0.12589742655698513,-0.09520140430256724,0.08238236845642762,0.09433676294928717,0.03425014270439502,0.08238236845642763,0.36306251808541434,0.5084484817494697,6.340064805468588,-38.080561721026896,0.6571284973061644,3.5597699375,0.4692289101085692
site_1f80e745021951bc,179,0.15649121532072707,-0.13662098425843197,0.07631649318997466,0.08837868265780333,0.04759251923034249,0.07631649318997469,0.5385067733428175,0.5054049421986179,4.383620584587911,-24.455156182259323,0.3805210910472374,1.3981316871508382,0.4054435717176029
site_1f87127a283de97d,2,0.030560938675649605,0.0124237621307373,0.027921695995330828,0.07280000000000002,0.04487830400466919,0.027921695995330828,0.616460219844357,,0.0018679419454736318,0.0248475242614746,0.006534281063079836,0.010599680000000004,0.004028124340671013
site_1fa5a52b4f99f39b,10,0.09820754828083471,-0.05365241164505482,0.08225655757446981,0.15297964864647848,0.07563496840607727,0.08225655757446995,0.49441196312891617,0.9661235819863195,0.0964472253933248,-0.5365241164505482,0.11178640040893108,0.234027729,0.05720648445788305
site_1fe95dec232c15f6,833,0.029520271614244514,-0.007898453764912603,0.028443995223988987,0.021987651489445755,0.03727489401017259,0.02844399522398909,1.6952649093999343,0.6489934476199383,0.7259148813369157,-6.5794119861721985,0.44307839654905706,0.4027195294117647,1.1573849636501772
site_203c950b486649d5,44,0.0647016723459215,0.05807869570932605,0.02851616224288421,0.03830572879441239,0.04523864155368746,0.028516162242884214,1.1809889271780771,0.7792409798833702,0.18419748179179524,2.5554626112103462,0.059415224858695125,0.06456246977272727,0.09004752634341279
site_20551d8a0ce0f349,48,0.08477047234046527,-0.01398593546003103,0.08360877101197836,0.06525920270219664,0.041765717821332336,0.08360877101197842,0.6399973657650355,-0.18111402866489537,0.3449295830796281,-0.6713249020814894,-0.02369490882422154,0.2044206497916667,0.08373000888629556
site_20c84fb12b0c9692,116,0.05641590779401271,0.0029990206659354013,0.056336138732325604,0.07747374126510456,0.05038131716229148,0.05633613873232561,0.6503018485953,0.6874688876854976,0.36919953965781516,0.34788639724850656,0.3112684362864122,0.6962529479310344,0.2944401458048591
site_20e55f2eceb79ec1,659,0.08249243865768215,0.06967755389683887,0.044159267641623846,0.044946196275520954,0.02533729237826862,0.044159267641624665,0.5637249528959154,0.3126487086916306,4.484496605120667,45.91750801801682,0.23463629958508408,1.3312858088012138,0.4230637557557717
site_2266e199c1b4f8b1,182,0.08112281572664314,-0.07284505275789198,0.035700273389973274,0.06535172949187187,0.08159095482067212,0.035700273389974856,1.2484896031836465,0.9052160327485311,1.1977258441182397,-13.257799601936341,0.8784614871768015,0.7772944356593408,1.2115892713559107
site_228e3c936ac52751,419,0.08176917572473949,-0.03596106654668765,0.07343704645155624,0.08282325804289989,0.047268207572886314,0.07343704645155658,0.5707117624907107,0.47267735515367376,2.801517003356694,-15.067686883062127,0.775354415113662,2.8742109785202867,0.9361647643573028
site_237e685bbdd8644d,293,0.07220033100751144,-0.03661934342343653,0.062224685494027474,0.09238469387604381,0.06290709252418203,0.06222468549402749,0.6809254854336256,0.74164125342363,1.5273761246951056,-10.729467623066903,1.2628772415013034,2.5007349771331056,1.1594895709248776
site_23d2f2404f4bbe4e,117,0.08965572104740488,-0.0728604303710481,0.052244674395346066,0.07626167795162501,0.04880386747580269,0.05224467439534607,0.6399527100198398,0.7345988180862484,0.9404633530340191,-8.524670353412628,0.31988706761216507,0.6804536923076921,0.27867264522969826
site_23e0c01fc0e0a37a,340,0.07569995482479948,-0.0616752189395007,0.0438936274331632,0.07566476276596505,0.07517532950794713,0.04132572724305683,0.9935315563001001,0.8498998663322581,1.948364274562072,-20.96957443943024,1.6436740290114136,1.9465531503061224,1.921452256653665
site_24a155d00f2ce6ce,294,0.05843034704980405,0.0001243764052585683,0.05843021467417657,0.07451103477539117,0.06716051902072248,0.05843021467418273,0.9013499708220889,0.6642760020987274,1.00374700417,0.036566663146019085,0.9773059258395109,1.6322569251700683,1.3260973826490507
site_24bc1a63008e8e56,630,0.05388665001596128,0.0434702785381249,0.0318450299695343,0.034156578567099354,0.03716679143874267,0.031845029969534346,1.088129812701523,0.6041543413793611,1.829375761463901,27.38627547901869,0.4831899381227791,0.7350032714285714,0.8702633430861273
site_24bea14e8249e50f,135,0.0714639144782069,-0.055319293027012426,0.04524231306575739,0.06072831051673292,0.033461693577338164,0.0452423130657574,0.5510064958602499,0.6792932493174166,0.6894572947940433,-7.468104558646678,0.18635033770247744,0.49787023925925916,0.15115746650359602
site_257ba699ad2936b5,31,0.051509382479657584,0.044998154652503224,0.025067559939193483,0.020917484185269484,0.029648789620025023,0.025067559939193487,1.417416614609146,0.5548481336221988,0.08224971098650534,1.3949427942276,0.010667244293660887,0.013563775483870968,0.02725057250390761
site_25bb1d03fe665fce,56,0.09171438244586198,-0.06867333856437888,0.0607906285363791,0.07371731159002765,0.0346273570616972,0.06079062853637912,0.4697316860152769,0.5754435311222253,0.47104556505584677,-3.845706959605217,0.08225827028416098,0.3043175535714286,0.06714701599638317
site_25c3911a44e2e266,323,0.056398260471098846,-0.008906545278088596,0.05569054888735851,0.06399540981400864,0.04639949046831258,0.055184471690800915,0.7250440399266839,0.5393427050849694,1.0273867022855891,-2.8768141248226162,0.5172843832660452,1.3228182301559208,0.6953908071772466
site_25db0a3f364cf3fa,37,0.027122645643170913,-0.017993625996886073,0.02029451478033421,0.02349014060461417,0.026308537000841316,0.020294514780334245,1.1199820998803867,0.673196034029673,0.02721860254734567,-0.6657641618847847,0.015393082149729533,0.020416108108108108,0.025609147407611554
site_26066c2f9061bb32,267,0.21554485424548994,0.20495436272281833,0.0667330007761747,0.05816210348991648,0.08134206672857758,0.06673300077617511,1.3985406621801393,0.5861380869016452,12.404708979186438,54.72281484699249,0.7404001727122604,0.9032156853932586,1.7666139958535902
site_26149aa81404cf67,120,0.06841340488750056,-0.061869238987167674,0.02919916497863966,0.050555396122306605,0.06942268369626836,0.029199164978640987,1.3732002718031702,0.9292506582116355,0.5616472761961302,-7.424308678460121,0.3913659511935339,0.30670176925000003,0.578341081391055
site_261c25e44abd6c6d,260,0.14194928871606402,-0.1274587213412615,0.06248099647930685,0.09202318572884982,0.045313515541932775,0.062480996479306855,0.49241411480201247,0.7935101457443372,5.238896147419091,-33.139267548727986,0.8603018425830684,2.2017493450384613,0.5338618195999356
site_261e3bb708a6a167,65,0.09071763483695784,0.005413838446690483,0.09055594747825658,0.10080146218531866,0.0374978194700796,0.09055594747825893,0.3719967811691229,0.44534240146793197,0.5349298025767558,0.3518994990348814,0.10941585265077078,0.6604607606153847,0.09139562022569425
site_2689516b5f07761f,394,0.07523414024085574,0.0522008516265051,0.054177919369871985,0.07761763262977116,0.042563173436328754,0.05417791936987302,0.5483698999085828,0.7417355935668035,2.2301092879656155,20.567135540843008,0.9654721151122132,2.373651776649746,0.7137797507905748
site_26f018cca8362487,256,0.10245396907780173,-0.07798696917947383,0.06644432570201125,0.09751956935020786,0.05370551294686238,0.06644432570201128,0.5507152390511239,0.7617896110600606,2.687184839627559,-19.9646641099453,1.0213760139700025,2.434577,0.7383762229467141
site_270decc0b97d0896,280,0.10413851608698882,0.08302485105139869,0.06286258538028079,0.08253754216928766,0.08016598093651016,0.06286258538028146,0.971266878435593,0.7018091699994118,3.0365525491840084,23.246958294391632,1.300225601663334,1.907484842857143,1.7994436598636145
site_284ff462bff5925c,321,0.05721691001864352,0.04666146608899316,0.03311317524048835,0.05150318722251192,0.050163543391236805,0.03311317524048927,0.9739891081791234,0.7881453785090928,1.0508817082581774,14.978330614566804,0.653632559324049,0.851477632398754,0.8077583284662039
site_28bd97dda8311cf0,96,0.1494753254041936,-0.11329255399480463,0.0975072823640565,0.1201631630903951,0.06687425444339185,0.09750728236405656,0.5565287457778086,0.5851101246181223,2.144915798850198,-10.876085183501244,0.4513767147467782,1.3861618333333334,0.42932792710651335
site_292d280e566004c1,45,0.14287340512243518,-0.11021457061131795,0.09091511599421898,0.1127679451871337,0.03877034793739627,0.09091511599421916,0.34380645912327734,0.680937736228477,0.9185764451075767,-4.959655677509308,0.13396929805513882,0.5722474257777777,0.06764129456340451
site_29971fce7657be9c,156,0.0562226691125864,0.02674441317182321,0.04945427065722621,0.06579308652922992,0.0697437759056693,0.04945427065722624,1.060047181016264,0.735203975781702,0.4931142094543668,4.172128454804421,0.5262815708580117,0.6752819166666667,0.758814307302514
site_29fa7d91f9cd3f03,186,0.07461737018125834,0.017507551129530834,0.07253438899042167,0.09904484624120609,0.05047562578980246,0.07253438899042199,0.5096239502142097,0.709735459071713,1.035601859494651,3.256404510092735,0.6599682485030303,1.824637971451613,0.4738887165902239
site_2a096aef4be52591,150,0.06708281562427383,0.05354502830823262,0.04041081656624726,0.036816370754809,0.05677904918343005,0.040410816566247336,1.5422228758388277,0.7047152611704297,0.6750156228120476,8.031754246234893,0.22097036146342752,0.20331677333333334,0.48357906392615524
site_2a66162bd2a4e4b1,187,0.0711184777043974,0.005526402917775241,0.07090343251057227,0.0943881143546723,0.056970478712632354,0.07090343251057243,0.6035768285248329,0.6627310210334898,0.9458156818752929,1.03343734562397,0.6664170270160159,1.66600471657754,0.6069338281675948
site_2b657e21e1c1d622,416,0.13288696096850314,-0.10325501868931147,0.08365013754271071,0.10738545052849152,0.06611459449731152,0.08365013754271082,0.6156755330627401,0.6271653722666392,7.346120868504903,-42.954087774753575,1.8523292486060123,4.7971601538461535,1.8183940759062773
site_2c61711a8eb15185,175,0.061446001741017914,-0.04840432079860142,0.03785013682912202,0.057723266627973176,0.03802627740200175,0.03785013682912204,0.658768632189189,0.7620362137595089,0.660731947742506,-8.470756139755249,0.2927172872115459,0.5830957142857143,0.25304961028444806
site_2d0695836558269a,137,0.0336005684753774,0.019510234373111793,0.027355967476489895,0.037942959508294405,0.02416784992775865,0.02735596747648997,0.6369521576848931,0.6954223205180654,0.15467275365598804,2.6729021091163156,0.08736518700157095,0.1972345401459854,0.08001964090790094
site_2e03a5b4a3fc6fe0,33,0.02959829680309558,0.008118270936156765,0.0284631841270665,0.03025205045073522,0.020956754692547118,0.028463184127067796,0.6927383228675598,0.4292053002357433,0.028909952730256556,0.26790294089317324,0.008979618005590004,0.030201156363636357,0.014493123719038659
site_2e6f197ad6e426eb,271,0.06609181996315522,0.05621853854823376,0.03475060559965647,0.020637397606801333,0.04407646981546272,0.034750605599656585,2.1357571654740384,0.6381940508754675,1.183762868497415,15.235223946571349,0.15731994193819837,0.11541949077490775,0.5264812368676104
site_2eadbc791936fa20,822,0.07904613642575581,-0.05303856801972192,0.058610596194344666,0.07744559044861371,0.0653104537837388,0.05861059619434481,0.8433075841428732,0.6749766589725095,5.136095764115821,-43.59770291221142,2.80633794838457,4.9302076125060825,3.5062043169659387
site_2eb90940ae2529bc,146,0.07546725842157832,0.06408761947693892,0.03985077318507591,0.05015914810742728,0.051432713107243455,0.039850773185076425,1.0253904830498426,0.692524770140872,0.8315148356757154,9.356792443633081,0.26084213948800955,0.36732726027397256,0.38621730072551386
site_2ecbb3b2737ff9d4,59,0.06494085462587479,0.05902252940363804,0.027086078016864804,0.035437799735600774,0.03711667419951579,0.027086078016864804,1.0473752455412297,0.7221856159456287,0.24882156137280118,3.482329234814644,0.056044971176236864,0.07409442135593222,0.08128120271434705
site_301436b06877aab0,44,0.07093359786050939,-0.022270019548860463,0.06734702320615095,0.07381237381987941,0.0636806839418759,0.06734702320615105,0.8627372437211225,0.5284497889523333,0.22138931343920432,-0.9798808601498603,0.109293239033019,0.23972372727272728,0.17843009832142404
site_3058377fafc959d8,52,0.04198826689570449,-0.036525425176895575,0.020710091080241928,0.044146887811060555,0.0517058406710122,0.020710091080247923,1.1712227800134491,0.9185661868739484,0.09167675695905553,-1.89932210919857,0.10903187854900384,0.10134528057692309,0.13902168589379715
site_313b58fce7205197,400,0.10040837054179393,-0.04620545207083225,0.08914537045628458,0.10657849208446872,0.0505966385738552,0.07706086285441578,0.4747359207686563,0.7399720287543674,4.032736349943276,-18.4821808283329,1.5961236452210832,4.543589989999664,1.0240079339893329
site_31563788a284dc59,162,0.10625030185184763,0.07899707241853078,0.07105342492033818,0.039447574210730765,0.068107207673377,0.07105342492033827,1.7265246098415368,0.2132967874365606,1.8288385162646148,12.797525731801986,0.0928352060765028,0.25209,0.7514518614044494
site_319d460a95d287a7,55,0.05376001405596737,0.043139014089107516,0.03208059498696358,0.06179279157724702,0.04835148159130086,0.03208059498696361,0.782477702611263,0.8580053180674017,0.1589576511213795,2.3726457749009136,0.14099388292729853,0.21000919999999995,0.1285826174640648
site_323cc8255b0caa4e,56,0.06892468661496662,0.0276129363243069,0.06315170759782456,0.1129061094043025,0.10641396789957498,0.06315170759782456,0.9424996438281299,0.8357860926804307,0.2660342957983961,1.5463244341611864,0.5623403501079551,0.7138762142857142,0.6341402235913793
site_32983262837b2abc,52,0.10303206483033817,-0.09363713419666657,0.042984805253001454,0.06613636844255384,0.0811019055823193,0.042984805253004556,1.2262830193460736,0.8486399038480433,0.5520115319265564,-4.869130978226662,0.23669996576756236,0.227449,0.3420309926323386
site_32a7eff6ca5c3a9e,91,0.19277166098025944,0.17597765536884682,0.07869420619061772,0.06137889241232721,0.07516277412275202,0.07869420619061916,1.2245703884297605,0.34941989533702045,3.381643108215016,16.013966638565062,0.14669349966271894,0.34283052747252757,0.5140992778583335
site_32aa1fd33af84607,47,0.08570515996404642,-0.05946999594810161,0.06171461760714039,0.06902556982214028,0.046081749497430234,0.06171461760714041,0.6676040431997896,0.48405188769232244,0.3452325988897509,-2.7950898095607757,0.07236502814105851,0.22393287659574465,0.09980579892696384
site_32d33ae0920bdcec,147,0.06985275082206575,0.05907052082188276,0.037283781557684366,0.04051448711343963,0.05986345385271752,0.03728378155768445,1.4775814311829059,0.7906068725594736,0.7172727992192124,8.683366560816765,0.2818707658410275,0.24128927891156465,0.5267940667549367
site_32e9d9454ab82a2b,29,0.10801224110140269,-0.0904099101855837,0.059099004796884964,0.06701844564800732,0.038064206165751326,0.05909900479688604,0.5679661143690387,0.47974514060247386,0.33833268260467875,-2.6218873953819273,0.035491120461759895,0.13025268965517242,0.04201762993983582
site_33d9c76285abfbd1,64,0.07669884401939632,-0.058805109194479885,0.04924095659648566,0.039686363664834544,0.04252562184538098,0.049240956596486175,1.0715424120114652,0.2840467459096598,0.37649361113034796,-3.7635269884467126,0.030680453367577864,0.10080047749999999,0.11573942485352601
site_33e57061030aaa1a,19,0.0990766065109055,-0.09349312503651569,0.0327903877473757,0.02755576868482595,0.031852499241047806,0.03279038774737694,1.1559285318935024,0.39801558959272804,0.18650730519661926,-1.7763693756937982,0.006637579387347947,0.014427087368421054,0.01927705245011807
site_345540dea6a21328,13,0.06478262681384085,-0.003635228762259848,0.064680552322529,0.06610525943859373,0.016915418750369584,0.06468055232252903,0.2558861260666044,0.21126079948663473,0.054558253579717844,-0.047257973909378026,0.0030710086432787095,0.05680876923076922,0.003719708089504614
site_3527ca4be8ad318d,825,0.07552333215028499,-0.0681610393898415,0.03252455085591111,0.05370875985208079,0.06715184112407943,0.032524550855911126,1.250295879275973,0.878400746748363,4.705613301742874,-56.23285749661923,2.6136636251646284,2.3798204800000002,3.7202300572417246
site_360469521723c0bf,302,0.0761929615306118,-0.03853053168271551,0.06573253011297028,0.07636390903574251,0.03600559893118526,0.06573253011297073,0.4715002071768309,0.5104665155451394,1.7532209508151975,-11.636220568180084,0.4238697206265485,1.7610968741721855,0.39151375262679755
site_3611ac9a5b4c6a7c,47,0.04087930207609067,-0.0034896516571653663,0.04073008310254121,0.058791326737815466,0.042606975748258204,0.04073008310254121,0.7247153298354254,0.7211475616339286,0.07854251489672873,-0.1640136278867722,0.08490161809293514,0.16245174468085105,0.08532165597339514
site_365133aa4290174f,670,0.06512337524219887,-0.011606051475966153,0.06408083623107196,0.10243208140498707,0.0668584422269918,0.06408083623107286,0.6527099841176974,0.7925902928455326,2.841506181967281,-7.776054488897323,3.6367697236779466,7.029861971641791,2.9949343690034005
site_3669ed0d65622c4a,171,0.06431683813178457,-0.024931917851013053,0.05928790044807216,0.07838154474022148,0.04318441238299146,0.059287900448073375,0.5509512797446997,0.6637650635974974,0.7073681191032004,-4.263357952523232,0.38419466802548424,1.0505669810526315,0.3188967838597896
site_367fad9034e246b1,37,0.04180203376516803,-0.02444180396118679,0.03391177149644591,0.045173374479553524,0.03134921771069411,0.03391177149644626,0.6939755568821512,0.6614408895095294,0.06465417099545717,-0.9043467465639113,0.034657880887932875,0.07550344918918918,0.03636261768968241
site_36915ea55aeee9ea,33,0.14613313562398145,-0.13166482398365484,0.06339769280226332,0.08376423031934177,0.04776582052260524,0.06339769280226336,0.5702412633710521,0.6596680567572839,0.7047114798007996,-4.344939191460609,0.08709941523589872,0.23154272727272723,0.07529192913652527
site_3697f876563488cb,53,0.047429539739901896,0.022155988871376465,0.04193654011802088,0.039688321573839856,0.02734656497190669,0.04193654011802147,0.6890330426553462,0.2599758925507144,0.11922674571676346,1.1742674101829527,0.014954588333081522,0.08348363207547167,0.039635234635423844
site_36bf0be122b5ada0,62,0.06220587910140631,0.0022686287472325007,0.062164497250327765,0.08161925258993903,0.03314133079096858,0.062164497250327966,0.4060479573057719,0.720086460642062,0.23991342647628425,0.14065498232841503,0.12076438992806977,0.41302554838709676,0.06809756400897693
site_36f59764e16c0acf,11,0.0710058233084459,0.06002076197212392,0.03793856976740006,0.075215719519326,0.09995530367355521,0.03793856976740036,1.3289150766931452,0.9449810498473199,0.05546009638081263,0.6602283816933632,0.07815022665607659,0.062231449090909094,0.10990169005719902
site_37100d9c494e6343,36,0.037104051286497484,-0.018197002695666417,0.03233542507475269,0.015852011400200882,0.025296417999068378,0.03233542507475271,1.5957860085028586,-0.192500037088172,0.049561582387357285,-0.655092097043991,-0.0027789243434866258,0.009046305555555556,0.023036715489009263
site_3744ab32b5fabc06,14,0.20414323857495534,-0.17399833176817212,0.10676629804280106,0.08633790521868724,0.04291721517558927,0.10676629804280126,0.49708427679456985,-0.28376573629191887,0.5834424659821958,-2.4359766447544096,-0.014720448132497923,0.1043592742857143,0.025786423017989613
site_3754c55a59175277,6,0.15388780430597188,0.05514100027084351,0.1436695040822649,0.12887841815706252,0.03526226662167307,0.1436695040822649,0.2736087789244851,,0.14208873788467857,0.33084600162506106,-0.008363556867837907,0.09965787999999998,0.0074605646837877515
site_37c98a51b9f80f45,156,0.08515039888439216,0.047644042893862114,0.0705736183492027,0.10616510744027001,0.05391955311589186,0.0705736183492029,0.5078839405520101,0.8033813646574831,1.1310921071066904,7.43247069144249,0.7174215858515638,1.7582806858974358,0.45354164048192747
site_383a8c8b2965611f,677,0.08120956781877836,0.07126291182201407,0.03894343723864923,0.029614607542098832,0.03570252594754944,0.03894343723864942,1.2055714699847462,0.3003377695171753,4.46481087389674,48.244991303503525,0.21498271582967865,0.5937459113737076,0.8629518330669936
site_386cdfdcf9b17142,388,0.07330890857300307,0.022074430347717906,0.0699064775324052,0.056645076186551756,0.0655031067458427,0.0699064775324056,1.1563777675948106,0.3520356298754464,2.0851880775519898,8.564878974914548,0.5068067734184646,1.2449618865979382,1.664774913422618
site_389215a205727fd3,94,0.131447588062544,-0.11428948769036756,0.0649336693167233,0.04363320016491984,0.06520623012677278,0.06493366931672499,1.494417780046241,0.34081204304504015,1.6241760303012645,-10.743211842894551,0.09114837807305945,0.1789624787234043,0.3996741300504911
site_38bba0231f056806,585,0.07343482023041678,0.03713213203870333,0.06335517021154571,0.0522732394217771,0.052231033330868724,0.06335517021154634,0.9991925870411851,0.2649347312407098,3.1547136010300734,21.72229724264145,0.4231582319024027,1.5985075623931624,1.595927293044037
site_38d8c6108ca3a5d7,59,0.061557496108922666,-0.037079274584883345,0.049137080941574596,0.06676530857553956,0.03141947211305097,0.049137080941574686,0.47059577471288666,0.722289295773224,0.22357019430480174,-2.1876772005081175,0.08939493954093275,0.2629987793220339,0.058243810443904476
site_38eb3791b353069b,415,0.05012626973164878,0.012335918976958979,0.04858464798888547,0.07905803546385205,0.07497489171038546,0.04858464798888551,0.9483525775778537,0.8022903170021151,1.0427468106421536,5.119406375437976,1.9735199126731378,2.5938217831325305,2.332812270598371
site_38fe9bf25990ebba,147,0.09350075452767898,-0.003656717228727278,0.09342922196162402,0.09193691571855366,0.07527471778627955,0.09342922196162655,0.8187648802219768,0.38939674327937157,1.2851314912950564,-0.5375374326229099,0.39614001685678457,1.2425022813605442,0.8329436212571925
site_395c4ccb7a4b9df2,171,0.04582902326581706,0.024159306309446262,0.038943899293023436,0.04738580500444651,0.04303334311817854,0.03894389929302391,0.9081484025467215,0.6327712605423836,0.359151192868295,4.131241378915311,0.2206460746364461,0.38396588222222217,0.31666953400749714
site_3987775e61ab1836,60,0.2456377990623175,-0.23972948513627051,0.053550931686368666,0.05935917929576407,0.030309563860330672,0.053550931686373024,0.5106129198537217,0.4375618520889363,3.6202756996907683,-14.383769108176232,0.04723438630774617,0.21141072999999996,0.05512017968420779
site_39ac65528c2f5495,202,0.10393811624800757,0.022535820963123062,0.1014656039389822,0.10876887988504753,0.0444116301515565,0.1014656039389822,0.40831191971906816,0.36308025609867617,2.182232665855236,4.552235834550858,0.35428712748787783,2.3897951847524754,0.3984233643291657
site_39e3332a33e328c0,156,0.11660193602488328,0.09817646140815356,0.0629078207389535,0.06342926238283068,0.044385860260313374,0.06290782073895412,0.69976945329145,0.3615843602088079,2.1209777916211516,15.315527979671955,0.1588065965735855,0.627630326923077,0.30733631620349827
site_3a1e52ef4ac63381,15,0.08700808372869534,-0.08313307809352874,0.02567679810324702,0.04083129301024997,0.030212923669382618,0.025676798103247328,0.7399453076785543,0.7784801845479626,0.11355609951209489,-1.2469961714029312,0.014405379635294273,0.02500791733333332,0.013692311349779107
site_3a558feb29bc33aa,50,0.044236831669713976,-0.029953344158530227,0.03255294840556308,0.03371153511781984,0.02362080447903774,0.03255294840556314,0.700674246855992,0.398543684463605,0.09784486380873048,-1.4976672079265114,0.01586788885854185,0.05682338000000001,0.02789712021184647
site_3aab5eecf1e576ed,227,0.032933769858050604,0.020778074750553672,0.02555200201008615,0.04385816136397615,0.030008216149055102,0.02555200201008636,0.6842105372365883,0.8248301772786691,0.2462117357333107,4.716622968375684,0.24642286319272505,0.43664319823788544,0.20441191927378938
site_3b418123c1eb9bb6,39,0.0676884325733582,-0.0034470430979361946,0.06760060501296589,0.06864754334352098,0.03903721245535742,0.06760060501296651,0.5686614633827504,0.3109452074130185,0.17868723226528432,-0.1344346808195116,0.032497673622690716,0.18378692307692304,0.05943225429510379
site_3ba67f452cc05c7e,156,0.06667003156429399,0.012197344050804776,0.06554477787658033,0.10190028489719828,0.07361159552571629,0.0655447778765804,0.7223885153999232,0.7669745282389228,0.6934033249702972,1.9027856719255452,0.8974849377843622,1.6198522176923076,0.8453120513512979
site_3bce6f9707106717,37,0.0463577210217174,-0.011987719713030637,0.04478094320589056,0.08380881927612827,0.0567090179693476,0.04478094320589065,0.6766473798241464,0.8662939583621808,0.07951441703811304,-0.4435456293821336,0.15233821361230035,0.25988497297297297,0.1189887706047682
site_3c025b5f7926190d,54,0.04202136884284842,0.0008685685650066095,0.04201239136343699,0.026652600456824306,0.033165087241588974,0.042012391363437,1.2443471433609086,0.025591843767109813,0.09535295372904246,0.046902702510356914,0.001221563559025524,0.038359500000000005,0.05939584263407921
site_3c21ace69367fd43,31,0.13277081229034174,-0.08811572694970717,0.09931619837852136,0.09189302924673624,0.03195937095499374,0.09931619837852146,0.3477888498939524,-0.06775591831748579,0.5464707464833519,-2.731587535440922,-0.006168644187911862,0.2617741935483872,0.03166344314700581
site_3c2ff06ad9a9ceca,167,0.10723695804057765,-0.059205261133673664,0.08941198031522464,0.09585643659446089,0.058595039986519465,0.0894119803152248,0.6112791385560999,0.4119254415982782,1.9204607833560337,-9.887278609323502,0.386382299130584,1.5344722249101794,0.5733742447406431
site_3c6c836e47ad4756,59,0.08534604080761891,-0.06104417094537768,0.059645250231072554,0.08421123629480415,0.03735090436528461,0.059645250231072686,0.44353824986641566,0.7835442300298183,0.42975285421060944,-3.6016060857772834,0.14540746175226268,0.41840040677966106,0.0823103133573736
site_3cacfdfbb247178d,10,0.13822015682373662,-0.09131433007836344,0.10376176981296163,0.1508304548159953,0.048156699321038006,0.10376176981296163,0.31927702783755757,0.9845387964242935,0.19104811752378342,-0.9131433007836344,0.07151194457389415,0.227498261,0.02319067689496862
site_3d3d4af3226bd56f,68,0.04291532540970738,-0.007864440817166777,0.042188573401507154,0.07524260071221434,0.048005132381668356,0.04218857340150742,0.6380046931827486,0.8563140733955803,0.12523731054143317,-0.5347819755673409,0.2103262430230046,0.3849785294117647,0.15670550597874228
site_3d8d46208058ae66,97,0.12289417396865158,-0.06727295567510054,0.10284613473618326,0.11531296545543188,0.03430977772071056,0.10284613473618327,0.29753616677190725,0.49248693740703325,1.4649888655574084,-6.525476700484752,0.18900030083105585,1.2898167602061856,0.11418460218272297
site_3e3dd959fc43e496,515,0.08284493596422679,-0.029764779224442046,0.07731326750718184,0.11206714309807403,0.06983854950559906,0.07731326750718283,0.6231848834094112,0.7320622227973284,3.5345909586821707,-15.328861300587654,2.950725003342547,6.467907949514563,2.511872843478696
site_3e869a526b77cd87,53,0.08490150087750051,-0.06951294102016485,0.0487464448137431,0.07062519637074682,0.025741802137592383,0.04874644481374323,0.3644846805446153,0.9005245163055708,0.3820380371163677,-3.684185874068737,0.08677008572953208,0.2643596732075472,0.03511993999642066
site_3e8e42936f50143d,855,0.05901427402702773,0.01810087230093995,0.056169769101200556,0.06481996959788737,0.04552948373845713,0.05616976910120112,0.7023990295105141,0.5285135723027787,2.9776952807912376,15.476245817303656,1.33359453806187,3.592392332163742,1.7723584755143194
site_3ed9981ace9fa417,10,0.02771285816176955,0.012350557584166528,0.02480859195630707,0.08781675751244748,0.07080548396239965,0.024808591956307295,0.8062867039057258,0.9737787366556543,0.007680025074943571,0.12350557584166527,0.0605486661214754,0.077117829,0.050134165591496346
site_3f0cc8bf9a017f1f,60,0.048663436647475744,-0.04516988966117303,0.01810555534470951,0.03820063990156303,0.02820131296084535,0.018105555344709624,0.7382418994424085,0.8942621086399117,0.1420878039805731,-2.7101933796703817,0.057803754217922686,0.08755733333333335,0.047718843162932637
site_3f80251a944e7c4c,134,0.057444505983688804,0.02688289571057505,0.05076594513967413,0.0655213452514508,0.03648143684711491,0.05076594513967561,0.5567870547698672,0.637314226811254,0.4421827498731479,3.6023080252170567,0.20413296904837464,0.575268255597015,0.17833996141362451
site_3f885209ae19b689,226,0.04782491830382989,0.005067467063401653,0.04755568933712709,0.06895107869377168,0.039595398279843,0.04755568933712718,0.5742535001619871,0.7436422975634204,0.5169123552335688,1.1452475563287736,0.4588368649498552,1.0744607831858408,0.354321797676303
site_3f8f25f0fa2a3f3b,64,0.06946571071639139,0.024588541288301353,0.06496836616882767,0.09807921611777565,0.05574318850764344,0.06496836616882802,0.5683486340337979,0.777900209990454,0.30883103778133586,1.5736666424512866,0.2721903070921311,0.6156500885937499,0.198867396159915
site_3fd206a570dca7d5,52,0.12222415715591207,-0.09722995898815302,0.07406132369621253,0.07763247886772603,0.05821153869860049,0.07406132369621332,0.7498348571064454,0.434854294580868,0.7768147188086008,-5.055957867383957,0.10218793897445388,0.3133936923076923,0.17620632835825045
site_3fe88af73a278f09,684,0.0838362770946373,0.03247021993837859,0.07729298916617294,0.0664606367230065,0.04494092875924631,0.07729298916617308,0.6762037045559814,0.0774234486419834,4.807508608248743,22.209630437850954,0.15817402089809815,3.02123910380117,1.3814659611766578
site_402a00535323377d,283,0.06178226371240052,0.036841140603850665,0.049596153766556406,0.08187684503417353,0.05785687106753337,0.04959615376655794,0.7066328831232473,0.8012703775334745,1.0802246149682944,10.426042790889738,1.0741911391865449,1.8971804240282686,0.947319160912226
site_40392ec0ab51085a,129,0.06623020810875484,0.043390443639237754,0.050037084916280936,0.06886505128688039,0.03353439968818998,0.050037084916281914,0.48695817488745086,0.7281798064665813,0.5658508201306379,5.59736722946167,0.21692906928559144,0.611768992248062,0.1450677191556986
site_4053c6fd726ad6c4,11,0.034275045694054956,-0.013836157709901984,0.03135824448460525,0.07855025132659395,0.10814752974297026,0.03135824448460528,1.3767941911900141,0.9936821418566097,0.012922566330625109,-0.15219773480892182,0.09285479871701786,0.06787156181818182,0.128654770084573
site_40c02fde736492a1,19,0.04911249779677961,-0.03164872937453421,0.03755523091150123,0.05349600653022093,0.05321005275854193,0.037555230911502833,0.9946546706899055,0.7522745389843637,0.04582871135693496,-0.60132585811615,0.040686002074103604,0.05437463157894736,0.05379488457676951
site_413c6e860ea2e615,245,0.05884944083303774,0.024628120890344895,0.053448221184355306,0.07791478369582597,0.05943143782048483,0.05344822118435555,0.7627748548016399,0.7284277420002374,0.8484978881584964,6.033889618134499,0.8263968790706991,1.4873248120000002,0.8653634713454879
site_4148b96858a0e60a,171,0.05944007479948078,0.038933719924318856,0.04491422875907553,0.05715134159019644,0.03403967128736771,0.04491422875907554,0.5956058132711755,0.6188113446135698,0.6041639461607059,6.657666107058525,0.20585724892149193,0.5585331695906433,0.19813756685119976
site_420eb683366b57f6,91,0.07895352008829638,0.05761893266111939,0.05397885635437648,0.054566464924093096,0.040987756433781025,0.0539788563543766,0.7511528645075086,0.3898354387834641,0.5672629084243049,5.2433228721618645,0.07934191439996709,0.27095241758241767,0.15287965215022115
site_426aa82109fc7c47,28,0.08294400454099334,-0.062066512403743605,0.05502232208233549,0.07781547869472882,0.03571108020506727,0.055022322082335526,0.45892000928455795,0.7742475561032237,0.19263182090029704,-1.737862347304821,0.060243036651983856,0.16954696428571428,0.03570787498355693
site_42ce68186715eeba,627,0.05833510857664608,0.045437119251803354,0.03658487510907327,0.030375187740154182,0.04029695802527989,0.03658487510907336,1.3266406242490385,0.4934707783848145,2.1336715276909777,28.4890737708807,0.3787217217678088,0.5785028229665072,1.018150705959163
site_42d0b232cf256027,295,0.047736765271271096,0.000291942460658186,0.0477358725505683,0.053491558290896656,0.04122745051341465,0.0477358725505683,0.7707281640443602,0.5174612672423932,0.6722456337765081,0.08612302589416487,0.33664455351890143,0.8440973084745764,0.501412289371636
site_43b644a004cb99cb,16,0.09874857743176794,-0.044088652439415454,0.08835990194015776,0.11528887359585052,0.03476540371678466,0.08835990194015782,0.3015503806434616,0.8349024626301642,0.15602050471676593,-0.7054184390306473,0.05354148319773376,0.21266438999999998,0.019338132729456392
site_444e34f5ad449f77,182,0.09792575393619779,0.09019785183864634,0.0381287399171066,0.04084400151610815,0.04817690901599766,0.03812873991710673,1.1795345026857258,0.644254098672555,1.745280497683042,16.416009034633635,0.23072560552106455,0.30361830769230774,0.42242465034510035
site_44541aad5ac7b92b,159,0.07111435861106652,-0.04967824299605387,0.05088540236146702,0.05785655638087453,0.06124765366338354,0.05088540236146707,1.0586121520988068,0.6362681455639139,0.8041030681054758,-7.898840636372565,0.3584918957517582,0.5322335974842768,0.596452737603895
site_44bc4221af0e2690,281,0.040782895879043476,0.006554248700362508,0.040252781521960664,0.06476098679389557,0.04638586874695185,0.04025278152196071,0.7162625377308831,0.7865106943304588,0.4673717315549333,1.8417438848018648,0.6639113672591772,1.1785099003558719,0.6046133182540538
site_4522c9f47db04b3c,148,0.04681321046685219,0.005789104087932689,0.046453879795695006,0.04319437506919969,0.06121918136082218,0.04645387979569502,1.417295221026946,0.6533955159539028,0.32433854778364235,0.8567874050140379,0.2557128649465941,0.27613159756756755,0.5546726486404072
site_454d64b6e8b743da,118,0.0490549393626863,-0.03492074710918685,0.034451828648317764,0.047926434974321724,0.07003213203702142,0.034451828648317924,1.4612422575253845,0.8959795246152333,0.28395367495346596,-4.120648158884048,0.35485633719735227,0.2710392939830509,0.5787309430827947
site_454f86a28db067ff,49,0.04336867303433139,0.0040941320536087965,0.04317499141269579,0.06402550512196252,0.03856636642670945,0.04317499141269582,0.6023594246268604,0.753787293396495,0.09216124823717838,0.20061247062683105,0.09120247602888515,0.200864,0.07288086634860186
site_457c8dbf463cd4ea,137,0.05103993385730317,0.03196113708463029,0.039793976484078,0.07485257715168976,0.05137414917326207,0.03979397648407806,0.6863377471847317,0.865774626288357,0.35689525419762985,4.3786757805943495,0.4561175897400962,0.7675984379562044,0.36158453884889197
site_460afd4b6202d4b4,50,0.1171623306193513,-0.06754427125167847,0.09573287385865874,0.08084658320547627,0.07358760461234538,0.09573287385865886,0.9102129205054742,0.2341888486132884,0.6863505858079091,-3.3772135625839237,0.06966306078362462,0.3268085007999999,0.27075677762914374
site_465014c5dd5de0e8,2,0.05803545349522387,-0.012589382600784307,0.056653519821166995,0.1062,0.04954648017883301,0.056653519821166995,0.4665393613826083,,0.0067362277247925845,-0.025178765201568615,0.010523672389984131,0.02255688,0.004909707396222984
site_466206aef45119ae,1,0.03767722290754318,0.03767722290754318,0.0,0.0,0.0,0.0,,,0.0014195731260246967,0.03767722290754318,0.0,0.0,0.0
site_4680c02330a5a24c,432,0.06637367147723745,0.03203937160334101,0.05812867564835165,0.08912249576590195,0.06632265574243545,0.05812867564835179,0.7441741299149115,0.7581469017425041,1.9031605626390815,13.841008532643318,1.935915332466571,3.431297916666667,1.9002360951631905
site_4689968a649fae30,327,0.07229361220821506,-0.05382406054268554,0.04826320412911996,0.06762547780490988,0.03213906223537646,0.04826320412912006,0.47525079716395047,0.7538323336935022,1.7090218017185523,-17.600467797458172,0.5357547884435828,1.495438116207951,0.3377646180877942
site_46c69a3772747cb8,125,0.06938599134724797,0.050036295720767975,0.04807062414598159,0.0555343636981644,0.0633075890889754,0.04807062414598171,1.139971449624585,0.6799596103831629,0.6018019744050465,6.254536965095997,0.2988207176146447,0.38550819391999996,0.5009813545323196
site_473ba30122663331,178,0.12218864370931198,-0.01761952246240016,0.12091160853995023,0.13794064349000282,0.054741306832426596,0.12091160853995028,0.3968468280807603,0.4903035770938045,2.6575515079707714,-3.1362749983072282,0.6590107101191379,3.3869165605056177,0.5333966999224937
site_47749587de8e2aac,260,0.11469588179810958,-0.07756576111903558,0.08449081608950545,0.06501185550949402,0.05779285504462807,0.06503224452753453,0.8889587074804882,0.4441265036305436,3.4203377783759406,-20.16709789094925,0.433857140951998,1.0989007527647057,0.868403664494442
site_479c9178cadeeacf,620,0.06863866054150411,0.05964074616268758,0.033974212545542525,0.01884253296101925,0.04187801010895519,0.03397421254554255,2.2225255062889318,0.6048513727730124,2.9209847469777364,36.9772626208663,0.2959141149047762,0.22012545000000003,1.087335993025167
site_47cb8752f353f72a,342,0.07771156167660699,-0.05886686459061695,0.05073242623300271,0.0783111843808055,0.07039075670419541,0.050732426233003114,0.8988595595988529,0.7722359225711877,2.0653676918302457,-20.132467689990996,1.4558463178515564,2.0973634269005847,1.6945616512511168
site_4820638a678db67d,55,0.060159491283268716,0.03647782799764115,0.047838608424955194,0.024085275499104594,0.051285360252988105,0.04783860842495593,2.129324211171872,0.37311357519268185,0.19905404153039266,2.006280539870263,0.025348295943032614,0.03190552727272725,0.14466034969533248
site_48ab6dd953268db1,549,0.11975930395384347,-0.1065499645296776,0.05467536869773732,0.08093169791951896,0.052183655780683916,0.054675368697737425,0.6447863707564494,0.7439277415384322,7.873917695046479,-58.495930526793,1.724869533190134,3.595916910746812,1.4950005279196612
site_48bc99c681181b96,271,0.05062823706706103,0.010891952581951098,0.049442732099582255,0.08908441765563256,0.060093111312736085,0.049442732099582824,0.6745636655002208,0.8501793298023924,0.6946321832885223,2.951719149708748,1.2334066006096966,2.1506650701107013,0.9786303293833651
site_48c050cdab5aaa88,41,0.08942401793120601,-0.05565770716783477,0.06999196107968549,0.07604714558858423,0.02846206019983287,0.06999196107968587,0.3742686195457339,0.3914102898004995,0.3278628543013868,-2.2819659938812253,0.034734843447804455,0.23710990243902438,0.033213643703575324
site_48c0bfa2a3485fb7,53,0.05599809516269906,0.05010585443546187,0.025003799974064052,0.02073045202482173,0.034281501768497306,0.025003799974064086,1.6536784498210721,0.6893365236901499,0.1661966930780871,2.6556102850794794,0.025964249275118676,0.02277683698113208,0.06228673226568465
site_48d263b97f32a2d9,49,0.10487501457008117,-0.06834316322073646,0.07954860603466608,0.09558676693190744,0.03745287926939919,0.07954860603466703,0.3918207558592213,0.588207804129806,0.5389396653726621,-3.348814997816086,0.10318340267210592,0.44770467061224495,0.0687331901128414
site_48ec25901538e693,155,0.059588332614658214,-0.041385063550549175,0.04287243751773564,0.06592912790525561,0.054528506952997505,0.042872437517735805,0.8270776314735798,0.7624389837840232,0.5503692544882467,-6.414684850335122,0.42485206105728307,0.6737307354838709,0.46087050093108006
site_4915d0b8a484d43a,129,0.0454126500085254,-0.030588448756794593,0.03356569057013088,0.028915219834970668,0.03173118422866908,0.0335656905701309,1.0973869266694187,0.3903495076732745,0.26603783272279,-3.9459098896265026,0.04620150526495752,0.10785560201550387,0.1298859787794321
site_496ac9a9ab00ede4,112,0.06519042661242765,0.03422928276498403,0.05548105914008024,0.04330095997280345,0.05520235224648702,0.05548105914008082,1.2748528504023613,0.3857493728579246,0.4759766728539551,3.833679669678211,0.10327099466915908,0.20999699107142855,0.3412975656770659
site_496ee2f5b79c4b73,149,0.09410247089592601,0.08398920371868467,0.042439235236039395,0.03571618627308364,0.059798005622821324,0.04243923523604048,1.6742550608737912,0.7141166266994421,1.3194359792790715,12.514391354084015,0.22725172694507462,0.19007124832214767,0.5327944199935786
site_49a35425669a6415,148,0.04428212664063822,-0.004086326771491284,0.04409318171026123,0.05371007784067009,0.04972495459854532,0.04409318171026136,0.9258030633664959,0.6389888508819255,0.29021419749299315,-0.6047763621807101,0.2525719824626639,0.4269463243243244,0.3659405242544542
site_49b410d6df2872b8,187,0.06589247457396272,0.04090237306783544,0.051660566033483735,0.03234914902423262,0.05112725110273038,0.051660566033484595,1.5804821037001981,0.2997869689122245,0.8119200044248205,7.648743763685227,0.09271919692877462,0.1956894117647059,0.48881721559514757
site_49b534f23930be14,386,0.07487495452451896,-0.026855926624542694,0.06989290393298851,0.09067607402182087,0.06778045361598994,0.06989290393298957,0.7475009736270543,0.6452357498817377,2.1640159026088304,-10.36638767707348,1.5307451985373013,3.1737500544041453,1.773357298462295
site_49f7a3a08cf1a503,75,0.19189540408660244,0.14511860789616904,0.12555650421956796,0.11224634495410332,0.05175111285161263,0.12555650421956802,0.46104942546479594,-0.04192001552566234,2.761788458217033,10.883895592212678,-0.018263104308843613,0.9449431466666667,0.20086332610352597
site_4a00a5537486f4ab,125,0.1853904519238607,-0.17721591211318968,0.05444391755213365,0.03517553695396845,0.055683046886108305,0.0544439175521343,1.583004886577182,0.35069005636427386,4.296202458066663,-22.15198901414871,0.08586124700605868,0.15466480000000002,0.387575213815067
site_4a15ec3df99b7e73,6,0.1526889774295462,0.13817514444986978,0.06497348139616724,0.07485908242973742,0.02132224450887095,0.064973481396168,0.284831764120058,,0.13988354297088282,0.8290508666992187,0.005510901145140329,0.03362329333333333,0.002727828665376464
site_4a51d234a3956647,115,0.046653661888877304,-0.004796883680250333,0.04640640122439824,0.058907450400313595,0.07308738526277278,0.046406401224398285,1.2407154742922584,0.7732513394190186,0.25030487927879347,-0.5516416232287883,0.38285222255033646,0.39906008695652173,0.6143030767231321
site_4a5737c09be72760,38,0.045824785619245974,0.041450589030353646,0.01953867053017117,0.02185333826562433,0.025661040122045245,0.019538670530172112,1.1742389107851086,0.6725440884726294,0.07979661712789442,1.5751223831534384,0.014331656820797607,0.018147598947368424,0.025022581245518205
site_4a605b11c85f3580,1259,0.06952734451191613,0.04833460594482891,0.049978170264994515,0.07569196006336819,0.05003334882902775,0.04997817026499463,0.6610127256202716,0.7571436759485015,6.086071008312249,60.8532688845396,3.6100511297991673,7.213154478157267,3.1517000177643903
site_4a71668c00a356e4,95,0.10798240334191025,-0.10117426100128572,0.03773550506272174,0.062479687770774894,0.056041847974074264,0.037735505062722524,0.8969610760489115,0.8025800974092364,1.1077189459920243,-9.611554795122144,0.26697050888234064,0.3708525814736842,0.29836542881317896
site_4accdc2358f08145,95,0.03654548994793574,-0.004067162099637484,0.03631846676265319,0.05083074952184857,0.04316199026334327,0.03631846676265325,0.8491314936206273,0.7127971167272706,0.12687941937579383,-0.386380399465561,0.14856534494165533,0.24545768421052636,0.17698095333182923
site_4aee712beb09287c,127,0.07065888638924957,0.04941708329155688,0.050503763272890925,0.07957466134551537,0.07123321011051138,0.05050376327289266,0.895174530510596,0.7811491400112781,0.6340701346726474,6.275969578027724,0.5623348447322611,0.8041800944881892,0.6444196182763293
site_4afa6fca34a02012,148,0.11498432120163102,-0.09283158451802022,0.06785050506866933,0.07794481317353588,0.056400874799958825,0.06785050506866945,0.7236001024774829,0.5291852600498649,1.9567663300855782,-13.739074508666992,0.3443043540180535,0.8991582972972972,0.47079668437369326
site_4b307595d7b7b6da,381,0.04167517752541685,-0.003849225036193693,0.04149703469400855,0.07705495459330633,0.049230282804215784,0.04149703469400919,0.6388983429300776,0.8750748362589889,0.6617285806962786,-1.466554738789797,1.2647452893950966,2.2621745564304465,0.9233995038385475
site_4b6df3933469a704,81,0.08115899309990969,0.05151995680979741,0.06270945870686334,0.07092734898485353,0.05435078951750675,0.06270945870686398,0.7662881849582917,0.5255856948475225,0.5335293550402863,4.17311650159359,0.1641149482274497,0.40748579555555553,0.23927467401528202
site_4b78a1e10bf476d7,14,0.060211195403759035,-0.028665823889630175,0.05294958538721866,0.08027062008592926,0.0403032508363861,0.05294958538721963,0.5020921825848821,0.8135694367911774,0.050755432727295144,-0.40132153445482244,0.03684846118997251,0.09020721428571428,0.022740928391729198
site_4c8563a6e25ebea0,268,0.10358719695698347,-0.07648702798528012,0.06985729685139455,0.09575181774208437,0.04859774673230664,0.06985729685139455,0.5075386335036353,0.7145549808259026,2.8757223760725092,-20.49852350005507,0.8911146951082454,2.457134041044776,0.6329465846385889
site_4cacd33e9c8aef19,344,0.10103327260428951,-0.06193962263454532,0.07981983037455541,0.11485868936883369,0.05893394828549952,0.07981983037455545,0.5130996062148254,0.7604083166358406,3.5114564275576408,-21.30723018628359,1.7706580356396737,4.538226372093023,1.1947843296181686
site_4ce2c6daabd8ff5f,337,0.06614269308724859,0.04177996678451402,0.051276605038934345,0.06970245018239757,0.034905734940836146,0.05127660503893467,0.5007820363487183,0.708493641325531,1.474326421057045,14.079848806381225,0.5809124562047001,1.6372914362017803,0.4106042818030895
site_4d238af0af441869,859,0.04090820046893678,-0.0006309939316321034,0.040903333754902696,0.04702692445781507,0.057877048919957985,0.04090333375490307,1.2307215406330874,0.7142756328998487,1.4375200635561716,-0.5420237872719769,1.6699826316013928,1.899705664982538,2.877437648055877
site_4d43b32f897968be,48,0.08434934444088103,-0.04399509569009145,0.0719669609114216,0.1095045661148429,0.042724922538789935,0.07196696091142164,0.39016567121029616,0.9230831177892896,0.34151097156510657,-2.1117645931243896,0.20729821303486823,0.57558,0.0876201122853888
site_4d97122ac69c458e,260,0.09692838169040188,0.06505744305253029,0.07185151550654317,0.0693706956658196,0.04534577163690917,0.07185151550654342,0.6536733011206053,0.27114944927721313,2.442728906051261,16.914935193657875,0.22176597844952575,1.2511962884615384,0.5346221413901462
site_4dd15b6db25eea2b,82,0.04824396525025646,0.020698893523797755,0.043577930078864874,0.05580522583253389,0.054417122228043145,0.043577930078865096,0.9751259208473358,0.687642539030019,0.19085337501157215,1.6973092689514158,0.17123282770558101,0.25536630487804884,0.2428203017097066
site_4deb698afc5ebdb4,26,0.08436898401862475,-0.0552266754175608,0.06378197070221604,0.06699584902799761,0.02091065223421739,0.06378197070221606,0.31211862432669246,0.30606856684884065,0.18507126207270894,-1.4358935608565808,0.011148271903395651,0.11669953846153847,0.011368639798369898
site_4ea6d277e84496c8,413,0.03628057806727222,-0.015174846204299906,0.03295458067661124,0.03454030199544042,0.031018723119363087,0.03295458067661139,0.8980443518837152,0.49897012607702224,0.5436237824418143,-6.267211482375861,0.22078758184321354,0.49272240677966106,0.39737256897370826
site_4f3ef6ee56ee38cd,157,0.06695896039712014,-0.013842330326699905,0.06551253520197205,0.09598347449620769,0.047535970278609466,0.06551253520197227,0.49525161001009205,0.786886556500561,0.7039098732617073,-2.173245861291885,0.5636773808811122,1.4464138980891719,0.3547679498416283
site_4f44a81224b8cd25,260,0.1546523978507807,-0.1311613283945964,0.08193942942662584,0.10952095960005087,0.05988523378218834,0.08193942942662591,0.5467924495993963,0.6759744751910376,6.218514681859,-34.10194538259506,1.1527115238733017,3.1186585538461538,0.9324227185383114
site_4f633f2c887097a9,136,0.08400924824646977,-0.07004352338699735,0.046383818541298874,0.06934305196606838,0.042499656092348084,0.04638381854129887,0.6128898986612882,0.757233865262265,0.95982731556743,-9.52591918063164,0.3034990280995913,0.6539504044117648,0.24564602444362893
site_4f8f6e54cc9c215b,18,0.08963618750901832,-0.08079282238417201,0.03882223541157215,0.041864861956856694,0.015009671640244568,0.038822235411572155,0.35852671999044444,0.3746081765302187,0.14462363000073408,-1.4542708029150961,0.004237118523567915,0.031548,0.004055224369463317
site_4f9a1ac96b88317a,129,0.04579321876694097,-0.02451812882340232,0.03867661107227421,0.04478407758290468,0.04429642271478575,0.03867661107227568,0.9891109766140393,0.623031123646534,0.27051543616976204,-3.162838618218899,0.15943796449264352,0.2587241550387597,0.2531203254271814
site_4fa99e2fc956380a,143,0.07311889044986185,-0.059204923523055925,0.04290861418465991,0.060474649534694086,0.050074399622468034,0.04290861418466131,0.8280229816584639,0.7138620644195628,0.7645312161085025,-8.466304063796997,0.30912878872923083,0.5229772027972028,0.3585647061497397
site_4fab225734bfdafc,402,0.11088650975798879,-0.06744087499866439,0.08802014783970241,0.08476233312631581,0.06436188682600617,0.07966460351295414,0.7593217936803583,0.45648333682843095,4.942918854616034,-27.11123174946308,1.00111196452874,2.8882305530406476,1.6652658952730586
site_4fc1c31a5e50a546,49,0.096812779101187,-0.07788467220140963,0.05750384364000551,0.06814158887892015,0.04627525013162904,0.057503843640007136,0.6791043603907578,0.5514884393615144,0.4592629956674663,-3.816348937869072,0.08521058046969832,0.22752053061224486,0.10492853996249685
site_503f0d34679d2c3c,109,0.047720021651595765,-0.016762747455955643,0.04467897451997552,0.05314165488150662,0.06707586511775424,0.04467897451997558,1.2622088127913522,0.747224409173381,0.24821485084073575,-1.8271394726991652,0.29032130383726107,0.30781986770642206,0.49040971326117244
site_50560992666c8105,554,0.11151205093045687,0.10590906488891112,0.03490282906976481,0.05346890775514346,0.052129891893619204,0.03490282906976481,0.9749571121284885,0.7817956215867236,6.888955376505111,58.67362194845676,1.2072331027777832,1.5838439494765342,1.5055091983775957
site_50a31a0d244519cf,60,0.18707198805348751,-0.18313699413935344,0.03816765766832699,0.040734251217154134,0.03028316133981409,0.03816765766832828,0.7434323802437087,0.4537992741008946,2.0997557228570507,-10.988219648361207,0.03358736973206202,0.09955675333333337,0.05502419164399264
site_51e9108791d53546,293,0.061595149068315556,0.042844861248247455,0.04425246042161315,0.06933977302760085,0.04969187142351072,0.04425246042161323,0.7166431220322967,0.7718496514619618,1.1116309799031683,12.553544345736505,0.7792343725134896,1.4087452081911263,0.7234996510722213
site_524c0b4f56437dd1,10,0.0794528826602495,-0.02569007650911808,0.07518497544043647,0.14756248337568734,0.07741282867080074,0.07518497544043652,0.5246105032924339,0.9679684937969087,0.06312760563023376,-0.2569007650911808,0.11057326005417854,0.21774686499999998,0.05992746042814749
site_52a99c537fd71479,333,0.0846267739226249,0.020311852559313042,0.08215302496049548,0.08652864379607587,0.056982243124705255,0.08215302496049554,0.658536186687459,0.40411570348953935,2.3848430578955044,6.763846902251243,0.6635129426388076,2.4932396636636636,1.0812430184971653
site_52efe15d6a747228,616,0.0381340206083193,-0.018684791058079374,0.03324277531843029,0.046588341192413354,0.06112085153161926,0.03324277531843048,1.3119344876261112,0.8430408669108187,0.8957893730975244,-11.509831291776894,1.4787541741709078,1.3370116975974027,2.3012272310413504
site_53e750ed31ea8834,151,0.04223765158820022,0.01247067524818395,0.0403546957681572,0.03583957158577833,0.05723460817838201,0.0403546957681575,1.5969668622125368,0.7146262078461146,0.26938690096461504,1.8830719624757764,0.22134892146545926,0.19395570860927153,0.49464585637326985
site_545c918e740bed59,7,0.06420902160809325,-0.05939845702988761,0.024384867404543757,0.06309510799627198,0.043612235366920125,0.024384867404545246,0.6912142121937088,,0.028859589191080098,-0.41578919920921326,0.018509392889482636,0.027866948571428577,0.013314189515897468
site_5475cf38df836ff4,649,0.041311718182196394,0.014221217398237555,0.03878678943760726,0.06925576466485667,0.048824722292141375,0.03878678943760795,0.7049914549123032,0.8392692909195378,1.1076210803982254,9.229570091456173,1.8417969089802844,3.112838249614792,1.5471209259811678
site_54c3846d0762e78b,725,0.03509032933250038,0.011543416072191864,0.033137301610837284,0.024181784164419177,0.03968829111872871,0.03313730161083729,1.6412474302506448,0.5531942822583441,0.892715129180919,8.368976652339102,0.384916412478819,0.4239500468965517,1.141991327645596
site_54c3cc61243c3e27,143,0.10264913600394757,-0.07400984666814338,0.07112937310643774,0.10409122170627527,0.07175394466292832,0.07112937310643815,0.6893371360882253,0.731308608611319,1.5067688524970402,-10.583408073544502,0.7810819654123662,1.5494024883916082,0.7362538861807528
site_54f5633d7a10a0e4,93,0.08441206988768937,-0.0226685432198868,0.08131134417172232,0.0946155407443864,0.06815309298620834,0.08131134417172231,0.7203160543185069,0.5416438999176305,0.6626619714733464,-2.1081745194494723,0.3248215623461111,0.8325453511827957,0.4319704997735686
site_551190f45891f632,40,0.11588245062516116,-0.10414322878420354,0.0508225369427182,0.06036803790086274,0.058983742338092116,0.05082253694271826,0.9770690648411675,0.6375726378342184,0.5371496945157166,-4.165729151368142,0.09080903197824955,0.14577199999999998,0.1391632744082576
site_554a93a7d6df9a9f,46,0.025283167443408902,0.0028861986942913228,0.025117890298918873,0.024483318652697546,0.011796114030433468,0.025117890298918907,0.48180208728091634,0.1864089264134602,0.02940497357468678,0.13276513993740086,0.002476474064199821,0.027573913043478265,0.00640082208607351
site_557840f3689665d3,108,0.06732948992164633,0.007071541406159049,0.06695710205235926,0.08240330734702579,0.05405375301510269,0.0669571020523594,0.6559658192779283,0.5869572923557443,0.48959210301578016,0.7637264718651773,0.28235842712078657,0.7333529466666666,0.31555528722191417
site_572718242301a76e,118,0.046542635895172914,-0.03249902715157654,0.03331711557550756,0.049265718038592386,0.0641307383801878,0.033317115575508156,1.3017315271838905,0.8593011062077758,0.25561360081633533,-3.834885203886032,0.32036011093769035,0.2863990949152543,0.48530468941219507
site_572a1b583bd03d5b,234,0.10931514404804342,0.08967961512009302,0.06250893816212579,0.05137071270857845,0.08152830819518918,0.0625089381621293,1.5870581484374593,0.6421004019923221,2.7962533680692085,20.985029938101768,0.6292783939104176,0.6175143290598291,1.5553664186977219
site_57c9411d53d3b891,847,0.05420613178336681,0.008307399174405665,0.05356577117780358,0.0605363880011129,0.05073259675571916,0.05356577117780358,0.8380512685161607,0.54851421783956,2.4887441003096225,7.036367100721598,1.4268387534630327,3.1039621685714285,2.1800055284209097
site_5809bead57720978,62,0.0685164943984391,0.05065038086906556,0.04614161811716114,0.03910725932010139,0.04451349706949847,0.04614161811716115,1.1382412841857787,0.39688061160103005,0.2910596202883828,3.1403236138820647,0.042835187142895116,0.09482141935483872,0.12284998812408743
site_583630b60a1838c6,202,0.03795552699875761,0.023038367815832097,0.030163813388493325,0.05820875358755118,0.052537626439840335,0.030163813388493468,0.9025726063833172,0.8564991863827861,0.29100565001019035,4.653750298798084,0.5290991603492731,0.6844283168316831,0.5575608427703065
site_58667ddb3903bbc2,535,0.08067339031645103,-0.06441202454243865,0.04857249221004347,0.05884529619790136,0.037994539927530616,0.0485724922100435,0.6456682586786885,0.5696097592862542,3.481884809255493,-34.46043313020468,0.6813404089721843,1.852581353271028,0.7723180094030242
site_5896b54480755cab,20,0.09164001352041735,-0.024840603041648868,0.08820905009436106,0.10300508482594439,0.021511295285526786,0.08820905009436118,0.2088372173264657,0.742843944299303,0.1679578415604455,-0.49681206083297735,0.032919468063116075,0.21220095000000003,0.009254716497222537
site_58e380359cb64c9c,342,0.0689369663160734,0.04355563118199856,0.05343418678338012,0.05435285699174179,0.05355326115398985,0.05343418678338012,0.9852887983814093,0.5096537562653115,1.6252884211032965,14.896025864243507,0.5073523019786641,1.0103477076023393,0.9808395088377839
site_591f3f72c730f39a,46,0.08974937251934377,0.07726870249147,0.04565629729731304,0.07064923070792722,0.04552572930123537,0.04565629729731316,0.6443910124010329,0.7740756358933402,0.37052769391033313,3.55436031460762,0.11452639193800479,0.22960043478260866,0.09533923330683058
site_5977dd6efaf94985,77,0.07289880104929161,0.02339633081207027,0.06904235583289704,0.08623716657354782,0.048878072700788214,0.06904235583289749,0.5667866262640052,0.6001115267041672,0.40919610997066336,1.8015174725294107,0.19477411763890612,0.5726373651948052,0.18395808130265245
site_59c7d9e52ad4d8ab,85,0.05616810077980999,-0.0006084399980657227,0.05616480522515541,0.08565764802024312,0.05100923802573922,0.056164805225155504,0.5955012681843006,0.7763990790163409,0.26816272134292585,-0.05171739983558643,0.2883493114997358,0.623664776470588,0.22116510093715425
site_59cc92ae49f9c2af,36,0.02218747366925949,0.008993181294865076,0.02028316242654907,0.022148628137992246,0.012525259501948896,0.02028316242654968,0.5655094944893639,0.42541896840496435,0.017722223561666996,0.32375452661514276,0.00424866916735967,0.017660222222222226,0.005647756521281799
site_59e0fe7c4ae0f849,113,0.07258673885374131,-0.014462505426027082,0.0711313615378152,0.09194447516960501,0.04047079379974526,0.07113136153781563,0.44016558607889134,0.6761504918123292,0.5953783162885999,-1.6342631131410603,0.28430806049862795,0.9552778761061946,0.18508102203830945
site_5a51afb7ef849491,62,0.08651529450882266,-0.04960337741528789,0.07088301018540923,0.0842079644066458,0.05417631012944101,0.07088301018541145,0.6433632556158233,0.548177172425007,0.4640635634047958,-3.075409399747849,0.1550512341900218,0.4396408387096774,0.1819744999129651
site_5b0bcc4b6a2f87e4,66,0.04403113302387352,-0.039004148316563986,0.02043078778377194,0.027514066900595928,0.015614603244707408,0.020430787783771977,0.567513457793083,0.6789964862323922,0.12795688457415902,-2.574273788893223,0.019252946540340782,0.04996357590909092,0.016091845076315392
site_5ba32085b805fa13,239,0.07357092268579389,0.05380891246027528,0.050172518420759926,0.06628595533113985,0.0856646720382268,0.05017251842076012,1.2923502665123876,0.8114116400392068,1.2936306788965357,12.860330078005791,1.1011903854352285,1.0501248619246861,1.7538862124646526
site_5bf25e0531f88e2f,60,0.02887844860300223,-0.008871018627484637,0.027482172807604968,0.025621066147909523,0.026242402156559503,0.02748217280760513,1.0242509817922105,0.4386298647498116,0.05003788762297449,-0.5322611176490782,0.017694986378252505,0.039386341833333324,0.041319820256795925
site_5c129902816da317,37,0.045929623729623836,-0.02168474750341596,0.04048829536616626,0.043345335566963954,0.056639607378825035,0.04048829536616626,1.3067059382046504,0.7021329951986865,0.07805262242995853,-0.8023356576263905,0.06377988178897145,0.06951627027027028,0.11869766958901569
site_5c29c7471e58357f,54,0.05626401018248085,0.03232394972443581,0.046052156475310205,0.04978296172852363,0.05247870882938822,0.0460521564753107,1.0541499944411712,0.5955029260651278,0.17094449745797272,1.7454932851195337,0.08401204015659514,0.133830537037037,0.14871680354158429
site_5ca415a5fd8c11f3,149,0.09497317222318427,-0.08026965474362341,0.050761067457985115,0.08101702697285208,0.05140639467618412,0.05076106745798512,0.6345134670692105,0.7959206716050126,1.3439656128780584,-11.960178556799889,0.4939119127218756,0.9780000402684563,0.39374999462693805
site_5cc61f026daaaf5d,1,0.1693757402420044,-0.1693757402420044,0.0,0.0,0.0,0.0,,,0.028688141382526955,-0.1693757402420044,0.0,0.0,0.0
site_5cf31f5c04158e4a,244,0.09929933661465634,0.002239183588106131,0.09927408679494153,0.09776181710480544,0.052823525906549554,0.0992740867949438,0.5403288059787202,0.24131425993055852,2.405927413515042,0.546360795497896,0.3040671225913236,2.331998983606557,0.6808392729647785
site_5d503d0a92bc4d22,106,0.07424202896081446,-0.04901912367591319,0.05575844669880915,0.10222357348290118,0.07962427371136718,0.05575844669880922,0.7789228159264637,0.8403904959496242,0.5842591596071518,-5.196027109646798,0.7250760167548821,1.1076638514150943,0.6720426461906481
site_5d637e79fa207678,82,0.0900013263586657,-0.07384549098334661,0.05144980279600232,0.05495999437371328,0.051227608509294094,0.051449802796002815,0.9320890420941466,0.5323778324423284,0.6642195771981625,-6.055330260634422,0.12290925254309325,0.24768928048780486,0.2151899656336831
site_5d79652f78de4312,15,0.058837533974722904,-0.01341911071856817,0.057286847284079796,0.15182887823687122,0.1043126530575081,0.05728684728408016,0.6870409257372493,0.967672295986546,0.05192783106340008,-0.20128666077852256,0.22988516237109902,0.345780124,0.16321694381844082
site_5de3489054d45a0f,49,0.08386407299904364,-0.06428280658381326,0.05386003636925039,0.0662025214340932,0.03615710335658287,0.05386003636925043,0.5461590068375033,0.5826161296457794,0.3446259542594571,-3.1498575226068497,0.06833555801699356,0.21475591836734695,0.0640594700337922
site_5e24def8042ec3b4,11,0.07612719901797106,0.021912757992744447,0.0729052910800937,0.07891013824189748,0.03734672118051683,0.07290529108009386,0.47328165952556295,0.3913095851649716,0.06374885473353953,0.24104033792018892,0.012685233180495827,0.06849490909090908,0.015342553412287907
site_5ec485e1198852d4,13,0.03949768354552035,0.007556247404905467,0.038768158721016514,0.12134433620484346,0.09184936620625271,0.038768158721018554,0.7569316300943805,0.9716018781646353,0.020280871071006897,0.09823121626377107,0.14077559516063104,0.1914178230769231,0.10967197894237413
site_5ed1da21a10b6003,106,0.09184326580177352,0.025908661708741818,0.08811314726870896,0.061833925136552746,0.05624105756187706,0.08811314726870899,0.9095501771507387,-0.11177747206383849,0.8941296601523334,2.7463181411266326,-0.04120410101067908,0.40528403556603776,0.3352839949019071
site_5edf4f1cdc32395a,114,0.059839113376680554,-0.0064675796711654,0.05948856951469213,0.05483182057204836,0.06748046358491536,0.059488569514692155,1.2306807047606019,0.5434011193675082,0.4082020218266242,-0.7373040825128556,0.22921134176863392,0.34274425438596495,0.5191118780824
site_5f27021d111ffc54,10,0.04967318411289097,-0.033433364784717555,0.0367373834000895,0.03347372103606052,0.021842841685085535,0.036737383400089536,0.6525370054185106,0.16956889770460615,0.024674252199131642,-0.33433364784717556,0.001239821968972682,0.011204900000000004,0.004771097328797103
site_5f52ef3c28075a93,123,0.04087286676321775,0.014651251516691069,0.03815667787476273,0.05230450635861821,0.04963526067628974,0.03815667787476285,0.9489671948335163,0.720969817347452,0.20548272220558123,1.8021039365530014,0.2302245379150883,0.3364986504065041,0.30303006959559786
site_6009b70703dc2497,93,0.0647686009682842,0.021942698683789976,0.06093840862593332,0.08207340859374809,0.04965161148139703,0.06093840862593346,0.6049658754538338,0.6733415441983571,0.39013236543916063,2.040670977592468,0.25518443328911256,0.6264521290322581,0.22927127461106256
site_613f62e07f148531,126,0.08071170403288448,0.0558647012573386,0.058253878165494294,0.04559188861389942,0.08501448172804352,0.058253878165499706,1.8646843619047946,0.7627209314566413,0.8208117751543846,7.038952358424663,0.3724917896415979,0.2619061587301587,0.9106602250394684
site_617d5a69b08b72f8,37,0.10478181630062212,-0.06800364475797961,0.0797165812543904,0.07206473836561744,0.0572435483206516,0.07971658125439124,0.7943350606537812,0.2563991827958824,0.40623147400852083,-2.5161348560452454,0.03913521474338061,0.1921530810810811,0.12124248150053468
site_617d695493df2178,92,0.09657530508740608,0.08741131634038427,0.04106155535737573,0.06069567942568218,0.0746023154434303,0.04106155535737583,1.2291206911156807,0.835176214326416,0.8580646388507518,8.041841103315353,0.34791730353657324,0.3389248260869565,0.5120265031959391
site_6198a28ec3f8f86a,57,0.03571607567377081,0.025120094017396892,0.025389346941023586,0.016859985757086134,0.031774611370145554,0.025389346941023933,1.8846167385871546,0.6059758094060802,0.0727113695074678,1.431845358991623,0.0185040841167956,0.0162027698245614,0.05754867788025564
site_621b9dc6415ad601,132,0.061041030025497434,-0.014878317884784754,0.05920002536733387,0.07593520439361019,0.03330038647328299,0.0592000253673345,0.43853686493909216,0.66644239827747,0.4918329697477256,-1.9639379607915877,0.22244824813703698,0.761132495151515,0.14637687758364115
site_621eb1eb5435955b,195,0.06223135601994097,-0.008618441937519952,0.061631681225245184,0.11636337178523204,0.0786467665642703,0.061631681225245566,0.6758721869062542,0.8701909470121175,0.7551846260557253,-1.6805961778163907,1.552910195225286,2.6403846871794867,1.2061362087478908
site_6277027d8a1380c0,524,0.08496399728480346,0.07129670683698346,0.04621320621654948,0.062282883298764025,0.034754317038193275,0.04621320621655035,0.558007516631507,0.6817335630106041,3.782693557336735,37.35947438257933,0.7732562351081491,2.0326785572519084,0.6329199776626158
site_62a63d63c871f1e4,95,0.10615036371522733,-0.007567846748264216,0.10588025034193034,0.07877731837467375,0.07787828827073667,0.10588025034193055,0.9885877036374711,0.08641066672277824,1.07045047310313,-0.7189454410851005,0.05036264743620235,0.5895572595789474,0.5761776394780963
site_63012b87359e4210,129,0.08388520929851237,0.07018533141391223,0.04594287315106156,0.04944230652162411,0.06123640868897513,0.0459428731510617,1.238542717706601,0.6743952923111721,0.9077379557381242,9.053907752394677,0.26339812303028365,0.3153458759689922,0.4837368096368915
site_6307ca95d0b03b26,71,0.028052191409425557,0.0019465133126352876,0.027984576623468548,0.04272980392679444,0.024873786334873957,0.027984576623469308,0.5821179609784363,0.7815786398904964,0.055871706443844475,0.13820244519710542,0.058979872581845436,0.1296343661971831,0.04392807251094033
site_63148af2428e7132,211,0.07721429917511925,0.06157054147731636,0.04659524030729842,0.05252273314395938,0.057546621244013205,0.04659524030729852,1.0956516883133987,0.6450169019213039,1.2579921273891175,12.991384251713752,0.41135871024006065,0.5820725118483412,0.6987504731030034
site_633f81ba98074791,63,0.0727299621491211,0.022030410571703834,0.06931311855813982,0.06551589945487049,0.03881765159981441,0.06931311855813987,0.5924920808963828,0.19558925254100334,0.33324778583539305,1.3879158660173416,0.03133729471479143,0.27041698412698406,0.09492903477064818
site_6367b6400c1e48bd,400,0.07755134858644276,0.044368238833308225,0.06360558977327761,0.07382420859675708,0.047084130808655755,0.06360558977327795,0.6377871392545352,0.5209021215353172,2.405684667030383,17.74729553332329,0.7242516197075173,2.1800055099750004,0.8867661496026426
site_638a0536fcb5886f,372,0.037520392193553104,-0.01423602065331833,0.034714774179250174,0.046977141211981564,0.026328590396888403,0.03471477417925021,0.560455355894949,0.6851849497117067,0.5236940968931911,-5.295799683034419,0.3152571515703514,0.8209488682795698,0.25786841809081024
site_639be43d81e5bd5a,671,0.16278055126766014,-0.12380240658649563,0.10569045365781786,0.10708313036524551,0.03106579796582741,0.10569045365781786,0.290109169015384,0.18959296831519237,17.779827781443238,-83.07141481953857,0.42320259123111226,7.69422065871833,0.6475712319831699
site_63bba9458fdad7de,128,0.12193813825692587,-0.050486961019411684,0.1109953887717394,0.09727780967856633,0.05121762528171092,0.11099538877173946,0.5265088250953489,-0.0234587571398926,1.9032204238803414,-6.462331010484696,-0.014960571726877238,1.2112604487499998,0.33577537785571243
site_63e7e96910147c52,10,0.027955854821944542,0.009196919693946834,0.026399744070136986,0.038586252733324604,0.03646920921855143,0.026399744070141187,0.9451347730134777,0.7539583456767064,0.0078152981882564,0.09196919693946834,0.01060977817028761,0.014888989000000004,0.013300032210264767
site_63fc50b0256f0fb6,2,0.07254470244793282,0.04554005414247514,0.05646979123353957,0.10999999999999999,0.05353020876646094,0.05646979123354006,0.48663826151328127,,0.010525467706518219,0.09108010828495028,0.01177664592862129,0.024199999999999996,0.005730966501161783
site_6411ebbe96528026,629,0.16285163007597103,-0.13454375889905873,0.09175309455115323,0.11932053666975967,0.05067790582208118,0.09175309455115326,0.4247207332157841,0.6934949772678316,16.681491000174177,-84.62802434750795,2.637714723611892,8.955318606359302,1.615429337123878
site_651ac46c08004df7,214,0.0754922446613224,-0.0015963198583816827,0.07547536529831901,0.10170371982012809,0.04862039061481425,0.07547536529831907,0.4780591181994489,0.7089217453218882,1.2196029068570615,-0.3416124496936801,0.7501832318804671,2.2135403778037386,0.5058836700769431
site_651b6ffa617fc102,117,0.0962951808663697,-0.05076318329542112,0.08182824133392048,0.09794072622190715,0.05374703517185305,0.0818282413339205,0.5487710500540586,0.5495101218948045,1.084913137396162,-5.939292445564271,0.3384382109259438,1.1223091447863247,0.3379830234024359
site_653b7646a624636a,25,0.050759016251256166,-0.014932759898900987,0.048512786073333924,0.08456618709626207,0.08143153351550973,0.04851278607333401,0.9629325420905623,0.829832720055416,0.06441194326988219,-0.37331899747252467,0.14286305297613144,0.178786,0.16577736626718964
site_655489b2dd82c473,432,0.09437527863164577,0.08850135705316509,0.032775036484326926,0.02658597445743731,0.04253644932475011,0.03277503648432707,1.5999582559160523,0.6375431191255031,3.847691469657934,38.232586246967315,0.31146347717126766,0.3053436643518519,0.7816389931398389
site_655b8133c0a83295,77,0.08799730736001393,-0.031540197578343476,0.08215072756422684,0.08222761501634823,0.062396537542090215,0.08215072756422757,0.7588270379687498,0.38064518195957303,0.5962515099011827,-2.428595213532448,0.1503797113736729,0.5206263116883117,0.29978624808759347
site_657937702d0a4647,131,0.07406292282760334,-0.05478225628155788,0.049841959576939175,0.062484535001768836,0.03033770304820341,0.0498419595769394,0.48552338666430983,0.6173312916141959,0.718576466447546,-7.176475572884082,0.15330094260341337,0.5114655419847329,0.12056928563756714
site_6641dc35f7f7b1d6,5,0.08200152938892295,-0.07480197732448576,0.03359933050626917,0.028336548837146692,0.04998715075669266,0.03359933050626917,1.7640521802416518,,0.033621254110611974,-0.37400988662242884,0.0054319005757570244,0.004014799999999998,0.0124935762038616
site_667d683049a1748d,80,0.08522734061217926,0.048156123144924644,0.07031847119694279,0.09123269613329422,0.03481522695768669,0.0703184711969428,0.3816090988566249,0.72267044017439,0.5810959670259537,3.8524898515939716,0.18363269921559838,0.6658723874999999,0.09696800224921875
site_669ad6ba4bcd30e6,57,0.04851492046360503,0.03375323208382255,0.03484848391946963,0.05604167314564009,0.05706234418051964,0.034848483919469916,1.0182127152454397,0.8102838217426223,0.13416075793262555,1.9239342287778853,0.1476973574943187,0.1790181403508772,0.18559833403243675
site_66c5aa948cb00d80,6,0.07586867105677803,0.0740836498339971,0.016360564635589145,0.024451766580124407,0.01995153645418971,0.016360564635589898,0.8159548059160394,,0.03453633148752953,0.44450189900398257,0.0021848538617293043,0.003587333333333333,0.0023883828412971653
site_66cab69faab895b3,471,0.09373360800180396,0.030844920446412075,0.08851316371981263,0.08392976881627574,0.049495553301871914,0.08851316371981274,0.5897258386380029,0.19973226776632494,4.138200945715884,14.527957530260087,0.3907971164218274,3.3178210700636943,1.153860414226127
site_67582d7e0a88b810,49,0.037264315947417095,-0.025984143873866723,0.026710550540397296,0.03787679230415345,0.04776647071155137,0.02671055054039747,1.261101265597759,0.8298601798839729,0.06804283290841727,-1.2732230498194694,0.07356942342829947,0.07029791836734692,0.11180015048763725
site_6770b4e6f1f2e8bb,271,0.07384096172135242,-0.007070863035772119,0.07350163619854722,0.062007567659929944,0.05233146069393784,0.040897916341630876,0.8439528055823915,0.7566966864615111,1.4776241471701774,-1.9162038826942442,0.6654243300228007,1.041978319164314,0.7421556619358747
site_68221dfdbb1b1ea4,128,0.12283355834320756,0.037146864580921826,0.11708199480304746,0.12578338095050492,0.05041099727161568,0.11708199480304746,0.4007762940594842,0.36702670436222457,1.9312746310725344,4.754798666357994,0.29789017998066264,2.0251467421875002,0.325282386677612
site_68322e90dd9563bf,434,0.1492650412482425,0.14443953183046135,0.03764670215884354,0.05430036750745142,0.05567797850456885,0.03764670215884391,1.0253701965631885,0.7659246305447251,9.669542801856355,62.68675681442022,1.0049905849847307,1.2796619815668202,1.34541618401417
site_68a69fed5c9dc2db,169,0.09454509590551158,0.03417765530820429,0.08815136435368405,0.09944242756834856,0.042707983234323905,0.08815136435368437,0.42947446355299346,0.4641062664273742,1.5106530020032227,5.7760237470865246,0.333107888995543,1.6712065917159762,0.30825123959841627
site_68bc9d9136a91d21,185,0.06229030824731794,-0.020939236124786174,0.058665414786365694,0.042326490573122995,0.04901113068998757,0.058665414786365895,1.1579304125230092,0.18124922215823788,0.7178152627859888,-3.8737586830854425,0.06955924554145014,0.33143338378378384,0.44438682232954263
site_68cc6a1e0541208f,9,0.08639523078597205,0.039668883079952665,0.07674969457757091,0.08518190267427629,0.01545750942222533,0.07674969457757091,0.18146471183360027,,0.06717722312305235,0.35701994771957396,0.007219689853489398,0.06530360888888889,0.002150411377843664
site_68df3e54f8cc23c6,117,0.08011456383381135,0.07387450874463104,0.030998391829597582,0.05615548658312375,0.04597036409245627,0.030998391829597627,0.8186264048199275,0.8339787902536548,0.7509461705789745,8.643317523121832,0.25189004600130854,0.36895232478632484,0.2472531018507802
site_68e0a7cac180b7fb,385,0.10644697393722348,-0.08960097814186826,0.05746845200988434,0.0833265780137073,0.0457372542889022,0.057468452009884444,0.5488915467208839,0.7520858288925714,4.362418930250895,-34.496376584619284,1.1035239709628286,2.6731776623376624,0.8053801255067654
site_694aad5289524593,35,0.1144380181702397,-0.07970385885579245,0.08211793279319704,0.13300396188667096,0.0725185596500682,0.08211793279319744,0.5452360863645498,0.8400835040327593,0.45836210009562395,-2.7896350599527358,0.28359870848826,0.6191518857142857,0.18406295228021752
site_69670e737191984a,288,0.13398376060251105,-0.11531673053196734,0.06821803108129564,0.09884129238454399,0.05832716546503466,0.06821803108129575,0.5901092960026431,0.7387479534416398,5.1700746542950045,-33.21121839320659,1.2265861747426292,2.813645111111111,0.9797927705814331
site_697fb58ab8720f1f,11,0.12041464695249046,-0.0291117048166015,0.11684261141965283,0.08030020944159258,0.0959391686983978,0.11684261141965283,1.1947561452897633,0.12982013706157294,0.15949655920762212,-0.3202287529826165,0.011001385359466074,0.07092935999999998,0.10124756499593596
site_69dbfe52882f2d4a,41,0.020001248634038873,0.013466431135084573,0.014788684167452718,0.02210281421431991,0.012900594101043349,0.01478868416745272,0.5836629659894326,0.7649845863187597,0.016402047823746314,0.5521236765384675,0.008943218171432978,0.020029910243902438,0.006823438454554853
site_6a1c5e38a054464b,129,0.06470697634518581,-0.03494321062102798,0.05446067222529404,0.07102085268098324,0.030544987309422164,0.05446067222529408,0.4300847730824413,0.6939911164270738,0.5401220696180002,-4.50767417011261,0.19420904501930686,0.6506710355038761,0.12035651621552618
site_6a31951f1e7ac87b,178,0.04909884374368021,0.03720057634657689,0.03204393197547438,0.05379300759112447,0.04997165988368098,0.03204393197547526,0.9289619993645049,0.8117255434575195,0.4291039693400059,6.6217025896906865,0.38839963838943603,0.515076404494382,0.4444956888923917
site_6a5dcbf93bf1dcc1,110,0.061564931200765304,0.017338087216290557,0.05907310289323954,0.09400310395789603,0.05413940166058174,0.0590731028932399,0.5759320637415416,0.8132820570080267,0.4169264829130461,1.9071895937919614,0.45529147842472245,0.972024190909091,0.32241822933823805
site_6a951d61e5b0518b,6,0.02417207330897809,0.0060230601032574965,0.023409653458502086,0.057964376032947074,0.07551020838039031,0.023409653458503273,1.302700271240221,,0.0035057347683276653,0.03613836061954498,0.02554094575047493,0.020159213333333335,0.03421074941789981
site_6af774998b80a846,413,0.2631503691906365,0.2518881952029452,0.07616071114801432,0.06786904268052094,0.024752040543189722,0.07616071114801433,0.3647029568356324,-0.17310089685682203,28.59947224053451,104.02982461881638,-0.12009698390130846,1.9023634721549638,0.2530300300643553
site_6af9b829a3e0be45,70,0.11208293559689854,-0.029707985443728324,0.10807414146267243,0.14303219275137086,0.06470586757463423,0.10807414146267243,0.45238674126398065,0.7004325455163443,0.8793809116412954,-2.0795589810609827,0.45377630931351864,1.4320745714285716,0.29307945090102705
site_6bb6d38be9a11acb,136,0.08731369071129046,0.05013083412910209,0.07148832111014597,0.08791988948726233,0.08096754997916644,0.07148832111014664,0.920924155516561,0.6444382496222213,1.0368205596452569,6.8177934415578845,0.6239048322114984,1.0512673475735292,0.8915812043495188
site_6caf07a2afe1dffd,660,0.1502834740418754,-0.14408187329118902,0.04272629587264479,0.03945644272308343,0.03162859273892874,0.04272629587264526,0.801607812465691,0.2931372897334609,14.906180896262722,-95.09403637218475,0.2414419893626914,1.0274951757575757,0.6602427999057103
site_6cb3e406456efe20,55,0.03747434350243293,-0.02433767531373284,0.028495683554911534,0.028467427580620118,0.02980333115609948,0.02849568355491219,1.0469274426604251,0.5225151697340898,0.07723795315160853,-1.3385721422553063,0.024382297494397926,0.04457169381818181,0.048853120140007145
site_6cb8ba95bd0dee4d,341,0.06598083542562269,-0.029613660872594354,0.05896186677155058,0.0826569448695578,0.07850754357645902,0.05896186677155059,0.9497997258470294,0.7334580872942756,1.4845334894209192,-10.098258357554675,1.6230070956669462,2.3297701524926686,2.1017311298576775
site_6ccc6476b82407ef,37,0.06931212540300949,-0.04184162735294652,0.055258021574606436,0.08007879611082781,0.04132643306971513,0.05525802157460645,0.5160721074342824,0.7655591797621434,0.17775431693165297,-1.548140212059021,0.09374021610698187,0.2372667027027027,0.06319134059982884
site_6ce971c90b49aeb0,57,0.08689493406598116,-0.07288423458024076,0.04731403508456716,0.0547489648069256,0.030087666367129937,0.04731403508456742,0.549556808484604,0.5051085511924869,0.4303915852808792,-4.154401371073724,0.04742681861768167,0.17085460140350875,0.05160025704292415
site_6d0e46f32994dd93,485,0.04709302933995195,0.021169000006213627,0.04206693298958818,0.04810719996959778,0.05876362730890815,0.04206693298958819,1.2215141880226847,0.7070932778747787,1.075610405020584,10.26696500301361,0.9694761350741704,1.1224368041237112,1.674784488832624
site_6d48a42f8098677d,204,0.07138633736864822,0.06132010511031337,0.03654933477056156,0.059571649550932755,0.07608459932206228,0.03654933477056158,1.277194771264664,0.8827159558596857,1.039585869233734,12.509301442503928,0.8161829688288271,0.7239514117647059,1.180928715815747
site_6d6ecd1531a550b1,62,0.09505742357649234,-0.07515458295758694,0.05820397269492749,0.10573485972901592,0.06056100817506028,0.0582039726949275,0.5727629310737246,0.8948196636301821,0.5602266541740423,-4.65958414337039,0.35525360890429825,0.6931513548387097,0.2273934140931425
site_6d764ff710881490,548,0.041305549468747836,-0.02720321022158992,0.03108269245987484,0.04997190946629732,0.0465445510380198,0.031082692459875036,0.9314142992556839,0.7948366780510678,0.9349693324695156,-14.907359201431275,1.0131021758364718,1.3684610711678833,1.1871845867692947
site_6eaed325c7afd5f2,128,0.03815888047631498,0.034476238983031364,0.01635509415413441,0.016433540379043356,0.018165622176078536,0.016355094154134567,1.1053991870944617,0.557007675643438,0.18638082037832868,4.412958589828015,0.021283966313156995,0.034567839921874996,0.04223869811763664
site_6ec0b265c8640204,38,0.029284551648762588,0.00818998776689956,0.028115993058170276,0.027717310610505204,0.026794134498991103,0.028115993058170384,0.966693157049508,0.46836009901133024,0.03258822868022365,0.3112195351421833,0.01321765182226112,0.02919347368421053,0.027281174454900955
site_6ed688016a61001c,62,0.041831177552417095,0.0047333682494778775,0.04156251484735588,0.04897456784950518,0.0320030050531258,0.041562514847356,0.6534617140771596,0.5408096485347246,0.10849053975615433,0.2934688314676284,0.052552997629224295,0.14870751435483873,0.06349992461068454
site_6f1d891d977773b1,32,0.037986300283601025,-0.01455015696026385,0.0350891997866522,0.05133711156110655,0.041872935110562955,0.035089199786652266,0.8156464950452386,0.7344477042923616,0.04617468829554904,-0.4656050227284432,0.050521436424693096,0.08433596874999999,0.0561069662327493
site_6f28bfb579cd23b2,141,0.07483706575781036,0.0036500334294975235,0.07474800109168392,0.09158899281270898,0.08338041446677057,0.07474800109168397,0.9103759295320105,0.6385963479592837,0.7896826839846753,0.5146547135591508,0.6876269284995629,1.1827846482269504,0.9802733858477124
site_6f4dcb1e04a51328,266,0.060004568000827235,-0.020222763687237764,0.056494141376040384,0.04702640402698127,0.05349451330640351,0.05549409689675112,1.137542076908776,0.3962290455936535,0.9577458161369294,-5.379255140805245,0.2651422616151774,0.5882543917385621,0.7612023457344692
site_6fa03518f2e15749,74,0.06741050181531286,-0.03844027094985988,0.055376180116487414,0.10000801647926467,0.05728269030136446,0.05537618011648742,0.5727809861446583,0.8916803366962279,0.33626900586943,-2.844580050289631,0.3780063798274542,0.7401186486486487,0.2428166890039905
site_70208b23c7d145de,47,0.17381049464986767,-0.1601155930478522,0.06762458808278438,0.047286902566868266,0.043620490397588065,0.06762458808278439,0.9224645309746068,-0.10527251511724289,1.4198741383702889,-7.525432873249053,-0.010205734547084953,0.10509440425531914,0.0894291175787254
site_7062702ffcf77fca,399,0.04435047291176211,-0.03249959217217333,0.030178484987476672,0.08608693131198943,0.08343705965443114,0.030178484987476863,0.9692186535496913,0.9370917991300067,0.784818814551281,-12.967337276697158,2.6856613612154074,2.956972937343359,2.7777354265870633
site_70a4655a50185729,555,0.02863786738687398,-0.0017698677541973348,0.028583124682246216,0.058908875635183995,0.04723396159376234,0.028583124682246268,0.8018140065391322,0.8776834673686208,0.4551707338998402,-0.9822766035795208,1.355395397806087,1.925991873873874,1.238231155951764
site_70a6cc65be0123f1,70,0.07253156137531047,0.06490944177252907,0.03236652227717846,0.06977799928110198,0.07576713846584766,0.03236652227717964,1.0858313400563167,0.9043176595923872,0.3682579176878301,4.5436609240770345,0.3346712841730033,0.34082784285714285,0.4018461489912053
site_70dba7fc35b9a591,3,0.08067324494705858,-0.07458544977506001,0.030743830798066012,0.08112678691748833,0.05068449078397713,0.03074383079806962,0.6247565410858295,,0.01952451735086434,-0.22375634932518004,0.012307935044169426,0.019744666666666667,0.007706752818093188
site_70ecc850263e23bf,307,0.08665797512173921,-0.06749481548897995,0.05435121465347877,0.06720525191563823,0.04924001022063868,0.05120320542401573,0.7326809857427355,0.6526309733747473,2.305448628225392,-20.720908355116844,0.6630211837424334,1.3865795867086295,0.7443456322042807
site_719e76f9794e1f46,104,0.11103454310121931,0.05450143791689323,0.09673811568708356,0.12703211367949516,0.05640316390828182,0.09673811568708356,0.44400712760387706,0.6950588643778178,1.282181655216439,5.668149543356896,0.5179310124589703,1.6782644222115386,0.33085695748190846
site_71caeba631cb8f76,161,0.05310509000701201,-0.006472392362837467,0.05270919010717514,0.07159939162224704,0.04001848412115862,0.05270919010717683,0.5589221250969995,0.6892287802047753,0.4540442441291084,-1.0420551704168322,0.3179503050372838,0.82536213378882,0.25783813048822335
site_71e9fd683ed1988c,57,0.08292785793330507,-0.06664285353348967,0.04935341623758452,0.09840002589914755,0.06145483920764211,0.04935341623758452,0.6245408844772926,0.9114614736841653,0.3919906884201663,-3.798642651408911,0.31416982594308884,0.5519062105263158,0.2152717439361173
site_72da2835c7ea074f,53,0.05331039730532267,0.03928297557695857,0.03603951013362184,0.02941610428270942,0.02059828615666196,0.036039510133622235,0.7002384122213453,-0.007632762204531817,0.1506259184251218,2.081997705578804,-0.0002451172330750614,0.045861281132075486,0.022487337807361785
site_72f791e7a3b14404,210,0.09503223483093441,-0.008189924005553838,0.09467867131379229,0.09892015738002866,0.04706992847543747,0.08164689412761941,0.47583758176410457,0.5728491890193134,1.8965363879619912,-1.7198840411663059,0.560128840119003,2.0548914825788236,0.46527141500338787
site_734432da6e99253a,201,0.06175607377636877,0.04187738941735889,0.04538829038264362,0.05636410211409862,0.03245798232580906,0.045388290382643685,0.5758626698266908,0.5931613023670673,0.7665763423027327,8.417355272889138,0.21811873985315436,0.6385593134328358,0.21175764394916913
site_73483f87b1a225a5,300,0.07190985606368779,0.010776974222660064,0.0710977090046115,0.10228068846724357,0.05630001140466588,0.07109770900461182,0.5504461521364957,0.7446634866399495,1.5513082197300883,3.2330922667980193,1.2864219437691569,3.1384017699999998,0.9509073852496526
site_734a8ec3d3587deb,510,0.10970415714018432,0.10624840404543222,0.027318102636106248,0.03817370726275138,0.040389965192874,0.02731810263610639,1.0580571835705666,0.7595828759213246,6.137851067857509,54.186686063170434,0.5972871331208769,0.7431882823529411,0.8319881370236025
site_73fced68c3c0a0ff,515,0.06176296027769413,0.017519803009912804,0.059226005814657756,0.06600998664793696,0.06481263785593788,0.0592260058146581,0.9818610962855496,0.5902225886976494,1.9645515800659719,9.022698550105094,1.300446224074572,2.2440189436893205,2.1633491833101504
site_741bd07218da164c,66,0.020304387481567335,-0.010008258830868838,0.01766643444999483,0.022582272244902273,0.009543878989100614,0.017666434449994838,0.42262704503773096,0.6703285622455544,0.027209697966107466,-0.6605450828373433,0.009535077410942,0.033657295303030306,0.006011651326467346
site_74428aba30f813ae,171,0.03718827560699988,0.020954349391014256,0.030722680290324326,0.05189618521505716,0.06705146652189567,0.03072268029032434,1.2920307387534404,0.8973765860262107,0.23648750108839317,3.5831937458634378,0.5339671751224245,0.4605396008187134,0.7687987568280092
site_7463527a899d9995,969,0.07528485633895783,0.028867587727351336,0.06953036727057606,0.087765574681036,0.077195538211472,0.06953036727057611,0.8795651198322533,0.6514635362142113,5.492107496564216,27.972692507803444,4.276911756720983,7.4640094200206395,5.77441743504631
site_74ac127e792b6d34,11,0.0864706882949176,-0.08480472454807975,0.01689196934999345,0.020652008486959673,0.01932507801762967,0.01689196934999481,0.9357481152417758,0.6447297748294116,0.08224897927616479,-0.9328519700288772,0.0028304400652647025,0.004691559999999998,0.00410804504426221
site_74d6733a337aa5b5,241,0.05452226651560655,0.029824146692436264,0.04564206196116554,0.06300647379505633,0.0575070257675119,0.04564206196116743,0.9127161433373862,0.7167022545251908,0.7164152885857183,7.18761935287714,0.6258379498837647,0.9567255933609959,0.7970009810426919
site_754a56eb31e06ac7,75,0.07151276741272147,-0.03231023362000784,0.06379752899953503,0.11176147139729725,0.05580264510603767,0.06379752899953504,0.49930127447648437,0.9247397127244329,0.3835556927269499,-2.4232675215005877,0.4325413868727287,0.9367969866666668,0.23354514006227922
site_756658a5e0df9526,54,0.3366773800385505,-0.3340723424558287,0.04180105543760994,0.05108336622828042,0.02723500007807248,0.041801055437609966,0.5331481084540358,0.5764316181022856,6.120989544399619,-18.039906492614747,0.04330603706671133,0.14091355648148152,0.040054242379640836
site_75a0a6603ab1116e,378,0.05091495864377009,0.00408257384590371,0.05075101579761297,0.09667253597122769,0.08773756496086525,0.05075101579761399,0.9075748771810257,0.8528715543732089,0.9799018791773975,1.5432129137516022,2.7344130493454517,3.532628941798942,2.909798755389055
site_75b87fcb8d56b55c,180,0.10790692808635848,-0.09526768070386517,0.05067518270653729,0.07387945143573038,0.061380962109449724,0.05067518270653738,0.8308259051279853,0.7340824002123122,2.095902923226217,-17.14818252669573,0.5992039540426681,0.9824712019999999,0.6781720517067065
site_75f094d197034591,390,0.05060376878174555,-0.040038173526372664,0.030946503446891004,0.03546651326878781,0.036115377724319296,0.030946503446891475,1.018295129566698,0.6263271440840269,0.9986891518173826,-15.61488767528534,0.3128790592252444,0.49057068974358975,0.5086849981864008
site_76b0c722c519421c,779,0.05639921153311189,-0.04768134540943034,0.030122422902271618,0.040418565595877066,0.02102573238757505,0.030122422902271677,0.5201998655221897,0.6874207683599363,2.4778985569526704,-37.143768073946234,0.45508459649306743,1.2726214865211811,0.34438142807602556
site_7701ccd363543751,52,0.021638383293419782,-0.006304630504204675,0.02069954747714066,0.04547414572033303,0.051342149574865666,0.02069954747714105,1.1290404418066693,0.9156142160431716,0.024347420840753312,-0.3278407862186431,0.11116151764129217,0.10753069230769231,0.13707284879432968
site_772df34a4c6e4a0a,60,0.19643742387729773,-0.19131140234629312,0.0445826068309592,0.044547060602618135,0.027167379349576505,0.04458260683095991,0.6098579565534749,0.30362004045460583,2.3152596899729487,-11.478684140777588,0.02204694831639528,0.11906643649999998,0.04428399004342776
site_783ea304b6cb08b0,11,0.17006024732673916,-0.1669416048786857,0.03241894941790176,0.03451624841952958,0.01766907653031694,0.03241894941790405,0.5119060540866784,0.37104564476171253,0.3181253649291486,-1.8363576536655428,0.0024891866396773935,0.013105085454545456,0.0034341589197761646
site_792ac7c0f3887a80,3,0.16919788254737417,-0.05007026284535724,0.16161959113025828,0.15293900745068276,0.008681424978418537,0.16161959113025837,0.05676396835004948,,0.08588377037554508,-0.15021078853607173,-0.003982777646183968,0.07017102,0.00022610141896772795
site_794f4adab7e8609a,986,0.07139070976108855,-0.0014993215835602228,0.07137496392280036,0.08664961290865873,0.06679972468036992,0.07137496392280165,0.7709177506746225,0.593967767006799,5.025280572029296,-1.4783310813903796,3.3898547676889037,7.403041241379311,4.399732372329997
site_79798e714cfe0874,3,0.11499364319601896,-0.06579264495770137,0.09431259642785353,0.07258178528773977,0.07238959643034916,0.09431259642785433,0.9973521062257052,,0.03967061392647995,-0.19737793487310412,0.0024202550729115805,0.01580434666666667,0.015720761014046458
site_7a906ff08163d278,8,0.1420403348249286,0.140758267557621,0.019041187761140225,0.04675608082110818,0.03190877658958353,0.019041187761141685,0.6824519084837027,,0.16140365373742255,1.126066140460968,0.01136693714335561,0.01748904875,0.008145360187551631
site_7c54957b5bc14b62,396,0.04126620397042817,0.03564695822500219,0.020789275106023544,0.022025910320260998,0.017835227492968047,0.020789275106023557,0.8097384958732868,0.4722594755032534,0.6743482376910768,14.116195457100869,0.07346633693417816,0.19211572727272727,0.12596575453146563
site_7ce6c15ef40a9887,868,0.13031433173508267,-0.11046019828181525,0.06914021732033558,0.07566468504602744,0.06250847298907072,0.06914021732033558,0.826124802489382,0.5129395735575522,14.7402241482271,-95.87945210861564,2.105804502627519,4.969425480783411,3.3915443816292328
site_7d5d2b00a197b946,177,0.128259456037025,-0.08929395030905299,0.09207105137402269,0.09956295488153498,0.03276877442117189,0.0920710513740231,0.3291261740891663,0.3845904949370449,2.911736387135698,-15.805029204702379,0.22209040137108435,1.754562411299435,0.1900612861406199
site_7dc3504cdb8699cf,179,0.061468552137545054,-0.0536083744917502,0.0300753235433696,0.043815180527190765,0.038617838008209,0.0300753235433701,0.881380323977978,0.7406950176599459,0.6763305394376109,-9.595899034023287,0.22433912218840757,0.3436388379888268,0.26694939682466057
site_7de361dfa684e7f9,3,0.01621530560980884,0.0010858651002248105,0.016178907039834666,0.04027681991198192,0.02915031621267839,0.01617890703983772,0.7237492005670112,,0.0007888084080584941,0.003257595300674432,0.00331530918677648,0.004866666666666669,0.002549222805897422
site_7df014884b3dac8e,148,0.14311351613410875,0.13621607205593905,0.04389373775288472,0.03602433790981813,0.052243270619372485,0.04389373775288473,1.4502215349566223,0.558028535009682,3.0312588180396354,20.15997866427898,0.155433450436874,0.19206743243243243,0.4039451801013303
site_7e8e5e3d7101de47,48,0.05054947745166722,0.039042839478453,0.032107730472525846,0.059163375348596274,0.04169150426319054,0.032107730472526144,0.7046843425943873,0.8529074229667133,0.12265198419055742,1.8740562949657442,0.10098192370248336,0.1680146391666667,0.0834327133309265
site_7f0acd7df3af84c3,388,0.11139875011875236,-0.0636401403027097,0.0914309251307874,0.09903529517662706,0.040748914367589185,0.09143092513078761,0.41145850370733467,0.3851799561861293,4.814956432871849,-24.692374437451363,0.6031168306618929,3.8055,0.6442639205892011
site_80ae082a98e7f1d4,133,0.05784280865145873,0.007367460225757798,0.05737169199623753,0.08540269575418945,0.058988826522793435,0.057371691996237685,0.6907138703510975,0.7425646034895291,0.44499013818767275,0.9798722100257872,0.49753910509816246,0.9700515187969923,0.462797660053317
site_81129771a744e168,1,0.037479539632797265,-0.037479539632797265,0.0,0.0,0.0,0.0,,,0.001404715891086421,-0.037479539632797265,0.0,0.0,0.0
site_8126bf120df6e8fa,258,0.048106520276869784,0.03379064847147742,0.03424075596458006,0.05492842855649593,0.041905527762390794,0.03424075596458007,0.762911462491402,0.7821636679965512,0.597073221632412,8.717987305641174,0.46450012356990067,0.7784201240310078,0.4530669003174824
site_814a74a697656439,144,0.11433083275523609,0.10855391097565491,0.03588297270844979,0.03232151845992938,0.05136088425450354,0.03588297270844993,1.5890616128749715,0.7213687170978996,1.8823016618648305,15.631763180494307,0.17244239447265863,0.150434,0.37986342212224944
site_81c3c43b60e335cf,79,0.09842920334221748,-0.07542309249111369,0.06324290623983458,0.08524339088629278,0.04600821211600479,0.06324290623983506,0.5397276156854872,0.6863422779903725,0.7653763375761042,-5.958424306797982,0.21264928024863897,0.5740484194936708,0.1672236909867919
site_81d19e24593ab11d,26,0.047172538617498816,-0.0034310081692842335,0.04704759911580741,0.05531043376109283,0.032612633721066084,0.04704759911580742,0.5896289633513394,0.5292525098535705,0.057856458390104844,-0.08920621240139007,0.024821567920538096,0.07954034615384616,0.027653180833834834
site_827e793321bdd790,11,0.1107277368498515,-0.05070334094979546,0.09843679659770911,0.127330732236569,0.053937672607540406,0.09843679659770914,0.4236029406265338,0.686713035039745,0.1348669487867896,-0.5577367504477501,0.05187921735590154,0.1783442690909091,0.03200199778950036
site_82fc0f846e9a1ddb,251,0.15418391782902266,-0.14735121781410448,0.04539051801651033,0.06195967850119999,0.08689339651812464,0.045390518016511824,1.402418453743942,0.8663968193299335,5.96694280979381,-36.98515567134022,1.170810206573912,0.963589441752988,1.8951660519724647
site_83403fd7c9ad70f1,108,0.06524511101982466,-0.059498546889313934,0.02677400661181205,0.04540135475452196,0.040106765220290594,0.02677400661181271,0.883382565060924,0.8108588628052564,0.45974784729483853,-6.425843064045905,0.159461362796332,0.222618565462963,0.17372368257503518
site_8350ab85e51c782b,81,0.08757235363253665,-0.05896915042532816,0.06474223056751348,0.06538657500920378,0.052902666294882626,0.06474223056751587,0.8090753535788665,0.41665747485824584,0.6211822867801066,-4.776501184451581,0.11674286488422456,0.34630773950617283,0.22669406018972454
site_84025ad53bb001c3,582,0.08211123803212104,0.01593358479967642,0.08055045801607315,0.09712693086174341,0.08064213598527051,0.08055045801607326,0.8302757563714394,0.6031529245160695,3.923992649299567,9.273346353411675,2.7494897859122647,5.490378886597938,3.784835684027313
site_841029a3fc0d0421,80,0.07713521337138476,-0.04695882537961006,0.06119403451984797,0.06869845226604454,0.05426797890012443,0.0611940345198496,0.7899447092339715,0.5257039127256091,0.4759872913479244,-3.756706030368805,0.1567912406735122,0.37755818750000003,0.23560108271234803
site_84dbfb194c437ec0,301,0.062279287318609405,0.039769424962839015,0.047928096843490656,0.06362632770447298,0.05178409306189738,0.047928096843490656,0.8138783885567061,0.6726898126463238,1.1674915983030845,11.970596913814543,0.6671363103563628,1.2185411827242527,0.8071592805672178
site_863f22c1c90857e1,146,0.042047811393023694,0.015415602499083296,0.03912004144340276,0.040772729973309975,0.0486153361875936,0.0391200414434028,1.1923493035520907,0.6294808773994269,0.2581306926697208,2.2506779648661612,0.18217068090902208,0.24271266438356165,0.3450638332443812
site_86b7f22d3a648755,251,0.0719475645101511,-0.008295361027109672,0.07146774814118788,0.10012945980962007,0.062083491391158104,0.07146774814118824,0.6200322213782018,0.7056052308421973,1.2992894617745305,-2.0821356178045276,1.1009650148891061,2.516503089163346,0.9674443357323166
site_86deda94196a1d6c,8,0.016814133685842853,-0.002930976910889147,0.01655670456199633,0.06693551817794496,0.0591726213386879,0.016556704561996566,0.8840242512410263,,0.002261720732843163,-0.023447815287113177,0.03083055297555402,0.03584290875,0.02801119292873394
site_86f357dc9d6e4680,58,0.14678349844012434,0.10405947675129462,0.10352304435520021,0.10935828825954741,0.03627216140778347,0.10352304435520021,0.33168186870021504,0.3224227984446551,1.2496329340306749,6.035449651575088,0.07417864155877252,0.6936356422413793,0.07630884220515322
site_87666ca1581a674d,87,0.1406438132152497,-0.13268536430939862,0.04663985735192826,0.06475606432062356,0.04439293644295139,0.04663985735193153,0.6855409900013503,0.6937746441845475,1.7209193510281662,-11.543626694917679,0.1735129904654519,0.36482126436781603,0.1714537541244292
site_87ec218e6b6d4b81,397,0.04542319683150573,-0.02535056382492748,0.03769105628862092,0.03664557177826156,0.039656686832011116,0.03769105628862095,1.082168592482865,0.514344842271372,0.8191169237263037,-10.06417383849621,0.29674460093324223,0.5331304785894209,0.6243431657654048
site_88607d4559554ef6,42,0.05822543386772712,-0.053727289719241,0.022440576831039893,0.035382426425744774,0.020323928341410672,0.02244057683103998,0.5744074218330792,0.8075251611378336,0.1423884482615727,-2.256546168208122,0.024389372164294834,0.05258047619047618,0.017348606655525428
site_88b325bed90e5cd8,187,0.05026111415356884,0.0075387777842302345,0.04969251880794608,0.09319952033418968,0.06303352711122999,0.04969251880794615,0.6763288790028947,0.8672816705155252,0.47239558444416063,1.4097514456510538,0.9527677774293857,1.6243101604278074,0.7429931759953652
site_88edadfb8f5755a7,34,0.07006620421650833,0.020841465283842647,0.06689474043698676,0.039224853095276485,0.06983552455114858,0.06689474043698677,1.7803897029650901,0.3542313104689383,0.16691528109252132,0.70860981965065,0.03299161595632049,0.052312029411764716,0.16581801663735862
site_8905c26daaab430e,211,0.08803298082464664,-0.07598014471259726,0.04446148133300757,0.06516121103503932,0.04896592379200269,0.044461481333007584,0.7514581606789368,0.7313211309344317,1.6352090054161195,-16.031810534358023,0.492349699270351,0.8959025023696682,0.5059066171816893
site_8922fa4ef2bfa4f1,176,0.09414292665178339,0.06843686551532963,0.06464739806828852,0.06597570693034428,0.04310165110569188,0.06464739806828856,0.6532957828128718,0.35715570737843055,1.5598687523871,12.044888330698013,0.17875089372762223,0.7660917272727273,0.32696440973447505
site_899e1b3be68444b6,2,0.14512977286270903,0.14420209803581235,0.016383097791671755,0.025599999999999998,0.04198309779167175,0.016383097791671755,1.639964757487178,,0.04212530194236304,0.2884041960716247,0.0021495346069335935,0.0013107199999999996,0.0035251610003701472
site_89b67bc04797f8a3,780,0.03880510685689758,0.017736560667554534,0.0345145003420504,0.03002518173902597,0.04104179107593875,0.03451450034205046,1.366912328213943,0.5658946139475842,1.174552328176687,13.834517320692537,0.5439288735352457,0.703179,1.3138543194823846
site_8a227a0556c22f70,136,0.043293812862369774,-0.02096920942296,0.03787672752942022,0.06560314944766311,0.06316521218075255,0.03787672752942107,0.9628381062885478,0.8276111004902345,0.25491217557401763,-2.85181248152256,0.46641001160886575,0.5853131575735293,0.5426187880581707
site_8adbe57839dd7587,31,0.055911492803840585,-0.053216135696057355,0.017150449823043354,0.012507229959055654,0.013054417822198431,0.01715044982304336,1.04374972435416,0.10017080321677584,0.09690894585417144,-1.649700206577778,0.0005070158002838006,0.004849354838709678,0.005282952564972493
site_8b5408c589cc3993,120,0.12665108932634983,-0.09434015619834264,0.08450108493991872,0.08819829703571379,0.030992008812242663,0.08450108493991995,0.3513901045016004,0.29249031455820934,1.9248598113061255,-11.320818743801118,0.0959406512516737,0.933472752,0.11526055322617523
site_8b64753d75204fe6,178,0.12144978162528,-0.03764021811056673,0.11546975117933338,0.11118993593674281,0.05731964924974752,0.11546975117933381,0.5155111275750469,0.18165282153895088,2.6255088033154195,-6.699958823680879,0.20607777396192709,2.2006499299438205,0.5848265098403065
site_8b8c1728607fc339,11,0.0788816631345145,0.0730382856282321,0.02979472455579694,0.07558856116180805,0.09175048079063813,0.029794724555798048,1.2138143573633213,0.9548311424799909,0.06844548456753727,0.803421141910553,0.07284230630858379,0.06284993636363635,0.09259965797844583
site_8bf3ec991527937e,292,0.024528135534387402,-0.007364008157138955,0.02339659839923037,0.04562141821773009,0.04775491398911865,0.02339427261002379,1.0467652224489463,0.8754409936768695,0.17567579437563718,-2.1502903818845747,0.5569248284255448,0.6077436296575343,0.6659152885515712
site_8c584caec5491a2c,154,0.04445267129838761,0.012678312616688862,0.04260634195464335,0.08113238142631385,0.06117468216489595,0.0426063419546437,0.7540106809320777,0.8572516711116475,0.304310157776624,1.9524601429700847,0.6552318602926158,1.0136993506493508,0.5763206276483099
site_8cafedb38b43a4db,149,0.08164942153600513,-0.049508585372227146,0.06492709766811662,0.10546118493910432,0.07113973531878329,0.06492709766811662,0.6745584677420511,0.7975625532784656,0.9933275775374746,-7.376779220461845,0.8915709616494107,1.6571871677852348,0.7540684292427547
site_8cc96a31a772bfea,373,0.08869523515389947,-0.06927620240079174,0.05538639291315206,0.09165065045932753,0.062022354007401734,0.05538639291315208,0.6767257373140613,0.8073832970030281,2.9343330876490605,-25.84002349549532,1.7118763395762993,3.1331409651474527,1.4348461039390594
site_8ce1daba0ed42d33,7,0.07832844372950862,0.07176643317426955,0.03138350150206158,0.08287262170687873,0.05487310772521898,0.03138350150206166,0.6621379485170108,,0.04294741567960759,0.5023650322198868,0.03112901824712753,0.0480751,0.02107740565996441
site_8cee030029879195,657,0.14519040930473082,0.134871095667691,0.05375911557561012,0.06407762573347169,0.06479875767866874,0.053759115575612165,1.0112540365992424,0.6520450731983072,13.849727504827447,88.61030985367299,1.7787547730123752,2.6976039726027397,2.758663500831132
site_8e38800fbe0e21e5,171,0.040739344723139594,-0.013182915713076003,0.03854743755131767,0.041607609617375106,0.0694968601391983,0.03854743755131767,1.6702920638386491,0.8775599873000799,0.2838077096485071,-2.2542785869359965,0.4339212043708005,0.2960340334502924,0.8258981203344464
site_8e3ea373de88dc00,149,0.04699938606583057,-0.029858870483084814,0.03629586951760978,0.055335226554785746,0.04876966130584259,0.03629586951760994,0.8813492659609374,0.7639061734849055,0.3291324012941833,-4.448971701979637,0.307169237819894,0.4562361073825504,0.3543934997191034
site_8e6ad22dcccafcc7,320,0.06609533614464257,0.007870743157342078,0.06562503228360689,0.07619476867500484,0.03981192874968555,0.0656250322836069,0.5225021276656959,0.5083282569588877,1.3979499072234538,2.518637810349465,0.49343801311729474,1.8578056875,0.5071966946464126
site_8e827922ba5b5da3,25,0.04365993164659317,-0.03440226745653152,0.026882589630362243,0.011159222912013187,0.03248314359758145,0.026882589630362306,2.910878638566537,0.6303808167703767,0.04765474078462969,-0.860056686413288,0.0057126156093329225,0.0031132064000000017,0.026378865449527417
site_8ea1310ade5fc61a,6,0.037019126837422554,-0.028858330006400743,0.02318647323434181,0.08628036502524135,0.08136201836343786,0.023186473234343218,0.9429957596915054,,0.008222494510831072,-0.17314998003840446,0.04057940064004312,0.044665808333333334,0.03971866819303439
site_8eb987af49bead43,440,0.04403678285138508,-0.013434512763538145,0.04193747859261896,0.06812741162612912,0.05355309643686636,0.041937478592619225,0.7860726711702485,0.7880814736889219,0.8532648273160188,-5.911185615956784,1.265115773272108,2.0421914545454545,1.2618910207095757
site_8fa7ffd1566cb92a,51,0.051765457580653776,0.005428976858830921,0.051479984545459455,0.06789407466676178,0.03403983231414615,0.0514799845454603,0.5013667611086935,0.6745971214414063,0.13666279252525773,0.27687781980037696,0.07951223212576965,0.23508987411764704,0.059094219382734625
site_8fd20385af85644b,310,0.05550755085916957,0.03844585376718352,0.0400375390164735,0.04176149128091864,0.04560385075777362,0.04003753901647431,1.092007238223569,0.5830261310112878,0.955137342738822,11.918214667826891,0.34421296825441383,0.5406468677419355,0.6447104732205599
site_901a320e9c405a2e,98,0.04504156334349113,-0.023529416181603258,0.03840714780582685,0.045669371385158516,0.05620371378540207,0.038407147805827116,1.2306653689493736,0.7342716880046292,0.19881675798572093,-2.3058827857971194,0.18470255624700566,0.20439776530612244,0.3095680294405967
site_90c4f5b431597729,821,0.07410437071089888,-0.01977313093806591,0.07141765223923585,0.11173785338653891,0.060426807480692214,0.07141765223923593,0.5407908389975554,0.8172636554388184,4.508486819694288,-16.233740500152113,4.530387147999293,10.250470609013398,2.997798630155394
site_912580bb93bae080,334,0.04327763254192646,0.034291470434672816,0.02640167672444255,0.04433524401755523,0.04862921889756053,0.026401676724443397,1.0968524020823034,0.842621985023411,0.62556646179696,11.45335112518072,0.6067721652231084,0.6565150299401197,0.7898435108160105
site_912957a44bff743f,166,0.04369607396193279,0.02500003403953041,0.035837761895925115,0.042314771496204724,0.04145195892266942,0.03583776189592526,0.9796096601014922,0.6340995855682077,0.31695158202799234,4.150005650562048,0.18463014743027376,0.29722962120481927,0.2852319731554277
site_916f2628195f7cd3,128,0.021170745886942066,-0.0014216071734204892,0.021122961782239578,0.0258360213537156,0.012895320985975633,0.02112296178223962,0.49912178076602715,0.581710560710853,0.05736966162041273,-0.18196571819782262,0.024807026449090337,0.085439999921875,0.021285030826411977
site_917287f92c952f20,38,0.03867212784426564,-0.010072614299937296,0.03733732600452159,0.07256406401536915,0.051115257369869355,0.03733732600452182,0.7044155817822316,0.8740911745886477,0.05683027193612257,-0.38275934339761725,0.12320050317568607,0.2000906486842105,0.09928524236754338
site_91e14ae535f79ace,96,0.06242397048464683,-0.02928859939643492,0.0551264912402668,0.07714961114613605,0.03853091767680251,0.055126491240266834,0.4994311326316034,0.7397054833747578,0.3740882007425337,-2.8117055420577524,0.21109267586655914,0.5713980000000001,0.14252463523358705
site_91ea89ee8d5d5b53,178,0.08745884345593066,-0.07454044053594718,0.04574682528171663,0.06795773599882206,0.06474940025678697,0.04574682528171744,0.952789249157878,0.7633666780791092,1.3615307751595194,-13.268198415398597,0.5978990356185463,0.822049191011236,0.7462623003832214
site_91ee6299c921b981,293,0.09994995345681891,-0.07093131615969102,0.07041833272574849,0.0884706502014643,0.02969068930159921,0.07041833272574868,0.33559931156816336,0.7137803075184124,2.927068006433938,-20.78287563478947,0.5493532292795568,2.2933273924914674,0.25829035014280066
site_92ac3b6c2c87c639,732,0.06698172146303435,0.03853085263847002,0.05478982026895166,0.040459181415225275,0.04867011351806732,0.054789820268951676,1.202943604285384,0.25488139566847157,3.284155339430911,28.204584131360054,0.36739113143043683,1.1982440040983606,1.7339469232986613
site_92b0fa719fa97ab5,94,0.0893286510987531,0.07282563049615698,0.051730411268034356,0.04882004723699809,0.06783357203811402,0.05173041126803646,1.389461417536413,0.6505473739886,0.7500831432695398,6.845609266638756,0.20251148771248917,0.22403931914893616,0.4325309885723003
site_92d25300e45f668d,35,0.044631861671449724,0.029432048271383553,0.03355231155688638,0.04039826223783313,0.019095750792341992,0.033552311556886455,0.4726874309573333,0.5644736835315521,0.06972010766907981,1.0301216894984244,0.015240919388617788,0.05712068571428571,0.012762669441313046
site_92f4bc71b766e85f,213,0.12067435771430562,0.10949252050555368,0.05073153420803571,0.07759476760749293,0.07598233573900359,0.05073153420803574,0.9792198376487743,0.7819570872780311,3.101770029878921,23.321906867682934,0.9819912099499832,1.2824619154929577,1.2297161683475433
site_9325c992d0f1e0e4,864,0.11391119151683035,-0.09348564493783786,0.06508604876116324,0.0828518450934098,0.06282839332284108,0.06508604876116324,0.7583221985220289,0.6316114488746842,11.211056253605378,-80.7715972262919,2.840677127814878,5.930865995370371,3.410559654505594
site_93742f2df91eb28f,113,0.09556836874758427,-0.061298604566228064,0.07331980757822164,0.10567964792962681,0.06322029506405996,0.07331980757822247,0.5982258296901124,0.7326040377560488,1.0320643808733894,-6.9267423159837715,0.5530897723833148,1.262005242477876,0.45163904500250895
site_93e093b0ecc1d78c,41,0.09037820564873926,-0.06027719934742627,0.06734151242076793,0.06770100712145112,0.050245872426239443,0.06734151242076802,0.7421731900694133,0.37822231024260183,0.334897022307718,-2.471365173244477,0.05275049270333313,0.18792048097560976,0.1035105555308311
site_94398cd24f99ecb3,80,0.0824790426279579,0.07163579144775867,0.04087916164108214,0.051530208070121354,0.06559689818617638,0.04087916164108235,1.2729794938323038,0.782080264629244,0.5442233978259597,5.730863315820693,0.21148838155679406,0.2124289875,0.3442362441318072
site_947d9a648844f933,171,0.05120100053892505,0.008178419044666124,0.05054360412670277,0.07570941371040533,0.05862792850003719,0.05054360412670366,0.7743809603954112,0.7450958759745258,0.4482837600079775,1.3985096566379072,0.565539186252488,0.9801575204678362,0.5877670140351359
site_948f865f7f081052,88,0.05472809085797541,0.0114433571907607,0.05351834736950944,0.04972253109145285,0.05624080148864912,0.05351834736951074,1.1310928919770284,0.49547805410113366,0.2635744257483754,1.0070154327869416,0.12193035118275068,0.21756504863636364,0.2783464421835361
site_952481bd3cb76606,468,0.0945203270833442,0.08433358871406979,0.04268416622763635,0.04006566950554013,0.052475955182652405,0.04268416622763649,1.3097486159665006,0.6033447493660706,4.181155164549029,39.468119518184665,0.5936686934982355,0.7512606845299146,1.288743708251256
site_9563943b41248204,316,0.07591325205469576,-0.02986528544995603,0.06979173706473005,0.09019840954496701,0.04246598835328875,0.06979173706473005,0.4708063985553758,0.6615854110270474,1.8210517006562474,-9.437430202186105,0.8007798168226323,2.570897974683544,0.5698618127156432
site_956a5215e9d24ea6,175,0.06000185347306916,0.04980531685386386,0.03346121386456096,0.01670143486442444,0.03625543077948903,0.03346121386456141,2.170797364046628,0.3911870305414278,0.6300389235356408,8.715930449426175,0.041452368496613844,0.048814137142857136,0.23002984567610602
site_9573cc360aa7a95d,83,0.12206077825695619,-0.09053142570300274,0.08187120708085059,0.11377192578114367,0.05903421977341165,0.08187120708085063,0.5188821351848459,0.7240591878331086,1.2366031878615877,-7.514108333349228,0.40363711953019515,1.0743562409638554,0.2892582456532038
site_95a6e0674f2876c2,37,0.03664957210591534,0.0011292182497076076,0.03663217167588095,0.0332113668309311,0.05318033993366174,0.036632171675881196,1.6012692342470145,0.7329972523919223,0.04969807201522745,0.04178107523918148,0.04790070765012421,0.0408108108108108,0.10464149655201324
site_95aa1a90ae6a3184,54,0.08640067634054362,-0.03383312913223549,0.0795009197759677,0.1165631007102502,0.0482333615596224,0.0795009197759677,0.41379614359710415,0.8531327480691788,0.4031141510935822,-1.8269889731407165,0.2590114689712172,0.7336956481481481,0.12562868703642804
site_95c50f37760ba8b9,9,0.09697183921101052,0.07703457432323033,0.058900016628221606,0.09212163188810973,0.05394519498687997,0.05890001662822496,0.5855866193556082,,0.0846318383996947,0.693311168909073,0.035672702242930725,0.07637755555555556,0.026190756559552497
site_960e43f47225dd5e,138,0.08955104428049622,0.07596294953857642,0.04742383186887248,0.06162213300253731,0.03164705417767607,0.04742383186887276,0.5135663540950942,0.6537424663166883,1.1066757553783806,10.482887036323547,0.17593644044982348,0.5240256440579709,0.13821197326121748
site_96144cbf74954033,5,0.06525568202147182,-0.020884701921939846,0.061823403834787065,0.06162381357884304,0.00451535992393184,0.061823403834787086,0.07327297130280286,,0.021291520180437208,-0.10442350960969923,-1.062596619129183e-05,0.018987472000000002,0.00010194237621324875
site_96a5abc509a3a15b,35,0.028962861470907448,0.009083102328096117,0.02750171988586005,0.022232226287852635,0.010707672153672009,0.027501719885860653,0.4816284260079938,-0.30963060279186916,0.029359657060404134,0.3179085814833641,-0.002579823190271854,0.017299516,0.004012898503268303
site_96e92296d2491d86,411,0.07875952605571204,-0.06471876587450069,0.044883675074596424,0.06056773353189755,0.034673999236959456,0.04488367507459755,0.5724830237984495,0.6800051275856449,2.5494588701978778,-26.599412774419783,0.5869475135551172,1.5077330918734793,0.49413963768779734
site_96ea37eab36e72c1,208,0.09575252429420177,0.02197950191463416,0.09319574778012296,0.09320942947555405,0.038213142027597576,0.09319574778012296,0.40997077487336947,0.20534339754983086,1.9070575490120336,4.571736398243905,0.15213063449826664,1.807103530576923,0.3037307985132396
site_971bf07b5c1c6549,83,0.059120688468234414,-0.018164250600768865,0.05626113938652944,0.038328808352425206,0.03713812001987275,0.05626113938652954,0.9689348982205674,-0.11134079018502269,0.2901062318115161,-1.5076327998638157,-0.013154599314838297,0.12193509662650603,0.1144769165646693
site_97832a03d9613f37,33,0.05979056717653232,-0.05297301731687604,0.027726726450076584,0.02205277916432583,0.035636409476889994,0.027726726450076598,1.6159600207913036,0.6282797894574255,0.117972093468617,-1.7481095714569093,0.0162938719290224,0.01604872727272727,0.04190847145335097
site_978ff47db3a1c5a1,160,0.09978724703999393,0.026514976293295623,0.09620005563401066,0.09184001834863305,0.05580492863406296,0.07992187118214746,0.607631941254872,0.5035265347142196,1.5931991474913245,4.2423962069273,0.4129018829499477,1.349534235244361,0.49827040957645763
site_97ad06a1706d85fa,20,0.15424584689107712,-0.08743917793035508,0.12706758613434552,0.13773162309360912,0.03223162469371564,0.12706758613434557,0.23401760590456017,0.4350566549584854,0.4758356256629122,-1.7487835586071014,0.03862706184387207,0.37940000000000007,0.020777552607930794
site_98378de2aa945723,63,0.06634757983173473,-0.002627745834607927,0.06629552248347631,0.07102104202402895,0.03864455889985709,0.06629552248347632,0.5441283005504518,0.3902776575416414,0.27732608502029,-0.1655479875802994,0.06748226230366837,0.3177712698412698,0.094084321751565
site_9898264bce191dea,842,0.08267180716808557,0.07168420151259723,0.041182556427915906,0.03291723712311613,0.053058867988940606,0.041182556427915906,1.6118870423569056,0.6306098678193098,5.75475652376806,60.35809767360686,0.927372492640646,0.9123444688479809,2.370435003649509
site_98b84b664f32321c,921,0.06486290389323801,0.026023972409426457,0.05941337527440132,0.07331291176989707,0.04995452702222025,0.059413375274401325,0.6813878458273434,0.5925613164163966,3.8748277936478206,23.968078589081767,1.9987029190412464,4.950175172638437,2.2983138431826484
site_99359b775dbc987c,101,0.05837603466664813,0.041125804662704483,0.04142981552272203,0.07322723950169584,0.08479479304173568,0.04142981552272298,1.157967904003427,0.8725601742352892,0.34418390376357216,4.153706270933153,0.5472157738480237,0.541585089108911,0.7262058496260693
site_9963ae44b09a6e46,127,0.10404049423301802,0.08930469495292725,0.05337692291257776,0.027516644532563424,0.061887599770285184,0.053376922912578145,2.2490968946830305,0.5103367608755005,1.3747019039118333,11.341696259021761,0.11037219683473973,0.09616004724409448,0.48641952567652935
site_9978a236cbbfb40f,39,0.02742297349666418,-0.007813484098666754,0.02628628809167677,0.028855235037790413,0.018426423613644796,0.02628628809167699,0.6385816504184607,0.4525012552837952,0.029328759540551093,-0.3047258798480034,0.009383180325421002,0.03247235897435897,0.013241790400389974
site_99e4e71469e203aa,104,0.09095214470133602,-0.0692695476181232,0.05894083812225041,0.08945387484020753,0.054846833527086,0.058940838122250976,0.6131297679956236,0.7680132867563576,0.8603184330803675,-7.204032952284813,0.3918797206127443,0.8322075552884616,0.31285021538658
site_9a39d33121ec563e,282,0.0645864716142605,0.053715109524363314,0.035862226985580954,0.06992849898340395,0.07550507051521829,0.035862226985582425,1.0797467643791099,0.8811542069988878,1.176338272993469,15.147660885870454,1.3119924960092555,1.3789785815602835,1.6076864199292804
site_9a5b564ee1a1517d,676,0.080891075215721,0.07009963599566878,0.040365914864278395,0.022137521158280847,0.05034171696459288,0.04036591486427848,2.274044894396944,0.6258525336405585,4.423315449499472,47.38735393307209,0.47149351477546053,0.3312872138905325,1.7131790036535888
site_9a64702d11a0ca56,5,0.08589320799711454,0.0769339740037918,0.03819432973648663,0.08368385746367096,0.12048975537380574,0.03819432973648768,1.4398207614427077,,0.036888215900177906,0.384669870018959,0.050154905815050006,0.035014939999999994,0.07258890575019775
site_9a99fb7f0cd8cd33,110,0.04083130562220998,-0.0018708074576204462,0.04078842480742335,0.05151657019793416,0.04832364262835504,0.040788424807423444,0.9380213481349511,0.6679008137161463,0.1833915070695748,-0.20578882033824908,0.1828989713958448,0.29193527054545454,0.256869188056027
site_9aa6317ba764d9b9,127,0.07664316476547213,-0.030327577687623924,0.07038758936679425,0.08380242567905238,0.054624074492657826,0.07038758936679428,0.6518197301574279,0.5518383300922122,0.7460201875689482,-3.8516023663282386,0.32081618126475897,0.8919015118110234,0.3789412683007878
site_9b62f4534e47f978,173,0.029835645254028938,0.00581466516680111,0.029263550651317916,0.02586992559360872,0.040334308379955615,0.02926355065131954,1.5591196130042364,0.6899037888453114,0.15399867089629687,1.005937073856592,0.12453872843777727,0.11578077768786128,0.2814461628206589
site_9bb3648a2ef66eb2,76,0.11523999797769174,-0.09054563048325086,0.071286365697018,0.08224655942588797,0.05760050041154062,0.07128636569701878,0.7003393310749271,0.5277708113655225,1.009299542176278,-6.881467916727065,0.1900215935291428,0.5141017368421053,0.25215414122215174
site_9c2d82de18c716a5,41,0.050031125742446184,-0.0016002922843142255,0.05000552577127078,0.030425028051675986,0.0611658601995807,0.05000552577127094,2.010379747084944,0.5820589991983318,0.10262765526531491,-0.06561198365688324,0.044411039653892925,0.0379529756097561,0.15339176061214066
site_9c3923563de1bc2a,115,0.0802688955579369,0.02826683165094127,0.07512710444645346,0.09790331483060424,0.0570002470833643,0.07512710444645394,0.5822095725970885,0.6442064757429816,0.7409559933204629,3.2506856398582458,0.41342531049290426,1.1022817913043477,0.3736382392699267
site_9c3f2a2a90bf94af,109,0.104977235147904,0.028539266455282857,0.10102341396672702,0.11898262064189698,0.04958104135590619,0.10102341396672718,0.4167082645215109,0.5432367237473427,1.201203969023518,3.1107800436258315,0.34931303614550224,1.543098177614679,0.2679524831510327
site_9c51efef96062ac3,183,0.051575661749386104,0.017630978008078745,0.04846852070535816,0.04056002971683276,0.06814360546758648,0.0484685207053582,1.6800679374084952,0.7126632621935123,0.4867889459343373,3.22646897547841,0.3604614571808832,0.3010562299453552,0.8497698268003411
site_9c5e0ec7dff35c9c,35,0.08975594475207116,-0.05904467007773263,0.06760071415117265,0.0971756835293056,0.03926870685844883,0.06760071415117298,0.40410013526281435,0.840585656962174,0.2819645366417897,-2.0665634527206422,0.11226754444454397,0.33050897142857144,0.053971096841717525
site_9ca12fe149def76c,9,0.1325864156704399,-0.09846599272357093,0.08878967224455979,0.1385913345945242,0.05271796142849001,0.08878967224455993,0.3803842540569122,,0.15821241858301208,-0.8861939345121383,0.06346411013056835,0.17286802222222222,0.02501265111458184
site_9cfda7361157a69e,189,0.06800313232808985,-0.02347070275538813,0.06382438498411022,0.059035941175169866,0.015913281168302103,0.0638243849841116,0.2695524260566058,-0.1783358762493105,0.8740165152155912,-4.435962820768356,-0.03166480018364058,0.658710804232804,0.047860945815331846
site_9d73848123a6a95b,64,0.05861225096435933,-0.0418540815031156,0.04103208286986658,0.09160607831352881,0.06302854000465787,0.041032082869866586,0.6880388415814271,0.924923228766145,0.21986534163897864,-2.6786612161993983,0.341780435662833,0.5370671093749999,0.2542461987276004
site_9dbd78e6c2f64c18,70,0.09569050846164621,0.04552236493008477,0.08416880479619852,0.08824986956109918,0.040031114115597975,0.08416880479619884,0.453611028715263,0.3263955857192602,0.640967138675387,3.186565545105934,0.08071496559232474,0.5451627634285714,0.11217430681352192
site_9e0c7cff2a642903,104,0.061220792387972595,0.013831926614046098,0.0596377667820894,0.10147441161700693,0.07197419875731238,0.05963776678209164,0.7092842186556678,0.8160891250853634,0.3897904837435693,1.4385203678607943,0.6198752701970246,1.0708938461538462,0.5387496698227392
site_9eb9cb71933abd8d,145,0.05038159868088274,-0.004511201624212593,0.05017922424218242,0.08314258629109642,0.07373547191715324,0.05017922424218242,0.8868556440978724,0.8018564697160206,0.3680542954180212,-0.654124235510826,0.7127949823141098,1.0023399999999998,0.7883533737325676
site_9f1083ed35aa92f7,172,0.09573304342835483,-0.05035084542840026,0.08142240458682498,0.09758096650647338,0.04172556716772948,0.08142240458682502,0.42759944548162954,0.5689944883227177,1.5763482838975067,-8.660345413684844,0.39847756095507814,1.6377917441860466,0.2994559483406172
site_9f57a1eb8c53e14d,1084,0.06908444691372134,-0.048461552718798616,0.0492355431924731,0.09429068800350454,0.06909392884534214,0.04923554319247344,0.7327757417866555,0.8626795367291473,5.173564313026263,-52.5323231471777,6.092386844628824,9.637555487084871,5.174984567561159
site_9f76ab7d5518980d,176,0.06691659179139717,0.05853785996917975,0.03242143129482699,0.0101610418606664,0.034745581899629216,0.0324214312948272,3.4194900853750116,0.3673021698312489,0.7880981252278609,10.302663354575635,0.022823066290891307,0.01817143181818182,0.21247696123171605
site_9ff0a0ccad22ddc6,126,0.06258637012731967,0.04775608438253401,0.04045256642244275,0.03366192538252311,0.05814679774651263,0.04045256642244377,1.727375873059887,0.7351240011215211,0.4935487694399454,6.017266632199285,0.18129920624362098,0.14277377777777778,0.42601231110990456
site_a08eaaa4540846cf,142,0.14636813817109798,0.0721235262219335,0.1273649435166039,0.15446513454537567,0.07660464588885195,0.1273649435166039,0.4959348665594731,0.5707009876995044,3.0421557257776555,10.241540723514557,0.958920371467169,3.3880458461971834,0.833294591589409
site_a0a221a9f908364b,38,0.11985786144928573,-0.11596404331608824,0.0303026006966496,0.04444991586916249,0.030000527745903654,0.0303026006966496,0.674928785786899,0.7339888810229532,0.5459044641454546,-4.406633646011353,0.03719400245972763,0.0750802107894737,0.03420120327124393
site_a0d01f20e2427c2c,13,0.08041609929253556,0.06523410397676321,0.04702404389007591,0.051998571896639055,0.019594227076035274,0.04702404389007613,0.3768224080265896,0.43014464056903806,0.0840677373305502,0.8480433516979218,0.005697409316438895,0.03515006923076923,0.004991138551194041
site_a1da79e1324e0f0b,139,0.12772642287962785,-0.060705950953119946,0.11237805221885151,0.13415239849301042,0.05062916715826947,0.11237805221885153,0.3774003873729275,0.5838724749198936,2.2676514351259476,-8.438127182483672,0.5512289617804851,2.5015643769784175,0.3563004468324589
site_a2c2e8340755d8a7,83,0.09445821972782992,-0.07049010369576603,0.06287686820374523,0.07214866669569184,0.06045026868864195,0.06287686820374525,0.8378570451427563,0.5624521326631039,0.7405554877545327,-5.8506786067485805,0.20360582821843135,0.43205069879518077,0.3033015037159075
site_a2dd98acaefee6f4,468,0.07684931005220753,-0.045425552276337246,0.06198657641691528,0.11316568063045708,0.08056927681923563,0.06198657641691541,0.7119585758719102,0.8475593015918311,2.7639221011741526,-21.259158465325832,3.6165972922183576,5.993428555555556,3.0379791158377225
site_a30a3623711ec917,255,0.05561284365669654,0.030131453836899177,0.04674274135370096,0.08265392840056748,0.0546462857381502,0.04674274135370096,0.661145656299804,0.844970170540736,0.7886610367939639,7.68352072840929,0.9732080808597452,1.7420763294117647,0.7614852189687673
site_a3440058322ffd4e,564,0.04544455377531303,-0.0008435210051900109,0.04543672457551404,0.08660177681475399,0.07336400624685278,0.04543672457551431,0.8471420442536932,0.8513204329398079,1.1647770118602472,-0.47574584692716615,3.0505770800144987,4.229925409574468,3.0356044606997754
site_a3ad14b1dd64a3e4,55,0.0564090402638706,0.041236977330988106,0.0384901484031245,0.03915664055014876,0.01555444041390914,0.03849014840312627,0.3972363357880059,0.24110249318742125,0.1750088902920036,2.268033753204346,0.008076518770889801,0.08432833745454547,0.013306733912441748
site_a3eb3ebe590ad832,109,0.04855796432190908,-0.009969810376692255,0.047523455052643146,0.08305922673122955,0.07945132668512457,0.047523455052643375,0.9565623207909251,0.8298677499549454,0.2570084730005696,-1.0867093310594558,0.5969313974006186,0.7519730308256879,0.6880639510108764
site_a3fe6dc1994cbcf1,17,0.0723174690746023,0.06809617374364067,0.024345994636324957,0.010772674646119317,0.03385748090332915,0.02434599463632497,3.1429038762927606,0.9179965286949894,0.08890687766705305,1.1576349536418915,0.005692042657207044,0.0019728588235294136,0.019487593223028066
site_a408c1f09c2d83d9,411,0.050979817021773656,0.03193762660867686,0.039735749019972656,0.06415030831891186,0.0762520418049607,0.0397357490199733,1.188646536597879,0.8535775470203381,1.0681650566087177,13.126364536166191,1.7160701213583458,1.691372705596107,2.3897076644438697
site_a4122f0bf308f22f,156,0.07069780766981387,0.018769318406704143,0.06816078561655338,0.08344417791794924,0.05443796608509855,0.06816078561655371,0.6523878291260473,0.5812321262437427,0.779716081453607,2.9280136714458465,0.4118813621534751,1.0862172092307691,0.46230477563124506
site_a42d63e8b2f931d6,6,0.10184615320366379,0.09976049878199895,0.020505653004743437,0.05116530942825313,0.041225988498787954,0.020505653004744787,0.8057410178784776,,0.062235833534304945,0.5985629926919938,0.01169096763432026,0.015707333333333334,0.010197492766213179
site_a44b748575c17771,8,0.04299806285643046,-0.021926774272322654,0.03698715965596918,0.08129236972188718,0.07795096127461226,0.0369871596559696,0.9588964073909231,,0.014790667275244355,-0.17541419417858123,0.045267007036879664,0.05286759499999999,0.048610818909088804
site_a4e51d06a4c9f574,191,0.10437456312363595,-0.08281267476081847,0.0635303889977762,0.10123671820061593,0.06000031071122949,0.06353038899777674,0.5926734072150558,0.8077396414854157,2.0807634406047244,-15.817220879316327,0.9371224068059191,1.9575347643979057,0.6876071215198194
site_a507f74864d36b32,315,0.05768535451823883,0.014975268893393259,0.05570764263066123,0.035634029896598925,0.055693913544188595,0.05570764263066123,1.562941763976695,0.31952422461348773,1.0481940396568925,4.717209701418876,0.19975010659912276,0.3999819873015873,0.9770707818482796
site_a55a51839f39337a,11,0.1291245008363077,-0.1060189268762415,0.07370972703948767,0.07161541571892913,0.03785928920308321,0.07370972703948767,0.5286472028825545,0.20819644637029802,0.18340450387848187,-1.1662081956386565,0.006209333280270754,0.05641644545454545,0.01576658356858962
site_a5c2bfa9bb36639b,60,0.03852168267462948,-0.019040357561409472,0.03348708437619684,0.03696011495142057,0.025780687402602885,0.03348708437619685,0.6975272516464941,0.4771487001689014,0.08903520216509095,-1.1424214536845683,0.02727927360463266,0.08196300583333334,0.03987863057704362
site_a5c5f553e4031a41,74,0.05512407812574772,-0.022762961611151697,0.05020469667175346,0.06764229381344765,0.04098167870430303,0.050204696671753486,0.6058587962337205,0.6735820143459426,0.22486113520180184,-1.6844591592252256,0.13817525435299488,0.3385855135135135,0.12428285121728162
site_a61c8cdc86211521,39,0.04252484283593437,0.021178990834798565,0.03687563701741893,0.048476893510937175,0.02866149529025379,0.03687563701741913,0.5912403459554867,0.6519546208999658,0.07052612807061584,0.8259806425571441,0.035327719270418854,0.09165035897435898,0.03203777117865636
site_a62049e3761071cb,301,0.09662514836999797,-0.03696272527058656,0.08927584353057251,0.07052363150459924,0.04954999511857265,0.06500357735945636,0.7026012991877938,0.45834445816762553,2.810262208554761,-11.125780306446554,0.4820995918716974,1.4970483627795472,0.7390158068914225
site_a637aa5eb6fad085,105,0.041290509197847616,-0.01483505271219072,0.03853345768087859,0.08638912860973952,0.06236151124301804,0.038533457680879145,0.7218675804074194,0.9157749310688054,0.17901514573084154,-1.5576805347800255,0.5180286439450014,0.783623561904762,0.40834059887387186
site_a6a5e3eb9fd3c985,371,0.10665501179577523,0.0857642734240329,0.06340174244612432,0.07615413085282056,0.03862993313753557,0.06340174244612468,0.5072598518942301,0.5561068392947454,4.2202331617692295,31.818545440316203,0.6069453216840153,2.1515965606469,0.553632813392084
site_a728723d09857d1a,33,0.06886395269910799,0.06199815824194388,0.029974528452535638,0.024269744454109284,0.045470190855026064,0.02997452845253565,1.8735339772943995,0.7965595287823184,0.15649405138438444,2.045939221984148,0.02900842553908852,0.019437676363636358,0.06822876246095237
site_a73a8fe0a0e90dac,39,0.0767631584821635,-0.051391413939304846,0.05702197009466416,0.06957946374576286,0.04218851435112643,0.057021970094664226,0.6063357214893103,0.5739601454754814,0.22981071750615226,-2.004265143632889,0.06570851517411379,0.1888107692307692,0.06941495898305283
site_a7fe1c93212d2f37,55,0.059613531792997256,0.033631344633535905,0.049220989739896845,0.023507600037097197,0.04988006833074858,0.04922098973989684,2.1218698740846857,0.2634928184281604,0.1954575245059082,1.8497239548444748,0.016992872743254357,0.03039339927272727,0.1368411669174081
site_a85957854004ad6e,10,0.04170490813228904,0.03238114679992199,0.026282326652040725,0.06983379124750425,0.09259333607224719,0.026282326652040746,1.3259101993199651,0.9866408928124454,0.017392993623226684,0.3238114679992199,0.0637976179537177,0.048767584,0.08573525884988113
site_a85f5d6458d2ef6d,586,0.04730922970184673,-0.043136770370877243,0.01942632896232082,0.02767898461990064,0.015086295494668337,0.019426328962320858,0.5450451200374449,0.7380023865505527,1.3115636439795089,-25.278147437334063,0.18058769160593025,0.44894994709897607,0.1333714386869358
site_a8a04a98a04fa26e,41,0.02075366707134837,0.009625709740563138,0.018386419142910827,0.016992422988626146,0.02477238915184766,0.018386419142910834,1.4578491347837224,0.6703442134675078,0.017659302573243156,0.39465409936308865,0.011569242535531522,0.011838440000000002,0.02516052183591376
site_a8d2970296172e46,359,0.06657300905394767,0.05854390983462001,0.03169504938902729,0.03795450487386244,0.046811919164607724,0.03169504938902729,1.233369248793573,0.7393734824559083,1.5910756268844222,21.017263630628584,0.4716046688276081,0.5171554540389972,0.7866967235386827
site_a8f474364dc17adf,217,0.07788445193245092,-0.0049465833121181075,0.07772720994834777,0.09616026139465322,0.05457304218199582,0.06552279100873792,0.567521774488752,0.7557300337508703,1.3163193640615618,-1.0734085787296292,0.8605977679258634,2.0065547041129035,0.6462730744605434
site_a92160c2510cdbec,2,0.030171428473651375,0.019297219157218937,0.023193370366096505,0.0028499999999999914,0.026043370366096497,0.023193370366096505,9.138024689858447,,0.001820630192281322,0.03859443831443787,0.00014844721108674957,1.6244999999999903e-05,0.0013565142800513463
site_a9455c71e74fd72a,25,0.07499815668061229,-0.05055546646475792,0.055397367410558465,0.05586589657384906,0.04097212809084976,0.055397367410558465,0.7334014238308832,0.378088074103622,0.1406180876372417,-1.263886661618948,0.021635567053407433,0.07802496,0.041967882007325
site_a963d86424b18502,34,0.016812476000603767,-0.0022692984070848015,0.01665862041138101,0.03380066759337433,0.02624353354201117,0.016658620411381143,0.7764205683072213,0.8757682098526418,0.00961041787520984,-0.07715614584088325,0.026412875324805435,0.038844494411764706,0.023416583794202625
site_a98119a935505c9a,155,0.1009728984456472,-0.07325280328873665,0.06949498565261121,0.08767248057489926,0.0609563656371014,0.069494985652612,0.6952736507212878,0.6149278206490337,1.5803065641798226,-11.35418450975418,0.5093756731512085,1.1914018967741937,0.5759301693110194
site_a9866d1cfd06e947,48,0.08898094384105622,-0.08425737035820881,0.02860601173118749,0.03329338172209389,0.032046526137150234,0.02860601173118753,0.96254944615265,0.6172458710669845,0.3800452016085697,-4.044353777194023,0.03161100472289448,0.05320556479166667,0.04929503219803455
site_a9bff24a5451b631,238,0.060047675313734755,0.02763967619748676,0.05330826962378157,0.08511124328900126,0.06015117444378667,0.05330826962378245,0.7067359389821047,0.78330416061179,0.858162147918923,6.57824293500185,0.9544175933952593,1.7240538487394956,0.8611229812981114
site_aa2ce12749046dfc,311,0.04574709714445282,-0.01849946318140367,0.04183977484576002,0.061349676260487075,0.03848135343553098,0.041839774845760624,0.6272462347175467,0.7400040428470387,0.650859835011785,-5.7533330494165416,0.5433217552448728,1.1705364437299037,0.4605333288536084
site_aa4df3fb16db7e70,50,0.18574150836459558,-0.1782408080816269,0.052250571900829726,0.060289336536405835,0.028748480390260935,0.05225057190083022,0.476841876886489,0.4994028916578087,1.7249953964777565,-8.912040404081345,0.04327892401963472,0.181740205,0.041323756237460874
site_aaad533d86c5f947,240,0.04748164396065161,0.015586217998216549,0.04485060001514087,0.06253393523164487,0.054399930624000156,0.04485060001514281,0.8699265514394086,0.714064550844814,0.5410815631694601,3.7406923195719717,0.5829923022879908,0.9385183333333333,0.7102445884550472
site_aae8b0a4c0119c59,105,0.035161958508150584,-0.02871705820912407,0.020290241347571087,0.026049419211756745,0.025355125749567674,0.020290241347571493,0.9733470655700562,0.6887052383639064,0.12981814924353482,-3.0152911119580272,0.047762439327935384,0.07125008533333334,0.06750265218652092
site_ab53cfe255b5cc4c,78,0.06058406504908851,0.042849005261292816,0.042829799042137545,0.06189138383090922,0.041013224836919646,0.04282979904213825,0.6626645309623406,0.7245285783376274,0.28629345715403065,3.3422224103808396,0.14345121640350955,0.2987823846153846,0.13120259969885034
site_abdcb41ac727b4e7,485,0.07281657206497477,-0.024887700827465848,0.06843139275812103,0.10308204768842254,0.08028158212449961,0.06843139275812206,0.7788124501286587,0.7484774894159063,2.571592786137427,-12.070534901320936,3.0041349762893983,5.153565649484536,3.1258892277801955
site_ac16cbbd2f795846,35,0.05306955492850897,0.014615761353288376,0.05101722434995609,0.08583817713034932,0.051763396555547084,0.05101722434995886,0.6030346669284684,0.8377698529016235,0.09857321811085107,0.5115516473650932,0.13028548217394523,0.25788674285714286,0.09378072280383881
site_ac240db4268c6c54,61,0.10517502490697184,-0.09184856453098234,0.05124087292172251,0.08956919197188941,0.06907320278103449,0.05124087292172261,0.7711714403174763,0.8217551522641142,0.6747689377151108,-5.602762436389923,0.31012767327198243,0.4893810491803278,0.29103754788822456
site_ac2a9b93fc2413dd,121,0.05233033304545239,-0.009844186041965958,0.05139606753263452,0.08492078616061244,0.07654901475446112,0.05139606753263454,0.9014166992010929,0.8022130105408591,0.33135411455440394,-1.191146511077881,0.6309990173638607,0.8725963305785124,0.7090299508453235
site_ac6e3a81298a7ce5,53,0.12089982088497382,-0.0871209220222707,0.08382548321368735,0.06493906007692062,0.04897559181063111,0.08382548321368737,0.754177712960725,-0.06461730983449154,0.7746886345709939,-4.617408867180347,-0.010892070257017085,0.22350532075471696,0.12712625543968253
site_acf798671ee3a747,30,0.11117854214984406,-0.057631831792195644,0.09507491887370043,0.11309052760215302,0.026487266927086552,0.09507491887370045,0.23421295743059467,0.7430918861445465,0.37082004703693955,-1.7289549537658693,0.06677703815639018,0.383684023,0.021047259278001995
site_ad04b63315ba2272,10,0.028313286785057627,-0.017256557407379153,0.022446679821718545,0.0352938649059578,0.026543469328393545,0.022446679821718597,0.7520703498786515,0.7719501755436267,0.008016422085729188,-0.17256557407379153,0.007231796144843102,0.012456569,0.00704555763987369
site_ad53cb9b838bb8cd,636,0.08428274410572403,0.07039094107124791,0.04635403293236809,0.01997911936331535,0.04618965354878105,0.046354032932369525,2.311896370847664,0.2080304705167334,4.51787748673825,44.76863852131367,0.1220970337735548,0.2538690738993711,1.3568958843922845
site_ae3ed38eaa09b85f,486,0.03916708961614708,-0.02530551726886152,0.02989467686319168,0.04645377373304071,0.027172874166453816,0.02989467686319168,0.5849443862754866,0.7932560275826844,0.745553601773658,-12.298481392666698,0.4866382345796942,1.0487652037037039,0.3588454339664435
site_af194bfb42414cbb,864,0.04734280841366738,0.008239495971961015,0.046620298311156834,0.04457700989190736,0.049660241092493194,0.046620298311157125,1.1140325744798028,0.5149279333714032,1.9365190633381373,7.118924519774317,0.9848723651912774,1.7168628766203704,2.130744567194971
site_af687448e37c8c15,597,0.07617367637484679,0.03985443083724784,0.06491574011824036,0.09347797865726644,0.08523336567250127,0.06491574011824112,0.9118015483091079,0.7398111408782738,3.4640500965585552,23.79309520983696,3.51895853207958,5.2166650988274705,4.337041794445804
site_afb9454fdc863c14,194,0.08446685437818521,-0.026015145284367592,0.08036082194937277,0.10937564938938447,0.057077160993919705,0.08036082194937369,0.5218452307489511,0.7018405942619848,1.3841220007778359,-5.0469381851673125,0.8500084083633554,2.3208283397938145,0.6320136475824109
site_b019e673dfa447d5,669,0.08655897701466621,0.0737864316094082,0.04525504405230028,0.05393584758916921,0.07146136781443031,0.04525504405230117,1.324932693349949,0.7741662747338929,5.012453399721268,49.36312274669409,1.9962236586536002,1.9461716133034381,3.416400423149319
site_b04900ecbfac7c98,10,0.10988775394393681,0.10303427385807037,0.03820022090752035,0.06557104238915223,0.07721307381742186,0.03820022090752325,1.1775483659261703,0.8692736307706704,0.12075318466843199,1.0303427385807038,0.044010817454755304,0.042995616,0.05961858768334638
site_b050cd10feccfd77,44,0.05352243075841482,0.034077736696059055,0.041271763422022316,0.03862411570572958,0.038703134507049076,0.0412717634220229,1.00204584104712,0.43026910012107644,0.1260446261487296,1.4994204146265984,0.02830072253265164,0.0656401818181818,0.06590903530951225
site_b07ebc840452ba9d,7,0.052583227725851174,0.019063799468108582,0.04900578933053182,0.11753381102769482,0.08770110364901934,0.04900578933053238,0.7461776563031219,,0.019354970866481063,0.1334465962767601,0.06686439524814486,0.09669937714285715,0.05384038506879224
site_b0b863b5597ced77,64,0.04648940031993757,-0.035635757632553576,0.02985560450001492,0.05769357489343483,0.041638548460607626,0.029855604500017376,0.7217189875565474,0.8681265062861376,0.13832091789487433,-2.280688488483429,0.1334707258185372,0.21302710937499994,0.11096119794600767
site_b12672b82d8e070e,371,0.09690632040159815,-0.031141697910114764,0.09176616797628825,0.13394413567023197,0.07012462396550845,0.09176616797628888,0.5235363505435878,0.7685403832902474,3.48399976043134,-11.553569924652578,2.678149717004794,6.656122679245283,1.8243787308187698
site_b18fe53daa1d7307,44,0.11708733972425507,-0.09839557614624499,0.0634646020908634,0.0750882776613551,0.02990418343577684,0.0634646020908634,0.39825368708872794,0.5577389526419153,0.6032155854429373,-4.329405350434779,0.055104586032270045,0.2480829754545455,0.03934744822626596
site_b2267c975c71dbb8,491,0.09746224850590336,0.03689986927421904,0.09020692618292682,0.1117896625758952,0.03297894795055346,0.09020692618292682,0.2950089229240109,0.7387693686565706,4.663954932958793,18.11783581364155,1.337299908237217,6.13599197148676,0.5340170048913291
site_b2271a910bc63599,20,0.05033578675698351,0.038244963492155074,0.03272635323295651,0.048808088212918155,0.033585149808697215,0.032726353232956584,0.6881062348147485,0.7440023969951206,0.050673828568890335,0.7648992698431015,0.02439177566744387,0.0476445895,0.022559245753452695
site_b2c81cb18e128f03,52,0.02450056130125205,-0.013130444315305122,0.02068499301810569,0.032330516834516924,0.02154159456078961,0.0206849930181057,0.6662929229077844,0.7763890471136993,0.0312144302119733,-0.6827831043958663,0.028117275650082874,0.054353640576923073,0.024130095403514906
site_b2da63ab5c4ee3dc,2,0.07203738307225198,-0.0713342664539814,0.010040268391370774,0.0165,0.006459731608629227,0.010040268391370774,0.39149888537146826,,0.01037876911979675,-0.1426685329079628,0.00021317114308476448,0.0005445000000000001,8.345626491104707e-05
site_b2eaf44be71ff0ae,155,0.050588736817758356,0.022055492161935378,0.045527744928902714,0.07791314997229684,0.06815983340201005,0.04552774492890328,0.8748180945866684,0.8137999480748914,0.39667914538654503,3.4186012850999834,0.6698670859005182,0.9409211354838709,0.7200932478554136
site_b30a47c3dfe5fc92,477,0.07102266701012334,0.04608935221561096,0.054036939602240805,0.06429340664426855,0.06612190239720257,0.05403693960224097,1.0284398641846897,0.6569620546595833,2.4060925723431215,21.984621006846428,1.3322031096043514,1.9717472997903562,2.0854945508502123
site_b33e3bea3571d4bd,118,0.08341953456803662,-0.06327203851574557,0.054364215156754214,0.08425870736789311,0.04708506428440088,0.05436421515675424,0.5588154121427064,0.8016815494199638,0.8211406122106472,-7.466100544857978,0.3753028442255079,0.8377445125423729,0.2616063868826073
site_b4081a628b4563f6,155,0.10163765196392291,-0.07794380441250341,0.06523017438613005,0.07336472668625012,0.06111452771084558,0.06523017438613064,0.8330233133997289,0.5422359343403701,1.6011829059946259,-12.081289683938028,0.37683545506827293,0.8342693838709678,0.5789227520845555
site_b419a77ce9d11fde,169,0.13508908683706705,0.12352059261509653,0.05469665970137485,0.07070852911122187,0.049464310564961284,0.05469665970137572,0.6995522490243825,0.6368302460163964,3.0840913736378766,20.874980151951313,0.37642126496823936,0.8449486390532543,0.41349534532371296
site_b42936ae6e6a0d03,186,0.07296752997201507,-0.05032699538238587,0.05283421207890045,0.07487274362083088,0.04749250352175487,0.05283421207890214,0.6343096462748246,0.7129025225312432,0.9903124400203467,-9.360821141123772,0.471511084573083,1.042702559139785,0.4195300476820851
site_b436f4a91f17ee10,151,0.14078054068624346,-0.06398733573433579,0.12539849082637494,0.12606925764110985,0.05967737337609826,0.11988476375530652,0.4733697532033226,0.33777511043673236,2.992693256022569,-9.662087695884704,0.3837279976111767,2.399912116049261,0.5377697228536065
site_b491b5d705afd5f5,391,0.06104038697222577,0.03639845851467698,0.04900082713051288,0.04204957950480631,0.05001911981805881,0.049000827130514554,1.1895272296918349,0.4443050373935864,1.456838177112156,14.231797279238702,0.36538919197602193,0.6913533503836315,0.9782477278229695
site_b4a169fed07d4305,259,0.053395736431890294,-0.03340522790737594,0.04165567689475431,0.061761847544239926,0.0628447403128365,0.041655676894755946,1.0175333609931423,0.7766244766242862,0.7384361092979091,-8.651954028010369,0.7807285354459608,0.9879621853281854,1.0229104987118551
site_b4d57a535cfd4a12,156,0.05342530725163679,0.01919502794589752,0.04985794176546007,0.05214215258565391,0.07634230990481312,0.0498579417654601,1.4641188773211007,0.7613247069402274,0.44526509896935995,2.9944243595600133,0.4727687640608504,0.4241334358974359,0.9091911319299945
site_b5639796f8098e20,328,0.05820009205292253,0.01323143306801595,0.05667609631877684,0.08939263547860543,0.07472766062135393,0.056676096318776875,0.8359487358356126,0.7756682330350325,1.1110182345097193,4.339910046309232,1.699546209913792,2.621062195121951,1.8316252299164024
site_b582b14f96e98786,39,0.07334341243116152,-0.04789463264819903,0.05554601975426795,0.06014136316583706,0.024307143824165007,0.05554601975426805,0.40416682537007304,0.3839139300841941,0.20979098973485086,-1.8678906732797622,0.021887979628948062,0.141062358974359,0.02304265239465708
site_b61ae4423402851d,358,0.08249215121997294,0.054797458210470947,0.06166192979927382,0.07382807372468785,0.03898671142463425,0.06166192979927437,0.5280743416118311,0.550383795046214,2.4361738946178,19.6174900393486,0.5671354646352665,1.9513092402234635,0.5441469930393591
site_b67b52a6713d2819,119,0.07430722761351974,0.005843040662252601,0.0740771418956394,0.11061508376292459,0.06671153215599288,0.07407714189563995,0.6030961591004365,0.7587914653675225,0.6570661249972842,0.6953218388080595,0.666322788459601,1.4560479139495799,0.5296009941894084
site_b69cf9ad02aa761c,62,0.07699675064462724,-0.034784405680433395,0.06869166420527267,0.09497987628473452,0.040218511844525,0.0686916642052737,0.4234424534725263,0.7749004541456028,0.36756697580951614,-2.1566331521868705,0.1835249867456094,0.5593129677419355,0.10028677908926825
site_b708e7aad1210ce8,162,0.11874548021865985,-0.072070305135515,0.09437351424013997,0.11452000377685578,0.06924967561745049,0.09437351424014084,0.6046950168844274,0.5676829439777161,2.2842792297223427,-11.67538943195343,0.7293230804992679,2.124602664938272,0.776873846845783
site_b72a5ec99205d5b7,153,0.05487251188918998,-0.0384195914393157,0.03917815149627858,0.061489892484022216,0.05719933511471428,0.03917815149627891,0.9302233717448308,0.784412760300054,0.4606818618374822,-5.878197490215301,0.42211500943564123,0.5784940522875817,0.5005798824475041
site_b756906d27dccd10,62,0.16565087984470692,-0.14831405159350364,0.07377774795454972,0.07280918320657881,0.05292587572054485,0.07377774795455022,0.7269120925361876,0.34503392215736967,1.7012932675861825,-9.195471198797225,0.08243425098926789,0.3286729838709677,0.17367119588876667
site_b7a18627a594b786,48,0.08136535914960359,-0.059303240724404654,0.05570859277640473,0.07420451114875962,0.03174507647345559,0.05570859277640523,0.42780520997996274,0.7239284424716567,0.31777544013811104,-2.8465555547714234,0.08185468910411,0.2643028547916667,0.048371994254666095
site_b7a3262e8a713a7b,102,0.048653200066951154,0.026188389429274726,0.04100368441805478,0.07305809270471093,0.05062197273252911,0.041003684418054825,0.6929002778259622,0.8407500209496189,0.24144765542898716,2.671215721786022,0.3171571117535088,0.5444234607843139,0.26138358057995786
site_b812626cb80e0341,68,0.0999720786958676,-0.07430292587069905,0.06688416648076097,0.11366791593258296,0.053316084639359725,0.06688416648076098,0.4690513079432351,0.9314271311472255,0.6796203232765468,-5.052598959207535,0.3838432811086669,0.8785868676470588,0.19329713192645315
site_b843de06c1a6a47d,69,0.1559874848867374,-0.1372018599109373,0.07421418380787906,0.07980383758425219,0.0303850941212315,0.07421418380787906,0.3807472803441652,0.3678915152456817,1.6789145854490188,-9.466928333854675,0.061553566908274876,0.4394370220289855,0.06370452218817069
site_b87223f545f36d24,58,0.07012453724132553,-0.014023693379862553,0.06870798168551927,0.04813199869581796,0.04495493054197472,0.06870798168552048,0.9339925986884213,-0.0885379574204887,0.285212141951983,-0.8133742160320281,-0.011111398395484893,0.13436797931034486,0.11721485524195874
site_b87cd5aaea8e51ba,65,0.062342347529038306,-0.020556467360716597,0.0588557554116773,0.07075796900360265,0.04648523015540962,0.05885575541167742,0.6569610576731338,0.5629889214403985,0.25262693920304025,-1.3361703784465788,0.12036592278870253,0.3254348615384616,0.14045698046909122
site_b881d34c09ab42e7,66,0.14227782817372173,-0.12861008164304674,0.06084757422938019,0.06640967428998663,0.04372384432956884,0.0608475742293802,0.6583957050992735,0.45108043320212377,1.3360367057288516,-8.488265388441086,0.08644653971773206,0.2910761593939393,0.12617712115512036
site_b904064dea358149,1211,0.10323536576198876,0.08233293925268802,0.06228023649621753,0.06765767789582397,0.06037845244721965,0.062280236496217556,0.8924109476560439,0.531728393098986,12.90628184099805,99.7051894350052,2.630468224811699,5.543426829066887,4.41477015662453
site_b9048e7e348a00c2,124,0.05722260379765372,0.04630240431899023,0.03362311317626621,0.04441798252471714,0.0581590198112654,0.033623113176266387,1.309357528314165,0.817734036298711,0.40602887178752345,5.741498135554789,0.26194473107317157,0.24464668927419353,0.419426476590488
site_b9661fa344baf0d4,144,0.14053182243004197,0.136582620439844,0.03308142846514276,0.03914794666895138,0.05144644826859065,0.033081428465143496,1.3141544486008339,0.7658597108355621,2.843883808633274,19.667897343337536,0.2221140858158469,0.22068888888888885,0.38113013368119947
site_b969a6c48312ad74,9,0.12367138242533128,-0.12092362625334,0.025924649365711493,0.02736668696710574,0.0289746503207123,0.025924649365712815,1.058756229993762,,0.13765149747893285,-1.08831263628006,0.004123703124125797,0.006740419999999998,0.007555773250867981
site_b9eaf91685021861,238,0.05699696094065563,0.021286497371286905,0.052872853016768626,0.0647945061807904,0.03856976480215576,0.052872853016768716,0.5952628868647898,0.5782893742178149,0.7731795464400084,5.066186374366284,0.3439595280348191,0.9992020714285714,0.3540551681406799
site_bb41a05397abcbe3,238,0.11955136368265683,0.11487701396105669,0.03310287331598359,0.03927229290354515,0.04035695784853656,0.03310287331598363,1.0276190887976773,0.6546732818514008,3.4016217968951246,27.340729322731494,0.24694842097504427,0.3670704915966386,0.3876268031356765
site_bb59973d2df99f1c,65,0.0484606238246524,-0.0178851849262531,0.04503945183534317,0.08388345535825427,0.06701069889264502,0.04503945183534325,0.7988547754316019,0.8448821642504786,0.15264808399584046,-1.1625370202064516,0.30869525788701496,0.4573682153846154,0.29187819479524785
site_bbd4ea535f73b619,96,0.0503424783383964,-0.04127149928330133,0.02882756445071917,0.033865973005424876,0.020080499291269746,0.02882756445071929,0.592940273355002,0.5287160578653743,0.24329905202418337,-3.9620639311969277,0.034516901147062885,0.11010279625,0.03870973937152174
site_bbfd063296f373c3,52,0.0925882263224057,-0.07389252211268132,0.05578955842589113,0.060392120430228076,0.04581740709929378,0.05578955842589114,0.758665315489747,0.4759592166863647,0.4457741419835089,-3.8424111498594287,0.06848317252414732,0.18965482692307692,0.10916020925172565
site_bc37e7bebe33d230,276,0.04326295601211387,0.012203626596193382,0.04150608221461984,0.04322011711482802,0.06648990726123966,0.04150608221461985,1.538401829976259,0.7944686156576742,0.5165846081620836,3.3682009405493734,0.6301261373704865,0.5155620724637682,1.2201705438598769
site_bc93eecd419d5cf1,153,0.034857101173266944,0.0013049773453107831,0.034832664789412736,0.04305533038598709,0.057784123119545706,0.034832664789412736,1.3420898783383226,0.7997565438549044,0.1858976778371153,0.1996615338325498,0.30442806446024406,0.28362550562091504,0.510867747358307
site_bcf274618f28d9ed,84,0.09964867246467897,0.01564529761955851,0.09841281718540683,0.08133476478471574,0.076502407695164,0.09841281718540684,0.940586819149936,0.22362127936438012,0.834108065613721,1.314205000042915,0.11688094989370024,0.555688892857143,0.4916199441851955
site_bd11119142bc591a,41,0.0735707514270189,0.012186944234661937,0.07255435104635313,0.10489694100970975,0.06297960095340296,0.07255435104635319,0.60039501959903,0.7345689241644042,0.22191887408698435,0.49966471362113946,0.1989661225305825,0.4511380975609756,0.16262363558624493
site_bd599065e701bf2f,260,0.058778414915713985,-0.03641171669639074,0.04614205183155175,0.06182782975767772,0.06224632872803334,0.04614205183155185,1.0067687798843312,0.7234139078279457,0.8982745356009953,-9.467046341061593,0.7238656133068295,0.9938969384615384,1.0073974144307811
site_bdd9f4c5442812d1,142,0.03929733834192274,-0.011532429180514645,0.037567058414999244,0.05363880748875492,0.05774846450478313,0.037567058414999265,1.0766172330898627,0.7749203969079083,0.21928787370785624,-1.6376049436330797,0.3408513289899159,0.408551276971831,0.4735536916777481
site_bdfe6061d850b13b,146,0.04348493315425262,0.0006477071112149364,0.04348010909517017,0.07322054408813285,0.04790775755911649,0.043480109095170354,0.6542939301495998,0.8218582448484125,0.27607715406875355,0.09456523823738072,0.4209093439503483,0.7827422191780822,0.33509237221409016
site_be8516cfd6e0790e,150,0.11976436284030205,-0.09302444832563402,0.07543178786330713,0.08362365029636586,0.06263511892676524,0.07543178786330747,0.7490120163946881,0.4988870384160277,2.1515253909815284,-13.953667248845102,0.39195887937029206,1.0489372333333333,0.5884737184455038
site_bef664d28695b721,15,0.025136127633737675,0.009425959744056061,0.023301849611629233,0.10624619627178293,0.09709166798894615,0.02330184961162971,0.9138366491783004,0.9777439073543043,0.00947737368629326,0.14138939616084092,0.1512905251483123,0.16932381333333335,0.1414018798931363
site_bf2aa2626c0e2039,210,0.0650675205057146,-0.039966139800406635,0.051346761282635364,0.06079515819425051,0.059203036727152845,0.05134676128263552,0.9738117061557668,0.6340974923730669,0.8890942671999339,-8.392889358085393,0.47927889695328263,0.7761707645714285,0.7360499071204878
site_bfacedeb5df79c6e,50,0.06719544133992014,0.004104928812265397,0.06706994033330342,0.08558305916476695,0.040641359407444934,0.06706994033330421,0.4748762173738266,0.6436932805958507,0.22576136684333245,0.20524644061326985,0.11194508035430312,0.3662230008,0.08258600472425565
site_c0555c6b321e4775,2,0.06493312775803282,-0.04647056745290756,0.0453519287467003,0.02560000000000001,0.019751928746700287,0.0453519287467003,0.7715597166679796,,0.008432622160882025,-0.09294113490581513,-0.0010112987518310552,0.0013107200000000011,0.0007802773784294503
site_c0951b8580287e99,50,0.17849852133346703,0.1751847450876236,0.03423488289476868,0.031165853108811252,0.04808220548798851,0.03423488289476886,1.5427848331350391,0.7044208675615592,1.5930861059117092,8.75923725438118,0.05277954194426536,0.04856552,0.11559492422945761
site_c0aaae0aecb597e5,655,0.15869652666112274,-0.15208732137734654,0.04532145463870458,0.03983966157125624,0.030952598216362513,0.04532145463870468,0.7769292457718662,0.19917742775289268,16.49590486116941,-99.61719550216198,0.16087707826319997,1.0396151053435116,0.6275314853050369
site_c0baac71bcc40ff4,11,0.028312131921329187,0.008757416333935475,0.026923678669247025,0.07213076509179196,0.08982026647033085,0.026923678669247036,1.245242114873281,0.9682066335355266,0.008817344953238219,0.09633157967329023,0.06900103687644005,0.05723132000000001,0.08874448295681364
site_c0e5aee02ccea819,55,0.05380177667458352,-0.019447498880733143,0.05016399067683553,0.06727519405796753,0.04322785917261274,0.05016399067683572,0.6425527235992146,0.6667738530435502,0.15920471453379675,-1.069612438440323,0.10664977354786613,0.24892734545454548,0.10277562947559815
site_c1458c9cb325529c,104,0.1954170435687796,0.19019604926957534,0.044869630702821406,0.017171163645680672,0.04894229219635158,0.044869630702822204,2.8502606582904932,0.40273453204212933,3.9715333753848796,19.780389124035835,0.03519947948255218,0.03066428153846154,0.2491161884050379
site_c1eaac8764a60481,45,0.0750041015670871,0.05220667253202863,0.053852377802836596,0.06595597484143458,0.03132450113464963,0.0538523778028367,0.4749304548974854,0.5884055335122841,0.2531526863348663,2.3493002639412883,0.054705068855981025,0.19575857777777778,0.04415509671005996
site_c204fd32b9271e1b,91,0.11235268579632617,0.042918640820534676,0.10383215434423926,0.13493713515257091,0.04408061579257775,0.10383215434424001,0.3266752013279118,0.7876461336839751,1.1487044665139672,3.905596314668655,0.42633567595118355,1.6569307703296705,0.1768221626674098
site_c29be1fac6229539,472,0.06459001612395507,-0.017981136372533887,0.06203667397310332,0.11395275257323767,0.06024531060673257,0.062036673973103466,0.5286867517132838,0.9297856600290744,1.9691227263253903,-8.487096367835996,3.0128180909478814,6.1290284745762715,1.713122796447995
site_c2fa2fe516862278,53,0.049807770187797,-0.033272449555487,0.037064242494053115,0.04345334673907901,0.03134708477086239,0.037064242494053386,0.7213963278614609,0.5495322333350879,0.1314831404672612,-1.7634398264408109,0.03967248736220711,0.10007424716981132,0.05207990535247653
site_c33eaf01c8613ed2,878,0.07294610244813265,0.059583249040487674,0.04208289790583209,0.020196042709814937,0.049621387977079386,0.04208289790583209,2.4569856922001967,0.5484137952154484,4.671955531163901,52.31409265754818,0.48254528350280534,0.35811876391799546,2.1618837231096744
site_c3aa24263a4277b0,258,0.07350131661108236,-0.013388840037491894,0.07227158851175908,0.09840480401585196,0.0540019830628267,0.07227158851175913,0.548773849030049,0.694059219673262,1.3938304342391437,-3.454320729672909,0.9515732887512895,2.498344406976744,0.752383257077198
site_c3aefe4e5e9b8037,305,0.057556703392600314,-0.015671182975221853,0.055382200476153755,0.09016047111083199,0.06278214640680768,0.05538220047615444,0.696337825582468,0.7952805750341033,1.0103961021542494,-4.779710807442665,1.3730063501407868,2.479317718032787,1.2021873617709795
site_c3d5b5decd374619,53,0.04889634056635803,0.01501331003432004,0.04653442427488123,0.031450866369180014,0.04657588693218626,0.04653442427488194,1.4809095045415943,0.3389480981887518,0.12671516240140732,0.7957054318189621,0.026314966301873043,0.05242532075471698,0.11497360190654937
site_c3fac8d15831ac8c,148,0.04865664462584117,0.030334602581488117,0.03804314593285593,0.054643480170353635,0.05949274118301019,0.03804314593285594,1.088743634145167,0.7810191309469026,0.350385421804319,4.489521182060241,0.3757731267334642,0.44191466891891895,0.5238291655133582
site_c3fba37c42f73863,128,0.052879794556407574,0.04963467106930911,0.018239300978090164,0.01969198355444656,0.013677249426017704,0.018239300978090414,0.6945592549476463,0.44957360145818426,0.3579229020579676,6.353237896871566,0.01549883315204643,0.0496350996875,0.02394459543827221
site_c438c579f3fbc2ec,83,0.08391927849534835,0.05642972970590533,0.06211385440059488,0.08455079810219648,0.06361921071654818,0.062113854400594914,0.7524377314528916,0.6821003380586277,0.5845229601639264,4.6836675655901425,0.30453158672179076,0.5933535091566267,0.3359345296923144
site_c45005d41e05ffcd,278,0.07268633130898186,0.04326203965540413,0.058409748193373655,0.09478918420125944,0.06697931733534204,0.05840974819337515,0.7066135013160298,0.792223549075802,1.4687581670462233,12.026847024202349,1.3982732394447002,2.4978270647482015,1.2471716482969493
site_c4ae57110fb255d4,1016,0.09042194108056185,0.06646263127034809,0.06130942891104392,0.03309788869498283,0.06513207982714019,0.06130942891104402,1.9678620720303917,0.3661889047125034,8.306945467637025,67.52603337067366,0.8020364885202456,1.1129977598425196,4.310062827770705
site_c4f8e2def8cc0f30,94,0.07491867784393386,0.049090642158021315,0.05659432076097607,0.07413675607400827,0.059739325960940226,0.05659432076097618,0.8057990276955797,0.6618071319467661,0.5276039792490157,4.6145203628540035,0.27552004067726593,0.5166483085106383,0.33546598422914187
site_c56fc9c5f1ff5d0d,122,0.044908977302056396,0.020666714126457934,0.0398710818705974,0.05707869031375326,0.0414959811491976,0.0398710818705974,0.7269960281341464,0.7156720019622426,0.24605158156262724,2.5213391234278677,0.206801600366098,0.39747318032786877,0.21007380708721662
site_c59fe04d734e33bd,568,0.07558088139096475,0.04768913993759894,0.05863629902924627,0.07799892408405983,0.04779337045799668,0.05863629902924644,0.6127439707564366,0.6612185782060834,3.244682750882326,27.0874314845562,1.4000696905811645,3.455616665897887,1.2974291555296555
site_c5ee40e68c26cb53,124,0.18804267149281603,0.18436815506267937,0.03699229245314437,0.023903501968279766,0.036007547899242154,0.03699229245314468,1.5063712399557436,0.2901634969176766,4.384645741467236,22.861651227772242,0.03096845508973685,0.07085079838709678,0.16077139470881102
site_c6112b3d07cf93a0,216,0.15984854440912097,-0.13434285928833264,0.08662305298215932,0.11398090644317443,0.05097778638515589,0.08662305298215937,0.44724847323942835,0.6958812806587199,5.51913634433838,-29.01805760627985,0.8733774704819339,2.8061957592592597,0.5613266962218064
site_c62b54e06aa4fffe,37,0.047117485796166717,0.03202121818387831,0.03456441889823165,0.03362320757535222,0.033286805625818525,0.03456441889823199,0.9899949477223493,0.4663259048880196,0.08214212630682297,1.1847850728034977,0.019310900559095116,0.04182924324324325,0.04099642286452787
site_c6d377978f89caf6,53,0.042705675903283065,-0.009642284597990648,0.04160289776070418,0.08859817651313413,0.07485070304737866,0.041602897760704305,0.8448334490979338,0.8837535623391989,0.09666006198088135,-0.5110410836935043,0.31061878344037064,0.41603075471698114,0.29693927057440367
site_c6dbad6563643f29,50,0.14763056928601745,-0.1431406079764366,0.036132413922262185,0.03219481877569743,0.043447133434773744,0.03613241392226224,1.3495070041385115,0.5785816931916367,1.08973924938568,-7.15703039882183,0.040465210596233606,0.05182531779999999,0.09438267018495172
site_c7184b24616d8b68,11,0.05827655842549501,0.055288502942432045,0.018421148289528982,0.08969228294471443,0.09924023455181517,0.018421148289529184,1.1064523200171639,0.9860592627367463,0.037357729881121474,0.6081735323667525,0.09654695088186048,0.08849176181818182,0.10833486569289219
site_c79eeb4ffddf3d41,568,0.06856480549899469,0.060484159648418426,0.03229239825004647,0.037862885422486836,0.03532193591198828,0.03229239825004656,0.9328907587959614,0.6125504748779692,2.6702432901693043,34.355002680301666,0.46531646707465113,0.8142837165492959,0.7086590409321052
site_c7e77fa91cd0e5b5,45,0.06313184501021964,-6.995975706312391e-05,0.06313180624714286,0.06847696197253246,0.03861919631487729,0.06313180624714324,0.5639735642823679,0.4149916313661291,0.17935334344774773,-0.003148189067840576,0.0493855129117767,0.21100924444444452,0.06711490458031644
site_c83832e8d67694ad,46,0.04365108506518879,-0.008655881889488385,0.04278426037789569,0.04370764641784688,0.014515667206820007,0.0427842603778957,0.3321081869302602,0.22899519750593808,0.08764919245894401,-0.3981705669164657,0.00668311031655125,0.08787648434782606,0.009692411345120888
site_c8f87af663a64c0b,62,0.0795150198175498,0.06619553835757318,0.04405438772853841,0.018646476680913814,0.03506516770911971,0.04405438772853851,1.8805251152359395,-0.2779968956281235,0.39200357934829083,4.104123378169537,-0.01126949197073137,0.021556847741935482,0.07623309116105886
site_c8f923241d7b6cf3,153,0.05558906391845022,-0.011856815814192779,0.054309851280203776,0.08825432910147732,0.05619577839560115,0.05430985128020394,0.6367481229276092,0.8062505047393977,0.47279203618142024,-1.8140928195714952,0.6117882608949554,1.1916904705882354,0.4831687229515895
site_c90d703c921023d7,384,0.10785015706943973,-0.08674906901285673,0.06408007026607758,0.07920925509474842,0.046119341339176216,0.06408007026607764,0.5822468761258925,0.5878390143547676,4.4665560498826835,-33.31164250093698,0.8246101119204345,2.4092567395833333,0.816765559894828
site_c91d0d6c46ea62b9,342,0.0653154148626943,-0.04645830870145245,0.04591000948906908,0.059308350639052314,0.03707605777087512,0.045910009489069196,0.6251405977636805,0.6331257511687045,1.459007369190566,-15.888741575896738,0.47612992803556353,1.2029783157894736,0.47012484846161023
site_c9aed1d9afe08cac,128,0.07273828874383947,0.004206350293941799,0.07261656330746326,0.10018987832485875,0.05066410644383865,0.07261656330746336,0.5056808860428376,0.7221881254209663,0.6772299071209171,0.5384128376245503,0.46922868057060985,1.2848655,0.32855701526433445
site_c9e5c8b8112d21fb,124,0.03883978757360574,-0.029183664750476037,0.025628944779187483,0.04699091275175974,0.06411240591613725,0.02562894477918763,1.3643575355691795,0.9396393226589839,0.1870576082465895,-3.6187744290590285,0.3510256271124727,0.27381008927419354,0.5096896734520884
site_ca4c08bc8824e7df,72,0.12236550628754861,0.1105919527924723,0.05237114765360478,0.02617135116713656,0.06786362483117445,0.052371147653605225,2.593050102678344,0.7172171681306828,1.0780788332885831,7.962620601058005,0.09171626726103324,0.049315652777777774,0.3315939534163006
site_caaaa1aabb1e21d9,11,0.10075074762501172,-0.07719564853852447,0.06474214233183367,0.13489371083612645,0.07355878117075533,0.06474214233183442,0.5453091972546971,0.9783539262608952,0.11165784461698686,-0.8491521339237691,0.10678614384213632,0.20015944545454548,0.05951983716059776
site_caab4140fe1f5c75,199,0.07050096094352429,-0.051937854345719424,0.04767436187221777,0.0745912890863636,0.04043735464552411,0.04767436187221782,0.5421189946014308,0.8166026376158616,0.9891067132981068,-10.335633014798166,0.49015643019783284,1.1072082211055276,0.3254007504948502
site_cadb6c34bf67432d,262,0.05937153796178005,0.007828911869125512,0.05885310237270892,0.08020170337813158,0.03811744410198885,0.05885310237270902,0.4752697573301448,0.723167107887616,0.9235446342261375,2.051174909710884,0.5792250295055619,1.6852660648854962,0.3806701607554801
site_cb6d0d529a35bf72,121,0.10507785360675564,0.04441326356663191,0.0952303383274661,0.08029625390703674,0.061417761622738334,0.0952303383274662,0.7648895014933692,0.11667701356875308,1.3360039935509351,5.374004891562461,0.06962415602537225,0.7801460953719007,0.4564291145724486
site_cb73c7416c77fcc5,47,0.07541439680808197,-0.06903770576893016,0.030350064713101917,0.04779927284365394,0.02956173304795252,0.030350064713102084,0.6184557063168227,0.7917528843552945,0.2673045685585617,-3.2447721711397173,0.05258219275163844,0.10738421276595744,0.041073114857525184
site_cb8aadebec9e1fcf,153,0.03951545603424878,0.008327148005541634,0.038628096920356465,0.045301158013228364,0.07642843868153493,0.03862809692035759,1.6871188736327027,0.9244400027609099,0.23890510363598122,1.27405364484787,0.4897049032985287,0.31398582235294115,0.893719854612463
site_cbe94aaae2e082ea,54,0.05398348263766231,0.01827277551668662,0.050796870696998314,0.04945340773937663,0.031086268878063282,0.05079687069699839,0.6285971038010238,0.27049428002061254,0.15736768547530255,0.9867298779010775,0.022455186584095163,0.13206453499999996,0.05218323008899928
site_cc2f4e33aba4f988,24,0.10445444180587418,-0.08088863791823388,0.0660890207879464,0.061927302249402794,0.01805684314947438,0.06608902078794669,0.2915812976440212,-0.09243256078147616,0.2618575299114421,-1.941327310037613,-0.002480619843552508,0.09203977833333332,0.007825190028593276
site_cc39c5b4f811532d,154,0.05468713000271204,0.043386605202377616,0.03329090982455342,0.04908372963373881,0.051141962096493215,0.0332909098245536,1.0419330902136588,0.7800909215964883,0.4605650569417632,6.681537201166153,0.30156496561657303,0.3710187272727273,0.40278704421018885
site_cc701381aa01ffc3,51,0.05982409204307898,-0.013615321549714782,0.05825414155128078,0.08519605361131434,0.03975111900048069,0.058254141551280794,0.466584041343455,0.8038906515066212,0.18252502142771806,-0.6943813990354539,0.13884683712381943,0.3701767450980393,0.08058772455130925
site_cc73ca175d85bc6f,40,0.0624429344632866,-0.02285215902328491,0.05811109095827408,0.07918143721858047,0.03420173941023493,0.0581110909582741,0.43194138186480474,0.7500638377521502,0.15596480257545223,-0.9140863609313964,0.08125120172649622,0.250788,0.04679035914742469
site_ccee683800437b50,18,0.2057464647165472,-0.19281870573096804,0.07178129605678446,0.07771759576413839,0.02196207212472969,0.07178129605678463,0.28258815663033876,0.40126880268921117,0.7619689393804331,-3.4707367031574248,0.012328225558002785,0.10872044444444441,0.008681987016212922
site_cd09f5e742102c10,336,0.09569568415605566,0.07741216502019337,0.05625851644846237,0.09010750539408285,0.055458035925106584,0.05625851644846256,0.6154652232637258,0.8034458568310767,3.0769750926081083,26.01048744678497,1.3490291814775695,2.728105809523809,1.0333994995532585
site_cd9b47f2c6e7c758,40,0.1065192359219904,0.09576067869663238,0.04665018796280447,0.05713072181409929,0.044709399399039125,0.04665018796280599,0.7825806847762475,0.6042034191681002,0.453853904856186,3.8304271478652954,0.061732194653153424,0.130556775,0.079957215784912
site_cdb6242d14e183d0,160,0.07810713061291752,-0.015036722024530172,0.07664607519854076,0.1102085494641863,0.05685523818118576,0.0766460751985427,0.515887727926785,0.7583723876954315,0.976115816413337,-2.4058755239248275,0.7603057312238962,1.9433478999999998,0.5172028973822982
site_cdbb0d22e7b06f01,175,0.12825465653242477,-0.0966699929498945,0.08428623485076076,0.08999552269316693,0.06744998216953131,0.08428623485076103,0.7494815314257025,0.45670061130665396,2.878619961393793,-16.917248766231538,0.48514592123976785,1.417358968342857,0.7961625165672661
site_cdd0193742d73d25,11,0.13207379714475215,0.121229828080264,0.05241008181507419,0.05671488938264758,0.020127830942776728,0.05241008181507463,0.35489500485449277,0.3832041254696766,0.19187836681456452,1.333528108882904,0.0048119036915627396,0.035382365454545456,0.004456425363071004
site_ce2a9736239174ff,54,0.08709869800413443,0.07119703998389067,0.0501713532959565,0.062441031166324074,0.04736590111755511,0.050171353295956504,0.7585701298139461,0.6128746358982391,0.40965389247683226,3.8446401591300963,0.09788164929659278,0.21053964814814813,0.12115054378861245
site_ce840bd031a93a0e,69,0.03460337582097549,0.01793426110260728,0.02959317314704826,0.07901782346484096,0.06385352746132518,0.029593173147048433,0.8080901834728066,0.9360032228015737,0.0826201596563293,1.2374640160799024,0.32586400566250084,0.4308233333333332,0.2813318348785404
site_cec4a302b657dde7,101,0.05345667089588503,0.022169228606294878,0.048642995038060716,0.0984110503445555,0.07242971895157077,0.048642995038060736,0.7359917275344667,0.8813735454358393,0.2886191819903672,2.2390920892357826,0.6345152315779932,0.9781582178217822,0.5298524829277567
site_cedd671db129d181,93,0.06575445177876647,-0.0018211095448463198,0.06572922857262052,0.0607916632045953,0.06968114049474339,0.06572922857262053,1.1462285586796732,0.49937721704389204,0.4020992573715296,-0.16936318767070774,0.19673016176909533,0.343693247311828,0.45155790468027956
site_cf410c13c4f583ea,45,0.028226620081704106,-0.015170431689421336,0.023803362863122145,0.06510923774324326,0.05783777980683707,0.023803362863122294,0.8883191051156056,0.9317901158751091,0.03585339365565877,-0.6826694260239601,0.15790098440017966,0.19076457777777778,0.15053439478428765
site_cf467e53e3fb79b4,253,0.07322297322467253,0.04225298963068974,0.05980207918734878,0.07252174968612889,0.048419800602434206,0.059802079187349554,0.667659023837581,0.5734879112169898,1.3564857633888605,10.690006376564504,0.5094904629875548,1.3306292569169962,0.5931527038660105
site_cf53fcd25709e5dc,34,0.06297408987638879,0.009524533990551443,0.062249652593587404,0.06480489750384943,0.0333236273257532,0.062249652593587605,0.5142146444066786,0.3322752645422222,0.1348350238558228,0.32383415567874907,0.02439703372033203,0.14278894117647065,0.03775578069695329
site_cf6b1b2134e1588b,836,0.05431937096765779,0.023228038198497305,0.0491024673898489,0.04415691325293052,0.04892320954620982,0.0491024673898489,1.1079399790917899,0.44722098250451114,2.4666966361012124,19.418639933943748,0.8076851467212494,1.6300603779904308,2.0009496414047696
site_cfa28b3d4c2af861,102,0.10391819891465276,-0.015810089885487273,0.10270848613176106,0.10268213657996172,0.03758105307673266,0.1027084861317611,0.36599406993705413,0.18229580574640128,1.1014971906978646,-1.6126291683197018,0.07175310357470138,1.0754493596078434,0.14405822613633212
site_d04beb93196a3a21,622,0.035915292481223285,0.009576717088364326,0.03461494942681911,0.05554434597774493,0.04703882958599499,0.03461494942681958,0.8468698075019577,0.7845460181480151,0.8023229215553482,5.956718028962611,1.2749852830143675,1.918978458199357,1.3762692260462126
site_d0ce78b41de4999b,52,0.06819352169203287,-0.004877731897280766,0.06801885130094457,0.08190731971972125,0.055618668292285255,0.06801885130094504,0.679043930171404,0.5680600105766611,0.2418185328396114,-0.25364205865859984,0.13456771000337142,0.3488580692307692,0.16085868565557737
site_d122c9eee96eec44,13,0.04057940559210735,-0.01979596934410242,0.03542326574352103,0.022781701366661872,0.03615228769154091,0.035423265743521594,1.5869002542735986,0.34675734586248486,0.021406946056713793,-0.25734760147333147,0.0037127094326110987,0.006747076923076924,0.01699084276931523
site_d132cef849713e59,125,0.04675452805624925,0.0075425743174552945,0.04614212247424541,0.07024353066297281,0.04948241410564089,0.046142122474245456,0.7044408736095089,0.7557307680746528,0.27324823672032483,0.9428217896819118,0.3283479649558663,0.6167692000000001,0.30606366321526607
site_d15ecf104b47687d,115,0.10582816029381105,0.0944966926170432,0.04764425039406765,0.05843127318654265,0.05155567830405661,0.04764425039406765,0.8823302230547739,0.631082587673227,1.287953943784845,10.867119650959967,0.2186280557188003,0.39263457391304346,0.30566861602000794
site_d1bc13bbd7c8604f,141,0.05120382319692111,-0.01748668684046319,0.048125329020435044,0.05890450722807299,0.03616247094349434,0.048125329020435544,0.6139168740258955,0.5777616996329821,0.36967824290739937,-2.46562284450531,0.173529967815318,0.48923347702127656,0.1843891269682092
site_d1da6ed45ac274f5,50,0.09437543046210367,-0.054395549857616424,0.0771222797289793,0.10882830514163123,0.06652983939028405,0.07712227972897936,0.6113284526824234,0.712811016921333,0.4453360937453682,-2.719777492880821,0.2580493374675512,0.5921799999999999,0.22131097646484954
site_d2a88afeebc07d80,46,0.09108851083461898,0.07012678512282995,0.0581321839810353,0.051980006516974646,0.050628568252500894,0.05813218398103539,0.9740008061747275,0.358293368115444,0.38166737307915094,3.2258321156501775,0.043373910287152165,0.12428836956521742,0.11790958847171451
site_d2c6c5fd07d735c9,451,0.05342400802207846,-0.0031717324665539027,0.05332977354446305,0.059102753639767254,0.044957793048229874,0.04710987063263233,0.7606717162832841,0.6200297911384791,1.2872102095475397,-1.43045134241581,0.7430222141893786,1.5754041049991625,0.9115626232511274
site_d355ed29576c96c4,250,0.04342411855123159,-0.0109434713742733,0.042022547593308486,0.06243067502438204,0.058789613589476826,0.04202254759330851,0.9416783266642045,0.761239000713178,0.47141351798785397,-2.735867843568325,0.698489167971015,0.9743972959999999,0.8640546664999995
site_d3c0f0b2faa9bb95,81,0.05568147048467726,0.044553699074409626,0.033397515687891156,0.053459110804130454,0.029912811285527006,0.03339751568789117,0.5595456197377646,0.8246008627514316,0.2511345185822148,3.6088496250271795,0.10680897949038096,0.2314879987654321,0.0724768785992877
site_d4253e2faeb3b528,43,0.096160243766313,-0.08986480105685633,0.0342214846581555,0.062157952638881506,0.04329037658581335,0.0342214846581555,0.6964575689504617,0.8485372171175192,0.39761207669145976,-3.8641864454448225,0.09818099203329794,0.16613527627906977,0.08058443831248609
site_d46dadf54503ff71,88,0.05834649695603195,-0.04100300129028884,0.0415098493399918,0.05799199770244737,0.05937600661289061,0.04150984933999277,1.0238655153344516,0.7500747107435138,0.29957960621954166,-3.608264113545418,0.22728263212977484,0.29595031818181816,0.3102448941938746
site_d47f3d91f6768d70,53,0.03456888983386869,0.015764013875205565,0.030765305311153276,0.023595725819878736,0.044566060575710054,0.03076530531115361,1.888734464703959,0.7590508612395731,0.06333543165034594,0.835492735385895,0.042304282564880724,0.02950818867924528,0.10526508902760645
site_d55e4a9082082245,5,0.06412486610255531,0.059453045873641974,0.024027771203698232,0.08287425173116195,0.06030049301104082,0.02402777120369897,0.7276143283519619,,0.020559992263353234,0.29726522936820987,0.02481739317089319,0.034340708,0.01818074728687291
site_d583e7eb857a6d07,415,0.07761180876078161,-0.035525965906553957,0.06900361298893344,0.08165805495321894,0.0495798752693428,0.06900361298893345,0.607164538731012,0.5390391103016283,2.499791036534857,-14.743275851219892,0.9056759482250515,2.767235744578313,1.0201380731652896
site_d5dd2bb3b8af01ea,43,0.08537726648538192,-0.03296235324061194,0.07875760852995117,0.10177320782100992,0.0401699356664326,0.0787576085299512,0.3947004965892406,0.7055202667404766,0.3134389381981846,-1.4173811893463135,0.1240259461957355,0.4453847906976744,0.06938582045214936
site_d5fa35b8748ecd00,221,0.11769045825577686,-0.09842445949979496,0.06452650414076351,0.060033626254582965,0.05361203064064493,0.0645264898681957,0.8930333545618893,0.3595775232883542,3.0610807161445006,-21.751805549454687,0.2557653128655737,0.7964920181617647,0.6352092123003727
site_d65f83745aba7368,108,0.04614299683991024,0.02107226241959466,0.04105040698808849,0.03172314651309605,0.04212822994367388,0.0410504069880912,1.327996575821455,0.41004828503343976,0.22995102499574033,2.2758043413162232,0.05918453292548657,0.10868666666666667,0.19167707788420252
site_d68e520b86217ecc,289,0.10195012861532009,0.09819167415287255,0.027426699614361314,0.04461660394612093,0.04069791278589431,0.027426699614362098,0.9121696674861485,0.7970958714014482,3.003816501432609,28.377393830180168,0.4182895833556009,0.5752953494809689,0.47867651038206693
site_d6e0f79187805dc4,57,0.05552659054443231,0.03689528044901396,0.041496271375602516,0.089119622819205,0.05779959396252018,0.04149627137560383,0.6485619231106591,0.9280736645205222,0.1757425286768753,2.103030985593796,0.2724930513243665,0.4527115087719298,0.19042520454723533
site_d735284ea202b77e,489,0.15594462813660903,-0.13248601984680308,0.08225680269629848,0.07610930634956983,0.04005181205854638,0.07948931284479047,0.5262406659520522,0.17685558767054096,11.89185752484132,-64.7856637050867,0.26362559823113657,2.832594364863196,0.7844282004456563
site_d74ec077de336965,56,0.036506016194471747,-0.008181494367974142,0.035577413738182836,0.033292132275187354,0.02094815026647211,0.03557741373818287,0.6292222466653113,0.20177461743202482,0.07463059622989787,-0.45816368460655194,0.007880283676087858,0.0620685,0.02457419997685495
site_d7943e43ff597b33,72,0.06729320339129156,-0.04536305295907789,0.0497048151479676,0.07444795778401095,0.04062180453987815,0.04970481514796761,0.5456402801233377,0.7807097002567549,0.32604301603164487,-3.266139813053608,0.16999418784212322,0.3990598861111111,0.11880943229347668
site_d830d9e3fbd26651,704,0.08998613105467694,0.07824895904890515,0.044436518652480606,0.06944315061280372,0.08879750498933922,0.044436518652480765,1.278707895677864,0.8702631412228039,5.700642662661402,55.08726717042923,3.7779258420330217,3.3949352215909094,5.551037812201534
site_d8459840bc683e6d,9,0.06969619641518687,0.06643778136041428,0.021061362791854076,0.04536999606799494,0.03722983309135333,0.021061362791856414,0.8205826827835263,,0.04371803815269877,0.5979400322437286,0.013504122056563695,0.018525928888888887,0.012474544248090247
site_d8c17cfcfd29e789,109,0.06910717216380768,0.004908039992008733,0.06893266560865755,0.10371761736159257,0.06033324145332742,0.06893266560865835,0.581706782204479,0.7707188762286332,0.520562335648119,0.5349763591289519,0.5256923824196289,1.1725505124770643,0.3967709026449402
site_d8f779aeecdbd8d2,131,0.10954229459851418,-0.06984026671547927,0.08439106262524718,0.09065674437343546,0.062030130843750995,0.08439106262524723,0.684230735092747,0.4396350311771908,1.5719363740739047,-9.149074939727784,0.3238667793121502,1.0766425343511452,0.5040535643565658
site_d93f1ce9d07f856a,55,0.07564589748201823,-0.03925776588916779,0.06466165496839148,0.10731925031234286,0.05971911400715057,0.06466165496839148,0.5564622733884512,0.8505731396710864,0.3147265993223007,-2.1591771239042283,0.29982327215915383,0.6334581818181818,0.1961504917789476
site_da42d7233341c5fa,34,0.12410679560104797,0.08587050929770751,0.08960330544858616,0.1138287907280751,0.06290848894033951,0.08960330544858623,0.552658853159753,0.6204420370964095,0.5236848882882502,2.919597316122055,0.15105722694502158,0.44053778235294117,0.13455425134573185
site_da8bcad340f647ba,6,0.06586997001083286,0.06424187794129053,0.01455452052815027,0.06655862077897948,0.07394753204923155,0.014554520528150481,1.1110135874778468,,0.02603311769536812,0.3854512676477432,0.02905936028510332,0.02658029999999999,0.032809424977032764
site_da99bb912bf39167,787,0.0763700727815541,0.02212903344987157,0.07309373362494447,0.08023980321932427,0.055238481453344895,0.07309373362494469,0.6884174591300809,0.4678156576022374,4.590089369111318,17.415549325048925,1.6318531407535815,5.067041278271919,2.4013650987846926
site_daa49998006715f8,95,0.1046957744764726,0.07473165622635893,0.0733238348076103,0.07487550960800315,0.0607273174706708,0.07332383480761029,0.8110437950752845,0.4308086528077192,1.0413144933566991,7.099507341504098,0.18609380307903417,0.5326024842105264,0.3503416732824457
site_dabd51f8216ca183,414,0.06069177304807662,-0.029304202023911586,0.05314842480695938,0.06775277996840244,0.03900964795240451,0.05314842480695946,0.5757645364603086,0.6219110336964258,1.524965404707765,-12.131939637899396,0.6804994108427478,1.9004418260869567,0.6300055902154026
site_dad0353659cda19f,170,0.056526223694449505,0.02315352093787754,0.05156673766425612,0.07133913570920959,0.06412452022519823,0.05156673766425617,0.8988687567870268,0.7150477986348958,0.5431863740763405,3.936098559439182,0.5560783252837465,0.8651762882352941,0.6990321959990156
site_daf47f9c44bf482f,99,0.05720314319736408,0.03422452747099327,0.04583537183273817,0.052974494924817705,0.05033561551525699,0.04583537183273832,0.9501858505058735,0.6073664662105149,0.3239477595741559,3.3882282196283335,0.16033495454429977,0.27782341414141415,0.2508337447406782
site_dafe0965d62ae39c,205,0.049721404507215905,0.03722472154367261,0.03296267847378648,0.05842314617955921,0.05347176152647243,0.032962678473786484,0.9152496060744645,0.8300214695832501,0.506804703564889,7.631067916452885,0.5315603996048249,0.6997191219512195,0.586142002552507
site_db96cd85e659d65b,81,0.07720409418392235,-0.02065615260012356,0.07438948526855366,0.06763450176041677,0.06306267772103442,0.07438948526855514,0.9324039666089768,0.3537375251432936,0.4827982448595561,-1.6731483606100082,0.12221003106385471,0.37052849209876537,0.3221290070291112
site_dbd5f7c9c3a46705,3,0.04423757429060244,0.007442677326997123,0.04360698950079875,0.05837128289378834,0.021426388040842438,0.04360698950079903,0.36707070632368366,,0.0058708889373497095,0.02232803198099137,0.0029470908567309374,0.01022162,0.0013772703134302677
site_dc096381800c2a0d,61,0.023854342324078074,0.009905367301722041,0.021700537927256052,0.028580942169699603,0.03163283746172574,0.0217005379272566,1.1067807797904448,0.7447178567151893,0.034710808510572455,0.6042274054050445,0.04107109610308879,0.0498290855737705,0.0610388207586775
site_dc3fa845eee493af,75,0.07359765688234882,0.019643584626515706,0.07092774267938366,0.08920098255562485,0.03818652311249835,0.07092774267938406,0.4280953193389503,0.6435594106487101,0.40624613239289603,1.4732688469886779,0.16441054330190022,0.5967611466666667,0.10936579105660282
site_dd81667799d2704b,215,0.09367828226555092,0.08585499472534934,0.03747719905401774,0.0658336481338303,0.06469990062541256,0.03747719905402013,0.9827786012084126,0.8352766798125666,1.8867584221682097,18.45882386595011,0.7649276362508535,0.9318248837209301,0.9000065853017261
site_ddb8d9051d38fd31,29,0.03581252017555196,0.01602677774840388,0.032026223572684656,0.04800322026455042,0.04759699522224288,0.03202622357268466,0.9915375460215212,0.7755799375171797,0.03719356143840517,0.4647765547037125,0.051389509647570816,0.06682496551724137,0.06569874467140013
site_ddd5a78c36a9e7a3,382,0.05507163609409656,-0.028601391541552168,0.04706214512713404,0.07588470319358175,0.0432567320570414,0.04706214512713406,0.5700323021188283,0.8247901755295114,1.1585621089947886,-10.925731568872928,1.0342244207254607,2.199742484293194,0.714777339673285
site_de08b55dd68ab719,250,0.13887254567463378,-0.12226699977254868,0.06585107978441071,0.10030286408672485,0.053072492457678526,0.06585107978441095,0.5291224028437559,0.802223469677266,4.821395985538311,-30.566749943137168,1.0676236613621861,2.5151661359999995,0.704172363917586
site_de0c25f31478d5ae,20,0.07477561282399908,0.06845845729231835,0.03008042383944152,0.04058414838332819,0.04386251964174141,0.03008042383944161,1.0807795996468406,0.7488701125045163,0.11182784546409233,1.369169145846367,0.026661618309617045,0.032941462000000005,0.03847841258644302
site_de2dd333b47cf663,29,0.06561139735053888,-0.018296113369793726,0.06300879063948106,0.10077300518059006,0.056902169343911915,0.06300879063948107,0.5646568666076843,0.8216441237468584,0.12484080840641869,-0.5305872877240181,0.13663274239414724,0.2945007586206897,0.09389784940525364
site_df32de3b824705c1,130,0.08228897205827393,0.07332861495659902,0.03734152046923412,0.03443732322305598,0.056907582802390284,0.037341520469234335,1.652497275522574,0.7730631623466238,0.8802917399129604,9.532719944357872,0.1969508489146829,0.15417080000000002,0.4210014874534178
site_df4d1a2cf99eda94,136,0.04741032541142235,0.007813743503654704,0.04676199704969895,0.07668485253944575,0.05782452625705511,0.0467619970496992,0.7540540842444846,0.7935427461544122,0.3056924979639066,1.0626691164970399,0.47855394928858563,0.7997570588235294,0.4547399138119883
site_df5a72d9e6b0c9b0,180,0.061542994438691614,0.02879815360969967,0.05438939706553998,0.0787738306094663,0.03954040077626837,0.05438939706554221,0.5019484322439028,0.772221682587628,0.6817572296065488,5.18366764974594,0.4329497852355242,1.11695695,0.2814197928386264
site_df8e2a9486152870,479,0.03760342302356061,0.005100095272313081,0.03725595860130535,0.05472766722265866,0.032175935256282366,0.037255958601305386,0.5879281337787535,0.7502927746882501,0.6773143456595583,2.4429456354379657,0.6328552593486325,1.4346613110647182,0.49590429780629125
site_dfda0bf114384539,49,0.08655822288692645,0.00615960195478128,0.0863387818601901,0.07796440841558305,0.05347987420702415,0.08633878186019041,0.6859524146191676,0.17797711335223348,0.3671239715177991,0.3018204957842827,0.03636193645639079,0.29784400000000005,0.1401447503147572
site_dffc4a16666e5428,8,0.09820275479411017,0.0962336026325822,0.01956718614176289,0.050504325309818764,0.0579438155016036,0.019567186141763976,1.1473040209159768,,0.07715024839321702,0.7698688210606576,0.02210119142550975,0.020405495000000003,0.026859886039071024
site_e06c7a98fed0bd3d,30,0.034080428624795,-0.02833719262282053,0.01893354508555944,0.02199618653817571,0.012894470798475666,0.01893354508555945,0.586213922858698,0.5140875574808721,0.0348442684574924,-0.8501157786846159,0.004374307048320769,0.014514966666666667,0.0049880213151822506
site_e0819506e4cfd43e,250,0.05910830331092492,-0.022098724889755245,0.054821874088206886,0.07722653688985412,0.053598082962764124,0.05482187408820738,0.6940371162727321,0.7043948836682027,0.8734478800740744,-5.5246812224388115,0.7289068273425103,1.4909845000000002,0.7181886243208364
site_e08b0590bf66e62a,111,0.0747649281124566,-0.0730556594540407,0.01589544266121698,0.026312745231973116,0.01952853757310378,0.01589544266121712,0.7421702829157591,0.7989297932437481,0.6204671867983491,-8.109178199398517,0.04556878804148989,0.07685202234234235,0.04233137955159799
site_e0a3f27c6c9560a4,56,0.1676807835321617,0.11221102377516881,0.12460148999626038,0.13244723915852033,0.06399320705290042,0.12460148999626038,0.4831599923068968,0.36055154046210647,1.5745433292937419,6.283817331409454,0.17113237120956182,0.982367185,0.2293273107392615
site_e0ceb845349c800e,31,0.04625193856104648,-0.006570778050730305,0.04578282097537086,0.05864159469618785,0.05112767403561952,0.04578282097537103,0.8718670476221413,0.6598622473059788,0.06631649644029936,-0.20369411957263944,0.06133053925729567,0.10660393548387098,0.08103521062106944
site_e0f23347bc3a360e,5,0.15661805992999744,-0.14541138623952865,0.05817856519487987,0.04735145193127663,0.012127447613260837,0.05817856519487992,0.2561156441593801,,0.12264608348118136,-0.7270569311976433,-0.0024887761563062664,0.011210800000000003,0.0007353749280619298
site_e112cf24dd2b666b,2,0.1649631599096437,0.1639413607120514,0.018332331418991085,0.011499999999999996,0.006832331418991089,0.018332331418991085,0.5941157755644426,,0.054425688254749346,0.3278827214241028,-0.00015714362263679498,0.00026449999999999987,9.336150523786557e-05
site_e1c83eb53198657c,16,0.07178862970089453,0.0019898518010973976,0.0717610468439656,0.08943485735963076,0.026170639114718442,0.07176104684396575,0.29262236098261374,0.7549127306372716,0.0824577176693145,0.03183762881755836,0.02827078574774787,0.127977499375,0.010958437626765294
site_e1d83ae86567245b,279,0.08041916405688845,0.05459068479183327,0.05905166451140428,0.09997047893539995,0.0762543738913127,0.0590516645114048,0.7627689164176918,0.8081743423202287,1.8043605033828385,15.230801056921482,1.7188809324813787,2.7883529677419356,1.6223095409781556
site_e217e123676f78e8,634,0.11403228303633695,0.10706633696759163,0.03924488581740791,0.044256155423150145,0.054539501389640234,0.03924488581740791,1.232359676708631,0.7028610187821576,8.24413123821985,67.88005763745309,1.0755820910655645,1.2417570236593058,1.8858692723005808
site_e236e8f6fb4c7e9a,128,0.022917153698230167,-0.011288039035303517,0.01994432521710797,0.02586381683905867,0.016208745954533612,0.019944325217107966,0.6266958220201941,0.6367591145207797,0.067225079504423,-1.4448689965188501,0.03416859894638183,0.08562393874999999,0.033628601013582046
site_e285e97bc06024be,13,0.04225825568656918,0.017652369990715608,0.03839471327386545,0.07495386904761556,0.04942613092268438,0.0383947132738656,0.6594206750192668,0.8889932935793007,0.023214882257728935,0.22948080987930292,0.042814660822772056,0.07303507230769231,0.03175825143382238
site_e3489f2db8b7f610,188,0.09060876931258109,-0.07732955576336763,0.04722381689127585,0.06212729524813025,0.048708887274140494,0.0472238168912761,0.78401750920593,0.661280133724688,1.543470426352021,-14.537956483513115,0.37621315745993494,0.7256425531914894,0.44604047150316606
site_e35bffa822780b41,151,0.11325257741247748,-0.019776868812611564,0.11151242868190953,0.09416377956573939,0.05581277918221813,0.11093626705163574,0.5927202523052195,-0.0309170424876351,1.93674808987595,-2.986307190704346,-0.024535359212874808,1.338889424697879,0.4703750143264993
site_e4206af93f2d6f2c,175,0.09187884204019042,-0.04752893178340367,0.0786302884273918,0.08711951206549892,0.05321500620371568,0.07863028842739232,0.6108276428787517,0.45716827381770697,1.4773012825630962,-8.317563062095642,0.3709058508415051,1.3282166419428574,0.49557145492076216
site_e44008751f3e2871,30,0.013826771339704879,-0.004164187341133753,0.013184807524891127,0.016486704744530768,0.017241790559503964,0.013184807524891127,1.045799680813941,0.695228301929683,0.005735388170414527,-0.12492562023401259,0.005928774383440615,0.008154343,0.008918380250934
site_e443401d44fc1f23,274,0.10712941428641672,0.08000532797522789,0.07124506229155059,0.08025707237598909,0.048067610884910066,0.07124506229155074,0.59892056191288,0.4764200631862241,3.144618925066093,21.92145986521244,0.5035892554820671,1.7648881605839415,0.6330756892341761
site_e473611ef37db918,1,0.05798582243919373,-0.05798582243919373,0.0,0.0,0.0,0.0,,,0.003362355603949703,-0.05798582243919373,0.0,0.0,0.0
site_e4827c2c7a3df4be,641,0.03289717023506399,0.030194309824900394,0.013058616453235144,0.024064894785190544,0.024548922995472486,0.013058616453235146,1.020113456327256,0.8558711737493986,0.693705461873334,19.354552597761153,0.3241028422867057,0.3712153822152886,0.38629840657232584
site_e4a78bd8d0c42b04,2,0.06887662002592768,0.06623097431659698,0.018906264233589168,0.0793,0.060393735766412666,0.018906264233595038,0.7615855708248761,,0.009487977572392043,0.13246194863319397,0.009578446492552756,0.012576979999999998,0.007294806639646545
site_e4ad3110c632fc3e,37,0.10776755895888747,-0.08480260370550927,0.06650086592461506,0.09002233307843846,0.04014968895266719,0.0665008659246151,0.4459969829673696,0.7323067024573233,0.4297123302664196,-3.137696337103843,0.09793257693241574,0.2998487567567567,0.05964390835084926
site_e526161d153fbae1,108,0.07591079817662032,-0.032235885212266883,0.06872624669217094,0.08910861105679899,0.06082078354536658,0.0687262466921718,0.6825466453135335,0.6380677917239935,0.6223445222196509,-3.481475602924823,0.37347562572215165,0.8575572129629627,0.3995101127958121
site_e580905782041227,176,0.09746020708660853,-0.09273650311008096,0.029973871226095673,0.05287503761013062,0.06672570817376759,0.029973871226095707,1.2619510300070833,0.8998629561665332,1.6717345859041735,-16.32162454737425,0.558769796401076,0.49205545,0.7836083431071801
site_e5a46bf8593cb776,159,0.12022072494497472,0.02272312379423178,0.11805372654570158,0.13154045689507898,0.04969430361272718,0.11805372654570162,0.3777872206447101,0.4463746084473703,2.2980306103009474,3.6129766832828527,0.46394079420122336,2.7511597962264154,0.39265428603707164
site_e60e5a5f7ff91a10,8,0.14304787550988576,-0.130064037412405,0.05954864280465414,0.05858643054283132,0.04460467167513238,0.05954864280465426,0.7613481699063885,,0.1637015575031342,-1.04051229929924,0.00750362287648022,0.027458958749999995,0.015916613881970854
site_e60f7e42ba2fd8cd,702,0.053380196168403296,-0.025948006115068395,0.04664918350442579,0.07753782631007897,0.058251779526786174,0.04664918350442611,0.7512691843311857,0.8002758446598974,2.0003106307700067,-18.215500292778014,2.5374625398601793,4.220504385242165,2.382075412262188
site_e621c0e748219561,130,0.11083473178008971,-0.10236952395622546,0.04248315352866601,0.06501725078322125,0.0493278188897079,0.04248315352866634,0.7586881680705845,0.7570030083746824,1.5969639099393755,-13.30803811430931,0.31561778833545173,0.5495415769230769,0.3163203831340571
site_e692ba92ac3619b9,78,0.0995385523857875,-0.07885237807555076,0.06074722942561714,0.05932681468080804,0.04632309136086525,0.06074722942561879,0.7808120427515648,0.35937573749544377,0.7728180260625367,-6.15048548989296,0.07703568016986051,0.2745343333333334,0.16737464587171136
site_e6f2aca5e6ecbaba,167,0.12462801807660408,-0.11755074203499777,0.041400071699500246,0.037831817415747426,0.05130545038898538,0.041400071699500454,1.3561455381635878,0.6052436425057364,2.593867862580293,-19.630973919844628,0.19618573094125458,0.23901815029940116,0.4395856230159789
site_e6f4ed93ce9ba081,116,0.09379923830204535,-0.04623552443446784,0.08161233599348582,0.10986853293969592,0.06809593252689558,0.08161233599348588,0.619794682834909,0.6714858382037111,1.0206024643010916,-5.3633208343982695,0.5827594759014659,1.4002469655172414,0.5378984990980719
site_e722a68e19572b18,15,0.05586389859722415,0.05448875931183497,0.0123186961622511,0.01038992246789594,0.015170032350011398,0.01231869616225191,1.4600717567321246,0.5910907956238479,0.04681162749721414,0.8173313896775246,0.001397475714385509,0.0016192573333333332,0.003451948222505885
site_e755ae9494167172,176,0.12762825801542704,0.07021428646391087,0.10657826335804257,0.13551439769330695,0.05602901208241901,0.10657826335804288,0.4134543121331107,0.6680380772768201,2.8668591149532254,12.357714417648314,0.8927138841891831,3.2320907488636363,0.5525080343080067
site_e7895d956d62a46d,90,0.03357785764047115,-0.022003115067217086,0.025364058253019198,0.03150423056051166,0.012057558119707159,0.02536405825301922,0.38272822110502397,0.6509772990853843,0.10147252713513721,-1.980280356049538,0.02225546099808481,0.0893264888888889,0.013084623702910442
site_e7920aa397fb1716,99,0.06700590046448172,0.021499598925763908,0.06346304391602503,0.09645427835761575,0.04380178858973605,0.06346304391602534,0.4541197066172192,0.8514423767701746,0.4444892790085471,2.128460293650627,0.3561260944260191,0.9210393535353536,0.1899410716823332
site_e7d7202b18581b5a,73,0.25957841238131485,-0.2541720460947246,0.05270221208284482,0.058260075884856294,0.031308071413129884,0.05270221208284619,0.5373846658731848,0.4377465254286993,4.918809508731488,-18.554559364914894,0.05828716460421478,0.2477792602739726,0.07155425949950378
site_e7defe0b5f5d29b7,231,0.06067332604491682,0.01064190798610836,0.0597327572423037,0.10492177169239797,0.07109109186712242,0.05973275724230437,0.6775628234294607,0.8375461647135273,0.8503693259644927,2.4582807447910313,1.4431169710838565,2.5429815584415585,1.167460912200577
site_e7df8a81d2875ad9,50,0.08823378707116454,-0.054461141076087946,0.06942035215705872,0.11438415274853418,0.0626580975808982,0.06942035215705955,0.547786525277219,0.8504553806274349,0.3892600590459801,-2.723057053804397,0.30476465747118,0.65418672,0.19630185962286806
site_e7ee204eaac12eb2,47,0.061369915162487174,-0.022454767415498168,0.0571143581542046,0.09823004475756789,0.050127471339131126,0.0571143581542046,0.5103069174288366,0.9037177331578328,0.17701452489139102,-1.0553740685284139,0.20914659646121744,0.4535096595744681,0.11809987899420436
site_e813e7562543b91c,20,0.12129771812277604,-0.09360785571485758,0.07714081779615013,0.10038818406565585,0.04339835557074339,0.07714081779615016,0.432305414971547,0.6898023367457464,0.2942627284358486,-1.8721571142971516,0.06010498995985836,0.20155574999999998,0.03766834532489348
site_e84e6fd19eaae8f3,84,0.17142143285005093,-0.14210309798036308,0.09587500813427796,0.1077720028923389,0.04158720438128551,0.09587500813427849,0.38588133527433766,0.463224229766947,2.4683658417906194,-11.936660230350498,0.17439588561902447,0.9756435870238096,0.1452776277330683
site_e894534d7e7a123f,174,0.14188292618933332,-0.11235564628606554,0.08664279249705846,0.09238506886898627,0.024633818324079047,0.08664279249705852,0.26664285285117795,0.35918240110075617,3.5027530654643186,-19.549882453775403,0.14223216432125746,1.4850901652873563,0.10558755090892946
site_e8fdb2dcaaa2ec50,118,0.06638877996367734,0.004977113793462011,0.06620195196028962,0.08065588476573,0.06368823021268062,0.06620195196028965,0.7896290567968725,0.6014276608007857,0.5200814723977368,0.5872994276285174,0.36455297432520384,0.7676338661864407,0.47863049877956176
site_e908f29f409c402b,51,0.023639571388192376,-0.018801241873759846,0.014329781555272326,0.02258828295201944,0.01805289067583532,0.014329781555272383,0.79921482806737,0.7734426243696486,0.028500296106289628,-0.9588633355617522,0.016085266100834394,0.026021756862745098,0.016621249949436756
site_e9578e4592e63187,8,0.02324436439434262,-0.003410392507910729,0.02299281842312876,0.018289341158171882,0.031206592703974773,0.022992818423128836,1.7062721086610229,,0.004322403808775864,-0.027283140063285832,0.0031187269166111945,0.002676,0.007790811425534172
site_e98d1003be09654d,174,0.06699147114169722,0.055919399523186954,0.036890079461761115,0.03720863645046457,0.050151916976072804,0.036890079461761524,1.3478568891617266,0.6802530950696563,0.78088715379682,9.72997551703453,0.2208772912958915,0.24089997701149427,0.4376473710892326
site_e99ab7a415991029,162,0.11643900054374914,0.10002776009580236,0.05960275209957862,0.04860985967426981,0.06507162971759982,0.05960275209957871,1.3386508447800265,0.4812882073477518,2.1964026173156084,16.204497135519983,0.24662453889883595,0.38279279012345674,0.6859593530449162
site_ea33c67804056e7d,182,0.10480037442968916,0.047043432080483706,0.09364845956390296,0.09435775635973616,0.07148339066536019,0.09364845956390308,0.7575783213075973,0.3886744061826874,1.9989275634697545,8.561904638648034,0.47713368862867356,1.620416285714286,0.9299972756650037
site_ea99257f5d54ddf2,142,0.10024132450398861,-0.0824582714442636,0.056999619373624674,0.08630036744962383,0.05827650340402049,0.05699961937362471,0.6752752638977844,0.7550725092783276,1.4268618856405804,-11.70907454508543,0.5392412840162573,1.057580985915493,0.4822534205578312
site_eafced833314a87c,939,0.07167350178300246,-0.057185582000385336,0.04320763901343445,0.05705850238702884,0.059061603336198185,0.04320763901343449,1.0351060905100922,0.7236044362593888,4.8237283155099355,-53.69726149836183,2.289772915856443,3.0570766602768904,3.275488336335229
site_eb3bc9a7aee9d6f6,324,0.042895186308476836,-0.024923091553059627,0.03491183919355649,0.048606134861892365,0.029434503378039937,0.03491183919355652,0.6055717752846225,0.7024929807463258,0.5961590307342162,-8.07508166319132,0.3256377907505052,0.7654682561728396,0.2807103564722376
site_eb828ca3e955ad1d,72,0.07382813981254283,0.03994996018707752,0.06208538402258047,0.035015998878643116,0.06735435660394502,0.062085384022580486,1.9235309218902692,0.4045263391750313,0.3924427844289866,2.8763971334695815,0.0686928463836925,0.08828065277777777,0.32663587345426026
site_eba5cbc1dd84d08d,137,0.06092257703300879,-0.053575210069087296,0.0290044351504396,0.04200977355463329,0.030562173404631174,0.029004435150439763,0.7275015030701217,0.7234191968222778,0.5084837737509759,-7.33980377946496,0.12724630273672188,0.24178048715328468,0.12796436272042006
site_ebf4f84d79acafd6,8,0.08003499216836864,0.07467566390708089,0.028794881340743952,0.05560539542166749,0.08257124228815928,0.028794881340744132,1.4849501862544825,,0.05124479977112663,0.5974053112566471,0.03632329944632947,0.024735679999999996,0.054544080424079225
site_ec20e4065643efdb,232,0.06403440483261162,-0.011279243703546195,0.06303319493523082,0.08330052171121309,0.060874867762843524,0.06303319493523112,0.7307861525031619,0.6578252315045572,0.9512939605258963,-2.616784539222717,0.7738989623362904,1.609842644827586,0.8597338898333351
site_ec919d9a24ddf81b,54,0.10832206149452821,0.10144666975515859,0.03797686403604359,0.04855266327516042,0.06188474941756231,0.037976864036043695,1.2745902128343718,0.7895779014887239,0.633618126346915,5.478120166778564,0.1281107102284829,0.1272975,0.2068049993656218
site_ecbc4520bb039c64,117,0.23572822795847262,0.13481123236713244,0.19337458231136959,0.17172270627834763,0.06272423884069668,0.19337458231136959,0.3652646769905089,-0.18432114926681423,6.50143230240367,15.772914186954496,-0.23228659902194626,3.450176478632479,0.4603166261629372
site_ed130293b294c5a2,39,0.059268382629744064,-0.030121876951975712,0.05104325330967632,0.054385126389359315,0.02005252656985281,0.051043253309676836,0.3687134314314322,0.3458923144061708,0.13699690600228417,-1.1747532011270527,0.014711425672815396,0.11535193692307688,0.01568204905155146
site_ed8668d708cd9f42,70,0.07789664864604333,-0.049308593641008654,0.06030381798386405,0.09594681881551013,0.0792353354098551,0.06030381798386751,0.8258255603264091,0.779195626535428,0.42475215091995866,-3.4516015548706056,0.41466179842139994,0.644405442857143,0.4394766864258566
site_ed9138fe753e1f02,20,0.04935330294318487,-0.024178223656415938,0.04302513233241834,0.04288317239897253,0.011047314099857262,0.04302513233241979,0.2576141988068483,0.11593565360381002,0.04871497022803562,-0.48356447312831874,0.0010984761159867052,0.03677932949999999,0.002440862976418101
site_eda005e51a299a0e,329,0.2311527851415261,-0.2278367694431525,0.039013030751177034,0.07235669123153658,0.05816630209824076,0.03901303075117704,0.8038828352738306,0.8431056163954452,17.578999715887207,-74.95829714679718,1.1674224316169448,1.722476462006079,1.1131118522288725
site_edb67bacc6a2f615,2,0.051737982075688936,0.05159446656107902,0.0038509491741657263,0.07665,0.08050094917416581,0.0038509491741675317,1.050240693726886,,0.005353637578528619,0.10318893312215804,0.012340795508399605,0.011750444999999998,0.012960805635883255
site_edc41c47fa42988f,103,0.020731388105588732,0.0027899612689481186,0.0205427984681327,0.021369083293466096,0.012960022615443566,0.020542798468132777,0.6064847255008959,0.36576615197467893,0.044268416636808236,0.28736601070165624,0.01043355691181948,0.047033685242718455,0.017300105177859293
site_ee1921e55841ea0d,206,0.07110113485453179,-0.043850960265085524,0.055968425575785165,0.08555681359390584,0.06062844053778471,0.05596842557578596,0.7086336901880979,0.7579568547153408,1.0414065037860767,-9.033297814607618,0.8099210837742368,1.5079134805825243,0.7572164072210015
site_eef5f3ba42e04423,79,0.032843445360540596,-0.018798664192761053,0.026931433822182937,0.029943061386108267,0.03278177579099863,0.02693143382218299,1.0948037466271685,0.6346508107311309,0.08521666034891444,-1.485094471228123,0.04921422004786473,0.07083036708860758,0.084896941096893
site_eefad9fa85f80180,151,0.07119507631064356,0.05929098293086551,0.039412158453580974,0.03970231760324784,0.060422925188070735,0.03941215845358113,1.5218991946990985,0.7657341862094362,0.7653795725226322,8.952938422560692,0.2773783686423539,0.2380173774834437,0.5512904131307621
site_ef1a0b7a4f85647e,128,0.14362196286647222,-0.10129417085554451,0.10181728324948608,0.10085710807870707,0.05663125528039321,0.10181728324948619,0.5614998918687931,0.2637143765548117,2.6402903318551454,-12.965653869509698,0.1927997540049255,1.302036,0.4105086815530321
site_ef1b5625cbf889df,183,0.1019609043248465,0.00526657708785573,0.10182479647177389,0.12119144356353147,0.07440084023202032,0.1018247964717749,0.6139116594730354,0.5464589268239333,1.9024727599655118,0.9637836070775986,0.9016924087008247,2.687787976721312,1.0129937599832022
site_f005fd2353ec048d,130,0.10475520982890564,-0.07313324871319993,0.075001212783203,0.08307237396376928,0.06884297785980166,0.075001212783203,0.8287108526575447,0.5259001579591654,1.4265750182187462,-9.50732233271599,0.39098754484596165,0.897132511076923,0.6161162280786683
site_f059546b5612f674,32,0.12464846045907721,-0.07828184889443218,0.09700098364700957,0.12720319313503886,0.04002365426614721,0.09700098364700963,0.31464347143910226,0.8223462691303265,0.4971916382341803,-2.50501916462183,0.1339736706572585,0.517780875,0.05126057282611468
site_f07b80b3214910ba,44,0.08153423846225644,-0.03442530810832977,0.07391028482739505,0.09835446468331012,0.055518526795153705,0.07391028482739516,0.5644738850840872,0.6678128411581106,0.2925046098312843,-1.51471355676651,0.16044990142231635,0.42563843181818184,0.1356214999701848
site_f0ccb43d6f9d9cfd,309,0.048076619638288985,0.04284196369943109,0.021815762700885404,0.025492549272102424,0.02440358407251041,0.021815762700885512,0.9572830010851948,0.6184420877135636,0.7142106589560168,13.238166783124209,0.11888427093088579,0.20080985113268607,0.18402028891548186
site_f1050af72de062ae,91,0.10185952044963567,-0.08884070039869664,0.049826617975724276,0.06255148363789058,0.02387997833946123,0.04982661797572431,0.3817651788677307,0.6695494468542894,0.9441579334669071,-8.084503736281395,0.09101135734125235,0.35605461758241763,0.0518930562598755
site_f1573be180b99853,119,0.05727954476469165,-0.05261948265653699,0.022630428484867862,0.04469950703262642,0.03829613490747758,0.02263042848486809,0.8567462473249429,0.8623881095824355,0.39043260356558745,-6.261718436127901,0.17567396327196738,0.23776746554621847,0.17452467991335502
site_f2457bdf17f809aa,15,0.07323705843393487,-0.06763546207745869,0.028091119550922805,0.04126600968782365,0.033752426056970534,0.02809111955092309,0.8179231845363001,0.7369893878269882,0.08045500092083387,-1.0145319311618803,0.015397491169969241,0.025543253333333335,0.01708839397096895
site_f2e692f63befa2ca,575,0.10613107994697324,-0.01650858116735583,0.10483927164260372,0.1344642444121515,0.08412216056603515,0.10483927164260422,0.6256098856153098,0.6261766688022986,6.476688525158725,-9.492434171229602,4.0726956879595955,10.396363989565216,4.069009291521235
site_f35139d0576344b1,63,0.1180631258153674,0.11497072787228083,0.02684461603028089,0.06413612224691127,0.05366057508984543,0.026844616030281567,0.836666970342593,0.911247725188282,0.8781508056696021,7.243155855953692,0.19757638170995886,0.25914685714285707,0.18140581109529524
site_f39ad74b903eb489,68,0.07219227548226316,0.05745150089877493,0.04371555425457898,0.07388664398366968,0.08927719853447783,0.043715554254579,1.2082995480781311,0.8730987814104276,0.3543972754728743,3.9067020611166954,0.3916325582206688,0.3712280588235294,0.5419884361151908
site_f408269ff3bfc904,433,0.045450887266171705,0.003720922822076784,0.04529832101341502,0.06692052862627104,0.04578737084523274,0.04529832101341506,0.684205157746736,0.7380438565974843,0.8944841053712138,1.6111595819592475,0.9792084115802226,1.9391286466512703,0.9077772814218703
site_f40d91148ce5f169,100,0.06934535219805261,-0.023380954704999922,0.06528482847151168,0.08172392327831551,0.05926110823683968,0.06528482847151228,0.7251378281855434,0.6120698149961243,0.48087778714719603,-2.3380954704999923,0.29642848784518244,0.6678799635999999,0.3511878949458428
site_f41236f6a73e8c51,344,0.10726805764268377,0.08330061762104202,0.06758286243114503,0.08022211993946854,0.0703629488699699,0.06758286243114521,0.8771015889764835,0.6040296367667414,3.9582140495093405,28.655412461638456,1.172883446782221,2.213842453488372,1.7031249333452314
site_f459e887bba62073,76,0.0799293691957587,0.057549791345470835,0.055468239345815476,0.04930889935297341,0.07215722877986222,0.055468239345815476,1.4633713128198431,0.6409943700134964,0.4855415085624244,4.373784142255784,0.1733296904897219,0.1847839342105263,0.3957065905543926
site_f468c03f1fedb166,24,0.11220517643865241,-0.06846532109876474,0.08889601468273005,0.08441858956348944,0.05898008798122654,0.08889601468273102,0.6986623240947287,0.27140379772818257,0.3021600388710988,-1.6431677063703538,0.03243177138827741,0.17103595833333332,0.08348761867855736
site_f4812d36f8b87671,83,0.09854549021564489,-0.07427344750998968,0.06476626156281193,0.06853445413576326,0.053799930626663064,0.06476626156281218,0.7850056049193614,0.4606181381132016,0.8060307322728663,-6.164696143329143,0.140964515045375,0.3898486265060241,0.24023790044100196
site_f48c6b207c3fab2d,284,0.1340205823174608,0.12719778218529593,0.042216592613015344,0.04645192347155819,0.035507219399003614,0.042216592613015344,0.7643864181586398,0.49603623264414465,5.1010706816580065,36.124170140624045,0.23235504471605095,0.6128098591549297,0.35805658676350993
site_f4ae282ac466260d,9,0.12586108488221825,0.12164312232865226,0.0323104236720209,0.022557372669005475,0.03871312908418488,0.0323104236720209,1.7162073638734496,,0.14256911418956053,1.0947881009578704,0.004336100763082505,0.004579515555555557,0.013488357271398854
site_f4e6d6d6c1cafad7,124,0.05999790926269414,0.014176739888806498,0.058298963644473144,0.04518406323870869,0.08185754380661199,0.05829896364447315,1.8116463624388153,0.7223552632372963,0.4463688903709154,1.7579157462120056,0.33129624898106824,0.2531583467741936,0.8308815272783736
site_f4e907a8ba8d1abb,25,0.21517964540916357,-0.20709527488040924,0.058427963515949324,0.07287956377476473,0.04469073067116885,0.05842796351594963,0.6132134765417389,0.5979146955488648,1.1575569949603342,-5.177381872010231,0.04868581629127264,0.13278577039999997,0.049931535198073806
site_f5ae0072aa9d0a04,65,0.13227863527076342,-0.10637716370765979,0.07862274728479926,0.10741916563426719,0.04904022077826839,0.07862274728479976,0.45653138793906567,0.7367588167224536,1.1373464276912177,-6.9145156409978865,0.25227423029035323,0.7500270144615384,0.15632131150878492
site_f5fb4b6c3b6ce99f,102,0.0630936712384678,0.03526016938277319,0.05232142778485698,0.06258778072467487,0.04217211042784644,0.052321427784858966,0.673807410001683,0.560377261497456,0.4060427577354817,3.5965372770428656,0.1508674548151446,0.3995574901960784,0.18140566358972438
site_f617214b073c06c0,689,0.03347177062267892,0.01625753791564089,0.029258364437178146,0.05048433233973089,0.051995744184494194,0.029258364437178146,1.029938235779615,0.8373757825751407,0.7719276463172727,11.201443623876571,1.5144817140966405,1.7560321223222062,1.8627510577632602
site_f645d63c8edb6a7a,176,0.09774523360865771,0.005286099132353611,0.09760219182566547,0.11337114285856807,0.05871070257519109,0.09760219182566562,0.5178628449431213,0.5088396614773787,1.6815270020051483,0.9303534472942356,0.5960921807065607,2.262130821818182,0.6066626010495688
site_f65ec349d3fa498b,397,0.1496626202057345,0.14497563495293672,0.037161339545807096,0.026685419576828063,0.03404739281330914,0.03716133954580719,1.2758799881443028,0.26985921743804603,8.892363255077836,57.555327076315876,0.09733872657946735,0.28270831234256927,0.4602123080813585
site_f695cfa2b198ee8e,37,0.017444261814429703,0.00792156984854389,0.015541911123958042,0.0214687688296765,0.012962421825131538,0.015541911123958044,0.6037803997038456,0.6960100228450304,0.011259183999263702,0.2930980843961239,0.007166556145119908,0.0170535972972973,0.006216902044187917
site_f6a13c8718860659,32,0.03393712771493643,-0.016452812539413574,0.029682210111156175,0.03236991695135315,0.03872012137268088,0.029682210111156328,1.1961761110129225,0.6646200095528405,0.036855316401277,-0.5264900012612344,0.02665641160751693,0.03352996875,0.04797592957168445
site_f6e487124edabf8f,133,0.0895282448443114,-0.07728221359808642,0.045196969879436825,0.08439375235256907,0.06592327567658796,0.04519696987943723,0.7811392886191668,0.8470743485762307,1.0660357811120955,-10.278534408545493,0.6267902721153951,0.9472666230075188,0.5780018106988778
site_f7b6fd0b704f24d5,64,0.08336416789057921,0.008622632942348718,0.08291703497611454,0.08017830495799659,0.04524316648881073,0.08291703497611455,0.5642819028478152,0.22057353704188878,0.44477340723767533,0.551848508310318,0.05120864034052937,0.4114278775,0.13100442329179174
site_f801eca3ddf0629c,849,0.03689198249899592,-0.0013992318542180547,0.03686543805414989,0.047011938799655636,0.05693531463684736,0.03686543805415016,1.2110820376815519,0.7645205635487724,1.1555045984275818,-1.1879478442311284,1.737347719859583,1.8763939088574795,2.7521439148244875
site_f80bf9d30cd43152,124,0.01864433999228321,0.004525267565538806,0.018086828555834038,0.019698500407753276,0.012597730278740732,0.01808682855583404,0.639527376093172,0.44246363115733434,0.043103815304733534,0.561133178126812,0.013615222275485435,0.04811583387096774,0.019679148213811726
site_f8577ef511842081,219,0.0718328430230982,-0.042201427917883276,0.05812913915131353,0.07858698888785544,0.060981245068782525,0.05812913915131366,0.7759712635866922,0.6797974004534769,1.130030656755054,-9.242112714016438,0.7134615128268016,1.3525253461187212,0.814397982780422
site_f85796d856927f97,73,0.06824575689180673,-0.029605753766347286,0.0614896957031176,0.10187417131815199,0.05647770146308705,0.06148969570311767,0.5543868551991238,0.8505164147952764,0.33999628336269777,-2.161220024943352,0.35722896263278925,0.7576193150684932,0.23285034566641172
site_f863ed028d428c3e,85,0.13910062391865474,-0.11035851923437681,0.08467573918753063,0.09495401524096084,0.03139614598635581,0.08467573918753067,0.3306457963539838,0.4749784596011607,1.6446636038375169,-9.380474134922029,0.1203600929144551,0.7663825258823529,0.08378602853770811
site_f8923c8bedba827f,29,0.06996569315251548,-0.04985118138995663,0.04909234087245781,0.06536619612398584,0.06319998580338668,0.04909234087245791,0.9668603888699547,0.708874074433996,0.14196074833104658,-1.4456842603087423,0.08492533809948585,0.12390944827586206,0.11583290796090007
site_f8bf18cf05681ba1,521,0.05312796871438968,0.02029649103820438,0.04909820272935922,0.06413669338200492,0.06939624544927486,0.04909820272935931,1.082005351226068,0.7323013675121613,1.4705647321126447,10.574471830904482,1.698126770791403,2.1431415431861804,2.5090520577595767
site_f9474c251f4c85b7,278,0.11433523481328076,-0.0980194977873521,0.05886190596067485,0.06737369251298479,0.03650682186419689,0.05886190596067603,0.5418557377890637,0.48935581156765257,3.634167765706638,-27.249420384883884,0.3346061531867591,1.2619016151079139,0.3705039558495287
site_f956c78502603f81,228,0.042608798972455446,0.0031671365639358243,0.042490928394899784,0.05377132362069216,0.03708716577518719,0.04249092839489981,0.6897201571009011,0.617115141876561,0.4139362229715274,0.7221071365773679,0.2805920889158488,0.6592289956140351,0.31360439327385725
site_f9b796db02c200aa,619,0.11377140626587226,0.10054051433587884,0.05324976864542325,0.0436637165351701,0.07171637379731827,0.05324976864542326,1.6424706710330628,0.6728964606438412,8.012294455019063,62.234578373908995,1.3043012606921172,1.1801359676898222,3.183664489524104
site_f9f0235d2e05c1c5,86,0.12344357756707598,0.04447186725749525,0.11515454773994131,0.13398621998457327,0.04289507795206603,0.11515454773994134,0.32014544448678994,0.5682380341327082,1.3104952484600485,3.8245805841445915,0.2808641747023477,1.5438984145348835,0.1582389432761886
site_fa6684a460ee051b,87,0.02463348912194865,-0.016629281554962023,0.01817349116947435,0.025409193582436075,0.02689742806025091,0.01817349116947476,1.0585707087864278,0.759993561758459,0.05279236440994114,-1.446747495281696,0.04518879934634114,0.056169559310344834,0.06294203235430446
site_fa67fc8ac26d4830,132,0.07414653387916112,0.06407972374174631,0.037302781283371646,0.06730838360274266,0.05667761579890081,0.03730278128337235,0.8420587862191854,0.832434480104844,0.7256975201907536,8.458523533910512,0.4191840275295191,0.5980152424242424,0.42403048150951095
site_fa6f730253456586,123,0.039665028165317764,-0.023182614976749186,0.032185102488500116,0.03858576805590042,0.04252968374773354,0.032185102488500116,1.1022116674240992,0.689122132150682,0.19351767850072055,-2.85146164214015,0.1390979124479692,0.18312996406504067,0.22247920196091436
site_fa8f84308360a237,255,0.060251307456349004,0.025201304751751474,0.05472763734173846,0.08446777864135166,0.04826913482503112,0.05472763734174194,0.571450268983405,0.7933903151891184,0.9257061128008717,6.426332711696626,0.8248740913349039,1.8193754352941178,0.5941268910730431
site_faac0be9a66c6585,533,0.09451772704262365,0.06595490683388754,0.06770192751936331,0.0802532364799751,0.0835641747552343,0.06770192751936348,1.0412561339639597,0.6590823732228307,4.761609186586983,35.15396534246206,2.3558606071395007,3.432830187617261,3.7219237042449387
site_fab524c655a9dd78,4,0.06902412909902371,-0.005184454995393755,0.06882914952459772,0.11416458513917528,0.04939313899752246,0.06882914952459782,0.43264852175750024,,0.01905732159151477,-0.02073781998157502,0.02147156571149826,0.05213421,0.009758728720114296
site_fadb31acf1acd232,565,0.05733345253931427,-0.044728760110171496,0.03586729428162282,0.037817834341110856,0.024676385462916416,0.035867294281622844,0.6525065724372089,0.40325963352149047,1.857225500743958,-25.271749462246895,0.21262356699755233,0.8080565557522124,0.3440420597256544
site_fb12f9388775927e,36,0.04264927195996592,-0.024868878028459024,0.03464822223896579,0.058105241896084285,0.046123634740272666,0.03464822223896587,0.7937947289292834,0.8028114639713778,0.06548257435374488,-0.8952796090245249,0.07745597123644418,0.12154388888888888,0.07658602853954716
site_fb318c5726a2f05c,229,0.07501670209334209,-0.05788862408300675,0.0477117678852667,0.06367017176423491,0.05635799517346482,0.04771176788526684,0.8851553814265424,0.690252978353433,1.2886987807881227,-13.256494915008545,0.5671988329391553,0.9283409868995633,0.727355208973653
site_fb4c3069d7e94bed,118,0.01935616446577249,0.0020536389396352277,0.01924691325723809,0.015938574997119745,0.012968973903448673,0.019246913257238294,0.8136846553592333,0.12527102695236933,0.04421001013347196,0.24232939487695687,0.0030555384398138117,0.02997650440677966,0.01984692552478326
site_fb501c568fd614c3,94,0.06912012079996355,-0.025464890591388054,0.06425831033080616,0.06920450863485399,0.058622717656634835,0.06425831033080619,0.8470939077964963,0.5049051826506455,0.449093563343746,-2.393699715590477,0.19254755993073294,0.45019081744680856,0.3230425643922554
site_fb66aa74c523bf6b,430,0.08280494248662909,0.06704520777283712,0.04859628190418534,0.0497236059932219,0.07064647397310105,0.04859628190418679,1.4207833997946824,0.7261680690243518,2.9483631550919993,28.829439342319965,1.096878972521355,1.0631479069767442,2.146097442477779
site_fbbe7c46acc177a1,41,0.0396818479691109,0.022904704621652276,0.032404067097179204,0.023180152128636305,0.02219777171144354,0.032404067097179495,0.9576197597090336,-0.019398630876398926,0.06456061138798887,0.9390928894877433,-0.000409242376957724,0.02203009756097561,0.02020238382708789
site_fbcf22b1e9843130,94,0.1005978762997646,-0.002183682035258477,0.10057417287152617,0.1116111889197399,0.06577124611591047,0.10057417287152633,0.5892890018688616,0.45415647632276634,0.9512736753061377,-0.2052661113142968,0.3133842527695158,1.1709634042553196,0.40663054067012877
site_fc3e5e33830dc393,21,0.03627612725321278,0.007373584389686587,0.03551883530944473,0.07398777247755521,0.0725505569796054,0.035518835309444725,0.9805749592152432,0.88267918154993,0.02763510557831703,0.15484527218341831,0.09949995439127086,0.11495800000000002,0.11053524967907036
site_fc969b6a7d772c7d,88,0.07484116777376504,0.04884124191376296,0.0567074376256072,0.06332166402843957,0.03781747472126697,0.056707437625607204,0.5972280624887252,0.4643782427605582,0.49290563464919457,4.298029288411141,0.09785868609273299,0.3528477159090909,0.12585420269784264
site_fca46353b779e0c3,13,0.07663485673468584,0.07515200330660894,0.015002588634941057,0.011665454994842098,0.022387078051305586,0.015002588634941758,1.9190917166286334,0.7891591690637959,0.07634771646769571,0.9769760429859162,0.0026792118480572333,0.001769076923076924,0.006515356427778229
site_fd9f51d6899fafaa,46,0.06304086983588619,0.038094051121369654,0.050229419057237976,0.06476356956877241,0.03897401231140978,0.050229419057238114,0.6017891319289201,0.63196860198331,0.1828109584045967,1.752326351583004,0.07337687792256473,0.19293871739130433,0.06987278723989637
site_fdbd79ba7196fbc0,8,0.10741530888109861,0.10378009128570556,0.027708143834483803,0.055083219711178834,0.05525537943511201,0.027708143834483803,1.0031254477286526,,0.09230438865617459,0.8302407302856445,0.021278307262063024,0.024273288750000004,0.024425255652145594
site_fe445170e29174a0,133,0.028725802553110535,-0.0029153772725198533,0.028577479029458962,0.051508748070784524,0.07259852924914247,0.028577479029460198,1.4094407643023252,0.9502744377753795,0.1097478403985988,-0.38774517724514046,0.47261718040704725,0.3528691,0.7009826777354331
site_fe8014b9bedb3a60,34,0.0731257145357082,0.04010220514325535,0.0611488615511863,0.09546928345308234,0.06808577457295632,0.06114886155118645,0.7131694311544358,0.7700553330725975,0.18181058429616812,1.3634749748706818,0.17018484972505007,0.3098890588235294,0.1576128717727805
