physical_site_id,n,rmse,bias,ubrmse,observed_sd,predicted_sd,within_series_ubrmse,amplitude_ratio,r,sse,sum_e,anom_xy,anom_yy,anom_pp
site_0089d624f3191d41,19,0.026605251287080023,-0.004895964551913111,0.026150887693443283,0.027497469034878458,0.029085680951526017,0.026150887693443318,1.0577584764122485,0.5740426833387443,0.01344894852492479,-0.0930233264863491,0.00872307776953829,0.014366105263157892,0.016073559891865305
site_008c2bef2cb4aaa3,42,0.05538833813438315,0.02861122952649991,0.047426422448575034,0.04564469529547525,0.08199892069018684,0.04742642244857505,1.7964611256439997,0.8760778108894761,0.12885045605412804,1.2016716401129963,0.1377179087907342,0.08750440476190477,0.28240056576293315
site_00edf1317915280d,216,0.12197840645807609,0.11655584521260526,0.035964796521415494,0.0416768380074971,0.046161303182786155,0.03596479652141574,1.107600897517282,0.6690616666541634,3.2138060346831496,25.176062565922734,0.2780306800930174,0.37518310648148145,0.46026703689115034
site_01183702de237e95,654,0.06859490329468743,0.02356435316167658,0.06442035406670242,0.08191912268218,0.060982205426482194,0.06442035406670245,0.7444196596571676,0.6285109897056421,3.0772405357369186,15.411086967736484,2.053425937068572,4.38882570030581,2.4321144136551993
site_01e54199a3b60966,138,0.06674944524337173,0.034506704266174984,0.0571382166416193,0.06063687222785308,0.05020381990489255,0.05713821664162032,0.8279421094848592,0.4816496105065903,0.6148574047611075,4.761925188732148,0.20234098238882378,0.5074025777536232,0.3478184475599182
site_026dbe6171ec07f4,71,0.051892404806492425,-0.009805435641130929,0.05095758146231547,0.0623497612794217,0.04727510453784729,0.0509575814623156,0.7582243070022829,0.5980735718018458,0.19119033903866237,-0.696185930520296,0.12516423619227404,0.276011983943662,0.15868042114357167
site_02b6ac3cafd20e22,104,0.05406917391915523,-0.013568009992173086,0.05233913137559838,0.050130688072770435,0.06251644856606461,0.05233913137559847,1.2470694293147309,0.5874308023878168,0.30404145910318503,-1.411073039186001,0.19146439285015399,0.26136093221153844,0.40646385949659386
site_0312a18810484838,58,0.16434326388982468,-0.14768726825097514,0.07209146400597692,0.057037839204077095,0.055355999794826714,0.07209146400597694,0.9705136198579878,0.17742879924940738,1.5665050863857117,-8.565861558556557,0.0324922563230683,0.18869227586206894,0.17772862937052158
site_0322f6b7744e5e7d,83,0.032194503482225315,0.018393179195472995,0.02642303944572307,0.048264746403469304,0.05776380946848517,0.026423039445723422,1.1968116228273202,0.8909694237774238,0.08602834252076248,1.5266338732242586,0.2061706062703247,0.19334731686746987,0.27694258779785086
site_0430e77fe9702577,394,0.08296649148064889,-0.05486545688833682,0.062235201847850044,0.06308981520330414,0.04520167576381141,0.05355470575358588,0.7164654963428091,0.5532379693959447,2.7120748511917823,-21.616990014004706,0.6216157238804555,1.568247964260504,0.8050174477915537
site_0472cafe265e9bf9,112,0.10422479214916762,0.09341657199923481,0.046218517657417024,0.05345248029673131,0.0715522388746713,0.046218517657417885,1.33861400775909,0.7635662545482106,1.2166344174361656,10.462656063914299,0.3270813931504797,0.3200027767857143,0.5734089634535385
site_047754da87a40137,94,0.052074310410104054,-0.04611810445049974,0.024183759976080348,0.02643204199540929,0.013957275148666955,0.024183759976080448,0.5280437716878269,0.4182542650527103,0.2549029776406599,-4.335101818346976,0.014504393970974267,0.06567336734042555,0.01831171978010604
site_04a0ab31c36d8277,117,0.07746903417134882,0.025012088953327922,0.07332016545011624,0.0971675470643278,0.07582794050491588,0.07332016545011626,0.7803833975011795,0.666092708256853,0.7021697968866684,2.926414407539367,0.5742103829718552,1.1046592676923077,0.6727355576623963
site_04a334aa2f23d43d,112,0.06670055756267834,-0.008783170113606112,0.06611974214958512,0.09028436569669096,0.057427387304307256,0.06611974214958517,0.6360723350179337,0.6825101934841432,0.49828401046728266,-0.9837150527238846,0.39633166719580604,0.9129418691964286,0.36936533901107793
site_05aa898de0a23cc1,66,0.03337965225227218,-0.0002960643262574175,0.033378339239652666,0.04924598588518144,0.056833469876721644,0.03337833923965311,1.1540731463723897,0.811251970351789,0.07353727817585287,-0.019540245532989553,0.14985619748993353,0.16006103030303032,0.21318285768306294
site_05ff70d4d3251126,56,0.08876546828904663,-0.01887726882312979,0.08673498188362662,0.1301280165895516,0.06951401434939902,0.08673498188362666,0.534197140410273,0.7872530064447669,0.4412412681921297,-1.0571270540952682,0.3987911706840886,0.9482648392857145,0.2706030986942334
site_0616304fbe5abc7f,91,0.06859998397938483,-0.014407506125968894,0.06706997516923667,0.11940051015747982,0.12379261683469688,0.06706997516923682,1.0367846558731133,0.8484838378536794,0.42824215997943876,-1.3110830574631693,1.1412634068948146,1.2973398461538461,1.3945396904331688
site_062fed1c5ac99ce7,88,0.0935946624651153,-0.04430778836120259,0.08244259052515117,0.09858150901895621,0.042247712670970945,0.08244259052515128,0.42855615714755535,0.5650155493703264,0.7708765540923801,-3.8990853757858277,0.20708170621097088,0.8552116249999999,0.15706849188174488
site_06fbc9bb474fb230,264,0.07858543850975289,0.06518461750199397,0.04389347089133979,0.042388523924692556,0.04304378611758088,0.0438934708913399,1.0154584810278475,0.47214541637209806,1.6303771824833202,17.20873902052641,0.227425135998902,0.4743517575757576,0.48913062616071684
site_0749a2df9169c11c,244,0.0950865082794038,-0.03589212876973582,0.08805225237974229,0.12497917536826818,0.0556607366302558,0.0880522523797431,0.4453600887207317,0.7880987845968667,2.2061123498516673,-8.75767941981554,1.3376949529147049,3.811229803278689,0.7559406949423388
site_079486718438a070,226,0.0783451641057617,0.0034144281109349923,0.07827072517508694,0.10253387561981735,0.061053130953230006,0.07827072517508703,0.5954435115630204,0.6481114781790506,1.387180030959473,0.7716607530713082,0.9169242653197618,2.375982216814159,0.8424115646174488
site_088275f9ba9853b1,86,0.09414505828960786,0.03359515004657035,0.08794690383238109,0.08186361730849549,0.04068508938015355,0.08794690383238135,0.4969862158281565,0.0934163667177068,0.762243112030415,2.8891829040050503,0.026757629049032224,0.576342058139535,0.14235377881691313
site_08cce474c4f1c65e,101,0.06924604652250005,-0.05088388289009581,0.04696642865945054,0.13094279995895935,0.10758497054919759,0.046966428659450686,0.821618069744326,0.9410732953240275,0.4842965108586204,-5.139272171899677,1.338992215071095,1.7317477029702968,1.1690271146952431
site_08db8db92cc27df6,416,0.04687819941315142,0.004644140247255565,0.04664758880781526,0.06347767054392484,0.056041482117614706,0.04664758880781538,0.8828534764651692,0.70192964897655,0.9141872813711831,1.931962342858315,1.0387654854801052,1.676236497596154,1.3065094506625945
site_0902e4bb7164303d,146,0.057705225694179914,0.0033384298778560066,0.05760857538914567,0.06793365152536904,0.047301776221994274,0.057608575389145954,0.6962937389627873,0.5498398049852088,0.4861643885727712,0.487410762166977,0.257959449202006,0.6737872273972603,0.3266688729283209
site_097bbf563f897742,21,0.04230352322062769,0.018958032681828454,0.037817734909866174,0.06067051643612284,0.032759198917583957,0.0378177349098662,0.5399525311783787,0.8361927825210846,0.037581349614441914,0.39811868631839753,0.03490090384866511,0.07729914285714289,0.02253646738815851
site_0983900925777e9a,101,0.06296992866363764,0.03825248303802887,0.050019590735320175,0.06572609390238202,0.04315354076998138,0.05001959073532069,0.6565663377786312,0.6487625255497246,0.400486403506265,3.8635007868409157,0.18584949618777133,0.43631186138613853,0.18808503617963096
site_098c5f4a8213f315,52,0.10984636286131268,0.09637609159831814,0.05270552534689087,0.04125759330326376,0.035607858604202645,0.05270552534689087,0.8630619421367415,0.06542676154974586,0.627443618560677,5.0115567631125435,0.004998141134028824,0.08851382826923078,0.0659318189075982
site_09d142dad852325f,523,0.040308757085783666,-0.007734362838316147,0.03955977160305642,0.06482218046550325,0.05152965506342825,0.03955977160305643,0.7949386258435266,0.7921894723871721,0.849768254549774,-4.045071764439345,1.3839220418657248,2.197601586998088,1.388724698549934
site_0a639c884418ac75,179,0.06101785737339885,0.05872775778457439,0.016559872705936073,0.02607977763824632,0.025855601505392865,0.016559872705936073,0.9914042160955892,0.7966960263859262,0.6664490264008395,10.512268643438816,0.09616216044121698,0.12174770949720672,0.11966367112781562
site_0ad0f907a285c78b,99,0.0439007701330886,-0.011710461698698273,0.04231007805572574,0.04790816343017889,0.05457896551574471,0.042310078055725925,1.1392414488041858,0.6661966895918552,0.19080048420955015,-1.159335708171129,0.17245368829952795,0.22722402020202023,0.29490748420011614
site_0b0ed8efdae8e576,91,0.07174932646441466,0.016679839747292657,0.06978358542022466,0.09835363969989684,0.05599872463298695,0.06978358542022478,0.569360979459977,0.7207707360437262,0.4684648921768411,1.5178654170036316,0.36124937979295685,0.8802828982417583,0.28536300160742
site_0b38093eb399bd08,170,0.08224595863189336,-0.005040237616370709,0.08209137418785017,0.07589725955043725,0.07103945227216102,0.08209137418785044,0.9359949580913659,0.37724690365882896,1.1499476109174493,-0.8568403947830205,0.34578034597935925,0.9792669812352942,0.8579226424518694
site_0b499005763b91ab,135,0.057866858751223244,0.03275547636795927,0.04770379554754615,0.04105325728377326,0.06201859633122637,0.04770379554754655,1.5106863726435635,0.6394227197873836,0.45205740113409293,4.421989309674502,0.2197816277531286,0.22752494103703705,0.5192513492709067
site_0b5d986a46425a8d,144,0.061517761536270726,0.04253825425191057,0.044440206003497344,0.04989857769070733,0.05054251059948466,0.04444020600349755,1.012904834938757,0.608541289415586,0.5449586377584197,6.125508612275123,0.22100266970073185,0.358541,0.3678545343886588
site_0b72a3f0c80e88c1,80,0.09177701437585194,-0.008089435041695833,0.09141980862182723,0.08590768787447081,0.05845396861029404,0.09141980862182728,0.6804276783203336,0.24289010201935612,0.6738416294196268,-0.6471548033356667,0.09757663495116867,0.5904104668749999,0.2733493157034593
site_0bcb08d77ff25c9a,123,0.07335820134533018,0.02276900543042315,0.0697351998371795,0.101546749476787,0.06303817500991477,0.06973519983718081,0.6207798411540975,0.7359851673732962,0.6619153616685062,2.8005876679420476,0.579487178105352,1.2683443065040652,0.488778815555419
site_0bf83088dda14a95,57,0.06653248970362774,-0.054718074310244176,0.03784844157877478,0.03429183320502716,0.051135213474882826,0.037848441578774775,1.4911775981514581,0.6724289051335893,0.2523146146113099,-3.118930235683918,0.06720970752462745,0.067028,0.14904417325594477
site_0c4d512642175d8c,82,0.05912237782997027,0.02691251615925533,0.05264192278258442,0.0907497162824984,0.05141457757105983,0.05264192278258444,0.566553590217399,0.8688431140715267,0.28662735594212035,2.206826325058937,0.3324197080745929,0.6753119024390243,0.21676362051846332
site_0cc518f8eb987b6e,366,0.07934831340147537,-0.03790594310773526,0.06970863875282528,0.060518452887148,0.0506793350775178,0.06706904382596435,0.8374195416400063,0.28245871517674037,2.3043926713151044,-13.873575177431107,0.3170697352364201,1.3404688291865465,0.9400325714271531
site_0cc8f0bf6d22e691,356,0.13060670509032082,0.11330511701483738,0.064962003300422,0.0649383079578163,0.07793509674464202,0.06496200330042261,1.2001405517875272,0.5997661809905218,6.072687663579812,40.33662165728211,1.0806026264545874,1.501246247191011,2.1623010324364293
site_0ce5386aeb45589f,400,0.08993293985170214,0.08126836030744017,0.0385147670810815,0.0460423107043945,0.051473420881909836,0.03851476708108192,1.1179591140067817,0.6932662898669838,3.2351734681479503,32.507344122976065,0.657204029795248,0.8479577500000001,1.0598052229144925
site_0d5442a09f1a2d6e,357,0.11712150872562964,0.008105846199000925,0.11684067384077294,0.12121564115778115,0.06314016561729577,0.11684067384077296,0.520891239894602,0.3284849681062639,4.897128866801883,2.89378709304333,0.8975281864751536,5.2454837030812325,1.4232449435620955
site_0d5e4db658745469,47,0.06939646756945336,0.04639215726319779,0.05161043940507498,0.057639846275628945,0.06206605668218208,0.0516104394050751,1.076790808660165,0.6304594826187524,0.226345876422555,2.180431391370296,0.10600638065647255,0.15615053829787237,0.18105318342756443
site_0d7b03db25fcc113,73,0.12441738124524442,0.11260354514889519,0.052916220347122386,0.04879072462602647,0.0837625719455983,0.05291622034712288,1.716772451887644,0.8070517086591519,1.130016987182488,8.220058795869349,0.24077505658168905,0.17377904109589043,0.5121802975027319
site_0da833e2b1888903,55,0.09519636747933809,-0.07268541519598526,0.06147502581576045,0.0796117640295756,0.03686025068605257,0.06147502581576094,0.46300004949468365,0.667493519292949,0.49842916096936485,-3.9976978357791895,0.10773213697100228,0.34859181345454543,0.07472729443512516
site_0dbafc8a640ef8c3,279,0.10768226559276807,-0.03722528241270332,0.10104330097777846,0.1067653435399822,0.05671938468605479,0.10104330097778048,0.5312527717837028,0.36380635365427555,3.2351362201704124,-10.385853793144227,0.6146619018504803,3.1802759641577065,0.897567719166942
site_0dc29dbfcf3d5b45,16,0.05352506763778005,-0.03639038530364633,0.0392514040905684,0.09213167801440501,0.05649492843458318,0.039251404090568424,0.6131976498436299,0.9739965197169907,0.045838925850062856,-0.5822461648583412,0.08111400247598069,0.1358119375,0.05106683102125881
site_0e03bfb1bac21c69,145,0.0788912202272739,0.06224695267841733,0.04846794312944489,0.05988983783069082,0.04350091573440952,0.04846794312944506,0.7263488650175852,0.6007034774670049,0.9024545711974936,9.025808138370513,0.22692361045916534,0.5200849379310346,0.27438780211116864
site_0e7b99291027b045,131,0.0781484211589799,-0.034041250045062935,0.07034464460789323,0.09203751423507633,0.05337739526814983,0.07034464460789322,0.5799525955450806,0.6484877751735308,0.8000400205830099,-4.459403755903244,0.41734512692985637,1.109688427480916,0.37323816865521176
site_0e88bbb351409588,121,0.06318850326143947,0.011620621591560111,0.06211077280348969,0.048021335160093395,0.04323962362389226,0.06211077280348971,0.9004252688880916,0.07656565163868215,0.4831272202749347,1.4060952125787733,0.01923691779855362,0.2790318842975207,0.2262294711874393
site_0e94595e2d8280b9,63,0.08920586328049537,0.06545809940232172,0.0606046472331471,0.07008050055705249,0.048215075878424114,0.06060464723314743,0.6879955978506782,0.5272438049367046,0.5013342207479613,4.123860262346269,0.112235975272102,0.30941042317460316,0.14645569314361828
site_0ea793c6917b8d1e,142,0.10046277090036967,-0.07718950715031422,0.06430045351995388,0.054577722511885814,0.03837185989638904,0.06430045351995516,0.7030681774607304,0.07558297644921601,1.433173103851183,-10.96091001534462,0.0224771163570629,0.4229793468309859,0.20908074773095153
site_0ed7401c57e72edd,149,0.056543302551411954,-0.031228296674257965,0.04713744318739657,0.05783183408977834,0.07952095181213764,0.04713744318739813,1.3750376944415947,0.8095693942801115,0.47637461444965595,-4.6530162044644365,0.554739237448283,0.4983336340939597,0.9422136847891394
site_0ed89141fd172a0b,19,0.049895131991144204,0.043844603643291874,0.023815434654365194,0.03126168080862911,0.05352624398224849,0.02381543465436522,1.7121998113253636,0.9786460033542272,0.04730095973186033,0.8330474692225456,0.031114177263488897,0.01856856105263158,0.05443611710209667
site_0f170214c09c03f1,20,0.11711215831634655,-0.05609708813935519,0.10280259883776495,0.130831361970286,0.03567740124450165,0.10280259883776496,0.27269762163451744,0.8378119173771622,0.2743051525102604,-1.1219417627871038,0.07821347906762735,0.3423369055,0.025457539191223358
site_0f333b36a4874c91,102,0.08291822206756783,-0.05547001243484955,0.06163204743738542,0.13807256587995165,0.10548759027804845,0.061632047437385436,0.7640010859924593,0.9060508243755689,0.7012940181863423,-5.657941268354654,1.346050949880963,1.944531411764706,1.135018433672281
site_0f556398a37eba54,17,0.19846964648507762,-0.1911272057757658,0.05348450044881938,0.050312791854770424,0.04561543201696907,0.05348450044882225,0.906636867789797,0.38159532627019743,0.6696334097904987,-3.249162498188019,0.01488819942947696,0.04303340941176471,0.03537304984761036
site_0f5c2c2840148780,191,0.06486873104875375,-0.019927600863092233,0.061732025657002663,0.06924151015778757,0.03936203699780231,0.059931069437898006,0.5684745596695406,0.5048682525519507,0.8037188831642299,-3.8061717648506166,0.26281825395062297,0.9157278652258206,0.29592966171372437
site_0fabc5d0b4df5f64,317,0.06522353970488531,0.034408965005069875,0.05540878322896676,0.04014546811777349,0.04698438799086504,0.05540878322896681,1.170353471854617,0.19856165724602393,1.3485529117282162,10.90764190660715,0.11872570351753324,0.5108957794952681,0.6997878706157372
site_0ff1990da553fc4d,975,0.07667245064097475,0.055349053242145445,0.05305795880441366,0.056202421944953874,0.05401001324845425,0.0530579588044137,0.9609908502048733,0.5370867559509083,5.731698070110391,53.96532691109181,1.5895653009044128,3.079744426666667,2.844154492820749
site_1053b206858b1513,880,0.06084266952159948,-0.02547225888205523,0.05525390901972573,0.06806196826388455,0.052801626184876764,0.05525390901972605,0.7757875290964026,0.6076395359672985,3.2576107823728218,-22.4155878162086,1.921677467494985,4.076539741079545,2.453450320435368
site_1055453212517d95,143,0.08068581725356244,-0.0389160727796021,0.0706805516764547,0.09560491294354456,0.053436401086366,0.07068055167645473,0.5589294466270851,0.6850955184047642,0.9309587581401642,-5.564998407483101,0.5005005687623174,1.307062811188811,0.4083292014320058
site_108f541d7e13b076,361,0.05553374141668807,0.01872616791023442,0.05228123058166557,0.08593626697125445,0.06246214899473193,0.05228123058166572,0.7268427079294174,0.7967223510298512,1.113322713300543,6.760146615594627,1.5438589115185029,2.6660001551246535,1.408448740591473
site_10a7b62e4edfa545,50,0.12465221894070994,-0.09932143210601806,0.07532216679870758,0.0911019013852071,0.03699472077474258,0.0753221667987082,0.40608066585040214,0.5926400542119544,0.7769087843421343,-4.966071605300903,0.09986842474871875,0.4149778218,0.0684304682600585
site_10d7d76e5b99709b,40,0.05709149399701368,0.027238393881917,0.0501747803736558,0.0606743561976557,0.04564097342109782,0.05017478037365587,0.7522283923774253,0.5862567462037678,0.13037754747244196,1.08953575527668,0.06493934738561512,0.14725510000000003,0.08332393819301431
site_10dfc2a732e16d10,6,0.03352487982098812,-0.013183767286936444,0.030823787034295454,0.06679038520292839,0.07206736512190812,0.03082378703429546,1.079008077329495,,0.006743505402070178,-0.07910260372161866,0.026113664472103115,0.026765733333333333,0.03116223069368651
site_10ec1b51ff0dc0c8,84,0.13143712016086773,-0.11670271126287324,0.060466467898140204,0.044927618785166164,0.059858317228251134,0.06046646789814024,1.3323278385725323,0.36167801390437804,1.4511601907193201,-9.803027746081352,0.08170324390310617,0.1695532380952381,0.3009735238774275
site_11d0ddb199b9f010,2,0.031392489829512864,-0.030572685778141026,0.007127362906932833,0.0020000000000000018,0.005127362906932831,0.007127362906932833,2.563681453466413,,0.001970976835392137,-0.06114537155628205,-2.050945162773134e-05,8.000000000000015e-06,5.257970075878138e-05
site_125ba37c83dbcda5,409,0.05732690287962532,0.008933273432657015,0.056626587567567395,0.03803221699319482,0.07283749151987064,0.05380792319480377,1.9151523965301207,0.6960683488847318,1.3441268816519276,3.6537088339567187,0.7886454773153968,0.5915978575317398,2.169867769901056
site_12aaba88bfb65c8b,227,0.06455818661246314,-0.024300495631369202,0.059810077501700504,0.07802533013998211,0.054326313921624,0.05981007750170056,0.6962650952473939,0.6442882809693057,0.9460813971225424,-5.516212508320809,0.6199432603200232,1.3819651365638765,0.66995608323856
site_12f6f97179080a87,406,0.055404751170913695,-0.01264495501399334,0.05394248386017228,0.06934672900402701,0.05772636742542836,0.05394248386017332,0.8324310065450405,0.6534267606058607,1.2462926996382102,-5.133851735681296,1.061996683201757,1.9524413423645322,1.352927399431036
site_12f79a44d2a41795,112,0.17375298725124175,-0.12713574062000427,0.11843396487381974,0.08819210550072622,0.04361361031185103,0.08010531819264541,0.4945296414483708,0.42418270742807207,3.38129126481778,-14.239202949440479,0.1827354185630542,0.871118916936937,0.2130404644966078
site_13345716e1eac548,38,0.06450533537725117,-0.058556207789402265,0.027057509520574816,0.04952444204744566,0.030347437494487775,0.027057509520574865,0.6127769691057633,0.8787871306322332,0.15811565510100273,-2.225135895997286,0.05018904152159628,0.09320147368421054,0.03499674457431001
site_13471aa5ce158e45,113,0.04381664204927972,0.0077690082552158745,0.0431223912973886,0.07406047423873999,0.08502321128289461,0.043122391297388644,1.148024126996748,0.8618867810659913,0.21694848761364202,0.8778979328393938,0.6132713213616504,0.6197997844247788,0.8168709496246984
site_136f0d570907389a,58,0.04209659537674986,-0.005163462678420132,0.04177872659000463,0.04404887635035534,0.032395134923908754,0.04177872659000497,0.7354361247775034,0.43598915737821226,0.10278315385420025,-0.29948083534836767,0.036084302090558004,0.11253760344827587,0.06086779647081865
site_139d8263042fc17e,25,0.043013146168946026,-0.022451454384326937,0.03668873041384238,0.03391627338019317,0.025610588132542952,0.03668873041384239,0.7551120916338447,0.2648771376086617,0.0462532685837779,-0.5612863596081734,0.00575191106393933,0.028757839999999996,0.016397555612368747
site_13a4a69bc620b9a3,67,0.06689529587529106,-0.03821177496661001,0.05490756654727915,0.06772633727709822,0.039656818019938915,0.05490756654727934,0.5855449979183938,0.5854244908106058,0.29982370088626303,-2.5601889227628707,0.10534675026184585,0.30731940298507465,0.10536843543625896
site_14144d0d858434fd,21,0.023449050513018117,0.0042270272530260545,0.02306491297543197,0.04125019068189282,0.0417117717639251,0.023064912975432006,1.011189792687065,0.8454691898774662,0.011547017369203577,0.08876757231354715,0.030549329206347463,0.03573314285714286,0.03653730997740136
site_14672231a55d516b,109,0.08381447473103892,-0.010763856555562501,0.08312042809376786,0.11655873747981593,0.07452031349062764,0.08312042809376793,0.6393369995409572,0.7040190979869816,0.7657104130139558,-1.1732603645563127,0.6665464907330659,1.4808673818348626,0.6053072063788147
site_14af94b228986e6c,11,0.048069065857217985,0.032760408595475285,0.035176564940924374,0.09379196955880077,0.08919352916316893,0.03517656494092516,0.9509719177743788,0.9273070837222349,0.02541698601624116,0.3603644945502281,0.08533265662491323,0.0967662690909091,0.08751034209039171
site_14d94a059a5aad1d,372,0.1511086944693961,0.14260958032165805,0.04996343807951834,0.04719982917498008,0.0597101254009425,0.04996343807951839,1.2650496081158265,0.5848860617066247,8.494187566459251,53.05076387965679,0.6132006716960942,0.8287504811827957,1.3262912560474156
site_153d5fe2ea0a30b2,107,0.12900416561180011,0.010504097841777532,0.128575809053364,0.09541664076087732,0.10528029333430372,0.12857580905336402,1.1033745528533707,0.18199889318644066,1.7807019977360523,1.123938469070196,0.1956247201332317,0.9741638807476636,1.1859815976076027
site_1540ed4ad947cd80,639,0.10867692998237831,0.0984021543993823,0.046126902345105344,0.04208249465567663,0.06949834637558111,0.046126902345105796,1.6514787667466924,0.7647486526202286,7.5470213955422505,62.878976661205286,1.4292082906450045,1.1316283317683882,3.0863828751728186
site_15a7df29fffec944,41,0.05225070580342733,0.02843136387191168,0.043838268731090084,0.05262709326825448,0.035459251433229234,0.04383826873109012,0.6737832023608803,0.564052328377681,0.11193558653520891,1.1656859187483788,0.043156100880990665,0.1135540487804878,0.05155169900040374
site_15fd0f8efa3618ec,756,0.12037258202028782,0.10478105489050271,0.05924938006649841,0.03447419682666433,0.06034787358611498,0.059249380066498825,1.7505229748946158,0.3172031440056504,10.954106227686575,79.21447749722005,0.4989021867691643,0.8984835066137566,2.75325057985248
site_162f5acccb1ccdb2,7,0.047721260195107626,0.03795693578379494,0.028923860401302414,0.08241799387443081,0.06865568053761509,0.028923860401303122,0.8330180984775787,,0.01594123072226414,0.2656985504865646,0.03734408469349146,0.047549080000000014,0.03299521729058141
site_164f38fa74238777,27,0.06758650097034223,-0.022900417213086728,0.06358856819335244,0.07479114036863327,0.039070753051141806,0.06358856819335244,0.5223981458040147,0.5264508056218513,0.12333424806217994,-0.6183112647533416,0.041535887626034246,0.15103029629629633,0.041216141087549285
site_165766e1d399cf97,157,0.053000406319438836,-0.0413772328817161,0.03312050224676316,0.058285950012353316,0.07750625381397601,0.03312050224676447,1.3297587805903324,0.9194749903417645,0.44101976199402115,-6.496225562429428,0.6521390388832256,0.5333685591082803,0.9431334427034059
site_165c41e6efa0bc8e,45,0.1029562299341614,-0.08019312613593207,0.06456816400365122,0.07344546827324706,0.044199352253725094,0.0645681640036513,0.6017982224483271,0.48960792597161673,0.47699933770151604,-3.6086906761169435,0.07152236430126759,0.2427406564444444,0.08791122328419931
site_16e59e7364e5ed25,142,0.08289614927631665,-0.05875839899795156,0.058474114888888214,0.06632083633875623,0.05950291347027307,0.05847411488888905,0.8971978755868171,0.5726690088098128,0.9757915622074751,-8.343692657709122,0.32090778317795676,0.6245803732394366,0.5027647330260142
site_17476f5e1149b6dd,119,0.0541722700786793,-0.04645276644943641,0.02787068952630141,0.03744841300707971,0.01729354285817694,0.027870689526301468,0.4617964145745657,0.7139070873750804,0.3492215466118074,-5.527879207482933,0.05501815813656333,0.16688365277310924,0.035588928325924724
site_179c7b165166f05c,71,0.10618363187671072,0.02153703474511563,0.10397653491493404,0.15497239334112836,0.06691512931473961,0.10397653491493405,0.43178741627513406,0.8526017969548864,0.8005224211755458,1.5291294669032096,0.6277449882740078,1.705167431549296,0.317912051715791
site_181ff8c89ef12a6c,94,0.09953425841177711,0.03956344190176497,0.09133346956328818,0.04288316742016048,0.09424145174264668,0.09133346956328918,2.1976327172684855,0.29428306027533524,0.9312644481727477,3.7189635387659075,0.11179488676770571,0.1728628085106383,0.8348564152967907
site_182cb9b0a7d4c94d,1,0.056222278690338134,0.056222278690338134,0.0,0.0,0.0,0.0,,,0.0031609446211340493,0.056222278690338134,0.0,0.0,0.0
site_183b638a356ad6ca,93,0.08935132393367784,0.07369919975470472,0.05051818528230366,0.06885529523773322,0.04231370385292836,0.05051818528230367,0.6145308607977638,0.6829214592124617,0.7424802952491958,6.854025577187539,0.185042758989238,0.44091780645161294,0.16651180663905918
site_18793582c71deee9,486,0.07417173203648257,0.022142301170742562,0.07078957784982129,0.07015747129618724,0.06935236133838064,0.07078957784982201,0.9885242449174424,0.48510664272936854,2.6737026749798027,10.761158368980885,1.14711952214406,2.392126398436214,2.3375385112797264
site_18be3f84accd05c4,1182,0.06188389615767707,0.028162478130808744,0.055104368512722095,0.05485124564095864,0.06901227201535069,0.05510436851272256,1.2581714637273014,0.6254094738688797,4.526606825519215,33.28804915061593,2.7983030920686693,3.5562351133671743,5.629503940067933
site_18bedc0a241bdc83,127,0.01933657518027156,0.006179868291869877,0.018322455282997294,0.02294682958567427,0.01913324707368753,0.018322455282997845,0.8338078688496662,0.6342433809342093,0.04748569874219136,0.7848432730674744,0.0353647860152251,0.06687273748031496,0.046492305235012105
site_1929ba01621eda50,217,0.12744753749397453,-0.10235851712984972,0.07593160596389562,0.08892729570559497,0.056115195181390624,0.07593160596389599,0.6310232953351809,0.5301790878650587,3.524703834481336,-22.21179821717739,0.5741136740236994,1.7160498709677419,0.6833145832632878
site_194102884b72b2f0,88,0.09686868727158736,0.07580098357796669,0.060313791642819276,0.04704843534693839,0.056754225160659595,0.060313791642819276,1.2062935726161785,0.33646273065322746,0.8257517464874121,6.670486554861069,0.07906113071333279,0.19479286363636364,0.28345170247564255
site_19bcb346c9572bcb,74,0.10682059293691566,-0.053043443808362296,0.09272018196888608,0.08038934647717337,0.04038079648012211,0.09272018196888641,0.5023152724793984,-0.07762593053845097,0.8443872915791735,-3.9252148418188098,-0.01864712653905154,0.47822108,0.12066504560330915
site_19cb1bd872c4d23c,70,0.26174497274639325,-0.25482433847767966,0.0597911973238795,0.053252233851774536,0.029697159153508644,0.059791197323879684,0.5576697352484686,0.0451279810791336,4.79573015306071,-17.837703693437575,0.004995703809942521,0.19850602871428571,0.06173448832521755
site_19feb3f9e9d0726a,57,0.03723452779678691,0.007548469973237891,0.03646135846773709,0.03404281843835552,0.031152949910106906,0.036461358467737376,0.9151107734078607,0.3771632733450387,0.07902537343423273,0.4302627884745598,0.02279968974944531,0.06605806877192981,0.055318858421792905
site_1a0cd59d1873112a,14,0.09434500944566325,-0.026554756850004198,0.09053079970893577,0.13098356338698003,0.0794147377702635,0.09053079970893632,0.6062954443805996,0.7338748109028453,0.12461373130223205,-0.3717665959000588,0.10687298129711834,0.24019371428571426,0.08829380805167603
site_1a52df5386240d07,520,0.060520236115466294,0.04287723280071066,0.04271114476135535,0.06093857365918064,0.0562098653750381,0.04271114476135536,0.9224020517679093,0.7369784519090536,1.904603469325331,22.29616105636954,1.312692377950158,1.9310250750000002,1.6429654620495517
site_1a9dbac658ebe085,81,0.1060972952802437,0.014592637704478368,0.10508896702608253,0.09384853557693087,0.06351903210725462,0.10508896702608259,0.676824968197675,0.15085332568736512,0.9117875213284411,1.1820036540627479,0.07284022520629711,0.7134113580246914,0.3268080626272379
site_1ae2faafa57e844c,288,0.0547557565903212,0.029172107888799575,0.04633768445987283,0.05689688689912418,0.04421053021438654,0.04633768445987465,0.7770289839015266,0.605191111446684,0.8634795493762089,8.401567071974277,0.43842898361462485,0.9323296527777778,0.5629164427691093
site_1b2f4be319c8a70d,152,0.06454289247626595,-0.05149960046104695,0.038904705647972215,0.060973029719586645,0.05900559558057405,0.03890470564797281,0.9677327148075013,0.7901875682583169,0.6331993153188299,-7.827939270079137,0.432120385150082,0.5650919736842106,0.5292123670923754
site_1ba2419bf83859ca,145,0.08238461190072913,0.02239830045404105,0.07928140018191067,0.07518436354245599,0.05845971044167032,0.07928140018191074,0.777551444040071,0.31678311500334383,0.9841475203148952,3.247753565835952,0.20188972422677898,0.8196398355862069,0.4955429730139711
site_1c7e765219227837,159,0.08029942401152348,-0.03398252942577098,0.07275427953329648,0.10815436669192725,0.0701065631420596,0.0727542795332969,0.6482083459630893,0.7464137435375098,1.025231601956607,-5.403222178697585,0.8998694071572906,1.8598813584905662,0.7814739010990628
site_1ce5634596e14607,319,0.031154400923317352,0.002755893290042878,0.031032269479764025,0.049508104260382296,0.04933359238749774,0.031032269479764042,0.9964750847261947,0.8028647410576114,0.30962034630816426,0.879129959523678,0.6255357092115502,0.781885711598746,0.7763832647759921
site_1cedce47f64df34a,254,0.13906232851384467,0.11895603627858199,0.07202633299412889,0.07596983462422138,0.06017379776358056,0.07202633299413147,0.7920748815793185,0.45987171066192245,4.911936127769884,30.214833214759825,0.5339726513238756,1.4659396062992127,0.9197050280722424
site_1d1f4a4194ae00c3,182,0.06473822134305006,0.03776841780314079,0.05257931075346216,0.08642897312384384,0.06865177814380691,0.05257931075346223,0.794314402479779,0.7936669631191355,0.7627687890844372,6.873852040171624,0.8570789607597904,1.3595340659340662,0.85777812889978
site_1d6a4da433bfddd7,6,0.06662344129339937,0.005976260910431551,0.06635485841523195,0.08422522715249207,0.03225740195141521,0.06635485841523206,0.3829897887127369,,0.026632097578650187,0.03585756546258931,0.011194384902715682,0.04256333333333333,0.0062432398839309955
site_1d92331b9f8c002c,75,0.09318543373697898,-0.007320980951309206,0.09289740738394944,0.10982142218873127,0.0667213288153111,0.09289740738395082,0.6075438424085292,0.5378796439180481,0.6512643795561674,-0.5490735713481905,0.29559570719162626,0.9045558578666667,0.3338801789160648
site_1dab76a1b26190f6,1016,0.03216592090879863,-0.0010148154625918455,0.03214990851445728,0.03612319055400619,0.03581876002573846,0.0321499085144574,0.9915724352251614,0.6006130266464802,1.0512008113976659,-1.031052509993315,0.7895599388320065,1.3257630541338583,1.3035113068979425
site_1e0ab3dca10c0e53,65,0.10413609987347076,-0.07924884554697917,0.06755699650168381,0.06311185899307777,0.06505027222599959,0.06755699650168384,1.0307139302161012,0.4446166156841951,0.7048812742957361,-5.151174960553646,0.11864764879208345,0.2589019384615385,0.2750499645839824
site_1e115354ece8fb9b,39,0.09433096058090848,0.0810534423773105,0.048256290811716056,0.04699525064481482,0.03497143017224893,0.0482562908117176,0.7441481786438235,0.3355311418699608,0.3470348748405595,3.16108425271511,0.0215062557168496,0.08613358974358976,0.04769703620340682
site_1e3671cb73e4a59d,71,0.22053570353008356,-0.21378695853394525,0.05413993805236662,0.052473938478076076,0.028533389032810462,0.05413993805236664,0.5437630538201718,0.21256692694978885,3.4531557537371325,-15.178874055910113,0.022597014395850643,0.19549950957746481,0.05780495456853729
site_1e4554eec29098a5,97,0.03741227723004464,0.022140785980931263,0.03015732222337245,0.03270554823780097,0.04182941013178084,0.030157322223372456,1.2789698502419398,0.6980311617255852,0.13576881329115847,2.1476562401503325,0.09262958516044179,0.10375632989690721,0.16972085654135477
site_1ead9d05e7924900,21,0.13250207638428868,-0.1268076877628054,0.03842669085933271,0.042266424171496904,0.05168734123810993,0.038426690859332945,1.2228936384205926,0.6823601438406132,0.3686928051691053,-2.6629614430189137,0.03130492350416524,0.03751546285714285,0.05610320612956121
site_1ebbce006aed7c73,31,0.07474522581070049,-0.035012589998014515,0.06603762051379154,0.054305153131242526,0.038272267641717136,0.06603762051379154,0.7047630921732648,0.012713933320557225,0.1731923122262708,-1.08539028993845,0.0008191564608124946,0.0914205393548387,0.04540776058361609
site_1f03845600024bcb,415,0.1232492576683495,0.10199557631619005,0.06919018664324775,0.022812113734234734,0.07855522014692568,0.06919018664324775,3.443574806881478,0.5312561209718432,6.304007499056672,42.32816417121887,0.3950868926578437,0.21596290120481929,2.5609328841177628
site_1f2f25947066509c,400,0.1276324878881854,-0.09480573535263538,0.085451299046731,0.09433676294928717,0.03480931588860101,0.085451299046731,0.3689899335141862,0.4277346920270404,6.516020785811116,-37.92229414105415,0.561837761521712,3.5597699375,0.48467538905296437
site_1f80e745021951bc,179,0.1348430228969729,-0.10991722017226938,0.07810790954566901,0.08837868265780333,0.06831263085720247,0.07810790954566904,0.772953712398098,0.5280900992742911,3.254692707494846,-19.675182410836218,0.5707022586683197,1.3981316871508382,0.8353241806992018
site_1f87127a283de97d,2,0.021940989396236857,0.015418761420249935,0.015609894680976885,0.07280000000000002,0.057190105319025075,0.015609894680983998,0.7855783697668278,,0.0009628140313715565,0.03083752284049987,0.008326879334449769,0.010599680000000004,0.00654141629280236
site_1fa5a52b4f99f39b,10,0.09501794061607036,-0.060635492896437646,0.07315562890253309,0.15297964864647848,0.08824234930666244,0.07315562890253309,0.5768241075685968,0.9570040844633322,0.09028409038919075,-0.6063549289643765,0.12918869535516947,0.234027729,0.07786712211159029
site_1fe95dec232c15f6,833,0.03602282080655813,-0.0070888035362508105,0.035318443953348724,0.021987651489445755,0.04616486793072898,0.03531844395334939,2.0995815743617947,0.6734889416411487,1.080937134511544,-5.904973345696925,0.5694635258544893,0.4027195294117647,1.7752854608743536
site_203c950b486649d5,44,0.0674583593670195,0.05775418795740062,0.03485805533691157,0.03830572879441239,0.04791112173725919,0.03485805533691161,1.2507560421157666,0.6940994562535296,0.2002277309335577,2.5411842701256275,0.05604984929989177,0.06456246977272727,0.1010009257893887
site_20551d8a0ce0f349,48,0.08295837494345203,-0.02292569774935643,0.07972768876597092,0.06525920270219664,0.029256283449099342,0.07972768876597092,0.4483089317319313,-0.32521044261267634,0.33034041471640174,-1.1004334919691086,-0.029803456737194214,0.2044206497916667,0.04108464582019411
site_20c84fb12b0c9692,116,0.06673685897912256,0.012087509925046872,0.0656330743620256,0.07747374126510456,0.07576843967938685,0.06563307436202655,0.9779886506334784,0.6333266523102035,0.5166417681823177,1.4021511513054372,0.4312495220372968,0.6962529479310344,0.6659393483680704
site_20e55f2eceb79ec1,659,0.08713768539012036,-0.029008202768059526,0.08216751418483303,0.044946196275520954,0.07809642351600432,0.08216751418483326,1.7375535637603658,0.19482308927951342,5.003771325782266,-19.116405624151227,0.4506609518744605,1.3312858088012138,4.019274850188143
site_2266e199c1b4f8b1,182,0.0759171204528257,-0.05823593356825493,0.048703030904479076,0.06535172949187187,0.09857172888108998,0.04870303090447931,1.5083262470253347,0.9015484515457949,1.04894047036849,-10.598939909422398,1.0569876647241947,0.7772944356593408,1.7683822036984937
site_228e3c936ac52751,419,0.07237045064323093,0.008985929401649209,0.07181041149508127,0.08282325804289989,0.05943526906417169,0.07181041149508201,0.7176156851181351,0.5317803617770308,2.194505010921512,3.7651044192910184,1.096838943279195,2.8742109785202867,1.480138956458073
site_237e685bbdd8644d,293,0.09027626521080703,-0.06501384275301325,0.06263389107263286,0.09238469387604381,0.05456072602273867,0.0626338910726333,0.5905818781620357,0.7527711336027199,2.387892589700707,-19.04905592663288,1.111759225754727,2.5007349771331056,0.8722237374696072
site_23d2f2404f4bbe4e,117,0.09973291377126199,-0.08435213475298675,0.05321063288403866,0.07626167795162501,0.053323879866063406,0.05321063288404014,0.6992224836685115,0.716563382543354,1.1637585284487997,-9.86919976609945,0.34093263180878686,0.6804536923076921,0.3326820311845324
site_23e0c01fc0e0a37a,340,0.07585983472233808,-0.05759606456465582,0.049370111107475245,0.07566476276596505,0.08421429952420442,0.046343102354583915,1.1129923156527104,0.8372119701811614,1.9566029381941532,-19.582661951982978,1.813818643598907,1.9465531503061224,2.411296403079822
site_24a155d00f2ce6ce,294,0.060245413421408676,-0.015148204543558108,0.05830987684280403,0.07451103477539117,0.06413444103327844,0.058309876842804274,0.8607374897772885,0.6555180484733676,1.0670758924650359,-4.453572135806084,0.9209666266015598,1.6322569251700683,1.2092885988354143
site_24bc1a63008e8e56,630,0.06139966134241062,0.05161646005151765,0.03325145808401185,0.034156578567099354,0.04246359936495384,0.033251458084011885,1.2432041248374939,0.6426348536159048,2.3750486001665094,32.518369832456116,0.5872134447033561,0.7350032714285714,1.1359890807472044
site_24bea14e8249e50f,135,0.04844855860102288,-0.022767602560034506,0.04276562994023424,0.06072831051673292,0.04219343022530778,0.04276562994023426,0.6947901212183717,0.7101556017944243,0.31688048211976105,-3.073626345604658,0.24565370500414738,0.49787023925925916,0.2403385498140187
site_257ba699ad2936b5,31,0.06776494860706375,0.05621090640252636,0.037847354744082344,0.020917484185269484,0.04203413946072392,0.037847354744082344,2.009521751680119,0.4390043371661599,0.14235473605125776,1.742538098478317,0.0119658103376627,0.013563775483870968,0.05477293528631122
site_25bb1d03fe665fce,56,0.08546778607178113,-0.057302268244858304,0.06341287337761983,0.07371731159002765,0.029491383720242785,0.06341287337761985,0.4000604889697623,0.5250148187582395,0.4090655775366576,-3.208927021712065,0.06391815449011379,0.3043175535714286,0.04870553596913767
site_25c3911a44e2e266,323,0.059014868639152944,0.006113015929242775,0.0586974084329564,0.06399540981400864,0.05842573054918794,0.05861885439559725,0.9129675193735303,0.5446418454095291,1.1249297747203622,1.9745041451454164,0.6577585528559446,1.3228182301559208,1.102581814836639
site_25db0a3f364cf3fa,37,0.019403383024119366,0.001529375505608482,0.01934301639723051,0.02349014060461417,0.022143450492318036,0.019343016397230517,0.9426699850391016,0.6420871580857717,0.013930177092885293,0.05658689370751384,0.012357386206754962,0.020416108108108108,0.018142298789112374
site_26066c2f9061bb32,267,0.2176185104881133,0.2108451185079103,0.0538716261908839,0.05816210348991648,0.06337670232163468,0.053871626190884585,1.0896562971217547,0.6100292097691733,12.644536900586374,56.29564664161205,0.6003874902400408,0.9032156853932586,1.0724339080430803
site_26149aa81404cf67,120,0.05458644618693478,-0.03397835864335298,0.04272178895157372,0.050555396122306605,0.08261361221449065,0.042721788951573754,1.6341205598434423,0.904536114722834,0.3575616128782952,-4.077403037202358,0.4533423449392058,0.30670176925000003,0.8190010707751487
site_261c25e44abd6c6d,260,0.13230364674637188,-0.11754209307450515,0.060729822147385974,0.09202318572884982,0.05540624050966867,0.0607298221473866,0.6020900066742472,0.7698109707946612,4.551106285021078,-30.560944199371338,1.020500897136296,2.2017493450384613,0.798161386727965
site_261e3bb708a6a167,65,0.10067334522057228,-0.0035393933556630095,0.10061110839551671,0.10080146218531866,0.04446983090192097,0.10061110839551674,0.4411625579415239,0.22485775256207433,0.658782958463534,-0.2300605681180956,0.06551692896350073,0.6604607606153847,0.12854178092895396
site_2689516b5f07761f,394,0.09933518701331391,0.07452921731520425,0.06567248392860671,0.07761763262977116,0.06092784036661421,0.06567248392860671,0.7849742165834186,0.5734550404177899,3.887786875314199,29.364511622190474,1.0684932258430169,2.373651776649746,1.4626074823054118
site_26f018cca8362487,256,0.12201047834684535,-0.09752750263200143,0.07331400314258509,0.09751956935020786,0.04471130516374493,0.07331400314258511,0.45848546565233195,0.7034294135199726,3.8109585475650603,-24.967040673792365,0.7851806923397817,2.434577,0.5117698072180541
site_270decc0b97d0896,280,0.08267278821511877,0.04351980878263712,0.07029093935056341,0.08253754216928766,0.0906690559404051,0.07029093935056341,1.0985189715782837,0.6743082227225339,1.9137411751533264,12.185546459138394,1.4129510384761328,1.907484842857143,2.3018457574348066
site_284ff462bff5925c,321,0.05193804924107217,0.034623096939466455,0.03871436577406824,0.05150318722251192,0.052752243101134466,0.038714365774068414,1.0242520113022555,0.724458535782478,0.8659170678287401,11.114014117568733,0.631820340302886,0.851477632398754,0.8932785278565816
site_28bd97dda8311cf0,96,0.15408016444736525,-0.1232203490305692,0.09250644659109884,0.1201631630903951,0.06593401189053903,0.0925064465910989,0.5487040303769207,0.6455411046173629,2.2791069193082034,-11.829153506934643,0.4909937772940224,1.3861618333333334,0.41734021670224725
site_292d280e566004c1,45,0.1317004329671234,-0.09035720919529597,0.09581533692559496,0.1127679451871337,0.0654209662124198,0.09581533692559512,0.5801379647723157,0.5297222786604472,0.7805251819677491,-4.066074413788319,0.17585850356391733,0.5722474257777777,0.19259562690749582
site_29971fce7657be9c,156,0.07401845813367512,0.05020777232219011,0.05438668718473057,0.06579308652922992,0.08051525868895214,0.05438668718473105,1.2237647287330349,0.7412696211670486,0.8546822145399121,7.832412482261658,0.6125749791612227,0.6752819166666667,1.0113022735528259
site_29fa7d91f9cd3f03,186,0.06806421804344757,0.017703059651902924,0.06572168178635678,0.09904484624120609,0.05422537719860614,0.06572168178635684,0.547483077176473,0.7848943658157645,0.8616892266830711,3.292769095253944,0.7840768287476754,1.824637971451613,0.5469128250135873
site_2a096aef4be52591,150,0.05168606608104569,0.034600204168955484,0.038396292768974674,0.036816370754809,0.052486649447617606,0.0383962927689755,1.4256334443492569,0.6820694353788557,0.4007174140401332,5.190030625343322,0.19770136705438296,0.20331677333333334,0.4132272555355646
site_2a66162bd2a4e4b1,187,0.10820175171481959,-0.07539021715601497,0.07761400795812806,0.0943881143546723,0.05476277501783651,0.07761400795812815,0.5801871919176199,0.5691811349882961,2.1893247668670717,-14.0979706081748,0.5501674104956062,1.66600471657754,0.5608058056713314
site_2b657e21e1c1d622,416,0.1384012256250755,-0.10880310141123259,0.08553820420034601,0.10738545052849152,0.054453570901401606,0.08553820420034608,0.5070851836390441,0.6139389402395032,7.968438089881591,-45.26209018707276,1.4934487341906015,4.7971601538461535,1.2335196157082122
site_2c61711a8eb15185,175,0.05930142930730635,-0.04241000605566161,0.041449377609901424,0.057723266627973176,0.03285494982261967,0.04144937760990144,0.5691803624761923,0.710092115481614,0.6154154156306542,-7.421751059740782,0.2356700792077397,0.5830957142857143,0.18890335237319983
site_2d0695836558269a,137,0.04224199608135898,0.031235029350014498,0.028438691503676467,0.037942959508294405,0.03271964724679887,0.02843869150367647,0.8623377741434822,0.6852643515369636,0.24446091391244396,4.279199020951986,0.11655167576667927,0.1972345401459854,0.14666881828582853
site_2e03a5b4a3fc6fe0,33,0.029324118733416196,-0.005448374321243979,0.028813523851606553,0.03025205045073522,0.021689376609777895,0.02881352385160684,0.7169555876914379,0.42322491246635063,0.02837683000321919,-0.1797963526010513,0.00916404154788364,0.030201156363636357,0.015524158904785756
site_2e6f197ad6e426eb,271,0.04726522392645043,0.03050868547710545,0.0361001593248085,0.020637397606801333,0.04307560663671221,0.0361001593248085,2.087259617584538,0.5501818401925561,0.6054143774535432,8.267853764295577,0.13254455039834404,0.11541949077490775,0.5028426374097275
site_2eadbc791936fa20,822,0.07902036125112574,-0.05090082608694505,0.06044272823032553,0.07744559044861371,0.07206553551084137,0.06044272823032557,0.9305311650849626,0.6753022904790305,5.132746778636418,-41.84047904346883,3.0980923094067108,4.9302076125060825,4.269008837757686
site_2eb90940ae2529bc,146,0.07188740244514359,0.0561182229563798,0.04492820586811902,0.05015914810742728,0.05707945185453,0.04492820586811946,1.1379669314215886,0.6558480499683692,0.7544986000252655,8.19326055163145,0.2741486004654267,0.36732726027397256,0.47567731830598686
site_2ecbb3b2737ff9d4,59,0.08383442847195739,0.07967844997482786,0.026068295050282773,0.035437799735600774,0.039544577940703096,0.02606829505028334,1.1158869409427996,0.7635567196428854,0.4146644724359647,4.701028548514843,0.06313163098951771,0.07409442135593222,0.09226264502599218
site_301436b06877aab0,44,0.06700705163457547,-0.012801384936002165,0.06577286304000275,0.07381237381987941,0.068264231580067,0.06577286304000306,0.9248345236348684,0.5737740600796883,0.19755757862538117,-0.5632609371840953,0.12720845125260002,0.23972372727272728,0.2050402337815488
site_3058377fafc959d8,52,0.03925608807377694,-0.02934916521448355,0.026070422936137427,0.044146887811060555,0.0520117511332769,0.02607042293613812,1.178152157766507,0.8654684996364339,0.08013410344451886,-1.5261565911531445,0.10333707818936272,0.10134528057692309,0.1406715573093964
site_313b58fce7205197,400,0.10002315672629092,-0.04306631746262312,0.09027693050664007,0.10657849208446872,0.047395190418392415,0.0765895512559825,0.4446975134610591,0.7660708672170154,4.001852752596863,-17.226526985049247,1.5478639376404129,4.543589989999664,0.8985216299182703
site_31563788a284dc59,162,0.0991239805699265,0.0747905438763124,0.06505334788243074,0.039447574210730765,0.06020530013186206,0.06505334788243104,1.526210453657874,0.19976209770362974,1.5917412908924007,12.116068107962608,0.07685694755365452,0.25209,0.5871978625627495
site_319d460a95d287a7,55,0.05482368266287867,0.029986994409561162,0.045895711640642094,0.06179279157724702,0.04371474848623145,0.0458957116406421,0.7074409064621032,0.6705975887423102,0.16530998993960128,1.649284692525864,0.09963007942587139,0.21000919999999995,0.10510385793679611
site_323cc8255b0caa4e,56,0.06487878969175383,0.002083400837012699,0.06484532976875942,0.1129061094043025,0.10031411393383342,0.06484532976875951,0.8884737456909553,0.8213698050571349,0.23571841170454208,0.11667044687271116,0.5209622376651637,0.7138762142857142,0.5635236014424864
site_32983262837b2abc,52,0.14381766533365622,-0.13631299556906404,0.04585071538168036,0.06613636844255384,0.07056090871379851,0.04585071538168062,1.0669002604079756,0.7768511672850273,1.0755430848252243,-7.0882757695913305,0.1885148971751332,0.227449,0.25889977560288435
site_32a7eff6ca5c3a9e,91,0.12625090428081462,0.10622136773774912,0.06823717364930416,0.06137889241232721,0.06573041003431683,0.06823717364930423,1.0708959945506553,0.42527916606827837,1.450475465686831,9.66614446413517,0.15613522330761612,0.34283052747252757,0.3931642990984271
site_32aa1fd33af84607,47,0.08272941536624524,-0.057925815086922745,0.05906569320135307,0.06902556982214028,0.042744008980512005,0.05906569320135311,0.6192489115359923,0.5258257144144823,0.3216753398415145,-2.722513309085369,0.07291635177156076,0.22393287659574465,0.08587136427512626
site_32d33ae0920bdcec,147,0.04395045077939483,0.017623362273788776,0.040262379784096296,0.04051448711343963,0.06397560257879456,0.040262379784096324,1.5790796610522146,0.793468249045417,0.2839513921856651,2.5906342542469503,0.3023232991647001,0.24128927891156465,0.6016530256220203
site_32e9d9454ab82a2b,29,0.10633575318427509,-0.08062127059903637,0.06933616035132045,0.06701844564800732,0.06676172384500227,0.06933616035132521,0.9961693858978259,0.4627681731755747,0.32791147975274504,-2.338016847372055,0.060045902085715336,0.13025268965517242,0.129256705351934
site_33d9c76285abfbd1,64,0.06771990177367741,-0.03933128209970892,0.0551274463822662,0.039686363664834544,0.0484816842243099,0.05512744638226623,1.221620721761131,0.23035794484669314,0.29350304615913714,-2.5172020543813707,0.028366266289073974,0.10080047749999999,0.15043031713444477
site_33e57061030aaa1a,19,0.061179998192214036,-0.053875859118762776,0.028989377071860965,0.02755576868482595,0.03893744139288637,0.028989377071862762,1.4130413794019085,0.6687446936316366,0.07111685139718693,-1.0236413232564927,0.013633077096703807,0.014427087368421054,0.02880636250226476
site_345540dea6a21328,13,0.06538079852189278,-0.042978449445504406,0.04926968336229246,0.06610525943859373,0.02981671945225337,0.04926968336229246,0.45104912537179603,0.7182597888913773,0.05557043459968438,-0.5587198427915573,0.018404362507164478,0.05680876923076922,0.011557477865626997
site_3527ca4be8ad318d,825,0.06038076456950657,-0.04404087362094359,0.04130663603710977,0.05370875985208079,0.0792158663068371,0.041306636037109816,1.4749152005186004,0.8759426045321842,3.0078153022484986,-36.33372073727846,3.074587798791677,2.3798204800000002,5.177001616662717
site_360469521723c0bf,302,0.07913071337015987,-0.041834163255446796,0.0671682408820346,0.07636390903574251,0.039124301081806666,0.06716824088203496,0.5123402085597051,0.47705587545061534,1.8910242791380603,-12.633917303144932,0.4304383282309633,1.7610968741721855,0.46227470241223717
site_3611ac9a5b4c6a7c,47,0.050116745445409304,0.009998927805017916,0.04910916021263237,0.058791326737815466,0.06387948086188114,0.04910916021263246,1.0865459993232793,0.6823615298717368,0.11804934417987786,0.4699496068358421,0.12044451611267128,0.16245174468085105,0.1917876395336216
site_365133aa4290174f,670,0.0678391798174786,0.017631962046872326,0.06550777230745868,0.10243208140498707,0.06475072888698129,0.0655077723074587,0.6321332926056191,0.783538528278982,3.0834433932664904,11.813414571404458,3.4818961864885773,7.029861971641791,2.8090801172348865
site_3669ed0d65622c4a,171,0.05865880732916282,-0.003425862968595404,0.058558681168553076,0.07838154474022148,0.04971632068336685,0.0585586811685531,0.6342860535364637,0.6654439594127644,0.5883863208148538,-0.5858225676298141,0.44342522640510607,1.0505669810526315,0.42266284473182436
site_367fad9034e246b1,37,0.06080396479008856,-0.024227108634806968,0.05576889223744354,0.045173374479553524,0.04482011059850315,0.05576889223744381,0.9921798208542009,0.2319647443404714,0.13679351896519018,-0.8964030194878578,0.017377174588997627,0.07550344918918918,0.07432716562029601
site_36915ea55aeee9ea,33,0.13078707633503175,-0.1166079684586236,0.059227029540726346,0.08376423031934177,0.04310095803406864,0.05922702954072661,0.5145508753527736,0.7431889629176812,0.564473558096759,-3.848062959134579,0.08854391429776494,0.23154272727272723,0.061303855254000006
site_3697f876563488cb,53,0.04304825762953988,0.006569665678717055,0.04254400049136335,0.039688321573839856,0.034986352856471656,0.04254400049136338,0.88152765017739,0.3562046906530318,0.09821708170177962,0.34819228097200394,0.026214218110028865,0.08348363207547167,0.06487437896846976
site_36bf0be122b5ada0,62,0.06274467416897114,-0.012631061918312503,0.06146015303744459,0.08161925258993903,0.04117216300097903,0.06146015303744459,0.5044418037963533,0.681383597303587,0.244087436467362,-0.7831258389353752,0.14196446863213372,0.41302554838709676,0.10509911438310957
site_36f59764e16c0acf,11,0.09221261898087757,0.07941177917610516,0.04687148842737996,0.075215719519326,0.10808241343267389,0.046871488427380446,1.4369657582668354,0.9313169727383183,0.09353483809243751,0.8735295709371568,0.08328251870863818,0.062231449090909094,0.1284998890277459
site_37100d9c494e6343,36,0.03869178204373404,-0.025067288820942238,0.02947346313020043,0.015852011400200882,0.02174472527844532,0.02947346313020042,1.3717328816814855,-0.20969927289391568,0.05389394391791351,-0.9024223975539206,-0.0026021823483622737,0.009046305555555556,0.017021990787662117
site_3744ab32b5fabc06,14,0.18796726139219827,-0.155518402329513,0.10557328209428136,0.08633790521868724,0.05089208374125872,0.10557328209428163,0.5894523802998579,-0.1253414780276313,0.4946436789739619,-2.177257632613182,-0.007710358789563181,0.1043592742857143,0.03626005862538206
site_3754c55a59175277,6,0.15395890374779675,0.06000645291805268,0.14178353095975876,0.12887841815706252,0.05707553167054372,0.14178353095975876,0.44286337842063267,,0.14222006425934008,0.36003871750831606,-0.0007059200078248975,0.09965787999999998,0.019545697892851432
site_37c98a51b9f80f45,156,0.09807483196339199,-0.04957064983210502,0.08462519329295741,0.10616510744027001,0.04992498588541254,0.08462519329295816,0.4702579509327115,0.6228063989925775,1.500512935685022,-7.733021373808383,0.5149646512601908,1.7582806858974358,0.3888306576427481
site_383a8c8b2965611f,677,0.12527443088451629,0.10783549619539802,0.06375883306438214,0.029614607542098832,0.06968714778850735,0.06375883306438339,2.3531342662381443,0.4041498884390164,10.624623413638508,73.00463092428446,0.5646636139033266,0.5937459113737076,3.287714129789448
site_386cdfdcf9b17142,388,0.07548430289935454,0.012893875918898387,0.07437491477635155,0.056645076186551756,0.07089840366539202,0.07437491477635157,1.2516251797755402,0.3366023076540171,2.2107774338701836,5.002823856532574,0.5245023479953639,1.2449618865979382,1.950314453212738
site_389215a205727fd3,94,0.17419671979526102,-0.16422364480127677,0.05809553920580085,0.04363320016491984,0.05734054793073343,0.05809553920580148,1.314149494284263,0.3630571658689614,2.852382735618296,-15.437022611320016,0.08538503714674647,0.1789624787234043,0.3090662130776934
site_38bba0231f056806,585,0.04933542707164757,-0.006973114127684862,0.04884014786734514,0.0522732394217771,0.03699318278229536,0.04884014786734547,0.7076887369425962,0.4436002540697168,1.4238808531399858,-4.079271764695644,0.5018209233296733,1.5985075623931624,0.8005699098331235
site_38d8c6108ca3a5d7,59,0.06916833188372128,-0.030962150790125636,0.06185146202011829,0.06676530857553956,0.04282403719760542,0.06185146202011887,0.6414115071325325,0.43122826058783537,0.28227122999902016,-1.8267668966174124,0.07274408649334968,0.2629987793220339,0.10819999155221166
site_38eb3791b353069b,415,0.06802657727193413,0.030083693028394,0.061013003770571596,0.07905803546385205,0.10418938410470371,0.06101300377057166,1.317884810739353,0.8123710735877195,1.9204603143637868,12.48473260678351,2.776975426250777,2.5938217831325305,4.505002520448757
site_38fe9bf25990ebba,147,0.0969910092132239,-0.06192719150368048,0.07464769802657126,0.09193691571855366,0.059388228759227675,0.07464769802657131,0.6459671644960636,0.5867320409494846,1.3828666126253535,-9.10329715104103,0.47092033342544726,1.2425022813605442,0.5184633721282785
site_395c4ccb7a4b9df2,171,0.043443539277738835,-0.007810502124738972,0.04273566615294402,0.04738580500444651,0.0495780877567901,0.04273566615294405,1.0462645459360218,0.6123243264935488,0.3227353289509707,-1.3355958633303642,0.245988983970301,0.38396588222222217,0.42031574034101665
site_3987775e61ab1836,60,0.29180648676192616,-0.28403412845929465,0.06690022112599545,0.05935917929576407,0.028222120976150858,0.06690022112599556,0.47544661686663203,-0.046452785120925155,5.109061542980291,-17.04204770755768,-0.004669179229438302,0.21141072999999996,0.04778928674354965
site_39ac65528c2f5495,202,0.09841432656419462,-0.004298513883057206,0.09832040709578611,0.10876887988504753,0.04265653417664384,0.09832040709578614,0.39217590749969505,0.42926738072567444,1.9564466939629566,-0.8682998043775556,0.4023180154809267,2.3897951847524754,0.36755514140856316
site_39e3332a33e328c0,156,0.10239349936082298,0.0715632246449972,0.07323341853119057,0.06342926238283068,0.03958947110401808,0.07323341853119095,0.624151529069875,0.04529113842873305,1.6355708789713574,11.163863044619564,0.017742188798980076,0.627630326923077,0.24450289067815767
site_3a1e52ef4ac63381,15,0.102340145537562,-0.09936832087755203,0.024483508625710245,0.04083129301024997,0.030698632621441298,0.024483508625711536,0.7518408151741595,0.8018407206678682,0.15710258082974057,-1.4905248131632804,0.015076187543173629,0.02500791733333332,0.014136090672393298
site_3a558feb29bc33aa,50,0.04607112202814449,-0.027465820640027516,0.036988876456335064,0.03371153511781984,0.03188666999390786,0.036988876456335064,0.9458682282626946,0.36515715506684554,0.10612741424660903,-1.3732910320013758,0.019626258544959127,0.05682338000000001,0.05083798616501918
site_3aab5eecf1e576ed,227,0.039063042702865314,0.028565982927703647,0.026644059836669468,0.04385816136397615,0.03539688245236189,0.0266440598366701,0.8070762966692874,0.7944166001781698,0.3463841362817346,6.484478124588728,0.2799558857929142,0.43664319823788544,0.2844172182276158
site_3b418123c1eb9bb6,39,0.06749546974535653,0.012822089779071314,0.06626637495626099,0.06864754334352098,0.03887651755496861,0.06626637495626157,0.5663205944665144,0.34334754896504394,0.17766989900970723,0.5000615013837812,0.035736409301941205,0.18378692307692304,0.05894396107086952
site_3ba67f452cc05c7e,156,0.06965757868819754,0.030658455553956524,0.06254788063354749,0.10190028489719828,0.08645699112170666,0.06254788063354749,0.8484470009964002,0.7915013976178014,0.7569398099175795,4.782719066417218,1.0878068763276418,1.6198522176923076,1.1660705649557428
site_3bce6f9707106717,37,0.048469114852417276,0.008454502909570123,0.04772605656377748,0.08380881927612827,0.05201625351215368,0.04772605656377799,0.6206536968475078,0.8546814705095168,0.08692243849934222,0.3128166076540946,0.13785889834125298,0.25988497297297297,0.10011055328930368
site_3c025b5f7926190d,54,0.058168514542187674,0.035472744616093455,0.04610054743108928,0.026652600456824306,0.04432954144583725,0.0461005474310893,1.6632351322584293,0.23284385117610062,0.18271310853841377,1.9155282092690467,0.014855639826506381,0.038359500000000005,0.10611584521910294
site_3c21ace69367fd43,31,0.10053311609295365,0.013860523498827411,0.09957305518913112,0.09189302924673624,0.09127970994611577,0.09957305518913395,0.9933257255131541,0.40900967246759734,0.31331413037213823,0.4296762284636497,0.10635357476049855,0.2617741935483872,0.25829154888325784
site_3c2ff06ad9a9ceca,167,0.09937984758936211,-0.04404092642746999,0.08908844429158598,0.09585643659446089,0.060495892863033945,0.089088444291586,0.6311093444770274,0.4234804045485165,1.6493511358497686,-7.354834713387489,0.41010679172964504,1.5344722249101794,0.6111787599003788
site_3c6c836e47ad4756,59,0.09969343790248514,-0.08264314114719123,0.05575744597936751,0.08421123629480415,0.048884523174885744,0.055757445979367555,0.5804988185157653,0.7739755733813894,0.586388112088183,-4.875945327684283,0.18798391619469906,0.41840040677966106,0.14099209975612054
site_3cacfdfbb247178d,10,0.12004569473961195,-0.07881557134509087,0.09054874123400604,0.1508304548159953,0.06079594964238785,0.09054874123400629,0.4030747617684738,0.9949365526180259,0.14410968825516096,-0.7881557134509087,0.09123449526928365,0.227498261,0.0369614749291976
site_3d3d4af3226bd56f,68,0.047365457413174154,0.016605578611002245,0.044359230324173105,0.07524260071221434,0.057227919181092594,0.044359230324173105,0.7605786966345867,0.8091940128847953,0.1525570858052266,1.1291793455481527,0.23693724094659968,0.3849785294117647,0.22270236189824127
site_3d8d46208058ae66,97,0.12159640639458916,-0.04463008782421191,0.1131098638885275,0.11531296545543188,0.0511867381568396,0.1131098638885275,0.44389404048951564,0.2645763430991754,1.434211546663574,-4.3291185189485555,0.1514810615344914,1.2898167602061856,0.2541479698242753
site_3e3dd959fc43e496,515,0.08426170707037954,-0.0545894829768579,0.06418741018871062,0.11206714309807403,0.06711397491016793,0.06418741018871103,0.5988728993602884,0.8604467132915942,3.6565181683834416,-28.113583733081818,3.3329014401457986,6.467907949514563,2.3197070985449653
site_3e869a526b77cd87,53,0.07022172154013234,-0.05669470167205019,0.04143429712662104,0.07062519637074682,0.03645916147395832,0.04143429712662125,0.5162344793006454,0.8933015893196613,0.261347779331174,-3.00481918861866,0.12191027774445995,0.2643596732075472,0.07045133413536084
site_3e8e42936f50143d,855,0.06315165982194025,0.022199965878955105,0.05912100856074167,0.06481996959788737,0.05202153166706864,0.05912100856074167,0.8025540892688745,0.5060112768894434,3.409852978217483,18.980970826506613,1.4588756254343695,3.592392332163742,2.3138349922245904
site_3ed9981ace9fa417,10,0.02915585584439385,0.012921017248034478,0.026136396907283733,0.08781675751244748,0.0915047525933074,0.02613639690728418,1.041996484330877,0.9583412742106093,0.008500639300190752,0.12921017248034478,0.07700895701933652,0.077117829,0.08373119747162398
site_3f0cc8bf9a017f1f,60,0.03787281462987875,-0.03301996111993989,0.018548106524031407,0.03820063990156303,0.038623517664070454,0.018548106524031407,1.0110699130589726,0.8834745195015029,0.08606100527934948,-1.9811976671963933,0.07821098250026505,0.08755733333333335,0.08950656700480573
site_3f80251a944e7c4c,134,0.046639203187714535,0.003016234484003552,0.0465415685545989,0.0655213452514508,0.0497914519941215,0.046541568554599115,0.7599271932381304,0.7059394393275481,0.29147884671397944,0.40417542085647595,0.3086098907052581,0.575268255597015,0.3322112846855094
site_3f885209ae19b689,226,0.055216646725277,-0.02204812977403666,0.05062369059098005,0.06895107869377168,0.04204009181238976,0.05062369059098024,0.6097089793054569,0.6828663374713788,0.6890464450819939,-4.982877328932285,0.4473514651642634,1.0744607831858408,0.3994254662282803
site_3f8f25f0fa2a3f3b,64,0.07186474161408106,0.03789921749606729,0.06105890926346802,0.09807921611777565,0.06846353353480948,0.06105890926346804,0.6980432373419153,0.7877017452194367,0.3305306295845526,2.4255499197483066,0.3385151250529569,0.6156500885937499,0.29998434714060684
site_3fd206a570dca7d5,52,0.18272579372060194,-0.16138304538222462,0.08569847346355013,0.07763247886772603,0.06225825088492771,0.08569847346355046,0.8019613928727733,0.26469318662636565,1.7362132159228465,-8.39191835987568,0.06652524383480733,0.3133936923076923,0.2015566697690313
site_3fe88af73a278f09,684,0.07416678967647296,0.009173994438254346,0.07359721813330347,0.0664606367230065,0.04371035468598721,0.07359721813330349,0.657687871215596,0.15680811999158673,3.762487480585296,6.275012195765973,0.3115828016168869,3.02123910380117,1.3068470530339662
site_402a00535323377d,283,0.07284550468518529,0.049830634144927916,0.05313544441852063,0.08187684503417353,0.05221488587255863,0.05313544441852265,0.637724693113973,0.7726950640649088,1.5017303174535366,14.102069463014601,0.9348673797320878,1.8971804240282686,0.7715695887916634
site_40392ec0ab51085a,129,0.0915071114258088,0.07337400313264641,0.05467912861216592,0.06886505128688039,0.06250884842387676,0.05467912861216592,0.9077006007513921,0.657418300462338,1.0801881359529046,9.465246404111387,0.3650664082683565,0.611768992248062,0.5040489409350168
site_4053c6fd726ad6c4,11,0.041021446684442485,-0.006960599038275806,0.04042658963000603,0.07855025132659395,0.11238596875063632,0.04042658963000603,1.4307525036853312,0.9722781850687049,0.018510349968930133,-0.07656658942103386,0.09441541343507441,0.06787156181818182,0.13893666569220903
site_40c02fde736492a1,19,0.0361820998646983,-0.011653414472153316,0.03425408416173477,0.05349600653022093,0.05188360197364007,0.034254084161735275,0.9698593472454813,0.7890983965087509,0.02487374266176102,-0.221414874970913,0.04161369157347241,0.05437463157894736,0.05114625492142305
site_413c6e860ea2e615,245,0.05480810693740125,0.0010005874155978793,0.05479897271742745,0.07791478369582597,0.05744680874938895,0.0547989727174276,0.7373030639943428,0.711347743529123,0.7359625035850947,0.2451439168214804,0.7800704380139283,1.4873248120000002,0.8085332796947734
site_4148b96858a0e60a,171,0.05305074565151001,0.015695224714209463,0.050675847653015894,0.05715134159019644,0.0424058842830882,0.050675847653015894,0.7419928054735704,0.5150481851606123,0.48125925602498654,2.683883426129818,0.21345017988927534,0.5585331695906433,0.307502292733044
site_420eb683366b57f6,91,0.07815760138407007,0.04399429458772743,0.06459963388316879,0.054566464924093096,0.06030835483734869,0.06459963388316978,1.1052274491529384,0.37095446002417676,0.5558835695241184,4.0034808074831965,0.11108752471454197,0.27095241758241767,0.33097588735006794
site_426aa82109fc7c47,28,0.0855723078096794,-0.06866884413361549,0.05106084320913372,0.07781547869472882,0.03858151579098948,0.051060843209133754,0.4958077292352757,0.8221484329868998,0.20503335618848648,-1.9227276357412337,0.06911201326389399,0.16954696428571428,0.04167893410045037
site_42ce68186715eeba,627,0.06722198302830211,0.05798566276462455,0.03400673339214709,0.030375187740154182,0.04299857768965403,0.03400673339214744,1.415582285696048,0.6182850946248819,2.8332844664153507,36.35701055341959,0.5063250085407752,0.5785028229665072,1.1592463074499246
site_42d0b232cf256027,295,0.057957768899612634,0.020650855562040358,0.054153902355939705,0.053491558290896656,0.05269117243172658,0.05415390235594032,0.9850371556794544,0.4798704495451709,0.9909353778671671,6.092002390801905,0.3989965447356388,0.8440973084745764,0.8190260974078332
site_43b644a004cb99cb,16,0.0856295995914904,-0.008493107359856367,0.08520736736675373,0.11528887359585052,0.04083998185091045,0.08520736736675379,0.354240444694399,0.8175962523112288,0.11731885321918357,-0.13588971775770187,0.06159306431207806,0.21266438999999998,0.026686465881323118
site_444e34f5ad449f77,182,0.12594302605703075,0.11888583370682959,0.041566866086271144,0.04084400151610815,0.049155756294965165,0.04156686608627144,1.203500011515253,0.5869142811249065,2.8868195378571517,21.637221734642985,0.21446119972948846,0.30361830769230774,0.4397644846012614
site_44541aad5ac7b92b,159,0.07138266762989391,-0.04098167692377881,0.05844644894666329,0.05785655638087453,0.06625620686046176,0.058446448946663704,1.14518061573336,0.5636417157195053,0.8101821528356248,-6.516086630880832,0.34354165421051425,0.5322335974842768,0.6979917066582715
site_44bc4221af0e2690,281,0.037319188576122736,0.013973112122656188,0.03460453689312846,0.06476098679389557,0.049534720525402934,0.034604536893128875,0.7648852029239327,0.8494919484847225,0.39135483591043896,3.926444506466389,0.765753096411767,1.1785099003558719,0.6894864790458668
site_4522c9f47db04b3c,148,0.055052750946869795,0.01506267054459533,0.05295206646470988,0.04319437506919969,0.07118055935537858,0.052952066464710235,1.647912702553134,0.671388964807986,0.4485591972490748,2.229275240600109,0.3055093496411334,0.27613159756756755,0.7498674604613966
site_454d64b6e8b743da,118,0.035556698017357724,-0.010412646159075072,0.03399787601988498,0.047926434974321724,0.06511197344898473,0.033997876019886124,1.3585816154251982,0.86212314246332,0.14918489531991336,-1.2286922467708585,0.31745874423243237,0.2710392939830509,0.5002691521977125
site_454f86a28db067ff,49,0.044104944513404847,0.01240498451189119,0.04232449042564198,0.06402550512196252,0.039923831867560426,0.04232449042564215,0.6235613727921288,0.7632230281063059,0.09531706039599548,0.6078442410826683,0.0955944715993745,0.200864,0.07810170519847243
site_457c8dbf463cd4ea,137,0.05091383225440797,0.02597831830926185,0.043787501557552524,0.07485257715168976,0.047840060001825266,0.04378750155755262,0.6391237526114396,0.8341685001491456,0.35513390913170917,3.5590296083688733,0.4092350532884037,0.7675984379562044,0.3135479737140191
site_460afd4b6202d4b4,50,0.19120293409530487,-0.16345239718866345,0.0992062289371635,0.08084658320547627,0.08958133367328308,0.0992062289371636,1.1080410590217142,0.3257998385846174,1.827928100332675,-8.172619859433173,0.11797773746877906,0.3268085007999999,0.401240767134204
site_465014c5dd5de0e8,2,0.03974712462905379,0.013319437730312342,0.0374489852309227,0.1062,0.0687510147690777,0.037448985230923444,0.6473730204244604,,0.0031596678325550693,0.026638875460624684,0.01460271553695202,0.02255688,0.009453404063555881
site_466206aef45119ae,1,0.07393046659231187,0.07393046659231187,0.0,0.0,0.0,0.0,,,0.005465713890556941,0.07393046659231187,0.0,0.0,0.0
site_4680c02330a5a24c,432,0.06547849526661345,0.02976621984883591,0.058321569751599515,0.08912249576590195,0.0671424181341369,0.058321569751599536,0.7533722833626639,0.7561555385176802,1.8521712039081255,12.859006974697113,1.9546959022887878,3.431297916666667,1.947501063172487
site_4689968a649fae30,327,0.08133556309365045,-0.06428876025942852,0.049823981455388695,0.06762547780490988,0.035231558689459326,0.049823981455388716,0.5209805510150699,0.6992586647019792,2.16325994036991,-21.022424604833127,0.5447883516421559,1.495438116207951,0.4058929119542431
site_46c69a3772747cb8,125,0.0740696970229317,0.04865524400157928,0.0558478938565787,0.0555343636981644,0.07341861669246814,0.055847893856578706,1.3220393969310014,0.6567371987314339,0.6857900021336122,6.08190550019741,0.33471072376124256,0.38550819391999996,0.6737866596294454
site_473ba30122663331,178,0.12283961930804481,-0.008070743429526855,0.12257420271916976,0.13794064349000282,0.05198821851167619,0.12257420271916976,0.376888328170254,0.4675562132827284,2.685943828770677,-1.4365923304557802,0.5968305128210214,3.3869165605056177,0.48109392579516674
site_47749587de8e2aac,260,0.11743187415984478,-0.07800557347664466,0.08778026871269769,0.06501185550949402,0.054310791248635415,0.06830793699497939,0.8353982642551113,0.35547141316290115,3.5854637178603417,-20.281449103927613,0.3263297890229143,1.0989007527647057,0.7669121319737418
site_479c9178cadeeacf,620,0.0502107039096961,0.03634236827651339,0.03464602509901308,0.01884253296101925,0.04101610252685926,0.0346460250990131,2.176782846112669,0.5415136333727261,1.563091168006446,22.532268331438303,0.2594745445130393,0.22012545000000003,1.043038813226175
site_47cb8752f353f72a,342,0.07058575928419368,-0.048359833785926384,0.05141668882691403,0.0783111843808055,0.07424095987914708,0.0514166888269141,0.9480249911447379,0.7740664362015881,1.7039634994943378,-16.539063154786824,1.5391172774392263,2.0973634269005847,1.885008282331777
site_4820638a678db67d,55,0.05420008955220134,0.03174093281572517,0.04393361914814516,0.024085275499104594,0.04769183980814651,0.043933619148145184,1.9801243215972149,0.4023994283588601,0.16157073391066548,1.7457513048648843,0.025422352689233697,0.03190552727272725,0.12509813713572493
site_48ab6dd953268db1,549,0.09900036723967381,-0.08318668485219796,0.053675396383178954,0.08093169791951896,0.06058768641609246,0.053675396383179266,0.7486273978378999,0.7484258878568927,5.3807889197610645,-45.66948998385668,2.0147639268891435,3.595916910746812,2.0153063921448604
site_48bc99c681181b96,271,0.0756195451376822,-0.04918454774499379,0.05743862698524732,0.08908441765563256,0.05261730128760192,0.05743862698524739,0.5906453976160114,0.7899311979056984,1.549663529450918,-13.329012438893317,1.003434138171155,2.1506650701107013,0.7502852869881643
site_48c050cdab5aaa88,41,0.0775635478671384,-0.03499703019712029,0.06921930247495794,0.07604714558858423,0.03015793890787509,0.06921930247495846,0.39656897934118157,0.4145236174365777,0.24666026226725263,-1.4348782380819318,0.03897783482256459,0.23710990243902438,0.03728955244601617
site_48c0bfa2a3485fb7,53,0.09438491477399062,0.06941918915127808,0.06394910722185687,0.02073045202482173,0.07221502559825276,0.06394910722185687,3.4835239246971392,0.519445950500285,0.472151143255354,3.679217025017738,0.0412147410941855,0.02277683698113208,0.27639552587428395
site_48d263b97f32a2d9,49,0.10484877669343383,-0.07058999512560514,0.07752624434523187,0.09558676693190744,0.036637616248827304,0.0775262443452319,0.3832917193959141,0.6380261865814089,0.5386700327313682,-3.458909761154652,0.10948624617805591,0.44770467061224495,0.0657734312954204
site_48ec25901538e693,155,0.07166091517370632,-0.05613124129983686,0.044548518647342474,0.06592912790525561,0.053778934109739766,0.044548518647343105,0.815708258526088,0.7409543908306426,0.7959694483476354,-8.700342401474714,0.4072046188657322,0.6737307354838709,0.4482869318668583
site_4915d0b8a484d43a,129,0.04205988117839926,0.0026759101682393123,0.04197467223829839,0.028915219834970668,0.044395737259206126,0.04197467223829887,1.5353760930260332,0.40709984255640486,0.22820533501159734,0.3451924117028713,0.06741529134204395,0.10785560201550387,0.25425661179571174
site_496ac9a9ab00ede4,112,0.06275119136366358,0.026143158263393813,0.057046010321268485,0.04330095997280345,0.05240878122736039,0.057046010321268506,1.2103376290104746,0.301276988226882,0.4410237459666222,2.928033725500107,0.0765747466808451,0.20999699107142855,0.30762819917058015
site_496ee2f5b79c4b73,149,0.07229119898717029,0.06329803533042037,0.03491956721254582,0.03571618627308364,0.04975135569937736,0.0349195672125459,1.392963832111909,0.7123153560746834,0.778676600199395,9.431407264232636,0.1885943050223509,0.19007124832214767,0.36880441169496925
site_49a35425669a6415,148,0.04596321166112558,-0.00035085656352945355,0.04596187252361743,0.05371007784067009,0.048790003043090155,0.045961872523617796,0.9083956867056637,0.6015503249550754,0.3126672902784038,-0.05192677140235913,0.23330299182115377,0.4269463243243244,0.35230873074782254
site_49b410d6df2872b8,187,0.12161058720518028,0.11562182551144277,0.037692550799730135,0.03234914902423262,0.030613043832741094,0.03769255079973025,0.9463322763083809,0.2842038504600988,2.765568230112698,21.6212813706398,0.0526309171389131,0.1956894117647059,0.17524863065589624
site_49b534f23930be14,386,0.0801385322243875,-0.03935860654433774,0.06980748124640516,0.09067607402182087,0.060299638501804954,0.06980748124640548,0.6650005434431806,0.6387574584662101,2.4789631579725686,-15.192422126114367,1.3481266865399255,3.1737500544041453,1.4035139117310664
site_49f7a3a08cf1a503,75,0.1611983778414081,0.10457544109980266,0.12267393422191644,0.11224634495410332,0.043818065945560015,0.12267393422191653,0.39037410049723126,-0.05384142890456504,1.9488687764026031,7.843158082485199,-0.019861097951928773,0.9449431466666667,0.14400171774070847
site_4a00a5537486f4ab,125,0.22560226279400153,-0.21610542512893677,0.06476747800876015,0.03517553695396845,0.05332431791138449,0.06476747800876043,1.515948938637837,-0.030395112994348834,6.362047622221716,-27.013178141117095,-0.007126557931303989,0.15466480000000002,0.3554353600893001
site_4a15ec3df99b7e73,6,0.1404609375268977,0.1288915844321251,0.055823242771370955,0.07485908242973742,0.04188753096159092,0.055823242771371025,0.5595517551381486,,0.11837564982561033,0.7733495065927506,0.012726639116307099,0.03362329333333333,0.010527391500349426
site_4a51d234a3956647,115,0.05613575673491063,0.03386480828730956,0.04477050305574903,0.058907450400313595,0.06005253081070936,0.044770503055751074,1.0194386347162236,0.7168815198406456,0.3623906661831224,3.8944529530405996,0.29163978297036625,0.39906008695652173,0.41472524252868764
site_4a5737c09be72760,38,0.051657375300811464,0.048452359788668777,0.01791237711411521,0.02185333826562433,0.02141474549563278,0.017912377114115217,0.9799301706375239,0.657401629703257,0.10140240807281768,1.8411896719694136,0.011690822818208683,0.018147598947368424,0.017426470336423527
site_4a605b11c85f3580,1259,0.07156621663389261,0.05078556294555793,0.05042370434222401,0.07569196006336819,0.05903376288780856,0.0504237043422242,0.7799211810393913,0.7465464210118302,6.448249714381163,63.93902374845743,4.1998401981723195,7.213154478157267,4.38759631731375
site_4a71668c00a356e4,95,0.12982528281625175,-0.12289557575777954,0.04184831558717289,0.062479687770774894,0.06330604496717292,0.04184831558717305,1.0132260135394684,0.7787045108737799,1.6011873855403767,-11.675079696989057,0.2926040468021914,0.3708525814736842,0.3807272562916434
site_4accdc2358f08145,95,0.04984443565485385,0.03128687975751726,0.03880204789427386,0.05083074952184857,0.05158451273327085,0.038802047894274105,1.0148288824877212,0.7130081691204244,0.23602443774633228,2.97225357696414,0.17760858617938666,0.24545768421052636,0.2527913856232534
site_4aee712beb09287c,127,0.08397037717115775,0.06253834457496019,0.05603552177048088,0.07957466134551537,0.0663197903879248,0.056035521770480885,0.8334284967919934,0.7191512660864141,0.8954800787678444,7.942369761019944,0.4819943132041184,0.8041800944881892,0.5585859538314821
site_4afa6fca34a02012,148,0.09297057422858498,-0.055726596701789546,0.07441823763318323,0.07794481317353588,0.053560013365788244,0.07441823763318431,0.6871530148714646,0.40793042032036103,1.2792420955141388,-8.247536311864852,0.2520436181579087,0.8991582972972972,0.4245639046980254
site_4b307595d7b7b6da,381,0.044868588932695276,-0.0017772752239791744,0.044833375576565894,0.07705495459330633,0.04526229363356852,0.04483337557656613,0.587402768225113,0.8567447222552966,0.7670254939410617,-0.6771418603360655,1.1384488953274827,2.2621745564304465,0.7805452607140948
site_4b6df3933469a704,81,0.05324206067718387,0.01082033080112787,0.05213096456528588,0.07092734898485353,0.0528990461857747,0.05213096456528589,0.7458201517875881,0.6811534235997089,0.22961207903738723,0.8764467948913575,0.2070100984225119,0.40748579555555553,0.2266630360765427
site_4b78a1e10bf476d7,14,0.05906741005349312,-0.02833950628765991,0.051825006645433096,0.08027062008592926,0.051222170050325824,0.05182500664543359,0.6381185294880339,0.7759992428081567,0.048845425025985004,-0.39675308802723874,0.04466876287891396,0.09020721428571428,0.03673194986530294
site_4c8563a6e25ebea0,268,0.10621506165282331,-0.07609657497136894,0.07410094870877079,0.09575181774208437,0.051113756251772384,0.07410094870877082,0.5338149964886475,0.642600527565849,3.023479338272699,-20.393882092326876,0.8428701946582339,2.457134041044776,0.7001811089483808
site_4cacd33e9c8aef19,344,0.09220780216248035,-0.03155253532095704,0.08664130824528724,0.11485868936883369,0.06609123766734001,0.08664130824528733,0.575413475728494,0.6622086268449283,2.9247839001944804,-10.854072150409221,1.7292628751812111,4.538226372093023,1.502609783561883
site_4ce2c6daabd8ff5f,337,0.0924217493172927,0.07762040426398598,0.050168242831136564,0.06970245018239757,0.03949522821236286,0.05016824283113698,0.566626110115378,0.7086040053353388,2.878579774694683,26.15807623696327,0.6573946660797744,1.6372914362017803,0.525677218371212
site_4d238af0af441869,859,0.05195376648218035,0.030663719856128428,0.04193960105043682,0.04702692445781507,0.059361966136650526,0.04193960105043709,1.2622974353745045,0.7122132959518959,2.3186075185973514,26.34013535641432,1.707882917603378,1.899705664982538,3.0269811572799967
site_4d43b32f897968be,48,0.04866769708059153,-0.023721490173290175,0.04249512493318163,0.1095045661148429,0.08185582728888136,0.04249512493318187,0.7475106307716435,0.9419103701618964,0.11369014747815442,-1.1386315283179285,0.4052589796334505,0.57558,0.32161807013506427
site_4d97122ac69c458e,260,0.11003208756740071,0.07924315479397774,0.076338605650993,0.0693706956658196,0.053907383442326345,0.07633860565099349,0.7770915791592333,0.25279714266897846,3.1478356765544353,20.603220246434212,0.2457931702225827,1.2511962884615384,0.7555615572954801
site_4dd15b6db25eea2b,82,0.06619514880838136,0.052107769795307304,0.040823743737229835,0.05580522583253389,0.051624169681177993,0.04082374373723006,0.925077694983211,0.7137877554088198,0.3593074135126277,4.272837123215199,0.16862070298349352,0.25536630487804884,0.2185345014122267
site_4deb698afc5ebdb4,26,0.06910575269245023,-0.021836020306898997,0.0655651833852906,0.06699584902799761,0.03248118258473061,0.06556518338529094,0.4848238070862673,0.28598759647083277,0.12416573143494242,-0.5677365279793739,0.01618081057759432,0.11669953846153847,0.027430707774667773
site_4ea6d277e84496c8,413,0.03287588782104325,-0.004010815950196246,0.032630313443720874,0.03454030199544042,0.023873477915684085,0.03263031344372091,0.6911774517442135,0.42338132346997476,0.44638031200901157,-1.6564669874310498,0.1441861582111757,0.49272240677966106,0.23538643743754079
site_4f3ef6ee56ee38cd,157,0.0779951841249221,-0.01930236872821856,0.07556895730497007,0.09598347449620769,0.055748823745218466,0.07556895730497062,0.5808168962191622,0.6176540517724997,0.9550700532288384,-3.030471890330314,0.5188921762485603,1.4464138980891719,0.4879452217891431
site_4f44a81224b8cd25,260,0.16322355959984744,-0.1395697784719559,0.08462982539113563,0.10952095960005087,0.06319473467311754,0.08462982539113569,0.577010417950065,0.6376259948477506,6.926901906195686,-36.28814240270853,1.147407005730386,3.1186585538461538,1.0383293675054883
site_4f633f2c887097a9,136,0.10163463219564785,-0.0879423166097087,0.05094847800339447,0.06934305196606838,0.04782875280792787,0.05094847800339471,0.689741098089134,0.6784526795827446,1.404825390770068,-11.960155058920384,0.3060204707382466,0.6539504044117648,0.31111218494201415
site_4f8f6e54cc9c215b,18,0.06734769137481254,-0.05537928395138847,0.038325532514871696,0.041864861956856694,0.027820505953030903,0.03832553251487173,0.6645311760898908,0.4541080471158189,0.08164280760330599,-0.9968271111249924,0.009520206980407241,0.031548,0.0139316499266873
site_4f9a1ac96b88317a,129,0.049526375806177865,0.012329428673714627,0.047967145934217775,0.04478407758290468,0.05524340894486049,0.04796714593421849,1.2335502242419396,0.5571084816823003,0.31641918516382406,1.5904962989091869,0.1778007482283337,0.2587241550387597,0.3936866159085328
site_4fa99e2fc956380a,143,0.08583312226674886,-0.07182315799531404,0.04699743454316221,0.060474649534694086,0.04654195823933745,0.04699743454316249,0.769611045246926,0.6421102817863348,1.0535274575623883,-10.270711593329906,0.2584423455512086,0.5229772027972028,0.309760004375569
site_4fab225734bfdafc,402,0.12589527862547842,-0.094152057880608,0.08357637930081373,0.08476233312631581,0.07111993584518701,0.07485761192239755,0.8390511825482856,0.550656526415972,6.371547714435111,-37.849127268004416,1.3344463021120714,2.8882305530406476,2.0333342003986536
site_4fc1c31a5e50a546,49,0.11809221980825109,-0.10196486840686017,0.0595729635825848,0.06814158887892015,0.040869258659031855,0.05957296358259015,0.5997696756330687,0.4963622032115962,0.6833428465827742,-4.996278551936149,0.06773354398261527,0.22752053061224486,0.08184451886360367
site_503f0d34679d2c3c,109,0.06368737980162258,-0.050508823263863904,0.038793570581939,0.05314165488150662,0.05553070675827266,0.038793570581940204,1.044956294306097,0.7459781813393944,0.4421129757135774,-5.505461735761165,0.2399500798176735,0.30781986770642206,0.33611887384498634
site_50560992666c8105,554,0.12404871206488524,0.10720518046408783,0.06241099459725957,0.05346890775514346,0.07647529753143623,0.0624109945972596,1.430276037835833,0.588432795133516,8.52499796258607,59.39166997710466,1.3329968461332675,1.5838439494765342,3.2400530074170195
site_50a31a0d244519cf,60,0.2272042085837046,-0.22241197426716489,0.04641838106536608,0.040734251217154134,0.030381843393847564,0.0464183810653664,0.745854962004385,0.17278437043984649,3.0973051438888524,-13.344718456029893,0.012830085885028052,0.09955675333333337,0.05538338448049673
site_51e9108791d53546,293,0.07402707044234712,0.05672105522367328,0.04756815166252762,0.06933977302760085,0.06850889786496285,0.04756815166252771,0.9880173365680434,0.7619102832700984,1.605642097374933,16.61926918053627,1.0604760190886748,1.4087452081911263,1.3751864423948699
site_524c0b4f56437dd1,10,0.0714860879520149,-0.03324797973930836,0.06328374683864531,0.14756248337568734,0.09236704308867709,0.06328374683864535,0.6259520778971632,0.9648458439137088,0.0511026077068321,-0.3324797973930836,0.13150762267503888,0.21774686499999998,0.08531670648945529
site_52a99c537fd71479,333,0.09817650829548026,0.054623804432941264,0.08157736677758293,0.08652864379607587,0.0496270997102643,0.08157736677758305,0.5735337748644446,0.3836820390437433,3.2096627181038038,18.18972687616944,0.5486488773373176,2.4932396636636636,0.8201287255422874
site_52efe15d6a747228,616,0.034526577742035866,0.008962687574888205,0.033342987298857776,0.046588341192413354,0.057708621859362465,0.03334298729885785,1.238692350539409,0.8162402521230336,0.7343240954753374,5.521015546131134,1.351813161146389,1.3370116975974027,2.0514555827346426
site_53e750ed31ea8834,151,0.03454384635045102,-0.006382870927551725,0.03394902471950826,0.03583957158577833,0.04821850965378363,0.03394902471950849,1.3453986060736687,0.7108730967987026,0.18018487542321876,-0.9638135100603105,0.1855007280385159,0.19395570860927153,0.3510787256580358
site_545c918e740bed59,7,0.08359161390499623,-0.07806757906164442,0.029883289890770996,0.06309510799627198,0.03855146629489093,0.029883289890771,0.6110056313267387,,0.048912905406693706,-0.546473053431511,0.016009690171480177,0.027866948571428577,0.010403508874402778
site_5475cf38df836ff4,649,0.04005155134488116,0.011792872899991154,0.03827603576516651,0.06925576466485667,0.053163852021554645,0.03827603576516706,0.7676451524118721,0.8362117106415979,1.0410782705704422,7.653574512094259,1.998174035242318,3.112838249614792,1.8343304599885744
site_54c3846d0762e78b,725,0.061919405749748885,0.05213132750075439,0.03341163721536441,0.024181784164419177,0.040483273362277535,0.033411637215364505,1.674122682057687,0.5655589189663128,2.7796592860914755,37.79521243804693,0.4014022697070138,0.4239500468965517,1.1881991810405452
site_54c3cc61243c3e27,143,0.11893405871746003,-0.09043835250064211,0.0772412760121027,0.10409122170627527,0.0507029252990516,0.07724127601210273,0.4871008762114943,0.7048063411506289,2.0227793761901767,-12.932684407591822,0.5319281360398952,1.5494024883916082,0.36762248864501257
site_54f5633d7a10a0e4,93,0.08141824289501003,0.006844460264969894,0.08113004153698,0.0946155407443864,0.05965691598800172,0.08113004153698,0.6305192098322516,0.5252010464752641,0.6164905156783091,0.6365348046422001,0.27569685091284174,0.8325453511827957,0.330982129143553
site_551190f45891f632,40,0.12405106295012595,-0.1126516063064337,0.051944988359189995,0.06036803790086274,0.056969125181724214,0.05194498835919082,0.9436968164391849,0.6093864630207728,0.6155466487622445,-4.506064252257348,0.08382998816668988,0.14577199999999998,0.12981924895883856
site_554a93a7d6df9a9f,46,0.02798239594289402,-0.009736485465065291,0.026233858532314,0.024483318652697546,0.014424308942455364,0.026233858532314035,0.5891484380474749,0.1688752295361,0.036018666204425016,-0.4478783313930034,0.0027433996861395637,0.027573913043478265,0.009570791669500298
site_557840f3689665d3,108,0.06672628368326361,0.016360531344954615,0.06468948870017546,0.08240330734702579,0.056397771269899546,0.06468948870017549,0.6844115010140444,0.6225340981009649,0.480858868891372,1.7669373852550985,0.31245932075310917,0.7333529466666666,0.34351652925488596
site_572718242301a76e,118,0.05314130959186831,-0.03391088092013941,0.040915167607611234,0.049265718038592386,0.07148965663361061,0.04091516760761152,1.451103515381813,0.832460095073719,0.33323185664637783,-4.001483948576451,0.3459660313063507,0.2863990949152543,0.6030709786598023
site_572a1b583bd03d5b,234,0.056811531674572785,0.017572762183654,0.05402543993756763,0.05137071270857845,0.06424713877129629,0.05402543993756794,1.2506569479727616,0.5829402437977126,0.755246730703371,4.112026350975036,0.4502039260724161,0.6175143290598291,0.9658805926297793
site_57c9411d53d3b891,847,0.05727826149959184,0.031193699493166825,0.048039071102027237,0.0605363880011129,0.05810478180346036,0.0480390711020273,0.9598323210560923,0.6727974417073305,2.778836956632034,26.4210634707123,2.0044541236464855,3.1039621685714285,2.8596123211582944
site_5809bead57720978,62,0.057571688591749,0.02016103443599516,0.05392617191842881,0.03910725932010139,0.05667312273137011,0.0539261719184294,1.4491714253736967,0.41356389491019524,0.20549895829292997,1.2499841350317,0.0568288451702364,0.09482141935483872,0.19913425608774626
site_583630b60a1838c6,202,0.036302906912314366,0.015373618361678455,0.03288697171759092,0.05820875358755118,0.04278646795653245,0.03288697171759127,0.735052123941767,0.8306183290705917,0.26621601215740076,3.105470909059048,0.4178761804914563,0.6844283168316831,0.3697977317194664
site_58667ddb3903bbc2,535,0.08778224380450189,-0.07278864198661296,0.04906664778745023,0.05884529619790136,0.03592581873973418,0.049066647787450304,0.610513007172448,0.5548308396293221,4.122561445133861,-38.941923462837934,0.6275275576140418,1.852581353271028,0.6905054818843261
site_5896b54480755cab,20,0.09146752828512879,-0.04188112078160048,0.08131592988257486,0.10300508482594439,0.030766272390240507,0.08131592988257486,0.2986869283417284,0.780088648414924,0.1673261746118167,-0.8376224156320096,0.04944330564122646,0.21220095000000003,0.018931270335809505
site_58e380359cb64c9c,342,0.09408733813254606,0.07189829538021868,0.06068823871465443,0.05435285699174179,0.05972726122814624,0.060688238714656194,1.0988798847725894,0.43718620141916864,3.0275301013288756,24.589217020034788,0.4853863178564791,1.0103477076023393,1.2200322409648057
site_591f3f72c730f39a,46,0.08515066258619591,0.07240593853204146,0.0448108848848404,0.07064923070792722,0.05135902410366939,0.044810884884841445,0.7269580091536174,0.7745742924245006,0.3335292255879365,3.330673172473907,0.12928409830383633,0.22960043478260866,0.1213364704165395
site_5977dd6efaf94985,77,0.09341731663704363,0.05564042017397943,0.07503958082591275,0.08623716657354782,0.042830675778104926,0.07503958082591289,0.4966614451737182,0.4927957572960511,0.6719632186702564,4.284312353396416,0.14015451433499912,0.5726373651948052,0.14125394264590407
site_59c7d9e52ad4d8ab,85,0.07728824872032074,-0.05000841879704419,0.05892903732179577,0.08565764802024312,0.054700980314428105,0.05892903732179661,0.6386000734166883,0.731695079847413,0.5077452381716037,-4.250715597748757,0.2914139350619386,0.623664776470588,0.25433676602555333
site_59cc92ae49f9c2af,36,0.028339775422477776,-0.016776585228741172,0.022840513546311933,0.022148628137992246,0.013199379533379317,0.02284051354631208,0.5959456924890983,0.24473609619605305,0.028913143355873114,-0.6039570682346822,0.002575733209235801,0.017660222222222226,0.006272050322382941
site_59e0fe7c4ae0f849,113,0.08500213456373955,0.02241558416754798,0.08199331964751555,0.09194447516960501,0.04364177030683457,0.08199331964751559,0.47465353656465975,0.45300657241582976,0.8164660054843057,2.532961010932922,0.2054049682043559,0.9552778761061946,0.2152202650531393
site_5a51afb7ef849491,62,0.10898953294697118,-0.08186694118092139,0.07194805232720672,0.0842079644066458,0.04648471657765896,0.07194805232720672,0.5520228033678762,0.5205529884729154,0.7364805341039328,-5.075750353217126,0.12633392524526962,0.4396408387096774,0.13397139026892746
site_5b0bcc4b6a2f87e4,66,0.024916729195938493,-0.0005868683704824144,0.024909816927056308,0.027514066900595928,0.039056930761420444,0.02490981692705635,1.4195259066035966,0.7732856555352614,0.04097566399236642,-0.03873331245183935,0.054844968372922055,0.04996357590909092,0.10067929347315777
site_5ba32085b805fa13,239,0.0735372114064651,0.06036488204945082,0.04199764846506327,0.06628595533113985,0.06930308580158503,0.04199764846506363,1.0455168889906277,0.8090152723711953,1.2924454292839545,14.427206809818745,0.8882367003530451,1.0501248619246861,1.147897330687624
site_5bf25e0531f88e2f,60,0.035076778733035,0.005326776217222214,0.03466995617848301,0.025621066147909523,0.03416700195178037,0.03466995617848333,1.3335511393060482,0.35516377142691186,0.07382282437717778,0.31960657303333284,0.018654515745316937,0.039386341833333324,0.07004304134237782
site_5c129902816da317,37,0.0394118507206532,-0.020629970117195234,0.03358121960546823,0.043345335566963954,0.0422098879303043,0.03358121960546825,0.9738046176870518,0.6921709697746453,0.05747187715740093,-0.7633088943362236,0.04685669721975117,0.06951627027027028,0.06592196164628741
site_5c29c7471e58357f,54,0.07385589133594665,0.0606364388388616,0.042165329003437835,0.04978296172852363,0.05123962555212679,0.042165329003438425,1.029260288520933,0.6519227085759954,0.29455340499146665,3.2743676972985263,0.08980004345087542,0.133830537037037,0.1417769582429969
site_5ca415a5fd8c11f3,149,0.11695632824965753,-0.10447232617067811,0.05257676085619088,0.08101702697285208,0.05027709948176341,0.05257676085619092,0.6205744811965356,0.7766709869691651,2.0381386249286044,-15.566376599431038,0.4713786059218965,0.9780000402684563,0.37664022311257106
site_5cc61f026daaaf5d,1,0.16580366368293764,-0.16580366368293764,0.0,0.0,0.0,0.0,,,0.027490854890684695,-0.16580366368293764,0.0,0.0,0.0
site_5cf31f5c04158e4a,244,0.09432570761747931,0.007241375092111657,0.09404733703999033,0.09776181710480544,0.039915417332243894,0.09404733703999113,0.4082925063621988,0.2954371401796067,2.1709507446793195,1.7668955224752443,0.28129684205548683,2.331998983606557,0.3887506919569559
site_5d503d0a92bc4d22,106,0.09307131270697148,-0.06346929841468918,0.0680728830573967,0.10222357348290118,0.05642642119647269,0.06807288305739692,0.5519903019816762,0.7801239861637375,0.9182005403938804,-6.727745631957053,0.4769831765762197,1.1076638514150943,0.3374977469584247
site_5d637e79fa207678,82,0.10194305412044595,-0.08984772968873744,0.04816400889859294,0.05495999437371328,0.05262468118468549,0.04816400889859344,0.9575088532005974,0.599910740834916,0.8521756752391421,-7.367513834476471,0.1422776382247486,0.24768928048780486,0.22708727972276288
site_5d79652f78de4312,15,0.06543714148065057,0.005493766920566556,0.06520611942280546,0.15182887823687122,0.10392044456218069,0.0652061194228056,0.6844576984890343,0.9379957994984318,0.06423029227738018,0.08240650380849834,0.22199721790865065,0.345780124,0.16199188197001907
site_5de3489054d45a0f,49,0.06469526325566362,-0.033438038188584,0.05538388474834911,0.0662025214340932,0.041756111609606725,0.055383884748349196,0.6307329495172825,0.553287587501861,0.20508837729826138,-1.6384638712406159,0.07494481427359337,0.21475591836734695,0.08543506998094275
site_5e24def8042ec3b4,11,0.07839339297190652,0.027178216733715753,0.07353141231353398,0.07891013824189748,0.04622727818170407,0.07353141231353401,0.5858217868025432,0.4052993351423587,0.0676007646781254,0.2989603840708733,0.01626296412741596,0.06849490909090908,0.02350657372897519
site_5ec485e1198852d4,13,0.03569686561191034,0.009634585429613408,0.034372095922626945,0.12134433620484346,0.10131895470089147,0.03437209592262715,0.8349706123065621,0.9682611630986168,0.01656546078869223,0.1252496105849743,0.15475549396164717,0.1914178230769231,0.13345189756185688
site_5ed1da21a10b6003,106,0.09810586823154409,0.02344789653083064,0.0952625715049964,0.061833925136552746,0.059227651840688476,0.09526257150499698,0.9578504309712083,-0.23804970553355534,1.0202247064352996,2.4854770322680477,-0.0924112499376724,0.40528403556603776,0.37183896271155176
site_5edf4f1cdc32395a,114,0.05467152116596677,0.01179598606469338,0.053383798472591955,0.05483182057204836,0.06609626702447716,0.0533837984725921,1.2054363020397516,0.624336650388195,0.34074317583248576,1.3447424113750455,0.2579486619798761,0.34274425438596495,0.4980336826610925
site_5f27021d111ffc54,10,0.05319526893700184,-0.04011459395885467,0.03493645644303631,0.03347372103606052,0.02110805109799391,0.03493645644303681,0.6305857384440369,0.2444812759477344,0.028297366372799528,-0.4011459395885467,0.0017274191617965692,0.011204900000000004,0.00445549821155522
site_5f52ef3c28075a93,123,0.04194742513912496,-0.003698427927687886,0.04178406522427169,0.05230450635861821,0.050660048036694744,0.041784065224272804,0.968559911250314,0.6710624304413433,0.21642913652370657,-0.45490663510560997,0.21871206536870905,0.3364986504065041,0.3156721774508669
site_6009b70703dc2497,93,0.08928019163399303,-0.06325332778692246,0.06300769113435804,0.08207340859374809,0.04998390103077847,0.06300769113435897,0.6090145625386634,0.6416403685365217,0.7412985934928343,-5.882559484183788,0.24479765125412137,0.6264521290322581,0.23235030368968307
site_613f62e07f148531,126,0.05253910141123655,0.01605533081435022,0.05002582862424145,0.04559188861389942,0.06545785242063773,0.05002582862424167,1.4357346100525836,0.6468361538876599,0.347805004314625,2.0229716826081274,0.24322833494581875,0.2619061587301587,0.5398760358837704
site_617d5a69b08b72f8,37,0.12451765997465157,-0.07831280813829317,0.09680780819261339,0.07206473836561744,0.0768430305424397,0.0968078081926134,1.0663055508864792,0.15588011114899256,0.573671962885829,-2.8975739011168473,0.03193888343447768,0.1921530810810811,0.21847949968901387
site_617d695493df2178,92,0.09759545502897075,0.08891932389528855,0.04022718832228545,0.06069567942568218,0.0699334574185558,0.04022718832228754,1.1521982796845476,0.8194330520003151,0.8762883014926905,8.180577798366546,0.3199956552085021,0.3389248260869565,0.44994333891919214
site_6198a28ec3f8f86a,57,0.06998348316018646,0.04001739633334309,0.05741337741269224,0.016859985757086134,0.06144409934564832,0.057413377412693346,3.6443743328682103,0.36842658147137436,0.2791682111682298,2.2809915910005563,0.021755205908548406,0.0162027698245614,0.2151965086306803
site_621b9dc6415ad601,132,0.06609918080115042,0.015529072700666663,0.0642491214231026,0.07593520439361019,0.0342070620105525,0.0642491214231026,0.45047698605300607,0.5405787999041582,0.5767214247409786,2.0498375964879996,0.18534969776746898,0.761132495151515,0.1544562480639795
site_621eb1eb5435955b,195,0.0734601814568849,-0.019981779126479072,0.07069035834269806,0.11636337178523204,0.06664902081503751,0.07069035834269809,0.5727663249398561,0.8371730700194416,1.0522976606372991,-3.896446929663419,1.266076451855707,2.6403846871794867,0.8662079352426442
site_6277027d8a1380c0,524,0.056300177803736966,0.03654656236328697,0.042825912718338806,0.062282883298764025,0.044603369313585,0.04282591271833889,0.7161416901595199,0.7261556692940506,1.6609280508637758,19.15039867836237,1.0570545381648566,2.0326785572519084,1.0424773303610055
site_62a63d63c871f1e4,95,0.10024184799203004,0.008500201752436789,0.0998808022546131,0.07877731837467375,0.07186640517253766,0.09988080225461414,0.912272804600088,0.1231551304450639,0.9546006684414394,0.807519166481495,0.06623739262587927,0.5895572595789474,0.49065411828021804
site_63012b87359e4210,129,0.0762114444212576,0.05872082638347796,0.04858033356838829,0.04944230652162411,0.06350517020590697,0.04858033356838931,1.2844297661989599,0.6556698375386996,0.7492557696399023,7.574986603468657,0.26557226823010416,0.3153458759689922,0.5202449569316767
site_6307ca95d0b03b26,71,0.03912319268595197,0.02691890553252798,0.028390081558054052,0.04272980392679444,0.044679227050470685,0.028390081558054423,1.0456220938204173,0.7899057312304192,0.10867431862189095,1.9112422928094865,0.10707058236147737,0.1296343661971831,0.14173256641775334
site_63148af2428e7132,211,0.07073309181984172,0.05598254091649259,0.04323338283002376,0.05252273314395938,0.04904787596437733,0.04323338283002422,0.9338408919037434,0.6395655810436378,1.0556689287411678,11.812316133379936,0.34764425859441406,0.5820725118483412,0.5076014628261751
site_633f81ba98074791,63,0.06964959941363745,0.039855176457810025,0.05711945034746914,0.06551589945487049,0.030774342327921433,0.05711945034746915,0.4697232669318661,0.4902175061790816,0.30561720200425047,2.5108761168420317,0.06226799100164383,0.27041698412698406,0.0596647891801141
site_6367b6400c1e48bd,400,0.06838184645963313,0.034269776253536346,0.0591748203272422,0.07382420859675708,0.05637520413640879,0.059174820327242215,0.7636411579342718,0.6158934255500443,1.8704307700915361,13.707910501414538,1.025303611119573,2.1800055099750004,1.2712654565687052
site_638a0536fcb5886f,372,0.05013458885475466,0.021918524419187856,0.045089414355486544,0.046977141211981564,0.049385336690084186,0.04508941435548655,1.0512631338555871,0.5630880028747597,0.9350134438643279,8.153691083937883,0.4859636860512176,0.8209488682795698,0.9072750705573869
site_639be43d81e5bd5a,671,0.1627215148304833,-0.11764108925173959,0.112422709042219,0.10708313036524551,0.05564167117213943,0.11242270904221902,0.5196119218998689,0.16144973665147205,17.76693352183595,-78.93717088791726,0.6454774653067987,7.69422065871833,2.0774130280259184
site_63bba9458fdad7de,128,0.1359781698590148,-0.08278505968693643,0.10787352117566877,0.09727780967856633,0.04163707031486482,0.107873521175669,0.42802228434671374,-0.05432583331327371,2.366728022810507,-10.596487639927863,-0.028165036196680725,1.2112604487499998,0.22190663992383963
site_63e7e96910147c52,10,0.03971255262830123,-0.026217366263866428,0.029828451894824734,0.038586252733324604,0.03639970556522509,0.029828451894825664,0.9433335187220416,0.6849634169840733,0.015770868362555947,-0.26217366263866426,0.009620504613965752,0.014888989000000004,0.013249385652350787
site_63fc50b0256f0fb6,2,0.07065432964182575,0.05076556354761125,0.04914154917001723,0.10999999999999999,0.060858450829983216,0.04914154917001779,0.5532586439089383,,0.009984068594271554,0.1015311270952225,0.013388859182596205,0.024199999999999996,0.007407502074850969
site_6411ebbe96528026,629,0.15560597187535755,-0.12487583474830528,0.09283988571292251,0.11932053666975967,0.05110599676170221,0.09283988571292251,0.42830847218821133,0.6748094291719245,15.2301144259797,-78.54690005668402,2.5883252495496007,8.955318606359302,1.6428366072494764
site_651ac46c08004df7,214,0.11379995247071893,-0.08692293721571145,0.07344952122465723,0.10170371982012809,0.05368454205101044,0.07344952122465725,0.5278522963167546,0.7171211227386683,2.7713918450203083,-18.601508564162252,0.8379003628210695,2.2135403778037386,0.6167544318185155
site_651b6ffa617fc102,117,0.0974151011329654,-0.04763527150663556,0.08497401271703597,0.09794072622190715,0.053434816840460725,0.08497401271703615,0.5455832206041837,0.49939216894802896,1.1102951256632678,-5.57332676627636,0.30578433598516847,1.1223091447863247,0.3340677191405095
site_653b7646a624636a,25,0.0554913164835105,-0.020542777898907665,0.05154881648757103,0.08456618709626207,0.09029996207046712,0.051548816487571335,1.0678022170690784,0.8281631003321841,0.0769821551268281,-0.5135694474726916,0.1581030333582312,0.178786,0.20385207874819503
site_655489b2dd82c473,432,0.11682747059544585,0.11152129847335594,0.03480887634708165,0.02658597445743731,0.04454735162127165,0.034808876347081685,1.6755959685656632,0.6246640566946425,5.896220206635258,48.17720094048977,0.3195985035832488,0.3053436643518519,0.8572895437547003
site_655b8133c0a83295,77,0.09365748942121753,-0.049314463079749765,0.07962291790584838,0.08222761501634823,0.05404615872580195,0.0796229179058484,0.6572750372859126,0.37606814283871903,0.6754228500007814,-3.797213657140732,0.12868851720532037,0.5206263116883117,0.22491602002212252
site_657937702d0a4647,131,0.09844138035414662,-0.08289258474612055,0.053099197358688864,0.062484535001768836,0.055061119542259625,0.053099197358688885,0.8811959557785127,0.5982498165288899,1.2694824029498992,-10.858928601741791,0.26963201018707217,0.5114655419847329,0.39715622196735756
site_6641dc35f7f7b1d6,5,0.07097021407622336,-0.06915030364990234,0.01596893206045025,0.028336548837146692,0.029016344784853546,0.015968932060451364,1.0239900755597908,,0.025183856430124864,-0.34575151824951167,0.0034747536838054646,0.004014799999999998,0.0042097413233674885
site_667d683049a1748d,80,0.09973932538761429,0.06133076912015677,0.07865411488222615,0.09123269613329422,0.033712770611999204,0.07865411488222906,0.3695250939722711,0.5321517953247612,0.7958346423021121,4.906461529612542,0.1309394383272156,0.6658723874999999,0.09092407218698217
site_669ad6ba4bcd30e6,57,0.04151723355115082,0.020088654992873208,0.03633354678968341,0.05604167314564009,0.059144966395711714,0.03633354678968342,1.0553747430417868,0.8023135575786978,0.09824979885922579,1.1450533345937728,0.1515820823629436,0.1790181403508772,0.19939324184714247
site_66c5aa948cb00d80,6,0.07280734995090754,0.0704166975816091,0.018504024118394507,0.024451766580124407,0.03159494105418006,0.018504024118397175,1.2921332677804136,,0.031805461241243504,0.42250018548965457,0.003761190841595331,0.003587333333333333,0.005989441801302675
site_66cab69faab895b3,471,0.08434827803011587,0.008021509637751648,0.08396598948251122,0.08392976881627574,0.041594743874250995,0.08396598948251123,0.4955898778334881,0.24692395189909597,3.350991675130137,3.7781310393810266,0.4060117548199691,3.3178210700636943,0.8148878001612986
site_67582d7e0a88b810,49,0.04376309837539341,-0.018070873250766676,0.039857901592646426,0.03787679230415345,0.06339667841688125,0.039857901592646454,1.6737604892146416,0.8048135914364465,0.0938452301913037,-0.8854727892875671,0.0946958787993205,0.07029791836734692,0.19693780288037938
site_6770b4e6f1f2e8bb,271,0.08061483838210766,-0.018100266156381353,0.07855655626643451,0.062007567659929944,0.04433923090613594,0.04879871128860754,0.7150616058560301,0.6237054834340618,1.7611618373581743,-4.905172128379347,0.46470966464814983,1.041978319164314,0.5327771646812105
site_68221dfdbb1b1ea4,128,0.11051493320582909,0.00052872556820512,0.1105136684341009,0.12578338095050492,0.05457208129592292,0.11051366843410092,0.43385764385993675,0.4797530407294877,1.5633344590705747,0.06767687273025536,0.4215232044509612,2.0251467421875002,0.38119834329200897
site_68322e90dd9563bf,434,0.15985162021490565,0.15211267941558415,0.04913525461765869,0.05430036750745142,0.06353282126488226,0.04913525461765873,1.170025621947474,0.6624445553425192,11.089802570633408,66.01690286636352,0.9918367013261408,1.2796619815668202,1.7518060099979564
site_68a69fed5c9dc2db,169,0.12561758701182993,0.08493965102405941,0.09254746809386884,0.09944242756834856,0.048663934521986356,0.0925474680938693,0.4893679258638247,0.38145721020687506,2.6667825101680185,14.354801023066042,0.31196902069052646,1.6712065917159762,0.40022217041406966
site_68bc9d9136a91d21,185,0.056091358327465465,0.002625197161532732,0.05602989219053709,0.042326490573122995,0.05104274147417603,0.05602989219053895,1.2059289769369113,0.2910362550404953,0.582054488618724,0.4856614748835555,0.11632286093613586,0.33143338378378384,0.48199186958192036
site_68cc6a1e0541208f,9,0.11019860618926967,0.07947766469054751,0.07633500914648952,0.08518190267427629,0.014651752225907994,0.07633500914648954,0.17200545850606613,,0.1092935952545197,0.7152989822149276,0.007396185442970858,0.06530360888888889,0.0019320645896045985
site_68df3e54f8cc23c6,117,0.057473221876685264,0.03965154658499944,0.041604399843097266,0.05615548658312375,0.061879748114669356,0.041604399843097405,1.1019359261195665,0.7556526675774964,0.3864710342477432,4.639230950444935,0.30721952510835265,0.36895232478632484,0.44800507752798635
site_68e0a7cac180b7fb,385,0.05780525884832538,-0.019742743185588295,0.0543292926700671,0.0833265780137073,0.05052507438387749,0.054329292670067496,0.6063500456668948,0.7772331273928732,1.2864574609509314,-7.600956126451493,1.259802717816133,2.6731776623376624,0.9828215094760959
site_694aad5289524593,35,0.11172479546915855,-0.07913861715282712,0.07886386496846046,0.13300396188667096,0.07349130117565221,0.07886386496846139,0.5525497145586696,0.8630254415441854,0.4368850472918858,-2.7698516003489493,0.29525153049486025,0.6191518857142857,0.18903399719716468
site_69670e737191984a,288,0.12162714293701406,-0.10605193350795242,0.059549553300135546,0.09884129238454399,0.0684543942687912,0.05954955330013565,0.6925687899999126,0.8061824641407577,4.260430626918004,-30.542956850290295,1.5709616462459994,2.813645111111111,1.3495691792756488
site_697fb58ab8720f1f,11,0.09535690064224717,0.04573757901408455,0.08367205247886401,0.08030020944159258,0.05892298173372376,0.08367205247886429,0.7337836618792654,0.3084658049228521,0.10002232350104939,0.5031133691549301,0.016054659757018093,0.07092935999999998,0.038191095540320186
site_69dbfe52882f2d4a,41,0.02262513376687063,0.015561382207201751,0.01642376515206469,0.02210281421431991,0.019456520083712465,0.01642376515206469,0.8802734301185514,0.6945227911542095,0.020987763796720373,0.6380166704952718,0.012245685417904722,0.020029910243902438,0.015520803124484166
site_6a1c5e38a054464b,129,0.05376347318184454,-0.01588382001168044,0.05136356014151918,0.07102085268098324,0.04134295611906647,0.05136356014151919,0.582124186888798,0.7007304362715403,0.3728759252661643,-2.049012781506777,0.265416611563166,0.6506710355038761,0.22049196266553417
site_6a31951f1e7ac87b,178,0.03738181566637488,0.023331036103910276,0.029207240486442146,0.05379300759112447,0.05096677359379494,0.029207240486442177,0.9474609410425334,0.845882326911615,0.24873722536763976,4.152924426496029,0.41280307336900846,0.515076404494382,0.4623749378798852
site_6a5dcbf93bf1dcc1,110,0.06300359557446197,0.04145437412261963,0.047444577365724834,0.09400310395789603,0.07013912655139977,0.04744457736572491,0.7461362827212074,0.8724842169560173,0.43663983608414003,4.55998115348816,0.6327800988135014,0.972024190909091,0.5411446780732598
site_6a951d61e5b0518b,6,0.03255927177455291,-0.0032143634359041856,0.03240021676148356,0.057964376032947074,0.08071416164297893,0.03240021676148441,1.3924787458610928,,0.006360637070935186,-0.019286180615425114,0.026474612197279934,0.020159213333333335,0.03908865533837358
site_6af774998b80a846,413,0.20584622715650963,0.1891717199727929,0.08115866926647201,0.06786904268052094,0.03495155749824406,0.08115866926647235,0.5149852733708219,-0.15996418237192164,17.499912393877146,78.12792034876347,-0.15671517749892017,1.9023634721549638,0.5045254964514139
site_6af9b829a3e0be45,70,0.16722454893820568,-0.1197160634270736,0.116756644029842,0.14303219275137086,0.05276771463355273,0.11675664402984201,0.3689219442036904,0.6366710138745261,1.9574834837310444,-8.380124439895152,0.3363684081030744,1.4320745714285716,0.19491021953536386
site_6bb6d38be9a11acb,136,0.07753625415052977,0.03532509871151518,0.06902179444724146,0.08791988948726233,0.055953821714282044,0.06902179444724159,0.6364182443881317,0.6196550719219762,0.8176144162465941,4.804213424766064,0.4145775735754794,1.0512673475735292,0.4257929023629779
site_6caf07a2afe1dffd,660,0.1355852825663867,-0.12975693918791684,0.039325635165756365,0.03945644272308343,0.03211955437471661,0.039325635165756746,0.8140509422033002,0.4110912413365945,12.133023440080569,-85.63957986402511,0.34385045125204505,1.0274951757575757,0.6808994103320489
site_6cb3e406456efe20,55,0.06041317293249466,-0.04897362274169922,0.03537422422223879,0.028467427580620118,0.033389290053592854,0.03537422422223879,1.172894528633961,0.3544967289296466,0.20073633050743278,-2.693549250793457,0.01853234306042845,0.04457169381818181,0.06131645796556251
site_6cb8ba95bd0dee4d,341,0.06510947958859487,-0.02319189209147982,0.06083897166713788,0.0826569448695578,0.0530241523105472,0.06083897166713812,0.6414966388393066,0.677914942441754,1.445582317313499,-7.908435203194618,1.0131708096790393,2.3297701524926686,0.9587422083339687
site_6ccc6476b82407ef,37,0.06360916831887709,-0.03296030370931368,0.05440353548813752,0.08007879611082781,0.046553620247675634,0.054403535488137554,0.5813476539188493,0.7537784326018391,0.14970667288611172,-1.219531237244606,0.10397200671563277,0.2372667027027027,0.0801878636520974
site_6ce971c90b49aeb0,57,0.09580483907425859,-0.07877342863375682,0.054528104050361126,0.0547489648069256,0.03746964201999782,0.05452810405036173,0.6843899633926597,0.3480774844802294,0.5231783298325414,-4.490085432124139,0.040701109042476154,0.17085460140350875,0.08002652216708683
site_6d0e46f32994dd93,485,0.0408586915756813,0.004662019293332837,0.04059184959305553,0.04810719996959778,0.05303805108322067,0.04059184959305563,1.1024971546200784,0.6818778672580272,0.8096748484791751,2.261079357266426,0.8438125298222161,1.1224368041237112,1.3643219084125677
site_6d48a42f8098677d,204,0.06479566630691988,0.057375010211824194,0.030109576140337508,0.059571649550932755,0.06558050160271148,0.030109576140337536,1.1008676458865094,0.888592461848138,0.8564895879201735,11.704502083212136,0.7081856986238237,0.7239514117647059,0.8773636468545014
site_6d6ecd1531a550b1,62,0.09223186986762118,-0.06743700059046669,0.06292033670157211,0.10573485972901592,0.0558377570355771,0.06292033670157224,0.5280922221742355,0.875571768416295,0.5274165047952241,-4.181094036608934,0.3205011539632274,0.6931513548387097,0.19330701686737667
site_6d764ff710881490,548,0.035484224267412726,0.008576581642140436,0.034432142239421315,0.04997190946629732,0.0518721503628609,0.03443214223942133,1.0380261814459013,0.7720113958413624,0.6900033341793032,4.699966739892959,1.0966409681395348,1.3684610711678833,1.4745145508304534
site_6eaed325c7afd5f2,128,0.02682272586066837,0.019724488938506694,0.0181769953158187,0.016433540379043356,0.017066142557881726,0.018176995315818706,1.0384945765944076,0.41166951596678414,0.09209070369236066,2.524734584128857,0.014778323998994891,0.034567839921874996,0.03728041239116056
site_6ec0b265c8640204,38,0.026668479918228443,-0.007817156727376737,0.025497056336930002,0.027717310610505204,0.023089171329130888,0.02549705633693006,0.8330235084344656,0.5088203583993858,0.02702589720366024,-0.297051955640316,0.012373925907635374,0.02919347368421053,0.02025817364130647
site_6ed688016a61001c,62,0.04846232541239014,-0.006946857081497868,0.047961840676371444,0.04897456784950518,0.031860884648516954,0.04796184067637149,0.6505597914906128,0.3567371599367134,0.14561301303133653,-0.43070513905286784,0.03451186927255364,0.14870751435483873,0.06293719017633842
site_6f1d891d977773b1,32,0.04422452111814304,-0.003228561323136092,0.044106514937272356,0.05133711156110655,0.0551729279731571,0.044106514937272474,1.0747181969418904,0.6591833099248486,0.06258586458013055,-0.10331396234035495,0.05974666151450947,0.08433596874999999,0.0974096633961978
site_6f28bfb579cd23b2,141,0.07898307128718171,-0.016693514534852183,0.07719878316677475,0.09158899281270898,0.06382204602987514,0.07719878316677503,0.6968309626505591,0.5561765211044541,0.8796039025437998,-2.353785549414158,0.4584012254225922,1.1827846482269504,0.5743287518809697
site_6f4dcb1e04a51328,266,0.06102369193713661,-0.023330657647157974,0.05638768829620223,0.04702640402698127,0.04710514750890083,0.05598989523120155,1.0016744525453058,0.2924154914908707,0.9905550000518548,-6.205954934144021,0.17230272752925366,0.5882543917385621,0.5902260492081914
site_6fa03518f2e15749,74,0.0553479253378223,-0.015672668962059797,0.05308257988085016,0.10000801647926467,0.06305214014248328,0.05308257988085079,0.6304708598590824,0.8848645663830834,0.2266910701008852,-1.159777503192425,0.4128983716447209,0.7401186486486487,0.29419235586450404
site_70208b23c7d145de,47,0.1848332541923166,-0.17421255268061414,0.06175207157517688,0.047286902566868266,0.039976449065477274,0.06175207157517694,0.845402149336102,0.005514627738755782,1.605676597200112,-8.187989975988865,0.0004899583250442678,0.10509440425531914,0.07511147455458084
site_7062702ffcf77fca,399,0.03677154800851378,-0.013395425333489749,0.034244843744384856,0.08608693131198943,0.0927261113780131,0.03424484374438495,1.0771218112301215,0.9293060000671705,0.5395065504340311,-5.34477470806241,2.959858239109644,2.956972937343359,3.430654560783789
site_70a4655a50185729,555,0.04118138784383562,-0.012326795742049946,0.039293215845463594,0.058908875635183995,0.05285779944652384,0.03929321584546414,0.897280738710177,0.7579574123966306,0.9412282211331486,-6.84137163683772,1.309868203798007,1.925991873873874,1.5506405640925598
site_70a6cc65be0123f1,70,0.06541197121466395,0.05763366691044399,0.030936813291675986,0.06977799928110198,0.05912214973433042,0.03093681329167728,0.8472892651472527,0.8977633551319039,0.2995108184731618,4.03435668373108,0.25925589746832844,0.34082784285714285,0.2446800012446011
site_70dba7fc35b9a591,3,0.06729816384246755,-0.06083850272496541,0.028770113707665166,0.08112678691748833,0.05360436141145434,0.028770113707665166,0.6607479902534998,,0.01358712856970282,-0.18251550817489623,0.012940895512700081,0.019744666666666667,0.008620282686989444
site_70ecc850263e23bf,307,0.07735347138196334,-0.0523787215963637,0.05692125313774148,0.06720525191563823,0.05277774969281364,0.053920727982145394,0.7853218042998303,0.6194902378723726,1.8369527771959482,-16.080267530083656,0.6745698476790255,1.3865795867086295,0.8551456948296481
site_719e76f9794e1f46,104,0.11944795264547706,0.04641835546791554,0.11005975498269276,0.12703211367949516,0.05396915468239702,0.110059754982693,0.4248465456424853,0.5058973363495742,1.4838525926843975,4.827508968663216,0.36070725060043707,1.6782644222115386,0.3029176443417796
site_71caeba631cb8f76,161,0.06002918064841091,0.012746509029258116,0.058660285005159934,0.07159939162224704,0.0425544238357609,0.058660285005160344,0.5943405784824933,0.5737563217036821,0.5801639072204476,2.0521879537105567,0.2814539879585182,0.82536213378882,0.2915515170669656
site_71e9fd683ed1988c,57,0.09531835207265298,-0.08195317688950321,0.04867509670831711,0.09840002589914755,0.06212772583593263,0.04867509670831713,0.6313791614202293,0.9138294167733836,0.517878529785235,-4.671331082701683,0.31843489968561023,0.5519062105263158,0.2200116961000542
site_72da2835c7ea074f,53,0.05278830605019699,0.03823833613800553,0.03639278644245539,0.02941610428270942,0.024156533087093163,0.03639278644245552,0.821200960362797,0.0875400617481786,0.147690078549411,2.026631815314293,0.003296874988191533,0.045861281132075486,0.030927518811754817
site_72f791e7a3b14404,210,0.08944490358747376,0.0008841146163713348,0.08944053398273957,0.09892015738002866,0.054436968060644984,0.0770795818489431,0.5503121861352341,0.6320732130276449,1.6800820633322198,0.1856640694379803,0.7147685044203267,2.0548914825788236,0.6223105332434932
site_734432da6e99253a,201,0.06797222181782595,0.050346882615219885,0.04566633716186357,0.05636410211409862,0.04609048903866933,0.045666337161863586,0.8177277258026345,0.6189410545440556,0.9286648107091984,10.119723405659197,0.3231909991357086,0.6385593134328358,0.42699096914456325
site_73483f87b1a225a5,300,0.09636890956727696,-0.05631949565152328,0.07819898426926054,0.10228068846724357,0.06014719404525378,0.0781989842692607,0.5880601210903711,0.6472754501341825,2.786090019355802,-16.895848695456984,1.1945914566159992,3.1384017699999998,1.0853054854552235
site_734a8ec3d3587deb,510,0.09068323400735673,0.08419619041546887,0.03368160402289542,0.03817370726275138,0.044700948685139595,0.03368160402289554,1.1709878838191143,0.6800735541952356,4.193958954316839,42.940057111889125,0.59184385394454,0.7431882823529411,1.0190691548092565
site_73fced68c3c0a0ff,515,0.07390000962404591,0.028130681231531122,0.06833649241718558,0.06600998664793696,0.07813366500959522,0.06833649241718591,1.1836643056196885,0.5615314580809425,2.812523882553551,14.487300834238528,1.4915202754211512,2.2440189436893205,3.144007848033297
site_741bd07218da164c,66,0.027156953302487227,-0.02038021236206546,0.017948455553350156,0.022582272244902273,0.009772345447167069,0.017948455553350416,0.4327441163221775,0.641898749699525,0.04867500743644915,-1.3450940158963203,0.009349253051524812,0.033657295303030306,0.006302916545558618
site_74428aba30f813ae,171,0.049948343358636196,0.013706755766812824,0.04803084270155126,0.05189618521505716,0.08435125772933093,0.0480308427015529,1.625384551480621,0.8568100872490777,0.42661712773054905,2.343855236124993,0.641368577365695,0.4605396008187134,1.2166880303689216
site_7463527a899d9995,969,0.06452201556528642,0.014542640635226655,0.06286176974888406,0.087765574681036,0.07633727675453883,0.06286176974888409,0.8697860981594353,0.7148418849988225,4.034034687336243,14.091818775534628,4.640819018420759,7.4640094200206395,5.6467310478077835
site_74ac127e792b6d34,11,0.07352687322423372,-0.070663900861415,0.020317829637553547,0.020652008486959673,0.029227393997888856,0.02031782963755531,1.4152325192169057,0.7189575069689734,0.059468211947457904,-0.7773029094755649,0.004773624972999096,0.004691559999999998,0.009396646158986124
site_74d6733a337aa5b5,241,0.0638194462763394,0.041916679645722335,0.04812394092856962,0.06300647379505633,0.06667559716406816,0.04812394092856963,1.0582340694219223,0.7259635364043763,0.9815741352474756,10.101919794619082,0.7349942454664786,0.9567255933609959,1.071398096981608
site_754a56eb31e06ac7,75,0.08110154148503751,-0.05806628694852194,0.056619487380769995,0.11176147139729725,0.06403656717017206,0.05661948738077,0.5729753408715472,0.9351597677487509,0.49330950234369453,-4.354971521139146,0.5019578277212878,0.9367969866666668,0.3075511451204969
site_756658a5e0df9526,54,0.07968679371968768,-0.06479886929900557,0.04637986234234041,0.05108336622828042,0.027653629208284496,0.04637986234234998,0.5413431269330697,0.4329275247588098,0.34289919503949895,-3.499138942146301,0.03302483083307744,0.14091355648148152,0.04129505325302141
site_75a0a6603ab1116e,378,0.06596004927268047,0.04834907499184369,0.044867527762152346,0.09667253597122769,0.08453963568243943,0.044867527762152554,0.8744948586804494,0.8858457615839272,1.6445752218205767,18.275950346916915,2.736613057173729,3.532628941798942,2.701547100498803
site_75b87fcb8d56b55c,180,0.1263346098175133,-0.1124599958899286,0.05756025505659752,0.07387945143573038,0.0758411513098879,0.0575602550565981,1.0265527130485539,0.7046873045584615,2.872878054793798,-20.242799260187148,0.7107183552845815,0.9824712019999999,1.035338441761676
site_75f094d197034591,390,0.03947460559137164,-0.01882429057497245,0.0346971262634725,0.03546651326878781,0.030205514683618786,0.03469712626347265,0.8516629321496074,0.4510269221926799,0.6077153497717962,-7.341473324239256,0.1884394414117894,0.49057068974358975,0.35582551574790094
site_76b0c722c519421c,779,0.03235081512825891,-0.009661967130810672,0.030874287532280317,0.040418565595877066,0.03603182029802153,0.030874287532280404,0.891467071302921,0.679343833769528,0.81528211154151,-7.526672394901514,0.7707156809504756,1.2726214865211811,1.0113695256373658
site_7701ccd363543751,52,0.028136848042218474,0.010746703917017347,0.0260036646007992,0.04547414572033303,0.04229041247419975,0.026003664600799215,0.9299880581437789,0.8268297652049331,0.04116747532304647,0.5588286036849021,0.08268484493259054,0.10753069230769231,0.0930009073363734
site_772df34a4c6e4a0a,60,0.24007570336810974,-0.23348716842691103,0.055857725765339795,0.044547060602618135,0.025310168823565096,0.05585772576533989,0.5681669784981853,-0.2195312961119947,3.458180600861557,-14.009230105614662,-0.014851208203956492,0.11906643649999998,0.038436278752641995
site_783ea304b6cb08b0,11,0.10495309820173093,-0.07916456330256029,0.06890663784612554,0.03451624841952958,0.10207687327402261,0.06890663784612619,2.9573571273831334,0.9739326554846358,0.12116668104356393,-0.8708101963281631,0.03774614097706297,0.013105085454545456,0.11461656863140957
site_792ac7c0f3887a80,3,0.17794753334846125,-0.051189702645937585,0.17042575793530218,0.15293900745068276,0.02451447311249566,0.17042575793530249,0.16028921281185038,,0.09499597387440517,-0.15356910793781275,-0.0075804593637585635,0.07017102,0.001802878175949818
site_794f4adab7e8609a,986,0.06999715188379475,-0.0011882661683201535,0.06998706520033725,0.08664961290865873,0.06342350379949185,0.06998706520033761,0.7319536887758453,0.6034355066138297,4.831006854037228,-1.1716304419636714,3.2698259293416454,7.403041241379311,3.9662252625253
site_79798e714cfe0874,3,0.1426997118379784,-0.058830839832623806,0.13000823067494702,0.07258178528773977,0.10097655811587947,0.13000823067494702,1.3912107247785768,,0.06108962327592621,-0.17649251949787143,-0.0021566387981176377,0.01580434666666667,0.030588795866788754
site_7a906ff08163d278,8,0.15196852389324347,0.15040798014998435,0.02172260945405089,0.04675608082110818,0.05705889741139473,0.021722609454051207,1.220352442064291,,0.18475545803433047,1.2032638411998748,0.01987990842424333,0.01748904875,0.02604574219043254
site_7c54957b5bc14b62,396,0.037488027480743175,0.026788672719338925,0.026224401200658554,0.022025910320260998,0.0266129050302883,0.026224401200658554,1.2082544895230893,0.4313298504122553,0.5565194729411944,10.608314396858214,0.10012230780833598,0.19211572727272727,0.2804656988038531
site_7ce6c15ef40a9887,868,0.09201693233916179,-0.0607277863105596,0.06913213295515255,0.07566468504602744,0.06034362542208096,0.0691321329551526,0.7975137329306723,0.5023395781931864,7.349456546611375,-52.71171851756573,1.990864714205464,4.969425480783411,3.1606945160418007
site_7d5d2b00a197b946,177,0.15112768647663316,-0.11885373845059992,0.09334541486380526,0.09956295488153498,0.028175435921056154,0.09334541486380545,0.2829911582533956,0.3552776319344182,4.042605238700977,-21.037111705756185,0.17640445677195227,1.754562411299435,0.14051236851345283
site_7dc3504cdb8699cf,179,0.05335178381417879,-0.04076287712148448,0.03442093381844291,0.043815180527190765,0.05049462999279193,0.0344209338184442,1.1524460103834568,0.7423229311268914,0.5095078976717217,-7.296555004745722,0.29397859309359803,0.3436388379888268,0.4563976708015043
site_7de361dfa684e7f9,3,0.07582041022318207,-0.05304737130800883,0.05417297300058263,0.04027681991198192,0.09382045218143725,0.05417297300058286,2.32939076090083,,0.01724620381923484,-0.1591421139240265,0.011234682699044547,0.004866666666666669,0.026406831742588066
site_7df014884b3dac8e,148,0.17452164169854362,0.16616768958036962,0.053348874033823365,0.03602433790981813,0.060746174108816706,0.05334887403382337,1.6862537282679897,0.48935438326814507,4.507754906330916,24.592818057894704,0.15848936902167826,0.19206743243243243,0.5461344549910836
site_7e8e5e3d7101de47,48,0.04044587239864719,0.03086470037301382,0.026138838248318,0.059163375348596274,0.051852178156487246,0.02613883824831847,0.876423595695297,0.8973538773616234,0.07852169251620725,1.4815056179046633,0.13213714793374143,0.1680146391666667,0.12905512221946047
site_7f0acd7df3af84c3,388,0.09081734415692239,0.007111418283323648,0.09053848756035465,0.09903529517662706,0.0491460229245908,0.09053848756035467,0.4962475533287406,0.41359622251360584,3.200142519890151,2.7592302939295754,0.781064084880054,3.8055,0.9371486488901088
site_80ae082a98e7f1d4,133,0.07043725162154295,-0.023158490671251055,0.06652135541182347,0.08540269575418945,0.04874288219389127,0.06652135541182372,0.5707417285068567,0.6299163565726752,0.6598670533275419,-3.08007925927639,0.3487524856747989,0.9700515187969923,0.3159905190874859
site_81129771a744e168,1,0.05216017854213717,-0.05216017854213717,0.0,0.0,0.0,0.0,,,0.0027206842255476267,-0.05216017854213717,0.0,0.0,0.0
site_8126bf120df6e8fa,258,0.06879040479882316,0.059213584950150444,0.03501244278449118,0.05492842855649593,0.046328434936610964,0.03501244278449119,0.8434327388223105,0.7736689052736212,1.2208869064355756,15.277104917138814,0.5079484646935738,0.7784201240310078,0.5537515619883553
site_814a74a697656439,144,0.08973650471749542,0.08236614763322803,0.03561541805137713,0.03232151845992938,0.049183370395177055,0.03561541805137749,1.521691205694812,0.6904612247006882,1.1595802001634832,11.860725259184836,0.15805630627274514,0.150434,0.3483365649738018
site_81c3c43b60e335cf,79,0.12516777272595017,-0.10555760231561294,0.06726487881914316,0.08524339088629278,0.043124557801865394,0.06726487881914325,0.5058991360326078,0.6258833900128729,1.2376907350048343,-8.339050582933423,0.18176317048740537,0.5740484194936708,0.14691847136290792
site_81d19e24593ab11d,26,0.055944253533137665,-0.034781436264514916,0.04381793234233528,0.05531043376109283,0.03239857016828889,0.04381793234233538,0.5857587432460006,0.6107494213371725,0.08137374708787964,-0.9043173428773879,0.02845570308141983,0.07954034615384616,0.027291351072688014
site_827e793321bdd790,11,0.12702246464928638,-0.06942218031883239,0.10637324572165091,0.127330732236569,0.06642628130335952,0.10637324572165097,0.521683022916616,0.5503772163432319,0.17748177178137126,-0.7636439835071563,0.0512066434788433,0.1783442690909091,0.04853695932572355
site_82fc0f846e9a1ddb,251,0.17535526932887377,-0.16828677288812707,0.04928521636659205,0.06195967850119999,0.09096528887682336,0.04928521636659207,1.46813687671187,0.8591504260024699,7.718117090831866,-42.23997999491989,1.215423950008331,0.963589441752988,2.0769456288914245
site_83403fd7c9ad70f1,108,0.061141549378572004,-0.05379749482985999,0.029053719390872226,0.04540135475452196,0.03954879499975321,0.02905371939087223,0.8710928388279903,0.7744820130724104,0.4037352185245347,-5.810129441624879,0.15018866580788529,0.222618565462963,0.16892357608071046
site_8350ab85e51c782b,81,0.05976783478477858,-0.030187854958757945,0.05158379094104641,0.06538657500920378,0.051441917570023823,0.05158379094104652,0.7867351602799639,0.633365130200771,0.2893477200637077,-2.4452162516593936,0.17256189726806348,0.34630773950617283,0.2143479415457712
site_84025ad53bb001c3,582,0.07670256045366726,0.009779885315403497,0.07607651821269186,0.09712693086174341,0.059878432102842674,0.07607651821269354,0.6164966973791995,0.6217046960503976,3.4240705780464165,5.691893253564835,2.1043463355479473,5.490378886597938,2.086718299297139
site_841029a3fc0d0421,80,0.11315717487818788,-0.09259247148036957,0.06504752456142926,0.06869845226604454,0.062104912151713904,0.06504752456142932,0.9040219990867304,0.5092353747917864,1.0243636981130235,-7.407397718429566,0.17381268022209406,0.37755818750000003,0.30856160906976815
site_84dbfb194c437ec0,301,0.0704171989558907,0.04820959585786262,0.05132656988359002,0.06362632770447298,0.053749775361799056,0.05132656988359014,0.8447725540825203,0.6291017455677707,1.4925331545468419,14.51108835321665,0.6475911384641604,1.2185411827242527,0.8696005437846022
site_863f22c1c90857e1,146,0.1135195877244849,0.10709548133815806,0.03764644304692362,0.040772729973309975,0.06710229267401074,0.03764644304692401,1.645764036843651,0.8676857252734136,1.881457732382005,15.635940275371077,0.346595131777482,0.24271266438356165,0.6573967815878552
site_86b7f22d3a648755,251,0.08120845202503296,-0.03259954741067621,0.07437796843771113,0.10012945980962007,0.05087527819819222,0.07437796843771216,0.5080950031581446,0.6951277781263416,1.6552979827558223,-8.182486400079728,0.8888061183058528,2.516503089163346,0.6496617768676066
site_86deda94196a1d6c,8,0.03894734281513933,0.02111684391796589,0.03272574545070367,0.06693551817794496,0.08466228103211067,0.03272574545070627,1.264833429794925,,0.01213516409887988,0.16893475134372712,0.042308364032022656,0.03584290875,0.05734161463648069
site_86f357dc9d6e4680,58,0.1420709560492386,0.11328133114617446,0.08574086870620949,0.10935828825954741,0.05635644753968081,0.08574086870620956,0.5153376889543686,0.6314888406970571,1.170681080059192,6.570317206478118,0.22572984689181216,0.6936356422413793,0.18421085239898216
site_87666ca1581a674d,87,0.1778811617287146,-0.16531368215467737,0.06567415161552853,0.06475606432062356,0.059865149050036905,0.06567415161552859,0.9244717028142646,0.4467912152712961,2.7528285697222694,-14.38229034745693,0.15068790397972895,0.36482126436781603,0.3117937381581327
site_87ec218e6b6d4b81,397,0.09084583364747327,-0.05079244591051745,0.07531993713175511,0.03664557177826156,0.0880845718962273,0.07531993713175633,2.403689385151844,0.5311017557124493,3.276427299968441,-20.164601026475427,0.6805963163017776,0.5331304785894209,3.08028004703823
site_88607d4559554ef6,42,0.043544811791892686,-0.03481766108317035,0.02615112063925448,0.035382426425744774,0.013613317759359918,0.026151120639254625,0.3847479987820922,0.7820229064048386,0.07963832662763695,-1.4623417654931548,0.015820505599535645,0.05258047619047618,0.007783541657526774
site_88b325bed90e5cd8,187,0.05144352192729924,0.01327955683284902,0.04969999314494571,0.09319952033418968,0.06525437979869225,0.04969999314494597,0.7001578931383629,0.8611272460143354,0.4948835223292049,2.4832771277427668,0.9793372656763557,1.6243101604278074,0.7962710735045393
site_88edadfb8f5755a7,34,0.06265100485161575,0.01145284130555742,0.06159529880556549,0.039224853095276485,0.06751998826770902,0.0615952988055655,1.7213573267872833,0.43488587166662973,0.13345504590318413,0.3893966043889523,0.039160470378201674,0.052312029411764716,0.15500425973283316
site_8905c26daaab430e,211,0.0651378633022279,-0.03408043535498646,0.05551094632227338,0.06516121103503932,0.07274103684655006,0.0555109463222738,1.1163242010255892,0.6810043253568846,0.8952606007073225,-7.1909718599021435,0.6810844422160556,0.8959025023696682,1.1164555311588535
site_8922fa4ef2bfa4f1,176,0.07674017890882794,0.022745232849635862,0.07329194663518473,0.06597570693034428,0.05783144557126473,0.07329194663518525,0.8765566639903066,0.30475410012784904,1.03647369037677,4.0031609815359115,0.20464932930164717,0.7660917272727273,0.5886277930477393
site_899e1b3be68444b6,2,0.14597272626494395,0.14462520160675046,0.01978857936859131,0.025599999999999998,0.04538857936859131,0.01978857936859131,1.7729913815855982,,0.042616073626440515,0.28925040321350093,0.0023238952636718746,0.0013107199999999996,0.004120246274197825
site_89b67bc04797f8a3,780,0.055320726051659136,0.0402441551265044,0.0379577489985453,0.03002518173902597,0.04265751450722641,0.03795774899854546,1.4207246063653716,0.49983789335696466,2.3870985300885197,31.390440998673434,0.4993499056100845,0.703179,1.4193375642687007
site_8a227a0556c22f70,136,0.05257897468466503,0.026346732536221253,0.045501629240670784,0.06560314944766311,0.07262995387180478,0.045501629240671596,1.1071107787248462,0.7879195439411253,0.3759786067291278,3.5831556249260905,0.5105769904255812,0.5853131575735293,0.7174149871211866
site_8adbe57839dd7587,31,0.05198660128395403,-0.047739593758698434,0.020580036462826114,0.012507229959055654,0.01763440780941941,0.020580036462826117,1.4099371217406544,0.09944168889770569,0.08378080810476113,-1.4799274065196515,0.0006799112080085651,0.004849354838709678,0.009640142502456282
site_8b5408c589cc3993,120,0.10516820815143717,-0.06367355503718058,0.08370203339651405,0.08819829703571379,0.051722598685221645,0.08370203339651415,0.5864353442592868,0.37793221027900614,1.327242240694082,-7.64082660446167,0.20688818520247937,0.933472752,0.32102726577029905
site_8b64753d75204fe6,178,0.12418223876446668,-0.03330816039744387,0.11963191411781875,0.11118993593674281,0.05835963351435823,0.11963191411781936,0.5248643505610048,0.11228640187859938,2.7449786595707923,-5.92885255074501,0.12969558838279394,2.2006499299438205,0.6062407346595764
site_8b8c1728607fc339,11,0.09406766921669792,0.08181117088577965,0.04642907182100305,0.07558856116180805,0.10959846555896295,0.04642907182100307,1.4499345386976195,0.9397067813796199,0.09733599031048308,0.8999228797435761,0.08563387536677447,0.06284993636363635,0.13213006018167106
site_8bf3ec991527937e,292,0.037486975167130156,-0.004526920887011371,0.0372126362202918,0.04562141821773009,0.06704439350831551,0.037211164246742805,1.4695815283151301,0.8486711862646141,0.4103398056968616,-1.3218608990073204,0.7579726884485362,0.6077436296575343,1.3125256046621747
site_8c584caec5491a2c,154,0.05030029498037477,0.024546742652143745,0.043904180897519796,0.08113238142631385,0.05985980808132904,0.04390418089751993,0.7378041545063606,0.8481381825347863,0.38963842996735815,3.780198368430137,0.6343323786150326,1.0136993506493508,0.551812280024166
site_8cafedb38b43a4db,149,0.07809675972209788,-0.03469031113746183,0.06996918030302474,0.10546118493910432,0.05028820228604573,0.06996918030302524,0.4768408615462009,0.8254318424949704,0.9087664779845726,-5.168856359481812,0.6522682576105499,1.6571871677852348,0.37680659008517603
site_8cc96a31a772bfea,373,0.08124158167955402,-0.05996895824240935,0.054808016212191175,0.09165065045932753,0.061662472713340494,0.054808016212191384,0.6727990734850801,0.813796076942311,2.461872583485776,-22.36842142441869,1.7154612469251491,3.1331409651474527,1.4182431818390508
site_8ce1daba0ed42d33,7,0.06013945405030483,0.055329147461482465,0.02356776134159236,0.08287262170687873,0.0740149106599923,0.0235677613415939,0.8931165581050851,,0.02531727753428108,0.38730403223037724,0.0412672366887331,0.0480751,0.038347449000046496
site_8cee030029879195,657,0.13182143521629333,0.12314221964824146,0.04704130655697902,0.06407762573347169,0.06415311284797416,0.047041306556979495,1.00117805729595,0.7308443556560315,11.416617244091608,80.90443830889464,1.9738512108671948,2.6976039726027397,2.703963580471784
site_8e38800fbe0e21e5,171,0.04695577725127545,-0.013627779859269568,0.044934715236425865,0.041607609617375106,0.07701441967657323,0.04493471523642691,1.850969579478376,0.8805564534680923,0.37702849795340887,-2.330350355935096,0.4825009002304652,0.2960340334502924,1.014238763318409
site_8e3ea373de88dc00,149,0.06113204185815271,-0.045919623289732335,0.04035486016176995,0.055335226554785746,0.04785420100711461,0.0403548601617703,0.8648053687778002,0.7030711283156053,0.5568318547202933,-6.8420238701701175,0.27740053493509553,0.4562361073825504,0.34121365855037006
site_8e6ad22dcccafcc7,320,0.0713711363187118,0.028500433535315096,0.06543366402489799,0.07619476867500484,0.0456421586586343,0.06543366402489799,0.5990195843144135,0.5186317890985893,1.6300285118157256,9.12013873130083,0.5771656052374746,1.8578056875,0.6666261270463827
site_8e827922ba5b5da3,25,0.02997904847084113,-0.02220708441781998,0.020139234068773795,0.011159222912013187,0.024867884525260023,0.020139234068773795,2.2284602361056085,0.6078262516632641,0.02246858368042605,-0.5551771104454994,0.004216889848560097,0.0031132064000000017,0.015460292019041671
site_8ea1310ade5fc61a,6,0.030109290822181813,-0.0213923236032327,0.021188154347873127,0.08628036502524135,0.08494747716948534,0.021188154347873456,0.9845516664728289,,0.005439416362888331,-0.1283539416193962,0.04263431214503943,0.044665808333333334,0.0432964432647614
site_8eb987af49bead43,440,0.045041110934043706,0.0023904819268394596,0.044977630777201745,0.06812741162612912,0.059183203709599036,0.044977630777201766,0.8687135221632334,0.7590539251832318,0.8926287366360459,1.0518120478093622,1.3466218800930814,2.0421914545454545,1.5411667045860349
site_8fa7ffd1566cb92a,51,0.05537311586741196,-0.011738539924341089,0.05411458806376041,0.06789407466676178,0.03513001044368796,0.054114588063760474,0.5174238048918605,0.6111505741384134,0.15637528000415735,-0.5986655361413955,0.07434102636663353,0.23508987411764704,0.06293999932245486
site_8fd20385af85644b,310,0.0897545408893341,0.0793703262611743,0.04190738502280826,0.04176149128091864,0.04695243304287669,0.04190738502280922,1.1242997221301305,0.5590371665301084,2.497322059179096,24.60480114096403,0.3398102514963237,0.5406468677419355,0.6834046002802039
site_901a320e9c405a2e,98,0.048245545372772904,-0.012261179146109797,0.04666150591508263,0.045669371385158516,0.055941653354353776,0.046661505915082814,1.2249271592236874,0.5945357713078185,0.22810799953499628,-1.2015955563187601,0.14885533249507452,0.20439776530612244,0.3066879208418308
site_90c4f5b431597729,821,0.08029408964890355,-0.043179745112045524,0.06769527638325247,0.11173785338653891,0.06844144030817007,0.06769527638325248,0.6125179447595798,0.82294402139573,5.293102623520398,-35.45057073698938,5.166934020469389,10.250470609013398,3.8457534469460377
site_912580bb93bae080,334,0.05512889194175354,0.044434559570725805,0.032630731565215614,0.04433524401755523,0.051518365267066824,0.03263073156521584,1.1620183086545621,0.7782109812054975,1.0150910387263299,14.841142896622419,0.5936835269607871,0.6565150299401197,0.8864834145701663
site_912957a44bff743f,166,0.05018828569378343,0.021015600474376277,0.04557640351741482,0.042314771496204724,0.044998866625129266,0.045576403517414835,1.0634316347227655,0.4564397951645433,0.4181314274662173,3.488589678746462,0.1442730341194175,0.29722962120481927,0.3361330675926647
site_916f2628195f7cd3,128,0.021925191003766418,0.008445888567343355,0.020233165023289326,0.0258360213537156,0.019757288287123198,0.02023316502328963,0.7647186854597413,0.6351942659025023,0.0615313920706099,1.0810737366199494,0.04150204627139028,0.085439999921875,0.049964856378943434
site_917287f92c952f20,38,0.04278483216282137,-0.022824107118656754,0.03618842352793053,0.07256406401536915,0.06265248546065487,0.03618842352793053,0.8634092689100903,0.8667754487605519,0.06956059080163016,-0.8673160705089566,0.14974423114435845,0.2000906486842105,0.14916268950710765
site_91e14ae535f79ace,96,0.06643027361839868,-0.0412849499968191,0.052043579400109126,0.07714961114613605,0.041419172329159315,0.05204357940010915,0.5368681930321529,0.775953375108908,0.4236462002894703,-3.9633551996946337,0.23803565662354229,0.5713980000000001,0.16469259229752928
site_91ea89ee8d5d5b53,178,0.12503546358219386,-0.1136840743030725,0.05205572401828278,0.06795773599882206,0.05940304602068322,0.052055724018284094,0.8741174959347215,0.673435314723008,2.782828353272115,-20.235765225946903,0.48390878464423875,0.822049191011236,0.6281124940233027
site_91ee6299c921b981,293,0.0877393062023385,-0.05794845760499252,0.06587990675517158,0.0884706502014643,0.041823965213721614,0.06587990675517166,0.47274395653790935,0.7075492194821277,2.2555684548902404,-16.97889807826281,0.7670942022325566,2.2933273924914674,0.5125285113961886
site_92ac3b6c2c87c639,732,0.07350159875709462,0.05317132375784259,0.050747367908962705,0.040459181415225275,0.04544751279139865,0.0507473679089638,1.1232929387517516,0.30648937657415753,3.9546190345294194,38.92140899074077,0.41252827338978165,1.1982440040983606,1.51192873865262
site_92b0fa719fa97ab5,94,0.09676954246492814,0.08118330152618124,0.05266512985060104,0.04882004723699809,0.0570279714944762,0.05266512985060113,1.168126102329081,0.5139833607916287,0.8802483687939239,7.631230343461037,0.13451262021239133,0.22403931914893616,0.30570581608083025
site_92d25300e45f668d,35,0.031914958022359344,0.0021495472592966878,0.03184248721675191,0.04039826223783313,0.02725613660080887,0.03184248721675224,0.6746858674352431,0.6180055841214366,0.035649759094913566,0.07523415407538407,0.023817020186569008,0.05712068571428571,0.026001394384068358
site_92f4bc71b766e85f,213,0.11211165164812228,0.10359007779169531,0.04287328093790394,0.07759476760749293,0.06196377654392098,0.04287328093790603,0.7985561198837517,0.8342586477663891,2.6772017787124933,22.0646865696311,0.8543791402707428,1.2824619154929577,0.8178155455635991
site_9325c992d0f1e0e4,864,0.0826712992719457,-0.05423638410774854,0.062393576289778215,0.0828518450934098,0.07792703568137305,0.06239357628977822,0.9405588444471651,0.7003976364441691,5.905045776941231,-46.86023586909474,3.9070480737196744,5.930865995370371,5.246746177034294
site_93742f2df91eb28f,113,0.09530778439069171,-0.05639116123798674,0.07683495753687873,0.10567964792962681,0.05096991412393306,0.07683495753687943,0.48230586610086423,0.7298370798027145,1.0264438354972714,-6.372201219892501,0.4442317829439862,1.262005242477876,0.29356633247552555
site_93e093b0ecc1d78c,41,0.07539671597947499,-0.03666767670817492,0.06587978646986029,0.06770100712145112,0.05235182552395649,0.06587978646986413,0.773279863179004,0.4209601173887315,0.2330712560000744,-1.5033747450351718,0.0611718715805106,0.18792048097560976,0.11236925906332207
site_94398cd24f99ecb3,80,0.09012555425754284,0.08481394441127776,0.030482952016331756,0.051530208070121354,0.054906432930156436,0.030482952016333064,1.06551933295982,0.8378046651416959,0.6498092424183439,6.785115552902221,0.18963473428934813,0.2124289875,0.24117731016910138
site_947d9a648844f933,171,0.04818455975274131,0.0039550814407262195,0.0480219650718577,0.07570941371040533,0.06373151696344043,0.0480219650718577,0.8417911834216371,0.7758958391934644,0.3970195575547001,0.6763189263641836,0.6401823144298461,0.9801575204678362,0.6945517695128812
site_948f865f7f081052,88,0.0721330155025399,0.024683018676394764,0.06777846645145054,0.04972253109145285,0.07724238712144656,0.0677784664514506,1.553468526760583,0.5005349246932178,0.45787912944309006,2.1721056435227393,0.16917102188137784,0.21756504863636364,0.5250420004033083
site_952481bd3cb76606,468,0.10330031119782201,0.09417400194161978,0.042452463436962844,0.04006566950554013,0.05177956032206081,0.042452463436962934,1.2923672800451003,0.5987153530033861,4.994006609389296,44.07343290867806,0.5812955666403039,0.7512606845299146,1.2547655018242971
site_9563943b41248204,316,0.08170826717919855,-0.045166704306119604,0.06808971836886134,0.09019840954496701,0.04615066632318617,0.06808971836886135,0.5116572072169242,0.6761722863030284,2.109692132435025,-14.272678560733794,0.8894495195564402,2.570897974683544,0.6730433446554063
site_956a5215e9d24ea6,175,0.08918199931395525,0.0720681023311615,0.05253206285707378,0.01670143486442444,0.05443712520122291,0.05253206285707381,3.259428045741081,0.2654710327294246,1.3918500752860052,12.611917907953263,0.04223807863490922,0.048814137142857136,0.5185951050303832
site_9573cc360aa7a95d,83,0.17313425813286987,-0.15129377059620547,0.08417640000618924,0.11377192578114367,0.05358253686601572,0.08417640000618926,0.4709644888062216,0.7159779563429159,2.487964121155195,-12.557382959485054,0.3622731309502599,1.0743562409638554,0.23830032533082846
site_95a6e0674f2876c2,37,0.05063440238073201,0.016127420285666307,0.04799738554737496,0.0332113668309311,0.06467083378958427,0.04799738554737495,1.9472499918116493,0.6940946998356713,0.09486218006479354,0.5967145505696534,0.055158908293053914,0.0408108108108108,0.15474571949248125
site_95aa1a90ae6a3184,54,0.08798970852201544,0.02511494067863182,0.08432928649347177,0.1165631007102502,0.06473943174171663,0.08432928649347299,0.5554024502371843,0.7067584383807162,0.41807819551261877,1.3562067966461182,0.28800149154111193,0.7336956481481481,0.22632447720098092
site_95c50f37760ba8b9,9,0.052069353212812634,0.011279701266023854,0.05083292125532333,0.09212163188810973,0.0783534425272892,0.05083292125532484,0.8505433623066592,,0.024400957896005774,0.10151731139421469,0.054187520104149976,0.07637755555555556,0.055253357602894904
site_960e43f47225dd5e,138,0.11211165789825613,0.0998949227069599,0.05089232018749118,0.06162213300253731,0.045767397254123605,0.050892320187491215,0.7427103708376845,0.5853865998836494,1.734525289463995,13.785499333560466,0.22783204344617936,0.5240256440579709,0.289062341895513
site_96144cbf74954033,5,0.07835259517828884,-0.04465516240835189,0.06438202887030299,0.06162381357884304,0.004669807959087875,0.06438202887030299,0.07577927570342927,,0.03069564585586406,-0.22327581204175947,-0.0008143603377044201,0.018987472000000002,0.00010903553187380233
site_96a5abc509a3a15b,35,0.030589070690854054,0.000854488572563444,0.030577133531602095,0.022232226287852635,0.01360382816603788,0.0305771335316021,0.6118968019622404,-0.42259986532108806,0.03274919360055233,0.02990710003972054,-0.0044734386991709466,0.017299516,0.006477244926987993
site_96e92296d2491d86,411,0.07061612794299109,-0.052318797489239344,0.04742763914576446,0.06056773353189755,0.05372174973836135,0.04742763914576512,0.886969787470571,0.661547985202157,2.0495080230466245,-21.50302576807737,0.8846971838588389,1.5077330918734793,1.1861568483249134
site_96ea37eab36e72c1,208,0.10560229915249346,0.045793591940746864,0.09515667356237861,0.09320942947555405,0.042196321914627646,0.09515667356237899,0.45270443293180374,0.17972293701121578,2.3195838819488857,9.525067123675347,0.14702841949369758,1.807103530576923,0.3703501532895601
site_971bf07b5c1c6549,83,0.06635423665223862,-0.03720558309555054,0.05494205409539556,0.038328808352425206,0.03666439227882968,0.05494205409539556,0.9565753242758925,-0.07302844136353574,0.36543943190120687,-3.088063396930695,-0.008518045039133863,0.12193509662650603,0.11157504587760014
site_97832a03d9613f37,33,0.0496042551805723,-0.027072921164108046,0.04156487786173952,0.02205277916432583,0.05017087787391524,0.04156487786173952,2.275036515809095,0.5765521409294516,0.081199210356638,-0.8934063984155656,0.021050749233500525,0.01604872727272727,0.08306486055909748
site_978ff47db3a1c5a1,160,0.09877868549942787,0.024645756192952395,0.0956546674798069,0.09184001834863305,0.048799603267611506,0.07811532955982557,0.531354459037277,0.5259082660680375,1.5611565934391811,3.943320990872383,0.37711884296907017,1.349534235244361,0.38102420465220477
site_97ad06a1706d85fa,20,0.15606907518117527,-0.09406709596514702,0.12453488541204495,0.13773162309360912,0.052727838715816266,0.12453488541204501,0.38283030092500875,0.42970513406762917,0.4871511245581468,-1.8813419193029404,0.06241287291049957,0.37940000000000007,0.05560449951282265
site_98378de2aa945723,63,0.06752514359927428,0.027815304960523337,0.06153010505480791,0.07102104202402895,0.03856503170496014,0.061530105054808354,0.5430085310760748,0.5011624097890608,0.28725763614046457,1.7523642125129701,0.08647683195462301,0.3177712698412698,0.0936974852354886
site_9898264bce191dea,842,0.06533185210441311,0.04888348821288333,0.04334345947814738,0.03291723712311613,0.05187007541301159,0.04334345947814738,1.5757724507378486,0.5550462741436537,3.593867257288828,41.15989707524776,0.7979607660712449,0.9123444688479809,2.2654049770619715
site_98b84b664f32321c,921,0.06896952602940157,0.03398038252550668,0.060017740078584604,0.07331291176989707,0.05525777879140676,0.060017740078584826,0.7537250595753324,0.5956487999569225,4.381008674583397,31.295932305991652,2.222408009512587,4.950175172638437,2.8122017697201995
site_99359b775dbc987c,101,0.032889405841069266,-0.00020306081878076744,0.03288877898132488,0.07322723950169584,0.08074186427641375,0.03288877898132501,1.1026206207670015,0.9133021959644266,0.10925301467443466,-0.02050914269685751,0.5453901761838483,0.541585089108911,0.6584441133299128
site_9963ae44b09a6e46,127,0.08134102789905186,0.06807464927622653,0.0445219602622468,0.027516644532563424,0.05203921737883658,0.04452196026224705,1.891190523512158,0.5178415694711297,0.8402780780986402,8.645480458080769,0.09417309880989978,0.09616004724409448,0.3439261784660295
site_9978a236cbbfb40f,39,0.03409632239981805,-0.0109121026243919,0.032303021801482805,0.028855235037790413,0.024343015756160043,0.032303021801482805,0.8436256271792305,0.27171771705572595,0.04533980884650103,-0.42557200235128406,0.007443574859832342,0.03247235897435897,0.023110714228081586
site_99e4e71469e203aa,104,0.09633150978286681,-0.06326375996928948,0.07264610417355283,0.08945387484020753,0.044940767541538564,0.07264610417355397,0.5023903952938513,0.5900576376979477,0.9650950168128427,-6.579431036806107,0.24669901669687375,0.8322075552884616,0.21004594907115104
site_9a39d33121ec563e,282,0.07616743660705422,0.06531045150238993,0.0391921334433786,0.06992849898340395,0.07544224706159719,0.03919213344337862,1.0788483688102875,0.8573022558631201,1.6360169085996739,18.41754732367396,1.2754161045983274,1.3789785815602835,1.6050122049602658
site_9a5b564ee1a1517d,676,0.08918075503975599,0.07736661990353695,0.04435778617292127,0.022137521158280847,0.054237844655012475,0.044357786172921604,2.450041459801115,0.6097321929188096,5.376367978955612,52.299835054790975,0.4948997492918833,0.3312872138905325,1.9886188039471755
site_9a64702d11a0ca56,5,0.06846181400319326,0.06303953600525855,0.026702750361143276,0.08368385746367096,0.10527687874938302,0.026702750361145035,1.2580309027351668,,0.02343509988303914,0.3151976800262928,0.043432930805906655,0.035014939999999994,0.05541610599606146
site_9a99fb7f0cd8cd33,110,0.043118755952116124,0.016067880126996472,0.04001312713451201,0.05151657019793416,0.05856944767490217,0.04001312713451206,1.136905027836089,0.7429309693090671,0.20451498263439644,1.767466813969612,0.24658077745505355,0.29193527054545454,0.37734182210374134
site_9aa6317ba764d9b9,127,0.1022905182060737,-0.07112972771370504,0.07351130491455908,0.08380242567905238,0.047288152514979385,0.0735113049145591,0.5642814289897069,0.4864040279491106,1.3288454645881211,-9.03347541964054,0.24479910195096743,0.8919015118110234,0.2839935097715538
site_9b62f4534e47f978,173,0.03659422319262316,0.008552172843086927,0.03558085876891515,0.02586992559360872,0.03983172479342864,0.035580858768916604,1.5396922828131072,0.4802891148093175,0.23167073059537283,1.4795259018540383,0.08561958911715647,0.11578077768786128,0.2744759699033627
site_9bb3648a2ef66eb2,76,0.0931504831228157,-0.07243551834319766,0.05856712549174876,0.08224655942588797,0.04661323880932697,0.058567125491752164,0.5667500152554097,0.7182447236687514,0.6594529504570619,-5.505099394083022,0.2092729304903432,0.5141017368421053,0.1651323464544463
site_9c2d82de18c716a5,41,0.04660817526662968,0.005228627132206428,0.04631396614410415,0.030425028051675986,0.046184343565479825,0.04631396614410426,1.5179720947845017,0.32512044749051167,0.0890652020690797,0.21437371242046352,0.01873069548170741,0.0379529756097561,0.08745273721354538
site_9c3923563de1bc2a,115,0.07951348441650899,-0.032711831057589985,0.07247296263375817,0.09790331483060424,0.05581502702289017,0.07247296263375824,0.5701035467436756,0.681496795066869,0.727075333466258,-3.7618605716228486,0.42826264404965486,1.1022817913043477,0.3582614827800854
site_9c3f2a2a90bf94af,109,0.10672662062661466,0.03070760988336091,0.10221357172914294,0.11898262064189698,0.04975252844111422,0.10221357172914303,0.41814954295598206,0.5223726079603814,1.2415722989911289,3.347129477286339,0.33705873012304854,1.543098177614679,0.26980923540494284
site_9c51efef96062ac3,183,0.05873481661757689,0.01580287778113709,0.056568964432229356,0.04056002971683276,0.07789119229251662,0.05656896443222937,1.920392880289018,0.7141060170353043,0.6313094990073707,2.8919266339480876,0.4128577091057474,0.3010562299453552,1.1102679241252136
site_9c5e0ec7dff35c9c,35,0.08509907598201785,-0.058749327147006994,0.061565975122361165,0.0971756835293056,0.05125836787911216,0.06156597512236147,0.5274814235153179,0.8311637408097245,0.2534648456547636,-2.0562264501452447,0.1449028779493911,0.33050897142857144,0.09195970971706388
site_9ca12fe149def76c,9,0.12016663910242972,-0.08955165367788738,0.0801281628188823,0.1385913345945242,0.06189662253134426,0.08012816281888234,0.4466125007918772,,0.12996019037856232,-0.8059648831009865,0.0747820234293739,0.17286802222222222,0.03448072692708942
site_9cfda7361157a69e,189,0.10143103107688112,-0.06447897549091823,0.07829888750781065,0.059035941175169866,0.039777838891878796,0.07829888750781103,0.6737902047474954,-0.22637374614299902,1.9444800183453332,-12.186526367783546,-0.10047211343956687,0.658710804232804,0.2990502522456622
site_9d73848123a6a95b,64,0.0664635090821363,-0.05131062114611268,0.04224474165042686,0.09160607831352881,0.0591154705835212,0.04224474165042692,0.6453225776262791,0.9326931377059251,0.28271347452871776,-3.2838797533512114,0.32325421597389503,0.5370671093749999,0.22365688718791427
site_9dbd78e6c2f64c18,70,0.10680361883114799,0.03125829309088842,0.10212703906641604,0.08824986956109918,0.04433366709009774,0.10212703906641682,0.5023652421310791,-0.08644458890786293,0.7984909096800406,2.1880805163621897,-0.023674650764337613,0.5451627634285714,0.1375831826358931
site_9e0c7cff2a642903,104,0.09226545516504606,-0.06032540438152276,0.06981231841887847,0.10147441161700693,0.0590475862975147,0.06981231841887964,0.5818963160917547,0.7435065831547404,0.885343078548565,-6.273842055678367,0.4633155205931801,1.0708938461538462,0.3626082145464944
site_9eb9cb71933abd8d,145,0.04998742928342765,-0.010814569516428583,0.048803567211219444,0.08314258629109642,0.06109376228167569,0.04880356721122132,0.7348070947393431,0.8134028945225077,0.3623177475230236,-1.5681125798821447,0.5990928222462535,1.0023399999999998,0.5412049295108354
site_9f1083ed35aa92f7,172,0.08414283218437311,0.005402832828288854,0.08396919438363773,0.09758096650647338,0.04323186798766,0.08396919438363779,0.4430358658600913,0.514413093370112,1.217762787777303,0.929287246465683,0.3732583892598401,1.6377917441860466,0.3214670384688234
site_9f57a1eb8c53e14d,1084,0.06650496593094628,-0.0394797298285794,0.05351879507368138,0.09429068800350454,0.061312039500420246,0.053518795073681805,0.6502449053944906,0.846339498135246,4.794434974928336,-42.796027134180065,5.303816124309225,9.637555487084871,4.074936147467984
site_9f76ab7d5518980d,176,0.09828944318207407,0.08334177996201271,0.05210530063060401,0.0101610418606664,0.05543041806086477,0.05210530063060405,5.455190404778968,0.40908244515897907,1.700303376823421,14.668153273314237,0.040551778457593175,0.01817143181818182,0.5407654993667947
site_9ff0a0ccad22ddc6,126,0.04804670621734319,0.022771803345472092,0.0423075755714131,0.03366192538252311,0.05444719015019338,0.04230757557141338,1.6174710605966032,0.6295543007566295,0.29086923327029623,2.8692472215294837,0.14538451945367786,0.14277377777777778,0.37352656092166564
site_a08eaaa4540846cf,142,0.14618076760168283,0.07888404296367942,0.12306959243583114,0.15446513454537567,0.08594885661620127,0.12306959243583131,0.5564288463488369,0.6063737505085769,3.034371987959643,11.201534100842476,1.1431397004616513,3.3880458461971834,1.0489832454157901
site_a0a221a9f908364b,38,0.10353816072498667,-0.09852517251042944,0.03182673574376261,0.04444991586916249,0.036539776542007275,0.031826735743762706,0.8220437728062621,0.7074323792399169,0.40736572759990064,-3.743956555396319,0.043662174465830796,0.0750802107894737,0.05073590025011336
site_a0d01f20e2427c2c,13,0.10547464960681166,0.08852458797418154,0.05734369218738087,0.051998571896639055,0.033202920885090234,0.05734369218738116,0.638535245758092,0.1500101535398493,0.14462372222583603,1.15081964366436,0.0033669116059174913,0.03515006923076923,0.014331641418920293
site_a1da79e1324e0f0b,139,0.13923986815023562,-0.05482870645917577,0.12799044429373835,0.13415239849301042,0.05193127106371651,0.1279904442937387,0.38710654186642984,0.3094841371477381,2.694895982666805,-7.621190197825432,0.2996957528122359,2.5015643769784175,0.37486311108675485
site_a2c2e8340755d8a7,83,0.1445531280588557,-0.127055164907352,0.06893904482922229,0.07214866669569184,0.05508165538867932,0.0689390448292236,0.7634466153200357,0.4386974465640379,1.7343353670227948,-10.545578687310217,0.14470331902083858,0.43205069879518077,0.2518210671096497
site_a2dd98acaefee6f4,468,0.06912570388040423,-0.03707197464410311,0.05834407967350508,0.11316568063045708,0.08133631588376349,0.05834407967350512,0.718736594262774,0.8701217618784364,2.2362738544979033,-17.349684133440256,3.748220405549018,5.993428555555556,3.096099059762291
site_a30a3623711ec917,255,0.06071653226555624,0.025063134706721585,0.0553022293314389,0.08265392840056748,0.04947363815275288,0.05530222933143896,0.5985636630964198,0.7606610787302056,0.9400568090403547,6.391099350214004,0.7931744633437956,1.7420763294117647,0.6241484223777289
site_a3440058322ffd4e,564,0.061207645324495304,0.019405058622360225,0.05805014682179516,0.08660177681475399,0.07806101370199905,0.05805014682179562,0.9013788928254428,0.7561563307981883,2.1129559772394355,10.944453063011167,2.8830467573780014,4.229925409574468,3.436746329143598
site_a3ad14b1dd64a3e4,55,0.05924158538772632,-0.010405364174409343,0.05832061244233626,0.03915664055014876,0.04031385512067651,0.05832061244233628,1.0295534692013653,-0.07691984161051602,0.1930260991588198,-0.5722950295925139,-0.006678221599080339,0.08432833745454547,0.08938638030799928
site_a3eb3ebe590ad832,109,0.0550512750191205,-0.01886075027021793,0.051719580242644225,0.08305922673122955,0.06007175525101184,0.0517195802426443,0.7232400013233615,0.7848997584220604,0.33034007405416166,-2.0558217794537543,0.42687320892903097,0.7519730308256879,0.3933391199041841
site_a3fe6dc1994cbcf1,17,0.09102958712344782,0.0733714723110199,0.05387961379574484,0.010772674646119317,0.06265600314659565,0.05387961379574509,5.816197481575893,0.8435988632833908,0.14086855744171142,1.2473150292873383,0.009679905965748959,0.0019728588235294136,0.06673817041520547
site_a408c1f09c2d83d9,411,0.08269012892561477,0.06661201980760786,0.048994859310805716,0.06415030831891186,0.0918832243888685,0.048994859310806695,1.4323115008596277,0.8616144990507771,2.810277200332999,27.377540140926833,2.0873236586085886,1.691372705596107,3.4698785658031106
site_a4122f0bf308f22f,156,0.07485191615010064,-0.009120443810331516,0.07429419126717972,0.08344417791794924,0.06107423050802095,0.07429419126717984,0.7319172173770508,0.5075620366551498,0.8740382588093047,-1.4227892344117166,0.40352251715138554,1.0862172092307691,0.5818896146149128
site_a42d63e8b2f931d6,6,0.08138202934829425,0.07399437445402146,0.03388018963944392,0.05116530942825313,0.03338447469372431,0.033880189639446195,0.6524826111046567,,0.039738208205079756,0.44396624672412877,0.007753634368379911,0.015707333333333334,0.006687138903455514
site_a44b748575c17771,8,0.04930418531131681,-0.030157585257291793,0.0390054193755412,0.08129236972188718,0.08019972544208291,0.039005419375541375,0.9865590794862746,,0.019447221513701346,-0.24126068205833434,0.046076090381294496,0.05286759499999999,0.05145596768788385
site_a4e51d06a4c9f574,191,0.12244454612067857,-0.10389187969836888,0.06480080406475391,0.10123671820061593,0.06485056429361023,0.06480080406475393,0.6405834310541261,0.7810297874966642,2.8635993730675056,-19.843349022388455,0.9793834987071328,1.9575347643979057,0.803268776637138
site_a507f74864d36b32,315,0.05995870625088818,0.051182639306121394,0.03123113652974822,0.035634029896598925,0.03506746322322036,0.031231136529749046,0.9841004041635875,0.6098484447052606,1.1324396334132936,16.12253138142824,0.24005003000639735,0.3999819873015873,0.38736399772725233
site_a55a51839f39337a,11,0.10468849864449757,-0.0693341211795807,0.07843762737802687,0.07161541571892913,0.026897308710883108,0.07843762737802698,0.37557987258564096,-0.07793031601493423,0.12055649923282868,-0.7626753329753876,-0.0016512562231584017,0.05641644545454545,0.007958117374774032
site_a5c2bfa9bb36639b,60,0.04254112468255439,-0.016079626223941646,0.03938518642529151,0.03696011495142057,0.033725943004901254,0.03938518642529165,0.9124956199197372,0.3819836203632983,0.1085848373553983,-0.9647775734364987,0.028568892571112767,0.08196300583333334,0.06824635389419088
site_a5c5f553e4031a41,74,0.06118899979509467,-0.040343857169956775,0.046005074552425446,0.06764229381344765,0.05402552617573294,0.046005074552425446,0.7986944724957329,0.7357917897092016,0.27706293349838307,-2.9854454305768012,0.19897750873440825,0.3385855135135135,0.21598805341379557
site_a61c8cdc86211521,39,0.04351745462545621,0.010499007850121228,0.04223197474949204,0.048476893510937175,0.037417230272877806,0.04223197474949344,0.7718570139903018,0.5420778378819895,0.07385698542606696,0.40946130615472787,0.038347113373187885,0.09165035897435898,0.05460191573044898
site_a62049e3761071cb,301,0.09420703437654852,-0.021401802367704652,0.09174381821920159,0.07052363150459924,0.05748580153070504,0.0668832564607562,0.8151282102787923,0.4692561801260551,2.6713645631332827,-6.4419425126791,0.5726269125060384,1.4970483627795472,0.9946898306659104
site_a637aa5eb6fad085,105,0.039206514896625765,-0.010686572096745174,0.03772198281056293,0.08638912860973952,0.09341458801331172,0.037721982810563125,1.0813234201644693,0.9148952862163898,0.16140083508563047,-1.1220900701582432,0.775236987445539,0.783623561904762,0.91625995163816
site_a6a5e3eb9fd3c985,371,0.10688137382691927,0.08427968232185051,0.06573099131199549,0.07615413085282056,0.042390830725402666,0.06573099131199557,0.5566451911496356,0.5073777248350143,4.238166014389106,31.26776214140654,0.6076740624642556,2.1515965606469,0.6666805184777946
site_a728723d09857d1a,33,0.0849443500711683,0.07412093110174844,0.04149253163670605,0.024269744454109284,0.054895998527406765,0.04149253163670607,2.2619108590618855,0.7059011598367526,0.23811290609743527,2.4459907263576985,0.031035855981335046,0.019437676363636358,0.0994478315925945
site_a73a8fe0a0e90dac,39,0.07927897481805007,-0.0018509156214885215,0.07925736533321777,0.06957946374576286,0.08079775302681912,0.07925736533321785,1.1612298899291158,0.45250546912953615,0.24512107807983974,-0.07218570923805234,0.09921304984046864,0.1888107692307692,0.2546027988731314
site_a7fe1c93212d2f37,55,0.0843192182530241,0.07568485853975469,0.03716897570042031,0.023507600037097197,0.038716321448664305,0.03716897570042088,1.6469704005328625,0.36809558600078107,0.3910351811740613,4.162667219686508,0.01842577141355384,0.03039339927272727,0.08244244505839671
site_a85957854004ad6e,10,0.04282713849736062,0.027931064766049386,0.0324656651388334,0.06983379124750425,0.10096032944453641,0.032465665138833456,1.445723161251747,0.9939608023240021,0.01834163791872108,0.27931064766049385,0.0700786355432123,0.048767584,0.10192988121549325
site_a85f5d6458d2ef6d,586,0.03581618798887964,-0.028459170487884163,0.021745687783933373,0.02767898461990064,0.017743527064435813,0.021745687783933442,0.6410468920047945,0.6190752998336971,0.7517204027240929,-16.67707390590012,0.17816861348807395,0.44894994709897607,0.1844919930742106
site_a8a04a98a04fa26e,41,0.02964657761679351,0.015083740226815386,0.025522545820480236,0.016992422988626146,0.030372313980173392,0.02552254582048024,1.7874033621045717,0.5423565310200243,0.03603570213993104,0.6184333492994308,0.011476300782710313,0.011838440000000002,0.03782157571691967
site_a8d2970296172e46,359,0.07445723189793786,0.06775777107867358,0.030866872863206645,0.03795450487386244,0.050212149337239,0.030866872863206836,1.3229562473312053,0.7894523125641787,1.9902526981032833,24.325039817243812,0.5401227770972696,0.5171554540389972,0.9051323188424034
site_a8f474364dc17adf,217,0.09313160222586146,-0.006206273952002902,0.09292457961588407,0.09616026139465322,0.04556926761107056,0.0795594892865284,0.4738887660054171,0.5697963950647559,1.8821484872948704,-1.3467614475846297,0.5418101229922125,2.0065547041129035,0.45061311868223203
site_a92160c2510cdbec,2,0.07908115446060739,0.07884432309865952,0.006115693414211282,0.0028499999999999914,0.00896569341421437,0.006115693414215821,3.1458573383208406,,0.012507657981644885,0.15768864619731904,5.1104452461004106e-05,1.6244999999999903e-05,0.00016076731679537382
site_a9455c71e74fd72a,25,0.07818232547388866,-0.04713013445496559,0.062379695757208746,0.05586589657384906,0.03209490883588928,0.06237969575720876,0.5744991274500187,0.07246334547406659,0.15281190041262652,-1.1782533613741397,0.0032481891302764453,0.07802496,0.025752079329601094
site_a963d86424b18502,34,0.043366622352458126,0.038459483951330184,0.02003826410790358,0.03380066759337433,0.03753781363463124,0.02003826410790361,1.1105642671386016,0.8472711213668733,0.06394257376486451,1.3076224543452262,0.03655068941405592,0.038844494411764706,0.04790897338392244
site_a98119a935505c9a,155,0.1259575253944433,-0.10376426362183788,0.07140221143990963,0.08767248057489926,0.04927084793417251,0.07140221143991048,0.5619876112901819,0.5805735883221099,2.459121221541233,-16.08346086138487,0.38872484935440366,1.1914018967741937,0.3762805507036145
site_a9866d1cfd06e947,48,0.0781861751719319,-0.07137231702655554,0.03192288129660088,0.03329338172209389,0.03034057987080233,0.031922881296602146,0.9113096447834842,0.49989565600323166,0.29342774342476896,-3.4258712172746657,0.024238312874703356,0.05320556479166667,0.044186437771033704
site_a9bff24a5451b631,238,0.07354656930765954,0.04299228128039536,0.05967211750251314,0.08511124328900126,0.06314889456893204,0.05967211750251325,0.7419571390175266,0.7136186420600918,1.2873652899484758,10.232162944734096,0.9128424564570251,1.7240538487394956,0.9490923266961864
site_aa2ce12749046dfc,311,0.0452011204908746,-0.011602178415301529,0.04368673425251738,0.061349676260487075,0.042751928804391846,0.04368673425251794,0.6968566325088611,0.7021037792232852,0.6354169423191054,-3.6082774871587753,0.5727033035594526,1.1705364437299037,0.5684232265301904
site_aa4df3fb16db7e70,50,0.22394979101275359,-0.21181241838335993,0.07272556849725209,0.060289336536405835,0.06728039866998517,0.07272556849725213,1.1159585182921654,0.3540732305470691,2.5076754447328002,-10.590620919167996,0.07181119579859079,0.181740205,0.2263326022596071
site_aaad533d86c5f947,240,0.08338392232785814,0.07295783849060535,0.04037365856046518,0.06253393523164487,0.05296539859422878,0.040373658560466194,0.8469864945813613,0.7677516914837499,1.6686908406667873,17.509881237745283,0.6102953037892779,0.9385183333333333,0.6732800275789277
site_aae8b0a4c0119c59,105,0.02693208049100729,-0.01761587587180592,0.02037198755259834,0.026049419211756745,0.030276630978224837,0.02037198755259879,1.1622766224500027,0.7482222191358684,0.07616038075528003,-1.8496669665396215,0.061962009260455767,0.07125008533333334,0.09625081025611841
site_ab53cfe255b5cc4c,78,0.12377319635552735,0.09744187037455733,0.07632094099244253,0.06189138383090922,0.05840093072046577,0.07632094099244272,0.9436035697637725,0.1959220386542112,1.1949447226129863,7.600465889215472,0.05523671663443629,0.2987823846153846,0.26603215930329804
site_abdcb41ac727b4e7,485,0.08937268108646562,-0.04909883502832393,0.07467784493037088,0.10308204768842254,0.07760414947525851,0.07467784493037127,0.7528386485862801,0.6920058171900755,3.873925920422798,-23.812934988737105,2.6848465216331876,5.153565649484536,2.9208659476524588
site_ac16cbbd2f795846,35,0.07393680085054866,0.013404943871498109,0.07271147089569621,0.08583817713034932,0.07044983478524819,0.07271147089569666,0.8207284583672693,0.5824443045049975,0.1913327682004792,0.46917303550243383,0.12327724280399936,0.25788674285714286,0.17371127274440679
site_ac240db4268c6c54,61,0.11325870948447127,-0.10160118698536373,0.05004731838223722,0.08956919197188941,0.058450553501702245,0.05004731838223726,0.6525743083631534,0.8532706613631404,0.7824796517193596,-6.197672406107188,0.27249838497593504,0.4893810491803278,0.20840449948397677
site_ac2a9b93fc2413dd,121,0.05158336956260505,-0.01162063951901168,0.05025738505534757,0.08492078616061244,0.08075919695404059,0.05025738505534776,0.9509944573675877,0.817116015317825,0.321962125867307,-1.4060973818004132,0.6780708752628878,0.8725963305785124,0.7891677950120437
site_ac6e3a81298a7ce5,53,0.1272376788053021,-0.07334519141125229,0.103970716091638,0.06493906007692062,0.07880617473395415,0.1039707160916384,1.2135404276040933,-0.03736274677357636,0.8580396261113449,-3.8872951447963713,-0.01013400027549493,0.22350532075471696,0.3291518983385212
site_acf798671ee3a747,30,0.10210789221263632,-0.07143363200346631,0.07296065974825554,0.11309052760215302,0.05493682682249258,0.07296065974825554,0.4857774385469106,0.8437585224091819,0.3127806495632207,-2.1430089601039892,0.15726396755635738,0.383684023,0.0905416482397362
site_ad04b63315ba2272,10,0.0517460408492009,0.0490712886428833,0.01642136944636472,0.0352938649059578,0.031720531205542225,0.01642136944636472,0.8987548201383753,0.885268669310502,0.02677652743567168,0.490712886428833,0.009910938127338887,0.012456569,0.01006192099961778
site_ad53cb9b838bb8cd,636,0.06746000739921804,0.04862380781010637,0.04676085876401749,0.01997911936331535,0.045490080825381814,0.04676085876401847,2.2768811777013758,0.1551049168581073,2.8943422525204237,30.92474176722765,0.0896552510357948,0.2538690738993711,1.316104980425854
site_ae3ed38eaa09b85f,486,0.03189497490460763,-0.006845785567421971,0.031151639509509412,0.04645377373304071,0.029380294792884204,0.031151639509509457,0.6324630365172502,0.7512792192403686,0.49440266014445755,-3.3270517857670776,0.4983274318025344,1.0487652037037039,0.41951603694875444
site_af194bfb42414cbb,864,0.07203232368232187,0.04902072667004195,0.05277901109168138,0.04457700989190736,0.06048564151690564,0.052779011091681545,1.3568797383129636,0.5303622498607025,4.482998485984617,42.35390784291625,1.2355194076411609,1.7168628766203704,3.1609550848708396
site_af687448e37c8c15,597,0.07268192196714963,0.03772910030583041,0.0621222727445754,0.09347797865726644,0.060121715204887474,0.06212227274457668,0.6431644764733471,0.7556486751460121,3.15374908316078,22.524272882580757,2.5353325440792034,5.2166650988274705,2.157928521589026
site_afb9454fdc863c14,194,0.10489877329297821,0.06223747466145102,0.08444080403535295,0.10937564938938447,0.06179114032255134,0.08444080403535303,0.5649442144345204,0.6400086786578928,2.134728011844098,12.074070084321498,0.8391400466106678,2.3208283397938145,0.7407201343380787
site_b019e673dfa447d5,669,0.09404922193468676,0.08302088263419712,0.0441903744401293,0.05393584758916921,0.0729287558788581,0.04419037444012933,1.352138867536826,0.7976269168380015,5.917476362021857,55.54097048227787,2.098950670225826,1.9461716133034381,3.558145697371475
site_b04900ecbfac7c98,10,0.0987001372232966,0.08763061198115349,0.04541577844434794,0.06557104238915223,0.06592407924188613,0.04541577844434931,1.0053840359992856,0.7614380778415091,0.09741717087897578,0.876306119811535,0.03291476446092129,0.042995616,0.04345984223890481
site_b050cd10feccfd77,44,0.09302636511707225,0.0728499219444665,0.05785147776487627,0.03862411570572958,0.060199770459547546,0.057851477764877625,1.5586057922516368,0.38041231392628516,0.3807718027033728,3.2053965655565264,0.038918906352736725,0.0656401818181818,0.15945654398881737
site_b07ebc840452ba9d,7,0.043019886076073294,0.03812906674146652,0.01992196946647386,0.11753381102769482,0.10370368076640851,0.01992196946647389,0.8823306235000967,,0.012954974185988276,0.26690346719026564,0.08460117845120174,0.09669937714285715,0.07528117383150817
site_b0b863b5597ced77,64,0.07220133371709576,-0.054073018161579965,0.04784497149570551,0.05769357489343483,0.05437439951389592,0.04784497149570593,0.9424688904150986,0.6369006172477404,0.3336340857937555,-3.4606731623411178,0.12787144348979926,0.21302710937499994,0.18922082063979295
site_b12672b82d8e070e,371,0.10423878841687682,-0.023165486503482834,0.10163210735626496,0.13394413567023197,0.0879194598041682,0.1016321073562656,0.6563890189311782,0.6513838298222443,4.031183978939431,-8.594395492792131,2.8458997535234634,6.656122679245283,2.867767453947253
site_b18fe53daa1d7307,44,0.10213771005645352,-0.08032957138094034,0.063081469365659,0.0750882776613551,0.038742061189192954,0.06308146936565902,0.5159535202540931,0.5431151401446974,0.4590129198853513,-3.534501140761375,0.0695183493401178,0.2480829754545455,0.06604168142823552
site_b2267c975c71dbb8,491,0.10150910501105619,0.03619390761269571,0.09483722608696057,0.1117896625758952,0.031152584846215817,0.09483722608696063,0.278671427468224,0.6422491442215569,5.059312314471505,17.771208637833595,1.0981982800179366,6.13599197148676,0.47650741941693164
site_b2271a910bc63599,20,0.06885363011822501,0.060027589703798304,0.033727004830103005,0.048808088212918155,0.04348732869494221,0.03372700483010368,0.8909861108518549,0.7387083788691216,0.09481644760914684,1.200551794075966,0.03135866377212107,0.0476445895,0.037822955140438874
site_b2c81cb18e128f03,52,0.024208697014053822,-0.0019608096991593996,0.024129157391876342,0.032330516834516924,0.015979733138984122,0.02412915739187675,0.49426160493431187,0.695269088568225,0.030475172578149436,-0.10196210435628877,0.018678346791992397,0.054353640576923073,0.013278297302043662
site_b2da63ab5c4ee3dc,2,0.05631181287559216,-0.055636617705225946,0.008694080725312234,0.0165,0.007805919274687989,0.008694080725312433,0.4730860166477569,,0.006342040538671413,-0.11127323541045189,0.0002575953360646963,0.0005445000000000001,0.00012186475144589093
site_b2eaf44be71ff0ae,155,0.04701230477228059,-0.0005611931400914356,0.0470089551283722,0.07791314997229684,0.06187710994782196,0.047008955128377224,0.7941805711850088,0.7974827982184828,0.34257430400027844,-0.08698493671417251,0.5959280204174979,0.9409211354838709,0.5934603940017014
site_b30a47c3dfe5fc92,477,0.08025766043702176,0.05359365096756997,0.05974121387108378,0.06429340664426855,0.0647274318784357,0.05974121387108398,1.0067506958616859,0.5712142417039743,3.072496312059185,25.564171511530876,1.1338933808598628,1.9717472997903562,1.9984584887244838
site_b33e3bea3571d4bd,118,0.07683467832899155,-0.05434889142104124,0.05431174638348017,0.08425870736789311,0.053731589634736364,0.054311746383480235,0.6376977681384518,0.7771478936687928,0.6966209996825131,-6.4131691876828665,0.41517401410886795,0.8377445125423729,0.34067587951173356
site_b4081a628b4563f6,155,0.11506623276453179,-0.08807249625305975,0.07405047823192086,0.07336472668625012,0.05426408493303797,0.07405047823192111,0.7396481576916725,0.35712771697295964,2.0522368780063185,-13.651236919224262,0.22037130494687346,0.8342693838709678,0.4564115916110936
site_b419a77ce9d11fde,169,0.1269383211062025,0.11088664631519092,0.06178583198623396,0.07070852911122187,0.059447260641764886,0.06178583198623431,0.8407367737526624,0.5609925338445423,2.7231540147291726,18.739843227267265,0.39851753554903196,0.8449486390532543,0.5972420788298779
site_b42936ae6e6a0d03,186,0.06610995292171451,-0.038405583501503034,0.05381019449156812,0.07487274362083088,0.050676991138287684,0.05381019449156861,0.6768416474081026,0.6955845412797232,0.8129178128079035,-7.143438531279564,0.4909049767335896,1.042702559139785,0.4776772821343964
site_b436f4a91f17ee10,151,0.11650763786598295,0.015084234330117307,0.1155270338742631,0.12606925764110985,0.06720628093820197,0.11255118092569005,0.5330901616754401,0.456904114763236,2.0496784818477645,2.2777193838477134,0.5845492061928024,2.399912116049261,0.6820193138292239
site_b491b5d705afd5f5,391,0.06572148228068278,0.04006468099127035,0.05209735665307636,0.04204957950480631,0.050049375592047175,0.052097356653077846,1.190246755887927,0.3703805357152739,1.688851474169509,15.665290267586707,0.30477913615385743,0.6913533503836315,0.9794315388871389
site_b4a169fed07d4305,259,0.09250236958916866,-0.07845258814602746,0.049008976655312314,0.061761847544239926,0.06968364086355722,0.049008976655314375,1.128263541883894,0.7282482690617947,2.216182290319289,-20.31922032982111,0.811765029114502,0.9879621853281854,1.2576547392363164
site_b4d57a535cfd4a12,156,0.04151160269528217,0.010225909652618263,0.0402323741544971,0.05214215258565391,0.06560100354620008,0.040232374154497236,1.2581184376390542,0.7898741885668021,0.2688212526996294,1.595241905808449,0.42148484136928355,0.4241334358974359,0.6713446999378945
site_b5639796f8098e20,328,0.061167930445400275,0.027884437830709825,0.05444239011871727,0.08939263547860543,0.0637708909110428,0.05444239011871808,0.713379693636007,0.7976107238172779,1.227217154511251,9.146095608472823,1.4913825380238817,2.621062195121951,1.3338863010489033
site_b582b14f96e98786,39,0.0622623807044599,-0.025543153442633464,0.05678161113594067,0.06014136316583706,0.03227336315740734,0.05678161113594098,0.5366250689798138,0.36950765950916026,0.15118755798849692,-0.9961829842627051,0.02797084230996478,0.141062358974359,0.040621228810106005
site_b61ae4423402851d,358,0.10265278120464501,0.07319549581741487,0.07197230634828594,0.07382807372468785,0.060186324582669155,0.07197230634828594,0.8152227404321816,0.4380575519954607,3.7724584690794414,26.203987502634526,0.6968407807482521,1.9513092402234635,1.2968169327038053
site_b67b52a6713d2819,119,0.0712053949790376,0.007427369310675549,0.07081696448763945,0.11061508376292459,0.06861812040185633,0.07081696448763948,0.620332400135608,0.7858226464499284,0.6033547846203697,0.8838569479703904,0.7097814942750735,1.4560479139495799,0.5603051272505546
site_b69cf9ad02aa761c,62,0.09638238898669922,-0.05956868128142049,0.07577029178494661,0.09497987628473452,0.04592071870114559,0.07577029178494717,0.4834784008718079,0.617757377217211,0.5759530242205708,-3.6932582394480704,0.16705131782543275,0.5593129677419355,0.13074016917384407
site_b708e7aad1210ce8,162,0.157410978122362,-0.0895381244737425,0.1294648226321085,0.11452000377685578,0.09153109408941801,0.1294648226321101,0.7992585668069654,0.2256996944797479,4.014070997417074,-14.505176164746285,0.3832622042385516,2.124602664938272,1.3572264720033547
site_b72a5ec99205d5b7,153,0.07736466038300197,-0.06601166446964725,0.04034539416245605,0.061489892484022216,0.052044924367682446,0.040345394162456055,0.846398038201254,0.7596203809632651,0.9157494734551166,-10.09978466385603,0.3719376603007999,0.5784940522875817,0.41442714532298125
site_b756906d27dccd10,62,0.18445693270168534,-0.17032441847651233,0.07080926840712291,0.07280918320657881,0.04491463849030403,0.07080926840712307,0.6168815046704945,0.35235623609822453,2.109510321346273,-10.560113945543765,0.07144103194472771,0.3286729838709677,0.12507413454431143
site_b7a18627a594b786,48,0.10250195591801932,-0.0831138252881666,0.05998952419370979,0.07420451114875962,0.031791231369726766,0.059989524193709884,0.42842720580685584,0.6185213140115426,0.5043192464169396,-3.989463613831997,0.07003797249221243,0.2643028547916667,0.04851275481616796
site_b7a3262e8a713a7b,102,0.058811021630309226,0.04438225298068103,0.03858693931318641,0.07305809270471093,0.05816300187399594,0.03858693931318754,0.7961199056904134,0.8509054762003109,0.3527910990504714,4.526989804029466,0.3688048583653336,0.5444234607843139,0.34505934827343443
site_b812626cb80e0341,68,0.09474333717603058,-0.06737083506715649,0.06661434171111365,0.11366791593258296,0.05573997097681583,0.06661434171111369,0.4903755868091705,0.9146267398549973,0.6103883958690692,-4.581216784566641,0.3940555444818319,0.8785868676470588,0.21127221678574643
site_b843de06c1a6a47d,69,0.14313195623902464,-0.11019686070784276,0.09134226177923536,0.07980383758425219,0.059744337953626825,0.09134226177923539,0.7486399120913486,0.16722811835498405,1.4135862258798946,-7.603583388841151,0.05501472201918562,0.4394370220289855,0.24628762830868506
site_b87223f545f36d24,58,0.1737290254467049,-0.1535435965464033,0.08127815353621885,0.04813199869581796,0.08242208010036148,0.08127815353622132,1.7124175669755197,0.3155863783751787,1.7505429083943866,-8.90552859969139,0.0726145599837447,0.13436797931034486,0.3940171587080834
site_b87cd5aaea8e51ba,65,0.059492297083050004,-0.003979196447134018,0.059359071824389195,0.07075796900360265,0.04716978802340663,0.05935907182438921,0.6666356975424912,0.5555094993355203,0.2300566717941622,-0.2586477690637112,0.12051583933463461,0.3254348615384616,0.1446242786412525
site_b881d34c09ab42e7,66,0.140377713363757,-0.11293922817363884,0.08337045729021679,0.06640967428998663,0.07287757077387785,0.08337045729021682,1.0973938895656723,0.28624797535447605,1.30058955900965,-7.453989059460164,0.09143481640998613,0.2910761593939393,0.350535261245504
site_b904064dea358149,1211,0.10174947752767387,0.08007355547325362,0.06277883314482985,0.06765767789582397,0.06614667299211661,0.0627788331448302,0.977666911565692,0.5599320613889934,12.537429930534234,96.96907567811013,3.0346217911861384,5.543426829066887,5.298588023338397
site_b9048e7e348a00c2,124,0.06668648422209024,0.04759946405829921,0.04670522668038099,0.04441798252471714,0.07348082453583613,0.046705226680381,1.6543035131086037,0.7952232439345831,0.5514388100599833,5.902333543229101,0.3218426538995317,0.24464668927419353,0.6695295152338256
site_b9661fa344baf0d4,144,0.1289249348061439,0.1217297606356442,0.042467684071034774,0.03914794666895138,0.05873727143215352,0.04246768407103479,1.5003921387973747,0.6912812811526755,2.3935159893266573,17.529085531532765,0.22889697071992687,0.22068888888888885,0.49680965596240484
site_b969a6c48312ad74,9,0.13887102818088456,-0.1316554127428267,0.04418161114685596,0.02736668696710574,0.038093594986243415,0.044181611146856745,1.3919695515950183,,0.1735664622121443,-1.1848987146854402,0.00111619246949752,0.006740419999999998,0.013060097810783544
site_b9eaf91685021861,238,0.05745148230420341,0.019719612269466665,0.053961187078233344,0.0647945061807904,0.047592284430006494,0.05396118707823357,0.7345111065005101,0.5758540832544771,0.785560130910147,4.693267720133067,0.42263371905285335,0.9992020714285714,0.53907607786946
site_bb41a05397abcbe3,238,0.07410959202570068,0.06254666317598659,0.03975105729116496,0.03927229290354515,0.046357571327132516,0.03975105729116496,1.1804141775217756,0.5798164954457259,1.3071511279913597,14.886105835884809,0.25123171156489865,0.3670704915966386,0.5114678118053426
site_bb59973d2df99f1c,65,0.045691105256273,0.006491434279771951,0.045227628508813275,0.08388345535825427,0.07080885025152418,0.04522762850881401,0.844133684635542,0.8421977614097904,0.13569901147008817,0.4219432281851768,0.32515564172818107,0.4573682153846154,0.3259030628062804
site_bbd4ea535f73b619,96,0.05270514137167938,-0.04180397675652057,0.03209765496650803,0.033865973005424876,0.017746091178406694,0.032097654966508085,0.5240094880948498,0.3590487350316768,0.26667186499283607,-4.013181768625975,0.020715284417639486,0.11010279625,0.030232680202783094
site_bbfd063296f373c3,52,0.07864096856651967,-0.052359461866892304,0.05867613390544563,0.060392120430228076,0.03400301248740516,0.058676133905446536,0.5630372347447107,0.3312673693820603,0.32158890072817736,-2.7226920170784,0.03537363383288567,0.18965482692307692,0.06012265262736882
site_bc37e7bebe33d230,276,0.036068996501912205,0.0014864593066167139,0.03603835383844173,0.04322011711482802,0.05693059039898762,0.036038353838441735,1.31722434364843,0.7742806849428383,0.3590684123887675,0.410262768626213,0.5258224624912592,0.5155620724637682,0.8945414259969351
site_bc93eecd419d5cf1,153,0.04996794486090821,0.034568539799428456,0.03608062596128419,0.04305533038598709,0.06524393575256268,0.03608062596128427,1.515350948829257,0.8559186947003472,0.3820097135842828,5.288986589312554,0.36786716088902915,0.28362550562091504,0.6512859863301326
site_bcf274618f28d9ed,84,0.10150936087401793,-0.03276880757510662,0.09607473963096251,0.08133476478471574,0.06618515133881775,0.09607473963096312,0.8137375390953996,0.16398032809250127,0.8655486289843346,-2.752579836308956,0.0741494302571352,0.555688892857143,0.3679598376503455
site_bd11119142bc591a,41,0.06967162823925123,-0.016984161330432426,0.06756977168386964,0.10489694100970975,0.06328952501800177,0.06756977168386996,0.6033495772974294,0.7865228761176194,0.19901956704184562,-0.6963506145477295,0.21408679237816391,0.4511380975609756,0.16422812305717516
site_bd599065e701bf2f,260,0.08175266845305529,-0.06673137244031979,0.04722735151823051,0.06182782975767772,0.05417648914276979,0.04722735151823056,0.8762476275668112,0.6758015649732245,1.7377096877907472,-17.350156834483144,0.5885554710040872,0.9938969384615384,0.7631239137175297
site_bdd9f4c5442812d1,142,0.05380394489502117,0.010890958416419974,0.052690146242331544,0.05363880748875492,0.08118284070945953,0.052690146242331606,1.513509425549385,0.7683368670816979,0.41107075704983936,1.5465160951316363,0.4750981886238778,0.408551276971831,0.9358728148433619
site_bdfe6061d850b13b,146,0.04512571133518683,-0.0037125650168689972,0.04497273267772517,0.07322054408813285,0.05103944009565809,0.044972732677725474,0.6970644746128055,0.7952248078816434,0.2973041542319649,-0.5420344924628736,0.43389198612569746,0.7827422191780822,0.3803335690106275
site_be8516cfd6e0790e,150,0.11994157684242887,-0.09671748148441314,0.07093455174145016,0.08362365029636586,0.05349096834498421,0.07093455174145027,0.6396631593503738,0.5390531329773338,2.1578972783172405,-14.507622222661972,0.361686596445938,1.0489372333333333,0.42919255417261537
site_bef664d28695b721,15,0.038099981610015474,0.028318663197755813,0.025488466281351412,0.10624619627178293,0.12370624099005438,0.025488466281354316,1.1643357158274898,0.9868827352671634,0.021774128980252758,0.42477994796633717,0.1945636977655192,0.16932381333333335,0.22954851089834116
site_bf2aa2626c0e2039,210,0.051753220329477274,0.009048309780387655,0.05095609781556631,0.06079515819425051,0.055759002403224386,0.05095609781556642,0.9171618934696283,0.6207589895753198,0.5624631210389982,1.9001450538814073,0.4419023389491013,0.7761707645714285,0.6529039332905844
site_bfacedeb5df79c6e,50,0.07801493238111212,0.042093203505754476,0.06568479194648207,0.08558305916476695,0.05970907175088101,0.06568479194648227,0.6976739594681631,0.6433495084858603,0.30431648372147485,2.104660175287724,0.16437853430747984,0.3662230008,0.17825866246759287
site_c0555c6b321e4775,2,0.060527535754596705,-0.03370167301893234,0.05027703074216844,0.02560000000000001,0.02467703074216955,0.05027703074216899,0.9639465133659977,,0.007327165169047965,-0.06740334603786469,-0.001263463973999024,0.0013107200000000011,0.0012179116924999622
site_c0951b8580287e99,50,0.14752561196347594,0.14216920126914978,0.0393919331296403,0.031165853108811252,0.04134368396900462,0.039391933129640344,1.3265699425797486,0.43805836712895774,1.0881903092599037,7.108460063457489,0.028222155210971833,0.04856552,0.08546501020644648
site_c0aaae0aecb597e5,655,0.1462520832992371,-0.13958397858051852,0.04365758574406442,0.03983966157125624,0.031374570365236755,0.04365758574406469,0.7875210061491353,0.2662411698410719,14.01023507443538,-91.42750597023964,0.21797663344918317,1.0396151053435116,0.6447582009700912
site_c0baac71bcc40ff4,11,0.04198876320663608,0.022292796697399832,0.03558212263245906,0.07213076509179196,0.09530252007651399,0.035582122632459065,1.3212464883082025,0.9469645494819346,0.019393618591852516,0.24522076367139814,0.07160631585046649,0.05723132000000001,0.09990827366227789
site_c0e5aee02ccea819,55,0.05599997806670356,-0.026964835596084594,0.04908049698961298,0.06727519405796753,0.03809432946032096,0.04908049698961309,0.5662462961830634,0.6961584486236666,0.1724798648909204,-1.4830659577846528,0.09812644841508432,0.24892734545454548,0.07981478653673124
site_c1458c9cb325529c,104,0.21044814989973906,0.2066476161078765,0.039814401328599126,0.017171163645680672,0.0420868293422582,0.03981440132859955,2.4510178931784243,0.3327638943779121,4.605996074807197,21.491352075219154,0.025010102617568697,0.03066428153846154,0.18421532522477402
site_c1eaac8764a60481,45,0.061712331687275884,0.025811439225408763,0.056055164680815846,0.06595597484143458,0.04122772726665928,0.05605516468081587,0.6250794922791342,0.5346643584804367,0.17137853470261596,1.1615147651433944,0.0654240290729536,0.19575857777777778,0.07648764730083182
site_c204fd32b9271e1b,91,0.09866528918903503,0.024774480802672243,0.09550426373578269,0.13493713515257091,0.06121752340498589,0.09550426373578272,0.45367439686464633,0.776861234404499,0.8858703754587881,2.254477753043174,0.5839720806605705,1.6569307703296705,0.3410302506374395
site_c29be1fac6229539,472,0.0660103444612151,-0.045866545926021816,0.047472366074426946,0.11395275257323767,0.09110001806539912,0.04747236607442699,0.7994543002096326,0.9166091054834011,2.056676551819264,-21.649009677082297,4.491272946479683,6.1290284745762715,3.9172286735955746
site_c2fa2fe516862278,53,0.06559739967959706,-0.05432674555418627,0.03676443338629748,0.04345334673907901,0.026921961993461682,0.03676443338629758,0.6195601493049069,0.5391129288730173,0.22805999877041447,-2.879317514371872,0.033426088181995564,0.10007424716981132,0.038413977991601955
site_c33eaf01c8613ed2,878,0.0917017002972591,0.07771086515351824,0.048684938887709764,0.020196042709814937,0.059197840666625264,0.048684938887709854,2.931160401926468,0.6449021688016564,7.3832792132445135,68.23013960478902,0.6769560895339944,0.35811876391799546,3.0768494501610313
site_c3aa24263a4277b0,258,0.07895600133219012,-0.04151095705843249,0.06716316394022678,0.09840480401585196,0.05646113316627353,0.06716316394022682,0.573763991818715,0.752376177430092,1.6083849377631525,-10.709826921075582,1.0785012003549397,2.498344406976744,0.8224677660722757
site_c3aefe4e5e9b8037,305,0.07993660477277488,-0.044258526482347585,0.06656608457923714,0.09016047111083199,0.05985552907972046,0.06656608457923748,0.6638777320289461,0.6745494990366268,1.9489075386926387,-13.498850577116013,1.1102840726598608,2.479317718032787,1.0927187302310446
site_c3d5b5decd374619,53,0.06263536026106473,0.030409270892728053,0.05475823772553358,0.031450866369180014,0.0638805084305652,0.054758237725533586,2.0311207863311616,0.5155080638967436,0.20792898281676844,1.6116913573145868,0.05489241147870724,0.05242532075471698,0.21627812593941814
site_c3fac8d15831ac8c,148,0.04126337534851864,0.0176029103563444,0.037320285263369016,0.054643480170353635,0.053098735515402694,0.03732028526336944,0.9717304855010127,0.7603967604215188,0.2519945894826049,2.6052307327389714,0.3265310640279204,0.44191466891891895,0.41728240557353374
site_c3fba37c42f73863,128,0.03946181302956703,0.03274713043132797,0.022019539870172113,0.01969198355444656,0.0176839082269621,0.0220195398701722,0.8980257462671389,0.3096142330545919,0.19932604001030474,4.1916326952099805,0.013800620185222944,0.0496350996875,0.04002823810299108
site_c438c579f3fbc2ec,83,0.1099138264179039,0.08875768854862236,0.06483148896432088,0.08455079810219648,0.059123397095202784,0.064831488964321,0.6992648020157111,0.644266978432371,1.0027270867394842,7.366888149535656,0.26731360067227883,0.5933535091566267,0.29013281497839377
site_c45005d41e05ffcd,278,0.06477974095212245,-0.011897183563640648,0.06367787575820293,0.09478918420125944,0.05970972889081015,0.06367787575820442,0.6299213290414287,0.7504960009912925,1.166603324915097,-3.3074170306921005,1.180856333350106,2.4978270647482015,0.9911399793315054
site_c4ae57110fb255d4,1016,0.09009005649534266,0.058910195476397524,0.0681601580710217,0.03309788869498283,0.0716892615682763,0.06816015807102174,2.165976876317896,0.334844478369205,8.246077771803376,59.85275860401988,0.8072187624977991,1.1129977598425196,5.221579827792015
site_c4f8e2def8cc0f30,94,0.06037464085130764,0.02060479646287066,0.05674979841944867,0.07413675607400827,0.0522173240464316,0.056749798419449174,0.7043378590008007,0.6460965812164757,0.3426391422448923,1.936850867509842,0.23511129182164978,0.5166483085106383,0.2563049994735841
site_c56fc9c5f1ff5d0d,122,0.04172692647171197,-0.005435286446184409,0.04137141590547248,0.05707869031375326,0.053495639804660086,0.041371415905473,0.9372261260831728,0.7218311006661396,0.21241863991863016,-0.6631049464344979,0.26889814503319925,0.39747318032786877,0.34913758432941183
site_c59fe04d734e33bd,568,0.08434914230313117,0.05978278502523899,0.05950459160350513,0.07799892408405983,0.04785175716162478,0.059504591603507344,0.6134925285643005,0.6474178918320118,4.0411937945315595,33.95662189433575,1.3725226975505385,3.455616665897887,1.3006010968425012
site_c5ee40e68c26cb53,124,0.19888021532210795,0.1917253425116501,0.052865235130078576,0.023903501968279766,0.05744361827998419,0.05286523513007864,2.4031465496650894,0.39196371223338206,4.904614165774435,23.773942471444613,0.06673764332930647,0.07085079838709678,0.40917139085597026
site_c6112b3d07cf93a0,216,0.1591671620342745,-0.10605388565499474,0.11868765229594147,0.11398090644317443,0.08582465773616726,0.11868765229594157,0.7529739884895146,0.3205132619982284,5.4721840615297195,-22.907639301478863,0.6772420909744861,2.8061957592592597,1.591028325114535
site_c62b54e06aa4fffe,37,0.0806362587897268,0.07306237410854649,0.03411884700904458,0.03362320757535222,0.050640328413393894,0.034118847009044585,1.5061123570648334,0.7431965951174251,0.24058163056934037,2.70330784201622,0.0468210437225329,0.04182924324324325,0.09488438588720638
site_c6d377978f89caf6,53,0.048313315962105384,-0.003687666998719268,0.048172373943587046,0.08859817651313413,0.06948411851831308,0.04817237394358731,0.7842612709756219,0.8411973998383397,0.12371135446047403,-0.1954463509321212,0.2744632029035041,0.41603075471698114,0.2558862644921499
site_c6dbad6563643f29,50,0.13922667232116975,-0.1286179930503368,0.0533055170627758,0.03219481877569743,0.06438130001936654,0.0533055170627758,1.999741028763466,0.5644642259794068,0.9692033142813189,-6.430899652516841,0.05849949997134507,0.05182531779999999,0.20724758960918427
site_c7184b24616d8b68,11,0.03542878583511997,0.029755659905346954,0.01923017340920578,0.08969228294471443,0.09690425937234322,0.019230173409206214,1.0804079926483106,0.9817186552265796,0.013807187523258772,0.3273122589588165,0.09385937844243918,0.08849176181818182,0.10329479032952607
site_c79eeb4ffddf3d41,568,0.05203619318079489,0.024739791667797197,0.04577890462847486,0.037862885422486836,0.041866963192318495,0.04577890462847499,1.1057520504618918,0.34403539531992716,1.5380107476254343,14.052201667308807,0.30976805569640764,0.8142837165492959,0.9956146007458684
site_c7e77fa91cd0e5b5,45,0.06189709334077936,-0.014661319269736604,0.060135645679646625,0.06847696197253246,0.03834634275827154,0.06013564567964663,0.5599889605741134,0.48427158946330995,0.17240625738167187,-0.6597593671381472,0.05722290995882618,0.21100924444444452,0.06616989013206799
site_c83832e8d67694ad,46,0.04278336417766247,-0.0030845398565997233,0.042672026718115236,0.04370764641784688,0.024178426197166952,0.042672026718115263,0.553185270284751,0.3189175812632445,0.08419914751649066,-0.14188883340358727,0.015503214044140083,0.08787648434782606,0.026891429495105063
site_c8f87af663a64c0b,62,0.08585336098565205,0.07304521629041237,0.04511314630592231,0.018646476680913814,0.033544815112955796,0.04511314630592233,1.7989894652479652,-0.44944596032557976,0.4569895747370262,4.528803410005567,-0.017429757937404422,0.021556847741935482,0.06976578649966803
site_c8f923241d7b6cf3,153,0.0837967906289844,-0.053083735140710096,0.06483840824101705,0.08825432910147732,0.05569372340561805,0.06483840824101877,0.631059393603002,0.6801942606285746,1.0743510243168308,-8.121811476528645,0.5115247660258821,1.1916904705882354,0.47457399649756754
site_c90d703c921023d7,384,0.09254583830757428,-0.06993036068013558,0.06061746318675689,0.07920925509474842,0.042766896173498395,0.060617463186756995,0.539922968879603,0.6536667488301116,3.2888571602118457,-26.853258501172064,0.8502982382941214,2.4092567395833333,0.7023388447928799
site_c91d0d6c46ea62b9,342,0.04884297164480014,-0.00726258388945931,0.0483000078089364,0.059308350639052314,0.042455884195497375,0.048300007808936465,0.7158500234458008,0.5931504142444922,0.8158874706504049,-2.483803690195084,0.5107926984845024,1.2029783157894736,0.6164557191649475
site_c9aed1d9afe08cac,128,0.07642519029191401,-0.012555373204406348,0.07538681791171016,0.10018987832485875,0.05492209890006377,0.07538681791171048,0.548180113783377,0.6697947245866243,0.7476236430278743,-1.6070877701640125,0.47176168649503963,1.2848655,0.3861039292913134
site_c9e5c8b8112d21fb,124,0.04617491489335486,-0.03676949411467197,0.027930754876294806,0.04699091275175974,0.06424184341995016,0.027930754876294973,1.3671120575870153,0.9200783094456526,0.26438322291066196,-4.559417270219325,0.34441206207518743,0.27381008927419354,0.511749791303181
site_ca4c08bc8824e7df,72,0.10521149420426365,0.09512086336811384,0.04496087037412003,0.02617135116713656,0.059283158858600894,0.04496087037412121,2.265192900435455,0.70187692188466,0.7970010129139539,6.848702162504197,0.07840629652928977,0.049315652777777774,0.25304349054629593
site_caaaa1aabb1e21d9,11,0.10368281403745742,-0.08514457815181126,0.05916524941277677,0.13489371083612645,0.08219463492521586,0.059165249412776934,0.6093288887653833,0.9673807634135737,0.11825138519398576,-0.9365903596699239,0.11798459472554652,0.20015944545454548,0.07431553811538467
site_caab4140fe1f5c75,199,0.07148247479423157,-0.05195192029308435,0.04909930936957223,0.0745912890863636,0.048834978179817926,0.04909930936957366,0.6547008206719099,0.760154293522963,1.0168390963388823,-10.338432138323785,0.5510283454215557,1.1072082211055276,0.4745861636708353
site_cadb6c34bf67432d,262,0.060673221287904464,-0.0036133994522668028,0.06056552753711786,0.08020170337813158,0.03869976166245992,0.0605655275371188,0.48253042058221546,0.6865487094454906,0.964484822740168,-0.9467106564939023,0.5582960163642516,1.6852660648854962,0.3923899468155751
site_cb6d0d529a35bf72,121,0.10632773559933163,0.04333683274541019,0.09709534636262296,0.08029625390703674,0.05472488186263501,0.09709534636262343,0.6815371726555629,0.001683445334035082,1.3679760702794466,5.243756762194633,0.0008950854668440021,0.7801460953719007,0.3623723360804023
site_cb73c7416c77fcc5,47,0.05915510216868088,-0.04781486120756637,0.03482908497632744,0.04779927284365394,0.027513474117972017,0.034829084976327605,0.5756044492133908,0.6952563043215965,0.16446832729159244,-2.2472984767556192,0.0429743696801523,0.10738421276595744,0.035578589127894855
site_cb8aadebec9e1fcf,153,0.051168140004897375,0.04035694242505466,0.031456251360605605,0.045301158013228364,0.06923078844500526,0.03145625136060652,1.5282344090362814,0.9335399687656671,0.4005813183887992,6.174612191033363,0.44795349458420974,0.31398582235294115,0.7333140165137123
site_cbe94aaae2e082ea,54,0.058629323266236794,0.026554234099829637,0.05227112202763913,0.04945340773937663,0.026782364103781653,0.05227112202763958,0.541567615419484,0.1625787611537071,0.18561946751947234,1.4339286413908003,0.01162793788189689,0.13206453499999996,0.03873393145732673
site_cc2f4e33aba4f988,24,0.11214891924707891,-0.08710442510048548,0.07064134211778356,0.061927302249402794,0.036548347596881865,0.0706413421177857,0.5901814913507608,0.03989087242869486,0.3018571221189078,-2.0905062024116514,0.002166879116992158,0.09203977833333332,0.03205876108950001
site_cc39c5b4f811532d,154,0.04515554111256641,0.02471044283157045,0.03779440313374937,0.04908372963373881,0.05679812285099418,0.037794403133749474,1.1571680325602784,0.7544885277719524,0.31400952554797595,3.8054081960618493,0.32392532217570325,0.3710187272727273,0.49680812094708054
site_cc701381aa01ffc3,51,0.0612278967752233,0.005918259897652792,0.0609411974226076,0.08519605361131434,0.04215705282057757,0.06094119742260798,0.49482400925409725,0.7408583329935456,0.1911916225193874,0.3018312547802924,0.13570475530901963,0.3701767450980393,0.09063807222836534
site_cc73ca175d85bc6f,40,0.04973150771102483,-0.011239659518003462,0.04844474082014555,0.07918143721858047,0.044507736449568756,0.04844474082014555,0.5620981130552744,0.8376040292833604,0.09892891436846889,-0.44958638072013846,0.11807491381466388,0.250788,0.07923754415457085
site_ccee683800437b50,18,0.18490829990558874,-0.16356289915906058,0.08624533258477309,0.07771759576413839,0.020450813752512224,0.08624533258477357,0.26314264551591987,-0.30829378073067254,0.6154394287315527,-2.9441321848630904,-0.008819972263442144,0.10872044444444441,0.007528244096518977
site_cd09f5e742102c10,336,0.05796948880215203,0.013843891926641974,0.05629216897852033,0.09010750539408285,0.07428898787757596,0.0562921689785205,0.8244483914261636,0.7819999396478498,1.1291151083462307,4.651547687351703,1.7588605372653832,2.728105809523809,1.854334849877875
site_cd9b47f2c6e7c758,40,0.0815011362757498,0.04899314624369144,0.06513145810883249,0.05713072181409929,0.06229182138294403,0.06513145810883259,1.090338427468827,0.40773610993270254,0.26569740856953356,1.9597258497476577,0.0580416710164398,0.130556775,0.15521084044818412
site_cdb6242d14e183d0,160,0.11596399712377137,-0.07723483730442822,0.08650103199084135,0.1102085494641863,0.0439811584733151,0.08650103199084144,0.3990721108946938,0.680596498626299,2.1516237806275287,-12.357573968708515,0.5278270512139425,1.9433478999999998,0.3094947681047771
site_cdbb0d22e7b06f01,175,0.18841871638594687,-0.15250176018537795,0.11065634109661025,0.08999552269316693,0.07222692448305768,0.11065634109661025,0.8025613088476636,0.08239080396015341,6.212782219792379,-26.68780803244114,0.09372097876822522,1.417358968342857,0.9129275085492303
site_cdd0193742d73d25,11,0.10114295098467253,0.08305216445055875,0.057725510079731784,0.05671488938264758,0.023707317848768013,0.057725510079731805,0.41800871176558224,0.1659954845374897,0.11252886187276659,0.9135738089561463,0.0024550959581678563,0.035382365454545456,0.006182406115407657
site_ce2a9736239174ff,54,0.1033829600679382,0.08773783223717303,0.05468189121391641,0.062441031166324074,0.057390359120918,0.05468189121391645,0.9191129302148677,0.5863556555981045,0.5771539673500808,4.737842940807344,0.11346551459310232,0.21053964814814813,0.17785727928150852
site_ce840bd031a93a0e,69,0.03418946397356173,-0.0055982401707898016,0.0337280173415164,0.07901782346484096,0.0646263395520946,0.0337280173415168,0.8178704084509508,0.9088964880499466,0.08065544182916379,-0.3862785717844963,0.32025663571556406,0.4308233333333332,0.2881828997092813
site_cec4a302b657dde7,101,0.04598169020390509,0.013022335117111107,0.0440991453670653,0.0984110503445555,0.08188617997617877,0.04409914536706603,0.8320831826251212,0.8962795651594316,0.21354589923479808,1.3152558468282218,0.7294900072846598,0.9781582178217822,0.6772399935802051
site_cedd671db129d181,93,0.09568727219041112,-0.07064234203036114,0.0645423393727505,0.0607916632045953,0.06499070784455252,0.06454233937275156,1.0690727053448967,0.475045089554543,0.8515130275094898,-6.569737808823587,0.1745472755068413,0.343693247311828,0.3928126658706461
site_cf410c13c4f583ea,45,0.02949674749570188,-0.0007589046882258523,0.02948698317053449,0.06510923774324326,0.07141993416525634,0.02948698317053449,1.0969247474052632,0.9107914090021694,0.03915261507713378,-0.03415071097016335,0.19058709733146761,0.19076457777777778,0.22953631482762973
site_cf467e53e3fb79b4,253,0.06670266970895485,-0.026276579364721955,0.06130895141161191,0.07252174968612889,0.04682624015684624,0.06130895141161196,0.6456854717310085,0.5437867320511712,1.1256592750143861,-6.6479745792746545,0.4672041478289564,1.3306292569169962,0.5547522821083399
site_cf53fcd25709e5dc,34,0.065466975397877,0.03222696803597842,0.05698550165572168,0.06480489750384943,0.030815335077207864,0.0569855016557232,0.47550935599238353,0.4761960076487154,0.14572144550337193,1.0957169132232665,0.03233250769666012,0.14278894117647065,0.032285885781300316
site_cf6b1b2134e1588b,836,0.04999505737865236,0.02149023809255453,0.045140618394302716,0.04415691325293052,0.043893106901779666,0.04514061839430284,0.9940257066964855,0.4743518377189948,2.0895868172784042,17.965839045375585,0.7686026800640873,1.6300603779904308,1.6106416407985242
site_cfa28b3d4c2af861,102,0.09312014370935695,-0.004464793663866378,0.09301304629991639,0.10268213657996172,0.054323205900028586,0.09301304629992002,0.5290424187631257,0.43413277626669067,0.8844788387740316,-0.4554089537143706,0.24700345958447922,1.0754493596078434,0.3010030913242039
site_d04beb93196a3a21,622,0.040154512491383076,0.018250272039527678,0.035767477460730626,0.05554434597774493,0.05609112515368996,0.035767477460730744,1.0098440114168257,0.7947367903265428,1.0029033912676377,11.351669208586216,1.5400957128787205,1.918978458199357,1.9569453076662984
site_d0ce78b41de4999b,52,0.07778676977976912,-0.02796228972742191,0.07258713319845685,0.08190731971972125,0.033691695544831,0.07258713319845686,0.41133925099881974,0.4665623191799936,0.31464064074408166,-1.4540390658259392,0.06695123412597638,0.3488580692307692,0.059026778131650415
site_d122c9eee96eec44,13,0.037332260048407916,-0.011072003713020908,0.03565260683457529,0.022781701366661872,0.03102494469537732,0.035652606834575364,1.3618361594704418,0.14887127280263568,0.018118069324185398,-0.1439360482692718,0.0013678907866661364,0.006747076923076924,0.012513113513565877
site_d132cef849713e59,125,0.08123873678879037,0.05072854748487472,0.06345350128332693,0.07024353066297281,0.06754221317188365,0.0634535012833273,0.961543540514072,0.5764430986632575,0.8249665443797951,6.3410684356093405,0.34185983344018456,0.6167692000000001,0.5702438200195217
site_d15ecf104b47687d,115,0.12717797993198074,0.1182002489628999,0.04693548470707187,0.05843127318654265,0.04106474058804056,0.046935484707073066,0.7027870239441953,0.6037985112805966,1.8600374366516195,13.593028630733489,0.16661124566184435,0.39263457391304346,0.19392598574975262
site_d1bc13bbd7c8604f,141,0.07436639433172568,-0.05165458371740706,0.05349920174061578,0.05890450722807299,0.0350318092273711,0.053499201740617064,0.594722048887211,0.44457864547860454,0.7797808454321427,-7.283296304154396,0.12935368500624564,0.48923347702127656,0.17303909974175213
site_d1da6ed45ac274f5,50,0.10964061335246211,-0.06741233315467834,0.0864675744712823,0.10882830514163123,0.051929829801758906,0.08646757447128237,0.47717208987290977,0.624944402068663,0.6010532048152047,-3.370616657733917,0.17659164470732217,0.5921799999999999,0.13483536116198236
site_d2a88afeebc07d80,46,0.07633785545689435,0.043071871618861744,0.06302604264116529,0.051980006516974646,0.058041007312551955,0.06302604264116617,1.1166025401246924,0.3477655078051945,0.26806353608485395,1.9813060944676402,0.0482631437961498,0.12428836956521742,0.15496289237336264
site_d2c6c5fd07d735c9,451,0.05958650579942261,-0.0131019962995914,0.05812821489044814,0.059102753639767254,0.04760121512865126,0.05224225521697947,0.805397586359205,0.5384584316129386,1.6012988046964653,-5.909000331115721,0.6832104153281922,1.5754041049991625,1.0219099324575862
site_d355ed29576c96c4,250,0.05142092768492527,-0.02238738829112053,0.0462916477291629,0.06243067502438204,0.059979757167509466,0.04629164772916454,0.9607417690756126,0.7146660615477995,0.6610279509945785,-5.5968470727801325,0.6690304755490422,0.9743972959999999,0.8993928174683508
site_d3c0f0b2faa9bb95,81,0.07933324796576412,0.06874431268344691,0.03959777400912705,0.053459110804130454,0.04191885364296476,0.03959777400912741,0.7841292721188686,0.6798657707904031,0.5097949028565908,5.5682893273592,0.12340686604534219,0.2314879987654321,0.1423324135499643
site_d4253e2faeb3b528,43,0.08105593239737242,-0.07167635533629463,0.03784923067266544,0.062157952638881506,0.04211959287412068,0.037849230672665456,0.6776219467655652,0.803093629591437,0.28251275960271854,-3.0820832794606687,0.09040979872896922,0.16613527627906977,0.07628458446691215
site_d46dadf54503ff71,88,0.05755055542548123,-0.032684453453529966,0.04736869147681219,0.05799199770244737,0.05598296130379745,0.04736869147681332,0.9653566616387638,0.6550573362690325,0.29146184582076207,-2.876231903910637,0.18714831615205513,0.29595031818181816,0.2758000921581385
site_d47f3d91f6768d70,53,0.03873100445071121,0.021741219737057414,0.03205323805960946,0.023595725819878736,0.045253119045452934,0.0320532380596096,1.917852385253962,0.7385382336765818,0.07950480740533361,1.152284646064043,0.04179561424037477,0.02950818867924528,0.10853577351712256
site_d55e4a9082082245,5,0.06418134225351266,0.05358634099245072,0.03532348726418906,0.08287425173116195,0.05093236396539717,0.03532348726418934,0.6145740432217482,,0.02059622346731265,0.2679317049622536,0.020536246366500855,0.034340708,0.01297052849551844
site_d583e7eb857a6d07,415,0.06337153149381142,-0.007208680308152394,0.06296019323418559,0.08165805495321894,0.04067826670776533,0.06296019323418559,0.4981537550835553,0.6561042101873203,1.6666196666065196,-2.9916023278832435,0.9044454782185427,2.767235744578313,0.686709373674457
site_d5dd2bb3b8af01ea,43,0.07965916367483318,-0.013436697760293648,0.07851775283763783,0.10177320782100992,0.04204411430826405,0.078517752837638,0.41311574242808247,0.6964834634930057,0.2728600413670761,-0.5777780036926269,0.1281498011506574,0.4453847906976744,0.07601142456255405
site_d5fa35b8748ecd00,221,0.11601864497242173,-0.0946658079287585,0.06707242943588848,0.060033626254582965,0.0547187336385211,0.06705850701116008,0.9114680730175594,0.3198410586708663,2.974732041853341,-20.92114355225563,0.23219726663323886,0.7964920181617647,0.6617048982317559
site_d65f83745aba7368,108,0.07940918877586362,0.06500790861911245,0.04560472649857547,0.03172314651309605,0.0403714809011378,0.04560472649857664,1.2726190601701983,0.21723233225795482,0.6810284803004004,7.0208541308641434,0.03004686445494493,0.10868666666666667,0.1760244987763009
site_d68e520b86217ecc,289,0.0904027676626261,0.08566446907710039,0.02888354442933323,0.04461660394612093,0.050651204264126046,0.028883544429333247,1.1352545865053403,0.8234771157294354,2.3618988559071363,24.757031563282013,0.5378184084809001,0.5752953494809689,0.7414423585943978
site_d6e0f79187805dc4,57,0.03501771030919692,-0.0021898785965484484,0.03494916976168697,0.089119622819205,0.07703462832302542,0.034949169761686986,0.8643958074116163,0.9216787436945756,0.06989568201203365,-0.12482308000326155,0.3606731049602753,0.4527115087719298,0.33825703576940014
site_d735284ea202b77e,489,0.14513306425347863,-0.11476661341792478,0.08883822816887428,0.07610930634956983,0.039776696722629984,0.0869274732034447,0.5226259261900998,-0.029988583279849056,10.300103500066532,-56.12087396136522,-0.044394716436736814,2.832594364863196,0.7736887594582365
site_d74ec077de336965,56,0.03730348961675529,0.00893841407128743,0.03621677914278933,0.033292132275187354,0.020401161420023906,0.036216779142789465,0.6127922733032304,0.15674244892422645,0.07792681890489268,0.5005511879920961,0.005961714282631875,0.0620685,0.02330761368800882
site_d7943e43ff597b33,72,0.05016602286588496,0.012528446188569069,0.04857641285933557,0.07444795778401095,0.045558541477961546,0.04857641285933564,0.6119515274030266,0.7751789134461716,0.18119734921299546,0.902048125576973,0.18930280440702207,0.3990598861111111,0.14944181051513827
site_d830d9e3fbd26651,704,0.10782876789470715,0.09267346668738702,0.055124148590544195,0.06944315061280372,0.09090641467864491,0.05512414859054487,1.3090767610115297,0.7958125806468317,8.185438402726202,65.24212054792046,3.5367747849018882,3.3949352215909094,5.817839265726926
site_d8459840bc683e6d,9,0.09148295043405187,0.08909350518385568,0.02077203779539865,0.04536999606799494,0.05104993211043457,0.020772037795401883,1.1251914598786221,,0.07532217198107272,0.8018415466547012,0.01904874550882313,0.018525928888888887,0.02345486011631981
site_d8c17cfcfd29e789,109,0.06838785218297617,-0.016592180273948463,0.06634453918716592,0.10371761736159257,0.06834095305756882,0.06634453918716665,0.658913642600471,0.7777921817125112,0.5097819175558654,-1.8085476498603823,0.6009296514133659,1.1725505124770643,0.5090829592650339
site_d8f779aeecdbd8d2,131,0.11999831581531847,-0.08558788211473073,0.08410891887087761,0.09065674437343546,0.050057414602837705,0.08410891887087768,0.5521642647637994,0.4021645933124721,1.8863470496051917,-11.212012557029725,0.2390802284381317,1.0766425343511452,0.328252563130371
site_d93f1ce9d07f856a,55,0.09607175496347346,-0.06126172995296392,0.07400528727686835,0.10731925031234286,0.04998290149337596,0.07400528727686835,0.46574031544112815,0.795929007818733,0.5076380155968928,-3.3693951474130155,0.23482055807012048,0.6334581818181818,0.13740597429330886
site_da42d7233341c5fa,34,0.10598048069981442,0.04576567898883538,0.09558956489102043,0.1138287907280751,0.07646333976707952,0.09558956489102045,0.6717398935541916,0.5552947739300323,0.381883317838367,1.556033085620403,0.16432660718525158,0.44053778235294117,0.1987858391634187
site_da8bcad340f647ba,6,0.06625879709286653,0.06422138884464901,0.016304643726805283,0.06655862077897948,0.062333024611608084,0.01630464372680547,0.93651316511796,,0.02634136915316195,0.38532833306789405,0.024148843650519846,0.02658029999999999,0.023312435743388038
site_da99bb912bf39167,787,0.10741439040046337,0.06116623661758939,0.08829803374449641,0.08023980321932427,0.0740013240648463,0.08829803374449642,0.9222520631384655,0.34676507954095537,9.080288945636186,48.13782821804285,1.6204641734170888,5.067041278271919,4.309766223156765
site_daa49998006715f8,95,0.07090129094191863,0.04169831905678699,0.05734320574461274,0.07487550960800315,0.05541337075914173,0.0573432057446129,0.7400733704417928,0.6493859717959666,0.47756434043690627,3.961340310394764,0.2559651667617654,0.5326024842105264,0.29171095759455984
site_dabd51f8216ca183,414,0.05588416173791331,-0.011460034031510925,0.05469650037384353,0.06775277996840244,0.044690864579691465,0.054696500373843535,0.6596166917510062,0.5938058415680516,1.2929383667237913,-4.744454089045523,0.7443731213565106,1.9004418260869567,0.826871178028453
site_dad0353659cda19f,170,0.06886000710455234,-0.029277680712061768,0.06232590144202941,0.07133913570920959,0.07499535491734706,0.062325901442029506,1.0512512405959167,0.6382172949420153,0.8060890983346297,-4.977205721050501,0.5804698919501156,0.8651762882352941,0.9561315540604047
site_daf47f9c44bf482f,99,0.05665973768069732,0.02874136961349333,0.04882888025324761,0.052974494924817705,0.04877287710024412,0.04882888025324774,0.9206860238962808,0.5420155240242985,0.31782226153049775,2.8453955917358393,0.13864113976625783,0.27782341414141415,0.23550056052291624
site_dafe0965d62ae39c,205,0.07493864868975078,0.0674890062779915,0.032573533720723476,0.05842314617955921,0.05606282340941026,0.0325735337207236,0.959599526480572,0.8388784939513095,1.1512392188264067,13.835246286988257,0.5632650806075189,0.6997191219512195,0.6443232345701173
site_db96cd85e659d65b,81,0.10867504715879518,-0.08796513867672578,0.06381536063167517,0.06763450176041677,0.03646906854307364,0.06381536063167546,0.5392080608837609,0.37137007181082543,0.9566315358722749,-7.1251762328147885,0.07419675071725139,0.37052849209876537,0.10772942979235167
site_dbd5f7c9c3a46705,3,0.07091574548662272,0.06172602058251699,0.03491334044416459,0.05837128289378834,0.023485032433627075,0.034913340444166004,0.4023388089030037,,0.01508712887377035,0.18517806174755097,0.0041097181111574175,0.01022162,0.001654640245225547
site_dc096381800c2a0d,61,0.03041872572232446,0.015574624981645677,0.026129101233128976,0.028580942169699603,0.0374741509306966,0.0261291012331315,1.3111586982750076,0.718200495357829,0.05644323134877023,0.9500521238803863,0.046922795517009785,0.0498290855737705,0.08566303126657437
site_dc3fa845eee493af,75,0.09422547042186699,-0.04735379940509796,0.08146199701777435,0.08920098255562485,0.05055786885895256,0.08146199701777437,0.5667860085221054,0.4298246575442939,0.6658829457166598,-3.5515349553823468,0.14538211628715195,0.5967611466666667,0.19170735776692838
site_dd81667799d2704b,215,0.06899133465713758,0.05172814890880917,0.04565088025702481,0.0658336481338303,0.07068117844701921,0.045650880257024955,1.0736330197490285,0.7785927541595927,1.023357915421228,11.121552015393972,0.7789337495904156,0.9318248837209301,1.0741032321317654
site_ddb8d9051d38fd31,29,0.030432257207392437,0.012921328739873296,0.02755288627953546,0.04800322026455042,0.04193515068451781,0.027552886279535605,0.873590364425743,0.8205831890618062,0.026857546083369776,0.37471853345632555,0.04790371490732349,0.06682496551724137,0.05099814902506322
site_ddd5a78c36a9e7a3,382,0.051984868420778936,0.006251975993211357,0.051607551200439736,0.07588470319358175,0.04687103080345521,0.05160755120043995,0.617661120501286,0.7439342815846703,1.032326940085217,2.3882548294067383,1.0107800919920285,2.199742484293194,0.8392133279169669
site_de08b55dd68ab719,250,0.11893148838074427,-0.1043615799907446,0.0570382288495578,0.10030286408672485,0.062432140278696986,0.057038228849558906,0.6224362668718642,0.8547483034653819,3.5361747321147776,-26.090394997686147,1.3381346416855306,2.5151661359999995,0.9744430349447246
site_de0c25f31478d5ae,20,0.04256850464030351,0.027815150470733647,0.03222413678598679,0.04058414838332819,0.0446687236039465,0.03222413678598679,1.1006445960634283,0.7182018133250254,0.03624155174623083,0.5563030094146729,0.026039729768037798,0.032941462000000005,0.03990589736811534
site_de2dd333b47cf663,29,0.04716995998942967,0.007883815861981492,0.04650645732431964,0.10077300518059006,0.07565166928650566,0.04650645732432009,0.7507136375553575,0.8995382889293871,0.06452514863672747,0.2286306599974633,0.19887508445849705,0.2945007586206897,0.16597207690920984
site_df32de3b824705c1,130,0.07896113672690251,0.06714209132423768,0.041554791370097405,0.03443732322305598,0.05769685306614705,0.04155479137009765,1.6754163119019274,0.7016005005057548,0.8105319447165972,8.728471872150898,0.18122360091507436,0.15417080000000002,0.43276049098575314
site_df4d1a2cf99eda94,136,0.05797008358416924,-0.025165001235464036,0.05222311081862762,0.07668485253944575,0.05704369046517602,0.05222311081862773,0.7438716849045701,0.7323650078938693,0.45703216034275723,-3.422440168023109,0.43569612305699035,0.7997570588235294,0.4425416365766066
site_df5a72d9e6b0c9b0,180,0.05414513249543974,-0.007545745842324362,0.05361676130308291,0.0787738306094663,0.06286410632102518,0.05361676130308303,0.7980328725244289,0.7352975395708616,0.5277051671307704,-1.3582342516183852,0.6554209643818437,1.11695695,0.7113412554374083
site_df8e2a9486152870,479,0.043420905421635944,0.019462189484550956,0.03881492249254259,0.05472766722265866,0.04185522183889372,0.0388149224925428,0.7647908994294679,0.7073090606018482,0.9030946382369993,9.322388763099909,0.7760707577382349,1.4346613110647182,0.8391407460926599
site_dfda0bf114384539,49,0.08288925488766494,0.004444818899339558,0.08276999553451939,0.07796440841558305,0.05080075113054221,0.08276999553451955,0.6515890027633232,0.22828234025495617,0.33666080021578204,0.21779612606763837,0.04430318178875106,0.29784400000000005,0.12645509945593697
site_dffc4a16666e5428,8,0.10148970940124838,0.09456442205309869,0.03684740419776226,0.050504325309818764,0.06169216064918225,0.036847404197762446,1.2215223205286223,,0.08240128891479875,0.7565153764247895,0.01999551345780492,0.020405495000000003,0.03044738148451609
site_e06c7a98fed0bd3d,30,0.018826232766267978,-0.000706913533806801,0.018812955999135884,0.02199618653817571,0.01993748273073979,0.018812955999135902,0.9064063307581561,0.601310937222383,0.010632811205091063,-0.021207406014204032,0.007911121896530192,0.014514966666666667,0.011925096529156423
site_e0819506e4cfd43e,250,0.08438644276835894,-0.05918905769586564,0.06014754502199578,0.07722653688985412,0.061186975301828976,0.06014754502199606,0.7923050516831812,0.6444152371980638,1.7802679307743798,-14.79726442396641,0.7612570968016983,1.4909845000000002,0.9359614866466572
site_e08b0590bf66e62a,111,0.043053218379316506,-0.03938097314592954,0.01739880935284634,0.026312745231973116,0.029206985546724958,0.017398809352846385,1.109993856180198,0.808499789524318,0.20574733702269998,-4.371288019198179,0.06896929497073093,0.07685202234234235,0.09468832852465266
site_e0a3f27c6c9560a4,56,0.17394777064383096,0.1094755106457642,0.13517743702559235,0.13244723915852033,0.07912416720796073,0.13517743702559235,0.5974014083695656,0.2638398342725078,1.6944383070696938,6.130628596162795,0.1548390344552696,0.982367185,0.35059549483578634
site_e0ceb845349c800e,31,0.050937033353891596,-0.023063041735079982,0.04541670918088874,0.05864159469618785,0.05598352728567655,0.045416709180889026,0.9546726615419943,0.6869273348296441,0.08043202237375942,-0.7149542937874794,0.06990987448706741,0.10660393548387098,0.09715881514772881
site_e0f23347bc3a360e,5,0.15862861419127636,-0.14767791395187377,0.057916068332266486,0.04735145193127663,0.012149588496823885,0.05791606833226649,0.25658323031904384,,0.125815186201224,-0.7383895697593689,-0.002411246176064014,0.011210800000000003,0.0007380625032107763
site_e112cf24dd2b666b,2,0.0739588841626581,0.07271646678447723,0.013499333500862118,0.011499999999999996,0.0019993335009176514,0.013499333500870342,0.17385508703631755,,0.010939833093170957,0.14543293356895445,-4.598467051982878e-05,0.00026449999999999987,7.994668895783263e-06
site_e1c83eb53198657c,16,0.08078502199827693,0.023968933711200957,0.07714732656424422,0.08943485735963076,0.04035117205190479,0.07714732656424424,0.45117947568973893,0.5091858041375009,0.10441951646819342,0.3835029393792153,0.029400806407118216,0.127977499375,0.02605147337539876
site_e1d83ae86567245b,279,0.07533668240249576,0.04797066156582166,0.05808985577837076,0.09997047893539995,0.08168084828145974,0.058089855778371724,0.8170496845797968,0.8138597663437945,1.5834967846006496,13.383814576864243,1.854153967482909,2.7883529677419356,1.861421312298098
site_e217e123676f78e8,634,0.12349387883380261,0.11628575009135796,0.04157357856990623,0.044256155423150145,0.05766349305062582,0.04157357856990736,1.3029485390062232,0.6965855664598799,9.668967961370962,73.72516555792095,1.1270374824637988,1.2417570236593058,2.1080997251269284
site_e236e8f6fb4c7e9a,128,0.023845153367137915,-0.012661416329233906,0.020205936643475295,0.02586381683905867,0.014343393032782174,0.0202059366434753,0.5545737167114972,0.6286005896816382,0.07277969140509807,-1.62066129014194,0.02984896445037448,0.08562393874999999,0.02633381423268662
site_e285e97bc06024be,13,0.057419509103979194,0.03788080978943751,0.04315141104805734,0.07495386904761556,0.06896993048533727,0.043151411048057406,0.920165047671163,0.8233664329041334,0.04286100033464535,0.4924505272626876,0.055333781885986144,0.07303507230769231,0.06183906704497932
site_e3489f2db8b7f610,188,0.05743444533595959,-0.04024413467721737,0.04097712941545956,0.06212729524813025,0.05247594586389357,0.04097712941546133,0.8446520270085772,0.7567661271349034,0.620158516077274,-7.565897319316866,0.46383365395855397,0.7256425531914894,0.5177002801303342
site_e35bffa822780b41,151,0.11140622518796361,-0.04506073232154972,0.10188659093951913,0.09416377956573939,0.048249140062321186,0.10092205069909573,0.5123959582424853,0.11110116312458164,1.8741133986053202,-6.804170580554008,0.0762200119068589,1.338889424697879,0.35152490702977657
site_e4206af93f2d6f2c,175,0.09229789110484984,-0.04816705468259539,0.07873268410010283,0.08711951206549892,0.05018715336867412,0.07873268410010399,0.5760724799622614,0.44710356151694636,1.4908076229204759,-8.429234569454193,0.3421008675152829,1.3282166419428574,0.44078131356889316
site_e44008751f3e2871,30,0.04139207296346084,0.03335446171045304,0.024510887136502995,0.016486704744530768,0.03753023801065117,0.02451088713650304,2.2763941364996727,0.8723609633330404,0.05139911112637397,1.000633851313591,0.016193199153766033,0.008154343,0.04225556295408378
site_e443401d44fc1f23,274,0.09580639098239015,0.07497147945352714,0.05965016195803632,0.08025707237598909,0.04587688242816649,0.05965016195803673,0.5716241705558613,0.6773247794753835,2.515008887541346,20.542185370266438,0.6833209534919393,1.7648881605839415,0.5766846055238204
site_e473611ef37db918,1,0.07028172421455384,-0.07028172421455384,0.0,0.0,0.0,0.0,,,0.004939520758570603,-0.07028172421455384,0.0,0.0,0.0
site_e4827c2c7a3df4be,641,0.04925127579673825,0.045077600144465886,0.01984182785990303,0.024064894785190544,0.034008492578132196,0.01984182785990345,1.4131993047009248,0.8198807998960751,1.5548661154356864,28.894741692602633,0.43011054990169784,0.3712153822152886,0.7413662207270352
site_e4a78bd8d0c42b04,2,0.08003903143651232,0.07886452150344848,0.013661398220062251,0.0793,0.06563860177993774,0.013661398220062251,0.8277251170231746,,0.012812493106590018,0.15772904300689697,0.010410282242298126,0.012576979999999998,0.008616852087250493
site_e4ad3110c632fc3e,37,0.09496896649597414,-0.07079291102451246,0.06330456812891878,0.09002233307843846,0.04323598671338668,0.0633045681289188,0.4802806729716081,0.7663912330435971,0.3337068701005979,-2.619337707906961,0.11036919909856609,0.2998487567567567,0.06916597024196554
site_e526161d153fbae1,108,0.09396049531030437,-0.0658529029339552,0.06702215942603464,0.08910861105679899,0.06224084254963787,0.06702215942603468,0.6984829166506114,0.6601189780767218,0.9534860653274349,-7.1121135168671605,0.39540404834812165,0.8575572129629627,0.41838362797919165
site_e580905782041227,176,0.11373002972907184,-0.10594089291217652,0.0413648023220988,0.05287503761013062,0.0784934165177417,0.04136480232209945,1.4845080035026341,0.8729327072067369,2.2764754605428994,-18.64559715254307,0.6376426467623562,0.49205545,1.0843740928464725
site_e5a46bf8593cb776,159,0.09963714726918914,0.01185743884410498,0.09892907691877244,0.13154045689507898,0.07152716669617389,0.09892907691877277,0.5437655333159312,0.6712958954146282,1.5784822174347912,1.885332776212692,1.0042491767019597,2.7511597962264154,0.8134655565175772
site_e60e5a5f7ff91a10,8,0.14472916777709047,-0.1254674650430679,0.07214185484942655,0.05858643054283132,0.05554936520647067,0.07214185484942655,0.9481609425899344,,0.1675722560435936,-1.0037397203445433,0.0052546183899044975,0.027458958749999995,0.024685855798734835
site_e60f7e42ba2fd8cd,702,0.07354914489468158,-0.053001378004112816,0.05099343726798588,0.07753782631007897,0.06639246744282296,0.050993437267985955,0.8562590751166408,0.7595040365512052,3.7974526537466833,-37.2069673588872,2.744730002769625,4.220504385242165,3.0943877326687064
site_e621c0e748219561,130,0.14493204656287131,-0.13721081481759365,0.046674301473019646,0.06501725078322125,0.04271800981856186,0.04667430147301973,0.6570257786043752,0.6973374926637592,2.730688755717299,-17.837405926287175,0.25178275487772545,0.5495415769230769,0.23722768717163717
site_e692ba92ac3619b9,78,0.09363398046689782,-0.0777691469504283,0.0521467360500932,0.05932681468080804,0.0486850667102586,0.052146736050094074,0.8206249901026289,0.5488681446425985,0.6838511392498814,-6.065993462133408,0.12365435862292848,0.2745343333333334,0.18487838620542174
site_e6f2aca5e6ecbaba,167,0.12372285739549387,-0.11793693302048895,0.03739285054427407,0.037831817415747426,0.04198467453082414,0.03739285054427463,1.109771546776077,0.5652805230230669,2.5563266888316534,-19.695467814421654,0.14994379172303718,0.23901815029940116,0.29437305354169196
site_e6f4ed93ce9ba081,116,0.08394227357934159,-0.02855596726233589,0.0789358095377594,0.10986853293969592,0.0721486607441605,0.0789358095377595,0.6566817523973046,0.6967229953599801,0.8173714140656074,-3.3124922024309633,0.640648381506703,1.4002469655172414,0.6038297926724121
site_e722a68e19572b18,15,0.04514139762347666,0.043793112608591714,0.010950299879548016,0.01038992246789594,0.01417835185085646,0.010950299879549638,1.3646253756624724,0.6417233927476976,0.030566186691012357,0.6568966891288757,0.0014180031198263168,0.0016192573333333332,0.0030153849181002723
site_e755ae9494167172,176,0.1118984215276628,0.06594696312506089,0.09040052430691076,0.13551439769330695,0.07804146388073112,0.0904005243069109,0.5758905711063467,0.7697978691983953,2.2037411863073215,11.606665510010718,1.4328483199239286,3.2320907488636363,1.071922734897953
site_e7895d956d62a46d,90,0.028717178427051706,0.005155481133858362,0.028250616826709363,0.03150423056051166,0.009999507878768236,0.028250616826709447,0.317402066353016,0.4672766703420844,0.07422087031300115,0.4639933020472526,0.013248420747203959,0.0893264888888889,0.008999114203579323
site_e7920aa397fb1716,99,0.04989717329905094,-0.021898057405695767,0.04483528727567577,0.09645427835761575,0.07322693040613316,0.04483528727567585,0.7591879971838635,0.895888239464003,0.24648306242031665,-2.167907683163881,0.626442704172485,0.9210393535353536,0.5308561503337623
site_e7d7202b18581b5a,73,0.24697584461370437,-0.2413848826330002,0.05225328945535738,0.058260075884856294,0.033574936407916464,0.05225328945535745,0.5762940727072362,0.4578309821922093,4.452785951053643,-17.621096432209015,0.06537538863698097,0.2477792602739726,0.08229117390008134
site_e7defe0b5f5d29b7,231,0.06539212654470103,-0.01714799258512852,0.06310369691498724,0.10492177169239797,0.06643983785828442,0.06310369691498725,0.6332321384456593,0.8205980106351195,0.9877860794428228,-3.961186287164688,1.3214070483500306,2.5429815584415585,1.0196922246207132
site_e7df8a81d2875ad9,50,0.0653274147073546,-0.008950759913921354,0.06471132056533872,0.11438415274853418,0.06852693292544175,0.06471132056533883,0.5990946409866197,0.8670218612343109,0.21338355561733455,-0.4475379956960677,0.3398029981714487,0.65418672,0.23479702680839964
site_e7ee204eaac12eb2,47,0.059021447169655426,-0.024768668630021685,0.05357279421774272,0.09823004475756789,0.053939027566075284,0.05357279421774282,0.5491092638631796,0.9142812544135138,0.16372596762202007,-1.1641274256110192,0.22768012852744857,0.4535096595744681,0.13674267865436998
site_e813e7562543b91c,20,0.11598050127443627,-0.08473659859597683,0.07919081723441053,0.10038818406565585,0.03439366942112969,0.07919081723441054,0.34260674940225583,0.7225505294802138,0.2690295335173903,-1.6947319719195366,0.04989526461996138,0.20155574999999998,0.023658489924999027
site_e84e6fd19eaae8f3,84,0.1493695167606909,-0.11681685818675022,0.09308638021052819,0.1077720028923389,0.0993998134680243,0.09308638021052847,0.9223157295065012,0.5988346792206106,1.8741452131350747,-9.812616087687019,0.5388622404566211,0.9756435870238096,0.8299471250681543
site_e894534d7e7a123f,174,0.1526340090489889,-0.12109767883728291,0.09291120975742977,0.09238506886898627,0.020548565740275998,0.09291120975743082,0.22242301696409914,0.08553384786818649,4.053702484995828,-21.070996117687226,0.028253389662880997,1.4850901652873563,0.07347037839294535
site_e8fdb2dcaaa2ec50,118,0.08543202646486403,-0.023081511585389153,0.08225493887194113,0.08065588476573,0.07470989954194117,0.08225493887194138,0.9262795859092077,0.4415241135415032,0.8612384752154008,-2.72361836707592,0.31394288621688793,0.7676338661864407,0.658625152568899
site_e908f29f409c402b,51,0.014965483517984005,-0.007926221770632498,0.01269412089787246,0.02258828295201944,0.01646757190655882,0.012694120897872677,0.7290315931289759,0.8337551228109978,0.011422250543279595,-0.4042373103022574,0.015816904019133427,0.026021756862745098,0.013830227149381952
site_e9578e4592e63187,8,0.02661482810145262,0.00807276314869523,0.02536098519409174,0.018289341158171882,0.031924425801589384,0.025360985194091846,1.7455208214170794,,0.005666792598958977,0.06458210518956184,0.0028419575709849594,0.002676,0.008153351702089487
site_e98d1003be09654d,174,0.08457594085265786,0.07265827678024084,0.043288157577312025,0.03720863645046457,0.05331093889520149,0.043288157577312934,1.4327571225614175,0.5930232442222442,1.244637620173537,12.642540159761905,0.20468265939786517,0.24089997701149427,0.4945177798244959
site_e99ab7a415991029,162,0.13081333331707656,0.11869582777185203,0.05498571308148516,0.04860985967426981,0.05548490516337464,0.05498571308148588,1.1414331482372893,0.4482689654465077,2.772164764110981,19.22872409904003,0.1958632257523728,0.38279279012345674,0.4987291015601658
site_ea33c67804056e7d,182,0.09777944329073196,0.032798999406806716,0.09211430490514357,0.09435775635973616,0.06028943129060266,0.09211430490514579,0.6389451552954585,0.35624156417045266,1.7400691545046751,5.969417892038822,0.3688372453610812,1.620416285714286,0.6615364256126623
site_ea99257f5d54ddf2,142,0.12737722723503925,-0.11063812827476315,0.06312022330397668,0.08630036744962383,0.056660096520540576,0.06312022330397668,0.6565452522970404,0.6824384339979579,2.3039440385683285,-15.710614215016367,0.4738509732496361,1.057580985915493,0.4558720483558103
site_eafced833314a87c,939,0.050887543311084936,-0.028619506890337057,0.04207690446778964,0.05705850238702884,0.055274787784345816,0.04207690446778964,0.968738846481037,0.7198252717302179,2.431579998319055,-26.873716970026496,2.1317689612570345,3.0570766602768904,2.868928732563593
site_eb3bc9a7aee9d6f6,324,0.03734962031398726,0.004414465502640347,0.037087823229801566,0.048606134861892365,0.03284018844581303,0.03708782322980171,0.6756387550485943,0.6470000257423281,0.4519781005820792,1.4302868228554724,0.33461548601392155,0.7654682561728396,0.3494268645987098
site_eb828ca3e955ad1d,72,0.07270988006367059,0.06113562133577134,0.039359401199237525,0.035015998878643116,0.05250476748205104,0.03935940119923808,1.4994507985912304,0.6618708775271538,0.380644319438882,4.4017647361755365,0.08761349962982866,0.08828065277777777,0.1984860438007856
site_eba5cbc1dd84d08d,137,0.06300773136901348,-0.05462790015435567,0.0313969224128021,0.04200977355463329,0.03977623075655439,0.03139692241280216,0.9468327817769785,0.7065279381576061,0.543886467080958,-7.4840223211467265,0.16174239661655776,0.24178048715328468,0.2167543490482169
site_ebf4f84d79acafd6,8,0.08807288849471406,0.08166291757673025,0.0329848689653074,0.05560539542166749,0.08703820678784562,0.03298486896530846,1.565283478838995,,0.062054669502418704,0.653303340613842,0.03831843144074082,0.024735679999999996,0.0606051955267502
site_ec20e4065643efdb,232,0.0665030818876597,-0.016780261737776213,0.06435124487194087,0.08330052171121309,0.0540232389216241,0.06435124487194127,0.6485342205768205,0.63513291529688,1.0260570969291711,-3.8930207231640814,0.6631029271474558,1.609842644827586,0.6770943997112284
site_ec919d9a24ddf81b,54,0.11416106634602342,0.10519544455960944,0.0443471251961984,0.04855266327516042,0.059976048394342445,0.04434712519619851,1.2352782391038524,0.6847225701426919,0.7037684497401028,5.68055400621891,0.10767113943149648,0.1272975,0.19424482457402736
site_ecbc4520bb039c64,117,0.2151676911877283,0.01776239572758348,0.2144332824658391,0.17172270627834763,0.09124696406423352,0.21443328246583923,0.5313622527956793,-0.26060516936168776,5.41676483373374,2.0782003001272673,-0.47776577510465024,3.450176478632479,0.9741429887599244
site_ed130293b294c5a2,39,0.0772270801395519,-0.04500839202373457,0.0627556097438197,0.054385126389359315,0.022615209845100966,0.06275560974381973,0.41583446332719615,-0.19069234296338197,0.2325968543683501,-1.7553272889256482,-0.00914699887908422,0.11535193692307688,0.01994646093718011
site_ed8668d708cd9f42,70,0.09773669793176806,-0.07916219901357378,0.05732197109260124,0.09594681881551013,0.05799541473218064,0.0573219710926013,0.60445375311188,0.8341713175259658,0.6686723485823972,-5.541353930950165,0.32492081302915304,0.644405442857143,0.23544276909703443
site_ed9138fe753e1f02,20,0.05815167464699545,-0.030937631027698514,0.04923901147102772,0.04288317239897253,0.016442452854343235,0.049239011471027744,0.38342435819270665,-0.22348425071217728,0.06763234528500027,-0.6187526205539703,-0.00315159519776702,0.03677932949999999,0.005407085117346
site_eda005e51a299a0e,329,0.2047760946583053,-0.20062295384347256,0.04103266180285026,0.07235669123153658,0.07898252349921668,0.041032661802850506,1.0915717973680952,0.8565352284751847,13.796038902413873,-66.00495181450248,1.6104632989679404,1.722476462006079,2.05238063702212
site_edb67bacc6a2f615,2,0.0839414779831525,0.08022540494203567,0.02469931432008743,0.07665,0.0519506856799131,0.024699314320088553,0.6777649795161527,,0.014092343451992154,0.16045080988407134,0.007964040114730595,0.011750444999999998,0.005397747485226256
site_edc41c47fa42988f,103,0.023809916271683454,0.008871253439581511,0.022095541977405528,0.021369083293466096,0.019999898415612668,0.02209554197740553,0.9359268313455414,0.43102288058169425,0.058391947625051385,0.9137391042768956,0.01897366513137534,0.047033685242718455,0.04119958147338709
site_ee1921e55841ea0d,206,0.11085107520944379,-0.09036126385701514,0.06420905597540472,0.08555681359390584,0.04828298295925401,0.06420905597540484,0.5643382558451567,0.6691472608972201,2.5313199402684914,-18.614420354545118,0.569426428432929,1.5079134805825243,0.4802367673493843
site_eef5f3ba42e04423,79,0.047818065380739835,0.023377887169620654,0.04171380788469443,0.029943061386108267,0.0543784091176775,0.04171380788469474,1.8160604360550032,0.649024625183832,0.18063882276378004,1.8468530864000317,0.08348548313647132,0.07083036708860758,0.23360389887539146
site_eefad9fa85f80180,151,0.07400239425035196,0.06263924074291394,0.03940405910481552,0.03970231760324784,0.056168855069681785,0.03940405910481637,1.4147500312446974,0.712665103589598,0.8269295075724632,9.458525352180004,0.2399793493874026,0.2380173774834437,0.47639598225567653
site_ef1a0b7a4f85647e,128,0.12097829877734695,-0.07572526126168669,0.09434740898355566,0.10085710807870707,0.060954047885971224,0.09434740898355569,0.6043604565620083,0.4055305227615456,1.8733758432078114,-9.692833441495896,0.31911159179359677,1.302036,0.47557068207171493
site_ef1b5625cbf889df,183,0.09578210172050963,-0.02560894166732746,0.09229514134924696,0.12119144356353147,0.05819341274206674,0.09229514134924693,0.48017756890205165,0.6774467890350321,1.678880614829644,-4.686436325120925,0.8743233239056878,2.687787976721312,0.619724611442042
site_f005fd2353ec048d,130,0.12578808097741143,-0.10304327038966694,0.07214378520275887,0.08307237396376928,0.05630547492560646,0.07214378520275924,0.6777882012877496,0.5202216421657972,2.056943371077376,-13.395625150656702,0.3163290051475167,0.897132511076923,0.41213984585775276
site_f059546b5612f674,32,0.11805887322538124,-0.06761589084565639,0.09677803910182783,0.12720319313503886,0.04103989823044537,0.09677803910182785,0.3226326102276177,0.8140110725042148,0.4460127215118925,-2.1637085070610045,0.13598298780992626,0.517780875,0.05389674389649002
site_f07b80b3214910ba,44,0.09501543042646238,-0.04437461599707603,0.08401681661571068,0.09835446468331012,0.06074017600332228,0.08401681661571206,0.6175639936519257,0.5276257955308056,0.3972290088415402,-1.9524831038713455,0.13869117305597123,0.42563843181818184,0.16233223516024098
site_f0ccb43d6f9d9cfd,309,0.05073829041808832,0.04466017829986066,0.024079920863136747,0.025492549272102424,0.027606762085032002,0.024079920863137247,1.0829345386513876,0.5912191795590236,0.7954816013960344,13.799995094656943,0.12856884243123498,0.20080985113268607,0.2354991936612442
site_f1050af72de062ae,91,0.08997668133404703,-0.07727434408297905,0.046092070146978706,0.06255148363789058,0.037755213933709356,0.046092070146978734,0.6035862259043066,0.6803871527936203,0.7367180897338668,-7.031965311551094,0.14622177360915878,0.35605461758241763,0.12971651230539466
site_f1573be180b99853,119,0.05274482809738338,-0.04658178026390676,0.024741759001082157,0.04469950703262642,0.03650330789452031,0.02474175900108217,0.8166378181279794,0.8330012618092714,0.3310600100316803,-5.543231851404904,0.1617437752751931,0.23776746554621847,0.15856648698181575
site_f2457bdf17f809aa,15,0.07710601305240988,-0.06938183644612629,0.033637746954892564,0.04126600968782365,0.048396534688915964,0.03363774695489257,1.172794148381066,0.7294486032680518,0.08918005873257606,-1.0407275466918944,0.02185207578937213,0.025543253333333335,0.03513336854843169
site_f2e692f63befa2ca,575,0.09663006431943713,-0.002798606444338093,0.0965895291030465,0.1344642444121515,0.07461477988280774,0.09658952910304652,0.5549042439423757,0.7135668657833152,5.36898736496767,-1.6091987054944035,4.116557615108437,10.396363989565216,3.201235091751914
site_f35139d0576344b1,63,0.07898068991591405,0.06671299975022436,0.04227676718861473,0.06413612224691127,0.09320332278193827,0.04227676718861493,1.4532110691557572,0.9211717764624432,0.39299081091440735,4.202918984264135,0.346908760082154,0.25914685714285707,0.5472721407884329
site_f39ad74b903eb489,68,0.11550605093289501,0.10345713603759513,0.051364080883542225,0.07388664398366968,0.09285736214218628,0.051364080883542225,1.2567543623000321,0.8339595100333943,0.9072320505436524,7.0350852505564685,0.3890775399775628,0.3712280588235294,0.5863292998723488
site_f408269ff3bfc904,433,0.05648545439261962,0.02653988856049663,0.049862218895042484,0.06692052862627104,0.04039753755206409,0.049862218895042616,0.6036643520506382,0.6702752799919254,1.381532639588328,11.49177174669504,0.7846127395099911,1.9391286466512703,0.7066391304370956
site_f40d91148ce5f169,100,0.09136703213747291,-0.04536926902067661,0.07930677140156117,0.08172392327831551,0.07495593976463949,0.07930677140156137,0.9171847943395074,0.4903631385339694,0.8347934561610006,-4.536926902067661,0.30038142759303754,0.6678799635999999,0.5618392906000262
site_f41236f6a73e8c51,344,0.11086604251579879,0.09100337916733915,0.06332191060952289,0.08022211993946854,0.07047748726988096,0.06332191060952432,0.8785293547846855,0.653801912170427,4.228200107791527,31.305162433564668,1.2715960647095168,2.213842453488372,1.7086742168854236
site_f459e887bba62073,76,0.08864475701888389,0.06931476631603743,0.05525718159198937,0.04930889935297341,0.06910820559227124,0.055257181591989404,1.4015361628246097,0.6095045062955817,0.5971998639672094,5.267922240018845,0.15785030968761757,0.1847839342105263,0.3629717500939559
site_f468c03f1fedb166,24,0.09840909316721996,-0.061936176156004275,0.07647391516829113,0.08441858956348944,0.039864418171380395,0.07647391516829169,0.47222321976132053,0.42602622955347663,0.2324243908318699,-1.4864682277441026,0.03440892478637397,0.17103595833333332,0.0381401240674244
site_f4812d36f8b87671,83,0.0924072308567415,-0.06199225389885615,0.06852778101726974,0.06853445413576326,0.05612395765632496,0.06852778101727024,0.8189159505837206,0.409576869145659,0.708744994112723,-5.1453570736050604,0.13075875010511961,0.3898486265060241,0.26144158570974346
site_f48c6b207c3fab2d,284,0.15678711972637493,0.1520789964035363,0.03813370903788161,0.04645192347155819,0.038722500881524506,0.03813370903788161,0.8336038206304568,0.6123842409747003,6.9813450590343065,43.190434978604316,0.3128307575312719,0.6128098591549297,0.4258387091635851
site_f4ae282ac466260d,9,0.1307732451441389,0.12030500467618305,0.051267411631489866,0.022557372669005475,0.05677307601447137,0.051267411631490296,2.5168301666833446,,0.15391477480976146,1.0827450420856475,0.004966513769163026,0.004579515555555557,0.029008639441304496
site_f4e6d6d6c1cafad7,124,0.05202088463950994,0.026897399504338542,0.044527545840537974,0.04518406323870869,0.06631671957195684,0.04452754584053799,1.4677015482561568,0.7436785800664566,0.335565382395973,3.335277538537979,0.27632188067176655,0.2531583467741936,0.5453405045534098
site_f4e907a8ba8d1abb,25,0.19458139209378128,-0.18587957198905944,0.057538707548205455,0.07287956377476473,0.04300426842556084,0.05753870754820548,0.5900730767059215,0.6142202458823406,0.9465479537288463,-4.646989299726486,0.048126188156247134,0.13278577039999997,0.046234177570442236
site_f5ae0072aa9d0a04,65,0.15897324033692847,-0.13833181646640483,0.07833772843482066,0.10741916563426719,0.0515669048197523,0.07833772843482069,0.4800531126384231,0.727642582935014,1.6427119243094834,-8.991568070316314,0.26198975146252373,0.7500270144615384,0.17284446872481052
site_f5fb4b6c3b6ce99f,102,0.06309713397063874,0.016905560577616975,0.060790215798804795,0.06258778072467487,0.055578898647708444,0.0607902157988048,0.8880151685230913,0.47588571259349344,0.4060873281614908,1.7243671789169315,0.16885049063741575,0.3995574901960784,0.31507942543900924
site_f617214b073c06c0,689,0.05184883699116472,0.015799978804917052,0.049382816516482166,0.05048433233973089,0.06826911876922981,0.04938281651648228,1.3522832848381041,0.692100525086886,1.85224000726476,10.886185396587848,1.6434985097530845,1.7560321223222062,3.211203405916245
site_f645d63c8edb6a7a,176,0.10065537031253115,-0.013025915126028383,0.09980896306385655,0.11337114285856807,0.06997990923992979,0.09980896306385659,0.6172638598803807,0.49084111931631236,1.7831446288044888,-2.2925610621809955,0.685376966771585,2.262130821818182,0.8619050347122708
site_f65ec349d3fa498b,397,0.1781423654404691,0.17409033353592945,0.03777907005306607,0.026685419576828063,0.04070644326508823,0.03777907005306673,1.5254188958091237,0.43353369429172867,12.59867683879608,69.113862413764,0.1869607994313204,0.28270831234256927,0.6578347657476573
site_f695cfa2b198ee8e,37,0.02111414218504808,0.007652444607663799,0.019678594760222698,0.0214687688296765,0.0131567386099048,0.019678594760222726,0.6128315374898492,0.43680805329078853,0.016494859007785797,0.28314045048356057,0.004565073212226098,0.0170535972972973,0.006404691521426309
site_f6a13c8718860659,32,0.02530863376201826,-0.006168739237822593,0.02454533762480603,0.03236991695135315,0.033513022202943665,0.024545337624806263,1.0353138147777279,0.7229169928965716,0.020496862172799057,-0.19739965561032297,0.025095369303948244,0.03352996875,0.03593992502959985
site_f6e487124edabf8f,133,0.10009407585454397,-0.08582035040299694,0.051513993029875124,0.08439375235256907,0.054229853536346545,0.05151399302987632,0.6425813762823606,0.809486572081022,1.332503594816302,-11.414106603598594,0.4927311496937409,0.9472666230075188,0.39113664293828854
site_f7b6fd0b704f24d5,64,0.0887547634290287,0.034165677729249,0.08191528854032043,0.08017830495799659,0.05211478067601766,0.08191528854032061,0.6499860617322766,0.29130204005314336,0.5041541140059425,2.186603374671936,0.07790068653449415,0.4114278775,0.17382082335420312
site_f801eca3ddf0629c,849,0.04606981340986159,0.02202453366301787,0.04046415233939859,0.047011938799655636,0.056673579062760604,0.04046415233939926,1.2055146099010863,0.7102465661742231,1.8019411237689242,18.698829079902172,1.6065921301347896,1.8763939088574795,2.7268984846517474
site_f80bf9d30cd43152,124,0.024260152276344687,0.015313804211131024,0.018816014164922863,0.019698500407753276,0.018923220582637863,0.018816014164923164,0.9606426982223345,0.5259118285177733,0.0729808185704576,1.898911722180247,0.024308762001687842,0.04811583387096774,0.044402946375176985
site_f8577ef511842081,219,0.08522539656886956,-0.04979463086264318,0.06916547518505302,0.07858698888785544,0.06233930726173995,0.06916547518505345,0.7932522691599608,0.5386995431675525,1.590677640250317,-10.905024158918856,0.577967399876143,1.3525253461187212,0.8510754413423236
site_f85796d856927f97,73,0.037171635282361636,0.01749730666859509,0.03279595598408515,0.10187417131815199,0.09096393504002073,0.03279595598408517,0.8929047850209382,0.9483892131142373,0.10086632427823862,1.2773033868074415,0.6415681478747564,0.7576193150684932,0.604033935891453
site_f863ed028d428c3e,85,0.08810504128126613,-0.04255665627928341,0.0771455073578529,0.09495401524096084,0.05201266487976488,0.07714550735785294,0.547766882187915,0.5841641415465809,0.6598123554297568,-3.6173157837390897,0.24523150304292932,0.7663825258823529,0.22995197117105182
site_f8923c8bedba827f,29,0.06610353798709338,-0.03932024842295154,0.05313751780398174,0.06536619612398584,0.07014743839163595,0.05313751780398179,1.0731454872879724,0.6945943446837806,0.12672065429792187,-1.1402872042655945,0.0923622001987593,0.12390944827586206,0.1426992302743425
site_f8bf18cf05681ba1,521,0.060854361551884756,0.03644553227216405,0.04873373059069208,0.06413669338200492,0.06440968425176784,0.04873373059069242,1.004256391394189,0.7125528832900853,1.9293949796613925,18.988122313797472,1.5336016283699754,2.1431415431861804,2.1614244686398756
site_f9474c251f4c85b7,278,0.10287898429814912,-0.0843058295327125,0.058962806217309885,0.06737369251298479,0.03404842972506582,0.05896280621731034,0.5053668346662719,0.4842912088076531,2.9423757440408305,-23.437020610094073,0.3088437514654059,1.2619016151079139,0.3222841675544833
site_f956c78502603f81,228,0.05098036099300363,0.02920659212375942,0.041784831978761386,0.05377132362069216,0.045931946681676654,0.04178483197876241,0.8542089647203928,0.6589801519530082,0.5925713631907483,6.6591030042171475,0.3710844536491654,0.6592289956140351,0.4810215695207922
site_f9b796db02c200aa,619,0.10490319117425069,0.08667004036070457,0.05910146886850807,0.0436637165351701,0.07771110140618573,0.05910146886850933,1.7797637849629968,0.6561078318548333,6.8118966219771195,53.64875498327613,1.37806478241284,1.1801359676898222,3.738150459410976
site_f9f0235d2e05c1c5,86,0.1223776200277592,0.025911059885246803,0.11960308883670925,0.13398621998457327,0.04386776207465007,0.11960308883670953,0.32740502776853364,0.473978932876455,1.2879602419946405,2.228351150131225,0.23958691994416162,1.5438984145348835,0.1654967272516772
site_fa6684a460ee051b,87,0.02502857858221746,0.012373920246924477,0.021755823210556458,0.025409193582436075,0.034123056160878865,0.021755823210557024,1.3429413275227349,0.7708382858908268,0.05449938788862241,1.0765310614824295,0.05814619929641485,0.056169559310344834,0.10130131767298889
site_fa67fc8ac26d4830,132,0.07891765525117783,0.06893515606360001,0.0384179719510396,0.06730838360274266,0.05253675863458585,0.03841797195103961,0.7805381116364396,0.8221604602175768,0.8220955129653758,9.099440600395202,0.3837628701859803,0.5980152424242424,0.3643346530333925
site_fa6f730253456586,123,0.03768807615033362,-0.019458655848687258,0.03227618001678165,0.03858576805590042,0.037842939066647756,0.03227618001678178,0.9807486276241411,0.6434732201884724,0.17470810332134157,-2.3934146693885325,0.11557066083718846,0.18312996406504067,0.17614682857584785
site_fa8f84308360a237,255,0.06752751702880468,-0.037224090188858555,0.056341216402268336,0.08446777864135166,0.061026844749237946,0.05634121640226858,0.7224866775336498,0.745397080518366,1.162791216799254,-9.492142998158931,0.9798054647280012,1.8193754352941178,0.9496903239121357
site_faac0be9a66c6585,533,0.08563362370494472,0.04497772434885015,0.07287058268765884,0.0802532364799751,0.07758616521266963,0.07287058268765932,0.9667668073676882,0.57416094525091,3.9085516322117577,23.97312707793713,1.9054945015850815,3.432830187617261,3.2084537462732863
site_fab524c655a9dd78,4,0.09801016388618897,-0.05529523283541203,0.08092236681335509,0.11416458513917528,0.03748041288066483,0.0809223668133551,0.328301572987572,,0.03842396889999048,-0.22118093134164812,0.015779808798059822,0.05213421,0.005619125398820424
site_fadb31acf1acd232,565,0.041414675283879286,-0.0009824563366121965,0.04140302052285331,0.037817834341110856,0.031219019951657608,0.04140302052285338,0.8255105162835876,0.292471961527783,0.9690740608110764,-0.555087830185891,0.1950961081532514,0.8080565557522124,0.5506643718092277
site_fb12f9388775927e,36,0.04413457032151128,-0.022141438504887954,0.03817875061338034,0.058105241896084285,0.041074812671051716,0.03817875061338033,0.7069037376095968,0.7553944557359802,0.07012297070871927,-0.7970917861759663,0.06490336272058389,0.12154388888888888,0.06073704849463167
site_fb318c5726a2f05c,229,0.054764815967912876,-0.025171327237479033,0.04863732469105503,0.06367017176423491,0.04846986132316647,0.04863732469105678,0.7612648117653292,0.6541669569245327,0.6868133805718546,-5.7642339373826985,0.4623085063101162,0.9283409868995633,0.5379959875813205
site_fb4c3069d7e94bed,118,0.023656322034706998,0.01508287967438415,0.018224387861813452,0.015938574997119745,0.012040944977548743,0.018224387861813525,0.7554593167660634,0.17428038476208668,0.06603534552075215,1.7797798015773296,0.003946758741247704,0.02997650440677966,0.017108154002378043
site_fb501c568fd614c3,94,0.06955117200749014,-0.019777772539219956,0.06667987133312689,0.06920450863485399,0.05435504814574629,0.06667987133312693,0.7854264009378582,0.4383131394875587,0.4547123595958551,-1.859110618686676,0.15498391156583388,0.45019081744680856,0.2777202983390814
site_fb66aa74c523bf6b,430,0.11055478978950592,0.0981637147110562,0.050855153716493795,0.0497236059932219,0.07312272732188012,0.050855153716494225,1.470583757176579,0.7196411645064855,5.255615464522792,42.210397325754165,1.125121570652654,1.0631479069767442,2.2991812979257142
site_fbbe7c46acc177a1,41,0.05177829991726776,0.03366062508632497,0.0393440549653998,0.023180152128636305,0.026531128950538177,0.039344054965400076,1.1445623308814328,-0.24937934712144363,0.10992068603522376,1.3800856285393237,-0.006288055302984105,0.02203009756097561,0.028859932938993485
site_fbcf22b1e9843130,94,0.11439526128170861,-0.020180370032153234,0.11260119212990487,0.1116111889197399,0.06537721393145447,0.11260119212990488,0.5857586014827556,0.2776692012637884,1.2301099255487757,-1.896954783022404,0.19045382884873985,1.1709634042553196,0.4017729295352815
site_fc3e5e33830dc393,21,0.037721270542673824,0.005864021722759521,0.037262682412684635,0.07398777247755521,0.06502745047086425,0.037262682412685266,0.8788945564024224,0.8640453229730863,0.02988077927842543,0.12314445617794995,0.08729964904859662,0.11495800000000002,0.08879995560955477
site_fc969b6a7d772c7d,88,0.07979541495820378,0.045811935155906466,0.06533433129391432,0.06332166402843957,0.04669868499108701,0.06533433129391521,0.7374835407059626,0.3249578095745543,0.5603231258549699,4.031450293719769,0.08456032066258856,0.3528477159090909,0.1919075118309162
site_fca46353b779e0c3,13,0.06920123473518047,0.06803840673886813,0.012632739105589541,0.011665454994842098,0.012071012814381117,0.01263273910559703,1.0347657095002585,0.43392779706095863,0.06225454155535612,0.8844992876052857,0.0007943396063951348,0.001769076923076924,0.0018942215547443908
site_fd9f51d6899fafaa,46,0.05499815802460586,0.022694389882295034,0.05009752542760872,0.06476356956877241,0.047751437926538055,0.050097525427609334,0.7373194257896921,0.6410168200573189,0.1391406797605778,1.0439419345855716,0.09118942740753941,0.19293871739130433,0.10488919190639279
site_fdbd79ba7196fbc0,8,0.10262369720930131,0.08937928500771522,0.05042783596800451,0.055083219711178834,0.053064319789643155,0.050427835968004646,0.9633481860333963,,0.08425298583125086,0.7150342800617218,0.013228065952286122,0.024273288750000004,0.022526576277900112
site_fe445170e29174a0,133,0.03280407034463732,-0.0047017884171995025,0.03246536950129788,0.051508748070784524,0.07466584441822706,0.032465369501298885,1.4495759888324116,0.9326889467481756,0.14312223514639658,-0.6253378594875338,0.47708025903776285,0.3528691,0.7414734469173562
site_fe8014b9bedb3a60,34,0.06809415531443437,-0.0058923899881980005,0.06783873324446216,0.09546928345308234,0.053382031681406546,0.06783873324446232,0.5591539995965377,0.7222757341175224,0.15765167559153456,-0.20034125959873203,0.12515283824152806,0.3098890588235294,0.09688780441877953
