physical_site_id,n,rmse,bias,ubrmse,observed_sd,predicted_sd,within_series_ubrmse,amplitude_ratio,r,sse,sum_e,anom_xy,anom_yy,anom_pp
site_0089d624f3191d41,19,0.03422982575011995,0.007577847088638106,0.03338049137422626,0.027497469034878458,0.03093527906248164,0.033380491374226495,1.1250227802145203,0.3519960073834641,0.02226193844678792,0.143979094684124,0.005689028351322601,0.014366105263157892,0.018182838322798683
site_008c2bef2cb4aaa3,42,0.027563505436869105,0.00847170725251947,0.026229315816389903,0.04564469529547525,0.03950710065177853,0.026229315816389903,0.8655354230329337,0.8196887093036626,0.03190936694266913,0.3558117046058178,0.062081716248942986,0.08750440476190477,0.0655540620802099
site_00edf1317915280d,216,0.0988362875002095,0.09218203302555612,0.03565227221509654,0.0416768380074971,0.032037316992772145,0.035652272215097126,0.7687079568514545,0.5588107649799631,2.1100201329939985,19.911319133520124,0.1611645111683066,0.37518310648148145,0.22170017090059924
site_01183702de237e95,654,0.06396710285181012,0.03568640332293073,0.05308738894621935,0.08191912268218,0.055065129958767924,0.05308738894621937,0.6721889609634006,0.7675475049107944,2.676030821704151,23.338907773196695,2.2643573889782718,4.38882570030581,1.9830382234439046
site_01e54199a3b60966,138,0.13778429383959248,-0.13096848318244775,0.04279915935814705,0.06063687222785308,0.04196427618184857,0.0427991593581471,0.6920587200500854,0.7085765098839791,2.619862604784773,-18.07365067917779,0.24881832680227672,0.5074025777536232,0.24301806561437195
site_026dbe6171ec07f4,71,0.04205915340964131,0.0022494898547588934,0.0419989545218578,0.0623497612794217,0.03581454231533425,0.04199895452185783,0.5744134633464059,0.762700186077278,0.12559703937303768,0.15971377968788142,0.12092230071346736,0.276011983943662,0.09107038232923759
site_02b6ac3cafd20e22,104,0.05596698512607015,-0.03518446458658347,0.043524210226691215,0.050130688072770435,0.04600050902939797,0.04352421022669123,0.9176117623325449,0.5929600524472367,0.3257595561065828,-3.659184317004681,0.14220834377130778,0.26136093221153844,0.22006887042022732
site_0312a18810484838,58,0.08110556418645673,-0.056713419067448596,0.05798017453995298,0.057037839204077095,0.041575305188278164,0.05798017453995408,0.7289074370353487,0.3416007388074826,0.38153052743620025,-3.2893783059120185,0.04698349342366744,0.18869227586206894,0.10025334808691122
site_0322f6b7744e5e7d,83,0.021165427309548342,-0.0046870685169495725,0.020639929794289393,0.048264746403469304,0.034915882179761756,0.020639929794290704,0.7234241300655001,0.926473530058824,0.03718195099524931,-0.3890266869068145,0.12958781168256178,0.19334731686746987,0.10118686275645339
site_0430e77fe9702577,394,0.07928872728454882,-0.014438916770758365,0.07796293963730888,0.06308981520330414,0.05166796608601339,0.06993945222951305,0.818958906750886,0.2697126151395974,2.476960696115001,-5.6889332076787955,0.34640017516656707,1.568247964260504,1.0518140154693791
site_0472cafe265e9bf9,112,0.1011791234430698,0.09368908350382532,0.03820432767267608,0.05345248029673131,0.0413338133706238,0.03820432767267692,0.7732814855581437,0.7029257654068536,1.1465680823192912,10.493177352428436,0.1739405429836895,0.3200027767857143,0.19135022230884657
site_047754da87a40137,94,0.028771986899387886,-0.020265193989555886,0.02042422930502437,0.02643204199540929,0.015450278110535343,0.020424229305025233,0.5845283581653943,0.6369211738998336,0.07781575963302352,-1.9049282350182533,0.02445009536667866,0.06567336734042555,0.02243884280713143
site_04a0ab31c36d8277,117,0.07861179916897318,0.02569320447465293,0.07429450997487397,0.0971675470643278,0.06254485601811881,0.07429450997487395,0.6436805076154929,0.6445031530344809,0.7230383513242077,3.0061049235343926,0.4582724447585069,1.1046592676923077,0.45768750467628383
site_04a334aa2f23d43d,112,0.07278754459192366,0.0003419646610106739,0.07278674129188567,0.09028436569669096,0.032887981211905545,0.07278674129188623,0.3642710557705224,0.6626166695476375,0.5933789845447829,0.03830004203319548,0.22035867221516425,0.9129418691964286,0.12114136251780105
site_05aa898de0a23cc1,66,0.03392173483248428,0.013404762388178795,0.031160815768555294,0.04924598588518144,0.04782630292349409,0.031160815768555575,0.9711716003615525,0.7942937002608628,0.0759451502069949,0.8847143176198005,0.12347035594645776,0.16006103030303032,0.15096544658776806
site_05ff70d4d3251126,56,0.08622654567678416,-0.035756783747247285,0.07846317349816496,0.1301280165895516,0.060137784754879894,0.07846317349816724,0.4621432519375582,0.9196332977048852,0.4163609620436305,-2.002379889845848,0.4030147593178387,0.9482648392857145,0.2025269766925588
site_0616304fbe5abc7f,91,0.07304740512690619,-0.03359610965553221,0.06486312366659361,0.11940051015747982,0.07113243751837157,0.06486312366659362,0.595746512511157,0.8894758706065959,0.4855690290154667,-3.057245978653431,0.6874631710029566,1.2973398461538461,0.46044395372475827
site_062fed1c5ac99ce7,88,0.09045362034451937,0.007260089874267576,0.09016179084539086,0.09858150901895621,0.048584191391889804,0.09016179084539086,0.4928327013390266,0.4123172201922484,0.7200034541418795,0.6388879089355467,0.17378191798925402,0.8552116249999999,0.20771728148193258
site_06fbc9bb474fb230,264,0.08598533806159891,0.07543587117597009,0.04126630225123029,0.042388523924692556,0.04296203476418285,0.0412663022512304,1.0135298610659147,0.5325403962911653,1.951878287453807,19.915069990456104,0.2560292710936205,0.4743517575757576,0.4872744178048179
site_0749a2df9169c11c,244,0.12439342860201212,-0.07239525069833778,0.10115657544464773,0.12497917536826818,0.04359845581773315,0.1011565754446478,0.348845763218267,0.6687559078995536,3.7755889193647882,-17.66444117039442,0.8891319581076015,3.811229803278689,0.46380138532456244
site_079486718438a070,226,0.08022211452827709,0.021352311219261816,0.07732830313012042,0.10253387561981735,0.053571042208955096,0.07732830313012111,0.5224716405687204,0.6739115722555928,1.4544428110216892,4.82562233555317,0.8365825895228612,2.375982216814159,0.6485875833179244
site_088275f9ba9853b1,86,0.17123132838853905,0.15382806169709495,0.07521366402601627,0.08186361730849549,0.03188003033302697,0.07521366402601896,0.3894285566797033,0.3948351186144378,2.5215344326665186,13.229213305950166,0.08861839541584947,0.576342058139535,0.08740492472698591
site_08cce474c4f1c65e,101,0.05682752059834678,-0.010107834057052532,0.05592136253732214,0.13094279995895935,0.09075300482149391,0.05592136253732215,0.6930736539155883,0.9363830020058517,0.3261660768329083,-1.0208912397623058,1.1238737608381724,1.7317477029702968,0.8318468962971397
site_08db8db92cc27df6,416,0.042377707346495,0.004688850590386071,0.0421175113235126,0.06347767054392484,0.04039036050352277,0.04211751132351279,0.6362924183799992,0.7580116907414928,0.7470819532571933,1.9505618456006055,0.8084775127938841,1.676236497596154,0.6786545881874854
site_0902e4bb7164303d,146,0.05391814110559055,-0.020846824220353607,0.04972500236508845,0.06793365152536904,0.032711630177732876,0.04972500236508911,0.48152321335939213,0.7228031420525534,0.42444622728122655,-3.0436363361716268,0.23450928057202533,0.6737872273972603,0.15622740933717555
site_097bbf563f897742,21,0.042756659789099344,-0.018686668840192613,0.03845699369396625,0.06067051643612284,0.033713951111569204,0.0384569936939668,0.5556892060918099,0.816107314105502,0.038390771082736475,-0.39242004564404487,0.03505531785211393,0.07729914285714289,0.02386924049061885
site_0983900925777e9a,101,0.05464310186241021,0.03270104946004282,0.04377796186847409,0.06572609390238202,0.042487485965051336,0.0437779618684741,0.6464325421217756,0.753543588359565,0.30157272669571955,3.302805995464325,0.21253409486584884,0.43631186138613853,0.1823238328266739
site_098c5f4a8213f315,52,0.08487321616062651,0.07200048326414364,0.044937659386957415,0.04125759330326376,0.03155857053701832,0.044937659386957735,0.7649154497463578,0.26064637523014167,0.3745800667153185,3.7440251297354696,0.017647217856820385,0.08851382826923078,0.05178905546567797
site_09d142dad852325f,523,0.057419998852273293,0.03960733390162142,0.04157301251293364,0.06482218046550325,0.047969126442011824,0.04157301251293411,0.7400109977408088,0.7677589720217645,1.7243604282660194,20.714635630548003,1.2485675238567346,2.197601586998088,1.2034423989118825
site_0a639c884418ac75,179,0.058420837588821876,0.05526202082334284,0.0189500216121229,0.02607977763824632,0.027428795624284068,0.0189500216121231,1.0517265907995854,0.7502690870656933,0.610925973359731,9.891901727378368,0.09606843292034706,0.12174770949720672,0.1346686504623753
site_0ad0f907a285c78b,99,0.032157614287250884,-0.009669867785591067,0.030669297573579835,0.04790816343017889,0.056811636128962305,0.030669297573580164,1.1858445839143739,0.8417678352578676,0.10237710350811259,-0.9573169107735156,0.2268163413076539,0.22722402020202023,0.31952863796531183
site_0b0ed8efdae8e576,91,0.06640222820561867,0.014284232625594504,0.06484764150660348,0.09835363969989684,0.052734780745100886,0.06484764150660459,0.5361751827996274,0.7952307179126449,0.40124228787106647,1.2998651689290999,0.3753376414734257,0.8802828982417583,0.25306709612128153
site_0b38093eb399bd08,170,0.059071624545909064,-0.004193717856898025,0.05892257255950033,0.07589725955043725,0.048659183446621665,0.05892257255950097,0.6411191093702848,0.6303975323949308,0.5932076605037839,-0.7129320356726643,0.3957804496339445,0.9792669812352942,0.4025117427276366
site_0b499005763b91ab,135,0.0631425246121593,0.0566821213610084,0.027822931772425768,0.04105325728377326,0.048622387568270344,0.027822931772426347,1.1843734403868817,0.8204445802954982,0.5382420859436144,7.652086383736134,0.2210888907472734,0.22752494103703705,0.31915843733327715
site_0b5d986a46425a8d,144,0.05473226307308333,0.04003960415638155,0.03731555600686494,0.04989857769070733,0.027381735827724612,0.03731555600686645,0.5487478219809849,0.6759729619000278,0.43136936943857285,5.765702998518943,0.13299672905231516,0.358541,0.10796536179925886
site_0b72a3f0c80e88c1,80,0.08525560400535233,-0.027419472333788875,0.08072602152499549,0.08590768787447081,0.029605178869462578,0.08072602152499563,0.3446161758272667,0.3420552771204286,0.5814814411453958,-2.19355778670311,0.06959627602305263,0.5904104668749999,0.07011732927142988
site_0bcb08d77ff25c9a,123,0.07430960377170602,0.03318519659255579,0.06648804358545504,0.101546749476787,0.04947075709480958,0.06648804358545507,0.4871722369224463,0.8299274621969402,0.6791958171630774,4.081779180884362,0.5128139491163376,1.2683443065040652,0.30102476432663927
site_0bf83088dda14a95,57,0.06130873360909555,-0.05668047083888137,0.023368462556055323,0.03429183320502716,0.029547919667908665,0.023368462556055337,0.8616605443997365,0.7416337916857314,0.2142493665548094,-3.2307868378162383,0.04283334366232156,0.067028,0.04976553473196747
site_0c4d512642175d8c,82,0.06595396557139571,-0.018944258875236278,0.06317468345991838,0.0907497162824984,0.03718772673089423,0.06317468345991838,0.4097833938690351,0.8337439252401612,0.35669389711661387,-1.5534292277693749,0.23072329317469423,0.6753119024390243,0.11340001559175655
site_0cc518f8eb987b6e,366,0.07975622058334156,-0.04936182449163635,0.06264555055704694,0.060518452887148,0.032090765343867025,0.05868804144914262,0.5302641394965664,0.3213080616723148,2.3281460281563406,-18.066427763938904,0.22838658964632386,1.3404688291865465,0.3769131026499801
site_0cc8f0bf6d22e691,356,0.10532042163824563,0.08724282603535088,0.05900068236404848,0.0649383079578163,0.059960853168183934,0.05900068236404852,0.923351024284992,0.5561733768193636,3.948891272204591,31.058446068584914,0.7709548875910094,1.501246247191011,1.2799281929057187
site_0ce5386aeb45589f,400,0.04727928655692008,0.04049685450270772,0.024399502304716894,0.0460423107043945,0.04063256965962818,0.024399502304716915,0.8825050054612054,0.8487104044846219,0.8941323749325455,16.198741801083088,0.6351128758853302,0.8479577500000001,0.6604022868578147
site_0d5442a09f1a2d6e,357,0.12271719232070473,0.03909593926891893,0.11632289896558559,0.12121564115778115,0.06115851184731764,0.11632289896558559,0.504543071035777,0.3306579586747032,5.376244816914429,13.957250319004059,0.8751102459909035,5.2454837030812325,1.3353097949821215
site_0d5e4db658745469,47,0.048307175650256266,0.040649468500817076,0.026099883714411312,0.057639846275628945,0.048489149938362064,0.026099883714411336,0.8412435679736374,0.8931147521710708,0.10967841130732148,1.9105250195384025,0.1173201218471565,0.15615053829787237,0.11050629010201302
site_0d7b03db25fcc113,73,0.12404720446224364,0.11413319609018219,0.04859344076249072,0.04879072462602647,0.0791883071313792,0.04859344076249099,1.6230196976647837,0.8139961377165807,1.1233027522475305,8.3317233145833,0.22958501134159634,0.17377904109589043,0.45776752300235585
site_0da833e2b1888903,55,0.08958339953411618,-0.06622139212066477,0.06033168900080823,0.0796117640295756,0.028968427943262976,0.06033168900080838,0.363871197886047,0.766899592963772,0.44138520096489975,-3.6421765666365626,0.09727547752215103,0.34859181345454543,0.04615433996272106
site_0dbafc8a640ef8c3,279,0.0967645989776922,0.02460488341999738,0.09358411899036037,0.1067653435399822,0.04691900125937311,0.09358411899036119,0.4394590950929931,0.4833231611119656,2.612385144672492,6.864762474179269,0.6754930286793619,3.1802759641577065,0.6141885574903985
site_0dc29dbfcf3d5b45,16,0.054305182864426906,-0.03741951956599951,0.03935520856746443,0.09213167801440501,0.057025284988364115,0.039355208567464446,0.618954155805651,0.9698911748909488,0.047184846175021534,-0.5987123130559922,0.08153037424292416,0.1358119375,0.052030130048066336
site_0e03bfb1bac21c69,145,0.04797432313694573,0.03738855327491102,0.030060468467028704,0.05988983783069082,0.04579541527814673,0.030060468467028822,0.7646608662994018,0.8714798994400225,0.3337226736649726,5.4213402248620985,0.34657762042846657,0.5200849379310346,0.30409690877219764
site_0e7b99291027b045,131,0.07118261177285982,0.018115609409244917,0.06883886194975451,0.09203751423507633,0.05150685477795258,0.06883886194975841,0.5596289209462684,0.6734507444588831,0.6637723126635442,2.373144832611084,0.41822216367539555,1.109688427480916,0.3475372476743397
site_0e88bbb351409588,121,0.04191367969146945,-0.002782208073237712,0.04182123699170446,0.048021335160093395,0.02390805279836603,0.04182123699170484,0.49786314184437874,0.4915212445863175,0.21256754197877095,-0.33664717686176315,0.06828197921689384,0.2790318842975207,0.06916299362174438
site_0e94595e2d8280b9,63,0.09364098599306471,0.07271339519648326,0.059003359368373184,0.07008050055705249,0.044850664066997954,0.05900335936837328,0.6399877813441852,0.5474531214666195,0.5524239582384606,4.580943897378446,0.1084060595779665,0.30941042317460316,0.1267296702367942
site_0ea793c6917b8d1e,142,0.11781799247050621,-0.10883013269599055,0.04513404000478295,0.054577722511885814,0.028117458210039657,0.04513404000478908,0.5151819628222174,0.5643987187901708,1.9711132676687966,-15.453878842830658,0.1229888755372922,0.4229793468309859,0.11226398677945237
site_0ed7401c57e72edd,149,0.04940069531128257,-0.041929421624401275,0.02612187396572778,0.05783183408977834,0.058454634038493075,0.02612187396572788,1.0107691543683,0.8991337652470849,0.36362387588848816,-6.2474838220357904,0.45289391665839207,0.4983336340939597,0.5091246918455489
site_0ed89141fd172a0b,19,0.06574480508312364,0.06176845950327421,0.022517477789714687,0.03126168080862911,0.04219515856404722,0.022517477789715176,1.3497405600917072,0.8531201789020775,0.08212520851294049,1.17360073056221,0.02138152922854612,0.01856856105263158,0.03382819671865667
site_0f170214c09c03f1,20,0.11825147555215837,-0.054691144395470626,0.10484412332113084,0.130831361970286,0.02858950976149028,0.10484412332113088,0.21852183857860805,0.9279631585476346,0.2796682294052542,-1.0938228879094125,0.06941915148425848,0.3423369055,0.01634720136804696
site_0f333b36a4874c91,102,0.10497877090122973,-0.052349450081002474,0.09099493071676856,0.13807256587995165,0.052250006661133955,0.090994930716769,0.3784242461790937,0.9366143147829931,1.1240953186731535,-5.339643908262253,0.6892149806592394,1.944531411764706,0.2784664460010313
site_0f556398a37eba54,17,0.19481537723745357,-0.1901993297520806,0.04215739757184558,0.050312791854770424,0.02189107050802267,0.04215739757184562,0.4350994985770614,0.5599005100462499,0.6452015305389128,-3.23338860578537,0.010483473488513162,0.04303340941176471,0.00814672245578274
site_0f5c2c2840148780,191,0.06263112257820773,0.0066428045383922696,0.062277850502977364,0.06924151015778757,0.0429095894807295,0.060075148510928995,0.6197090355618635,0.5093350764463258,0.7492275854426382,1.2687756668329235,0.2890399303887907,0.9157278652258206,0.35167547805630384
site_0fabc5d0b4df5f64,317,0.08707081252915194,0.08022559665783723,0.03384050879317184,0.04014546811777349,0.025793852082880132,0.03384050879317206,0.6425096852080421,0.5464966350190569,2.4032804670522916,25.4315141405344,0.179390518775634,0.5108957794952681,0.21090732927169942
site_0ff1990da553fc4d,975,0.07654627431506894,0.05663079480929253,0.05150034165697923,0.056202421944953874,0.04343051176491191,0.05150034165697948,0.7727516050366814,0.49011357395226535,5.712848808729838,55.215024939060214,1.1664102420043947,3.079744426666667,1.8390541183580982
site_1053b206858b1513,880,0.05192106726950467,-0.017320841597189957,0.048946763659811904,0.06806196826388455,0.04864621896281845,0.048946763659811904,0.7147342371030342,0.6951313319501897,2.372301559235898,-15.242340605527161,2.0253642070477302,4.076539741079545,2.08248006505306
site_1055453212517d95,143,0.06935324189858295,-0.022898333815427926,0.06546402424477578,0.09560491294354456,0.04445646669947201,0.06546402424477647,0.4650019055581788,0.8036148092903044,0.6878117191436007,-3.2744617356061934,0.4884263913116671,1.307062811188811,0.2826219726903807
site_108f541d7e13b076,361,0.05974775286644158,0.00038780216678688137,0.059746494307773526,0.08593626697125445,0.037291538012532724,0.05974649430777373,0.4339441230907398,0.8122545649557654,1.2886956241047656,0.13999658221006417,0.9396933257238026,2.6660001551246535,0.5020278294498024
site_10a7b62e4edfa545,50,0.08710904448503912,-0.05805415659379959,0.0649438259827608,0.0911019013852071,0.045131954056622535,0.06494382598276147,0.4954007915355206,0.7440824762640936,0.37939928155482616,-2.9027078296899793,0.15296872949224707,0.4149778218,0.10184466384845436
site_10d7d76e5b99709b,40,0.058796079097183145,0.034143025548756124,0.047866822785507745,0.0606743561976557,0.03743783234837562,0.04786682278550797,0.61702891789105,0.6145093422786069,0.13827915668808866,1.365721021950245,0.0558347213473171,0.14725510000000003,0.05606365163780319
site_10dfc2a732e16d10,6,0.027862482375569927,-0.02262783888777097,0.01625727010903197,0.06679038520292839,0.06168585257648358,0.01625727010903202,0.923573840591939,,0.004657907544773668,-0.13576703332662582,0.024005403396735587,0.026765733333333333,0.022830866448526
site_10ec1b51ff0dc0c8,84,0.08137324789048338,-0.06389701309658231,0.050386279775165445,0.044927618785166164,0.03371164545747837,0.050386279775165625,0.7503546007786421,0.2034184956343163,0.5562148596686689,-5.367349100112914,0.02587992874213627,0.1695532380952381,0.09546390331386068
site_11d0ddb199b9f010,2,0.0204501420198654,-0.019795989051461224,0.005130996599793436,0.0020000000000000018,0.0031309965997939884,0.005130996599793774,1.5654982998969926,,0.0008364166172653289,-0.03959197810292245,-1.2523986399173749e-05,8.000000000000015e-06,1.960627941584303e-05
site_125ba37c83dbcda5,409,0.03551253726212058,-0.014823509394481304,0.032270789764510366,0.03803221699319482,0.04056472437621386,0.02827701194659798,1.066588476382331,0.7429371643322202,0.5158063838425426,-6.062815342342853,0.46878700414980645,0.5915978575317398,0.6730082172607434
site_12aaba88bfb65c8b,227,0.08101636554606567,-0.05589824173261415,0.058643312129312494,0.07802533013998211,0.036499264697437805,0.0586433121293127,0.46778737920052293,0.6989634980744783,1.4899488873886781,-12.688900873303412,0.4518560314681299,1.3819651365638765,0.3024085654239739
site_12f6f97179080a87,406,0.07774784820928911,0.05537304565985801,0.054576127707322175,0.06934672900402701,0.06651910361114484,0.054576127707322175,0.959224819490506,0.6780149494320563,2.4541595278769117,22.481456537902353,1.2698068694122355,1.9524413423645322,1.7964652049634706
site_12f79a44d2a41795,112,0.1770937521578633,-0.13278660586667912,0.11717471722072954,0.08819210550072622,0.03999155209308325,0.07465868647933621,0.4534595456818291,0.5391717930347092,3.5125660699752803,-14.872099857068061,0.2129821257001309,0.871118916936937,0.17912431474714463
site_13345716e1eac548,38,0.05041737886461804,-0.03299104852739134,0.03812483191624252,0.04952444204744566,0.01856964560705212,0.038124831916242594,0.3749592088137395,0.7307113219614633,0.0965926594799805,-1.253659844040871,0.02553598649937072,0.09320147368421054,0.013103606042917382
site_13471aa5ce158e45,113,0.03669743634885844,-0.02116983997336531,0.02997565195422146,0.07406047423873999,0.06219127807900183,0.02997565195422149,0.8397364278079448,0.91775121746164,0.1521773073073724,-2.39219191699028,0.4776605599969691,0.6197997844247788,0.4370563228082699
site_136f0d570907389a,58,0.03781653392365371,-0.002013801667710832,0.0377628764905691,0.04404887635035534,0.026207249959372004,0.03776287649056911,0.5949584218885663,0.5202220668302252,0.08294523380393341,-0.11680049672722824,0.03483156990227771,0.11253760344827587,0.03983555712511423
site_139d8263042fc17e,25,0.04819523502624192,-0.03133667571663857,0.03661684631784844,0.03391627338019317,0.024847348294864114,0.03661684631784846,0.732608444811474,0.2532905899995417,0.058069516980867396,-0.7834168929159642,0.0053363860377669305,0.028757839999999996,0.015434767932157166
site_13a4a69bc620b9a3,67,0.12321752478829005,-0.10987506912092664,0.05576762143595928,0.06772633727709822,0.03026037227017238,0.05576762143595928,0.4468036141739645,0.5837052464236674,1.0172314138018426,-7.361629631102085,0.08014939622425321,0.30731940298507465,0.06135123870527098
site_14144d0d858434fd,21,0.027636178415870846,0.01980166576306025,0.019278288057861692,0.04125019068189282,0.031857820187782805,0.019278288057861772,0.7723072223704195,0.8921593143418208,0.016038925506110756,0.41583498102426525,0.024620888753661085,0.03573314285714286,0.02131333484945913
site_14672231a55d516b,109,0.07843743414036047,-0.016308783560936603,0.076723234116439,0.11655873747981593,0.07249357618404918,0.07672323411644055,0.621948879607611,0.7665782018587866,0.6706149871230491,-1.7776574081420897,0.7060367753567499,1.4808673818348626,0.5728297260868271
site_14af94b228986e6c,11,0.0435228993461439,0.03746104965860193,0.02215654589439279,0.09379196955880077,0.07390410720963934,0.02215654589439296,0.7879577276955126,0.9931195326378939,0.020836670442440308,0.4120715462446213,0.07572310949611394,0.0967662690909091,0.06007998768699252
site_14d94a059a5aad1d,372,0.13788724191730758,0.13352842027285405,0.034395529694978715,0.04719982917498008,0.044316194462675915,0.034395529694978826,0.9389058231203783,0.7191930788217671,7.0727956318851035,49.67257234150171,0.5596175495213278,0.8287504811827957,0.7305801340951792
site_153d5fe2ea0a30b2,107,0.09489066792697054,0.009118255069768317,0.09445155522334844,0.09541664076087732,0.04353945672896212,0.09445155522334846,0.4563088406987195,0.2502080921578169,0.9634535579800456,0.9756532924652098,0.1112223988095316,0.9741638807476636,0.20283821927108858
site_1540ed4ad947cd80,639,0.08328949438251546,0.07786071206566313,0.0295778530512776,0.04208249465567663,0.042354113794451365,0.02957785305127829,1.0064544447993673,0.7546028039329756,4.432832379802352,49.75299500995874,0.8594415556430024,1.1316283317683882,1.1462835404452214
site_15a7df29fffec944,41,0.07922654849758927,0.07051544628782971,0.03611672495768501,0.05262709326825448,0.031233321265796317,0.03611672495768507,0.5934836854202009,0.742436393674651,0.2573506854604754,2.891133297801018,0.050034626370523035,0.1135540487804878,0.03999633464899022
site_15fd0f8efa3618ec,756,0.06420989804100437,0.054009614516108764,0.03472567560548696,0.03447419682666433,0.04067696858917054,0.0347256756054871,1.1799250550692633,0.5837576401457055,3.11692072086575,40.831268574178225,0.6188666932439855,0.8984835066137566,1.2508895248449012
site_162f5acccb1ccdb2,7,0.04639902370834338,0.019685578962734762,0.04201603719997098,0.08241799387443081,0.04326455344956699,0.04201603719997185,0.5249406278376948,,0.01507008580761188,0.13779905273914334,0.02414719971120358,0.047549080000000014,0.013102751096333076
site_164f38fa74238777,27,0.07070347662305643,-0.02459281328430882,0.06628857474218472,0.07479114036863327,0.030386402704228415,0.06628857474218483,0.4062834522171853,0.46705128862161505,0.13497250337785133,-0.6640059586763382,0.028658785575517903,0.15103029629629633,0.024930003671195577
site_165766e1d399cf97,157,0.06547632655457462,-0.060458007918269774,0.025139184903964648,0.058285950012353316,0.050057254652939094,0.025139184903965696,0.8588219741177727,0.9033005740152269,0.6730824462357632,-9.491907243168354,0.4137736644257833,0.5333685591082803,0.39339941271210327
site_165c41e6efa0bc8e,45,0.07760622255277945,-0.04498428844796287,0.06323875055487742,0.07344546827324706,0.04479421480601224,0.06323875055487763,0.6098975996634606,0.5169740336678272,0.271022660051019,-2.024292980158329,0.07653642565998765,0.2427406564444444,0.09029347560392248
site_16e59e7364e5ed25,142,0.05455205921315055,-0.009686831418897068,0.05368512327877205,0.06632083633875623,0.059771797571543224,0.05368512327877212,0.901252168567936,0.641887013900409,0.4225816573441019,-1.3755300614833836,0.36132103458655557,0.6245803732394366,0.5073188254605627
site_17476f5e1149b6dd,119,0.028200867793137727,-0.014716751381178861,0.024056312541006833,0.03744841300707971,0.02445094598704828,0.02405631254100705,0.6529234224805673,0.7762396023153932,0.0946393843700379,-1.7512934143602845,0.08458081028871552,0.16688365277310924,0.07114400239972475
site_179c7b165166f05c,71,0.12508435504393514,0.03538867724882045,0.11997390299284276,0.15497239334112836,0.04782650218286183,0.11997390299284276,0.30861304488977703,0.8034552795847177,1.1108728072497627,2.512596084666252,0.42280782614039697,1.705167431549296,0.1624035760843574
site_181ff8c89ef12a6c,94,0.0568663283119068,0.032496670038142106,0.04666632331895979,0.04288316742016048,0.03910188440509325,0.046666323318959806,0.911823607197225,0.35489286059513386,0.30397525379369184,3.054686983585358,0.05593835095553955,0.1728628085106383,0.14372199221875182
site_182cb9b0a7d4c94d,1,0.05018027505874634,0.05018027505874634,0.0,0.0,0.0,0.0,,,0.00251806000497144,0.05018027505874634,0.0,0.0,0.0
site_183b638a356ad6ca,93,0.08641910768822081,0.07066872512653309,0.049741265189164774,0.06885529523773322,0.04250893431045016,0.04974126518916488,0.6173662339792705,0.6959200753369669,0.6945483821474323,6.572191436767577,0.1894348487878038,0.44091780645161294,0.1680518831475455
site_18793582c71deee9,486,0.05699726651281999,0.007401164942023195,0.05651469850786075,0.07015747129618724,0.05014776352870497,0.05651469850786142,0.7147886404997935,0.6029943210373988,1.5788625575076476,3.5969661618232727,1.0310387498157414,2.392126398436214,1.2221919188484232
site_18be3f84accd05c4,1182,0.032808543535992475,0.0015698270071581534,0.032770965382800527,0.05485124564095864,0.0441488923019451,0.032770965382800575,0.8048840420312744,0.8019104737344546,1.27230542522258,1.8555355224609373,2.2953539716300955,3.5562351133671743,2.3038653853396998
site_18bedc0a241bdc83,127,0.024466246857290704,0.017177374047744928,0.017422257491661243,0.02294682958567427,0.013204989665133423,0.01742225749166128,0.5754603099234811,0.6557377839317373,0.07602184888079969,2.181526504063606,0.025234498933016318,0.06687273748031496,0.02214521251114762
site_1929ba01621eda50,217,0.08178088405794212,-0.04579124443487089,0.06775894723506616,0.08892729570559497,0.05652155102596859,0.06775894723506617,0.6355928241997858,0.6477392390395862,1.4513205204137902,-9.936700042366983,0.7064950072813418,1.7160498709677419,0.6932468034927142
site_194102884b72b2f0,88,0.05089050217903236,0.03666585912826387,0.03529104683089476,0.04704843534693839,0.030602173898146963,0.035291046830894936,0.6504397791867984,0.6614151151049751,0.22790620265900058,3.2265956032872203,0.08380197449655018,0.19479286363636364,0.0824113881617336
site_19bcb346c9572bcb,74,0.09756159886428252,-0.029093419174568078,0.0931227068640514,0.08038934647717337,0.04347164281192412,0.09312270686405162,0.540763729485821,-0.04572806171294185,0.7043516523986828,-2.1529130189180377,-0.011825487782061108,0.47822108,0.13984399592879604
site_19cb1bd872c4d23c,70,0.12080335441899741,-0.10245318779672896,0.06400620867673765,0.053252233851774536,0.03390985202691955,0.0640062086767381,0.6367780198912644,-0.030766914956167332,1.021541530721733,-7.171723145771027,-0.003889069606746943,0.19850602871428571,0.08049146451413058
site_19feb3f9e9d0726a,57,0.028443494559146753,0.004413500285985177,0.028098992828245992,0.03404281843835552,0.021829733022482666,0.02809899282824675,0.6412434112061485,0.5691329465069944,0.04611484581596402,0.2515695163011551,0.024108073993288633,0.06605806877192981,0.0271626228984736
site_1a0cd59d1873112a,14,0.0924536584954502,-0.027674813274826324,0.08821441877265206,0.13098356338698003,0.09644314817931643,0.08821441877265206,0.7362996217653902,0.7392139126230812,0.11966750556870664,-0.38744738584756855,0.13073333720224242,0.24019371428571426,0.1302179316303262
site_1a52df5386240d07,520,0.04420761811633327,0.027080089557457426,0.03494255641878027,0.06093857365918064,0.04211082891546485,0.03494255641878053,0.6910373247490784,0.8311692177360385,1.0162430197501697,14.081646569877861,1.1091208498456515,1.9310250750000002,0.9221273942127264
site_1a9dbac658ebe085,81,0.09713640099542695,-0.030489160052788105,0.09222739027870111,0.09384853557693087,0.030291263908492915,0.09222739027870143,0.3227675714093815,0.2144401197671653,0.7642739122658949,-2.4696219642758366,0.04937827965028492,0.7134113580246914,0.07432241420309121
site_1ae2faafa57e844c,288,0.04516822435193878,0.008611105073036418,0.04433979432212335,0.05689688689912418,0.027474745077272596,0.044339794322124475,0.48288661427090346,0.6480502815438606,0.5875685254388378,2.4799982610344884,0.2917583993296139,0.9323296527777778,0.21740014571360106
site_1b2f4be319c8a70d,152,0.058132559842106905,-0.04317844152999552,0.03892321544832723,0.060973029719586645,0.03580521575021974,0.03892321544832723,0.5872303855472983,0.7980906401913316,0.5136679660970134,-6.563123112559318,0.2648377416724045,0.5650919736842106,0.19486604818780717
site_1ba2419bf83859ca,145,0.0633671908535903,0.018728557779377902,0.060536286640161883,0.07518436354245599,0.04076796410651396,0.060536286640161883,0.5422399310927548,0.5954222407699796,0.5822331271179242,2.7156408780097956,0.26463032284084065,0.8196398355862069,0.24099390012155153
site_1c7e765219227837,159,0.09150968073061483,-0.050014731817650336,0.07663255358284475,0.10815436669192725,0.04499763373900101,0.07663255358284496,0.416050087623135,0.8064623874787813,1.3314694451196303,-7.952342359006403,0.6240436617370764,1.8598813584905662,0.3219411396953758
site_1ce5634596e14607,319,0.03070731102220532,0.003838642982853617,0.030466436783198672,0.049508104260382296,0.03764770496763041,0.03046643678319878,0.7604351960161219,0.7887362915370669,0.3007975251184103,1.2245271115303038,0.4689616298902558,0.781885711598746,0.45213455089618815
site_1cedce47f64df34a,254,0.09090506278559835,0.0623908932866074,0.06611434696760414,0.07596983462422138,0.03225162185154804,0.06611434696760521,0.4245319475957538,0.49802576026020506,2.0989875317736084,15.84728689479828,0.30994045326160635,1.4659396062992127,0.2642024464620337
site_1d1f4a4194ae00c3,182,0.05649230755404219,0.028545067632918832,0.048749973606275754,0.08642897312384384,0.0529316029310444,0.048749973606275906,0.6124289230556846,0.8628924202453472,0.5808313079260496,5.195202309191227,0.7184597472306137,1.3595340659340662,0.5099193351706541
site_1d6a4da433bfddd7,6,0.07562440318590476,0.03022970751921336,0.0693196591201017,0.08422522715249207,0.0421726751207123,0.0693196591201017,0.5007131063518241,,0.034314302143345694,0.18137824511528017,0.012201624825596809,0.04256333333333333,0.010671207161022878
site_1d92331b9f8c002c,75,0.08815954504062982,-0.02306750051689148,0.08508816487428819,0.10982142218873127,0.04434778079181478,0.08508816487428819,0.40381721441925816,0.6968178512586951,0.5829079036328129,-1.730062538766861,0.2545302986640135,0.9045558578666667,0.14750442458691415
site_1dab76a1b26190f6,1016,0.031103497548292322,0.0007557525296556201,0.031094314558300615,0.03612319055400619,0.02987681125736425,0.031094314558300667,0.8270811852208002,0.5701446372137652,0.9829064006924124,0.76784457013011,0.6251713932201992,1.3257630541338583,0.9069058325226979
site_1e0ab3dca10c0e53,65,0.07268180352489213,-0.021446892703496496,0.06944548478479887,0.06311185899307777,0.06321318650592563,0.06944548478479932,1.0016055225509832,0.3955805215353635,0.34337189663601647,-1.3940480257272723,0.10258099594597633,0.2589019384615385,0.2597339516351409
site_1e115354ece8fb9b,39,0.05720839085652629,0.024396200481133584,0.051745776508594576,0.04699525064481482,0.019488063894070828,0.05174577650859458,0.4146815609381376,-0.04874570908357419,0.12763919939133017,0.9514518187642098,-0.0017410997948967492,0.08613358974358976,0.014811600739236097
site_1e3671cb73e4a59d,71,0.10029060699636293,-0.07719828223913489,0.06402055194252695,0.052473938478076076,0.031930341682862,0.06402055194252697,0.6084990494129325,-0.0971554867164771,0.7141326154706233,-5.481078038978577,-0.011557739673240091,0.19549950957746481,0.07238781711888631
site_1e4554eec29098a5,97,0.076061269283241,0.07180668654269778,0.02508219393786052,0.03270554823780097,0.030922160837920855,0.025082193937860587,0.9454714109388058,0.6905370552330352,0.5611757184428371,6.965248594641685,0.0677407484887187,0.10375632989690721,0.09274946299596587
site_1ead9d05e7924900,21,0.11919104818602619,-0.11498522639047534,0.03138317510410248,0.042266424171496904,0.038109529446317944,0.03138317510410406,0.9016501914542789,0.6996362621904877,0.29833662532135596,-2.414689754199982,0.02366577325612306,0.03751546285714285,0.030499060927015265
site_1ebbce006aed7c73,31,0.06987225849246541,-0.04567997715377039,0.05287222516661202,0.054305153131242526,0.035438725397818026,0.052872225166612205,0.6525849455238829,0.36619297441298543,0.15134610771197504,-1.416079291766882,0.021846951165591037,0.0914205393548387,0.038933000992480524
site_1f03845600024bcb,415,0.11105249325746291,0.09733042414418186,0.05347377670047727,0.022812113734234734,0.06269622939895869,0.05347377670047727,2.7483744000832697,0.5564702902434179,5.118052347360021,40.39212601983547,0.3302912207460368,0.21596290120481929,1.631289130051444
site_1f2f25947066509c,400,0.10886889220577436,-0.07234824985563755,0.08135211388119401,0.09433676294928717,0.04390401329101649,0.08135211388119414,0.46539664833123506,0.508095382050922,4.740974276045007,-28.93929994225502,0.8417641587737947,3.5597699375,0.7710249532231009
site_1f80e745021951bc,179,0.15633726934356176,-0.1370473152627159,0.07522881871386214,0.08837868265780333,0.05409044399288099,0.07522881871386226,0.6120304395384096,0.5310379582761494,4.375000179658447,-24.53146943202615,0.4544087300560328,1.3981316871508382,0.523713927511112
site_1f87127a283de97d,2,0.042944973735016344,-0.02078851963281632,0.03757802842855455,0.07280000000000002,0.035221971571446256,0.037578028428555295,0.48381829081656935,,0.0036885415382024874,-0.04157703926563264,0.005128319060802461,0.010599680000000004,0.002481174562759536
site_1fa5a52b4f99f39b,10,0.09868853482546652,-0.055162363072633745,0.08183239337964064,0.15297964864647848,0.07319960588941571,0.08183239337964093,0.47849244351824266,0.9851900382558999,0.0973942690599732,-0.5516236307263375,0.11032207298062742,0.234027729,0.053581823023657826
site_1fe95dec232c15f6,833,0.03597700060403708,0.0092777978028713,0.03476013579363465,0.021987651489445755,0.046081043731400685,0.03476013579363567,2.0957692436375,0.6902058527911558,1.0781890288615827,7.728405569791793,0.5825387116904144,0.4027195294117647,1.7688443386155934
site_203c950b486649d5,44,0.10888980842614061,0.10387495696300811,0.03266471636207513,0.03830572879441239,0.02704933005553583,0.032664716362075866,0.7061432038197243,0.546261470831155,0.5217075766795906,4.570498106372357,0.024904251238009465,0.06456246977272727,0.03219331528394581
site_20551d8a0ce0f349,48,0.08830540695137394,0.023777783986926083,0.08504388211693327,0.06525920270219664,0.04080246187253938,0.08504388211693366,0.6252369042683072,-0.24577302995638753,0.3742965550486925,1.141333631372452,-0.031412578879979745,0.2044206497916667,0.07991236295328141
site_20c84fb12b0c9692,116,0.0560408507703844,0.027702690734226126,0.04871486304150218,0.07747374126510456,0.04772415188699633,0.04871486304150239,0.6160042242401952,0.798762312358874,0.36430692678794524,3.2135121251702308,0.3425849679120013,0.6962529479310344,0.26420098210663906
site_20e55f2eceb79ec1,659,0.05116004915818059,0.04028662073232335,0.031533138439384524,0.044946196275520954,0.026284737553999585,0.03153313843939041,0.5848044936411013,0.7265577536018188,1.724834065082653,26.54888306260109,0.5656556708831934,1.3312858088012138,0.4552948152382572
site_2266e199c1b4f8b1,182,0.0794914450772004,-0.06947096401809992,0.03863515237264422,0.06535172949187187,0.0835260063351862,0.03863515237264508,1.2780994012648854,0.8935278947524894,1.1500379509640055,-12.643715451294185,0.8876838227554439,0.7772944356593408,1.2697400596436126
site_228e3c936ac52751,419,0.05940751980222299,-0.004551064172550717,0.05923294036217384,0.08282325804289989,0.041904478053492684,0.05923294036217384,0.505950611503202,0.7357574906720005,1.4787571783925855,-1.9068958882987506,1.0699450191988793,2.8742109785202867,0.7357578327120374
site_237e685bbdd8644d,293,0.08696373648343747,-0.04948831436113286,0.07150942738446761,0.09238469387604381,0.04037846821900075,0.07150942738446761,0.4370688100474537,0.6771148643712508,2.215868598706101,-14.500076107811928,0.7400819834773096,2.5007349771331056,0.47771326384386614
site_23d2f2404f4bbe4e,117,0.08657646583051547,-0.07162980612934144,0.0486277216161252,0.07626167795162501,0.04216164089566382,0.04862772161612524,0.5528548810899252,0.8131066698900475,0.8769716789771823,-8.38068731713295,0.30588434238005907,0.6804536923076921,0.20797966367274467
site_23e0c01fc0e0a37a,340,0.041230235753919674,0.0005266714537143695,0.041226871788963546,0.07566476276596505,0.05497551153164009,0.03949657722359094,0.7265668921963336,0.8639406644302238,0.5779769957100906,0.17906829426288562,1.2218722086367508,1.9465531503061224,1.0275843351762675
site_24a155d00f2ce6ce,294,0.05417970766556993,-0.010623734635763426,0.05312793036732654,0.07451103477539117,0.05904141312358206,0.053127930367327506,0.7923848232890429,0.7063959140562358,0.8630195724816255,-3.1233779829144472,0.9136352499265756,1.6322569251700683,1.0248512083070695
site_24bc1a63008e8e56,630,0.061835187126272555,0.05521532639714461,0.027836273058689614,0.034156578567099354,0.03862140114300655,0.02783627305868963,1.1307163294220532,0.7138652940257021,2.40886193117292,34.785655630201106,0.5932793121763815,0.7350032714285714,0.9397159545368876
site_24bea14e8249e50f,135,0.049701847331780055,-0.030618968624097333,0.0391503817170167,0.06072831051673292,0.03230687091642946,0.03915038171701676,0.5319902800116217,0.8152406455912059,0.33348693980586225,-4.13356076425314,0.21592637221766287,0.49787023925925916,0.14090407763546284
site_257ba699ad2936b5,31,0.07543520105795529,0.07346548441225483,0.017125774689831796,0.020917484185269484,0.023682783673260734,0.0171257746898319,1.1322003862175085,0.7116932201938136,0.1764045563182783,2.2774300167798995,0.010929410040642946,0.013563775483870968,0.017387101517948422
site_25bb1d03fe665fce,56,0.08750634845754117,-0.0637409610104348,0.05995373974856655,0.07371731159002765,0.03215975055575804,0.059953739748566576,0.4362577780184343,0.6061509001118711,0.4288122171408666,-3.569493816584349,0.08047313887286667,0.3043175535714286,0.05791797512528045
site_25c3911a44e2e266,323,0.05565052596430767,0.03090806804315963,0.04627820620922441,0.06399540981400864,0.045702624253416084,0.046026397868144844,0.7141547243191769,0.6950511470901761,1.0003248759536185,9.98330597794056,0.6566126559915055,1.3228182301559208,0.6746597459586063
site_25db0a3f364cf3fa,37,0.024407510564502067,0.009613184572071644,0.02243464406536381,0.02349014060461417,0.01817643271899489,0.022434644065364193,0.7737898646474892,0.4436598061860006,0.022041883162382363,0.3556878291666508,0.007008838916952548,0.020416108108108108,0.012224160136361475
site_26066c2f9061bb32,267,0.14518556797502402,0.1371548672664478,0.04761713487131918,0.05816210348991648,0.04857599009151729,0.04761713487131952,0.8351828282816297,0.6149945127793404,5.628052722577495,36.62034956014156,0.4639212525789992,0.9032156853932586,0.6300203591701068
site_26149aa81404cf67,120,0.06063133012832131,-0.05879136825561524,0.01482340081634848,0.050555396122306605,0.04557912353060779,0.014823400816348479,0.9015679240320872,0.9576937884274774,0.441138983175538,-7.054964190673829,0.2648142820283771,0.30670176925000003,0.2492947802182086
site_261c25e44abd6c6d,260,0.13696653406750928,-0.12284760280223993,0.060566475382089646,0.09202318572884982,0.05195222082443915,0.060566475382090985,0.5645557737755194,0.784281722019072,4.877556178161206,-31.940376728582383,0.9748702626088719,2.2017493450384613,0.701748644633735
site_261e3bb708a6a167,65,0.08958564842086444,0.004746524559167712,0.0894598172790217,0.10080146218531866,0.04239600451608336,0.08945981727902233,0.4205891819122657,0.46276163870111525,0.5216632461941376,0.3085240963459013,0.12854715477597256,0.6604607606153847,0.11683237793030443
site_2689516b5f07761f,394,0.050003354203445115,-0.025913019484750516,0.04276506579882852,0.07761763262977116,0.04704028977187453,0.04276506579882852,0.6060515913471918,0.8775898683060971,0.9851321600485057,-10.209729676991703,1.2624616761064997,2.373651776649746,0.8718388115578379
site_26f018cca8362487,256,0.08657503835599131,-0.05456872049020603,0.0672122906201175,0.09751956935020786,0.04554320638521506,0.0672122906201189,0.4670160736832456,0.795563497634794,1.9187807401833898,-13.969592445492744,0.9045450295927003,2.434577,0.5309910138486511
site_270decc0b97d0896,280,0.07168483073387348,0.048285688917125986,0.052983084122601144,0.08253754216928766,0.06707768928129154,0.052983084122601165,0.8126930790319953,0.7680634215947426,1.4388401880563455,13.519992896795276,1.1906517088930522,1.907484842857143,1.2598365918088983
site_284ff462bff5925c,321,0.05124734202481508,0.03955427692593816,0.03258449388090253,0.05150318722251192,0.048809868051691754,0.032584493880902586,0.9477057767476782,0.7902640380071931,0.8430391107392893,12.696922893226148,0.6377037796280884,0.851477632398754,0.7647514333707626
site_28bd97dda8311cf0,96,0.15692191573998013,-0.1347432772445803,0.0804284581282993,0.1201631630903951,0.051514862603520575,0.08042845812829952,0.42870761120666834,0.8581507153082061,2.3639508133925204,-12.935354615479708,0.5099630378905373,1.3861618333333334,0.25476298262972186
site_292d280e566004c1,45,0.12384151341285052,-0.07338168450487985,0.09975895360122573,0.1127679451871337,0.029054596636457226,0.099758953601226,0.25764942855207956,0.5507417144587099,0.6901524199973356,-3.302175802719593,0.08120093003604148,0.5722474257777777,0.037987631356825424
site_29971fce7657be9c,156,0.05292661218684981,-0.02679076219464724,0.04564516774651024,0.06579308652922992,0.04233316462161917,0.045645167746511416,0.6434287682006194,0.7247779100403564,0.43699129930204306,-4.179358902364969,0.3149129664187009,0.6752819166666667,0.27956710499345305
site_29fa7d91f9cd3f03,186,0.1029251996831773,0.06851778791450686,0.07680435839927692,0.09904484624120609,0.0475315508979617,0.07680435839927727,0.47989928503909296,0.6553251211672324,1.970408991746877,12.744308552098275,0.5738304998584092,1.824637971451613,0.4202201895223874
site_2a096aef4be52591,150,0.06591888651087166,0.05779590148647626,0.031700684065153986,0.036816370754809,0.04532130987091457,0.03170068406515464,1.2310097095867236,0.7205386845650318,0.6517949398249766,8.669385222971439,0.18033996853291986,0.20331677333333334,0.3081031692623188
site_2a66162bd2a4e4b1,187,0.07368707751408766,-0.025267138696290596,0.06921962940286215,0.0943881143546723,0.050901904409233936,0.06921962940286351,0.5392829887242497,0.6981698774670492,1.0153698684100598,-4.724954936206341,0.6272693320146618,1.66600471657754,0.4845177241550295
site_2b657e21e1c1d622,416,0.13575224107062134,-0.10715407277170856,0.08334671945632578,0.10738545052849152,0.05660044958054826,0.08334671945632663,0.5270774513864989,0.6407113545066112,7.666327117569573,-44.57609427303076,1.6200226086294993,4.7971601538461535,1.3327021313715974
site_2c61711a8eb15185,175,0.06152014736090961,-0.04731538110630853,0.03931899340106277,0.057723266627973176,0.03445539950099205,0.039318993401062784,0.5969066117317533,0.7474481857945565,0.662327492978906,-8.280191693603992,0.26015209700411984,0.5830957142857143,0.2077555470852686
site_2d0695836558269a,137,0.053911887786285494,0.04642333290176671,0.02741105264255251,0.037942959508294405,0.020352503615057863,0.02741105264255296,0.5363973680178734,0.7138551642264355,0.3981893553213024,6.359996607542039,0.07552308392831988,0.1972345401459854,0.05674874326592924
site_2e03a5b4a3fc6fe0,33,0.02387566788852932,0.0056996754288673405,0.02318536644370574,0.03025205045073522,0.022388480673713573,0.023185366443705988,0.7400648994081478,0.6488060823949655,0.018811568065070554,0.18808928915262224,0.014501345202665437,0.030201156363636357,0.016541054206949124
site_2e6f197ad6e426eb,271,0.055949869270154697,0.046772927325700035,0.030703112883422475,0.020637397606801333,0.03956028821791346,0.030703112883422493,1.916922325752731,0.6419708293296694,0.8483351131351455,12.67546330526471,0.1420361735445767,0.11541949077490775,0.42411944545266755
site_2eadbc791936fa20,822,0.07071542208781682,-0.04310831054044466,0.056056618551306496,0.07744559044861371,0.04036567325777963,0.0560566185513065,0.5212133192342674,0.7173155548589442,4.110551497109752,-35.43503126424551,1.843278517947518,4.9302076125060825,1.3393565887492445
site_2eb90940ae2529bc,146,0.08594942949512006,0.07987082255376529,0.03174832491835675,0.05015914810742728,0.04857783507239072,0.03174832491835802,0.9684740850931157,0.7936784523546204,1.0785464468583457,11.661140092849733,0.2823486746764959,0.36732726027397256,0.34453168480677754
site_2ecbb3b2737ff9d4,59,0.06972123293983201,0.06621484711574296,0.021832185966803752,0.035437799735600774,0.03493163233428891,0.021832185966804016,0.9857167373514061,0.8075821693558426,0.2868019690363687,3.906675979828835,0.05898266118470642,0.07409442135593222,0.07199291731473839
site_301436b06877aab0,44,0.05858431362269166,-0.012194137132980605,0.057301176447119816,0.07381237381987941,0.04618196999043496,0.057301176447120815,0.6256670474130865,0.6303706596330723,0.1510133593162434,-0.5365420338511466,0.0945475532957776,0.23972372727272728,0.09384207149668716
site_3058377fafc959d8,52,0.08161622805575455,-0.07819875419094012,0.023370141741843587,0.044146887811060555,0.023303362010093337,0.023370141741843726,0.5278596785763665,0.9457065920511707,0.3463828514665447,-4.066335217928886,0.05059160234289101,0.10134528057692309,0.028238427410619993
site_313b58fce7205197,400,0.11775057001814246,-0.07549259827032685,0.09036627881014306,0.10657849208446872,0.04389504377763518,0.07686474430904189,0.4118564911093524,0.7884928347947673,5.546078695838988,-30.19703930813074,1.4755121851090562,4.543589989999664,0.7707099472962036
site_31563788a284dc59,162,0.09429032055565413,0.078901559792551,0.051625656536169226,0.039447574210730765,0.04465015955080183,0.051625656536169226,1.1318860650918259,0.2510983694154273,1.440287657179058,12.78205268639326,0.07164769514484538,0.25209,0.32296915316175373
site_319d460a95d287a7,55,0.06965818269896289,0.05857967968095433,0.037691955977355175,0.06179279157724702,0.04216002556086446,0.037691955977355585,0.682280642850717,0.8013120418013139,0.2668744329307151,3.2218823824524883,0.11481616577208041,0.21000919999999995,0.09776072654110096
site_323cc8255b0caa4e,56,0.057671955430792676,0.011274793225739682,0.05655911492348648,0.1129061094043025,0.08368835865462576,0.05655911492348667,0.7412208169794279,0.8758982619144368,0.18625904881983485,0.6313884206414222,0.4634727281574161,0.7138762142857142,0.39220951696109535
site_32983262837b2abc,52,0.14976438339232254,-0.1429981195628643,0.044507396400680854,0.06613636844255384,0.034025670432252325,0.04450739640068101,0.5144774536843081,0.7889621516014843,1.166327267709894,-7.435902217268943,0.09232228576391935,0.227449,0.06020280491494101
site_32a7eff6ca5c3a9e,91,0.1656470015470484,0.15132789072230624,0.06737060643237228,0.06137889241232721,0.05400945710764637,0.06737060643237307,0.8799353488626853,0.32361462523734097,2.4969425500590345,13.770838055729866,0.09762440322912656,0.34283052747252757,0.26544895259270507
site_32aa1fd33af84607,47,0.08861196349689154,-0.06971217102116727,0.05470185816121759,0.06902556982214028,0.036404476704155676,0.05470185816121767,0.5274056671746412,0.616338930652771,0.36904776351439866,-3.2764720379948615,0.07279176528648812,0.22393287659574465,0.062288438432860416
site_32d33ae0920bdcec,147,0.0567067863063668,0.05143741595217971,0.023871569981012947,0.04051448711343963,0.04615475247025659,0.02387156998101308,1.1392160128060946,0.8561343210857066,0.47270196313980456,7.561300144970417,0.23533472463985283,0.24128927891156465,0.31314839281182655
site_32e9d9454ab82a2b,29,0.13624844311202217,-0.12310506179414946,0.05838477550790598,0.06701844564800732,0.030547154117135957,0.05838477550790609,0.4558021873198163,0.49233006845571287,0.5383455092630482,-3.5700467920303343,0.02922937072402444,0.13025268965517242,0.027060730115025633
site_33d9c76285abfbd1,64,0.07826366706627971,-0.06243435952998698,0.047192714826992097,0.039686363664834544,0.03783543688854748,0.047192714826992124,0.9533611395612155,0.259523472932698,0.3920129012903345,-3.9957990099191667,0.024940013207774607,0.10080047749999999,0.0916172982110246
site_33e57061030aaa1a,19,0.04770269404804196,0.028100052674193125,0.0385478152318477,0.02755576868482595,0.022205503752147134,0.038547815231848095,0.8058386614478649,-0.19082627550199,0.04323539336938086,0.5339010008096694,-0.002218528107279227,0.014427087368421054,0.009368603540845788
site_345540dea6a21328,13,0.05365677036795267,-0.02216419685803927,0.0488650937168577,0.06610525943859373,0.022788493313126507,0.04886509371685775,0.3447304118713143,0.8302436848733783,0.03742763708214965,-0.2881345591545105,0.016259251898297897,0.05680876923076922,0.00675110055727135
site_3527ca4be8ad318d,825,0.04071421145195606,-0.029622507886850474,0.027931237721376966,0.05370875985208079,0.06032760964772679,0.02793123772137802,1.123235945381628,0.8863707797443807,1.3675587866775367,-24.43856900665164,2.369357648628652,2.3798204800000002,3.0025219007920114
site_360469521723c0bf,302,0.06987664527361863,-0.02427639264953847,0.06552405905177551,0.07636390903574251,0.039561762919991486,0.06552405905177605,0.5180688550330026,0.5135855743323663,1.474589157517929,-7.331470580160618,0.46857978346435636,1.7610968741721855,0.4726701917719592
site_3611ac9a5b4c6a7c,47,0.05439690938554654,0.025916122297023208,0.04782654446837132,0.058791326737815466,0.041185012104564586,0.04782654446837132,0.7005287070358589,0.5916700780767543,0.13907411628286998,1.2180577479600907,0.06733330369772429,0.16245174468085105,0.07972164543649718
site_365133aa4290174f,670,0.10038253335975725,-0.05474751589796436,0.08413894762073575,0.10243208140498707,0.028175731246192597,0.08413894762073595,0.27506744820300816,0.7288109177631606,6.751357512494261,-36.68083565163612,1.4092916095393586,7.029861971641791,0.5318941269426414
site_3669ed0d65622c4a,171,0.18966127437722735,-0.17664290397126903,0.06905565490957963,0.07838154474022148,0.04081450317519471,0.06905565490957973,0.5207157285616847,0.47525915601179997,6.15110922872536,-30.205936579087002,0.2599889771515357,1.0505669810526315,0.2848558474738944
site_367fad9034e246b1,37,0.045151388434528615,-0.026927561906543936,0.03624298949224427,0.045173374479553524,0.018155582448617612,0.03624298949224452,0.401908926614177,0.6442151032400868,0.07542997146993033,-0.9963197905421256,0.019549035998796285,0.07550344918918918,0.01219613143979642
site_36915ea55aeee9ea,33,0.10926133040101225,-0.0920318090951804,0.05889129337743769,0.08376423031934177,0.045243994819410514,0.0588912933774378,0.5401350271699846,0.7381971316530679,0.3939552645929724,-3.0370497001409533,0.09232213505696166,0.23154272727272723,0.06755162921822189
site_3697f876563488cb,53,0.041931973903793454,0.02681222682561514,0.03223964838704323,0.039688321573839856,0.026918623354489777,0.03223964838704369,0.6782504849545693,0.58986958834033,0.093189393079826,1.4210480217576025,0.0334000759500237,0.08348363207547167,0.03840445101494677
site_36bf0be122b5ada0,62,0.058975565408236244,-0.0029552571523574086,0.05890147511212764,0.08161925258993903,0.03362150480530441,0.058901475112127726,0.4119310547257919,0.7876218790257704,0.21564327354371138,-0.18322594344615933,0.134004450458192,0.41302554838709676,0.07008514629313267
site_36f59764e16c0acf,11,0.0336073783082037,0.025269390745596452,0.022156573925069842,0.075215719519326,0.07046054682747491,0.022156573925070217,0.936779535950204,0.9558183951951916,0.012424014644257925,0.27796329820156096,0.055721486446667794,0.062231449090909094,0.054611575251494626
site_37100d9c494e6343,36,0.04136195400919353,0.026092599891954,0.03209341786623922,0.015852011400200882,0.0251651268960116,0.03209341786623943,1.5875037091944495,-0.18226507392967237,0.06158920462051106,0.9393335961103441,-0.0026175166778266423,0.009046305555555556,0.02279821002092519
site_3744ab32b5fabc06,14,0.1679523708694188,-0.13887415651764187,0.0944561672532413,0.08633790521868724,0.034384599576711784,0.09445616725324131,0.3982561250428563,-0.048073822664034295,0.39491198432922314,-1.9442381912469862,-0.0019980307659932554,0.1043592742857143,0.016552209632711312
site_3754c55a59175277,6,0.15238653055259727,0.0589473926226298,0.14052351972837568,0.12887841815706252,0.03414666491317778,0.14052351972837576,0.26495254520864514,,0.13932992816314593,0.35368435573577883,-0.005913654616475104,0.09965787999999998,0.006995968348157078
site_37c98a51b9f80f45,156,0.06538289845789137,-0.004481760850319495,0.06522911336539443,0.10616510744027001,0.0591834101589759,0.06522911336539446,0.557465739789067,0.8370612838526924,0.6668880520777697,-0.6991546926498412,0.820471769942305,1.7582806858974358,0.5464174619351092
site_383a8c8b2965611f,677,0.07398940078149206,0.06922251553021296,0.026128045691817182,0.029614607542098832,0.023162870699682918,0.02612804569181794,0.7821434292774466,0.5327347849004268,3.7061900767588827,46.86364301395417,0.2473990844838002,0.5937459113737076,0.36322307801700526
site_386cdfdcf9b17142,388,0.07923760834545078,0.04895152175795172,0.06230848332199902,0.056645076186551756,0.051485648933277076,0.0623084833219996,0.9089165802110865,0.33895964918414406,2.4360962476071357,18.993190442085268,0.3835553840243632,1.2449618865979382,1.028499553879294
site_389215a205727fd3,94,0.14211136786261053,-0.1326272984590936,0.051045475599946315,0.04363320016491984,0.04963252805584396,0.05104547559994726,1.1374945653366826,0.40671921031578373,1.898390242323528,-12.466966055154797,0.08279536067520048,0.1789624787234043,0.23155845707412892
site_38bba0231f056806,585,0.08991687253357478,0.06455682089247254,0.06258962248229616,0.0522732394217771,0.02963095620772354,0.06258962248229702,0.5668475215136417,-0.09909436193704449,4.729750720238194,37.76574022209644,-0.08979039723595492,1.5985075623931624,0.5136262359836576
site_38d8c6108ca3a5d7,59,0.0655565753058712,-0.03713834114620241,0.05402229338655154,0.06676530857553956,0.025088860202112016,0.05402229338655252,0.3757768927814659,0.6473326450475401,0.25356220938422736,-2.191162127625942,0.0639751500042187,0.2629987793220339,0.03713760346822609
site_38eb3791b353069b,415,0.05347352674311013,0.014225720567875601,0.05154655116174928,0.07905803546385205,0.0759100476876515,0.05154655116175034,0.9601813053191803,0.7794529981909268,1.1866584958736375,5.903674035668375,1.9412582352449108,2.5938217831325305,2.3913691660757332
site_38fe9bf25990ebba,147,0.08149510455475852,-0.03877844052866203,0.07167764377095585,0.09193691571855366,0.05466403753392178,0.07167764377095638,0.5945820251493396,0.627070888268057,0.9762934537594804,-5.700430757713318,0.4632608608273827,1.2425022813605442,0.43925907892797134
site_395c4ccb7a4b9df2,171,0.0376114073085338,-0.01601124477762925,0.034033189688879736,0.04738580500444651,0.032628746506821515,0.03403318968888015,0.6885763891477575,0.6958595023746439,0.24189967111356148,-2.7379228569746017,0.18397818300781982,0.38396588222222217,0.18205260186169736
site_3987775e61ab1836,60,0.08493593526041361,-0.07435940401951473,0.04104621946566764,0.05935917929576407,0.04839592310346321,0.04104621946567132,0.8153064728594855,0.7276819506598985,0.4328467859136704,-4.461564241170883,0.12542656221836804,0.21141072999999996,0.14052992238217943
site_39ac65528c2f5495,202,0.10174744638153252,0.02326033954254472,0.09905301332886529,0.10876887988504753,0.04411267162101844,0.09905301332886556,0.4055633529336603,0.41319576992169194,2.0912136547228926,4.698588587594033,0.4004748555257917,2.3897951847524754,0.39307741510384875
site_39e3332a33e328c0,156,0.151937130792398,0.13824729581062614,0.06302838181704734,0.06342926238283068,0.03599445589202441,0.06302838181704745,0.5674739787257489,0.29483908131533204,3.601243107294497,21.566578146457676,0.1050110308195536,0.627630326923077,0.2021137333742109
site_3a1e52ef4ac63381,15,0.07149496704644691,-0.06629635142803192,0.026764231733853686,0.04083129301024997,0.03099194283190587,0.026764231733854147,0.7590242813061514,0.7552192318572398,0.07667295469458796,-0.9944452714204788,0.014335281818111735,0.02500791733333332,0.014407507807441822
site_3a558feb29bc33aa,50,0.03643490685230481,0.0061845815259218215,0.035906174798846995,0.03371153511781984,0.03318046282017087,0.03590617479884716,0.9842465703269548,0.42382779980281204,0.06637512186680641,0.3092290762960911,0.02370393310688436,0.05682338000000001,0.05504715564803707
site_3aab5eecf1e576ed,227,0.03785887319069403,0.029083646887987195,0.02423707414198182,0.04385816136397615,0.028220810491349346,0.02423707414198206,0.6434563058206338,0.8614747282528723,0.3253578013940746,6.601987843573093,0.24204064545604825,0.43664319823788544,0.1807860108670243
site_3b418123c1eb9bb6,39,0.06334871688962852,0.0009407929457150932,0.06334173063783148,0.06864754334352098,0.027302084508240964,0.0633417306378315,0.39771393379101544,0.3856840155271565,0.15650933733092998,0.03669092488288864,0.028191426615302374,0.18378692307692304,0.02907074892131012
site_3ba67f452cc05c7e,156,0.07322750188814296,0.021738288243840904,0.06992648895093811,0.10190028489719828,0.048299370356996905,0.06992648895093824,0.4739866076500526,0.7951269087364299,0.8365136571133651,3.391172966039181,0.6104891037965336,1.6198522176923076,0.36392135159364686
site_3bce6f9707106717,37,0.04369632554985405,-0.003742560671793451,0.043535756639534504,0.08380881927612827,0.057689992337423855,0.04353575663953501,0.6883522860207627,0.8745412084631451,0.07064664806267663,-0.1384747448563577,0.1564487890162178,0.25988497297297297,0.12314100298800484
site_3c025b5f7926190d,54,0.044037990965612415,-0.009952835439531892,0.04289855143243137,0.026652600456824306,0.04376369719321949,0.04289855143243144,1.642004774135049,0.3366450571820956,0.10472461100751747,-0.5374531137347222,0.021204087879508733,0.038359500000000005,0.10342410436906962
site_3c21ace69367fd43,31,0.09022286328818283,-0.02613299504403145,0.08635526405464092,0.09189302924673624,0.02658205785223627,0.08635526405464092,0.2892717551062817,0.34668583098031813,0.252345116857462,-0.810122846364975,0.0262523964047432,0.2617741935483872,0.021904779789448714
site_3c2ff06ad9a9ceca,167,0.09632787916721851,-0.026862490723518553,0.09250657758766741,0.09585643659446089,0.05945135000519071,0.09250657758766745,0.6202123938396656,0.36546786443694623,1.5496030709106599,-4.486035950827598,0.34781528851321186,1.5344722249101794,0.5902553239124282
site_3c6c836e47ad4756,59,0.06382285728122687,-0.03849793957754717,0.0509044768151425,0.08421123629480415,0.04377707877062289,0.05090447681514265,0.5198484275586386,0.8702917431822813,0.24032806958085134,-2.2713784350752833,0.18929262593287532,0.41840040677966106,0.11306952491566996
site_3cacfdfbb247178d,10,0.10442120811689307,-0.06314028737664223,0.08316906164305647,0.1508304548159953,0.06861363014980708,0.08316906164305647,0.4549056769305102,0.9923912370607106,0.10903788704591495,-0.6314028737664223,0.10270281763873995,0.227498261,0.04707830242334515
site_3d3d4af3226bd56f,68,0.04697683421047058,0.023926605554187998,0.040426977367747134,0.07524260071221434,0.053858858765524216,0.04042697736774722,0.7158027268557873,0.854770917592598,0.15006396076578665,1.627009177684784,0.23554809443258187,0.3849785294117647,0.19725281339167855
site_3d8d46208058ae66,97,0.1072366554819168,-0.013508838465533309,0.10638238370265748,0.11531296545543188,0.029511777530220242,0.1063823837026575,0.2559276609847178,0.41885653400013,1.1154709270578897,-1.310357331156731,0.13826445246368033,1.2898167602061856,0.08448166626034159
site_3e3dd959fc43e496,515,0.06215314497386458,-0.026579649234165267,0.056183055067617726,0.11206714309807403,0.07914768108027286,0.056183055067618004,0.7062523313457527,0.8831522717290266,1.9894519165232474,-13.688519355595112,4.03421755874808,6.467907949514563,3.2261430414980596
site_3e869a526b77cd87,53,0.06522076558863671,-0.03850912605636525,0.05263834604490218,0.07062519637074682,0.021659794191975078,0.05263834604490219,0.30668649865795816,0.8780224149167846,0.2254486579902986,-2.0409836809873583,0.07118614367131355,0.2643596732075472,0.024864774275252022
site_3e8e42936f50143d,855,0.05691045548826905,0.019359315074047846,0.05351651019775109,0.06481996959788737,0.03650786077728269,0.05351651019775113,0.5632193443434224,0.5642309270534683,2.769173952019326,16.552214388310908,1.1416111734535086,3.592392332163742,1.139564433246105
site_3ed9981ace9fa417,10,0.037133589692058266,0.01998147017121315,0.03129927049014171,0.08781675751244748,0.06760284720618001,0.03129927049014321,0.7698171638436746,0.9519054577705575,0.013789034834181361,0.1998147017121315,0.05651141758583486,0.077117829,0.04570144950382121
site_3f0cc8bf9a017f1f,60,0.034179907435757544,-0.028525087033708894,0.018830440303834815,0.03820063990156303,0.0332637420717051,0.018830440303834864,0.8707640017921289,0.8700663016987666,0.07009596433901723,-1.7115052220225337,0.06633539830396572,0.08755733333333335,0.06638859219677543
site_3f80251a944e7c4c,134,0.04485033455722093,-0.00032692854635750957,0.044849142997611696,0.0655213452514508,0.04172227776444232,0.04484914299761251,0.6367738269769193,0.7356970153966939,0.26954803632588253,-0.04380842521190628,0.26949741769211727,0.575268255597015,0.23326029388833924
site_3f885209ae19b689,226,0.04712753698313113,-0.013001074964757513,0.045298750444765556,0.06895107869377168,0.04429309008099008,0.04529875044476559,0.6423842950696442,0.7635995821969102,0.5019470717137847,-2.938242942035198,0.5270492087813277,1.0744607831858408,0.4433843893365306
site_3f8f25f0fa2a3f3b,64,0.07179587069623714,0.00757809791006148,0.07139481410506175,0.09807921611777565,0.04820336609179577,0.07139481410506175,0.4914738106584388,0.7240103674855454,0.32989741113797133,0.4849982662439347,0.21906808498434258,0.6156500885937499,0.14870812816509993
site_3fd206a570dca7d5,52,0.13544897848435103,-0.11650756199543293,0.06908265896977724,0.07763247886772603,0.03556329573175558,0.06908265896977732,0.45809816008001036,0.456221938004653,0.9540141401676179,-6.058393223762512,0.06549753621105964,0.3133936923076923,0.06576689617182385
site_3fe88af73a278f09,684,0.07318867384298282,0.010965545679045003,0.07236255099742749,0.0664606367230065,0.0261962937132124,0.07236255099742885,0.3941625450022825,-0.03821798960755059,3.6639020735638494,7.500433244466782,-0.04551224813035183,3.02123910380117,0.46939213014728187
site_402a00535323377d,283,0.06195910121368954,0.015233678905786977,0.060057183169073165,0.08187684503417353,0.03586918207318678,0.060057183169073866,0.4380870080938732,0.7463000446739898,1.0864172531679275,4.3111311303377144,0.6202724276081306,1.8971804240282686,0.36410729699563693
site_40392ec0ab51085a,129,0.05871803747008741,0.01856868906538616,0.05570468302334731,0.06886505128688039,0.035084358946152666,0.05570468302334797,0.5094653716294647,0.5939969870654296,0.4447672222396779,2.395360889434815,0.18513408043356827,0.611768992248062,0.15878767930346027
site_4053c6fd726ad6c4,11,0.030873439453365206,-0.019834925622289834,0.02365893043311209,0.07855025132659395,0.07367024624687467,0.023658930433112874,0.9378740997348393,0.9536938355645791,0.01048486190048668,-0.21818418184518817,0.06070736196969044,0.06787156181818182,0.059700357002826665
site_40c02fde736492a1,19,0.049229161721354456,-0.024993577859903644,0.042412632900448485,0.05349600653022093,0.027700429155307085,0.0424126329004489,0.5178036820310798,0.6175691939706336,0.04604669691195814,-0.4748779793381692,0.017387898074953178,0.05437463157894736,0.01457896173237555
site_413c6e860ea2e615,245,0.07422370824119336,0.05589040659364389,0.04884077513585306,0.07791478369582597,0.0582083489611763,0.0488407751358531,0.7470770783169693,0.7798291463807676,1.3497439219430798,13.693149615442753,0.8665042511821006,1.4873248120000002,0.8301119127525882
site_4148b96858a0e60a,171,0.059457532199548344,0.04178766573695411,0.042296443438153516,0.05715134159019644,0.03073474440840536,0.04229644343815355,0.5377781790108931,0.6894014462448819,0.6045188811295161,7.145690841019153,0.20707341032680013,0.5585331695906433,0.1615307918683508
site_420eb683366b57f6,91,0.06179425202119699,0.029043301208988643,0.05454370942412303,0.054566464924093096,0.03561866860168381,0.054543709424123704,0.6527574885276627,0.3270174754706123,0.34748619204018794,2.6429404100179665,0.05783834463341551,0.27095241758241767,0.11545074931904842
site_426aa82109fc7c47,28,0.08537660700037865,-0.06781751405234847,0.051864726073282436,0.07781547869472882,0.04215866332342602,0.051864726073282505,0.5417773434102362,0.783798266719987,0.20409662064111894,-1.8988903934657573,0.07199712529871612,0.16954696428571428,0.04976588101010361
site_42ce68186715eeba,627,0.08015906192852754,0.0748681904376979,0.028639645071929766,0.030375187740154182,0.034782594311978283,0.028639645071930443,1.1450989080142466,0.6210208511964181,4.028772956206968,46.94235540443659,0.41139088521345235,0.5785028229665072,0.7585626996539334
site_42d0b232cf256027,295,0.051242769409526115,0.03675141008385158,0.03570931634190772,0.053491558290896656,0.040477499576458326,0.035709316341908416,0.7567081773227552,0.744645474584232,0.7746173179435702,10.841665974736214,0.4756313772447533,0.8440973084745764,0.4833362517288442
site_43b644a004cb99cb,16,0.1013970584801598,-0.04326727109774947,0.0917022721647768,0.11528887359585052,0.028494999021267658,0.09170227216477683,0.24716174364889668,0.8666532174172633,0.16450181549486312,-0.6922763375639915,0.04555346099231392,0.21266438999999998,0.012991439507552716
site_444e34f5ad449f77,182,0.10966532229880871,0.10499497635908178,0.03166287817393497,0.04084400151610815,0.03596154449381841,0.03166287817393497,0.8804608549344954,0.6668400892662139,2.1888198905120895,19.109085697352885,0.1782623832053863,0.30361830769230774,0.23536834819332036
site_44541aad5ac7b92b,159,0.044520674933733406,-0.0125138545958501,0.04272579946249198,0.05785655638087453,0.04695154927226478,0.04272579946249214,0.8115164850665986,0.6858820068283445,0.31515238895227016,-1.989702880740166,0.2962436448710051,0.5322335974842768,0.3505072286714793
site_44bc4221af0e2690,281,0.04209405635253197,-0.011250473763700907,0.040562746705596925,0.06476098679389557,0.04461130957579625,0.040562746705597,0.6888608680064361,0.785514735575247,0.49790659203904836,-3.161383127599955,0.637703919485934,1.1785099003558719,0.559237472720976
site_4522c9f47db04b3c,148,0.0470786529131604,0.01027548569279748,0.04594359535228975,0.04319437506919969,0.05773996229059347,0.04594359535228976,1.3367472546620012,0.6192445515592463,0.3280271348974383,1.520771882534027,0.22857440634917572,0.27613159756756755,0.4934176803072351
site_454d64b6e8b743da,118,0.04306104867539503,-0.03806647076020806,0.020129523513659344,0.047926434974321724,0.04837191052988389,0.02012952351365949,1.0092949862805536,0.9126514143854125,0.21880196173691932,-4.4918435497045515,0.24966364366554863,0.2710392939830509,0.27610132394070885
site_454f86a28db067ff,49,0.052161266807760065,0.014650033903365233,0.05006170454170115,0.06402550512196252,0.033516364108812924,0.05006170454170115,0.5234845714214581,0.632936063232592,0.13331908999452627,0.7178516612648964,0.06655272383562157,0.200864,0.05504398649065162
site_457c8dbf463cd4ea,137,0.045627131181070105,0.02058678614832189,0.04071878357586142,0.07485257715168976,0.05321381817495959,0.04071878357586144,0.7109149771439542,0.8506494771075694,0.28521140867459743,2.8203897023200986,0.4641970599349996,0.7675984379562044,0.3879443309317994
site_460afd4b6202d4b4,50,0.17131423437265927,-0.15258765628051757,0.07788179536649792,0.08084658320547627,0.026608458246754813,0.07788179536650026,0.32912285456922624,0.27394115133036095,1.4674283449345216,-7.629382814025878,0.0294651504189968,0.3268085007999999,0.035400502513464716
site_465014c5dd5de0e8,2,0.05870204302346656,-0.00806003309488297,0.058146072280406955,0.1062,0.048053927719593624,0.05814607228040743,0.45248519509975166,,0.006891859710257837,-0.01612006618976594,0.010206654247641564,0.02255688,0.004618359938559857
site_466206aef45119ae,1,0.06933746677637101,0.06933746677637101,0.0,0.0,0.0,0.0,,,0.004807684298964354,0.06933746677637101,0.0,0.0,0.0
site_4680c02330a5a24c,432,0.06403926237111152,-0.01041785457757888,0.06318619652294699,0.08912249576590195,0.04023470650487656,0.06318619652294746,0.45145399216109316,0.7765531137562333,1.771643718015578,-4.500513177514076,1.2029375724566893,3.431297916666667,0.6993352544544962
site_4689968a649fae30,327,0.0911853216377193,-0.07830426095804308,0.0467247856922748,0.06762547780490988,0.03613940379404686,0.04672478569227492,0.5344051527192758,0.7561661555395452,2.718927462471002,-25.605493333280087,0.6043051816600999,1.495438116207951,0.427080477654658
site_46c69a3772747cb8,125,0.06315920713912047,0.043654026278686524,0.04564440202371014,0.0555343636981644,0.06042200783969911,0.04564440202371015,1.088011166709312,0.6931122416217621,0.49863568080529097,5.456753284835815,0.29071707166491145,0.38550819391999996,0.4563523789225825
site_473ba30122663331,178,0.11508992322886324,-0.01220563508888309,0.11444087076260238,0.13794064349000282,0.04634570692749768,0.11444087076260238,0.33598296886919027,0.6318541822979711,2.357732896330963,-2.17260304582119,0.7190161170767181,3.3869165605056177,0.38233057000849224
site_47749587de8e2aac,260,0.10269011292918195,-0.06803255216653531,0.07692094083613249,0.06501185550949402,0.035640876711919366,0.05411780071609182,0.5482211887755539,0.5541624845587404,2.741767416286117,-17.68846356329918,0.33385002238054196,1.0989007527647057,0.33027074412650137
site_479c9178cadeeacf,620,0.039762573851683525,0.0285738908731649,0.027651311717150958,0.01884253296101925,0.0344136658060836,0.02765131171715096,1.826382147096537,0.5973919310237306,0.9802586131725635,17.715812341362238,0.24017138490546494,0.22012545000000003,0.7342662444119408
site_47cb8752f353f72a,342,0.06118701322186671,-0.042455626137162514,0.04406098496759208,0.0783111843808055,0.0637106047328791,0.04406098496759208,0.8135569042484678,0.8268083919615222,1.280396900758409,-14.51982413890958,1.41080341325892,2.0973634269005847,1.3881920751567713
site_4820638a678db67d,55,0.055937564264262135,0.0341511089411649,0.0443025152097163,0.024085275499104594,0.04774834059839018,0.044302515209718375,1.9824701859924871,0.3901159795047495,0.1720956102700151,1.8783109917640695,0.024675520976158705,0.03190552727272725,0.12539472164449317
site_48ab6dd953268db1,549,0.07542296357373925,-0.058641835077538514,0.04743162039172149,0.08093169791951896,0.057770831361571844,0.047431620391721815,0.7138220604122377,0.8167751044553475,3.1230542654008326,-32.194367457568646,2.0965349445880572,3.595916910746812,1.832270456957738
site_48bc99c681181b96,271,0.051070886960093674,-0.005058026842525525,0.05081979790741948,0.08908441765563256,0.054371123180007294,0.05081979790742001,0.6103325880198933,0.8577882771702635,0.7068318191153704,-1.3707252743244174,1.1259508874717123,2.1506650701107013,0.8011353587168477
site_48c050cdab5aaa88,41,0.08450951835239401,-0.036240119227548925,0.07634469497304092,0.07604714558858423,0.0317636566648371,0.07634469497304099,0.4176837462996808,0.19945594199622688,0.2928162063782984,-1.485844888329506,0.01975350862050929,0.23710990243902438,0.041366125273587684
site_48c0bfa2a3485fb7,53,0.041443653095160106,0.037916233364815984,0.016731276977469147,0.02073045202482173,0.027612532017400652,0.01673127697747107,1.3319792537248403,0.7968515299408744,0.09103154823921461,2.009560368335247,0.024175100311116794,0.02277683698113208,0.040409951993834736
site_48d263b97f32a2d9,49,0.10680674962377211,-0.07723777231805179,0.07376996877144476,0.09558676693190744,0.03492234366315873,0.07376996877144607,0.36534705361502756,0.7361030686958275,0.558976406494562,-3.784650843584538,0.1204025992686195,0.44770467061224495,0.05975893425946038
site_48ec25901538e693,155,0.0680523007912713,-0.053396936647738175,0.04218865723892027,0.06592912790525561,0.044803652396005963,0.04218865723892072,0.6795729568938282,0.7742624062359532,0.717822924662778,-8.276525180399418,0.35449541404285734,0.6737307354838709,0.31114192654343026
site_4915d0b8a484d43a,129,0.02916297279579601,-0.00561555797152741,0.028617206204602737,0.028915219834970668,0.03672044547692283,0.02861720620460276,1.2699348539108237,0.6430413458133346,0.10971178871519563,-0.7244069783270359,0.08807710832456747,0.10785560201550387,0.17394245396705244
site_496ac9a9ab00ede4,112,0.060430468226190644,0.03763972676119635,0.04727676447663394,0.04330095997280345,0.04213025015062525,0.04727676447663469,0.9729634210670273,0.3877799568431006,0.40900624688410336,4.215649397253991,0.07923096456471831,0.20999699107142855,0.19879529350847702
site_496ee2f5b79c4b73,149,0.08368197727911576,0.07947325345693819,0.02620449019369977,0.03571618627308364,0.033788044030867825,0.026204490193700292,0.9460148900704749,0.717033124639703,1.0433983248800245,11.84151476508379,0.12892989183852338,0.19007124832214767,0.1701031559953476
site_49a35425669a6415,148,0.04140089854181663,0.012948955168595183,0.03932377092944555,0.05371007784067009,0.031044738683971417,0.039323770929446736,0.5780058404693629,0.690346687575588,0.25367709121032955,1.9164453649520872,0.17036200831065307,0.4269463243243244,0.14263881839349857
site_49b410d6df2872b8,187,0.07986011553872506,0.06901925308245388,0.040174379370423334,0.03234914902423262,0.021870332693327502,0.040174379370424,0.6760713450899287,-0.06304137533904658,1.1926183160715425,12.906600326418875,-0.008340374198906559,0.1956894117647059,0.08944424154584718
site_49b534f23930be14,386,0.08180729349702622,-0.036205094029403105,0.07335955585764316,0.09067607402182087,0.03866480079283793,0.07335955585764321,0.4264057659083628,0.6183010540094536,2.5832792419531145,-13.975166295349599,0.8367501074528717,3.1737500544041453,0.5770571926550385
site_49f7a3a08cf1a503,75,0.1623002750104696,0.11219125391801199,0.11727958821882954,0.11224634495410332,0.0333964460549937,0.11727958821883021,0.2975281383874838,-0.005326913929695208,1.9756034451355546,8.4143440438509,-0.0014976468044519383,0.9449431466666667,0.08364919568280782
site_4a00a5537486f4ab,125,0.14968421534440374,-0.14308726049423215,0.043947698546403784,0.03517553695396845,0.032487653943996386,0.043947698546404367,0.9235865819620752,0.15810952282872018,2.800670540408729,-17.885907561779018,0.02258536570370198,0.15466480000000002,0.131930957348108
site_4a15ec3df99b7e73,6,0.11213379520786002,0.10082868204116822,0.049066943103878956,0.07485908242973742,0.02966351410306436,0.04906694310387921,0.39625805099743877,,0.07544392816630974,0.6049720922470093,0.0122287241568168,0.03362329333333333,0.00527954441365619
site_4a51d234a3956647,115,0.036107509736803524,-0.013058342806670975,0.033663510549804904,0.058907450400313595,0.05278146303394323,0.03366351054980664,0.8960065776953444,0.8237976530424318,0.14993150983023656,-1.5017094227671621,0.2945574700825889,0.39906008695652173,0.32037652660040433
site_4a5737c09be72760,38,0.04842669606988175,0.0450376135128109,0.017797703821430803,0.02185333826562433,0.028303156299196067,0.017797703821431136,1.2951410880651313,0.777566773249901,0.08911550590529861,1.7114293134868144,0.01827569698212962,0.018147598947368424,0.030440608946875433
site_4a605b11c85f3580,1259,0.08132150937147484,0.061738206563675756,0.05292997011859892,0.07569196006336819,0.05479896357629447,0.052929970118598985,0.723973372210438,0.7149041566550519,8.326003549046682,77.72840206366777,3.733323710279061,7.213154478157267,3.780684348976384
site_4a71668c00a356e4,95,0.11400815351401641,-0.11018596316237196,0.029273069358301613,0.062479687770774894,0.05105042716209102,0.029273069358302282,0.8170723795769357,0.8861485400903083,1.2347966114291757,-10.467666500425336,0.26851488311620136,0.3708525814736842,0.2475838807760362
site_4accdc2358f08145,95,0.04365326938167487,0.03061923919069139,0.031113825208294473,0.05083074952184857,0.03652573253140949,0.03111382520829451,0.7185755251495877,0.7944026382781526,0.18103275313236186,2.908827723115682,0.14011664545379185,0.24545768421052636,0.12674226801082622
site_4aee712beb09287c,127,0.0685330865649859,0.045855420766852964,0.05093195794801844,0.07957466134551537,0.054801549596749544,0.05093195794801844,0.6886809025651985,0.7729372390178364,0.596491562173729,5.8236384373903265,0.42807078635352336,0.8041800944881892,0.381407649452035
site_4afa6fca34a02012,148,0.10594595806382477,-0.08436496109656386,0.06408665515719311,0.07794481317353588,0.04099540425557202,0.06408665515719408,0.5259542307747931,0.5709678817420847,1.6612328124491342,-12.48601424229145,0.27001990991085767,0.8991582972972972,0.2487322291715104
site_4b307595d7b7b6da,381,0.04994919515198972,0.007713119374172581,0.04935007483126361,0.07705495459330633,0.035846840555086336,0.049350074831263795,0.46521136433451754,0.8665325735806023,0.950565318702322,2.9386984815597534,0.9119296187279732,2.2621745564304465,0.48958346753485915
site_4b6df3933469a704,81,0.09184386853863613,0.06762448850266728,0.06214679994090521,0.07092734898485353,0.046542672596484654,0.0621467999409058,0.6562020611601287,0.5050794568630476,0.6832589912395243,5.4775835687160495,0.13505472077368585,0.40748579555555553,0.1754638501663086
site_4b78a1e10bf476d7,14,0.07088741289774611,-0.03770928726238865,0.06002528601762924,0.08027062008592926,0.036400629817934176,0.0600252860176295,0.4534738834578268,0.7127796522832208,0.07035035430269758,-0.527930021673441,0.0291574033703655,0.09020721428571428,0.018550081915991903
site_4c8563a6e25ebea0,268,0.10198722699356505,-0.07555545841557765,0.06850377488466514,0.09575181774208437,0.044116873453202,0.06850377488466568,0.46074188974703884,0.760124316705321,2.787573717916306,-20.24886285537481,0.8605402214005311,2.457134041044776,0.5216080042406048
site_4cacd33e9c8aef19,344,0.10805671244073473,-0.06546414157453664,0.08596917628667065,0.11485868936883369,0.046503717034575544,0.0859691762866708,0.4048776569724126,0.7455424208758016,4.016631067603874,-22.519664701640608,1.3698793714257,4.538226372093023,0.7439329201229639
site_4ce2c6daabd8ff5f,337,0.07424302622689484,0.04652072114247596,0.05786060358924184,0.06970245018239757,0.021654353489859047,0.05786060358924183,0.31066846908815793,0.6557385837881324,1.8575530799013322,15.6774830250144,0.3335445938847672,1.6372914362017803,0.15802301544649072
site_4d238af0af441869,859,0.05520028805243624,0.04575914932725316,0.030873484641648113,0.04702692445781507,0.047174596822747356,0.030873484641648814,1.003140166333113,0.7851790687875458,2.6174346771207926,39.307109272110466,1.4962930257579083,1.899705664982538,1.9116551808489488
site_4d43b32f897968be,48,0.05371774119468244,-0.017912902832031247,0.050643100528987066,0.1095045661148429,0.06474629602862537,0.05064310052898706,0.5912657190999936,0.9604076376573374,0.1385085945148264,-0.8598193359374999,0.3268466212376952,0.57558,0.20121997677246672
site_4d97122ac69c458e,260,0.10508749242497285,0.07869736248369401,0.0696427038696718,0.0693706956658196,0.04392358835208795,0.0696427038696718,0.6331720898934277,0.3103811446335083,2.871279076683869,20.46131424576044,0.24589094771860312,1.2511962884615384,0.5016132195681557
site_4dd15b6db25eea2b,82,0.04585973582381534,0.029730393009941753,0.03491731807147479,0.05580522583253389,0.0470833764150693,0.03491731807147524,0.8437090919829262,0.7824644877735555,0.17245546032607084,2.4378922268152237,0.16858578700590424,0.25536630487804884,0.18178123544073455
site_4deb698afc5ebdb4,26,0.07104811172023001,-0.03661452646095019,0.060886867476087694,0.06699584902799761,0.03172695315575551,0.06088686747608786,0.4735659539518156,0.4205528894207574,0.13124368865426744,-0.951977687984705,0.023241825262227886,0.11669953846153847,0.02617158847023511
site_4ea6d277e84496c8,413,0.03555230713039313,0.021236240411713972,0.028512955572330422,0.03454030199544042,0.026227060780156155,0.028512955572330953,0.7593176453297462,0.5894213627280319,0.5220181819673403,8.77056729003787,0.22052187526011363,0.49272240677966106,0.2840856501895601
site_4f3ef6ee56ee38cd,157,0.07652524352217763,-0.03486745505044415,0.06812028680528179,0.09598347449620769,0.043762544587642886,0.0681202868052818,0.4559383249808481,0.772246569330682,0.9194097246921886,-5.474190442919731,0.5092777155411851,1.4464138980891719,0.3006801684793128
site_4f44a81224b8cd25,260,0.13884125183671914,-0.11228820511446551,0.08165936690765481,0.10952095960005087,0.06606938467651875,0.08165936690765535,0.6032579053159435,0.6696915104543484,5.011992235012689,-29.19493332976103,1.2599277573337921,3.1186585538461538,1.134942533798791
site_4f633f2c887097a9,136,0.08846935173191021,-0.07500160537747777,0.046921054833257356,0.06934305196606838,0.0418000631054544,0.046921054833257494,0.6028010293793878,0.7510872394685781,1.0644483626375645,-10.200218331336977,0.2960800746547825,0.6539504044117648,0.2376253574843159
site_4f8f6e54cc9c215b,18,0.06365471919431372,-0.04671131656567256,0.04324322120758879,0.041864861956856694,0.032675481591638696,0.04324322120758886,0.7804989689279761,0.3473717749004249,0.07293461896272478,-0.8408036981821061,0.008553398251533508,0.031548,0.019218367750419352
site_4f9a1ac96b88317a,129,0.04751443600110409,-0.0010666604286940537,0.04750246166287463,0.04478407758290468,0.05021785066664309,0.04750246166287467,1.1213327007501575,0.5048916265779309,0.2912331900768891,-0.13759919530153292,0.14647706618899292,0.2587241550387597,0.3253163957994673
site_4fa99e2fc956380a,143,0.06787735860824069,-0.05458274999490151,0.04034921578699872,0.060474649534694086,0.04028858219841558,0.04034921578699954,0.6662061294840934,0.749515079825635,0.6588490210633342,-7.805333249270916,0.26113901222528485,0.5229772027972028,0.23211328934486392
site_4fab225734bfdafc,402,0.10180593932419033,-0.05966950998774808,0.08248635559595753,0.08476233312631581,0.07251363011162809,0.07723176745359726,0.8554935598996044,0.5269839233185047,4.166508611235651,-23.98714301507473,1.3021048867601812,2.8882305530406476,2.1138070738903383
site_4fc1c31a5e50a546,49,0.16596823497143484,-0.14959314278437164,0.07188425871794181,0.06814158887892015,0.031497426870074036,0.07188425871794182,0.4622349931704907,0.10902965953686625,1.3497272959571367,-7.330063996434211,0.011466425882310291,0.22752053061224486,0.04861230707234743
site_503f0d34679d2c3c,109,0.05205981960907179,-0.03765494716583041,0.03594898846515178,0.05314165488150662,0.04562189806647988,0.035948988465152217,0.8584959984442707,0.7451387512635933,0.29541450513247147,-4.104389241075515,0.19691194958108554,0.30781986770642206,0.22686797656752256
site_50560992666c8105,554,0.11490946299006563,0.10910891469114525,0.03604759935953645,0.05346890775514346,0.05627197949353326,0.03604759935953674,1.0524243313745298,0.785367645134433,7.315118315304556,60.44633873889447,1.3091104077984494,1.5838439494765342,1.754260764570828
site_50a31a0d244519cf,60,0.03269856311134541,0.010933564607302347,0.030816443573595326,0.040734251217154134,0.046561763760228775,0.030816443573596624,1.1430617323001275,0.7586035513413195,0.06415176177279834,0.6560138764381408,0.08632871616482735,0.09955675333333337,0.13007987066780125
site_51e9108791d53546,293,0.07423359324133787,0.06314769060314719,0.03902557542188967,0.06933977302760085,0.05398843726747398,0.03902557542188967,0.7786070664809325,0.8280598085183509,1.614613525097478,18.502273346722127,0.908264831956209,1.4087452081911263,0.8540221480651042
site_524c0b4f56437dd1,10,0.07407576138033926,-0.01774681621193886,0.07191848815441426,0.14756248337568734,0.07783955554020468,0.07191848815441446,0.5275023417844543,0.9864627847610795,0.05487218424076961,-0.1774681621193886,0.11330706984139978,0.21774686499999998,0.060589964066966095
site_52a99c537fd71479,333,0.09232480758858637,0.04108176116963049,0.08268106793862146,0.08652864379607587,0.04272801364686084,0.0826810679386215,0.49380195704394686,0.33494702920158453,2.838448742057742,13.680226469486954,0.41237560359527303,2.4932396636636636,0.6079524890187065
site_52efe15d6a747228,616,0.027421965998624346,-0.012903521988221577,0.02419634971497131,0.046588341192413354,0.04528463199513225,0.02419634971497182,0.9720164065963054,0.8616500563679351,0.4632099590455012,-7.948569544744491,1.1197980918635457,1.3370116975974027,1.2632299032796865
site_53e750ed31ea8834,151,0.027405558736671002,0.005192213375442074,0.026909209760470575,0.03583957158577833,0.03504646757070301,0.026909209760470575,0.9778707171993644,0.7120033696272319,0.11341076210003778,0.7840242196917533,0.1350411279081114,0.19395570860927153,0.18546648826683504
site_545c918e740bed59,7,0.10227933976044323,-0.09896791475670678,0.025815018701163227,0.06309510799627198,0.041260250147634195,0.025815018701165874,0.6539373884592142,,0.0732274433928253,-0.6927754032969475,0.017559449966677597,0.027866948571428577,0.011916857695717431
site_5475cf38df836ff4,649,0.042386684114593266,-0.016618323644775272,0.038993105922301395,0.06925576466485667,0.044405571215280756,0.0389931059223014,0.641182310673613,0.8531983992879068,1.166013512659473,-10.785292045459151,1.7028959733681073,3.112838249614792,1.2797337359660357
site_54c3846d0762e78b,725,0.10160552761344194,0.09522548731248952,0.035437124709897176,0.024181784164419177,0.04855685934365109,0.03543712470989719,2.007993248699041,0.7182548493911901,7.484670350164286,69.0384783015549,0.6114423317834632,0.4239500468965517,1.7093822272563588
site_54c3cc61243c3e27,143,0.0963362948833465,-0.06735581733380164,0.06887579823963304,0.10409122170627527,0.06125969065244602,0.06887579823963419,0.5885192780742711,0.7718739346306135,1.3271374847947062,-9.631881878733633,0.7038357434673952,1.5494024883916082,0.5366432069331737
site_54f5633d7a10a0e4,93,0.08307752665123734,-0.021566470121824614,0.08022943849343267,0.0946155407443864,0.03932014203160194,0.08022943849343275,0.4155780511557751,0.545845111842249,0.6418744154072957,-2.005681721329689,0.18885562632264152,0.8325453511827957,0.14378484195283747
site_551190f45891f632,40,0.14880850447540792,-0.1427698161751032,0.04196129875891281,0.06036803790086274,0.0365673798671487,0.04196129875891295,0.6057407386206618,0.7294951882477968,0.8857588401682998,-5.710792647004128,0.06441445353627204,0.14577199999999998,0.053486930813934075
site_554a93a7d6df9a9f,46,0.03528279387557393,0.0241491471360559,0.025723418051793984,0.024483318652697546,0.009506213164959481,0.025723418051794025,0.38827306460401345,0.060381336270632614,0.05726427500864693,1.1108607682585714,0.0006464551285557127,0.027573913043478265,0.004156932081931852
site_557840f3689665d3,108,0.06843696708220216,0.005541721832641848,0.06821222604885463,0.08240330734702579,0.04380163627147575,0.06821222604885468,0.5315519204467549,0.5618636007205312,0.5058307940483256,0.5985059579253196,0.2190229534393383,0.7333529466666666,0.2072070007263353
site_572718242301a76e,118,0.048467183688184694,-0.04415682382543208,0.01998106114084009,0.049265718038592386,0.046270742148286984,0.019981061140844747,0.9392077085335632,0.9143973628724589,0.27719001157037987,-5.210505211400986,0.24596213516133317,0.2863990949152543,0.25263582631648485
site_572a1b583bd03d5b,234,0.051971259400399344,0.02886241840959614,0.043220048672034175,0.05137071270857845,0.04946826228125767,0.04322004867203456,0.9629662442467323,0.6331774953761015,0.6320367620572818,6.753805907845496,0.37651611934188345,0.6175143290598291,0.5726234997117883
site_57c9411d53d3b891,847,0.04441236534281347,-0.0023576605991778156,0.04434974218462407,0.0605363880011129,0.03485131385251574,0.04434974218462468,0.5757085119098125,0.6902091338993767,1.6706720914559772,-1.9969385275036098,1.2333881519142562,3.1039621685714285,1.0287781234278324
site_5809bead57720978,62,0.04952090270871648,0.02552935212369888,0.04243314724634922,0.03910725932010139,0.04429841278419185,0.04243314724634937,1.1327414284289203,0.4880989828395209,0.15204382791534213,1.5828198316693305,0.0524258087664362,0.09482141935483872,0.12166566126231643
site_583630b60a1838c6,202,0.03333262659891769,0.011302287571722327,0.031357970145227294,0.05820875358755118,0.04718668062244228,0.03135797014522745,0.810645782879877,0.8431129820184811,0.2244349271885408,2.28306208948791,0.4677834726059164,0.6844283168316831,0.44976973128920267
site_58667ddb3903bbc2,535,0.09570402993426662,-0.08361449041979335,0.04656048042597165,0.05884529619790136,0.03333577679191424,0.04656048042597166,0.5664985809537504,0.6133000466278601,4.900204819927566,-44.73375237458944,0.6436490201856768,1.852581353271028,0.5945315976613755
site_5896b54480755cab,20,0.07268976930710343,-0.01669213959872723,0.07074726169638312,0.10300508482594439,0.042746931134724886,0.07074726169638314,0.41499826156114195,0.8439606241353633,0.10567605123839832,-0.3338427919745446,0.07432172583900391,0.21220095000000003,0.03654600242873823
site_58e380359cb64c9c,342,0.048947098972586804,0.008680334951445373,0.048171259927086436,0.05435285699174179,0.038355012543775185,0.04817125992708704,0.7056669081738008,0.5048364781707374,0.8193699262586152,2.9686745533943175,0.35993273023136874,1.0103477076023393,0.5031185896337379
site_591f3f72c730f39a,46,0.07487318925660344,0.05810862211429554,0.04721633727252847,0.07064923070792722,0.042089643652415416,0.04721633727252846,0.5957551586997356,0.7622861105291552,0.2578757455949372,2.6729966172575947,0.10426979613044987,0.22960043478260866,0.08149075272821643
site_5977dd6efaf94985,77,0.07401295555146269,0.02349840502413837,0.0701836344939783,0.08623716657354782,0.03594544201704693,0.0701836344939786,0.41682076818225083,0.6134493475625432,0.4217996543886349,1.8093771868586543,0.14642247426153782,0.5726373651948052,0.09948975973866797
site_59c7d9e52ad4d8ab,85,0.06269251760679834,0.017047534979090975,0.06033020234522168,0.08565764802024312,0.05174423863390837,0.060330202345221746,0.6040819451601084,0.7191503599272592,0.3340798999296912,1.4490404732227329,0.2709360371987609,0.623664776470588,0.22758462970324267
site_59cc92ae49f9c2af,36,0.049740273221343424,0.04474810448620054,0.021718699892626463,0.022148628137992246,0.021663836879029168,0.021718699892628375,0.9781119058055112,0.5087087765124763,0.08906741208482018,1.6109317615032195,0.008787269370423423,0.017660222222222226,0.01689558581956263
site_59e0fe7c4ae0f849,113,0.06789361857592129,-0.011933957844708874,0.06683654758807785,0.09194447516960501,0.041425360550216686,0.06683654758807817,0.4505475774787073,0.7486181286734648,0.5208784090965933,-1.3485372364521029,0.32220384483514103,0.9552778761061946,0.19391483612884575
site_5a51afb7ef849491,62,0.1083297179874027,-0.08163187079660356,0.0712149244855095,0.0842079644066458,0.03650236252335424,0.07121492448550974,0.43347874254603674,0.5452289612964866,0.7275903235522723,-5.061175989389421,0.10390698636443382,0.4396408387096774,0.08261019312675533
site_5b0bcc4b6a2f87e4,66,0.021165069779839864,0.0106519393854069,0.018289241813566465,0.027514066900595928,0.03297354577630592,0.01828924181356676,1.1984250054866208,0.8320776838425957,0.029565371799842387,0.7030279994368555,0.04982281366779723,0.04996357590909092,0.07175881159010139
site_5ba32085b805fa13,239,0.04820142282097078,0.026475119584524483,0.04027958794415766,0.06628595533113985,0.058520522927670626,0.04027958794415768,0.8828495061332975,0.7986455895096347,0.5552871417098747,6.327553580701351,0.7404260956161814,1.0501248619246861,0.8184917332909976
site_5bf25e0531f88e2f,60,0.025132504851715313,0.008246412635644277,0.02374109261942635,0.025621066147909523,0.016420203673819266,0.023741092619429596,0.6408868225477425,0.430734429321245,0.03789856800728963,0.49478475813865663,0.010872679214427868,0.039386341833333324,0.016177385321382465
site_5c129902816da317,37,0.04669433050035434,-0.027536605169644228,0.03771068650405935,0.043345335566963954,0.04743028029457742,0.03771068650405935,1.0942418526510806,0.6581979163171059,0.0806733385324239,-1.0188543912768364,0.050067543961107734,0.06951627027027028,0.08323636508642063
site_5c29c7471e58357f,54,0.040605187374623535,0.02260779906312625,0.033729344245769066,0.04978296172852363,0.04028020097196169,0.03372934424576934,0.8091162030820428,0.7388462898307764,0.08903418705332748,1.2208211494088175,0.08000556855000279,0.133830537037037,0.08761470787844766
site_5ca415a5fd8c11f3,149,0.09047468616416468,-0.07597908004458319,0.049120751542325904,0.08101702697285208,0.04762082349745941,0.04912075154232646,0.5877878425903807,0.8318417547162147,1.2196646566391096,-11.320882926642895,0.4781896677219728,0.9780000402684563,0.33789368175585116
site_5cc61f026daaaf5d,1,0.1777872520208359,-0.1777872520208359,0.0,0.0,0.0,0.0,,,0.031608306981120216,-0.1777872520208359,0.0,0.0,0.0
site_5cf31f5c04158e4a,244,0.09924746636530096,-0.0310462004630292,0.09426660605294407,0.09776181710480544,0.02844812572894211,0.0942666060529441,0.2909942406087269,0.266163421676559,2.4034145375032976,-7.575272912979125,0.18061803837462528,2.331998983606557,0.19746818922748632
site_5d503d0a92bc4d22,106,0.07749385608395297,-0.042826235525113235,0.06458491527832132,0.10222357348290118,0.05617363512629869,0.06458491527832134,0.5495174274620207,0.8214456513262572,0.6365615594606039,-4.539580965662003,0.49999802380266056,1.1076638514150943,0.3344805920300691
site_5d637e79fa207678,82,0.07955989180679142,-0.06683465955388256,0.04316137934108422,0.05495999437371328,0.04061518122856285,0.04316137934108475,0.7389953672918972,0.6288138426482575,0.5190416635132852,-5.480442083418369,0.11509885970766587,0.24768928048780486,0.13526662159077835
site_5d79652f78de4312,15,0.06549988300456676,-0.002594149254957834,0.06544849168051876,0.15182887823687122,0.09017313572825288,0.06544849168051908,0.5939129418289714,0.982394328701911,0.064353520104179,-0.03891223882436751,0.20174773207858204,0.345780124,0.12196791610598873
site_5de3489054d45a0f,49,0.11749914103512486,-0.10167803344799548,0.05888654904254856,0.0662025214340932,0.02533267985354,0.0588865490425488,0.38265430537656364,0.46416572121897876,0.676496359055616,-4.982223638951778,0.03814387493899891,0.21475591836734695,0.03144548875953562
site_5e24def8042ec3b4,11,0.07276399313490692,-0.008760709307410498,0.07223467774807216,0.07891013824189748,0.03287653604660602,0.0722346777480722,0.41663259980388895,0.4027742187281243,0.058240585666304585,-0.09636780238151547,0.011494053287262263,0.06849490909090908,0.011889532846661638
site_5ec485e1198852d4,13,0.06283321340078103,0.006009228335894072,0.0625451987052178,0.12134433620484346,0.060907923024079644,0.06254519870521784,0.5019428588843234,0.9824551646654285,0.05132416518148517,0.07811996836662294,0.09439508737766972,0.1914178230769231,0.04822707613239374
site_5ed1da21a10b6003,106,0.08010212017446268,0.023956815818795617,0.07643572876782405,0.061833925136552746,0.03389148269953111,0.07643572876782478,0.5481049864566396,-0.20765788044803077,0.6801330635830705,2.5394224767923355,-0.046128747949861694,0.40528403556603776,0.12175505555469734
site_5edf4f1cdc32395a,114,0.053637907161119235,-0.04158340902966365,0.033879863903158364,0.05483182057204836,0.0382050138835098,0.03387986390315867,0.6967671962179126,0.792015112416662,0.32798085964723245,-4.740508629381656,0.18914346793431205,0.34274425438596495,0.16639703178566617
site_5f27021d111ffc54,10,0.04435469105790897,-0.03141396836042404,0.03131295595584721,0.03347372103606052,0.013936852780560505,0.0313129559558481,0.4163520621309664,0.3582117131345495,0.0196733861884255,-0.3141396836042404,0.0016711232736706734,0.011204900000000004,0.001942358654270171
site_5f52ef3c28075a93,123,0.05308299018317217,0.03913512365507886,0.035864271124455324,0.05230450635861821,0.05159013066345084,0.03586427112445574,0.9863419857121037,0.7617593082235623,0.34658987315477063,4.8136202095747,0.2528300069761349,0.3364986504065041,0.3273696145702475
site_6009b70703dc2497,93,0.06080972388662193,-0.013177266668247922,0.059364822599929326,0.08207340859374809,0.05629648692938902,0.059364822599930256,0.685928462019273,0.6905349229995037,0.3438974942825494,-1.2254858001470568,0.29672378545566913,0.6264521290322581,0.29474438297495076
site_613f62e07f148531,126,0.03884488611341103,0.011759306292212198,0.03702220810121692,0.04559188861389942,0.05836360712278293,0.037022208101217306,1.2801313763736,0.7730985966508778,0.190124572322648,1.4816725928187369,0.2592000842177205,0.2619061587301587,0.4291951401842023
site_617d5a69b08b72f8,37,0.10281088177950479,-0.05209181129932403,0.08863701601382419,0.07206473836561744,0.0711218216139327,0.08863701601382429,0.9869156986749762,0.23365306923541795,0.3910928642543345,-1.9273970180749893,0.04430970922474925,0.1921530810810811,0.18715759985831038
site_617d695493df2178,92,0.07357628331824526,0.06666554646841857,0.031131565668848355,0.06069567942568218,0.046068021044699335,0.03113156566884843,0.7590000059412229,0.864955128109307,0.4980391909572559,6.133230275094508,0.22250446941460605,0.3389248260869565,0.1952481557936872
site_6198a28ec3f8f86a,57,0.038266504961461355,0.03106360228061676,0.022346767446707088,0.016859985757086134,0.029658264652189296,0.022346767446707272,1.7590919161793557,0.6644433757161728,0.08346654791203614,1.7706253299951553,0.018938072347850127,0.0162027698245614,0.05013792174422016
site_621b9dc6415ad601,132,0.05913959372155818,-0.0024153333400235037,0.05909025055292569,0.07593520439361019,0.033127630312524664,0.05909025055292656,0.436261817915279,0.6702178284816296,0.46166888401272727,-0.3188240008831025,0.22254787143699148,0.761132495151515,0.144862065496276
site_621eb1eb5435955b,195,0.06285040278050617,0.003980671378588066,0.0627242168946536,0.11636337178523204,0.07735109279195596,0.06272421689465454,0.6647374651081808,0.8659918913497862,0.7702837602860125,0.7762309188246729,1.5199566002682996,2.6403846871794867,1.1667223534414073
site_6277027d8a1380c0,524,0.07173596832227545,0.0564368806111676,0.04428236283234355,0.062282883298764025,0.03490154610957603,0.04428236283234384,0.5603713935682331,0.7214078233498088,2.696529755194482,29.572925440251822,0.8217231274857151,2.0326785572519084,0.6382937905195634
site_62a63d63c871f1e4,95,0.09483049724846339,-0.013791035088928127,0.09382233507841709,0.07877731837467375,0.05673871674447504,0.09382233507841747,0.7202417893259497,0.0696371090332025,0.8543182047971281,-1.310148333448172,0.029569572156012844,0.5895572595789474,0.30583178789192833
site_63012b87359e4210,129,0.08260435319953038,0.07118959274680116,0.04189893855525891,0.04944230652162411,0.0511965923268916,0.04189893855526117,1.035481471814027,0.6538420902608706,0.8802288126091468,9.18345746433735,0.21350220387642696,0.3153458759689922,0.3381207474992858
site_6307ca95d0b03b26,71,0.03215171498175147,-0.020463133655971202,0.024799051135993903,0.04272980392679444,0.031260016453899205,0.024799051135993903,0.7315740673056796,0.8190370323448223,0.07339502711501251,-1.4528824895739554,0.0776751301451521,0.1296343661971831,0.06938039263756149
site_63148af2428e7132,211,0.04585435349783249,0.01999975316614901,0.04126295684990709,0.05252273314395938,0.028796297718831427,0.04126295684990803,0.5482635041079023,0.6232337801896125,0.4436531860225825,4.219947918057441,0.1988920447043192,0.5820725118483412,0.17496684684774255
site_633f81ba98074791,63,0.059615086572391646,0.015807098480444103,0.0574812507228513,0.06551589945487049,0.03228499802262326,0.05748125072285143,0.492781115595646,0.47999681754406087,0.2238993884631263,0.9958472042679785,0.06396263981220268,0.27041698412698406,0.06566622913120962
site_6367b6400c1e48bd,400,0.05521975052637522,0.015420943156391382,0.05302278152230853,0.07382420859675708,0.044806649721079554,0.05302278152230872,0.6069370816532913,0.7023115914815984,1.2196883392780467,6.168377262556553,0.9292468547605072,2.1800055099750004,0.8030543436910076
site_638a0536fcb5886f,372,0.04052254664115583,0.020922614393695707,0.03470332827291018,0.046977141211981564,0.026981955676499886,0.03470332827291054,0.5743635091532159,0.6826464521702496,0.6108525644978897,7.783212554454804,0.32188355277727043,0.8209488682795698,0.27082564675184084
site_639be43d81e5bd5a,671,0.17832890987854008,-0.14436804473027035,0.10468556614561125,0.10708313036524551,0.021793802569077213,0.10468556614561136,0.20352227745623064,0.21054086102384226,21.338605266072346,-96.87095801401139,0.3296954742443322,7.69422065871833,0.318704756211764
site_63bba9458fdad7de,128,0.10091056932459821,-0.03279134269170463,0.09543411782947298,0.09727780967856633,0.035961025347688705,0.09543411782947396,0.36967346886730085,0.23562005395318422,1.3034167041810614,-4.197291864538193,0.10550379225770011,1.2112604487499998,0.16552900403931003
site_63e7e96910147c52,10,0.04378563798207335,0.03196259935140609,0.029926148034765173,0.038586252733324604,0.022871795657213468,0.02992614803476966,0.5927446703696233,0.6325195104894227,0.019171820934971846,0.31962599351406096,0.005582218001931908,0.014888989000000004,0.005231190365853289
site_63fc50b0256f0fb6,2,0.08758992739568688,-0.030895832180976857,0.08196000814437865,0.10999999999999999,0.028039991855621338,0.08196000814437865,0.2549090168692849,,0.0153439907623634,-0.06179166436195371,0.006168798208236693,0.024199999999999996,0.001572482286526622
site_6411ebbe96528026,629,0.16569472215434533,-0.13909400757966245,0.09004220124605186,0.11932053666975967,0.04466627236271681,0.09004220124605186,0.37433851379950195,0.7622394626994723,17.269032057427786,-87.49013076760768,2.555271096925834,8.955318606359302,1.2549027327848712
site_651ac46c08004df7,214,0.09814042297323491,-0.06384591938786419,0.07453349045149975,0.10170371982012809,0.046908032199255954,0.0745334904514999,0.46122238480772293,0.7324645874054708,2.0611501209722074,-13.663026749002935,0.7477982734955881,2.2135403778037386,0.4708777857485768
site_651b6ffa617fc102,117,0.10499592729618762,-0.07457879007188682,0.07390635169049917,0.09794072622190715,0.039075777045317756,0.07390635169049929,0.3989737318955818,0.739089471129776,1.2898249356079992,-8.725718438410759,0.3309434729856559,1.1223091447863247,0.1786492131483597
site_653b7646a624636a,25,0.04791791634384806,0.000332993221282957,0.0479167593045544,0.08456618709626207,0.06272441165151177,0.04791675930455466,0.7417197559127539,0.8285418804130523,0.05740316766840052,0.008324830532073925,0.10987219993472098,0.178786,0.09835879542570763
site_655489b2dd82c473,432,0.10077008365744666,0.098465968279237,0.02142575205590443,0.02658597445743731,0.021206252240912497,0.021425752055905866,0.7976481085868244,0.6185438778806059,4.386791416462041,42.53729829663038,0.15065056529184112,0.3053436643518519,0.19427261793344913
site_655b8133c0a83295,77,0.08919702312234455,-0.04691292082257085,0.07586360651711245,0.08222761501634823,0.04846063574663549,0.07586360651711255,0.5893474562894802,0.42091510115996195,0.6126203879093812,-3.6122949033379554,0.12914929313677084,0.5206263116883117,0.18082935770654257
site_657937702d0a4647,131,0.08371763793763155,-0.07140060016217122,0.04371037861124198,0.062484535001768836,0.03982400303891432,0.04371037861124202,0.6373417524478172,0.7192761819635399,0.9181322201431839,-9.35347862124443,0.2344684592830657,0.5114655419847329,0.20775960956369288
site_6641dc35f7f7b1d6,5,0.03417207317935554,-0.01388766651153564,0.031222801031291245,0.028336548837146692,0.0316921665682469,0.031222801031291388,1.1184201276727566,,0.005838652926876151,-0.0694383325576782,0.0020812252938747387,0.004014799999999998,0.005021967108947534
site_667d683049a1748d,80,0.08262136639222539,0.022975676974654198,0.07936251288911345,0.09123269613329422,0.01988510542613999,0.07936251288911428,0.21796029569363098,0.6670850673948764,0.5461032147614682,1.838054157972336,0.09681655237935483,0.6658723874999999,0.03163339342469618
site_669ad6ba4bcd30e6,57,0.05999544910464876,0.04839335970293011,0.03546176320956588,0.05604167314564009,0.06522831666701735,0.03546176320956713,1.1639252186047904,0.8395375535162337,0.20516887305630452,2.7584215030670163,0.1749291745659552,0.1790181403508772,0.24251979782712352
site_66c5aa948cb00d80,6,0.024657654520535605,0.020813160856564844,0.013221658807156039,0.024451766580124407,0.016724913334861303,0.01322165880715697,0.6839961145570616,,0.003647999558724539,0.12487896513938906,0.002108398060003916,0.003587333333333333,0.0016783363563517284
site_66cab69faab895b3,471,0.10554317635592084,0.055639845901487225,0.0896859499774394,0.08392976881627574,0.046111541977070195,0.08968594997743963,0.5494062789331573,0.14559077675175736,5.24663953746489,26.206367419600483,0.2653874872065369,3.3178210700636943,1.0014751969499631
site_67582d7e0a88b810,49,0.028656119551608353,-0.011239432860393913,0.026359976038167563,0.03787679230415345,0.04913690457161818,0.026359976038167608,1.2972826256522778,0.8473903988125445,0.04023748620004746,-0.5507322101593017,0.0772788420102882,0.07029791836734692,0.11830733415313524
site_6770b4e6f1f2e8bb,271,0.07567068068667566,-0.001891116361336514,0.07564704617162996,0.062007567659929944,0.041728999206140316,0.041436329527603746,0.6729662326862421,0.7476826798706188,1.5517600691234885,-0.5124925339221953,0.5242872255206655,1.041978319164314,0.471894840556182
site_68221dfdbb1b1ea4,128,0.12012866912080399,0.04218302842322737,0.11247883915555315,0.12578338095050492,0.0564564546874093,0.11247883915555394,0.4488387437258075,0.44761631613869574,1.8471548345261573,5.399427638173103,0.40686726025154346,2.0251467421875002,0.4079784033115519
site_68322e90dd9563bf,434,0.08791747698113393,0.08126807230546178,0.03354076896081023,0.05430036750745142,0.05456644152837276,0.03354076896081041,1.0049000408861841,0.8101719870710524,3.354595517288045,35.27034338057041,1.0418263895967588,1.2796619815668202,1.2922334988240864
site_68a69fed5c9dc2db,169,0.11187519773971857,0.059698507948387304,0.09461579158912888,0.09944242756834856,0.03419490999650169,0.09461579158912888,0.34386640423675213,0.3096584013309644,2.1152141179118913,10.089047843277454,0.17795195132083969,1.6712065917159762,0.19761032597403588
site_68bc9d9136a91d21,185,0.04570407516521569,-0.016821904974370396,0.042495717428241375,0.042326490573122995,0.02158402427036593,0.0424957174282414,0.50994126794135,0.24711458504466283,0.38643956004092184,-3.112052420258523,0.04176522150845141,0.33143338378378384,0.08618596918519295
site_68cc6a1e0541208f,9,0.07830469194502716,0.028870675492286682,0.07278810944944702,0.08518190267427629,0.014097666965071372,0.0727881094494475,0.16550072870500304,,0.055184623025450415,0.2598360794305801,0.009704663459294372,0.06530360888888889,0.001788697924722582
site_68df3e54f8cc23c6,117,0.037140157092642165,0.02627799375546284,0.02624611043667221,0.05615548658312375,0.045772989128943176,0.026246110436672316,0.8151116108875318,0.8869706956842932,0.16138877845733812,3.0745252693891523,0.26674519330670693,0.36895232478632484,0.245134484454407
site_68e0a7cac180b7fb,385,0.07920762961755974,-0.05545822044123303,0.05655293427510309,0.0833265780137073,0.041837620593742755,0.056552934275103675,0.5020921486402625,0.7881781278214505,2.415431707008523,-21.351414869874716,1.057878114619522,2.6731776623376624,0.6738988013241977
site_694aad5289524593,35,0.11133778410896056,-0.08278963367768696,0.07444446739555541,0.13300396188667096,0.08273038199819535,0.07444446739555562,0.6220144184027213,0.8630183804911824,0.43386357596027286,-2.8976371787190436,0.332366847002932,0.6191518857142857,0.23955106369485635
site_69670e737191984a,288,0.15083490061974034,-0.13759700539646047,0.06179183886965468,0.09884129238454399,0.0506187516923601,0.061791838869654746,0.5121215078352765,0.8508143681615189,6.5523361665504805,-39.62793755418062,1.225962396323474,2.813645111111111,0.737930310593129
site_697fb58ab8720f1f,11,0.11500313430369766,-0.05654871915253726,0.10013971870282931,0.08030020944159258,0.07037581810430474,0.10013971870282935,0.8764088984785714,0.1214713569782732,0.1454829298964175,-0.6220359106779099,0.007551038815826178,0.07092935999999998,0.05448031351235205
site_69dbfe52882f2d4a,41,0.041099975043280654,0.03644943336161171,0.018990701834732688,0.02210281421431991,0.027875692976922474,0.018990701834732837,1.2611829745581646,0.734374274896223,0.06925752589088999,1.49442676782608,0.018551308928693576,0.020029910243902438,0.03185922461668944
site_6a1c5e38a054464b,129,0.05754177859223506,-0.01893262979115627,0.05433794082175754,0.07102085268098324,0.025746544375949733,0.054337940821757656,0.3625209132816243,0.7531232397829277,0.4271262605789564,-2.4423092430591584,0.1776481091306653,0.6506710355038761,0.0855121066020546
site_6a31951f1e7ac87b,178,0.035439744235455324,0.016229500348648326,0.031505218455165684,0.05379300759112447,0.04831215143670058,0.031505218455166274,0.8981121078768574,0.8148148585326187,0.22356363392245898,2.8888510620594023,0.37693038384880073,0.515076404494382,0.4154633878067989
site_6a5dcbf93bf1dcc1,110,0.05424509867460751,-0.00427036975297061,0.054076747982758896,0.09400310395789603,0.05282792492322336,0.05407674798275928,0.561980644244311,0.8762684206472084,0.32367838032396956,-0.4697406728267671,0.47866931931620293,0.972024190909091,0.3069868616863096
site_6a951d61e5b0518b,6,0.03298117918983884,-0.023127053360144298,0.02351377433823199,0.057964376032947074,0.049038948876256316,0.023513774338233165,0.8460187486255778,,0.006526549084513551,-0.1387623201608658,0.01563536943644285,0.020159213333333335,0.014428911041328485
site_6af774998b80a846,413,0.21586628558410267,0.20059254373274474,0.07975515438330165,0.06786904268052094,0.056324192310569884,0.07975515438330309,0.829895193537708,0.1854380981849204,19.245078593025358,82.84472056162357,0.29276267875095985,1.9023634721549638,1.3102072460879188
site_6af9b829a3e0be45,70,0.12804197279596688,-0.05656002224343163,0.11487258455047329,0.14303219275137086,0.04900190658237818,0.11487258455047339,0.34259354932463987,0.6893915640462555,1.1476322758238184,-3.959201557040214,0.33822895157337185,1.4320745714285716,0.16808307940956824
site_6bb6d38be9a11acb,136,0.08616603322802674,0.051866772622921886,0.06880714483202692,0.08791988948726233,0.06757856424802708,0.06880714483202699,0.7686379571464058,0.6364004258284696,1.0097435983864635,7.053881076717377,0.5142395370672294,1.0512673475735292,0.6210932790321624
site_6caf07a2afe1dffd,660,0.09088649069322774,-0.08549081082849792,0.0308492375013736,0.03945644272308343,0.01840205575784843,0.03084923750137377,0.4663891240018597,0.6499087685248491,5.451833765749914,-56.42393514680863,0.3114444544393908,1.0274951757575757,0.22349953303587533
site_6cb3e406456efe20,55,0.05170298931307491,-0.046795054145509545,0.021986859971964347,0.028467427580620118,0.02966184988352551,0.02198685997196736,1.0419575073835798,0.7145918235322425,0.14702595071493663,-2.573727978003025,0.0331869384039532,0.04457169381818181,0.04839039361820413
site_6cb8ba95bd0dee4d,341,0.06290706427019141,-0.015000849372480623,0.061092333833289915,0.0826569448695578,0.04732354211534261,0.061092333833290005,0.5725295338464859,0.6825069566325157,1.3494388686670513,-5.115289636015892,0.910370243913464,2.3297701524926686,0.7636755146748284
site_6ccc6476b82407ef,37,0.06845577086806248,-0.03843118811942436,0.056650122196426796,0.08007879611082781,0.0408063425620146,0.0566501221964269,0.5095773730856199,0.7449430618408952,0.17338912491020486,-1.4219539604187013,0.09006789444709146,0.2372667027027027,0.06161083095167391
site_6ce971c90b49aeb0,57,0.07659704619105012,-0.058913929580805595,0.0489515718495509,0.0547489648069256,0.027301357534046104,0.04895157184955333,0.4986643606929451,0.4504375155976748,0.33442512665605034,-3.358093986105919,0.03837687119655965,0.17085460140350875,0.04248575502250351
site_6d0e46f32994dd93,485,0.03758462660891814,0.015907140186152503,0.03405241619077697,0.04810719996959778,0.0350772906552956,0.03405241619077782,0.7291484575586052,0.7067241570823544,0.6851130163059219,7.714962990283965,0.5783993503487448,1.1224368041237112,0.5967519150623027
site_6d48a42f8098677d,204,0.07764864146934938,0.07013636677653766,0.03331968753488766,0.059571649550932755,0.06638369182238996,0.03331968753488783,1.114350405315418,0.8654982277852162,1.2299795504952553,14.307818822413681,0.6982281880621963,0.7239514117647059,0.8989860861538888
site_6d6ecd1531a550b1,62,0.08911140316642714,-0.05929108999285006,0.06652374629971824,0.10573485972901592,0.047140166834749454,0.06652374629971826,0.4458337293449227,0.9004816064882689,0.4923322148059503,-3.6760475795567036,0.2782760591505756,0.6931513548387097,0.13777611041089677
site_6d764ff710881490,548,0.05027963755419082,-0.03702600397517647,0.03401642224295513,0.04997190946629732,0.02678110225751058,0.03401642224295531,0.5359231324865147,0.7686235748909854,1.3853669900142762,-20.290250178396704,0.5637008005049842,1.3684610711678833,0.3930406360937266
site_6eaed325c7afd5f2,128,0.01723003280251616,0.009878691878682004,0.014116850822398212,0.016433540379043356,0.0154230815217622,0.014116850822398226,0.9385124060929847,0.6088777130785118,0.03799987588810021,1.2644725604712965,0.019753421815982435,0.034567839921874996,0.03044754478424609
site_6ec0b265c8640204,38,0.025808703214871265,0.013893966301491388,0.021749640503841157,0.027717310610505204,0.017234012059387467,0.021749640503841667,0.621777931544901,0.6198846929036216,0.02531138814206564,0.5279707194566727,0.01125205872482375,0.02919347368421053,0.01128642452319828
site_6ed688016a61001c,62,0.03897454999216334,0.0064034946020572435,0.03844490608615221,0.04897456784950518,0.025522716998081084,0.038444906086152225,0.5211422605404156,0.6287807211295444,0.09417896391968165,0.3970166653275491,0.048729103826142615,0.14870751435483873,0.0403873631437765
site_6f1d891d977773b1,32,0.0383440414548702,0.0002127222726121536,0.0383434513877864,0.05133711156110655,0.03761245825393199,0.03834345138778642,0.7326563008743079,0.6680707905711231,0.04704849648296974,0.006807112723588915,0.041279612400219774,0.08433596874999999,0.04527030450892085
site_6f28bfb579cd23b2,141,0.06373148409060635,0.0006214736601985102,0.063728453887419,0.09158899281270898,0.0648659289411085,0.06372845388741925,0.7082284338878289,0.718297355742577,0.5726999910791607,0.08762778608798993,0.6017045637405722,1.1827846482269504,0.593270011972404
site_6f4dcb1e04a51328,266,0.05115853662158454,-0.004509660795756751,0.05095938410900607,0.04702640402698127,0.04523000504350454,0.05012677634595022,0.9618002052113945,0.4100937097754324,0.6961741012236937,-1.1995697716712956,0.23202412923928567,0.5882543917385621,0.5441703927586286
site_6fa03518f2e15749,74,0.06411606813075935,-0.021932479141531767,0.060248124877496784,0.10000801647926467,0.047467146158809835,0.06024812487749686,0.4746334126989862,0.9084394274338211,0.3042043942485648,-1.6230034564733506,0.3191211806129966,0.7401186486486487,0.16673161737017436
site_70208b23c7d145de,47,0.17549656190807433,-0.166020720002499,0.05688729006910406,0.047286902566868266,0.027073894419549396,0.05688729006910417,0.572545312758946,-0.10432291259446594,1.4475550323530648,-7.8029738401174535,-0.006277246162929434,0.10509440425531914,0.03445080067492268
site_7062702ffcf77fca,399,0.04690731011725392,-0.0297696161406082,0.03625004410034658,0.08608693131198943,0.061761582101064305,0.03625004410034668,0.717432729449176,0.932070583632366,0.8779180012320568,-11.878076840102672,1.9773217202783901,2.956972937343359,1.5219827164269764
site_70a4655a50185729,555,0.03674164217767109,0.01941516338973432,0.031192943119589388,0.058908875635183995,0.0374365703889342,0.0311929431195896,0.6354996591816596,0.8839321028601927,0.7492212898011705,10.775415681302547,1.0819038827485061,1.925991873873874,0.7778307253795218
site_70a6cc65be0123f1,70,0.02973477673350737,0.016600320385183606,0.024669542162366713,0.06977799928110198,0.05181656017747334,0.024669542162367195,0.7425916579913584,0.960453507768626,0.061890986317407186,1.1620224269628523,0.24308685736294303,0.34082784285714285,0.18794691360380011
site_70dba7fc35b9a591,3,0.08551872558233059,-0.06397949862480164,0.05674571508885028,0.08112678691748833,0.024408261310761376,0.05674571508885115,0.3008656232815716,,0.021940357275677894,-0.1919384958744049,0.005935863892237345,0.019744666666666667,0.001787289660643232
site_70ecc850263e23bf,307,0.06267687720393933,-0.03575857370800615,0.051475385791723616,0.06720525191563823,0.04579292459363631,0.047683600406218975,0.6813890773167476,0.7050815238329438,1.206016017363571,-10.977882128357887,0.6661611543080739,1.3865795867086295,0.6437765264514077
site_719e76f9794e1f46,104,0.11921217096341935,0.0723294681420693,0.09476280781032664,0.12703211367949516,0.05299539459228004,0.09476280781032669,0.41718108167505263,0.740159449403524,1.4780003374043984,7.522264686775207,0.518215360508286,1.6782644222115386,0.29208523219111227
site_71caeba631cb8f76,161,0.0477589423704054,0.0015803210194806883,0.047732789168611255,0.07159939162224704,0.04420780927039346,0.04773278916861226,0.6174327500383034,0.758610016200385,0.3672275687906924,0.25443168413639083,0.38659192160752986,0.82536213378882,0.3146471944784852
site_71e9fd683ed1988c,57,0.07658719224649407,-0.05187583514159185,0.0563426636268097,0.09840002589914755,0.05115620249564736,0.05634266362680976,0.5198799698292613,0.9063806465382654,0.3343390869234822,-2.9569226030707356,0.2600632525756955,0.5519062105263158,0.14916655206521362
site_72da2835c7ea074f,53,0.04993154181461119,0.04172957811490545,0.02741899302192315,0.02941610428270942,0.02002618599884775,0.02741899302192317,0.6807898764017845,0.43673467837736113,0.13213742000316608,2.211667640089989,0.013635684670128349,0.045861281132075486,0.02125555066000362
site_72f791e7a3b14404,210,0.08936450790998611,-0.02074314995992751,0.0869237424627698,0.09892015738002866,0.04266149768337182,0.07284324426855829,0.4312720360874083,0.7463199279334558,1.677063207538734,-4.356061491584778,0.6614015819364583,2.0548914825788236,0.3822007107635512
site_734432da6e99253a,201,0.048126024366419634,0.02528737305616265,0.040947075417368646,0.05636410211409862,0.040575658300425185,0.04094707541736891,0.7198847631474254,0.6879358452114949,0.4655389584847605,5.082761984288693,0.31623662337477304,0.6385593134328358,0.3309231933490855
site_73483f87b1a225a5,300,0.08046325465445962,-0.02744142814318339,0.07563929779586087,0.10228068846724357,0.044170356651936686,0.07563929779586087,0.43185431496271837,0.7405257042502355,1.942300604876526,-8.232428442955017,1.0036584403562545,3.1384017699999998,0.5853061220277862
site_734a8ec3d3587deb,510,0.07854416572949335,0.07412549554203071,0.025973002922082454,0.03817370726275138,0.03488274778563794,0.025973002922083193,0.9137898906579438,0.7507642794089058,3.14628484477248,37.80400272643566,0.5098574903093716,0.7431882823529411,0.6205711074689786
site_73fced68c3c0a0ff,515,0.06417753838521058,0.019436346165532047,0.06116359113818273,0.06600998664793696,0.06025522493324668,0.06116359113818338,0.912819832165954,0.5338884493432723,2.121159563090366,10.009718275249003,1.0936090889352619,2.2440189436893205,1.8698064478544185
site_741bd07218da164c,66,0.028234914546752768,0.023436521856170713,0.01574610563751125,0.022582272244902273,0.015306766757190124,0.015746105637512754,0.6778222577068381,0.7179222724514979,0.052615886364520456,1.546810442507267,0.01637843742328837,0.033657295303030306,0.015463609164895364
site_74428aba30f813ae,171,0.027690826053829463,0.012572817223532158,0.02467197022142929,0.05189618521505716,0.06323346181758281,0.02467197022142942,1.2184606933157824,0.9268381480623812,0.13111969592992834,2.149951745223999,0.5200946718992023,0.4605396008187134,0.6837384885775052
site_7463527a899d9995,969,0.0646640564933785,0.015450154983345323,0.0627911849957417,0.087765574681036,0.06233913041270861,0.06279118499574173,0.7102913715231284,0.6987670887041205,4.051815555911302,14.971200178861617,3.7045986125865644,7.4640094200206395,3.765695998013698
site_74ac127e792b6d34,11,0.08055576510982329,-0.07466319743719968,0.030242986639595654,0.020652008486959673,0.03001729491735588,0.030242986639595775,1.4534806595837757,0.33303242354816537,0.07138154421671924,-0.8212951718091964,0.0022709786430001266,0.004691559999999998,0.009911417935710709
site_74d6733a337aa5b5,241,0.042049047285199835,0.002752162261746235,0.04195888440459293,0.06300647379505633,0.05264132535706259,0.041958884404593076,0.8354907390674033,0.7507930163637,0.42611749299990614,0.6632711050808426,0.6001354158423471,0.9567255933609959,0.6678373016188972
site_754a56eb31e06ac7,75,0.06335935776838614,-0.024510428813298547,0.058426424639974155,0.11176147139729725,0.058416301825615434,0.05842642463997473,0.5226873008673375,0.9565043049198108,0.3010806162616765,-1.838282160997391,0.4683541391872367,0.9367969866666668,0.25593482392360506
site_756658a5e0df9526,54,0.13820485877682956,-0.1305426285734883,0.04537846531833884,0.05108336622828042,0.029787758202855744,0.045378465318341284,0.5831205028607698,0.4723843403116008,1.0314314814342638,-7.049301942968368,0.03881562469154597,0.14091355648148152,0.047914769092597176
site_75a0a6603ab1116e,378,0.09359892751090851,0.0728981453531949,0.05870791799456677,0.09667253597122769,0.06057005708366762,0.05870791799456725,0.6265487552917292,0.8169887353613704,3.311566989390692,27.555498943507672,1.8082936728933738,3.532628941798942,1.386780626114889
site_75b87fcb8d56b55c,180,0.0972704062587043,-0.08151223138233026,0.0530781317380975,0.07387945143573038,0.07045142511064081,0.05307813173809876,0.9535997322872423,0.7304914704293555,1.7030757480720085,-14.672201648819446,0.6843859718181938,0.9824712019999999,0.8934125940216415
site_75f094d197034591,390,0.028872973672083895,0.003373254018869155,0.02867524657248884,0.03546651326878781,0.020190866003333075,0.028675246572491177,0.5692937969490781,0.588797178059515,0.3251229573808514,1.3155690673589704,0.1644385991462148,0.49057068974358975,0.158991717286175
site_76b0c722c519421c,779,0.03640670500337052,-0.02283445402103762,0.028355526423672027,0.040418565595877066,0.033718532609502375,0.028355526423672027,0.8342337762956602,0.7214870284963893,1.0325241238087037,-17.788039682388305,0.765976680883363,1.2726214865211811,0.8856758248023604
site_7701ccd363543751,52,0.028599026037899808,0.0154726890027523,0.024052030794520847,0.04547414572033303,0.02976325311469317,0.02405203079452086,0.654509340268596,0.8774738802082913,0.0425310230964565,0.8045798281431196,0.06175647347019269,0.10753069230769231,0.04606426427040322
site_772df34a4c6e4a0a,60,0.12421988268672343,-0.11594670462171237,0.04457511572692458,0.044547060602618135,0.04049606486607428,0.04457511572692469,0.9090625580735675,0.4538382744506711,0.9258347552821998,-6.956802277302742,0.049122928077057,0.11906643649999998,0.09839587617823775
site_783ea304b6cb08b0,11,0.14459833908049874,-0.14401545989946887,0.012970234183829048,0.03451624841952958,0.031180700696758747,0.012970234183832516,0.9033629703254903,0.9270139663234213,0.22999547631322778,-1.5841700588941576,0.010974592893638392,0.013105085454545456,0.010694597055349364
site_792ac7c0f3887a80,3,0.17571329858679105,-0.046874490276972436,0.1693456390389927,0.15293900745068276,0.01992262939936846,0.16934563903899275,0.13026519350070173,,0.09262548990075237,-0.1406234708309173,-0.007336041449010372,0.07017102,0.0011907334865537411
site_794f4adab7e8609a,986,0.07020806624601689,-0.003126316437312603,0.07013842535685332,0.08664961290865873,0.04833820785754785,0.07013842535685334,0.5578583242893808,0.5879616010607794,4.860164150081024,-3.0825480071902263,2.4281921489685776,7.403041241379311,2.303870186135188
site_79798e714cfe0874,3,0.11568777302827989,-0.07619666798909507,0.08705015000333095,0.07258178528773977,0.0729476102141114,0.08705015000333097,1.005040175367985,,0.04015098248472841,-0.22859000396728518,0.0045176111638546,0.01580434666666667,0.01596406150784979
site_7a906ff08163d278,8,0.13243658964328317,0.13027081727087497,0.023852975577937422,0.04675608082110818,0.03204182668191609,0.023852975577938078,0.6852975296306423,,0.14031560221074701,1.0421665381669998,0.010575381227768958,0.01748904875,0.008213429256911597
site_7c54957b5bc14b62,396,0.057631505124969826,0.0536920668210345,0.020941641374424044,0.022025910320260998,0.02168937132623475,0.02094164137442455,0.9847207679894766,0.541120732534074,1.3152705916558918,21.262058461129662,0.10236940768067584,0.19211572727272727,0.18628981609680847
site_7ce6c15ef40a9887,868,0.09422462255382248,-0.06911261523411297,0.06404471805630634,0.07566468504602744,0.043822152548968735,0.06404471805630636,0.5791625580984229,0.5343825119877859,7.706346602016151,-59.98975002321005,1.5380090725028828,4.969425480783411,1.6668907548937755
site_7d5d2b00a197b946,177,0.05745718900129716,-0.005443885283820374,0.05719871223154756,0.09956295488153498,0.062163969320277436,0.05719871223154939,0.6243684651007321,0.8486880417970893,0.5843351565237487,-0.9635676952362062,0.9297321821120922,1.754562411299435,0.6839915574524738
site_7dc3504cdb8699cf,179,0.0455442994934919,-0.03457361128676537,0.029647067628089906,0.043815180527190765,0.030100489681251525,0.02964706762808991,0.6869876905464718,0.7380856506170789,0.3712966957271666,-6.188676420331001,0.17424405097395346,0.3436388379888268,0.1621810667501522
site_7de361dfa684e7f9,3,0.026314295085283407,0.024931289354960123,0.008418606591035268,0.04027681991198192,0.034802427735229145,0.008418606591035268,0.8640808239400201,,0.002077326377506111,0.07479386806488036,0.004143837392330171,0.004866666666666669,0.00363362692879754
site_7df014884b3dac8e,148,0.14353736616431348,0.1385112862353389,0.03765101686303058,0.03602433790981813,0.0450832955008805,0.037651016863030656,1.2514677053535361,0.5888375859280478,3.0492403718374543,20.49967036283016,0.1415366464337787,0.19206743243243243,0.30081052291651733
site_7e8e5e3d7101de47,48,0.06616131682554079,0.05663643685082595,0.03419991030590565,0.059163375348596274,0.035170640979966215,0.034199910305906106,0.5944664376015978,0.8572715749790438,0.21011135251630014,2.7185489688396456,0.0856234825115651,0.1680146391666667,0.059374751373200585
site_7f0acd7df3af84c3,388,0.09327217803341467,-0.0008953100381438303,0.09326788093997099,0.09903529517662706,0.057527179523306896,0.09326788093997153,0.5808755294837923,0.38777399549597424,3.3754832876976373,-0.34738029479980614,0.8571828811615705,3.8055,1.2840380369558306
site_80ae082a98e7f1d4,133,0.06046048023321294,0.001856318080335633,0.0604319762478057,0.08540269575418945,0.04589260840272495,0.060431976247805774,0.5373672106887056,0.7332497185166792,0.48617746611408746,0.24689030468463918,0.38222392495906443,0.9700515187969923,0.28011549029877947
site_81129771a744e168,1,0.08747344207763674,-0.08747344207763674,0.0,0.0,0.0,0.0,,,0.00765160306890967,-0.08747344207763674,0.0,0.0,0.0
site_8126bf120df6e8fa,258,0.06177555098010337,0.05082427727321322,0.03511568792649367,0.05492842855649593,0.030466471250574854,0.03511568792649368,0.5546576163058982,0.8103574790183741,0.9845844243150006,13.11266353648901,0.34987723083205,0.7784201240310078,0.23947711457922288
site_814a74a697656439,144,0.08307858014398549,0.07734800439120995,0.03032056555273973,0.03232151845992938,0.04406361020788009,0.030320565552739927,1.3632902260612532,0.7256500331628143,0.9938952689386494,11.138112632334233,0.14882008353620768,0.150434,0.2795906512154872
site_81c3c43b60e335cf,79,0.0637847859543861,-0.02515126867747005,0.05861665806885073,0.08524339088629278,0.0550704013627584,0.058616658068851156,0.6460371976077007,0.7310082335473883,0.32141141462050116,-1.986950225520134,0.2710992516190757,0.5740484194936708,0.23958717939416885
site_81d19e24593ab11d,26,0.05299092470773819,-0.026616728406686045,0.04582126002529709,0.05531043376109283,0.031229411667247967,0.04582126002529753,0.5646206247837413,0.5600991666492943,0.07300899063591063,-0.6920349385738371,0.025154120753017758,0.07954034615384616,0.02535717998014353
site_827e793321bdd790,11,0.09921494592158346,-0.04549472675215114,0.08816935596889565,0.127330732236569,0.07489707675745602,0.08816935596889565,0.5882089535015319,0.7365678220891588,0.10827966043645003,-0.5004419942736625,0.07726868680708789,0.1783442690909091,0.06170529317493484
site_82fc0f846e9a1ddb,251,0.1313026935948138,-0.1257763657981181,0.037692216064746646,0.06195967850119999,0.047994193839738346,0.037692216064746646,0.7746036616185611,0.7939155928150617,4.327339733658643,-31.569867815327644,0.5925785269285756,0.963589441752988,0.578164103223921
site_83403fd7c9ad70f1,108,0.040339101810902396,-0.028950890218549307,0.02809072961786247,0.04540135475452196,0.026117291162064075,0.02809072961786249,0.5752535646408834,0.8240732354626922,0.17574225857031772,-3.126696143603325,0.10553256831921086,0.222618565462963,0.07366819294555527
site_8350ab85e51c782b,81,0.06740068220804943,-0.04150063294010398,0.05310884509835651,0.06538657500920378,0.042291169146458286,0.053108845098356956,0.6467867316877417,0.5864512750359417,0.36797100893094814,-3.3615512681484225,0.1313576089368558,0.34630773950617283,0.14487198200972196
site_84025ad53bb001c3,582,0.0961630232057158,-0.05210860490245917,0.08082091515927325,0.09712693086174341,0.04552533560981032,0.08082091515927342,0.46872000593341046,0.5624687242829932,5.381944332660688,-30.32720805323124,1.4474853771631557,5.490378886597938,1.2062276981485727
site_841029a3fc0d0421,80,0.07798014154408021,-0.056311664186418066,0.05394347923327589,0.06869845226604454,0.04349799235734622,0.05394347923327628,0.6331728142708958,0.6193692349095229,0.48647219801878283,-4.504933134913445,0.14806614924315364,0.37755818750000003,0.15136602712958003
site_84dbfb194c437ec0,301,0.05918589427161395,0.034729568493821694,0.047925224600033046,0.06362632770447298,0.042261718901894015,0.04792522460003305,0.6642174776798093,0.6577892514570054,1.05439399429993,10.453600116640331,0.5323990639647798,1.2185411827242527,0.5376019182473545
site_863f22c1c90857e1,146,0.03799496773227508,-0.03176218526902264,0.020851406665088706,0.040772729973309975,0.029395882406426446,0.020851406665089462,0.7209691974432209,0.8726175780561277,0.2107681656545872,-4.637279049277306,0.1526979143971654,0.24271266438356165,0.12616121375805797
site_86b7f22d3a648755,251,0.0812061406981532,-0.01691751336462469,0.07942439819505086,0.10012945980962007,0.0375229669803066,0.07942439819505148,0.37474452625281746,0.6821181909324433,1.6552037590591515,-4.246295854520797,0.6432686663877383,2.516503089163346,0.3534012358023
site_86deda94196a1d6c,8,0.02447424622484494,-0.01076606893390417,0.021979092064613594,0.06693551817794496,0.06321852546895042,0.021979092064613615,0.9444690530502343,,0.004791909826194694,-0.08612855147123336,0.031975460272934284,0.03584290875,0.031972655699746666
site_86f357dc9d6e4680,58,0.12359133352546785,0.08658365798572012,0.0881934685360275,0.10935828825954741,0.032865135503223265,0.0881934685360276,0.3005271573492649,0.7319358257467206,0.885939427910999,5.021852163171768,0.15257666905835787,0.6936356422413793,0.06264679363542314
site_87666ca1581a674d,87,0.185463592446036,-0.1795407615749315,0.046495796111938235,0.06475606432062356,0.053860493438190105,0.046495796111939366,0.8317443934133064,0.7071005571467989,2.9925167387000724,-15.620046257019041,0.21456120801742734,0.36482126436781603,0.25238288954626276
site_87ec218e6b6d4b81,397,0.07072055163438119,-0.05763791290015658,0.04097886552828349,0.03664557177826156,0.05378790865387001,0.04097886552828396,1.4677874036004923,0.6485678880516152,1.9855543801180575,-22.882251421362163,0.5075187712230296,0.5331304785894209,1.1485762295907547
site_88607d4559554ef6,42,0.02476242435013975,-0.014599839903769037,0.020000558354223694,0.035382426425744774,0.024370784418502173,0.02000055835422429,0.6887821690139834,0.8383585252718115,0.025753461707248543,-0.6131932759582995,0.030362406867778018,0.05258047619047618,0.024945275593270547
site_88b325bed90e5cd8,187,0.06332624348665605,-0.020484683782977856,0.05992153906937514,0.09319952033418968,0.039987189468568655,0.059921539069375584,0.42904930545977926,0.898164462693773,0.7499098523425434,-3.830635867416859,0.6259390288276627,1.6243101604278074,0.2990083851383039
site_88edadfb8f5755a7,34,0.05122211753096915,0.009763531393864574,0.050282986974497026,0.039224853095276485,0.05186919541079556,0.050282986974497075,1.322355377209602,0.41793371573888205,0.08920598102811816,0.3319600673913955,0.028910603815141843,0.052312029411764716,0.09147405670715203
site_8905c26daaab430e,211,0.09048782323627207,-0.07971663791237849,0.04281709698222847,0.06516121103503932,0.05151635407399019,0.04281709698222863,0.7905984750082095,0.7546639214149774,1.7276777385021909,-16.82021059951186,0.5345278156809509,0.8959025023696682,0.5599802295231892
site_8922fa4ef2bfa4f1,176,0.06521932022409595,0.0022490884245119306,0.06518052877778682,0.06597570693034428,0.0430210069240207,0.06518052877778747,0.6520734513605341,0.344408824124775,0.7486265125667979,0.3958395627140998,0.1720487656767734,0.7660917272727273,0.3257420384691681
site_899e1b3be68444b6,2,0.07644094487738241,0.07639277704954146,0.00271323946714401,0.025599999999999998,0.022886760532857202,0.00271323946715424,0.8940140833147345,,0.011686436107494032,0.15278555409908293,0.0011718021392822264,0.0013107199999999996,0.0010476076153767
site_89b67bc04797f8a3,780,0.06248023294014896,0.05523601998465184,0.02920208219477539,0.03002518173902597,0.035070523173123175,0.029202082194775644,1.1680369990080492,0.6071666419670899,3.0449480164391147,43.08409558802843,0.49868969653919343,0.703179,0.9593544445965243
site_8a227a0556c22f70,136,0.03543473172175562,0.0017859277286950267,0.03538969729088781,0.06560314944766311,0.0486318360336787,0.03538969729088787,0.7413033740472508,0.8488583391572124,0.17076434885821995,0.24288617110252364,0.36831506530004826,0.5853131575735293,0.32164754473689905
site_8adbe57839dd7587,31,0.02685470785026111,-0.012043766943677781,0.024002562603381548,0.012507229959055654,0.02204409397599772,0.02400256260338215,1.7625080891742186,0.12014387610131484,0.022356435345409147,-0.37335677525401123,0.0010268729686016024,0.004849354838709678,0.01506420445590119
site_8b5408c589cc3993,120,0.07589475518468317,-0.04119335679292679,0.0637426169895277,0.08819829703571379,0.03737360106392057,0.06374261698952785,0.423745155178983,0.775509373809678,0.6912016637451591,-4.943202815151214,0.30675626614868645,0.933472752,0.1676143267782102
site_8b64753d75204fe6,178,0.10699302968651658,-0.0019973948015255907,0.10697438392207108,0.11118993593674281,0.05903428555516136,0.10697438392207116,0.5309319144562384,0.3355208365726185,2.0376564954669676,-0.35553627467155513,0.39202096191155766,2.2006499299438205,0.6203383430394833
site_8b8c1728607fc339,11,0.07002393994735254,0.06686153418259187,0.020805946565838666,0.07558856116180805,0.06755357838231545,0.02080594656584185,0.8937010751892396,0.9639339574449876,0.05393687382325479,0.7354768760085106,0.054143260150470524,0.06284993636363635,0.050198345474812
site_8bf3ec991527937e,292,0.019635091310068957,-0.0006970046112798663,0.019622716308569516,0.04562141821773009,0.048819492112731684,0.019619999603649012,1.0701002735105394,0.915877722288031,0.11257674874038567,-0.20352534649372098,0.5956379849806581,0.6077436296575343,0.6959361005623607
site_8c584caec5491a2c,154,0.044605366330903964,0.011882963863673145,0.0429934166510267,0.08113238142631385,0.04906941903270378,0.042993416651027155,0.6048068375420445,0.8969635980871195,0.30640436064917775,1.8299764350056642,0.5499214740083009,1.0136993506493508,0.3708024141678891
site_8cafedb38b43a4db,149,0.07209928334046133,-0.045437828852826316,0.05597955311852166,0.10546118493910432,0.05526793678267766,0.055979553118521694,0.5240595088571272,0.9472990188692635,0.7745476920730104,-6.770236499071121,0.8226957518230349,1.6571871677852348,0.4551271805958942
site_8cc96a31a772bfea,373,0.09118100648819642,-0.06704166042245426,0.06180122743118333,0.09165065045932753,0.04132969396552761,0.06180122743118353,0.45094817940074283,0.830091169994189,3.101113027186793,-25.006539337575436,1.1728227102980617,3.1331409651474527,0.6371375640249952
site_8ce1daba0ed42d33,7,0.07712452575941862,0.07471972092049463,0.01910904966707199,0.08287262170687873,0.06926394373557818,0.01910904966707202,0.8357880118788255,,0.041637347315306585,0.5230380464434624,0.0395507334291935,0.0480751,0.03358245731263737
site_8cee030029879195,657,0.09764274685526844,0.0883779780906448,0.041514322854305896,0.06407762573347169,0.07502457736161275,0.04151432285430717,1.1708389083215174,0.8332150098598452,6.263907650831418,58.064331605553626,2.6316760220502133,2.6976039726027397,3.6980474958456213
site_8e38800fbe0e21e5,171,0.02994742051571406,-0.01288202514850605,0.02703518861813746,0.041607609617375106,0.05834697991924166,0.027035188618138934,1.4023151162924843,0.9071757378540329,0.15336100723819696,-2.2028263003945345,0.37659858562281867,0.2960340334502924,0.5821472812340827
site_8e3ea373de88dc00,149,0.03641172638613829,0.0011324696104798534,0.036394111213221565,0.055335226554785746,0.04472823038855667,0.03639411121322163,0.8083138567124613,0.7551515021927763,0.19754625894443098,0.16873797196149815,0.2784862567617889,0.4562361073825504,0.2980915744600788
site_8e6ad22dcccafcc7,320,0.09615043834930823,0.0674703146694228,0.06850301769391763,0.07619476867500484,0.043087558650378555,0.06850301769391809,0.5654923480923058,0.45225021831136836,2.9583701743245188,21.590500694215297,0.47512272811424916,1.8578056875,0.5940920673439398
site_8e827922ba5b5da3,25,0.03504274206426817,-0.015088057637691497,0.03162821980612454,0.011159222912013187,0.036427014633595045,0.03162821980612486,3.264296709619488,0.5548763795858738,0.030699844284570735,-0.3772014409422874,0.005638892037644985,0.0031132064000000017,0.03317318487790369
site_8ea1310ade5fc61a,6,0.03431843850255393,-0.0147338427901268,0.030994662409669898,0.08628036502524135,0.0683756092251594,0.030994662409670002,0.7924816869418215,,0.007066531327521455,-0.0884030567407608,0.03347656868373354,0.044665808333333334,0.028051343621470215
site_8eb987af49bead43,440,0.045395650229465685,-0.005808320720426062,0.045022532915915084,0.06812741162612912,0.041212952303474,0.04502253291591526,0.6049393528942976,0.7680262115221842,0.9067366262926347,-2.5556611169874675,0.9488211001015521,2.0421914545454545,0.7473432725301059
site_8fa7ffd1566cb92a,51,0.04476711372561089,0.007852006617013145,0.04407312631761175,0.06789407466676178,0.04680891095872335,0.0440731263176118,0.6894402963509144,0.7643433204543488,0.10220881803741072,0.40045233746767045,0.12388509594302842,0.23508987411764704,0.11174478140222627
site_8fd20385af85644b,310,0.06549832563012209,0.05658290850135588,0.03299098552448375,0.04176149128091864,0.03518059622466277,0.0329909855244853,0.842417144254071,0.6443298738808545,1.3299095047083473,17.540701635420323,0.29346016372209116,0.5406468677419355,0.3836790487240544
site_901a320e9c405a2e,98,0.033197655550784695,0.010418425671908317,0.031520481287370394,0.045669371385158516,0.04437663840267868,0.03152048128737263,0.9716936549974072,0.7552937049629783,0.10800426473871748,1.0210057158470152,0.15001040212445116,0.20439776530612244,0.19299003152036542
site_90c4f5b431597729,821,0.07052644482607189,-0.006908063874320193,0.07018730706697097,0.11173785338653891,0.05907746889464683,0.0701873070669711,0.5287149081903153,0.8369125776780706,4.083637103659873,-5.671520440816879,4.535711844786258,10.250470609013398,2.865410958749328
site_912580bb93bae080,334,0.052573228636878806,0.046673931248530656,0.024196869861884362,0.04433524401755523,0.037820068886115395,0.024196869861884383,0.8530474958283742,0.8380685482848967,0.9231574193480483,15.58909303700924,0.4693506545761299,0.6565150299401197,0.47773944192387163
site_912957a44bff743f,166,0.04789257283955938,0.034718191592520986,0.03299008496105316,0.042314771496204724,0.03144975240208119,0.032990084961053455,0.7432334215701003,0.635442957993751,0.38075395650995514,5.763219804358483,0.1403763318968286,0.29722962120481927,0.16418842974126713
site_916f2628195f7cd3,128,0.030215053423755942,0.02262538669919595,0.020026016331569106,0.0258360213537156,0.01400493306584024,0.020026016331569384,0.5420700375689279,0.6392429903957382,0.1168575300352545,2.8960494974970814,0.02960619644518592,0.085439999921875,0.025105683222869157
site_917287f92c952f20,38,0.03629729936406056,-0.0060373280867149935,0.03579168354097909,0.07256406401536915,0.047014576468875253,0.03579168354097921,0.6479044015356901,0.9079209089238808,0.05006476976272077,-0.22941846729516974,0.11770251434925746,0.2000906486842105,0.08399407522081331
site_91e14ae535f79ace,96,0.05928591116421999,-0.03131946068877975,0.050337964249021476,0.07714961114613605,0.044003981604382944,0.05033796424902192,0.5703720466073513,0.7886120231338635,0.3374226492068913,-3.006668226122856,0.25701610811054704,0.5713980000000001,0.18588963811573178
site_91ea89ee8d5d5b53,178,0.09488298050533506,-0.08341490125589156,0.04521873768744159,0.06795773599882206,0.05321123640660098,0.04521873768744199,0.7830048430030587,0.7473428100256078,1.6024948381444908,-14.847852423548698,0.4810410238323587,0.822049191011236,0.5039955510256136
site_91ee6299c921b981,293,0.09429533826461399,-0.06780512130016354,0.0655292022224297,0.0884706502014643,0.03795982714510358,0.06552920222242982,0.429066894599078,0.7405358031527786,2.605241969802327,-19.866900540947917,0.7286804637270169,2.2933273924914674,0.42219790372763977
site_92ac3b6c2c87c639,732,0.05826577169090945,0.04369071006180485,0.038548955952561026,0.040459181415225275,0.027242698633292133,0.03854895595256104,0.6733378600448001,0.4051324524335864,2.4850669103396195,31.981599765241146,0.32687020235701053,1.1982440040983606,0.5432645082994441
site_92b0fa719fa97ab5,94,0.07819034295934328,0.0654748069117678,0.04274083986033085,0.04882004723699809,0.054702019959920155,0.0427408398603317,1.1204827331355884,0.6644552058078832,0.5746905948173741,6.154631849706173,0.16679964457373037,0.22403931914893616,0.2812772328433773
site_92d25300e45f668d,35,0.03231639032555892,0.0017512510350772296,0.03226890459073594,0.04039826223783313,0.03007039378519359,0.03226890459073594,0.7443486952028483,0.6153178473683489,0.036552217928585734,0.06129378622770304,0.026161904488078185,0.05712068571428571,0.031648000383881325
site_92f4bc71b766e85f,213,0.11435641794006393,0.10485475623719569,0.04563847519934082,0.07759476760749293,0.057096766693885824,0.045638475199340826,0.7358326914864332,0.8123534561773729,2.7854841390295886,22.334063078522682,0.7665995998484358,1.2824619154929577,0.6943886833488544
site_9325c992d0f1e0e4,864,0.1020778870093042,-0.0805000127348704,0.06276657522893839,0.0828518450934098,0.03634028864347855,0.06276657522893841,0.43861773509699575,0.7050148291478783,9.002789294069615,-69.55201100292803,1.8340135983808088,5.930865995370371,1.1410127239893142
site_93742f2df91eb28f,113,0.07464238229529645,-0.02682132366832379,0.06965703002135677,0.10567964792962681,0.08876161838433393,0.06965703002135679,0.8399121318367868,0.7566237875046196,0.6295778315230418,-3.030809574520588,0.8020011745136989,1.262005242477876,0.8902846134972924
site_93e093b0ecc1d78c,41,0.07238610048512747,-0.050679039412010025,0.05168541871474882,0.06770100712145112,0.04822183230853024,0.05168541871474887,0.7122764395812233,0.6489772879824092,0.21482964928116183,-2.077840615892411,0.0868664738590034,0.18792048097560976,0.09533914955887246
site_94398cd24f99ecb3,80,0.0929344424893268,0.08904024695307015,0.026620387362663745,0.051530208070121354,0.04856608617903034,0.026620387362667607,0.942477975500167,0.8601747653121249,0.6909448480641591,7.1232197562456125,0.17221528188642116,0.2124289875,0.18869317813992015
site_947d9a648844f933,171,0.07819689857762611,0.0528557108508216,0.05762836782014467,0.07570941371040533,0.04926781283102773,0.05762836782014488,0.6507488357984269,0.648546333061049,1.0456230959642823,9.038326555490494,0.4136664358365256,0.9801575204678362,0.41507127217719386
site_948f865f7f081052,88,0.04182660534685468,-0.010336890101297335,0.040529169962821014,0.04972253109145285,0.04609667851033097,0.04052916996282157,0.9270782781662303,0.6445384240541522,0.15395291250605483,-0.9096463289141654,0.13000329099780117,0.21756504863636364,0.18699153173226318
site_952481bd3cb76606,468,0.09418094255600629,0.08857234792136229,0.03201545133892235,0.04006566950554013,0.03296846070829089,0.03201545133892338,0.8228605964947655,0.6310787320981284,4.151183372265269,41.45185882719755,0.3901220270921182,0.7512606845299146,0.5086782798898881
site_9563943b41248204,316,0.08263432556410488,-0.05271150676076171,0.06363905103350183,0.09019840954496701,0.044446776820233416,0.06363905103350183,0.492766746602945,0.7559612159017975,2.1577844366132948,-16.6568361364007,0.9576917575573244,2.570897974683544,0.6242630464276138
site_956a5215e9d24ea6,175,0.04964028140664254,0.03687024186032159,0.03323767144810314,0.01670143486442444,0.03459956723525187,0.033237671448104175,2.0716523769434962,0.3212920274849044,0.43122756917286575,6.452292325556278,0.03249095290920564,0.048814137142857136,0.20949775925167508
site_9573cc360aa7a95d,83,0.13914566817234986,-0.10631770276592438,0.08976671459793019,0.11377192578114367,0.050410854889216254,0.08976671459793081,0.44308694384050973,0.647497993474205,1.6070059086037651,-8.824369329571724,0.30823055698157076,1.0743562409638554,0.2109241061249143
site_95a6e0674f2876c2,37,0.030301035698499866,-0.0023201338560194587,0.03021207942681066,0.0332113668309311,0.04390615075140966,0.0302120794268107,1.3220217937708627,0.7262376575609564,0.03397165228286524,-0.08584495267271997,0.039182541519906876,0.0408108108108108,0.07132675273080392
site_95aa1a90ae6a3184,54,0.07709512123140025,-0.014081660113952779,0.07579818313204753,0.1165631007102502,0.046164146835961775,0.07579818313204774,0.3960442589007264,0.9266542868957555,0.3209575167549523,-0.7604096461534501,0.26926344902233945,0.7336956481481481,0.11508093646698092
site_95c50f37760ba8b9,9,0.08691916829972465,0.047835224111874915,0.0725722615885888,0.09212163188810973,0.05165633360394131,0.0725722615885891,0.5607405399275028,,0.06799447636124273,0.4305170170068742,0.0264961741997136,0.07637755555555556,0.02401539121261509
site_960e43f47225dd5e,138,0.0857112589470968,0.07399988859546357,0.04324854215063512,0.06162213300253731,0.032452351921590045,0.04324854215063592,0.5266346739450549,0.7450822926220565,1.013805947620887,10.211984626173972,0.2056204155780159,0.5240256440579709,0.1453354100434966
site_96144cbf74954033,5,0.0683338557540924,-0.030115863993167874,0.0613396330129723,0.06162381357884304,0.004452437580173178,0.061339633012972364,0.07225189941347299,,0.02334757921110553,-0.15057931996583937,0.00013692005559802047,0.018987472000000002,9.912100202669194e-05
site_96a5abc509a3a15b,35,0.028207718310415037,-0.004990866457053594,0.027762684025280787,0.022232226287852635,0.01035346593928097,0.02776268402528091,0.46569631872350786,-0.3677557608325773,0.027848638029790332,-0.17468032599687577,-0.002962758428305387,0.017299516,0.0037517989934547913
site_96e92296d2491d86,411,0.09418259698641494,-0.08370493892112207,0.04317226859126909,0.06056773353189755,0.04116165596945482,0.04317226859126916,0.6795970984745093,0.7017231773483884,3.6457186073683427,-34.40272989658117,0.7190213796105245,1.5077330918734793,0.6963498700027275
site_96ea37eab36e72c1,208,0.09868399569276194,0.04647696184378404,0.0870541384637198,0.09320942947555405,0.0403116960628448,0.08705413846372029,0.4324851711855753,0.36389332865828605,2.025614449224924,9.667208063507081,0.28439918613193127,1.807103530576923,0.3380068306083408
site_971bf07b5c1c6549,83,0.04832408491862843,-0.03418573082355132,0.034154838475426955,0.038328808352425206,0.012177727764549,0.03415483847542947,0.31771735903129034,0.4829502774993556,0.19382302620749337,-2.8374156583547596,0.01870992689558182,0.12193509662650603,0.012308655441119809
site_97832a03d9613f37,33,0.02366979977120041,0.002680860465223139,0.0235174915408664,0.02205277916432583,0.024667179244394315,0.02351749154086641,1.1185519548618947,0.4979250480641098,0.018488560899887728,0.08846839535236359,0.00893841947411949,0.01604872727272727,0.020079501151877566
site_978ff47db3a1c5a1,160,0.09443249025062146,0.01988066156253219,0.0923160577081245,0.09184001834863305,0.03386478362156555,0.07469828191022841,0.3687366817917191,0.6433112652756159,1.426799234389395,3.18090585000515,0.32012633757382014,1.349534235244361,0.18349177115767268
site_97ad06a1706d85fa,20,0.14634295736902056,-0.09294108971953392,0.11304076704117201,0.13773162309360912,0.03147600877023185,0.11304076704117205,0.22853145895797092,0.8283879521890687,0.4283252234302194,-1.8588217943906784,0.07182524114847184,0.37940000000000007,0.01981478256207425
site_98378de2aa945723,63,0.06660663787622041,0.005504793500143383,0.06637877264378077,0.07102104202402895,0.029546462492824402,0.06637877264378106,0.41602406344344794,0.3599946624573794,0.2794959851779594,0.34680199050903315,0.04759147254720567,0.3177712698412698,0.05499858708791239
site_9898264bce191dea,842,0.05819212798853967,0.050012368440323654,0.029750407775758294,0.03291723712311613,0.044442044057343824,0.029750407775758356,1.3501146493894045,0.7428871404803631,2.8512846057807177,42.11041422675252,0.9150658201529757,0.9123444688479809,1.6630302257556973
site_98b84b664f32321c,921,0.054022499911970306,0.005414385552838624,0.05375048767987175,0.07331291176989707,0.04028761081139237,0.05375048767987175,0.5495295417789533,0.6955506551293751,2.6878744874964644,4.986649094164372,1.8920838378191918,4.950175172638437,1.4948673496838922
site_99359b775dbc987c,101,0.03979714685147946,0.027685405923588435,0.02858900481591404,0.07322723950169584,0.07718772208471715,0.02858900481591495,1.0540848270393914,0.9290860584944762,0.15996510264934038,2.796225998282432,0.5303935133897433,0.541585089108911,0.6017523885033806
site_9963ae44b09a6e46,127,0.08395742547677433,0.07920292204946983,0.027852224893421335,0.027516644532563424,0.03136208702121603,0.02785222489342135,1.1397496880152622,0.5591094044302376,0.8952038601713906,10.058771100282668,0.06127748711864779,0.09616004724409448,0.12491472379544355
site_9978a236cbbfb40f,39,0.031115876738935743,-0.004306276306127892,0.030816452904380873,0.028855235037790413,0.026451322479308512,0.030816452904380873,0.9166905916609723,0.3816811745962025,0.03775971362407306,-0.16794477593898777,0.01136154396746021,0.03247235897435897,0.0272872259752705
site_99e4e71469e203aa,104,0.08094743371259804,-0.032555884702618304,0.07411208670578151,0.08945387484020753,0.04566401996506431,0.07411208670578383,0.5104755947870839,0.5623984754089804,0.6814586505641672,-3.3858120090723034,0.2389190464654078,0.8322075552884616,0.21686108281445837
site_9a39d33121ec563e,282,0.048084974894246804,0.029706883359568337,0.03781092291443503,0.06992849898340395,0.05051090005500395,0.03781092291443506,0.7223220974182736,0.8509941084916374,0.6520304765836575,8.377341107398271,0.8476468944944018,1.3789785815602835,0.7194809888713807
site_9a5b564ee1a1517d,676,0.10181333540614586,0.09712068285582334,0.03055369418160324,0.022137521158280847,0.04097666061334855,0.03055369418160384,1.851004921480139,0.6810708760082935,7.007385760170462,65.65358161053658,0.41764237551022565,0.3312872138905325,1.135062619354568
site_9a64702d11a0ca56,5,0.05960609536420666,0.058474877452850335,0.011557478593578889,0.08368385746367096,0.0883532130206402,0.011557478593580427,1.055797565964216,,0.017764433022834494,0.2923743872642517,0.03668925734907389,0.035014939999999994,0.03903145125535312
site_9a99fb7f0cd8cd33,110,0.04543785072248542,0.012211242730400777,0.04376624074852788,0.05151657019793416,0.047760288065504544,0.043766240748528744,0.9270859430665235,0.6136119236314503,0.22710581061067553,1.3432367003440855,0.16607350604902615,0.29193527054545454,0.25091496277099734
site_9aa6317ba764d9b9,127,0.08488186511733191,-0.05024029999548995,0.0684166886231722,0.08380242567905238,0.039337288201767996,0.0684166886231724,0.46940512620031377,0.5899218137868852,0.9150262402762097,-6.380518099427223,0.24697851992322234,0.8919015118110234,0.19652262486975736
site_9b62f4534e47f978,173,0.0224731205283536,3.325978214341041e-05,0.022473095916424147,0.02586992559360872,0.03298567119342662,0.022473095916424202,1.275058603244529,0.7337474646697939,0.08737211830677008,0.005753942310810001,0.10832113998097317,0.11578077768786128,0.1882334292059879
site_9bb3648a2ef66eb2,76,0.16702066016940725,-0.1565132595096764,0.058305235794749326,0.08224655942588797,0.036641000383957005,0.05830523579474957,0.4455019229950166,0.7810533642885549,2.1200884701802716,-11.895007722735407,0.17888723916717264,0.5141017368421053,0.10203478109442243
site_9c2d82de18c716a5,41,0.03330619235848488,-0.020473214706996593,0.02627070476750891,0.030425028051675986,0.03332990008483886,0.02627070476750897,1.0954763962165963,0.6638712042803055,0.04548140042623627,-0.8394018029868603,0.027601500173894376,0.0379529756097561,0.045546171826279
site_9c3923563de1bc2a,115,0.08459781393141817,-0.037645979159292964,0.0757599523172562,0.09790331483060424,0.05144515457633073,0.07575995231725631,0.5254689758497243,0.6444850354348185,0.8230308640271079,-4.329287603318691,0.37329532502267676,1.1022817913043477,0.30435945187899477
site_9c3f2a2a90bf94af,109,0.10074119733012683,0.024922680264437964,0.09760967599548799,0.11898262064189698,0.03311653465582181,0.09760967599548848,0.27833085602890634,0.7265857350585518,1.1062179835063233,2.716572148823738,0.31206264187913707,1.543098177614679,0.11954083056951692
site_9c51efef96062ac3,183,0.05217528532218372,0.025437284254930057,0.04555441765828169,0.04056002971683276,0.06867532195526557,0.0455544176582817,1.6931773086636752,0.7693865162713375,0.4981736529165843,4.655023018652201,0.3921882962615682,0.3010562299453552,0.8630828717556669
site_9c5e0ec7dff35c9c,35,0.0664192098508481,-0.04042425014972687,0.0527009623920029,0.0971756835293056,0.05418598665181904,0.05270096239200311,0.5576084950869216,0.9117589251533192,0.15440290030238488,-1.4148487552404405,0.16803225568107194,0.33050897142857144,0.1027642402300889
site_9ca12fe149def76c,9,0.12192140084868604,-0.07381218709680769,0.0970391107795812,0.1385913345945242,0.04456810426749409,0.09703911077958144,0.32157929929664586,,0.13378345186415383,-0.6643096838712692,0.05299778214808967,0.17286802222222222,0.01787684326198402
site_9cfda7361157a69e,189,0.09457600207393342,-0.06374659816171757,0.06986409228707667,0.059035941175169866,0.022202079144231827,0.06986409228707703,0.37607733022082956,-0.3443970804815677,1.6905332118065566,-12.048107052564621,-0.08531618026040849,0.658710804232804,0.0931642081637527
site_9d73848123a6a95b,64,0.06089966343236899,-0.023686421047896145,0.05610456723046354,0.09160607831352881,0.03902544741071972,0.05610456723046354,0.42601373324979747,0.9464331292700046,0.23736121639525248,-1.5159309470653533,0.2165419732951559,0.5370671093749999,0.09747107491883844
site_9dbd78e6c2f64c18,70,0.09440897879455346,0.05806780623401915,0.07443913726124754,0.08824986956109918,0.04148574245305375,0.0744391372612476,0.4700940937292988,0.5419011821720778,0.6239138693921311,4.06474643638134,0.13887724018816436,0.5451627634285714,0.12047467788167743
site_9e0c7cff2a642903,104,0.07580942529414367,-0.032230954512953755,0.0686165762379052,0.10147441161700693,0.05329318063916268,0.06861657623790565,0.5251883680814645,0.7793222786444128,0.5976951721965483,-3.3520192693471906,0.4383072086142805,1.0708938461538462,0.29537696267439606
site_9eb9cb71933abd8d,145,0.04446989906288847,-0.00429677869328137,0.04426183023242997,0.08314258629109642,0.05859297443963383,0.04426183023243098,0.7047287924685167,0.8607814550180386,0.2867479287862059,-0.6230329105257987,0.6080369602665305,1.0023399999999998,0.4978048147841195
site_9f1083ed35aa92f7,172,0.0882105790186243,-0.029591236701884936,0.08309912731944889,0.09758096650647338,0.04795540904928381,0.08309912731945009,0.49144224295116523,0.5252980421788724,1.3383502751377652,-5.089692712724209,0.42280191353439944,1.6377917441860466,0.3955520562184706
site_9f57a1eb8c53e14d,1084,0.07647607491596492,-0.040643425784647684,0.06478195717204069,0.09429068800350454,0.03965259770294347,0.0647819571720417,0.420535670515732,0.8380017451068654,6.33987159745467,-44.057473550558086,3.396367322559204,9.637555487084871,1.7044040989771618
site_9f76ab7d5518980d,176,0.07548151122749563,0.0643964074044065,0.03937716661457816,0.0101610418606664,0.04193095121680465,0.03937716661457839,4.126638960038165,0.36484136249955074,1.0027527025448326,11.333767703175544,0.027358336812223903,0.01817143181818182,0.309444021910505
site_9ff0a0ccad22ddc6,126,0.05468605644856994,0.047447263138634815,0.027190476100085566,0.03366192538252311,0.0465869526869974,0.027190476100085823,1.3839657760986188,0.8175413599705507,0.37681116100691847,5.978355155467987,0.16154128560589423,0.14277377777777778,0.27346336424322726
site_a08eaaa4540846cf,142,0.1664921961349435,0.09872863227263304,0.13406083896280713,0.15446513454537567,0.0583781908745389,0.13406083896280738,0.37793765594001877,0.5154028577663804,3.936190495084783,14.01946578271389,0.6599579515710263,3.3880458461971834,0.48393787010934175
site_a0a221a9f908364b,38,0.09403071067522924,-0.08906047802928248,0.030166302446345068,0.04444991586916249,0.03982502057835627,0.03016630244634533,0.8959526649179828,0.7490095180020861,0.3359874329033694,-3.384298165112734,0.050384608149597124,0.0750802107894737,0.060269226034527015
site_a0d01f20e2427c2c,13,0.0911790619297015,0.08596173382172217,0.030400685070302746,0.051998571896639055,0.03462049296024402,0.030400685070304127,0.6657969959071458,0.8271863046536003,0.10807707734694444,1.1175025396823883,0.019358484335816824,0.03515006923076923,0.015581520926533976
site_a1da79e1324e0f0b,139,0.12046867765631528,-0.05518256090356291,0.10708682117042118,0.13415239849301042,0.04648678088272126,0.10708682117042151,0.34652217481704817,0.6967497731262007,2.0172656191803062,-7.670375965595245,0.6039758187166435,2.5015643769784175,0.30038189076050137
site_a2c2e8340755d8a7,83,0.14654775195421033,-0.1329422128897115,0.0616653195468845,0.07214866669569184,0.053280542735636115,0.061665319546886276,0.7384827076619783,0.5517042357971689,1.7825282190351188,-11.034203669846056,0.17602784027204096,0.43205069879518077,0.23562174743892755
site_a2dd98acaefee6f4,468,0.07239436302383244,-0.027320509209846838,0.067041282611098,0.11316568063045708,0.06369394224857099,0.06704128261109825,0.5628379725525071,0.8579987742134024,2.4527616972891724,-12.78599831020832,2.8943122987531953,5.993428555555556,1.8986377546488908
site_a30a3623711ec917,255,0.05531040143035294,0.021829404907133063,0.05082044458470649,0.08265392840056748,0.045113043258646554,0.05082044458470653,0.5458064018447406,0.8426559625983276,0.7801063291286312,5.566498251318931,0.8012279729502165,1.7420763294117647,0.5189726013744114
site_a3440058322ffd4e,564,0.05697015592164216,-0.03552468377568409,0.044537574118645784,0.08660177681475399,0.06684644936525429,0.04453757411864581,0.7718831163042134,0.8623841176035515,1.8305176474752276,-20.035921649485825,2.8156910489789073,4.229925409574468,2.5202045551062087
site_a3ad14b1dd64a3e4,55,0.0395818676393337,0.005562425117926167,0.03918907593482139,0.03915664055014876,0.013292612029054766,0.03918907593482142,0.33947273929260174,0.1672952528425069,0.08616983351997527,0.3059333814859392,0.004789189930341461,0.08432833745454547,0.009718144400523432
site_a3eb3ebe590ad832,109,0.042454824885979986,0.006142207282180086,0.042008159276525785,0.08305922673122955,0.0733494972501752,0.04200815927652582,0.8830987252930496,0.8629095580913761,0.19646292501481558,0.6695005937576294,0.5730292653201506,0.7519730308256879,0.5864362134070271
site_a3fe6dc1994cbcf1,17,0.09035951978554158,0.08892214970167946,0.016052853587626988,0.010772674646119317,0.017307226989736225,0.016052853587629885,1.6065858812482445,0.4234396487218507,0.13880232786985255,1.5116765449285507,0.0013421203927958722,0.0019728588235294136,0.005092181803262319
site_a408c1f09c2d83d9,411,0.0436551814534503,0.02513579977008258,0.035692666440768864,0.06415030831891186,0.044763470136556543,0.03569266644076892,0.6977904130097536,0.8436202914591366,0.7832734706385387,10.33081370550394,0.9956606270165121,1.691372705596107,0.823548754311886
site_a4122f0bf308f22f,156,0.0666402588229439,-0.000678120489762381,0.06663680851143995,0.08344417791794924,0.04648790868182583,0.06663680851143995,0.5571138675191629,0.6036886792505529,0.6927841589742765,-0.10578679640293143,0.36532019420690265,1.0862172092307691,0.3371356019631253
site_a42d63e8b2f931d6,6,0.09663014951542112,0.08972430098056794,0.03587388477599124,0.05116530942825313,0.03191514390136609,0.035873884775991585,0.6237652866366283,,0.05602431477223584,0.5383458058834076,0.00704858907063802,0.015707333333333334,0.006111458461469432
site_a44b748575c17771,8,0.07602281978545603,-0.059753151239454745,0.047000319627495867,0.08129236972188718,0.05050980759177985,0.04700031962749631,0.6213351605394348,,0.0462357530250554,-0.47802520991563796,0.027802639971487228,0.05286759499999999,0.020409925303668974
site_a4e51d06a4c9f574,191,0.0653912708794058,-0.02702459613752614,0.05954569263034424,0.10123671820061593,0.07070003667545874,0.05954569263034563,0.6983635772877967,0.817448647452513,0.8167194966797505,-5.161697862267493,1.1175103241694382,1.9575347643979057,0.9547125805090413
site_a507f74864d36b32,315,0.042679868818872736,0.029795881694839117,0.030557759021618988,0.035634029896598925,0.019227007441694498,0.030557759021619803,0.5395687071455708,0.5149966683039767,0.5737949287547983,9.385702733874322,0.11114542930227897,0.3999819873015873,0.1164485117763373
site_a55a51839f39337a,11,0.09541797610417588,-0.07666227248148484,0.05681096849897605,0.07161541571892913,0.02952734170759213,0.05681096849897612,0.41230427012361204,0.6557099880482293,0.10015049180198786,-0.8432849972963333,0.01525230044316162,0.05641644545454545,0.009590502991486005
site_a5c2bfa9bb36639b,60,0.029028430720587757,0.011419260448217393,0.02668801755312187,0.03696011495142057,0.023388150178258165,0.026688017553122008,0.632794302966832,0.6945658783364016,0.050558987405997784,0.6851556268930435,0.03602416155201694,0.08196300583333334,0.032820334125645445
site_a5c5f553e4031a41,74,0.04619992460745444,0.015866914234451343,0.04338979219137883,0.06764229381344765,0.044897727186579514,0.04338979219137939,0.6637522865561607,0.7752114940945273,0.1579480444963511,1.1741516533493994,0.17421863484080574,0.3385855135135135,0.14916963708251857
site_a61c8cdc86211521,39,0.040811334191929165,0.020565806141266456,0.03525071086212551,0.048476893510937175,0.03298901977348805,0.035250710862125556,0.6805101850440395,0.6864885180893686,0.06495703494248772,0.8020664395093917,0.04281560426912247,0.09165035897435898,0.04244274159900785
site_a62049e3761071cb,301,0.08457935975466215,-0.021216843461831943,0.08187498793908116,0.07052363150459924,0.04478750351669388,0.056024180797164064,0.6350708629315698,0.6079943212931721,2.1532540970490777,-6.3862698820114145,0.5780395327980868,1.4970483627795472,0.6037820618486178
site_a637aa5eb6fad085,105,0.055439888545016976,0.03758622242382594,0.04075361488003963,0.08638912860973952,0.0591587004259962,0.04075361488003971,0.6847933458530874,0.910054732328879,0.32272603039780995,3.946553354501724,0.48835375324324487,0.783623561904762,0.3674739427897401
site_a6a5e3eb9fd3c985,371,0.13895221558885504,0.11703168022953918,0.0749086379511905,0.07615413085282056,0.04825489311888008,0.07490863795119072,0.6336477427881094,0.3424235125548912,7.163163458526162,43.418753365159034,0.46684456964777005,2.1515965606469,0.8638863773782943
site_a728723d09857d1a,33,0.08189963221065097,0.07411001927491391,0.03486050486312249,0.024269744454109284,0.043742704735841534,0.03486050486312261,1.8023553902082863,0.6062361024453924,0.22134914195591662,2.445630636072159,0.021238633583689277,0.019437676363636358,0.06314299918103145
site_a73a8fe0a0e90dac,39,0.04701911882514321,-0.023451792675715226,0.04075304841834787,0.06957946374576286,0.053755803901932527,0.040753048418348786,0.7725814630930676,0.8114559338492562,0.08622110386862453,-0.9146199143528938,0.11836845682160213,0.1888107692307692,0.11269777167257794
site_a7fe1c93212d2f37,55,0.04481528382586625,0.03267167720556259,0.030675253429572034,0.023507600037097197,0.0306360990050078,0.030675253429572145,1.3032423112806566,0.3819918360339087,0.11046253154161219,1.7969422463059423,0.015130682841458108,0.03039339927272727,0.051621380923455196
site_a85957854004ad6e,10,0.03607569137334546,0.02555970850229263,0.02545892396278172,0.06983379124750425,0.07403888496324465,0.025458923962781765,1.06021574427825,0.9390306319929763,0.013014555080648717,0.25559708502292633,0.04855179038628936,0.048767584,0.05481756486600575
site_a85f5d6458d2ef6d,586,0.02099829889436422,-0.00650424475388112,0.019965554253229927,0.02767898461990064,0.0190471320569344,0.019965554253230246,0.6881441757527437,0.6926107408429939,0.25838413408383576,-3.8114874257743363,0.21397674925548404,0.44894994709897607,0.21259683840225863
site_a8a04a98a04fa26e,41,0.03593489414274605,0.032693953605395995,0.014913819587837957,0.016992422988626146,0.021627052206923326,0.014913819587838205,1.2727468131766355,0.7266062538566211,0.052943981299064954,1.3404520978212358,0.010948021135479213,0.011838440000000002,0.01917690487360047
site_a8d2970296172e46,359,0.07107272361938795,0.06585210521863696,0.02673634756191415,0.03795450487386244,0.04075909621024722,0.02673634756191431,1.0738935034380113,0.7715027417470431,1.8134282033213678,23.64090577349067,0.4284693869244837,0.5171554540389972,0.5964081086715518
site_a8f474364dc17adf,217,0.08957062411836995,0.01405068803998182,0.08846171415113677,0.09616026139465322,0.04217962787076122,0.07509713844577202,0.4386388645269066,0.6639954769325292,1.7409685849750867,3.048999304676055,0.5844175293525621,2.0065547041129035,0.3860692585875496
site_a92160c2510cdbec,2,0.058963899442375914,0.058869100451469425,0.0033422222375869837,0.0028499999999999914,0.006192222237586975,0.0033422222375869837,2.172709557048068,,0.006953482874901237,0.11773820090293885,3.529566675424565e-05,1.6244999999999903e-05,7.668723247933329e-05
site_a9455c71e74fd72a,25,0.05482967926811414,-0.022148480913639065,0.05015713829418931,0.05586589657384906,0.02026540143155466,0.05015713829418931,0.3627508493444807,0.4486821628341675,0.07515734321610665,-0.5537120228409766,0.012699329666495323,0.07802496,0.010267162379551442
site_a963d86424b18502,34,0.021322849037626164,0.008710520211388083,0.019462546820197883,0.03380066759337433,0.029305857361931965,0.019462546820198198,0.8670200752980558,0.8189971838775619,0.015458572296767432,0.2961576871871948,0.02758297050470377,0.038844494411764706,0.029200331374408667
site_a98119a935505c9a,155,0.09972304975025119,-0.07323015684043208,0.06769069936569419,0.08767248057489926,0.05477571117896181,0.06769069936569463,0.6247765640914712,0.6356103361814079,1.541426430981116,-11.350674310266971,0.4731228993642715,1.1914018967741937,0.46505867294996145
site_a9866d1cfd06e947,48,0.05653426330063741,-0.05219025276650985,0.02173247439003689,0.03329338172209389,0.024932043358229256,0.02173247439003691,0.7488588442694619,0.7576183474938643,0.15341390049339831,-2.5051321327924727,0.030186134625505658,0.05320556479166667,0.02983712572879793
site_a9bff24a5451b631,238,0.056221803322598955,0.031707919569576484,0.046427351910423104,0.08511124328900126,0.06003620427924945,0.04642735191042382,0.7053851166924241,0.8506052512593462,0.7522920981851098,7.546484857559204,1.0344396958123547,1.7240538487394956,0.8578343061738253
site_aa2ce12749046dfc,311,0.06816381014211331,-0.05589608436803725,0.03901195669806027,0.061349676260487075,0.03938875680185568,0.039011956698060436,0.642036913684978,0.7848838880055731,1.4450008590710113,-17.383682238459585,0.5898619090960244,1.1705364437299037,0.48250846450507273
site_aa4df3fb16db7e70,50,0.15625588150172653,-0.14405872596502303,0.06052259063536525,0.060289336536405835,0.02914301947342025,0.06052259063536531,0.48338597084779955,0.2336737299418406,1.2207950251940802,-7.202936298251152,0.020528392670303583,0.181740205,0.042465779201407594
site_aaad533d86c5f947,240,0.04150751280645237,0.024489355903118848,0.03351335654374514,0.06253393523164487,0.04675711140890088,0.03351335654374571,0.7477078043417259,0.8505018895729639,0.4134896686506737,5.8774454167485235,0.5968290547238042,0.9385183333333333,0.5246945921530486
site_aae8b0a4c0119c59,105,0.014608767587395401,0.0015956685439745583,0.014521361241987772,0.026049419211756745,0.017723478549228584,0.014521361241988797,0.6803790289969129,0.8467047457662368,0.022408689494366116,0.16754519711732863,0.04104576004380981,0.07125008533333334,0.0329827776479214
site_ab53cfe255b5cc4c,78,0.06891578009683248,0.05399976292405375,0.042818341286193745,0.06189138383090922,0.03715435840992559,0.042818341286193815,0.6003155222935945,0.7344049762581939,0.3704520102156878,4.211981508076192,0.1317255962434296,0.2987823846153846,0.10767481521055028
site_abdcb41ac727b4e7,485,0.06333166319191327,-0.010401233158160732,0.06247170488664063,0.10308204768842254,0.08123065999129211,0.062471704886641256,0.7880194642312619,0.795470092549331,1.9452862878871617,-5.044598081707955,3.2304915809527652,5.153565649484536,3.200233759471139
site_ac16cbbd2f795846,35,0.05726115793370469,0.024108264034135,0.05193873133961884,0.08583817713034932,0.04828798246210007,0.051938731339618925,0.5625466904868273,0.8446767813210841,0.1147594072768035,0.8437892411947251,0.12254007657766341,0.25788674285714286,0.08161052375910294
site_ac240db4268c6c54,61,0.11223208457783707,-0.10062581321939093,0.04970398900111563,0.08956919197188941,0.05648660092706341,0.04970398900111599,0.6306476555553978,0.8640142515859257,0.7683584893298931,-6.138174606382846,0.2666581362211069,0.4893810491803278,0.19463490114189258
site_ac2a9b93fc2413dd,121,0.052425933620699555,-0.01551555770931165,0.05007739994219963,0.08492078616061244,0.04854418597734985,0.050077399942199764,0.5716407981143418,0.8563353937872916,0.3325659004362415,-1.8773824828267096,0.42715008172682245,0.8725963305785124,0.2851410970566271
site_ac6e3a81298a7ce5,53,0.09283393075386655,-0.0684530108604791,0.06270824509862175,0.06493906007692062,0.03438387803288274,0.0627082450986219,0.5294791454042432,0.3285048644054401,0.45676135105832555,-3.6280095756053923,0.03887572760598838,0.22350532075471696,0.06265930663474828
site_acf798671ee3a747,30,0.09441528699409348,0.035692805124123886,0.0874086384778321,0.11309052760215302,0.045440364736756514,0.08740863847783252,0.4018052236577542,0.7019069688746667,0.2674273925453111,1.0707841537237166,0.10821036150291562,0.383684023,0.06194480242228395
site_ad04b63315ba2272,10,0.023568768935459207,-0.001644881280660631,0.023511300149196324,0.0352938649059578,0.017405996077589154,0.02351130014919728,0.49317342047883567,0.8105193251211756,0.005554868691330668,-0.01644881280660631,0.0049792218237370255,0.012456569,0.0030296869945304894
site_ad53cb9b838bb8cd,636,0.05035675092664972,0.0401371524860649,0.030410711175489,0.01997911936331535,0.025514703533624616,0.03041071117548909,1.2770684768255316,0.1229535774089067,1.6127703034331733,25.527228981137277,0.03986255697238278,0.2538690738993711,0.41403606131596915
site_ae3ed38eaa09b85f,486,0.03236365368106274,0.0030321276693187145,0.032221301671172715,0.04645377373304071,0.02921763793989647,0.032221301671173125,0.6289615588133615,0.7269783630148255,0.5090393546796541,1.4736140472888952,0.4795389166045704,1.0487652037037039,0.41488379825842253
site_af194bfb42414cbb,864,0.06550290952337483,0.05139384609386325,0.04061162074711777,0.04457700989190736,0.04428795658401825,0.04061162074711778,0.9935156416145896,0.5823119309431768,3.707105318807699,44.40428302509785,0.9932670012600133,1.7168628766203704,1.6946695570071326
site_af687448e37c8c15,597,0.07362505212174503,0.040891076940787294,0.061225551255601494,0.09347797865726644,0.07852296368911026,0.061225551255601564,0.8400156359500649,0.7598886230921265,3.236127035058014,24.411972933650016,3.329892927854492,5.2166650988274705,3.681015928433233
site_afb9454fdc863c14,194,0.09297627371261757,0.05814052601413628,0.07255526657854082,0.10937564938938447,0.06317824654940772,0.07255526657854154,0.5776262532118921,0.7735171190448477,1.6770499698558146,11.279262046742438,1.036954910388036,2.3208283397938145,0.7743492223892032
site_b019e673dfa447d5,669,0.07410051737829254,0.060665973945743835,0.04255027944614423,0.05393584758916921,0.07088348567546923,0.042550279446144666,1.3142184436479174,0.8007795261484918,3.673403186063794,40.585536569702626,2.048149492808855,1.9461716133034381,3.3613694542664785
site_b04900ecbfac7c98,10,0.07671014742503984,0.07251379745721817,0.025023906495687,0.06557104238915223,0.052662916690847106,0.02502390649568811,0.8031428931433215,0.9334557513293609,0.058844467179713464,0.7251379745721818,0.032233742490410805,0.042995616,0.027733827943871026
site_b050cd10feccfd77,44,0.06373874054402952,0.039573977171020076,0.049965261702573864,0.03862411570572958,0.05014488018273258,0.049965261702573864,1.2982790483742774,0.38976731104286677,0.17875559003012095,1.7412549955248833,0.03321568680283698,0.0656401818181818,0.11063839637578671
site_b07ebc840452ba9d,7,0.04932714428427868,0.01959936529568263,0.0452662351344624,0.11753381102769482,0.07568006478460718,0.04526623513446365,0.6439003732021799,,0.017032170142694328,0.13719555706977843,0.061224229140366834,0.09669937714285715,0.04009230544061637
site_b0b863b5597ced77,64,0.04960315950772439,-0.04056846317835152,0.028542481120173938,0.05769357489343483,0.04797704647060542,0.02854248112017724,0.8315838732341218,0.8698932791344095,0.1574702997215199,-2.5963816434144973,0.15410151499300262,0.21302710937499994,0.14731500723472846
site_b12672b82d8e070e,371,0.09848201615272935,-0.04275649160580494,0.08871634534328597,0.13394413567023197,0.06767925313736461,0.08871634534328611,0.5052797033532674,0.8080825420434414,3.598220484542891,-15.862658385753633,2.717746189529744,6.656122679245283,1.6993585642408786
site_b18fe53daa1d7307,44,0.09711328201711648,-0.07782822165407918,0.05808405511239312,0.0750882776613551,0.02648965649626103,0.05808405511239318,0.3527801851539096,0.745626045816754,0.4149635399419839,-3.424441752779484,0.06525626547306099,0.2480829754545455,0.03087488365675578
site_b2267c975c71dbb8,491,0.09738654632321389,0.033597242977614315,0.09140768386228058,0.1117896625758952,0.03512627901365328,0.09140768386228079,0.3142175958336548,0.6844607867638846,4.656712447738871,16.49624630200863,1.319665479175716,6.13599197148676,0.6058230393764044
site_b2271a910bc63599,20,0.05303082428876722,0.04546428402781487,0.02729958246172058,0.048808088212918155,0.024320534922249372,0.027299582461721813,0.4982890298049493,0.938659572577004,0.056245366494922074,0.9092856805562973,0.02228450691320002,0.0476445895,0.011829768378087024
site_b2c81cb18e128f03,52,0.019536736290818486,-0.002141682787698046,0.01941899224300432,0.032330516834516924,0.021585741534751963,0.019418992243004324,0.6676584121818445,0.812541020079344,0.019847571374643172,-0.11136750496029839,0.029486841713114144,0.054353640576923073,0.024229100355466035
site_b2da63ab5c4ee3dc,2,0.02943140218491048,-0.02759660163521767,0.0102291257083416,0.0165,0.006270874291659508,0.010229125708342278,0.38005298737330345,,0.001732414869139907,-0.05519320327043534,0.00020693885162472727,0.0005445000000000001,7.864772876359227e-05
site_b2eaf44be71ff0ae,155,0.05755841105336787,-0.020850182376369354,0.053649236507713666,0.07791314997229684,0.041381808125273686,0.05364923650771432,0.5311273917174135,0.7606060644278483,0.5135104558632113,-3.23177826833725,0.3801121113457987,0.9409211354838709,0.2654303767761299
site_b30a47c3dfe5fc92,477,0.06534662014898565,0.051505141436303935,0.04021692641814071,0.06429340664426855,0.06483481611763944,0.04021692641814079,1.0084209175035084,0.8060301092970309,2.0368762248553045,24.567952465116978,1.6026709520960818,1.9717472997903562,2.005094962740873
site_b33e3bea3571d4bd,118,0.07141770086603147,-0.04581525297680143,0.054785496179752154,0.08425870736789311,0.040097834847430146,0.054785496179752154,0.4758895086338516,0.8444221715542264,0.6018575836448142,-5.406199851262569,0.336649016570805,0.8377445125423729,0.18972469041531043
site_b4081a628b4563f6,155,0.09024029375115535,-0.057351032893888425,0.06967187124154867,0.07336472668625012,0.04443849732134204,0.06967187124154996,0.6057202054522288,0.383869017677843,1.262213145525695,-8.889410098552705,0.19398199808116884,0.8342693838709678,0.3060909068477331
site_b419a77ce9d11fde,169,0.09766125942913069,0.08080793308964848,0.05484340929467152,0.07070852911122187,0.045312248479114144,0.05484340929467255,0.6408314392714869,0.6312646423195182,1.6118749492649906,13.656540692150593,0.34181064649649273,0.8449486390532543,0.34699077671737394
site_b42936ae6e6a0d03,186,0.07556679951799719,-0.05649540584478327,0.05018575801785212,0.07487274362083088,0.04258216463591486,0.05018575801785214,0.5687271839744332,0.768535744104874,1.0621234612271315,-10.508145487129688,0.455751910234491,1.042702559139785,0.33726277858490944
site_b436f4a91f17ee10,151,0.09905862328009905,-0.02165264247853235,0.09666319837376289,0.12606925764110985,0.06593956603350819,0.09249636638587429,0.5230423916766683,0.7028734257607433,1.4817042377684357,-3.2695490142583847,0.8822859253689911,2.399912116049261,0.6565519816717954
site_b491b5d705afd5f5,391,0.0560130688728235,0.03449441925445786,0.04413160913505597,0.04204957950480631,0.04086682017943404,0.0441316091350561,0.971872267468523,0.43372815424317573,1.2267483788597024,13.487317928493024,0.2914250472373021,0.6913533503836315,0.6530079237070752
site_b4a169fed07d4305,259,0.04435346885004894,-0.018352818143874065,0.04037826476224738,0.061761847544239926,0.06344529073512875,0.040378264762248595,1.0272570082959869,0.7923221947567114,0.5095126215493557,-4.753379899263383,0.804120727001585,0.9879621853281854,1.0425539733644387
site_b4d57a535cfd4a12,156,0.029674225354918753,0.003221636265898363,0.029498825572974115,0.05214215258565391,0.0443402189755594,0.02949882557297413,0.8503718541869119,0.8249756747034905,0.13736730546466247,0.5025752574801446,0.2975449140207508,0.4241334358974359,0.306704582932887
site_b5639796f8098e20,328,0.07526968175518531,0.05816543578465537,0.04777349758504195,0.08939263547860543,0.06783896318318404,0.04777349758504195,0.758887606568218,0.8501273707674696,1.8582921972208155,19.07826293736696,1.6909812256598438,2.621062195121951,1.509496975652363
site_b582b14f96e98786,39,0.06257513857900887,-0.020487621487715314,0.059126181459301694,0.06014136316583706,0.01787022179647535,0.05912618145930172,0.2971369595863504,0.2048975854085186,0.1527102707591044,-0.7990172380208972,0.008588249602569984,0.141062358974359,0.012454448255153683
site_b61ae4423402851d,358,0.06918801522007002,0.031284552632430414,0.061711086659378585,0.07382807372468785,0.040087730129898747,0.06171108665937864,0.5429876212047716,0.5489512898585746,1.713739359133166,11.199869842410088,0.5816340724729709,1.9513092402234635,0.575315346294398
site_b67b52a6713d2819,119,0.075894919103035,0.0031611013708996174,0.07582905896672545,0.11061508376292459,0.050766512176509904,0.07582905896672619,0.4589474640304487,0.8069469817786515,0.6854446107330912,0.37617106313705445,0.5392419151747051,1.4560479139495799,0.30669141226955965
site_b69cf9ad02aa761c,62,0.07015764476660862,-0.022001142921947662,0.06661865226290364,0.09497987628473452,0.03844063739308037,0.06661865226290398,0.404724020463466,0.830001407751752,0.30516989739025396,-1.364070861160755,0.18788525486064536,0.5593129677419355,0.09161632139754988
site_b708e7aad1210ce8,162,0.1420665040948563,-0.11606144091376552,0.08193066287266529,0.11452000377685578,0.04824716795477901,0.0819306628726654,0.42129904264402107,0.7900060548068597,3.269628436888879,-18.801953428030014,0.7071289439182222,2.124602664938272,0.3771018529363781
site_b72a5ec99205d5b7,153,0.052066317205667276,-0.03392591945252387,0.03949599190629381,0.061489892484022216,0.03769442927777887,0.03949599190629384,0.6130182986996366,0.7856376763277306,0.4147679122662581,-5.1906656762361525,0.27860867772032233,0.5784940522875817,0.21739310978235338
site_b756906d27dccd10,62,0.14929731008256553,-0.13315188598632813,0.06752971239516423,0.07280918320657881,0.035324464251573026,0.06752971239516425,0.4851649571641015,0.38662035475521145,1.3819605814691627,-8.255416931152343,0.06165071920858276,0.3286729838709677,0.07736470202896095
site_b7a18627a594b786,48,0.058264431459183245,-0.03639888285150131,0.04549577233572968,0.07420451114875962,0.038639197276659994,0.04549577233572969,0.5207122407854563,0.8596238527288198,0.16294771071656938,-1.7471463768720628,0.11830636177407577,0.2643028547916667,0.07166340317686315
site_b7a3262e8a713a7b,102,0.04411892589027965,0.031995233307282135,0.030377370974535838,0.07305809270471093,0.058054602370438926,0.03037737097453696,0.7946361617334619,0.917752774080615,0.19854092141462282,3.2635137973427777,0.3970368920344787,0.5444234607843139,0.3437743593517569
site_b812626cb80e0341,68,0.08596389983681607,-0.05092097049688591,0.06925927258360011,0.11366791593258296,0.05133540331114957,0.06925927258360033,0.45162615052779603,0.921895861709512,0.5025058611104819,-3.462625993788242,0.3658016448300332,0.8785868676470588,0.1792020070520503
site_b843de06c1a6a47d,69,0.06510715130223954,0.024428204770019096,0.06035067491260334,0.07980383758425219,0.03598424866290766,0.06035067491260533,0.45090875015775544,0.7001673396722665,0.29248693939779713,1.6855461291313176,0.1387353565497243,0.4394370220289855,0.08934576447654408
site_b87223f545f36d24,58,0.11159646666968283,-0.10169024139766035,0.04596592409212714,0.04813199869581796,0.04227709724452896,0.04596592409212755,0.8783574002756359,0.4892610149847645,0.7223187396431425,-5.898034001064301,0.057744106094796084,0.13436797931034486,0.10366647118255479
site_b87cd5aaea8e51ba,65,0.05816111219658112,-0.013993246270601563,0.05645267071409105,0.07075796900360265,0.03492836550884631,0.05645267071409105,0.493631544272673,0.6149758873184715,0.21987647317631429,-0.9095610075891016,0.09879274807612484,0.3254348615384616,0.07929939661277167
site_b881d34c09ab42e7,66,0.0608314688846306,0.016061600060896443,0.05867275867168334,0.06640967428998663,0.03333134420469374,0.058672758671685844,0.5019049492570617,0.46955239831286066,0.24423086203967753,1.0600656040191652,0.06859811427638386,0.2910761593939393,0.07332458142845688
site_b904064dea358149,1211,0.11608142375158764,0.09684873249130146,0.06399390560845605,0.06765767789582397,0.0627105547360007,0.06399390560845648,0.9268800923460512,0.5202817168556847,16.31810019457694,117.28381504696607,2.6732553121586853,5.543426829066887,4.762395160784595
site_b9048e7e348a00c2,124,0.04827514919015083,0.03812318157467148,0.029616094542595384,0.04441798252471714,0.05673315254972934,0.029616094542596054,1.2772564021375628,0.8560599895917564,0.28898076363708375,4.727274515259264,0.26749867225813884,0.24464668927419353,0.39911267418062674
site_b9661fa344baf0d4,144,0.09320441430725956,0.08880493230910765,0.028297470627851113,0.03914794666895138,0.049538125701741036,0.028297470627851148,1.2654080205189973,0.8213826271133677,1.2509370498757377,12.787910252511502,0.22938053634017708,0.22068888888888885,0.3533797293179754
site_b969a6c48312ad74,9,0.08232643629895992,-0.07993206497298348,0.019710583523616338,0.02736668696710574,0.024181767190876207,0.019710583523618076,0.88362055735655,,0.06099877902318035,-0.7193885847568513,0.004253338427344955,0.006740419999999998,0.005262820780263633
site_b9eaf91685021861,238,0.051576341206799416,0.016823627016874926,0.04875535402678634,0.0647945061807904,0.043223336537866704,0.048755354026786345,0.6670833545249105,0.658690018587416,0.6331083154026864,4.004023230016232,0.43905053646170666,0.9992020714285714,0.44464512350883256
site_bb41a05397abcbe3,238,0.07859511654716467,0.07078174559759493,0.03416338442279613,0.03927229290354515,0.040065694343790245,0.034163384422796136,1.0202025749347952,0.6293205141556785,1.4701717781248504,16.846055452227592,0.23567188613392226,0.3670704915966386,0.3820518474535062
site_bb59973d2df99f1c,65,0.048046762899622716,-0.007214845208938306,0.04750197294580113,0.08388345535825427,0.056703678628183415,0.04750197294580122,0.6759816746462112,0.8404607365973721,0.15005194263361651,-0.46896493858098987,0.2598473741196096,0.4573682153846154,0.2089949660479398
site_bbd4ea535f73b619,96,0.026516802304386973,-0.007939152461166185,0.025300408349437788,0.033865973005424876,0.022364807973120415,0.025300408349437784,0.6603917144071977,0.6647545194476067,0.06750151722719445,-0.7621586362719537,0.04833494883025996,0.11010279625,0.04801772502475685
site_bbfd063296f373c3,52,0.08879655125222628,-0.0727088899245629,0.05097298147280619,0.060392120430228076,0.02569493971470835,0.050972981472806385,0.4254684142841797,0.5507231132732168,0.4100110307430409,-3.7808622760772708,0.04443902571613972,0.18965482692307692,0.03433195620100982
site_bc37e7bebe33d230,276,0.03336282467506391,0.006479916451309903,0.03272749231278035,0.04322011711482802,0.05079548057532505,0.032727492312780604,1.175274015115939,0.7691289059109782,0.3072095474025387,1.7884569405615331,0.4660357451756093,0.5155620724637682,0.7121299137383899
site_bc93eecd419d5cf1,153,0.058095130563306834,0.04910471321710573,0.031044666772788342,0.04305533038598709,0.06203566511279559,0.03104466677279138,1.4408358862108717,0.8870224825438496,0.5163817618606532,7.513021122217177,0.3624886622483824,0.28362550562091504,0.5888088331359993
site_bcf274618f28d9ed,84,0.08180766057221917,0.0002488236015751236,0.08180728216433256,0.08133476478471574,0.05575272696845364,0.08180728216433256,0.6854722837894107,0.3342362897952294,0.5621694395771515,0.02090118253231038,0.1273137226993484,0.555688892857143,0.26110279141119075
site_bd11119142bc591a,41,0.09502520423035364,0.043823568672668636,0.0843165717271066,0.10489694100970975,0.03406916913517995,0.08431657172710663,0.3247870605876519,0.7072109062575755,0.37022136699983715,1.796766315579414,0.10362324114434603,0.4511380975609756,0.04758903970802142
site_bd599065e701bf2f,260,0.06644068184573694,-0.052633802098952805,0.04054685044161519,0.06182782975767772,0.04893520604947995,0.040546850441615205,0.7914753961326488,0.7557760361045684,1.147734693072874,-13.684788545727729,0.5945274195789145,0.9938969384615384,0.6226101416873153
site_bdd9f4c5442812d1,142,0.035069974284048795,-0.00656043275854957,0.03445088994938148,0.05363880748875492,0.045981551112738404,0.03445088994938153,0.8572440974266285,0.7712795429783329,0.17464623967230583,-0.9315814517140389,0.2701238234203729,0.408551276971831,0.3002310320681391
site_bdfe6061d850b13b,146,0.04739479375167672,0.005198397478420437,0.04710884352667052,0.07322054408813285,0.03945318999880619,0.04710884352667053,0.538826779971996,0.813241675020455,0.3279549053155403,0.7589660318493838,0.34299481716333596,0.7827422191780822,0.22725691335795756
site_be8516cfd6e0790e,150,0.11666377663774276,-0.09489329851706822,0.06786529802433426,0.08362365029636586,0.04605397769003426,0.06786529802433428,0.5507291002822403,0.5852958888961937,2.04156551690717,-14.233994777560234,0.3381138805523515,1.0489372333333333,0.31814532916112603
site_bef664d28695b721,15,0.027101217412848266,0.02042561472256978,0.017812081530905105,0.10624619627178293,0.0965710066986303,0.017812081530905795,0.9089361321848827,0.9891006642732016,0.011017139778877052,0.3063842208385467,0.15222707481409115,0.16932381333333335,0.13988939002180345
site_bf2aa2626c0e2039,210,0.042826830555148576,-0.0022539322751476657,0.04276747835328212,0.06079515819425051,0.05451801979617768,0.04276747835328218,0.896749369776844,0.7300208702842601,0.3851688572338756,-0.4733257777810098,0.5081168964545003,0.7761707645714285,0.6241650413242485
site_bfacedeb5df79c6e,50,0.06570204167302379,0.029765193602323534,0.058572959032474656,0.08558305916476695,0.05036523161887187,0.058572959032476224,0.5884953413724939,0.7459063233969208,0.21583791400018779,1.4882596801161767,0.16075812605506185,0.3662230008,0.12683282780113053
site_c0555c6b321e4775,2,0.046407616384922336,-0.012987233567237855,0.044553323364257824,0.02560000000000001,0.018953323364257812,0.044553323364257824,0.7403641939163205,,0.004307333717060224,-0.02597446713447571,-0.0009704101562500005,0.0013107200000000011,0.0007184569331002422
site_c0951b8580287e99,50,0.07419227455692397,0.06759135623216629,0.030592518147847605,0.031165853108811252,0.0283993982645384,0.030592518147847695,0.9112344258758406,0.47561979706966867,0.2752246801964994,3.3795678116083145,0.021048351379036902,0.04856552,0.04032629108939334
site_c0aaae0aecb597e5,655,0.10471204037439129,-0.0988881479696463,0.03443465682276343,0.03983966157125624,0.017960343449303477,0.0344346568227637,0.4508156631094881,0.5059347114517377,7.181820466586139,-64.77173692011833,0.23711883609005974,1.0396151053435116,0.21128592861509454
site_c0baac71bcc40ff4,11,0.03132429024067599,0.016107240697470576,0.02686573945001062,0.07213076509179196,0.08880831757859521,0.026865739450011035,1.2312127490340603,0.9653730700632344,0.010793322749903203,0.17717964767217634,0.06802398123219609,0.05723132000000001,0.08675608998254686
site_c0e5aee02ccea819,55,0.0461422855998103,-0.004576103027300401,0.045914810262680954,0.06727519405796753,0.044286078877425174,0.045914810262681044,0.6582824397246058,0.7348972138303124,0.11710107862059532,-0.2516856665015221,0.12042356470145961,0.24892734545454548,0.10786912302856383
site_c1458c9cb325529c,104,0.22021821581950163,0.21656356631448637,0.0399535270517595,0.017171163645680672,0.043840269639971466,0.039953527051760064,2.553133296298139,0.412156817701603,5.043590508187359,22.52261089670658,0.03226775651717415,0.03066428153846154,0.199884801178962
site_c1eaac8764a60481,45,0.05846122191622489,0.024483638226323656,0.05308734243810473,0.06595597484143458,0.033951694257391085,0.05308734243810549,0.514762981504173,0.5994332473869802,0.1537971510572142,1.1017637201845645,0.06040445024453932,0.19575857777777778,0.05187228943263132
site_c204fd32b9271e1b,91,0.12461531569619134,0.050623130654240706,0.11386955496894291,0.13493713515257091,0.041242430792448145,0.11386955496894341,0.3056418142108627,0.6237667568559196,1.4131368984515904,4.606704889535904,0.3158925311372666,1.6569307703296705,0.15478536688795863
site_c29be1fac6229539,472,0.07334521743945563,-0.04157842651211609,0.060421481031315255,0.11395275257323767,0.06299408859549344,0.060421481031315255,0.552808836758963,0.9265868920947197,2.5391338748257644,-19.625017313718793,3.1394441966865276,6.1290284745762715,1.873016453445086
site_c2fa2fe516862278,53,0.07325396690049756,-0.06443666919357371,0.03484335417116352,0.04345334673907901,0.02553195978899255,0.03484335417116385,0.5875717684601454,0.597600638748045,0.28440561433293715,-3.415143467259407,0.035139397065299297,0.10007424716981132,0.034549691445336816
site_c33eaf01c8613ed2,878,0.10377417912998857,0.09426628874939504,0.04339293789914013,0.020196042709814937,0.054689427174969836,0.04339293789914017,2.7079278827426765,0.6862167462204731,9.455252463102394,82.76580152196884,0.6654654050651752,0.35811876391799546,2.6260395644697168
site_c3aa24263a4277b0,258,0.07434564191333437,-0.034324325537958805,0.06594782140351543,0.09840480401585196,0.05005332192729882,0.06594782140351593,0.508647137991716,0.7958324536150254,1.426036813648481,-8.855675988793372,1.0113245690516954,2.498344406976744,0.6463764392771156
site_c3aefe4e5e9b8037,305,0.058110758169836026,-0.010401915064405225,0.057172199346063865,0.09016047111083199,0.054797463779354384,0.05717219934606652,0.6077770347050788,0.7957604009604167,1.0299423655973152,-3.172584094643594,1.1991093619503448,2.479317718032787,0.9158424211781451
site_c3d5b5decd374619,53,0.03640078488705372,-0.0019250875913871916,0.036349844265953134,0.031450866369180014,0.0467710797846982,0.03634984426595315,1.487115783574442,0.6306563895868482,0.07022590844085862,-0.10202964234352116,0.04916756261814878,0.05242532075471698,0.11593929692401006
site_c3fac8d15831ac8c,148,0.04135780989042536,0.024261427633665702,0.033494052727446516,0.054643480170353635,0.03713365860999064,0.03349405272744659,0.6795624746854466,0.7991097629730389,0.2531493289620197,3.590691289782524,0.23997955494988207,0.44191466891891895,0.20407847306097315
site_c3fba37c42f73863,128,0.03858089196594071,0.034446746021369476,0.01737546872538566,0.01969198355444656,0.018061584467991627,0.017375468725385722,0.9172049335737547,0.5793150420570791,0.19052610878561133,4.409183490735293,0.0263736407280725,0.0496350996875,0.04175626668728273
site_c438c579f3fbc2ec,83,0.07850507221361273,0.045567696789373835,0.06392676569775949,0.08455079810219648,0.049223970587259434,0.06392676569775983,0.5821822110746069,0.6589743989863879,0.5115328481509577,3.782118833518028,0.22763602275197586,0.5933535091566267,0.20110894027115667
site_c45005d41e05ffcd,278,0.06693893903137002,-0.0028317893207502037,0.06687901410673126,0.09478918420125944,0.038887325446218736,0.0668790141067356,0.4102506607046213,0.8171800141090241,1.2456683933034416,-0.7872374311685566,0.8373931281675966,2.4978270647482015,0.42039829434011655
site_c4ae57110fb255d4,1016,0.06861714052571279,0.05008777542908009,0.04689911221432084,0.03309788869498283,0.049068567593164886,0.046899112214322136,1.4825286303111833,0.4013592564443709,4.783644965508223,50.88917983594537,0.6622632602911926,1.1129977598425196,2.446247914855311
site_c4f8e2def8cc0f30,94,0.07614141083058357,0.050911959253727115,0.05661701906863815,0.07413675607400827,0.03688885217951816,0.05661701906863827,0.49757845005645013,0.6676050685623482,0.5449663576675405,4.785724169850349,0.17162328089979734,0.5166483085106383,0.12791401702150007
site_c56fc9c5f1ff5d0d,122,0.03974479022941735,-0.016214039746855126,0.036287095026576476,0.05707869031375326,0.04231964728334008,0.0362870950265774,0.7414263896160744,0.7725313292155749,0.19271709874640744,-1.9781128491163256,0.22766274628776018,0.39747318032786877,0.21849621063473024
site_c59fe04d734e33bd,568,0.06024670962548439,0.008119299761384306,0.05969709366528841,0.07799892408405983,0.034269309480645334,0.05969709366528855,0.43935618193544734,0.6910806610979576,2.061650299756142,4.611762264466286,1.0492308257251795,3.455616665897887,0.667051005055181
site_c5ee40e68c26cb53,124,0.15051367986918285,0.14753513321280484,0.029795172354641696,0.023903501968279766,0.033736073065977853,0.02979517235464238,1.4113443758469377,0.5095097048571495,2.8091416106425946,18.2943565183878,0.05094835967029776,0.07085079838709678,0.14112720561321157
site_c6112b3d07cf93a0,216,0.15197381153553077,-0.12627256723355365,0.08456523018879981,0.11398090644317443,0.06134327301773102,0.08456523018879981,0.5381890259691339,0.6867433067970774,4.988744508809597,-27.274874522447586,1.037163530295094,2.8061957592592597,0.8128073832180236
site_c62b54e06aa4fffe,37,0.04559321579467346,0.03107141535024386,0.033366277506373,0.03362320757535222,0.044078616153873526,0.03336627750637378,1.3109580950922044,0.6612856819674516,0.07691342908048747,1.1496423679590229,0.036262516278672864,0.04182924324324325,0.07188820287549924
site_c6d377978f89caf6,53,0.05139392725541565,0.016632462705081365,0.048628149698492884,0.08859817651313413,0.08536252898920871,0.048628149698492946,0.963479524621528,0.8443581510989346,0.13999079521295268,0.8815205233693124,0.3384500842853538,0.41603075471698114,0.3861983518379754
site_c6dbad6563643f29,50,0.11096799227281123,-0.09660683085870742,0.05459867709474093,0.03219481877569743,0.04593553163054,0.054598677094741026,1.4267988880625373,0.05597587260768151,0.6156947654529347,-4.830341542935371,0.004139097042113537,0.05182531779999999,0.10550365330901701
site_c7184b24616d8b68,11,0.04798761356281586,0.04027193022316152,0.026095645068764987,0.08969228294471443,0.06716428123049543,0.026095645068765418,0.7488301002650912,0.9856018890649206,0.025330921609995637,0.44299123245477673,0.06531119980818846,0.08849176181818182,0.04962144740529989
site_c79eeb4ffddf3d41,568,0.033311729670739275,-0.006079325646791659,0.03275229966485823,0.037862885422486836,0.01592811032946924,0.0327522996648585,0.42067872407868595,0.5095388348203259,0.6302933175168417,-3.4530569673776625,0.17454346282866745,0.8142837165492959,0.14410426884327898
site_c7e77fa91cd0e5b5,45,0.06919046483817173,-0.039533897784683435,0.05678372434485501,0.06847696197253246,0.03158169823611347,0.05678372434485502,0.4612018016918092,0.5692419514462598,0.21542941910350255,-1.7790254003107546,0.05539739926482241,0.21100924444444452,0.044883164856461974
site_c83832e8d67694ad,46,0.0428612095681579,-0.007168237419232076,0.04225753965799561,0.04370764641784688,0.029697913672631537,0.04225753965799563,0.6794672352914699,0.3877521881787134,0.08450583113969531,-0.3297389212846755,0.023152369800793084,0.08787648434782606,0.04057043951932546
site_c8f87af663a64c0b,62,0.08980831423542471,0.08040660226172013,0.04000389504203716,0.018646476680913814,0.031625878910993666,0.040003895042039155,1.6960780018761041,-0.21402366378379856,0.5000630649601449,4.985209340226648,-0.007825153579923416,0.021556847741935482,0.062012165447355716
site_c8f923241d7b6cf3,153,0.06575287725146046,-0.031149569710095727,0.05790634830242288,0.08825432910147732,0.05190771870202777,0.057906348302425116,0.5881605948456399,0.7782107394166269,0.6614864526273809,-4.765884165644646,0.5454520909593386,1.1916904705882354,0.412244922909873
site_c90d703c921023d7,384,0.08041340892885418,-0.05299945649892712,0.06047622629081165,0.07920925509474842,0.04418941928918956,0.06047622629081164,0.5578820206847181,0.6527373554093597,2.4830654728547046,-20.351791295588015,0.8773318892934282,2.4092567395833333,0.7498386344124666
site_c91d0d6c46ea62b9,342,0.051929519866249656,-0.01775914711858097,0.04879843980251637,0.059308350639052314,0.025936608195314164,0.04879843980251639,0.43731798163066576,0.5879706187145547,0.9222628614704124,-6.073628314554692,0.309321963790216,1.2029783157894736,0.23006601447961533
site_c9aed1d9afe08cac,128,0.07794471759890596,0.020823334622662518,0.07511170172992904,0.10018987832485875,0.044789813778104925,0.07511170172992918,0.44704928808154704,0.7133583715680254,0.7776485122013697,2.6653868317008023,0.4097517696167342,1.2848655,0.25678430953949666
site_c9e5c8b8112d21fb,124,0.038046921976745716,-0.03542549391504256,0.013878135781864148,0.04699091275175974,0.05211416145907909,0.013878135781864266,1.1090263714259838,0.9660346445464972,0.17949846571616743,-4.392761245465278,0.29334860128888923,0.27381008927419354,0.33676984224828765
site_ca4c08bc8824e7df,72,0.0845897035270581,0.07966067331532639,0.028453384152758266,0.02617135116713656,0.03957451151590712,0.028453384152759296,1.512131003981214,0.6958872512038924,0.5151900918812822,5.7355684787035,0.05189351450010306,0.049315652777777774,0.1127622212440319
site_caaaa1aabb1e21d9,11,0.08242050002545152,-0.04777071736184035,0.06716470343253679,0.13489371083612645,0.07220021898105143,0.0671647034325368,0.5352378441776485,0.9701918947053835,0.0747245270689,-0.5254778909802438,0.1039394810127941,0.20015944545454548,0.05734158783002957
site_caab4140fe1f5c75,199,0.0842487488415752,-0.06975583635487748,0.04724378240363881,0.0745912890863636,0.04114191853113645,0.04724378240363884,0.5515646536621902,0.8186417881167845,1.4124724845927927,-13.881411434620617,0.49994201777248304,1.1072082211055276,0.33683883462411107
site_cadb6c34bf67432d,262,0.057416247049011916,-0.004190504732591504,0.05726312159915226,0.08020170337813158,0.04465538627085036,0.05726312159915231,0.5567885018639946,0.7186152027949265,0.8637158614006105,-1.097912239938974,0.6743030664740087,1.6852660648854962,0.522455123025699
site_cb6d0d529a35bf72,121,0.11605490773476247,0.06984033668376198,0.09268801962078486,0.08029625390703674,0.06131873826499015,0.09268801962078498,0.7636562763685356,0.1641467362469221,1.6297177347282317,8.4506807387352,0.09779262789778471,0.7801460953719007,0.4549585071516544
site_cb73c7416c77fcc5,47,0.039006414169539906,0.016304035661068375,0.0354355579542399,0.04779927284365394,0.03534408653298264,0.03543555795423994,0.7394272847745861,0.674282879328681,0.07151051627918714,0.7662896760702136,0.05353995998806142,0.10738421276595744,0.058712609283995354
site_cb8aadebec9e1fcf,153,0.029616874242479687,0.02369111413862191,0.01777330444137065,0.045301158013228364,0.05009821229165484,0.01777330444137359,1.105892530981784,0.9354752778932486,0.13420536370391306,3.624740463209152,0.324829361266599,0.31398582235294115,0.38400412384741656
site_cbe94aaae2e082ea,54,0.04676150145900018,0.01164199982550409,0.04528909205054832,0.04945340773937663,0.019379180134576384,0.04528909205054864,0.3918674368550332,0.40177234048428656,0.11807845300980412,0.6286679905772209,0.020792438125982887,0.13206453499999996,0.020279841625171435
site_cc2f4e33aba4f988,24,0.1131982942373155,-0.09460885352691013,0.06215318698636072,0.061927302249402794,0.01883673887453686,0.062153186986361166,0.3041750276586368,0.14007393203605328,0.30753249163770857,-2.2706124846458433,0.003921538113057613,0.09203977833333332,0.008515745554259713
site_cc39c5b4f811532d,154,0.0558215047301186,0.046873706535085456,0.03031329784100272,0.04908372963373881,0.043235241885457194,0.030313297841003183,0.8808467125069175,0.7915575007274037,0.47987022011153657,7.21855080640316,0.2586894024834037,0.3710187272727273,0.2878700656976748
site_cc701381aa01ffc3,51,0.06548780026963012,-0.014703820403884441,0.06381574766219758,0.08519605361131434,0.028933968476865704,0.06381574766219764,0.3396162997040883,0.8160232505630309,0.2187212511919033,-0.7498948405981065,0.10258885704346149,0.3701767450980393,0.04269590112283317
site_cc73ca175d85bc6f,40,0.051489342382686674,-0.0044361799135804155,0.051297881893659907,0.07918143721858047,0.03784629724103019,0.05129788189365996,0.4779693141532078,0.8460187148592012,0.10604609516006139,-0.1774471965432166,0.10141139056161047,0.250788,0.057293688594256376
site_ccee683800437b50,18,0.10415349172456714,-0.0813680873910586,0.0650167993117204,0.07771759576413839,0.02218247393891705,0.0650167993117204,0.28542408859684276,0.6684874438449983,0.1952630970915506,-1.4646255730390547,0.02074412383801407,0.10872044444444441,0.008857118700913214
site_cd09f5e742102c10,336,0.0647664348564262,0.036652419123621216,0.053397483614849355,0.09010750539408285,0.05771413038853541,0.05339748361484937,0.6405030317521737,0.8267504356431038,1.409416204227931,12.315212825536728,1.4446306758998406,2.728105809523809,1.1191894044256352
site_cd9b47f2c6e7c758,40,0.05058011496400022,0.04475465026795864,0.023566274825779922,0.05713072181409929,0.06141398935539147,0.02356627482578148,1.0749731038797257,0.9234710398696057,0.10233392119085916,1.7901860107183456,0.1296045630875975,0.130556775,0.15086712354176546
site_cdb6242d14e183d0,160,0.0971734763092911,-0.0618115670826286,0.07498009517746736,0.1102085494641863,0.053175931813568986,0.07498009517746765,0.4825027828793736,0.7978569644769815,1.5108295196851775,-9.889850733220577,0.7481271541135386,1.9433478999999998,0.45242875587861414
site_cdbb0d22e7b06f01,175,0.1783626502551655,-0.1616316571156638,0.07542176359706113,0.08999552269316693,0.031034226909464398,0.07542176359706114,0.3448418985828139,0.6040002904289282,5.567316126058136,-28.285539995241166,0.29521405555192914,1.417358968342857,0.16854656697692172
site_cdd0193742d73d25,11,0.11123843753923682,0.1022453423239968,0.04381643480726609,0.05671488938264758,0.024273807115037137,0.04381643480726627,0.4279970811767804,0.6849477801481407,0.1361138898478776,1.1246987655639649,0.010372540366785091,0.035382365454545456,0.006481394830438303
site_ce2a9736239174ff,54,0.06925644183811591,0.05172989422745174,0.046048591501727694,0.062441031166324074,0.029502901531917328,0.046048591501730275,0.47249222155429327,0.7189346648784768,0.259008555748122,2.7934142882823942,0.07151843140081122,0.21053964814814813,0.04700274473530852
site_ce840bd031a93a0e,69,0.0354753985848616,-0.010658991539823836,0.03383622029879763,0.07901782346484096,0.057246701252591015,0.03383622029879765,0.7244783359296523,0.9258420915117922,0.08683676942808125,-0.7354704162478447,0.2889758441733817,0.4308233333333332,0.22612575149693498
site_cec4a302b657dde7,101,0.04897292049648334,-0.0012287773413233254,0.048957502471024074,0.0984110503445555,0.06567106424104063,0.04895750247102466,0.6673139247179454,0.8974949801423181,0.24223304113744268,-0.12410651147365587,0.5858296162435914,0.9781582178217822,0.4355815565336395
site_cedd671db129d181,93,0.06713462279724196,-0.02426522908159482,0.06259597619452616,0.0607916632045953,0.06758991838721086,0.06259597619452675,1.1118287413808028,0.5288232115033701,0.41915635476590024,-2.256666304588318,0.20207817233666295,0.343693247311828,0.4248609272858537
site_cf410c13c4f583ea,45,0.028877377045895963,-0.006340215576357315,0.028172762936853658,0.06510923774324326,0.047524512064864355,0.028172762936853696,0.7299196506074322,0.9217134115432919,0.03752563072728776,-0.28530970093607916,0.1283419690878027,0.19076457777777778,0.1016360661151547
site_cf467e53e3fb79b4,253,0.0666247201990273,0.028719488079840018,0.06011692229339925,0.07252174968612889,0.0433458761784447,0.06011692229339961,0.5976948483185232,0.5605541206255781,1.1230298954244653,7.266030484199525,0.4458144388677692,1.3306292569169962,0.47535284036429615
site_cf53fcd25709e5dc,34,0.07717455566931912,0.03740600312983289,0.06750335526925877,0.06480489750384943,0.030406387282005058,0.06750335526925878,0.46919891016259857,0.14400535548274895,0.2025010094537324,1.2718041064143182,0.009647842642138983,0.14278894117647065,0.03143464517647149
site_cf6b1b2134e1588b,836,0.07898997362747563,0.06360998966997605,0.04683145468437679,0.04415691325293052,0.04475348009215859,0.046831454684378764,1.0135101571935279,0.4451835847884973,5.216151720547532,53.17795136409998,0.7354801209819766,1.6300603779904308,1.6744026475803206
site_cfa28b3d4c2af861,102,0.09281201070823279,0.0030013940002404016,0.09276346784031113,0.10268213657996172,0.03163795254525562,0.09276346784031263,0.30811544830505333,0.452421456262756,0.8786350718339221,0.306142188024521,0.14991553265417326,1.0754493596078434,0.10209792420809638
site_d04beb93196a3a21,622,0.050328614112364674,0.03684324795343102,0.03428621412044955,0.05554434597774493,0.037473219716417455,0.03428621412044983,0.674654081469101,0.7960583066316496,1.5755069658491565,22.916500227034092,1.030614219149365,1.918978458199357,0.8734386458590666
site_d0ce78b41de4999b,52,0.0622437618852271,-0.0151769803748681,0.06036509885957049,0.08190731971972125,0.03865330010822615,0.060365098859570684,0.4719150894021916,0.7199871209138966,0.2014628664684922,-0.7892029794931412,0.11853247828758678,0.3488580692307692,0.07769203568134297
site_d122c9eee96eec44,13,0.059694828630927434,0.0027867221052830047,0.05962974715009045,0.022781701366661872,0.06088753184116286,0.05962974715009052,2.672650776217444,0.24172023615841756,0.04632514334858531,0.03622738736867906,0.004358839586950265,0.006747076923076924,0.04819478993821208
site_d132cef849713e59,125,0.07612582050756865,0.069513392598629,0.031032705286188494,0.07024353066297281,0.0707643814941387,0.031032705286188518,1.0074149295493835,0.9031575266928527,0.72439256849382,8.689174074828625,0.5611701556792854,0.6167692000000001,0.6259497110310002
site_d15ecf104b47687d,115,0.09531551739995935,0.08195100429628205,0.048673203634574023,0.05843127318654265,0.028422848166385906,0.04867320363457404,0.4864321212999342,0.5578666816351452,1.0447805035805244,9.424365494072436,0.1065469958421329,0.39263457391304346,0.09290370425728406
site_d1bc13bbd7c8604f,141,0.07455781260357361,-0.06232075521573953,0.04092665255758739,0.05890450722807299,0.04112327788440394,0.04092665255758743,0.6981346558961656,0.7195242675193195,0.7838003062523737,-8.787226485419273,0.24575412166502247,0.48923347702127656,0.23844848173806477
site_d1da6ed45ac274f5,50,0.10836184093323967,-0.06626876231431961,0.08573645497551755,0.10882830514163123,0.04605718758312792,0.08573645497551755,0.4232096376323073,0.6597860214328608,0.5871144285220368,-3.3134381157159805,0.1653531204074621,0.5921799999999999,0.10606322640337162
site_d2a88afeebc07d80,46,0.062461495035391675,0.03350068685023681,0.05271757147876436,0.051980006516974646,0.041259850422788014,0.05271757147876464,0.7937638562879779,0.37887900871261176,0.1794661646545879,1.5410315951108935,0.037378541811328866,0.12428836956521742,0.07830926181789866
site_d2c6c5fd07d735c9,451,0.057286070182814286,-0.01678988659979234,0.054770371050016066,0.059102753639767254,0.03269022798856212,0.04746491853889896,0.5531083744051906,0.5975076147929025,1.480043920482636,-7.572238856506346,0.5206497344155688,1.5754041049991625,0.48196160368082097
site_d355ed29576c96c4,250,0.04425649744131206,0.0209322026052475,0.038993338660157466,0.06243067502438204,0.0538043725588659,0.038993338660157834,0.8618258978915866,0.784750115240938,0.4896593914432153,5.233050651311874,0.6590024038234352,0.9743972959999999,0.7237276266133106
site_d3c0f0b2faa9bb95,81,0.06424002939122417,0.05115894213179011,0.038852850810995786,0.053459110804130454,0.03307373588887807,0.038852850810996244,0.6186735131090632,0.6906325606451743,0.334269291471013,4.143874312674999,0.09890928295769809,0.2314879987654321,0.08860363245742814
site_d4253e2faeb3b528,43,0.09534429113336237,-0.08709952664513922,0.0387840986735034,0.062157952638881506,0.02874038746386673,0.03878409867350391,0.46237667496610607,0.8915519531637854,0.3908929556241046,-3.745279645740986,0.06848641471516256,0.16613527627906977,0.03551842447764708
site_d46dadf54503ff71,88,0.03868495955840838,-0.0030199813693761847,0.03856690042723569,0.05799199770244737,0.0513902933702431,0.03856690042723593,0.8861618051842751,0.7577661195068809,0.1316942964511409,-0.26575836050510426,0.1987316426319832,0.29595031818181816,0.23240467823580935
site_d47f3d91f6768d70,53,0.04447641804869938,0.036920476452359616,0.024799802034964537,0.023595725819878736,0.03679772373539982,0.02479980203496454,1.5595080234573149,0.7461976461306851,0.10484204340946163,1.9567852519750597,0.0343387150546571,0.02950818867924528,0.07176584102166078
site_d55e4a9082082245,5,0.054734579513644216,0.04512666121006013,0.030975129419711808,0.08287425173116195,0.052852043863343294,0.030975129419711953,0.6377378107109972,,0.014979370972677205,0.22563330605030063,0.02175505374491215,0.034340708,0.013966692702663819
site_d583e7eb857a6d07,415,0.06495624237925156,-0.016245971162778785,0.06289182653580858,0.08165805495321894,0.04288242655285097,0.06289182653580883,0.5251463138255971,0.6499078151751518,1.7510150709733114,-6.742078032553196,0.9444484096646131,2.767235744578313,0.7631445404301729
site_d5dd2bb3b8af01ea,43,0.09506655837114246,-0.028018993857295015,0.09084374774170592,0.10177320782100992,0.023703734590400982,0.09084374774170606,0.23290741343329865,0.5527816104873835,0.38861897238295495,-1.2048167358636857,0.05734192673896634,0.4453847906976744,0.024160282441883396
site_d5fa35b8748ecd00,221,0.12737803517309798,-0.11519789246498728,0.05435631900877953,0.060033626254582965,0.02953526098820069,0.05428685112876414,0.4919786264942802,0.43124981970174375,3.5857612096475355,-25.45873423476219,0.16898828177706285,0.7964920181617647,0.19278529280268963
site_d65f83745aba7368,108,0.06848644774434577,0.05637462796326037,0.03888823532436238,0.03172314651309605,0.041064274191203017,0.038888235324362724,1.2944577920179114,0.45303933291035026,0.5065625006610124,6.08845982003212,0.06373824081652694,0.10868666666666667,0.18211765840383265
site_d68e520b86217ecc,289,0.11505968527501759,0.10896479855173599,0.03695137145175658,0.04461660394612093,0.060804921339614536,0.03695137145175685,1.3628316806237124,0.796649612251346,3.8259933097443826,31.490826781451702,0.624597775444904,0.5752953494809689,1.0685019146847297
site_d6e0f79187805dc4,57,0.04714422782619077,0.013431619630570999,0.04519037299500237,0.089119622819205,0.0544639854036186,0.04519037299500239,0.6111334819505294,0.9133508898063339,0.12668695838768348,0.7656023189425469,0.2526941973825818,0.4527115087719298,0.16908056524459808
site_d735284ea202b77e,489,0.13392073599241752,-0.10725043493833522,0.08020042228248374,0.07610930634956983,0.02664649347629757,0.07787402336562502,0.35010821612156473,0.1080593298281094,8.770099365559137,-52.44546268484592,0.10716401074283405,2.832594364863196,0.3472074155307785
site_d74ec077de336965,56,0.032636581352451476,0.009360790412340848,0.03126534895425623,0.033292132275187354,0.0159007337861114,0.031265348954256825,0.47761235761886683,0.3623909977336817,0.059648200773010265,0.5242042630910875,0.010742966111749411,0.0620685,0.014158666756459937
site_d7943e43ff597b33,72,0.064140964541046,-0.03305488235404094,0.05496760941514768,0.07444795778401095,0.031683443657958645,0.05496760941514777,0.425578412102034,0.7471912073909605,0.29621255992241174,-2.379951529490948,0.12689643367514428,0.3990598861111111,0.07227652334594686
site_d830d9e3fbd26651,704,0.05876306521444507,0.0505670752804303,0.029934407142624655,0.06944315061280372,0.06319601789224791,0.029934407142625515,0.9100396127562222,0.9023543249334425,2.430980874711575,35.59922099742293,2.7878467279482653,3.3949352215909094,2.8115906209158723
site_d8459840bc683e6d,9,0.04942704905914423,0.04349502640300326,0.023477986644878653,0.04536999606799494,0.02819138636680826,0.02347798664487871,0.6213662951294616,,0.02198729860825546,0.3914552376270294,0.010358887282179461,0.018525928888888887,0.007152788387543962
site_d8c17cfcfd29e789,109,0.0734000511132885,-0.013167343045593404,0.07220933859656263,0.10371761736159257,0.05125565295771785,0.07220933859656274,0.4941846357598474,0.7684463897581285,0.5872448578742367,-1.435240391969681,0.44528121542504073,1.1725505124770643,0.28635847365329914
site_d8f779aeecdbd8d2,131,0.14800284078128662,-0.11987980817519982,0.08679673076336557,0.09065674437343546,0.033221159693107315,0.08679673076336558,0.36644995276095416,0.2969427743328044,2.869534155192345,-15.704254870951177,0.11715449737518571,1.0766425343511452,0.1445775541274969
site_d93f1ce9d07f856a,55,0.06991017061263365,-0.03576646310632879,0.06006822847355468,0.10731925031234286,0.05294789780896065,0.060068228473554884,0.4933681297144793,0.942633721709954,0.268808757529815,-1.9671554708480836,0.294599505696107,0.6334581818181818,0.1541913935313477
site_da42d7233341c5fa,34,0.10038324388134903,0.04176262249946593,0.09128350899318835,0.1138287907280751,0.053531748052981644,0.09128350899318877,0.4702830251518995,0.6145908752346425,0.34261105217284155,1.4199291649818417,0.12732936477994217,0.44053778235294117,0.09743203368666875
site_da8bcad340f647ba,6,0.06496815080645008,0.0644374035278956,0.008287439037047898,0.06655862077897948,0.07383684098771397,0.008287439037053854,1.1093505262511854,,0.025325163715257837,0.3866244211673736,0.029439742323756218,0.02658029999999999,0.03271127452226974
site_da99bb912bf39167,787,0.09202205432114624,0.05798153411933094,0.07145768106126064,0.08023980321932427,0.05776312467266978,0.07145768106126071,0.7198811855854427,0.5036573216307547,6.6643620249278985,45.63146735191345,1.837174535324539,5.067041278271919,2.6258873361249586
site_daa49998006715f8,95,0.07229103463657266,0.03241414163426349,0.06461669374813335,0.07487550960800315,0.059678235868832204,0.06461669374813352,0.7970327839004575,0.5586422261474832,0.49646940043848414,3.0793434552550316,0.23714454156536807,0.5326024842105264,0.3383417244595172
site_dabd51f8216ca183,414,0.05427167274712997,-0.022127134292309985,0.04955607319775902,0.06775277996840244,0.038378409015876754,0.049556073197759024,0.5664477388791297,0.6936920569353175,1.21940158758743,-9.160633597016334,0.7467601758197921,1.9004418260869567,0.609781543336231
site_dad0353659cda19f,170,0.057993008751632366,0.029418965334050792,0.04997713019712942,0.07133913570920959,0.06863655057628791,0.04997713019713169,0.9621163740483502,0.7456934833321017,0.5717421408913743,5.0012241067886345,0.6207154593606206,0.8651762882352941,0.8008659327519259
site_daf47f9c44bf482f,99,0.045733460010802536,-0.008678376480184422,0.04490250712630483,0.052974494924817705,0.0449756494195302,0.04490250712630522,0.8490057240443802,0.590303765184411,0.20706338709140779,-0.8591592715382577,0.13923711484749657,0.27782341414141415,0.20025809503014025
site_dafe0965d62ae39c,205,0.04491892528647291,0.03359823055965144,0.029813901994744655,0.05842314617955921,0.046086177161509936,0.029813901994745113,0.7888342236802429,0.8631999825568953,0.4136305190228058,6.887637264728546,0.4764539257296157,0.6997191219512195,0.43540682369922645
site_db96cd85e659d65b,81,0.062371232910759036,-0.025287294605631883,0.05701511577061061,0.06763450176041677,0.04414436283875184,0.05701511577061081,0.6526899982959202,0.5480200482980228,0.3151038262794602,-2.0482708630561826,0.1325333004855631,0.37052849209876537,0.1578467064055893
site_dbd5f7c9c3a46705,3,0.054603432736412945,0.04864590049584707,0.024801436078342697,0.05837128289378834,0.040368831745789646,0.024801436078344685,0.691587193984485,,0.008944604599799918,0.1459377014875412,0.0066326070174574855,0.01022162,0.004888927729559622
site_dc096381800c2a0d,61,0.03402006143614936,0.029117037960349534,0.017594393440381533,0.028580942169699603,0.03135443061361858,0.017594393440382026,1.0970397836240444,0.8315716726143337,0.07059923938728198,1.7761393155813217,0.04545744076324779,0.0498290855737705,0.059969119465357545
site_dc3fa845eee493af,75,0.07613928325660428,0.006231640714009606,0.07588383957629528,0.08920098255562485,0.05906783536709582,0.07588383957629534,0.6621881696231507,0.5397196465741146,0.4347892841122066,0.46737305355072045,0.21328002581258618,0.5967611466666667,0.26167568812157516
site_dd81667799d2704b,215,0.06077799704560665,0.04837436093286026,0.03679519165887213,0.0658336481338303,0.0595075188741649,0.03679519165887249,0.9039073568153889,0.8323122314448659,0.7942024588482908,10.400487600564956,0.7010427492451529,0.9318248837209301,0.7613461325502049
site_ddb8d9051d38fd31,29,0.039259488293428665,0.021037002884108442,0.0331474272111106,0.04800322026455042,0.04908058532888938,0.03314742721111061,1.0224435997918784,0.7670672678979794,0.04469791521079402,0.6100730836391448,0.05240968567852315,0.06682496551724137,0.06985821183056534
site_ddd5a78c36a9e7a3,382,0.05940536702799748,-0.03733706137686187,0.04620542694826593,0.07588470319358175,0.03986407362358953,0.04620542694826594,0.5253242346075512,0.8615809245763284,1.3480770953212766,-14.262757445961237,0.9956239934481232,2.199742484293194,0.607053147761181
site_de08b55dd68ab719,250,0.14129208905248292,-0.11840165530776978,0.07710059953849153,0.10030286408672485,0.04226957141909043,0.07710059953849162,0.4214193862155611,0.696133749050377,4.990863607203691,-29.600413826942443,0.7378598453448415,2.5151661359999995,0.4466791669883966
site_de0c25f31478d5ae,20,0.04727685381690293,0.04210020676374436,0.021509846519089406,0.04058414838332819,0.02867004146093855,0.021509846519089455,0.7064344726453862,0.8621770575391658,0.04470201813649617,0.8420041352748872,0.020063708800971507,0.032941462000000005,0.016439425547438713
site_de2dd333b47cf663,29,0.0701514851037688,-0.02986247317647111,0.06347805572045223,0.10077300518059006,0.05246701026947133,0.06347805572045226,0.5206454861145395,0.8396149461399467,0.14271569500566456,-0.8660117221176622,0.12873857163458036,0.2945007586206897,0.07983082783188748
site_df32de3b824705c1,130,0.06687801288173892,0.06007434838047394,0.02938947555965372,0.03443732322305598,0.04624067000364171,0.02938947555965465,1.3427486713799903,0.7725382913230391,0.5814469189113046,7.809665289461612,0.15992518876641987,0.15417080000000002,0.2779659431101397
site_df4d1a2cf99eda94,136,0.04551672204335506,0.005347341322723559,0.04520152570821406,0.07668485253944575,0.055470368460507666,0.04520152570821717,0.7233549602507794,0.8127383543001342,0.281760990037798,0.727238419890404,0.4701758312657476,0.7997570588235294,0.41846680169164974
site_df5a72d9e6b0c9b0,180,0.06423367215418811,-0.03633334087597,0.05297030280451765,0.0787738306094663,0.03869174134843213,0.052970302804518046,0.49117506472742894,0.8032611951794552,0.7426736349141099,-6.5400013576745994,0.4406862832434475,1.11695695,0.26946915274331507
site_df8e2a9486152870,479,0.045918436225913246,0.025080806881998177,0.03846369602080871,0.05472766722265866,0.023684913733364652,0.038463696020808874,0.4327776960966187,0.8010355739207844,1.0099728342225327,12.013706496477127,0.4973545103930481,1.4346613110647182,0.2687070913687673
site_dfda0bf114384539,49,0.08508524503926948,0.015584331569622975,0.08364584587964057,0.07796440841558305,0.04080758918017919,0.08364584587964108,0.523413054873162,0.11740869000577026,0.354735447246234,0.7636322469115258,0.018303479143551425,0.29784400000000005,0.0815977074002156
site_dffc4a16666e5428,8,0.06401595347657908,0.06235220657736063,0.014499814979843142,0.050504325309818764,0.050296410782764485,0.014499814979844608,0.9958832332522249,,0.0327843383961243,0.49881765261888505,0.019480684712715447,0.020405495000000003,0.020237831501028702
site_e06c7a98fed0bd3d,30,0.022623598861835993,0.01581509824792544,0.016177450134979017,0.02199618653817571,0.010167650939821806,0.01617745013497911,0.46224607716320437,0.7277087294599451,0.015354816763838009,0.47445294743776323,0.004882551824798186,0.014514966666666667,0.0031014337690217775
site_e0819506e4cfd43e,250,0.0663012682291755,-0.041106729167699814,0.05202014019522105,0.07722653688985412,0.05918638720849349,0.052020140195222865,0.7663996029358308,0.7395785237274284,1.0989645421992689,-10.276682291924953,0.8451089306078851,1.4909845000000002,0.8757571076984305
site_e08b0590bf66e62a,111,0.035852571900194766,-0.031222933642928663,0.017622012557818378,0.026312745231973116,0.020313656168024725,0.01762201255781853,0.7720082412131295,0.7431785619301343,0.14268016721630852,-3.4657456343650814,0.04409307733919841,0.07685202234234235,0.04580355358731292
site_e0a3f27c6c9560a4,56,0.1701811580317411,0.11505448597201277,0.12539574078388926,0.13244723915852033,0.04048708200573841,0.12539574078388957,0.30568460515270673,0.32237260587045413,1.6218510867453686,6.443051214432716,0.09680672857277095,0.982367185,0.09179541332300567
site_e0ceb845349c800e,31,0.04192156372429109,-0.013539708174044091,0.03967485107283356,0.05864159469618785,0.049375142585143826,0.03967485107283375,0.8419815804967116,0.743004834544775,0.054479942657783755,-0.4197309533953668,0.06669103665553754,0.10660393548387098,0.07557504586440178
site_e0f23347bc3a360e,5,0.13438555173743302,-0.12469997619390487,0.05009383647729372,0.04735145193127663,0.004258092093592733,0.05009383647729374,0.0899252698686558,,0.09029738257887145,-0.6234998809695244,-0.0006227527618408202,0.011210800000000003,9.065674138758473e-05
site_e112cf24dd2b666b,2,0.1309513268656713,0.1307183873653412,0.0078072538375854456,0.011499999999999996,0.0036927461624145508,0.0078072538375854456,0.3211083619490915,,0.03429650001575976,0.2614367747306824,8.493316173553464e-05,0.00026449999999999987,2.7272748440054784e-05
site_e1c83eb53198657c,16,0.05479320368711135,0.02192822667062283,0.05021402239792246,0.08943485735963076,0.046170657189689046,0.05021402239792278,0.5162490169132827,0.9213350499805082,0.04803672272475637,0.3508516267299653,0.06087100200708956,0.127977499375,0.03410767336524456
site_e1d83ae86567245b,279,0.09099641902018185,0.06968039387656796,0.05852342252212239,0.09997047893539995,0.0748099820260792,0.0585234225221225,0.7483207325076512,0.8133427680870311,2.310217168584527,19.440829891562462,1.697106652442967,2.7883529677419356,1.5614328215971
site_e217e123676f78e8,634,0.10101155130958747,0.09282746559212261,0.0398295760674491,0.044256155423150145,0.052931072105759355,0.039829576067449725,1.196016047929717,0.6774547840521832,6.4689134377126125,58.85261318540574,1.0061296466927425,1.2417570236593058,1.7762767819640708
site_e236e8f6fb4c7e9a,128,0.0204046576684515,0.006067804644675926,0.019481575946538456,0.02586381683905867,0.011537417881982476,0.01948157594653847,0.44608334314210935,0.7079672871250076,0.053292806984537165,0.7766789945185185,0.027041102816455533,0.08562393874999999,0.01703833745708659
site_e285e97bc06024be,13,0.06394448806582818,0.048262954286428586,0.04194740513484649,0.07495386904761556,0.04656609698722766,0.041947405134846634,0.6212634194726607,0.8633761139871424,0.05315566820201095,0.6274184057235717,0.03917484399584623,0.07303507230769231,0.02818921805211061
site_e3489f2db8b7f610,188,0.09490983691091483,-0.08115952012069681,0.04920375429004028,0.06212729524813025,0.05902244863692549,0.0492037542900404,0.9500244361386679,0.6711982853696173,1.6934809027818127,-15.257989782691,0.4627094372409455,0.7256425531914894,0.6549260953025193
site_e35bffa822780b41,151,0.11071700624702359,-0.018427035185201283,0.10917279810734365,0.09416377956573939,0.04760595223654222,0.10856152734685857,0.5055654356281085,-0.07277454899546275,1.8509965763178227,-2.7824823129653935,-0.049260816781936556,1.338889424697879,0.3422153299405388
site_e4206af93f2d6f2c,175,0.08712871767116746,-0.04993931492274148,0.07139662644739778,0.08711951206549892,0.043579559588126454,0.07139662644739811,0.5002273148105112,0.5783430524077592,1.3284973525288517,-8.73938011147976,0.3842570487311822,1.3282166419428574,0.3323561524316363
site_e44008751f3e2871,30,0.0487682297889804,0.043508551787137986,0.022030573259375873,0.016486704744530768,0.03409057178962981,0.022030573259376494,2.0677614064107552,0.8439171133751046,0.07135020710252385,1.3052565536141396,0.01422948540210724,0.008154343,0.034865012548317115
site_e443401d44fc1f23,274,0.10280958109763218,0.08395758968830978,0.059337451067601694,0.08025707237598909,0.04500015666028589,0.05933745106760173,0.5607002015905681,0.6846418368260485,2.8961279305389462,23.004379574596882,0.6775031773262541,1.7648881605839415,0.5548538632493747
site_e473611ef37db918,1,0.057261864423751835,-0.057261864423751835,0.0,0.0,0.0,0.0,,,0.003278921117284136,-0.057261864423751835,0.0,0.0,0.0
site_e4827c2c7a3df4be,641,0.02967919095049719,0.025299924858786196,0.015516706403610478,0.024064894785190544,0.029023017871369256,0.015516706403610542,1.206031363545787,0.8452361899470966,0.5646276546801636,16.217251834481953,0.3784100392007279,0.3712153822152886,0.5399370980379261
site_e4a78bd8d0c42b04,2,0.04523062823247883,0.03218892139196396,0.031775510537624355,0.0793,0.047524489462376224,0.03177551053762523,0.5992999932203812,,0.0040916194606094225,0.06437784278392791,0.007537384028732776,0.012576979999999998,0.004517154197319018
site_e4ad3110c632fc3e,37,0.08356771451404796,-0.046473061418211135,0.0694537073993937,0.09002233307843846,0.030329089882021643,0.06945370739939373,0.3369062858612566,0.7691579135078819,0.2583918276367526,-1.719503272473812,0.07770104847707458,0.2998487567567567,0.03403458664365466
site_e526161d153fbae1,108,0.07357995137150526,-0.021265313340557944,0.070440014852078,0.08910861105679899,0.050938273250160794,0.07044001485207867,0.5716425454964401,0.6139247564551297,0.5847129983339725,-2.296653840780258,0.3009558539062187,0.8575572129629627,0.28022842962446903
site_e580905782041227,176,0.09374521438210277,-0.08837823425917463,0.03126424361434098,0.05287503761013062,0.06885616718225399,0.03126424361434165,1.3022433703018577,0.900837467822074,1.5467170786401678,-15.554569229614735,0.5772349820623175,0.49205545,0.8344462295893698
site_e5a46bf8593cb776,159,0.09574100875585845,0.015616419215397269,0.09445881752636084,0.13154045689507898,0.05992354443404948,0.09445881752636133,0.45555219928912427,0.7593689550880979,1.457448180456709,2.4830106552481657,0.9517147541535632,2.7511597962264154,0.5709421572287809
site_e60e5a5f7ff91a10,8,0.06535599600950708,-0.03664396402239799,0.054116782194804466,0.05858643054283132,0.031030487511393808,0.054116782194805625,0.5296531504630251,,0.034171249715157635,-0.2931517121791839,0.0058665395352989445,0.027458958749999995,0.007703129241558138
site_e60f7e42ba2fd8cd,702,0.07282937042722805,-0.05255982033207886,0.05041410996423511,0.07753782631007897,0.043130760696485804,0.050414109964235246,0.5562544470101987,0.7970052994961286,3.723490272172132,-36.89699387311936,1.8711088848258868,4.220504385242165,1.3059042878167821
site_e621c0e748219561,130,0.11832502114546449,-0.10997425356965798,0.043663190227824486,0.06501725078322125,0.03945070118128224,0.04366319022782453,0.6067728288422667,0.7557821871015922,1.8201053817797006,-14.296652964055538,0.2520132252450746,0.5495415769230769,0.20232651708032706
site_e692ba92ac3619b9,78,0.07286950683118351,-0.053389437358195964,0.04959367907702724,0.05932681468080804,0.04181260847058942,0.04959367907702725,0.704784315415397,0.5660771821513999,0.41417727201395216,-4.164376113939285,0.1095288543527325,0.2745343333333334,0.1363669497149549
site_e6f2aca5e6ecbaba,167,0.09797995722280921,-0.09150446112412891,0.035028639878909085,0.037831817415747426,0.039263583215257226,0.035028639878910216,1.0378455463499312,0.5876716116829606,1.603212026903048,-15.28124500772953,0.1457801253034772,0.23901815029940116,0.25745203747253864
site_e6f4ed93ce9ba081,116,0.09703119615157837,-0.05631873296946287,0.07901426037950628,0.10986853293969592,0.05933898020974759,0.07901426037950629,0.5400907668651338,0.7170009072015723,1.092146151086305,-6.532973024457693,0.5422394340413398,1.4002469655172414,0.40844929039060657
site_e722a68e19572b18,15,0.020916735874818966,0.01994494629184405,0.006301504349946527,0.01038992246789594,0.012300343699738321,0.006301504349947627,1.1838725204875624,0.8589227083313982,0.0065626475948540805,0.29917419437766074,0.0016465499021112919,0.0016192573333333332,0.0022694768269753834
site_e755ae9494167172,176,0.12060791360086658,0.08057730265679684,0.08974166880390098,0.13551439769330695,0.06825836725451238,0.08974166880390176,0.5036982668734074,0.8091785554941678,2.560143312875121,14.181605267596243,1.3173414815195752,3.2320907488636363,0.8200200272443322
site_e7895d956d62a46d,90,0.02485276440209111,0.004383828433685832,0.02446307312440231,0.03150423056051166,0.014322130517859681,0.024463073124402386,0.45460975440585644,0.6639935627183169,0.05558939085832623,0.3945445590317249,0.02696391085907817,0.0893264888888889,0.018461108031354687
site_e7920aa397fb1716,99,0.04909087725619817,0.007139245650382957,0.048568975708023765,0.09645427835761575,0.059872941612528145,0.048568975708024154,0.6207390966167625,0.9116232935074838,0.23858150874852838,0.7067853193879128,0.5211979517001998,0.9210393535353536,0.35489214459638324
site_e7d7202b18581b5a,73,0.1629223601570754,-0.1448655224417987,0.07454982123933297,0.058260075884856294,0.036667347717682264,0.07454982123933605,0.6293734973869699,-0.19167885462207634,1.9376897670580806,-10.575183138251305,-0.029891493086129012,0.2477792602739726,0.09814809037140759
site_e7defe0b5f5d29b7,231,0.07376049236571017,-0.01178863546703801,0.0728123499679641,0.10492177169239797,0.046747522216253126,0.07281234996796423,0.44554644343315253,0.8045402296930827,1.2567809640613892,-2.7231747928857803,0.9115572659162345,2.5429815584415585,0.5048114225059475
site_e7df8a81d2875ad9,50,0.08709691891072892,-0.05811412125468254,0.06487389455349621,0.11438415274853418,0.06291168437198894,0.0648738945534977,0.5500035001377858,0.8916630358427866,0.3792936641871045,-2.9057060627341267,0.32082480589956036,0.65418672,0.1978940015260378
site_e7ee204eaac12eb2,47,0.06478623119232572,-0.04174839414624458,0.04954116811617678,0.09823004475756789,0.05552782217413748,0.049541168116176815,0.5652834864442987,0.9421718331796866,0.19727102034895752,-1.9621745248734952,0.24153660466878657,0.4535096595744681,0.1449169346639238
site_e813e7562543b91c,20,0.12454350681312959,-0.0991446934044361,0.07537516075639522,0.10038818406565585,0.04495546227570874,0.07537516075639532,0.44781627134829916,0.7109871681869098,0.31022170178624114,-1.982893868088722,0.06417366229370236,0.20155574999999998,0.040419871768453436
site_e84e6fd19eaae8f3,84,0.09466932355829119,0.04694193104675838,0.08221153162778207,0.1077720028923389,0.04780019123079381,0.08221153162778294,0.443530693946041,0.6930890011470202,0.7528315891306919,3.943122207927704,0.2999189321747138,0.9756435870238096,0.19192809566283842
site_e894534d7e7a123f,174,0.10315427085309625,-0.07703280224594575,0.06860576486980492,0.09238506886898627,0.03605337883097713,0.06860576486980502,0.39025114417683,0.7698008758274192,1.8514998255707065,-13.40370759079456,0.44614436084670916,1.4850901652873563,0.22617322577261123
site_e8fdb2dcaaa2ec50,118,0.060821070169994725,0.03813192398820894,0.047383108272683834,0.08065588476573,0.07214690029196968,0.04738310827268884,0.8945026206274324,0.8133073362580859,0.4365059040415638,4.499567030608655,0.5584578931505462,0.7676338661864407,0.614210676165251
site_e908f29f409c402b,51,0.013793146109983443,0.0024738108904922736,0.013569492963608964,0.02258828295201944,0.0189025936313184,0.013569492963608976,0.8368318066260307,0.800285752852637,0.009702794860178922,0.12616435541510596,0.017426889552256346,0.026021756862745098,0.018222710345528706
site_e9578e4592e63187,8,0.04970654561809853,0.04481301077455282,0.02150662090157175,0.018289341158171882,0.03078645388459158,0.021506620901572734,1.6833003233052957,,0.01976592541827288,0.35850408619642254,0.003279084000736475,0.002676,0.007582445942304672
site_e98d1003be09654d,174,0.08649044060288494,0.07939030141803041,0.03431874642867144,0.03720863645046457,0.0441716289343897,0.03431874642867146,1.1871337718380217,0.6564503538474648,1.3016237589285231,13.813912446737291,0.18773199933227794,0.24089997701149427,0.3394971076728299
site_e99ab7a415991029,162,0.06890229311739872,0.05370271320475473,0.0431687918673177,0.04860985967426981,0.03999986043227531,0.043168791867318375,0.8228754557266919,0.5398519045428705,0.7690992114874209,8.699839539170267,0.17004837877045811,0.38279279012345674,0.25919819120544363
site_ea33c67804056e7d,182,0.08851308482933345,-0.02240605402811543,0.0856302220532795,0.09435775635973616,0.03555448637378641,0.08563022205327955,0.3768051270553316,0.4225196189781438,1.4258910458528702,-4.077901833117008,0.2579825209464346,1.620416285714286,0.23007011323728493
site_ea99257f5d54ddf2,142,0.10383716945941585,-0.08830465347120461,0.0546300827079176,0.08630036744962383,0.05257952609264935,0.05463008270791762,0.6092619028921473,0.7964411147710945,1.531066402110769,-12.539260792911055,0.5131818975069573,1.057580985915493,0.3925741321061183
site_eafced833314a87c,939,0.050018351398214,-0.032784805436802116,0.03777554776659429,0.05705850238702884,0.051236354352657776,0.03777554776659508,0.8979617797382881,0.7617395134069564,2.349223512522908,-30.784932305157188,2.0910800833331624,3.0570766602768904,2.4650290029026953
site_eb3bc9a7aee9d6f6,324,0.05472631262929717,-0.041155058631834426,0.036072571893473876,0.048606134861892365,0.026037597046970555,0.036072571893473876,0.5356854051644468,0.6871445530912148,0.9703700512558608,-13.334238996714355,0.28176374283565186,0.7654682561728396,0.21965789303365277
site_eb828ca3e955ad1d,72,0.059559357745314366,0.051703270946939786,0.02956499396958624,0.035015998878643116,0.04288473608500046,0.029564993969591977,1.224718341853633,0.7295738582736356,0.25540683084247234,3.7226355081796645,0.07888074833258157,0.08828065277777777,0.13241524241377012
site_eba5cbc1dd84d08d,137,0.021487404264435125,-0.006153134574507274,0.02058755636133798,0.04200977355463329,0.03399911848459617,0.02058755636133854,0.8093144906001613,0.8740887510486602,0.06325407025718727,-0.8429794367074966,0.17103858536132713,0.24178048715328468,0.15836378790895644
site_ebf4f84d79acafd6,8,0.0650080663174818,0.06256359170377254,0.01765915285232428,0.05560539542166749,0.0659868425350682,0.017659152852326734,1.186698557481266,,0.03380838949070488,0.5005087336301803,0.028537510833144184,0.024735679999999996,0.03483410710198309
site_ec20e4065643efdb,232,0.06385003425180322,0.028718159099848106,0.05702713575020453,0.08330052171121309,0.05871947138609881,0.05702713575020457,0.7049112079954065,0.7293324587909363,0.9458238347578951,6.662612911164761,0.8276436469407045,1.609842644827586,0.7999305062081874
site_ec919d9a24ddf81b,54,0.1287335194974955,0.12568390265879806,0.027854544596274223,0.04855266327516042,0.04994774299605908,0.02785454459627472,1.028733330507379,0.8404332397276445,0.8949052282794511,6.786930743575096,0.11005908714483183,0.1272975,0.13471795964161992
site_ecbc4520bb039c64,117,0.22568012804856485,0.09934861754963539,0.2026360589505059,0.17172270627834763,0.07505377157807062,0.2026360589505059,0.437063759386688,-0.23042421716897907,5.958987862933945,11.62378825330734,-0.34746753057939367,3.450176478632479,0.6590690294869046
site_ed130293b294c5a2,39,0.035686249976840216,0.006123528722005014,0.03515694573480905,0.054385126389359315,0.029982413835641295,0.03515694573480979,0.5512980446342677,0.8035939261242032,0.0496668290589716,0.23881762015819558,0.05110318742875869,0.11535193692307688,0.03505886043705453
site_ed8668d708cd9f42,70,0.08149165380280704,-0.06827609684382166,0.04448892265822628,0.09594681881551013,0.06825450985706864,0.0444889226582264,0.7113785605368614,0.9074334464582874,0.4648622747661589,-4.7793267790675165,0.4159822071074375,0.644405442857143,0.32610746810800767
site_ed9138fe753e1f02,20,0.03625880132849284,0.008546857936382293,0.0352370812241084,0.04288317239897253,0.021691461940315834,0.035237081224108686,0.5058268949532183,0.573981720598831,0.02629401347558228,0.17093715872764587,0.010678341029137374,0.03677932949999999,0.009410390422163406
site_eda005e51a299a0e,329,0.20629067564812853,-0.20262692817284705,0.0387062118864304,0.07235669123153658,0.06014145236875619,0.038706211886430586,0.8311802453253087,0.8450055768271119,14.00087230072989,-66.66425936886668,1.2097846892561346,1.722476462006079,1.1899911224046886
site_edb67bacc6a2f615,2,0.03475295748518576,0.03147767543196678,0.014728340142965316,0.07665,0.061921659857034794,0.014728340142965785,0.8078494436664684,,0.0024155361079342577,0.06295535086393356,0.009492590456083416,0.011750444999999998,0.007668583918900629
site_edc41c47fa42988f,103,0.026276500994645232,0.017098127208635645,0.019952657729708723,0.021369083293466096,0.015954748931275905,0.019952657729708806,0.7466276728938717,0.459149250396149,0.07111681396572396,1.7611071024894716,0.01612378396488798,0.047033685242718455,0.026219063386385105
site_ee1921e55841ea0d,206,0.08011347964206833,-0.05438381856737785,0.058826608761602305,0.08555681359390584,0.04799243586233586,0.05882660876160239,0.5609423007515364,0.7504325927114368,1.32214294179418,-11.203066624879837,0.6347552524570701,1.5079134805825243,0.47447442340008683
site_eef5f3ba42e04423,79,0.02755217213378332,0.0055891753758056245,0.02697931259146745,0.029943061386108267,0.04074118304528225,0.026979312591467495,1.3606218322146462,0.74945651815972,0.05997065295388047,0.44154485468864435,0.07222763072113635,0.07083036708860758,0.13112767567840633
site_eefad9fa85f80180,151,0.06144099374271179,0.056028853781175926,0.025214346235021782,0.03970231760324784,0.03517290869934804,0.025214346235021782,0.8859157556200379,0.7797094501068169,0.5700243525258843,8.460356920957565,0.16441214264036214,0.2380173774834437,0.18680715946227366
site_ef1a0b7a4f85647e,128,0.1371831155243324,-0.10531106512062252,0.08791351857434856,0.10085710807870707,0.04001086872487452,0.08791351857434881,0.3967084669297751,0.5010976172710745,2.408858519675178,-13.479816335439683,0.2588313035517931,1.302036,0.2049113108632502
site_ef1b5625cbf889df,183,0.09646811211285043,-0.023349615922325945,0.09359963723699652,0.12119144356353147,0.07190313165839897,0.09359963723699655,0.5933020479346434,0.6367040282231802,1.7030156877949991,-4.272979713785648,1.0153328833626307,2.687787976721312,0.9461210426381654
site_f005fd2353ec048d,130,0.09652414452519562,-0.0671729052216273,0.06931602470141464,0.08307237396376928,0.07818131094210573,0.06931602470141465,0.9411228692730426,0.6319473142022924,1.2111983619217106,-8.73247767881155,0.5335606520527029,0.897132511076923,0.7946012594814089
site_f059546b5612f674,32,0.11697324250993418,-0.058749480376020076,0.10114958239575439,0.12720319313503886,0.03535668872551823,0.1011495823957544,0.27795441178888947,0.8003930903891894,0.437847662825212,-1.8799833720326424,0.11519215620076284,0.517780875,0.04000305400426202
site_f07b80b3214910ba,44,0.10306385059544079,-0.0655000135573474,0.07957327141412907,0.09835446468331012,0.03973529812493649,0.07957327141412948,0.4040009597213457,0.6295301742656468,0.467374921180611,-2.8820005965232856,0.10825296056676995,0.42563843181818184,0.06947133235141356
site_f0ccb43d6f9d9cfd,309,0.06203829499816813,0.05883484398894325,0.01967768225875298,0.025492549272102424,0.024559268702698103,0.019677682258753056,0.9633900650953866,0.6914602176690113,1.1892637643004376,18.179966792583464,0.13376865983718228,0.20080985113268607,0.18637572287629992
site_f1050af72de062ae,91,0.06254079154373686,-0.04496731981563045,0.04346597238663778,0.06255148363789058,0.02709921411869184,0.043465972386637804,0.43323055733687643,0.8134538328972908,0.35593290522946053,-4.092026103222371,0.1254782963814398,0.35605461758241763,0.06682743393241436
site_f1573be180b99853,119,0.03567066505102933,-0.022859438337999225,0.02738325079412479,0.04469950703262642,0.025363972149783424,0.02738325079412479,0.5674329278680884,0.8341886763323874,0.1514151650767443,-2.7202731622219076,0.11254630799319189,0.23776746554621847,0.0765563989025837
site_f2457bdf17f809aa,15,0.04848219772852803,-0.04150497753620148,0.02505714142330483,0.04126600968782365,0.02767601900586393,0.025057141423304913,0.6706734965467303,0.8059799100449773,0.03525785244882132,-0.6225746630430221,0.013807389354457461,0.025543253333333335,0.011489430420194124
site_f2e692f63befa2ca,575,0.09640952507514032,0.0255427756367559,0.09296431109831589,0.1344642444121515,0.08802115314333718,0.09296431109831688,0.654606386464644,0.726023657677996,5.344508001998113,14.687095991134644,4.940973070308333,10.396363989565216,4.454940955392619
site_f35139d0576344b1,63,0.08830080186682254,0.08521974743547892,0.023121986449200972,0.06413612224691127,0.059042863677390006,0.023121986449204903,0.9205867397172339,0.9328341056038398,0.4912129914504027,5.368844088435171,0.22254358362832238,0.25914685714285707,0.2196217643272922
site_f39ad74b903eb489,68,0.1254954532007362,0.11891805507856257,0.04009494918802277,0.07388664398366968,0.07600377904051436,0.040094949188023,1.028653826222133,0.8572633046688167,1.0709393966359555,8.086427745342254,0.32735899166543697,0.3712280588235294,0.3928070611338744
site_f408269ff3bfc904,433,0.04880189437372557,0.0012606257884386779,0.04878560973366829,0.06692052862627104,0.04061457777916074,0.04878560973366835,0.6069076053774125,0.689465722525984,1.031243579303028,0.5458509663939475,0.8114128510274217,1.9391286466512703,0.7142525209017225
site_f40d91148ce5f169,100,0.08594723116888921,-0.04961450143885612,0.07018067962461054,0.08172392327831551,0.05672764281185111,0.07018067962461179,0.694137536920026,0.5361832801329344,0.7386926545598481,-4.961450143885612,0.24857486512082816,0.6678799635999999,0.32180254589889623
site_f41236f6a73e8c51,344,0.08406334768538418,0.06389556514367807,0.05462603023324848,0.08022211993946854,0.06501213414913233,0.05462603023324866,0.8104015974420412,0.736103310603812,2.4309263698813823,21.980074409425256,1.3206440248481148,2.213842453488372,1.4539426897989238
site_f459e887bba62073,76,0.034873857248510984,-0.010930002388985534,0.03311677772921594,0.04930889935297341,0.04035564830725273,0.033116777729216,0.8184252505490007,0.7445690630444659,0.09243012987360369,-0.8306801815629006,0.11260254766429334,0.1847839342105263,0.12377195462269891
site_f468c03f1fedb166,24,0.11459655982475635,-0.08969772739708422,0.07132102932142333,0.08441858956348944,0.03526881292817811,0.0713210293214234,0.41778491100770143,0.5514476694873448,0.3151769165680551,-2.1527454575300213,0.03940437846941253,0.17103595833333332,0.02985333996870776
site_f4812d36f8b87671,83,0.08026774780488258,-0.057571970210736054,0.05593191918504453,0.06853445413576326,0.041967201607335955,0.055931919185045725,0.6123518766809037,0.5788607702260764,0.5347616410264633,-4.7784735274910926,0.1381882699746863,0.3898486265060241,0.14618341889231484
site_f48c6b207c3fab2d,284,0.13307375918585,0.12696100763976573,0.039868884144768066,0.04645192347155819,0.03550244045208592,0.039868884144768364,0.7642835387392198,0.5544277897167513,5.02924960901442,36.05692616969347,0.259672070002367,0.6128098591549297,0.3579602109673095
site_f4ae282ac466260d,9,0.10320499975365684,0.09964586260583665,0.026869574609417114,0.022557372669005475,0.03425542435543539,0.026869574609422214,1.518591054821885,,0.09586144776737077,0.8968127634525298,0.004321328039136199,0.004579515555555557,0.010560906879938603
site_f4e6d6d6c1cafad7,124,0.03413960991352475,-0.021843928755291047,0.02623653448116588,0.04518406323870869,0.04211839820529408,0.02623653448116591,0.932151630161754,0.821616193700136,0.14452360766590702,-2.7086471656560898,0.1938866043865921,0.2531583467741936,0.21997097395508525
site_f4e907a8ba8d1abb,25,0.23041210648811902,-0.2218189873843193,0.06233839629062887,0.07287956377476473,0.021022735773103103,0.062338396290628956,0.28845858405621294,0.6093847288942185,1.3272434704073075,-5.545474684607982,0.02334138229122758,0.13278577039999997,0.011048885484642723
site_f5ae0072aa9d0a04,65,0.14081313302941662,-0.1089923890227538,0.0891571509676755,0.10741916563426719,0.02741306558667237,0.08915715096767554,0.25519715615746213,0.7371502191088469,1.2888419981814117,-7.084505286478997,0.1410940616068244,0.7500270144615384,0.048845950715848074
site_f5fb4b6c3b6ce99f,102,0.054175821046876974,0.015074438250532335,0.05203634208449059,0.06258778072467487,0.041801908315878974,0.052036342084491156,0.6678924836745139,0.5650846119374044,0.29937199778253026,1.5375927015542983,0.15079929580510246,0.3995574901960784,0.17823475296261349
site_f617214b073c06c0,689,0.036609431605289976,0.024438731204927053,0.027258006155178142,0.05048433233973089,0.046187655486698495,0.02725800615517817,0.9148908848765553,0.844636742561906,0.9234325824165969,16.83828580019474,1.3569746246829673,1.7560321223222062,1.4698433688376271
site_f645d63c8edb6a7a,176,0.10003187639765589,0.04120517379997129,0.09115102823199563,0.11337114285856807,0.09266704616740476,0.09115102823199667,0.8173777191521132,0.6249750788846603,1.7611222280319194,7.252110588794946,1.155588502701558,2.262130821818182,1.511343934388979
site_f65ec349d3fa498b,397,0.157586686005025,0.15452027734641163,0.03093618423196971,0.026685419576828063,0.03280968223361621,0.030936184231970008,1.229498458480528,0.4748722169778762,9.8589247516004,61.34455010652542,0.16506056522842621,0.28270831234256927,0.4273606735635358
site_f695cfa2b198ee8e,37,0.03457845132757825,0.03271977018842825,0.011184182358587475,0.0214687688296765,0.018228602005959924,0.011184182358587778,0.8490753312673589,0.8535984031446281,0.04423976395990683,1.2106314969718452,0.012359924575787138,0.0170535972972973,0.012294431450392385
site_f6a13c8718860659,32,0.023521094441683373,-0.006396427933126689,0.022634654700942648,0.03236991695135315,0.024428017340048267,0.02263465470094277,0.7546518385190701,0.7159256759087066,0.01770374027950683,-0.20468569386005406,0.01811539137875661,0.03352996875,0.019095296997302363
site_f6e487124edabf8f,133,0.08713940662251715,-0.07255630718837107,0.04825824772731723,0.08439375235256907,0.05398563019015326,0.048258247727317564,0.6396875205242589,0.8458967077196333,1.0099057328077434,-9.649988856053351,0.5125750327593289,0.9472666230075188,0.3876216195147223
site_f7b6fd0b704f24d5,64,0.07682724863136647,0.026510783585906028,0.07210828306045747,0.08017830495799659,0.031750377610601385,0.07210828306045769,0.3959971170160633,0.4393781836510184,0.3777552724650113,1.6966901494979858,0.07158536250963807,0.4114278775,0.06451753461860976
site_f801eca3ddf0629c,849,0.054091380873839835,0.04204336791076424,0.03403281797851781,0.047011938799655636,0.052924346709519496,0.034032817978518065,1.1257639667885206,0.7742681362596903,2.484069984628146,35.69481935623884,1.6355459319461607,1.8763939088574795,2.378037516960384
site_f80bf9d30cd43152,124,0.031305043329192275,0.025639238483338586,0.017962048542332118,0.019698500407753276,0.013258699399963476,0.01796204854233305,0.6730816623353161,0.4617353482753397,0.1215207114924831,3.1792655719339846,0.01495370809585457,0.04811583387096774,0.021798345612545386
site_f8577ef511842081,219,0.07579393907393753,-0.05035116660932427,0.05665228346169129,0.07858698888785544,0.046599696903081,0.05665228346169129,0.5929696195585166,0.7014996115822081,1.258093942875282,-11.026905487442015,0.5626072060982148,1.3525253461187212,0.47556545356952484
site_f85796d856927f97,73,0.05728503663285843,-0.014501497604259079,0.0554191482184777,0.10187417131815199,0.06452696667376938,0.055419148218477925,0.6333986901572168,0.8724853715681783,0.23955500580803907,-1.0586093251109128,0.41868398905249493,0.7576193150684932,0.3039522482525953
site_f863ed028d428c3e,85,0.1104396492250931,-0.07720582064039568,0.078969471191117,0.09495401524096084,0.03282768950158299,0.07896947119111708,0.34572197308642016,0.6187993529506012,1.0367378702817367,-6.562494754433633,0.16395415519800255,0.7663825258823529,0.0916008618310491
site_f8923c8bedba827f,29,0.07894245864295635,-0.06335838134535428,0.04709169024245719,0.06536619612398584,0.044036042488151364,0.047091690242457504,0.6736821950695174,0.6938212489088039,0.18072544152125133,-1.837393059015274,0.05791713748576827,0.12390944827586206,0.0562360181025299
site_f8bf18cf05681ba1,521,0.03977062715067702,0.010932090614555894,0.03823862155927313,0.06413669338200492,0.05433972146875182,0.03823862155927377,0.8472485655769421,0.8039964336321639,0.8240671504422057,5.6956192101836205,1.459875497310889,2.1431415431861804,1.538411576566096
site_f9474c251f4c85b7,278,0.1130010452504662,-0.09569035758260344,0.06010483918463969,0.06737369251298479,0.023998912755318208,0.06010483918463982,0.3562059887201959,0.46464681389372964,3.549847671300019,-26.601919407963756,0.20885730823756551,1.2619016151079139,0.16011349213559023
site_f956c78502603f81,228,0.03990347371425496,0.014598093836846057,0.03713735142406999,0.05377132362069216,0.03355134264616386,0.03713735142407127,0.623963488100797,0.7310750001092994,0.363041484897846,3.328365394800901,0.30071660617946466,0.6592289956140351,0.256657911286147
site_f9b796db02c200aa,619,0.1104974527084844,0.10019205162020609,0.04659656475747657,0.0436637165351701,0.06330452684121808,0.04659656475747657,1.4498199389469693,0.6770248241885566,7.55779628708446,62.01887995290757,1.1583790863409806,1.1801359676898222,2.48061967040752
site_f9f0235d2e05c1c5,86,0.10454757591972541,0.00914824654861938,0.10414655642783596,0.13398621998457327,0.05059141179257369,0.10414655642783599,0.37758667867784185,0.7129319679701475,0.9399968242394044,0.7867492031812666,0.4156075937171835,1.5438984145348835,0.22011622145625576
site_fa6684a460ee051b,87,0.018136749295428925,0.012763468800742053,0.012885477840488723,0.025409193582436075,0.026283059871007045,0.01288547784048898,1.0343917364294088,0.8762622514256088,0.028617925725456024,1.1104217856645586,0.050912000474898994,0.056169559310344834,0.06009953354791586
site_fa67fc8ac26d4830,132,0.07997082628925646,0.07047791061956774,0.03779149602869213,0.06730838360274266,0.060225306297590854,0.03779149602869268,0.8947667894246804,0.8300271283241683,0.844183963575009,9.30308420178294,0.4441343840845493,0.5980152424242424,0.4787755524603
site_fa6f730253456586,123,0.036511396185310345,-0.018416025597826253,0.03152668794182007,0.03858576805590042,0.035245513561114654,0.03152668794182009,0.9134329919273179,0.6386791669659195,0.16396909232228546,-2.265171148532629,0.10683630370927777,0.18312996406504067,0.15279628582096616
site_fa8f84308360a237,255,0.0571574289287169,0.016734034347066697,0.054652939319056903,0.08446777864135166,0.04618007941374911,0.05465293931905699,0.5467182889919329,0.8050369596195674,0.8330777788440374,4.267178758502007,0.800758852349134,1.8193754352941178,0.5438129323383445
site_faac0be9a66c6585,533,0.09422231489275766,0.06843423452621104,0.06476573298096398,0.0802532364799751,0.06464653432883523,0.06476573298096512,0.8055318036297004,0.6192213059612054,4.731891184458741,36.47544700247049,1.712304126681295,3.432830187617261,2.2274999555887014
site_fab524c655a9dd78,4,0.07400690434668888,-0.019301427680253985,0.0714456211428236,0.11416458513917528,0.04828169344776966,0.0714456211428237,0.422913054770099,,0.02190808756391983,-0.07720571072101594,0.020520395283401015,0.05213421,0.009324487688737615
site_fadb31acf1acd232,565,0.03782593649294357,-0.007967821771170187,0.03697722661032147,0.037817834341110856,0.022186211434540398,0.036977226610321504,0.5866600195670724,0.33079766385913495,0.808402831436033,-4.501819300711156,0.1568161128087513,0.8080565557522124,0.27810880746724403
site_fb12f9388775927e,36,0.040399573769760166,-0.004647747726904023,0.040131334413963264,0.058105241896084285,0.036147812070291545,0.04013133441396346,0.6221093121845783,0.7313827275901447,0.05875652018801858,-0.16731891816854483,0.055302470125671896,0.12154388888888888,0.047039915428888135
site_fb318c5726a2f05c,229,0.0692904763723907,-0.05358030041024154,0.04393542447571326,0.06367017176423491,0.05471630660366617,0.04393542447571327,0.8593711166081958,0.7344635732419024,1.099467956544039,-12.269888793945313,0.5859472758233483,0.9283409868995633,0.6855971937113261
site_fb4c3069d7e94bed,118,0.021236126496184924,0.011321676156783507,0.017966433078462934,0.015938574997119745,0.014321029498530409,0.017966433078462934,0.898513794433841,0.2986490208879159,0.05321482209031215,1.335957786500454,0.0080439031351484,0.02997650440677966,0.024200842535937822
site_fb501c568fd614c3,94,0.05941096642429588,-0.012688868012580465,0.05804012026200605,0.06920450863485399,0.03885459488337665,0.05804012026200652,0.561446004744957,0.5448833485127097,0.3317883155580683,-1.1927535931825637,0.13772353594899175,0.45019081744680856,0.14190987709382397
site_fb66aa74c523bf6b,430,0.089070334166813,0.08151383481469265,0.035902913007035166,0.0497236059932219,0.053874884718893276,0.03590291300703518,1.0834870810905641,0.7626249386138969,3.4114155042927257,35.05094897031784,0.8784730223212825,1.0631479069767442,1.2480763774938373
site_fbbe7c46acc177a1,41,0.04083897505470753,0.025950086009211653,0.03153434508014303,0.023180152128636305,0.01846445609502331,0.031534345080143335,0.7965631973662796,-0.13569732744009405,0.06838069722427997,1.0639535263776778,-0.0023812662248567837,0.02203009756097561,0.013978381694286779
site_fbcf22b1e9843130,94,0.0960562215815787,0.028316054564841254,0.09178779199005868,0.1116111889197399,0.06820534200174719,0.09178779199006,0.6110977103809365,0.5703810188444429,0.8673189842257586,2.661709129095078,0.4081492883284042,1.1709634042553196,0.4372850556920782
site_fc3e5e33830dc393,21,0.03778835068749086,0.010369978534323832,0.03633762503079217,0.07398777247755521,0.06435796220476697,0.0363376250307922,0.8698459225041607,0.8710870946212596,0.029987148401296605,0.21776954922080047,0.08710500521585346,0.11495800000000002,0.08698089328215448
site_fc969b6a7d772c7d,88,0.10934183750663656,0.09498376060344955,0.054163850038141656,0.06332166402843957,0.029704013076759843,0.05416385003814166,0.46909716496741016,0.5205569224971024,1.0520960937808388,8.358570933103561,0.08616251059858634,0.3528477159090909,0.07764489857206014
site_fca46353b779e0c3,13,0.08695758936362499,0.08658763812138484,0.00801269445897759,0.011665454994842098,0.005307046447564871,0.008012694458985788,0.45493694415789104,0.8079934223982089,0.09830109052312674,1.125639295578003,0.000650288013311533,0.001769076923076924,0.0003661416459559419
site_fd9f51d6899fafaa,46,0.04951983207927874,0.01507869073295075,0.0471682822979594,0.06476356956877241,0.04226380889506514,0.04716828229795985,0.6525861557118963,0.6860595135391065,0.11280183338135837,0.6936197737157345,0.08638116050535893,0.19293871739130433,0.08216655894665502
site_fdbd79ba7196fbc0,8,0.08519588823045267,0.07893435890972614,0.0320578594869701,0.055083219711178834,0.026642719268793243,0.03205785948697015,0.4836812264876784,,0.05806671497100626,0.6314748712778091,0.010865156915597618,0.024273288750000004,0.005678675920285814
site_fe445170e29174a0,133,0.017772252071282323,-0.007312289459185493,0.016198251959711068,0.051508748070784524,0.05780610241479215,0.01619825195971526,1.1222579577230969,0.9625986227897788,0.04200844151013144,-0.9725344980716706,0.3811988303042948,0.3528691,0.4444255483597954
site_fe8014b9bedb3a60,34,0.07370401020524979,0.019324050517643198,0.07112567885037821,0.09546928345308234,0.04359889424008655,0.07112567885037886,0.45667981012461345,0.715506629622014,0.18469755809140917,0.6570177175998687,0.10125855299129205,0.3098890588235294,0.06462936168458056
