physical_site_id,n,rmse,bias,ubrmse,observed_sd,predicted_sd,within_series_ubrmse,amplitude_ratio,r,sse,sum_e,anom_xy,anom_yy,anom_pp
site_0089d624f3191d41,19,0.03311054260442337,-0.02290250185759444,0.02391199364800473,0.027497469034878458,0.015676692828852264,0.023911993648004823,0.5701140279117167,0.49885944753421285,0.020829852599627368,-0.43514753529429434,0.004085817580944613,0.014366105263157892,0.004669415262953572
site_008c2bef2cb4aaa3,42,0.04267558705002415,-0.02478863563424065,0.03473800906006335,0.04564469529547525,0.029174541106918153,0.03473800906006344,0.6391660831135009,0.6487612605750688,0.07649064066269594,-1.0411226966381073,0.036285118463138734,0.08750440476190477,0.0357484616495688
site_00edf1317915280d,216,0.10314167217035242,0.09754703109683813,0.03350792834970472,0.0416768380074971,0.03796154670491917,0.03350792834970515,0.9108547701745128,0.6495272758488636,2.2978521802288334,21.070158716917035,0.22196771196234555,0.37518310648148145,0.31127307009762806
site_01183702de237e95,654,0.07675589371573252,0.042910146129058406,0.06364107619520337,0.08191912268218,0.06762305281979047,0.06364107619520339,0.8254855594846431,0.6528815911201861,3.853019561945941,28.063235568404195,2.3653327068896335,4.38882570030581,2.9906617363249848
site_01e54199a3b60966,138,0.07817624040659477,-0.06585842356206716,0.042121165819918364,0.06063687222785308,0.05093839674102075,0.042121165819918364,0.8400564684407088,0.728023492790976,0.8433903898471387,-9.088462451565267,0.3103176969004552,0.5074025777536232,0.3580713962312974
site_026dbe6171ec07f4,71,0.05085330654833646,-0.025389966081145784,0.04406141633331079,0.0623497612794217,0.043252324839896834,0.04406141633331083,0.6937047384361374,0.7076697148333333,0.18361017386983466,-1.8026875917613507,0.13549810138576152,0.276011983943662,0.13282421588797294
site_02b6ac3cafd20e22,104,0.07240427287899842,-0.055162978241191464,0.046898023014816985,0.050130688072770435,0.04116224135209582,0.0468980230148171,0.8210986709846094,0.4865519084974008,0.5452073880381925,-5.736949737083912,0.10441555472812256,0.26136093221153844,0.17621033176533143
site_0312a18810484838,58,0.21723146061449797,-0.20427475641667847,0.07390082118363021,0.057037839204077095,0.0484683518567318,0.07390082118363021,0.8497578543134443,0.0255314389996192,2.736991433881075,-11.847935872167351,0.004093780973733487,0.18869227586206894,0.13625250563906155
site_0322f6b7744e5e7d,83,0.02302747806209849,-0.011028069782687956,0.020215004891629192,0.048264746403469304,0.038456538482826756,0.020215004891633494,0.7967831874915327,0.9158325766945578,0.04401197390973546,-0.9153297919631004,0.1410894040001983,0.19334731686746987,0.12274914422273425
site_0430e77fe9702577,394,0.07269876506853638,-0.02003082670608753,0.0698847367023797,0.06308981520330414,0.04663148729433203,0.061913368014516995,0.7391286080655669,0.3945576839293642,2.0823335143411565,-7.892145722198487,0.4573463844011974,1.568247964260504,0.8567512692688912
site_0472cafe265e9bf9,112,0.13792725772431674,0.12350793786506567,0.06139802690371384,0.05345248029673131,0.09147932020345335,0.06139802690371384,1.7114139455386028,0.7623953138421413,2.1306799834152104,13.832889040887355,0.41753129415699675,0.3200027767857143,0.9372681947872263
site_047754da87a40137,94,0.07946711384530325,-0.0760007163555064,0.023214506162144606,0.02643204199540929,0.012844561171772371,0.023214506162144606,0.48594660881679935,0.4782248403978896,0.5936120851928245,-7.144067337417602,0.01526194807134093,0.06567336734042555,0.015508378659367827
site_04a0ab31c36d8277,117,0.0766329753729637,0.034507175348151446,0.06842417528918554,0.0971675470643278,0.06341110109570824,0.06842417528918585,0.6525954705198869,0.7125400098720246,0.6870957109980513,4.037339515733719,0.5136669825688003,1.1046592676923077,0.47045322583390536
site_04a334aa2f23d43d,112,0.07406319480669601,-0.002455870446349892,0.07402246635532586,0.09028436569669096,0.05805959828089124,0.07402246635532718,0.643074776378688,0.5764024576471156,0.6143599643971556,-0.2750574899911879,0.3384000545221381,0.9129418691964286,0.37754269868430845
site_05aa898de0a23cc1,66,0.04237444763113628,-0.010052708893111259,0.041164752591923495,0.04924598588518144,0.06491772170050773,0.0411647525919235,1.3182337714157135,0.7733872361466586,0.1185091915948981,-0.6634787869453431,0.16318304840091502,0.16006103030303032,0.27814449899178173
site_05ff70d4d3251126,56,0.09508053582359625,-0.018672843251909526,0.09322892907993627,0.1301280165895516,0.06746727709056617,0.09322892907993664,0.5184684963221313,0.7286104861458991,0.5062572643801215,-1.0456792221069335,0.3582180269403117,0.9482648392857145,0.2549026747688532
site_0616304fbe5abc7f,91,0.06642708617020499,-0.027233888830457416,0.06058773040999412,0.11940051015747982,0.09511860552356317,0.06058773040999431,0.7966348334534691,0.8643477501602099,0.40154275771280923,-2.478283883571625,0.8933086829202681,1.2973398461538461,0.8233269696239973
site_062fed1c5ac99ce7,88,0.08093539976493556,0.01711177077347582,0.07910579141950322,0.09858150901895621,0.04387069135665385,0.07910579141950495,0.4450194746787449,0.6225925750866989,0.5764474262896739,1.5058358280658721,0.2369499107562006,0.8552116249999999,0.16936810528974888
site_06fbc9bb474fb230,264,0.07454474577389905,0.061292202581058844,0.04242858735873352,0.042388523924692556,0.041257765583638376,0.042428587358734685,0.9733239510046849,0.48569046465062854,1.4670266483387433,16.181141481399536,0.2242422806198398,0.4743517575757576,0.4493816503319762
site_0749a2df9169c11c,244,0.11941996020648951,-0.07280192149467155,0.09466259621626281,0.12497917536826818,0.05085552606827679,0.09466259621626316,0.4069119988864069,0.7272847502108054,3.4797149625555672,-17.763668844699858,1.127898745571248,3.811229803278689,0.631053425730208
site_079486718438a070,226,0.08389456552219753,0.031613128937714924,0.07771041244856255,0.10253387561981735,0.062271948289695324,0.07771041244856294,0.6073304838353311,0.6540410068503711,1.5906553760597746,7.1445671399235735,0.9437853779252452,2.375982216814159,0.8763817928975544
site_088275f9ba9853b1,86,0.12458190056156301,0.09992119506625244,0.07440702066379967,0.08186361730849549,0.061429472249369205,0.07440702066379966,0.7503879533917723,0.49105045562974337,1.3347758954876812,8.59322277569771,0.21236956855100253,0.576342058139535,0.3245278852318978
site_08cce474c4f1c65e,101,0.06419343212548936,-0.034240386954923666,0.05429910339247696,0.13094279995895935,0.09273774386151588,0.054299103392477,0.7082309519162729,0.9387002942743308,0.41620046953303075,-3.4582790824472904,1.1512946251036582,1.7317477029702968,0.8686292027889368
site_08db8db92cc27df6,416,0.045855995580957404,-0.015044055077820443,0.043317995539224684,0.06347767054392484,0.04406871162346601,0.043317995539224746,0.6942395845003742,0.7319381881043525,0.8747532895798465,-6.258326912373304,0.851763590974187,1.676236497596154,0.8078933591673187
site_0902e4bb7164303d,146,0.0598255407973692,-0.0336894015793931,0.04943803751080814,0.06793365152536904,0.038965094542566074,0.04943803751080837,0.5735757414425898,0.6968422163285332,0.5225479184278623,-4.918652630591392,0.26930722360337433,0.6737872273972603,0.2216686745358224
site_097bbf563f897742,21,0.03745861663072271,0.002936991393566132,0.03734329981993523,0.06067051643612284,0.03898211302209208,0.037343299819937066,0.6425215295988872,0.8046279432902481,0.02946610715763658,0.06167681926488877,0.03996294391793864,0.07729914285714289,0.03191170784901037
site_0983900925777e9a,101,0.045912649986385855,0.014447360473694187,0.04358033047276621,0.06572609390238202,0.04989211989419221,0.043580330472766375,0.7590915104173572,0.7486394007499115,0.21290511430601008,1.459183407843113,0.24794984107582588,0.43631186138613853,0.2514115863811815
site_098c5f4a8213f315,52,0.08448523598366418,0.06775575080857828,0.05046695286602182,0.04125759330326376,0.03864001017855634,0.05046695286602182,0.936555118339868,0.2033397852741135,0.3711632651592021,3.5232990420460704,0.016856477565074766,0.08851382826923078,0.07763862010314476
site_09d142dad852325f,523,0.051764209857026004,0.0027337499615339195,0.05169197261925725,0.06482218046550325,0.04852817439980769,0.05169197261925727,0.7486353290079956,0.6174835792670221,1.4013959797699254,1.42975122988224,1.015885335115114,2.197601586998088,1.2316564806323727
site_0a639c884418ac75,179,0.0422575170395837,0.03921084484524567,0.015754599102255115,0.02607977763824632,0.018685941459023074,0.01575459910225522,0.7164915943002484,0.8014276912650496,0.3196398965967765,7.018741227298975,0.06990950762128781,0.12174770949720672,0.06250042906959669
site_0ad0f907a285c78b,99,0.04206699917274032,-0.0257666339582265,0.03325226298858625,0.04790816343017889,0.059173477485323464,0.03325226298858625,1.2351439347401114,0.8273645917470034,0.17519360952053414,-2.5508967618644234,0.23220348857128711,0.22722402020202023,0.34664854333290224
site_0b0ed8efdae8e576,91,0.06992710661636778,0.014538808402779336,0.06839900065033216,0.09835363969989684,0.058105788645426926,0.06839900065033218,0.5907843250409763,0.7324078007436287,0.4449718218160549,1.3230315646529196,0.38089405109938024,0.8802828982417583,0.3072417233437393
site_0b38093eb399bd08,170,0.07113894291596971,0.005522357056842133,0.07092427491161502,0.07589725955043725,0.053929544150790085,0.0709242749116161,0.7105598340471228,0.4444715337942385,0.8603273638642716,0.9388006996631626,0.30927564226639614,0.9792669812352942,0.4944272744930429
site_0b499005763b91ab,135,0.04433484940855666,0.026243012143770852,0.035733502287087555,0.04105325728377326,0.05383063670050419,0.035733502287087916,1.3112391138274264,0.7480405941926423,0.2653531477307186,3.542806639409065,0.22317013319544218,0.22752494103703705,0.3911945554235252
site_0b5d986a46425a8d,144,0.05480514075107285,0.03901104938363035,0.038493395261172535,0.04989857769070733,0.034453047138534865,0.03849339526117348,0.690461506780605,0.6384343297628066,0.4325188971952665,5.6175911112427706,0.1580500104445964,0.358541,0.17092979382673518
site_0b72a3f0c80e88c1,80,0.08085449483514494,-0.01605547986626625,0.07924437457201866,0.08590768787447081,0.04153191558713862,0.07924437457201867,0.4834481827496682,0.3959403797912912,0.5229959468037184,-1.2844383893013,0.11301439787857234,0.5904104668749999,0.13799200098697662
site_0bcb08d77ff25c9a,123,0.07345656579958422,0.034962499884085924,0.06460255924438241,0.101546749476787,0.06182183316701378,0.06460255924438262,0.6088016946435679,0.7932859345739003,0.6636916482654436,4.300387485742569,0.6125517295572088,1.2683443065040652,0.47009850390400043
site_0bf83088dda14a95,57,0.06533297078560794,-0.05952998329463758,0.0269179895351282,0.03429183320502716,0.032501433326058544,0.0269179895351282,0.9477893214905131,0.6763791848021629,0.24329863308536676,-3.393209047794342,0.042969302717596296,0.067028,0.06021156059014905
site_0c4d512642175d8c,82,0.12709562261002272,0.1014979175896179,0.07649490186672865,0.0907497162824984,0.07796499494455005,0.07649490186672926,0.8591210875177804,0.598036834454679,1.3245703775036044,8.322829242348668,0.3469658386487423,0.6753119024390243,0.4984403158097045
site_0cc518f8eb987b6e,366,0.08009927143182004,-0.045509804438209275,0.06591472509162373,0.060518452887148,0.04577015128580228,0.0627469132394187,0.756300749643292,0.3285658881983154,2.348216941910468,-16.656588424384594,0.33309930245324015,1.3404688291865465,0.7667358700334335
site_0cc8f0bf6d22e691,356,0.1199253020868192,0.09593583380857881,0.07196105802493172,0.0649383079578163,0.07802520326869344,0.07196105802493183,1.2015281229590757,0.5058910302737686,5.120019796698884,34.153156835854055,0.9125209717989973,1.501246247191011,2.167303914863051
site_0ce5386aeb45589f,400,0.05834726504715355,0.051565210334956646,0.027302608329507035,0.0460423107043945,0.03922325876240854,0.027302608329507243,0.8518959661741063,0.8064894102829823,1.3617613353931146,20.62608413398266,0.5825851962696761,0.8479577500000001,0.6153856111771435
site_0d5442a09f1a2d6e,357,0.12977450940035223,0.058868682809069706,0.11565423241035,0.12121564115778115,0.058343650154363436,0.11565423241035015,0.4813211364234755,0.3337954545357082,6.012388114566454,21.016119762837885,0.842754138485599,5.2454837030812325,1.2152214002605066
site_0d5e4db658745469,47,0.03938413666985774,0.014807708626351456,0.0364944103455188,0.057639846275628945,0.03377120817118935,0.03649441034552064,0.5859003858146714,0.8042374075507138,0.07290218039781154,0.6959623054385184,0.07357860324848839,0.15615053829787237,0.053603241563064896
site_0d7b03db25fcc113,73,0.07958324188433395,0.06431866637321368,0.04686791594248285,0.04879072462602647,0.07141565275601282,0.04686791594248291,1.4637137141004362,0.7582505162999403,0.4623449443838897,4.695262645244599,0.19287069840076038,0.17377904109589043,0.37231426847542026
site_0da833e2b1888903,55,0.09243576391564853,-0.06871004385688088,0.06183284179022517,0.0796117640295756,0.030585246184155018,0.061832841790225204,0.38417998341039983,0.7084737771446729,0.46994037478682316,-3.779052412128449,0.09488022313525732,0.34859181345454543,0.051450150627995295
site_0dbafc8a640ef8c3,279,0.09783044322099403,0.015243836429384023,0.09663550626829831,0.1067653435399822,0.06395383733433901,0.09663550626830124,0.5990130805919166,0.45038537681363944,2.670251978207702,4.253030363798143,0.857996259287694,3.1802759641577065,1.1411360334305996
site_0dc29dbfcf3d5b45,16,0.06473012766679333,-0.043965364519506694,0.04750827454692778,0.09213167801440501,0.04858902105304895,0.04750827454692784,0.5273866936999883,0.9596709400409117,0.06703983084414981,-0.7034458323121071,0.06873682328173891,0.1358119375,0.03777428747029815
site_0e03bfb1bac21c69,145,0.062408255982832526,0.05487172530108484,0.029730189661370088,0.05988983783069082,0.0416123963695386,0.029730189661372863,0.6948156461397885,0.8896901917072635,0.564744610148719,7.956400168657302,0.32150125215331027,0.5200849379310346,0.2510807720842604
site_0e7b99291027b045,131,0.0709608799352857,0.02049906652210323,0.06793551908179123,0.09203751423507633,0.06526901426737222,0.06793551908179192,0.7091566391142017,0.6754991035014284,0.6596434890358942,2.685377714395523,0.531579234059644,1.109688427480916,0.5580657932699116
site_0e88bbb351409588,121,0.052133081498966026,0.002683723686155207,0.05206395887515858,0.048021335160093395,0.03636735914498041,0.05206395887515862,0.757316701498178,0.2628186046736652,0.3288608405759179,0.32473056602478007,0.05553764649302014,0.2790318842975207,0.16003276215277884
site_0e94595e2d8280b9,63,0.07017279430533586,0.0289027470919821,0.06394413398550251,0.07008050055705249,0.03723848872689794,0.06394413398550253,0.5313673337219118,0.4232548111264121,0.3102259268189956,1.8208730667948723,0.06958757388978487,0.30941042317460316,0.08736241768778819
site_0ea793c6917b8d1e,142,0.0687432890266499,-0.048586568628398455,0.04863111283036254,0.054577722511885814,0.03969142733724069,0.04863111283036296,0.727245944141344,0.505281977878939,0.6710408496406167,-6.8992927452325805,0.15542979651079838,0.4229793468309859,0.22370813537757894
site_0ed7401c57e72edd,149,0.05444193696476327,-0.04538961956517009,0.030061718783269648,0.05783183408977834,0.063087272030348,0.03006171878326969,1.09087448155995,0.8799371415111122,0.4416247505708134,-6.763053315210343,0.4783509402709719,0.4983336340939597,0.5930205799424382
site_0ed89141fd172a0b,19,0.0460663938779526,0.04476465584227913,0.010873740489866987,0.03126168080862911,0.03738567727572776,0.010873740489867693,1.1958946642884363,0.9654606837255582,0.04032014025345469,0.8505284610033035,0.021439061540992635,0.01856856105263158,0.02655608844193247
site_0f170214c09c03f1,20,0.11398770957114465,-0.05607413997858764,0.09924156769689492,0.130831361970286,0.036884657927165214,0.09924156769689493,0.28192520028601653,0.8940141419222916,0.25986395866551243,-1.1214827995717527,0.08628434506466613,0.3423369055,0.027209559808079833
site_0f333b36a4874c91,102,0.1017857346281211,-0.0509188993082327,0.08813399722595333,0.13807256587995165,0.0609369838612251,0.08813399722595334,0.44134027257961783,0.8919798722689686,1.0567542489262016,-5.193727729439735,0.7654971471713747,1.944531411764706,0.3787582322145272
site_0f556398a37eba54,17,0.21117155022474338,-0.20536588851564072,0.04917596423561757,0.050312791854770424,0.03103344891675013,0.04917596423561851,0.6168103134950099,0.3446236317928876,0.7580882016134622,-3.491220104765892,0.00914750039779088,0.04303340941176471,0.016372274178365176
site_0f5c2c2840148780,191,0.06342560727568243,0.016607414885965316,0.06121275544438852,0.06924151015778757,0.036244156317744594,0.05912475001994381,0.5234454915144312,0.5204593179267686,0.7683562627332181,3.1720162432193755,0.24947365022914728,0.9157278652258206,0.2509050236323551
site_0fabc5d0b4df5f64,317,0.07566514283068769,0.06317244422037142,0.04164680216790276,0.04014546811777349,0.033712550942110835,0.041646802167903625,0.839759816555368,0.374513806825434,1.814892787149513,20.02566481785774,0.1606775634412228,0.5108957794952681,0.36028194085474063
site_0ff1990da553fc4d,975,0.05512763748243894,0.025416693403048397,0.04891879097903631,0.056202421944953874,0.04103281131066465,0.04891879097903697,0.7300897344042088,0.5310501836909809,2.963080004035327,24.781276067972186,1.1940609162712097,3.079744426666667,1.6415993139551937
site_1053b206858b1513,880,0.08917550795791743,-0.0675037330776453,0.05827106692119693,0.06806196826388455,0.04610112953107633,0.058271066921196955,0.6773405281542348,0.5357734021315091,6.997998673206284,-59.403285108327864,1.4793805082586173,4.076539741079545,1.8702764467561492
site_1055453212517d95,143,0.07548277308358964,-0.03548344524673649,0.06662262487931961,0.09560491294354456,0.04602379677357248,0.06662262487932188,0.4813957291164513,0.7749725486522906,0.8147638116315817,-5.074132670283317,0.4876239298349702,1.307062811188811,0.3029011513320794
site_108f541d7e13b076,361,0.055302192505270666,-0.018659449655758702,0.0520591724332439,0.08593626697125445,0.0483881382968773,0.05205917243324392,0.5630700518218118,0.8436504428040753,1.1040580310162955,-6.736061325728892,1.2664415136216585,2.6660001551246535,0.8452497059494181
site_10a7b62e4edfa545,50,0.08296177943166441,-0.05174301519227027,0.0648484172920251,0.0911019013852071,0.04785860574849551,0.06484841729202515,0.5253304818099731,0.7321870112964023,0.34413284232340674,-2.5871507596135137,0.15961713387273252,0.4149778218,0.11452230720949635
site_10d7d76e5b99709b,40,0.05556112835194379,0.02940162972509861,0.047144280175323176,0.0606743561976557,0.04015690099664288,0.04714428017532321,0.661843050560369,0.630284929823411,0.12348155934964689,1.1760651890039444,0.0614274208880961,0.14725510000000003,0.06450306790616711
site_10dfc2a732e16d10,6,0.030371783209928567,-0.016202476807435355,0.025689004664552855,0.06679038520292839,0.07184917514007358,0.025689004664555853,1.075741290034114,,0.0055346712921053925,-0.09721486084461213,0.02689000368962685,0.026765733333333333,0.030973823809853807
site_10ec1b51ff0dc0c8,84,0.09662506851507788,-0.08500060240427652,0.045948900492325084,0.044927618785166164,0.02945853381331856,0.04594890049232601,0.6556887413549044,0.29278188404090577,0.7842579247056536,-7.140050601959228,0.03254977688264278,0.1695532380952381,0.07289563801215637
site_11d0ddb199b9f010,2,0.052472513178455,-0.05233648735284806,0.0037758086323738116,0.0020000000000000018,0.0017758086323738098,0.0037758086323738116,0.8879043161869041,,0.005506729278526266,-0.10467297470569611,-7.103234529495245e-06,8.000000000000015e-06,6.306992597626682e-06
site_125ba37c83dbcda5,409,0.043482628134113285,-0.029100350753835477,0.0323095734334783,0.03803221699319482,0.0395612227575662,0.02828244267449331,1.0402029091452902,0.7349600656456586,0.7733122303248784,-11.90204345831871,0.4522810572743945,0.5915978575317398,0.6401219515441734
site_12aaba88bfb65c8b,227,0.10285689486254297,-0.08469453585410432,0.05836417066336208,0.07802533013998211,0.046785615159406276,0.058364170663362205,0.5996208548617492,0.66710297029841,2.4015557663134777,-19.22565963888168,0.552798289620535,1.3819651365638765,0.4968788893866031
site_12f6f97179080a87,406,0.07159408291222184,0.043517505587615406,0.05685014877266337,0.06934672900402701,0.06197038192420945,0.05685014877266346,0.8936309298829479,0.6303000748309971,2.0810393594650907,17.668107268571855,1.0997236017150245,1.9524413423645322,1.5591732637479483
site_12f79a44d2a41795,112,0.19600037684601648,-0.15967187620731335,0.11367075117292427,0.08819210550072622,0.03979390019165622,0.07280884849562945,0.451218393820165,0.5784676550603516,4.302608545063412,-17.883250135219097,0.22737531856789112,0.871118916936937,0.17735810315591166
site_13345716e1eac548,38,0.06652626845372032,-0.05631297541527372,0.03542023707226196,0.04952444204744566,0.016832426555543605,0.035420237072261995,0.339881195217055,0.8885426872716687,0.1681782869863056,-2.1398930657804014,0.028146747242463268,0.09320147368421054,0.010766562182415243
site_13471aa5ce158e45,113,0.038788631884784694,-0.01573971421834642,0.03545164819607291,0.07406047423873999,0.07240748153730871,0.03545164819607364,0.9776805007202259,0.8830695204735716,0.17001504987474694,-1.7785877066731455,0.5351102494981899,0.6197997844247788,0.5924413022310542
site_136f0d570907389a,58,0.044986855616991485,-0.01824963392111762,0.04111894988991367,0.04404887635035534,0.018434641420541943,0.04111894988991367,0.4185042377452888,0.36290218738964025,0.11738139634163423,-1.058478767424822,0.01709177268752507,0.11253760344827587,0.019710488249629718
site_139d8263042fc17e,25,0.05652877244764883,-0.04341201884865761,0.03620633554948441,0.03391627338019317,0.027478585909259074,0.036206335549484464,0.810188831810347,0.3189409336717217,0.07988755286095155,-1.0853004712164402,0.0074310943706333635,0.028757839999999996,0.018876817089313283
site_13a4a69bc620b9a3,67,0.0955751549402619,-0.07861725435150203,0.05435013854707552,0.06772633727709822,0.03733844227779668,0.05435013854707598,0.5513134738857751,0.5985216977360719,0.6120188862042897,-5.267356041550636,0.1014071288326783,0.30731940298507465,0.09340867120606777
site_14144d0d858434fd,21,0.026142455859201927,-0.018924985657135646,0.018035324123162614,0.04125019068189282,0.03617236181418771,0.018035324123162864,0.8769016873918579,0.8996430555061021,0.014351987965356744,-0.39742469879984854,0.028189823279955555,0.03573314285714286,0.027477234943546605
site_14672231a55d516b,109,0.08939167100368148,-0.04937641325915625,0.07451738494131048,0.11655873747981593,0.06702609655341052,0.07451738494131048,0.575041374011255,0.8016404998701174,0.8710049220865165,-5.382029045248031,0.6826449952753447,1.4808673818348626,0.48968224049139497
site_14af94b228986e6c,11,0.045769112368296366,0.03149857183098793,0.03320619851157059,0.09379196955880077,0.09495739742383846,0.033206198511570605,1.0124256678958752,0.9381729420496548,0.02304292811679913,0.34648429014086723,0.09191154092800889,0.0967662690909091,0.09918598058059684
site_14d94a059a5aad1d,372,0.13651713863897094,0.1291070447411909,0.04436552873986908,0.04719982917498008,0.062327274915553905,0.04436552873986934,1.3204978917295036,0.704358078643037,6.932937640887989,48.02782064372301,0.7708236053851383,0.8287504811827957,1.4451043818044411
site_153d5fe2ea0a30b2,107,0.10616687609255425,-0.035664330072603494,0.0999973056623235,0.09541664076087732,0.06662075065835017,0.09999730566232351,0.6982089300891211,0.2786967196719636,1.206040396979939,-3.816083317768574,0.18956112577668,0.9741638807476636,0.47490071275618095
site_1540ed4ad947cd80,639,0.05177928950506365,0.04244541704971839,0.029656051543060658,0.04208249465567663,0.04194058388342173,0.029656051543061134,0.996627795632934,0.7508558087949314,1.7132195910338353,27.12262149477005,0.8468243789669586,1.1316283317683882,1.1240090363722115
site_15a7df29fffec944,41,0.05629254869080943,0.03930756005862864,0.04029598938287101,0.05262709326825448,0.026687596369993048,0.040295989382871024,0.5071075507430968,0.6614753971101064,0.12992289256239317,1.6116099624037743,0.03809047570333975,0.1135540487804878,0.029201339800314308
site_15fd0f8efa3618ec,756,0.10061031899841179,0.08923807138433218,0.04646507187734695,0.03447419682666433,0.052448307082665145,0.046465071877347525,1.5213786515861216,0.49230662036775436,7.652561834455408,67.46398196655512,0.6729504735671161,0.8984835066137566,2.0796236363731824
site_162f5acccb1ccdb2,7,0.04388121514385535,0.02607282972676413,0.03529544719281064,0.08241799387443081,0.05025441912350317,0.035295447192811226,0.6097505746144349,,0.013478927297509241,0.1825098080873489,0.028253623171150686,0.047549080000000014,0.017678546490085045
site_164f38fa74238777,27,0.07268830050166847,-0.039289965991620664,0.06115462044848408,0.07479114036863327,0.03644999445300277,0.061154620448484076,0.4873571157405372,0.5836884899429198,0.14265690380516313,-1.060829081773758,0.042962793809396244,0.15103029629629633,0.035872256581846174
site_165766e1d399cf97,157,0.06111432403135568,-0.05677014183869028,0.02262988284159963,0.058285950012353316,0.05760611155172154,0.02262988284159963,0.9883361520145474,0.923807881802743,0.5863888144840975,-8.912912268674374,0.4869829500729016,0.5333685591082803,0.5209988618331736
site_165c41e6efa0bc8e,45,0.08621313663424071,-0.05314336892684301,0.0678858399625409,0.07344546827324706,0.042868483540534366,0.06788583996254176,0.5836777210139928,0.41662059445880034,0.33447172177414164,-2.3914516017079355,0.05902776952923999,0.2427406564444444,0.08269680964792797
site_16e59e7364e5ed25,142,0.05033441598034608,0.011111726346989753,0.04909259587424699,0.06632083633875623,0.04783279464413158,0.04909259587424781,0.7212332848127746,0.6740112618708963,0.3597645873557177,1.577865141272545,0.3036206090591953,0.6245803732394366,0.32489262657240814
site_17476f5e1149b6dd,119,0.04289364639245612,-0.03457743396759033,0.02538239470692223,0.03744841300707971,0.02480895226611101,0.025382394706922384,0.6624834078127909,0.739246046407071,0.21894392320008657,-4.11471464214325,0.08172930639986292,0.16688365277310924,0.0732426093925188
site_179c7b165166f05c,71,0.11399879701189095,0.0089731029500424,0.11364510171409173,0.15497239334112836,0.0496672751711682,0.11364510171409217,0.32049111522617835,0.8813805491835647,0.9226965261312403,0.6370903094530105,0.4816665480905855,1.705167431549296,0.17514551382792642
site_181ff8c89ef12a6c,94,0.05723070801141285,0.01284800189987142,0.05576990932992894,0.04288316742016048,0.05198993604574356,0.055769909329930006,1.2123623130809538,0.3210677555040511,0.3078832703118339,1.2077121785879135,0.06728692543379802,0.1728628085106383,0.25407762430380754
site_182cb9b0a7d4c94d,1,0.05599019310474396,0.05599019310474396,0.0,0.0,0.0,0.0,,,0.003134901723906518,0.05599019310474396,0.0,0.0,0.0
site_183b638a356ad6ca,93,0.0997560640097204,0.08693316119204286,0.048927474815994,0.06885529523773322,0.04726057355758679,0.04892747481599401,0.6863752946583495,0.7038287618407005,0.9254683245241633,8.084783990859986,0.21300328020799544,0.44091780645161294,0.2077212486082627
site_18793582c71deee9,486,0.06030304779710894,0.006271010256058885,0.059976095271272956,0.07015747129618724,0.0591333276581428,0.059976095271272956,0.8428657214353796,0.5811161860464102,1.7673183807795172,3.0477109844446177,1.1716704791506685,2.392126398436214,1.6994207138036843
site_18be3f84accd05c4,1182,0.029706125706591844,-0.009887719920544859,0.028012263372828285,0.05485124564095864,0.048735858464992475,0.028012263372828312,0.888509602571365,0.8602269495702993,1.043060515114079,-11.687284946084024,2.7181012843047756,3.5562351133671743,2.8074673701779784
site_18bedc0a241bdc83,127,0.025050208917800843,-0.017254669427683975,0.018160103242184967,0.02294682958567427,0.022801661788239974,0.01816010324218511,0.9936737318376685,0.6848700443953565,0.07969414678683456,-2.191343017315865,0.04550939707934974,0.06687273748031496,0.06602930409877093
site_1929ba01621eda50,217,0.09108828882333654,-0.055649432873121595,0.07211252999072705,0.08892729570559497,0.05431453161335038,0.07211252999072706,0.6107745791929339,0.585700130205034,1.800465570285696,-12.075926933467386,0.6138838083383537,1.7160498709677419,0.6401648307299472
site_194102884b72b2f0,88,0.03801033894714632,-0.0017583543732762356,0.03796964651896207,0.04704843534693839,0.029303000136990803,0.03796964651896209,0.6228262411046929,0.5913447352031289,0.12714115628517145,-0.15473518484830873,0.07174318926933815,0.19479286363636364,0.0755625918985065
site_19bcb346c9572bcb,74,0.11205600655628123,-0.012959140174775513,0.11130412971346508,0.08038934647717337,0.054491204080522965,0.11130412971346529,0.6778411128892035,-0.33750287065375695,0.9291845967952592,-0.958976372933388,-0.10940422485768794,0.47822108,0.21972755783874498
site_19cb1bd872c4d23c,70,0.11410153881452888,-0.004963274563040053,0.11399353957771168,0.053252233851774536,0.09237218805061774,0.11399353957771169,1.7346162098613935,-0.16528737007438749,0.9113412811890408,-0.34742921941280375,-0.05691369354973942,0.19850602871428571,0.5972834787681081
site_19feb3f9e9d0726a,57,0.031204929467529268,4.073558041923906e-05,0.031204902878970226,0.03404281843835552,0.019552150985852293,0.031204902878970323,0.5743399601668463,0.4262660219285139,0.055503614515188156,0.0023219280838966266,0.016172442753861347,0.06605806877192981,0.021790336665893195
site_1a0cd59d1873112a,14,0.09810389743370972,-0.04134109076006072,0.08896790941936455,0.13098356338698003,0.09523377629411198,0.08896790941936475,0.7270666168452885,0.7339582316239895,0.13474124568357368,-0.5787752706408501,0.12817613982834986,0.24019371428571426,0.1269726100613175
site_1a52df5386240d07,520,0.051279762250394684,0.037268464791774744,0.03522322456166172,0.06093857365918064,0.05013032131444584,0.03522322456166172,0.8226369326400128,0.816054835801836,1.367399288557642,19.37960169172287,1.2963296648077667,1.9310250750000002,1.3067855398465833
site_1a9dbac658ebe085,81,0.10160592948350905,-0.029907844782611465,0.09710450930140697,0.09384853557693087,0.041952933344488096,0.09710450930140697,0.447028108500402,0.1445575973643803,0.8362249574028329,-2.4225354273915287,0.04610157603871674,0.7134113580246914,0.14256393791277194
site_1ae2faafa57e844c,288,0.04651350119608055,0.015375001227690113,0.04389891947151222,0.05689688689912418,0.03801505026758056,0.04389891947151242,0.6681393717547265,0.6369310250912106,0.6230896685331226,4.4280003535747525,0.39676099030445855,0.9323296527777778,0.4162014854918429
site_1b2f4be319c8a70d,152,0.05321847067361567,-0.038757303423395284,0.03647022144415034,0.060973029719586645,0.05038270216928077,0.03647022144415122,0.8263112789538176,0.8017696018369227,0.4304952543674506,-5.891110120356084,0.3743797983947749,0.5650919736842106,0.38583933503752427
site_1ba2419bf83859ca,145,0.07679870044628147,0.0279405671312069,0.07153576097745934,0.07518436354245599,0.04656431520055342,0.07153576097745966,0.6193350985043444,0.3861224805397373,0.8552158565844628,4.0513822340250005,0.1960080182748416,0.8196398355862069,0.31439414026399115
site_1c7e765219227837,159,0.0761052779334691,-0.02447812965381071,0.07206132456444173,0.10815436669192725,0.05768057804524488,0.07206132456444173,0.5333171448319359,0.7879882302686123,0.9209301193635621,-3.892022614955903,0.781610738804599,1.8598813584905662,0.5290008042977401
site_1ce5634596e14607,319,0.03245747735410775,0.006168833318548891,0.03186586467805916,0.049508104260382296,0.05057176472750761,0.031865864678059706,1.0214845727384572,0.7974403851643164,0.3360626197453811,1.967857828617096,0.636903029727221,0.781885711598746,0.815843580661748
site_1cedce47f64df34a,254,0.1173861083695746,0.09559839673469386,0.0681208116504023,0.07596983462422138,0.06695921658518172,0.06812081165040253,0.8813921593536441,0.5518615344525588,3.499992603290992,24.28199277061224,0.7130424497851471,1.4659396062992127,1.138818318168124
site_1d1f4a4194ae00c3,182,0.052773197431798195,0.0017219958904680307,0.0527450954812745,0.08642897312384384,0.05635980913822635,0.05274509548127482,0.6520939344896362,0.8072424504997082,0.5068718868259504,0.3134032520651816,0.7156558849449669,1.3595340659340662,0.578109911669709
site_1d6a4da433bfddd7,6,0.0790310314988855,0.012639440556367246,0.07801377110613159,0.08422522715249207,0.03447009039901908,0.07801377110613163,0.40926087782001513,,0.037475423638666995,0.07583664333820347,0.006587782616416613,0.04256333333333333,0.007129122792699283
site_1d92331b9f8c002c,75,0.07999478534495436,-0.007391581460952761,0.07965255931789902,0.10982142218873127,0.05381574294914902,0.07965255931789905,0.4900295577730283,0.7286101361430755,0.4799374261788993,-0.5543686095714571,0.3229630783062378,0.9045558578666667,0.2172100641876662
site_1dab76a1b26190f6,1016,0.03440610181550574,0.000835817451405478,0.03439594818182621,0.03612319055400619,0.03409844791699116,0.03439594818182633,0.9439489534018894,0.521418018588849,1.2027203196131708,0.8491905306279657,0.6525299597695345,1.3257630541338583,1.1813074167533228
site_1e0ab3dca10c0e53,65,0.06316444059442908,-0.01498266971294697,0.06136176467377631,0.06311185899307777,0.05964868648417096,0.061361764673778914,0.9451264379759966,0.5014964500287385,0.2593335261144655,-0.973873531341553,0.1227137073814869,0.2589019384615385,0.23126777695364975
site_1e115354ece8fb9b,39,0.06665665499648288,0.04518231681065681,0.04900681486223711,0.04699525064481482,0.02729322946107152,0.04900681486223819,0.5807656962477099,0.2151035456438216,0.17328127655748568,1.7621103556156157,0.010760218065518603,0.08613358974358976,0.02905189460217339
site_1e3671cb73e4a59d,71,0.10468774145783925,0.04496572078718267,0.09453891878815056,0.052473938478076076,0.05727209643427435,0.09453891878815297,1.091438876047068,-0.48314763875169847,0.7781261480195811,3.1925661758899695,-0.10309199702706137,0.19549950957746481,0.23288660512835424
site_1e4554eec29098a5,97,0.031977723153253916,0.024197484823846326,0.020905896447315497,0.03270554823780097,0.02914643065351841,0.020905896447315674,0.8911769477642041,0.7773987982729407,0.09918975347241672,2.3471560279130936,0.07188237375681548,0.10375632989690721,0.08240289872451469
site_1ead9d05e7924900,21,0.13451526493915578,-0.12924370475950697,0.03728835316407346,0.042266424171496904,0.04565927674088549,0.0372883531640739,1.0802729976782994,0.642742513872151,0.3799814865346766,-2.7141177999496464,0.02604838827209813,0.03751546285714285,0.043780160602516105
site_1ebbce006aed7c73,31,0.0673961841396118,-0.036042460921502886,0.05694898284695171,0.054305153131242526,0.03731481171069019,0.05694898284695213,0.6871320594660556,0.2709893072264596,0.14080961473399434,-1.1173162885665895,0.017023001825797458,0.0914205393548387,0.04316425036313212
site_1f03845600024bcb,415,0.09633419851971686,0.08192783296057977,0.050676503340498495,0.022812113734234734,0.05814223502790852,0.05067650334049851,2.5487438693878226,0.502434037499617,3.85131528884103,34.000050678640605,0.2765568375207663,0.21596290120481929,1.4029155900268293
site_1f2f25947066509c,400,0.13393061328695938,-0.10417242842093109,0.08417549722043254,0.09433676294928717,0.03497406458984223,0.08417549722043258,0.3707363226851797,0.4602580619181794,7.174963670168424,-41.66897136837244,0.6074191410754807,3.5597699375,0.48927407757378244
site_1f80e745021951bc,179,0.17124060378402578,-0.15405422697470175,0.07477057934471809,0.08837868265780333,0.052715459910081745,0.07477057934471892,0.5964725692302145,0.5365050925800412,5.248878644792869,-27.575706628471615,0.4474169195052132,1.3981316871508382,0.497426628722127
site_1f87127a283de97d,2,0.03789968920245971,0.03272340540885925,0.019119758892059344,0.07280000000000002,0.053680241107940674,0.019119758892059344,0.7373659492848993,,0.0028727728832860823,0.0654468108177185,0.007815843105316165,0.010599680000000004,0.0057631365708132876
site_1fa5a52b4f99f39b,10,0.0911563933648912,-0.039676992913484574,0.08206841222198755,0.15297964864647848,0.07930527522794885,0.08206841222198757,0.5184040879268579,0.9461217874393388,0.0830948805129478,-0.39676992913484577,0.11478437647171319,0.234027729,0.06289326678980717
site_1fe95dec232c15f6,833,0.04013728525660357,-0.025966899246871834,0.030605911377914793,0.021987651489445755,0.03969939784564881,0.030605911377914793,1.8055315213953083,0.6431330432447294,1.3419643892523823,-21.63042707264424,0.46763670215718134,0.4027195294117647,1.312843143692819
site_203c950b486649d5,44,0.06487667533382613,0.05547935366048054,0.03363070501470356,0.03830572879441239,0.04419563350883219,0.033630705014703575,1.1537604139065214,0.6762054507595435,0.18519525210431007,2.441091561061144,0.05037028831850568,0.06456246977272727,0.08594317693486846
site_20551d8a0ce0f349,48,0.1054605354751949,0.03890785650859277,0.0980209326859401,0.06525920270219664,0.058522394313609914,0.09802093268594035,0.8967684539553842,-0.2519515825405288,0.5338523780503125,1.867577112412453,-0.04618725770634288,0.2044206497916667,0.16439379053748682
site_20c84fb12b0c9692,116,0.05677385448087603,0.017505072528740454,0.054007804883916766,0.07747374126510456,0.052591814506380036,0.05400780488391692,0.6788340623233623,0.7180339456446592,0.3738993841034198,2.0305884133338927,0.3393717199177835,0.6962529479310344,0.3208442785565243
site_20e55f2eceb79ec1,659,0.0846203412601347,0.06743338416487386,0.05112084560190874,0.044946196275520954,0.025565203058549393,0.05112084560190889,0.568795697456449,0.02628208439291451,4.71883682013291,44.438600164651874,0.019901573306738155,1.3312858088012138,0.43070896129298486
site_2266e199c1b4f8b1,182,0.07318750600542794,-0.06536517279370802,0.03292119713715231,0.06535172949187187,0.07391056989634302,0.03292119713715327,1.1309657827117743,0.8953920221526155,0.9748668084236082,-11.896461448454858,0.78713322588243,0.7772944356593408,0.9942245663172016
site_228e3c936ac52751,419,0.07948747698009352,-0.039331466193557645,0.06907455945372312,0.08282325804289989,0.04781122856276368,0.0690745594537232,0.5772681453559693,0.5523284777721642,2.6473505196009164,-16.479884335100653,0.9164181305741923,2.8742109785202867,0.9577977886292676
site_237e685bbdd8644d,293,0.0703795066127923,-0.03618524310068059,0.060364750747474494,0.09238469387604381,0.054297956443955436,0.060364750747476624,0.5877375803919331,0.7813823407907997,1.4513095606606017,-10.602276228499413,1.1484569524501118,2.5007349771331056,0.8638425456789767
site_23d2f2404f4bbe4e,117,0.06977857654080864,-0.05009134061468972,0.04857887750334117,0.07626167795162501,0.05381934749257652,0.048578877503341236,0.7057194247249017,0.7738682801354552,0.5696788200551944,-5.860686851918698,0.3716188134188071,0.6804536923076921,0.3388930932496242
site_23e0c01fc0e0a37a,340,0.05240509273907015,-0.03125280469189672,0.04206609019008899,0.07566476276596505,0.06846070471087365,0.03963906436261742,0.9047897886447629,0.8533457047981845,0.9337398732967847,-10.625953595244885,1.502930728367232,1.9465531503061224,1.5935351504332085
site_24a155d00f2ce6ce,294,0.05849150666844625,0.017032152750054184,0.055956788015786914,0.07451103477539117,0.06455960130962636,0.05595678801578694,0.8664434939635078,0.6848360431328796,1.0058493675893982,5.00745290851593,0.9685351220285203,1.6322569251700683,1.2253749836498256
site_24bc1a63008e8e56,630,0.0580604086452568,0.042668341226473686,0.03937542011249426,0.034156578567099354,0.04787645171756061,0.03937542011249426,1.4016758623381749,0.5835038521487199,2.123736962794153,26.88105497267842,0.6011468755232614,0.7350032714285714,1.4440574163102644
site_24bea14e8249e50f,135,0.06457835222171732,-0.046588492577164256,0.04471997244028324,0.06072831051673292,0.03868239911385132,0.04471997244028324,0.6369747286678241,0.6777823561236568,0.5629990827157445,-6.289446497917175,0.21494563409432216,0.49787023925925916,0.20200428016244354
site_257ba699ad2936b5,31,0.0655365996042674,0.062323165404027506,0.020269902360699525,0.020917484185269484,0.028962759515574803,0.020269902360699844,1.3846196444585321,0.7143228359108372,0.13314642251839195,1.9320181275248527,0.013415461446128547,0.013563775483870968,0.02600408460146758
site_25bb1d03fe665fce,56,0.08678040390780932,-0.06015311290270516,0.06254951247225621,0.07371731159002765,0.02716792598251293,0.06254951247225621,0.3685420072506844,0.5641994030032469,0.4217269561345416,-3.3685743225514893,0.06327710815259655,0.3043175535714286,0.04133338732271287
site_25c3911a44e2e266,323,0.04853576951056019,0.001660435937137426,0.048507358972437235,0.06399540981400864,0.04933919045768627,0.048473417795561996,0.7709801468743136,0.6619351019490378,0.7608978578002585,0.5363208076953886,0.6750854974591927,1.3228182301559208,0.7862968959514083
site_25db0a3f364cf3fa,37,0.02301707213404307,-0.011207091081786798,0.02010439551710712,0.02349014060461417,0.025827470835144733,0.020104395517107125,1.0995026070670448,0.6713947807267729,0.019602067556078455,-0.41466237002611156,0.015071177370745589,0.020416108108108108,0.024681155240389316
site_26066c2f9061bb32,267,0.17800814035199977,0.16892115379786224,0.05614750066722677,0.05816210348991648,0.07134336290144788,0.05614750066722687,1.2266296887597372,0.6410639175246752,8.460401774431126,45.101948064029216,0.7102418781513076,0.9032156853932586,1.3589967398334133
site_26149aa81404cf67,120,0.06924130149262796,-0.06550248295029004,0.022445101018707093,0.050555396122306605,0.05147289122473576,0.02244510101870749,1.018148312006289,0.9033635963052096,0.5753229398871604,-7.860297954034805,0.28209144290260973,0.30670176925000003,0.3179350237240175
site_261c25e44abd6c6d,260,0.14365890534930584,-0.12830057192807012,0.06462851018777169,0.09202318572884982,0.06013307184319864,0.06462851018777184,0.6534556630150065,0.7144856938055845,5.365849082401811,-33.358148701298234,1.0279631325463177,2.2017493450384613,0.9401564456178152
site_261e3bb708a6a167,65,0.09773504323019536,-0.004478675901339608,0.0976323723842605,0.10080146218531866,0.042888050734044676,0.0976323723842605,0.4254705219969632,0.28546585510040795,0.62088901388853,-0.2911139335870745,0.0802177849552723,0.6604607606153847,0.11956001822478934
site_2689516b5f07761f,394,0.06128532456131317,0.03732065290590833,0.04861131425154242,0.07761763262977116,0.044329321614657115,0.048611314251543046,0.5711243710060552,0.8176338059126058,1.4798210565946852,14.704337244927881,1.1084255779908998,2.373651776649746,0.7742449693973885
site_26f018cca8362487,256,0.09398512919026693,-0.0635587399918586,0.06923504228032563,0.09751956935020786,0.047392313251351625,0.069235042280327,0.48597746654477625,0.7532552802218991,2.261300354281258,-16.2710374379158,0.8912136552967131,2.434577,0.5749840269604451
site_270decc0b97d0896,280,0.09808632668707085,0.06927237135980811,0.06944253774993843,0.08253754216928766,0.0806137712800397,0.06944253774993915,0.976692171360007,0.6379012971369311,2.69385969522958,19.396263980746273,1.1884263913460076,1.907484842857143,1.819602433597355
site_284ff462bff5925c,321,0.041662336837391345,0.02451358861640978,0.033687301522943046,0.05150318722251192,0.04560222027874572,0.033687301522943504,0.8854252083803679,0.7658211450807496,0.5571758497514742,7.86886194586754,0.5773676939771694,0.851477632398754,0.6675395606867502
site_28bd97dda8311cf0,96,0.14659486983106093,-0.11187950124839942,0.09472609493267993,0.1201631630903951,0.05793310450159928,0.0947260949326801,0.48212033548099903,0.6336631647057664,2.063045362635427,-10.740432119846345,0.4234750703945756,1.3861618333333334,0.32219948133054943
site_292d280e566004c1,45,0.13710202958082487,-0.10351026980373594,0.08990322886492548,0.1127679451871337,0.03456052833925579,0.08990322886492551,0.3064747547000527,0.7477509379936849,0.8458634931831621,-4.657962141168118,0.1311401029607488,0.5722474257777777,0.05374935535898262
site_29971fce7657be9c,156,0.045528106627349664,0.0004197790420208211,0.045526171359199535,0.06579308652922992,0.06571141066473077,0.04552617135919962,0.99875859503167,0.7602990183272815,0.32335812491912597,0.06548553055524808,0.5127788209412247,0.6752819166666667,0.6736063606816272
site_29fa7d91f9cd3f03,186,0.07974399093262245,0.034179848079783935,0.07204749874287837,0.09904484624120609,0.055547376546860774,0.0720474987428786,0.560830559639469,0.7001996313553728,1.182793360714364,6.357451742839812,0.7165231995762357,1.824637971451613,0.5739050536704053
site_2a096aef4be52591,150,0.0540939194159488,0.04276549561738968,0.03312498305476075,0.036816370754809,0.0465133449661115,0.033124983054760755,1.2633875640780228,0.7070770832221657,0.4389228176668744,6.414824342608452,0.18162539348353943,0.20331677333333334,0.32452368899047357
site_2a66162bd2a4e4b1,187,0.0823560852109774,-0.04200326035526347,0.07083961385274289,0.0943881143546723,0.05682931312011712,0.07083961385274289,0.6020812419938338,0.6637230175184078,1.268332132228943,-7.854609686434269,0.6657607725757886,1.66600471657754,0.603929745154707
site_2b657e21e1c1d622,416,0.15903290941881934,-0.1353428560172996,0.08350914682413489,0.10738545052849152,0.05839792966307665,0.08350914682413617,0.543816032578664,0.6353104586968793,10.52124997173719,-56.302628103196625,1.6573805187358879,4.7971601538461535,1.4186923665963975
site_2c61711a8eb15185,175,0.057153355055787815,-0.041296859576020924,0.03951044650837745,0.057723266627973176,0.03628957696786713,0.03951044650837795,0.6286819698156323,0.7370400306938087,0.5716385489732656,-7.226950425803661,0.27018543329920086,0.5830957142857143,0.23046334438868166
site_2d0695836558269a,137,0.02861099688090909,0.003730432327646409,0.028366759017699573,0.037942959508294405,0.018726242552529644,0.02836675901769958,0.49353668757536046,0.6936150614126999,0.11214671252515636,0.511069228887558,0.06751821136629603,0.1972345401459854,0.04804208593865557
site_2e03a5b4a3fc6fe0,33,0.03032880107865013,-0.01956787094672521,0.023171849332339376,0.03025205045073522,0.01806049858896667,0.02317184933233943,0.5970008088667504,0.644652236204933,0.03035459377065487,-0.6457397412419319,0.011623153810541739,0.030201156363636357,0.010763993106308212
site_2e6f197ad6e426eb,271,0.05636062533473803,0.04965594401768652,0.02666096982172809,0.020637397606801333,0.03479667151364785,0.026660969821728102,1.6860978393021866,0.6446781668195906,0.8608369438812556,13.456760828793048,0.12545988584588869,0.11541949077490775,0.32812906242418083
site_2eadbc791936fa20,822,0.06570187286445753,-0.031164892619652468,0.05784017259572167,0.07744559044861371,0.06364347203598408,0.05784017259572177,0.8217830307357843,0.6799505894023024,3.548357072471614,-25.61754173335433,2.7548612586457373,4.9302076125060825,3.3295040399575626
site_2eb90940ae2529bc,146,0.063639404237766,0.052797247956876896,0.035530611870862115,0.05015914810742728,0.04989426783807786,0.03553061187086311,0.994719203189374,0.7477968921410574,0.5912961706737172,7.708398201704027,0.2732356217091214,0.36732726027397256,0.36345794261228626
site_2ecbb3b2737ff9d4,59,0.06988583921700216,0.06496808287006314,0.025752256818641867,0.035437799735600774,0.029443231183077807,0.025752256818642363,0.8308425298057986,0.6994240573387855,0.288157800860816,3.8331168893337253,0.04305710204974827,0.07409442135593222,0.05114732788750975
site_301436b06877aab0,44,0.06651429684729038,-0.019384716681458733,0.06362691603613237,0.07381237381987941,0.06314669874310161,0.06362691603613241,0.8555028848847929,0.5779209084475925,0.19466267414393637,-0.8529275339841842,0.11852252822978931,0.23972372727272728,0.1754502447346893
site_3058377fafc959d8,52,0.07963725046720152,-0.07525669041688626,0.02604845886943662,0.044146887811060555,0.03725219657915731,0.026048458869436925,0.8438238441311857,0.8081607954443368,0.3297887664227411,-3.9133479016780854,0.06911194274144677,0.10134528057692309,0.07216175979855333
site_313b58fce7205197,400,0.10904834056145943,-0.0628594516825676,0.0891079677322684,0.10657849208446872,0.04676360739534213,0.0767689865284937,0.4387715239795255,0.7676906805227222,4.756616231683215,-25.143780673027038,1.530466531802562,4.543589989999664,0.874733990650279
site_31563788a284dc59,162,0.0704161515786948,0.04404787649085491,0.05493831977590972,0.039447574210730765,0.0466879948473341,0.054938319775909725,1.1835453961737845,0.1948335853724109,0.8032663733109029,7.135755991518495,0.0581305405282312,0.25209,0.35312255578408075
site_319d460a95d287a7,55,0.10452811684122104,0.08794190805825321,0.056500867404365565,0.06179279157724702,0.0959426418354093,0.05650086740436623,1.552651035606178,0.8291208581482333,0.6009369965704577,4.836804943203926,0.2703522688850761,0.21000919999999995,0.5062744787296697
site_323cc8255b0caa4e,56,0.07298676859292876,0.037791722627622745,0.06244080469111971,0.1129061094043025,0.09863117848051743,0.06244080469111988,0.8735681266576254,0.8340939450071083,0.29831582981971294,2.1163364671468736,0.5201572549263282,0.7138762142857142,0.5447741246335184
site_32983262837b2abc,52,0.08993094799615894,-0.08171079726631825,0.03756222860255341,0.06613636844255384,0.0556620187902723,0.037562228602553496,0.841624965220466,0.8232669506529442,0.42055392118936785,-4.248961457848549,0.15759532227367162,0.227449,0.1611095374620486
site_32a7eff6ca5c3a9e,91,0.1620900299308418,0.14524848517611788,0.07194480771413776,0.06137889241232721,0.06489108014448088,0.0719448077141385,1.0572214257070607,0.351770741093165,2.3908591800712884,13.217612151026726,0.12749852383709875,0.34283052747252757,0.38318755769088697
site_32aa1fd33af84607,47,0.08451260289102629,-0.054515975395922955,0.06457854499791264,0.06902556982214028,0.04707572436367962,0.06457854499791331,0.6820041396975163,0.43242441978488283,0.33569186222856634,-2.562250843608379,0.06604121903033651,0.22393287659574465,0.10415781974516153
site_32d33ae0920bdcec,147,0.04980376566239046,0.041607952857098625,0.02737139625952178,0.04051448711343963,0.04251930820582201,0.02737139625952207,1.049484054599258,0.7837126212108144,0.36462101590068263,6.116369069993498,0.19845895988306628,0.24128927891156465,0.2657600608343474
site_32e9d9454ab82a2b,29,0.1425682709846076,-0.1293093128656519,0.06004009908180914,0.06701844564800732,0.04193079956445735,0.060040099081809635,0.625660579845216,0.47059102465993674,0.5894456448546745,-3.7499700731039045,0.03835033241582328,0.13025268965517242,0.050987566611326196
site_33d9c76285abfbd1,64,0.09102603320772801,-0.07909969754470514,0.045044162439439046,0.039686363664834544,0.037011377969615976,0.04504416243943915,0.9325968557409346,0.3117659588221236,0.5302872781782018,-5.062380642861129,0.029307935688854193,0.10080047749999999,0.08766989434942558
site_33e57061030aaa1a,19,0.10008805948132489,-0.09702293445185611,0.024579866579948297,0.02755576868482595,0.023801974392453174,0.02457986657995191,0.8637746478674766,0.5501636431093812,0.19033477336400734,-1.8434357545852662,0.006856003051172746,0.014427087368421054,0.010764145714600937
site_345540dea6a21328,13,0.07559404762599367,-0.05588187958643986,0.05090850194582075,0.06610525943859373,0.020328920526215443,0.050908501945821215,0.30752349660013534,0.8153801034995755,0.074287980474253,-0.7264644346237181,0.014244715971442367,0.05680876923076922,0.0053724451268953866
site_3527ca4be8ad318d,825,0.07766482493108963,-0.06342779920538268,0.04481896160709728,0.05370875985208079,0.08122393628904621,0.04481896160709753,1.512303328409461,0.8565418346208623,4.976255651050861,-52.327934344440706,3.0827029990337786,2.3798204800000002,5.442795456686806
site_360469521723c0bf,302,0.07739287045560998,-0.0438539788217734,0.06376899669007094,0.07636390903574251,0.043722796138580385,0.06376899669007094,0.5725583811865329,0.5505865169423598,1.808876232002366,-13.243901604175567,0.5551733295470476,1.7610968741721855,0.5773282364571096
site_3611ac9a5b4c6a7c,47,0.043288942711677894,-0.0016359159756214059,0.04325802052817069,0.058791326737815466,0.0458170994190169,0.043258020528170696,0.7793173238518982,0.6838997288766081,0.08807483037146174,-0.07688805085420608,0.0865827034306019,0.16245174468085105,0.09866271016108769
site_365133aa4290174f,670,0.06876356751086966,-0.020694204100744046,0.06557574348384224,0.10243208140498707,0.05960230010133298,0.06557574348384242,0.5818714145393823,0.7980579708671816,3.1680469052706925,-13.865116747498512,3.2644367605309657,7.029861971641791,2.380130898837469
site_3669ed0d65622c4a,171,0.12833939530769584,-0.11180674097510108,0.0630099441395695,0.07838154474022148,0.04747783060743241,0.0630099441395695,0.6057271614738816,0.5948802740212829,2.816541066338598,-19.118952706742284,0.3785561999865661,1.0505669810526315,0.38545869226115587
site_367fad9034e246b1,37,0.052436320970349136,-0.03422036397457122,0.0397307745501311,0.045173374479553524,0.028688231976593315,0.03973077455013217,0.6350694918657946,0.4958214727188157,0.10173400700550263,-1.2661534670591352,0.023774608434998505,0.07550344918918918,0.03045154219588475
site_36915ea55aeee9ea,33,0.10463819105089688,-0.08828118140408488,0.05617458532381931,0.08376423031934177,0.04744922996516185,0.05617458532382084,0.5664617198088845,0.768929110864325,0.36132198387133185,-2.913278986334801,0.10085281253809278,0.23154272727272723,0.07429717100146482
site_3697f876563488cb,53,0.038856440176197146,-0.005393155501248702,0.038480343253481236,0.039688321573839856,0.02266636530699003,0.0384803432534814,0.5711091930360273,0.33803742366434775,0.08002061598781855,-0.2858372415661812,0.016117039469826327,0.08348363207547167,0.027229498160185828
site_36bf0be122b5ada0,62,0.06487332859194518,-0.011384347374400786,0.06386662193554209,0.08161925258993903,0.030155994879855756,0.06386662193554232,0.36947158817248216,0.7094070553997763,0.2609300232811065,-0.7058295372128487,0.10825637171537647,0.41302554838709676,0.05638180968602097
site_36f59764e16c0acf,11,0.07719223324090668,0.07346473929015074,0.023697530541149692,0.075215719519326,0.08766679767311521,0.02369753054115159,1.1655382443106193,0.9691728494910354,0.06554504959990393,0.8081121321916581,0.07029714407826013,0.062231449090909094,0.08454014155684808
site_37100d9c494e6343,36,0.02803297704531351,-0.003360040257374446,0.02783088089680054,0.015852011400200882,0.020147756684327722,0.027830880896800542,1.2709905497590293,-0.18369756979067148,0.028290520872830672,-0.12096144926548005,-0.0021121121996806724,0.009046305555555556,0.014613555578791404
site_3744ab32b5fabc06,14,0.24662954416540192,-0.22104284045951705,0.10939010346837785,0.08633790521868724,0.0641724851479833,0.10939010346837788,0.7432712779565285,-0.03554297751972271,0.8515658487732751,-3.0945997664332388,-0.0027569710644228143,0.1043592742857143,0.057653509900953914
site_3754c55a59175277,6,0.15562637142889707,0.0617686642408371,0.14284326936201008,0.12887841815706252,0.032970180287593825,0.14284326936201008,0.25582390565512275,,0.1453174049047502,0.3706119854450226,-0.008122560441493988,0.09965787999999998,0.006522196729178642
site_37c98a51b9f80f45,156,0.07194319768656841,0.025858553825280604,0.06713537731653654,0.10616510744027001,0.062257147668870375,0.06713537731653846,0.5864181666645712,0.8048842115993998,0.8074284961655114,4.033934396743774,0.8299062397262226,1.7582806858974358,0.604648579994711
site_383a8c8b2965611f,677,0.04403437903212887,0.03133458561761693,0.03093816867426747,0.029614607542098832,0.02962247544798771,0.030938168674268955,1.0002656765205378,0.45445340163385717,1.312720965376494,21.21351446312666,0.2699015365854302,0.5937459113737076,0.5940614419783117
site_386cdfdcf9b17142,388,0.07448597059312516,0.031107819295574705,0.06767912081191493,0.056645076186551756,0.05978318773556621,0.06767912081191493,1.0553995467969637,0.3251558728031265,2.1526860082975636,12.069833886682986,0.42723277483769145,1.2449618865979382,1.38672345990047
site_389215a205727fd3,94,0.1355644278766126,-0.12047575707258058,0.06215549905922922,0.04363320016491984,0.060463052523277695,0.06215549905922972,1.3857120792136788,0.3214944055363297,1.7275051259182503,-11.324721164822575,0.07972754824684652,0.1789624787234043,0.34364338772066794
site_38bba0231f056806,585,0.07853661747508085,0.05813644372815761,0.05280297524827497,0.0522732394217771,0.039606083957344315,0.05280297524827674,0.7576741827261687,0.36539420737289346,3.608280166389897,34.0098195809722,0.44254643092115975,1.5985075623931624,0.9176555035651808
site_38d8c6108ca3a5d7,59,0.06933451806186842,-0.04420653534258827,0.05341402089223441,0.06676530857553956,0.02980588463903714,0.053414020892234466,0.44642772234496886,0.6263670116361973,0.283629248297422,-2.608185585212708,0.07354171703258307,0.2629987793220339,0.052415054787819826
site_38eb3791b353069b,415,0.05210811417423112,0.015724587950720847,0.0496788979001623,0.07905803546385205,0.07981777367631086,0.04967889790016269,1.009609879729508,0.8044910249731553,1.126831058559803,6.525703999549152,2.1067593419153736,2.5938217831325305,2.643913952776755
site_38fe9bf25990ebba,147,0.08662110588171396,-0.0387532759139327,0.077468700712673,0.09193691571855366,0.07607067744690806,0.07746870071267359,0.8274225522181221,0.588940101249208,1.1029727496731516,-5.696731559348106,0.6054742463987194,1.2425022813605442,0.8506519511830342
site_395c4ccb7a4b9df2,171,0.040767796384751434,-0.004686396821827915,0.040497541985865186,0.04738580500444651,0.04303517304847562,0.040497541985865186,0.9081870202360678,0.6025210529330547,0.2842042609737224,-0.8013738565325735,0.21010682177262174,0.38396588222222217,0.3166964664023935
site_3987775e61ab1836,60,0.054902042962739976,-0.03839502927859624,0.039243547854115886,0.05935917929576407,0.06008575414465221,0.03924354785411973,1.0122403115660998,0.7841767486382308,0.18085405928895276,-2.3037017567157743,0.16781261908859013,0.21141072999999996,0.21661787106789543
site_39ac65528c2f5495,202,0.09899331427549896,-0.004494766196342975,0.09889121977247484,0.10876887988504753,0.04864731468922767,0.09889121977247485,0.44725398239497016,0.41745369579372943,1.9795346067920365,-0.9079427716612809,0.4461934680931049,2.3897951847524754,0.4780453677474948
site_39e3332a33e328c0,156,0.15842239690090182,0.145764277892235,0.062051842280323614,0.06342926238283068,0.06269887010753686,0.06205184228032363,0.9884849319091004,0.5159727487916097,3.9152343110129912,22.73922735118866,0.3201111036871488,0.627630326923077,0.6132591367908375
site_3a1e52ef4ac63381,15,0.08223141933480967,-0.07608941343943278,0.031183448947484562,0.04083129301024997,0.034000867128726214,0.03118344894748458,0.8327159054255495,0.666587484064315,0.10143009488725965,-1.1413412015914917,0.013881344746003546,0.02500791733333332,0.01734088448257942
site_3a558feb29bc33aa,50,0.04542252113095674,-0.029636097468137734,0.034422480339906525,0.03371153511781984,0.027623920301499013,0.03442248033990654,0.8194204210800556,0.383702250620984,0.10316027129461058,-1.4818048734068867,0.017866035501807927,0.05682338000000001,0.03815404864117847
site_3aab5eecf1e576ed,227,0.026125966915642326,0.01466230285482785,0.021623668103967573,0.04385816136397615,0.04002199306160264,0.021623668103967805,0.9125323957259086,0.8709995016960054,0.15494251543193288,3.328342748045922,0.34705067798994194,0.43664319823788544,0.3635995037974142
site_3b418123c1eb9bb6,39,0.060229212026594786,-0.011588610025552611,0.059103824741045065,0.06864754334352098,0.026116232933698663,0.05910382474104508,0.380439439806458,0.5302500493326857,0.1414747612724359,-0.4519557909965518,0.03707497424918872,0.18378692307692304,0.026600247283241063
site_3ba67f452cc05c7e,156,0.07001068959425547,0.013367478509209097,0.06872268312405318,0.10190028489719828,0.05423490154425471,0.06872268312405325,0.5322350334836589,0.7782687612795746,0.7646334785642577,2.085326647436619,0.6709782636863395,1.6198522176923076,0.4588622291003403
site_3bce6f9707106717,37,0.0448315230980306,0.0008636000913542646,0.04482320446121031,0.08380881927612827,0.06095340914680193,0.044823204461211394,0.7272911093756886,0.8544808346501976,0.07436502214170229,0.03195320338010779,0.16150715741273525,0.25988497297297297,0.13746676920484519
site_3c025b5f7926190d,54,0.0610879119132674,-0.051445440400529785,0.03294085068601985,0.026652600456824306,0.024228489887992418,0.03294085068602008,0.9090478779825327,0.16436736065705462,0.20151358102384836,-2.7780537816286084,0.005731592115014787,0.038359500000000005,0.031699065001637744
site_3c21ace69367fd43,31,0.12252243652654639,-0.08089984156431691,0.09201610232600603,0.09189302924673624,0.041928110728766524,0.09201610232600604,0.4562708517986491,0.22519812456340033,0.4653641710244492,-2.5078950884938243,0.026897649195405746,0.2617741935483872,0.054496960547794904
site_3c2ff06ad9a9ceca,167,0.10467720823663142,-0.028662166019328337,0.10067670119394834,0.09585643659446089,0.06596996226972544,0.10067670119394834,0.688216301517905,0.26920343591593554,1.829872093343921,-4.786581725227832,0.2842919652959722,1.5344722249101794,0.7267899989521227
site_3c6c836e47ad4756,59,0.08647109239174955,-0.06909219933061278,0.051995363361374454,0.08421123629480415,0.04452575402289443,0.05199536336137462,0.5287388712240254,0.849505320456297,0.4411577393459267,-4.076439760506154,0.18793143971649517,0.41840040677966106,0.11697002350713068
site_3cacfdfbb247178d,10,0.11943361696632049,-0.08421553982019425,0.08468843908380311,0.1508304548159953,0.06650176171010053,0.08468843908380323,0.4409040720007703,0.9969690798926869,0.14264388861657756,-0.8421553982019425,0.10000089348047972,0.227498261,0.044224843105469924
site_3d3d4af3226bd56f,68,0.04644280414338107,-0.001098436877131461,0.0464298125467615,0.07524260071221434,0.03907920497481451,0.04642981254676179,0.5193760529926856,0.8558137938014163,0.14667151585563087,-0.07469370764493935,0.17111879482931072,0.3849785294117647,0.10384852977952258
site_3d8d46208058ae66,97,0.11780731872626168,-0.04743628867170246,0.10783488703812842,0.11531296545543188,0.033125993959638465,0.10783488703812841,0.2872703327748653,0.36206183989751695,1.3462207415106875,-4.6013200011551385,0.1341533578475649,1.2898167602061856,0.10644115315395837
site_3e3dd959fc43e496,515,0.09221730059505734,-0.024011685252073898,0.08903633808953791,0.11206714309807403,0.09708725824450144,0.08903633808953865,0.8663311614853683,0.6460079936741997,4.379575722455169,-12.366017904818058,3.619809024615051,6.467907949514563,4.854356892418774
site_3e869a526b77cd87,53,0.07001158051151062,-0.055085652496904704,0.04321102052381999,0.07062519637074682,0.033663580908489185,0.04321102052382007,0.47665114772597983,0.894630513822264,0.2597859345031459,-2.919539582335949,0.11273001280289213,0.2643596732075472,0.06006154401786706
site_3e8e42936f50143d,855,0.06960070461288873,0.0376323060470715,0.05854970216995246,0.06481996959788737,0.050837420623336814,0.05854970216995254,0.7842864002977521,0.5095172655658494,4.141840660632054,32.17562167024613,1.4355467827241495,3.592392332163742,2.209699051967131
site_3ed9981ace9fa417,10,0.034786521426908946,0.006738091099858285,0.03412770430771466,0.08781675751244748,0.05701643780733487,0.03412770430771466,0.6492660332995459,0.978426147017653,0.01210102072984795,0.06738091099858284,0.048989784394614405,0.077117829,0.03250874180237685
site_3f0cc8bf9a017f1f,60,0.049848986513500615,-0.04461672136684259,0.022232175577228102,0.03820063990156303,0.02642544911275062,0.022232175577228203,0.6917540957650135,0.8238606189956303,0.14909528738538996,-2.6770032820105554,0.04989970856408278,0.08755733333333335,0.04189826164863436
site_3f80251a944e7c4c,134,0.049097913609175314,0.005781227122313942,0.0487563589056265,0.0655213452514508,0.041265550927466796,0.04875635890562658,0.6298031697777615,0.6691959637447251,0.3230210861837217,0.7746844343900682,0.24245355949258407,0.575268255597015,0.22818132290854565
site_3f885209ae19b689,226,0.04887533234338046,-0.014807578011160403,0.04657825399388959,0.06895107869377168,0.040202497970513194,0.04657825399389019,0.5830582890379737,0.7577470891632584,0.5398683732387517,-3.346512630522251,0.4747082936612444,1.0744607831858408,0.36527043053362057
site_3f8f25f0fa2a3f3b,64,0.07429303092131308,-0.0005683649355545631,0.07429085680469173,0.09807921611777565,0.038009643754378694,0.07429085680469177,0.3875402481677248,0.7437231222855937,0.3532450843824116,-0.03637535587549204,0.1774442959307809,0.6156500885937499,0.09246291317342586
site_3fd206a570dca7d5,52,0.1522617518119518,-0.13449530086035913,0.07137685276982932,0.07763247886772603,0.07236968908581212,0.07137685276982972,0.9322089174702136,0.5490616602920767,1.2055493353719093,-6.993755644738674,0.1604074826171765,0.3133936923076923,0.27234333871560995
site_3fe88af73a278f09,684,0.07201492460793486,-0.0024685228876551698,0.07197260423966653,0.0664606367230065,0.03789938600063027,0.07197260423966653,0.5702531283079136,0.13365874633427433,3.547326166539995,-1.688469655156136,0.23027678467989057,3.02123910380117,0.9824726061097422
site_402a00535323377d,283,0.05608606730549143,0.00042736739404631034,0.056084439044235976,0.08187684503417353,0.04485106415082723,0.056084439044236004,0.5477869125527177,0.7583839244512043,0.8902180856603004,0.12094497251510583,0.7881509538506661,1.8971804240282686,0.5692878813956382
site_40392ec0ab51085a,129,0.05077921431608966,0.016007893556772273,0.048189998448167785,0.06886505128688039,0.046030736305736224,0.04818999844816835,0.668419400632983,0.7159429497154327,0.3326301902461581,2.065018268823623,0.29276214749371826,0.611768992248062,0.2733289003454208
site_4053c6fd726ad6c4,11,0.04608835430330682,-0.03547808065522801,0.02941839892666283,0.07855025132659395,0.09368092587885114,0.02941839892666303,1.1926241392831107,0.9567513066611693,0.023365500426258547,-0.3902588872075081,0.07744448613869873,0.06787156181818182,0.09653727460870681
site_40c02fde736492a1,19,0.04736710944286609,-0.023848906733487787,0.04092520866886148,0.05349600653022093,0.05634094587582027,0.04092520866886147,1.0531804059802516,0.7234952898031248,0.04262921808247662,-0.453129227936268,0.041431895826600104,0.05437463157894736,0.06031174146146007
site_413c6e860ea2e615,245,0.055448965743383455,0.023051331589075987,0.05043038681173662,0.07791478369582597,0.06116426051979022,0.05043038681173666,0.78501482797631,0.7626066154955937,0.7532740114926734,5.647576239323617,0.8903981552415448,1.4873248120000002,0.9165613574085283
site_4148b96858a0e60a,171,0.04787456655156337,0.0046196278717085615,0.04765116116976588,0.05715134159019644,0.030503380533400636,0.04765116116976695,0.5337299122761642,0.5524260975939229,0.391927574947512,0.789956366062164,0.16468145669364964,0.5585331695906433,0.15910801429809107
site_420eb683366b57f6,91,0.06057246881593562,0.03163797548118528,0.05165329114305701,0.054566464924093096,0.041360014924398766,0.05165329114305712,0.7579749756912841,0.44754186521930706,0.33388118203963185,2.87905576878786,0.09191397865419532,0.27095241758241767,0.1556692259437305
site_426aa82109fc7c47,28,0.08397276792383174,-0.06615731195466859,0.05171688145782158,0.07781547869472882,0.04003760893376913,0.051716881457821585,0.51451985652928,0.7997993767103301,0.1974399210781117,-1.8524047347307204,0.06977072236261198,0.16954696428571428,0.044884283615736015
site_42ce68186715eeba,627,0.07824033056376653,0.07176135552119602,0.031174623983104777,0.030375187740154182,0.03747299591020534,0.0311746239831054,1.2336712526937992,0.5952212265640952,3.838211427858117,44.9943699117899,0.4247988553497066,0.5785028229665072,0.8804493398988888
site_42d0b232cf256027,295,0.040490191466769514,0.0036168873528302716,0.040328324176595674,0.053491558290896656,0.04323788396266185,0.0403283241765959,0.8083122897173141,0.6711355819009275,0.4836394034796182,1.0669817690849301,0.45791193384199835,0.8440973084745764,0.5515068098227403
site_43b644a004cb99cb,16,0.09855091174807869,-0.03687585758790374,0.09139175747043185,0.11528887359585052,0.03355769100385905,0.09139175747043199,0.29107484492820007,0.7838535398413012,0.1553965153020415,-0.5900137214064598,0.04852151733580977,0.21266438999999998,0.01801789800816772
site_444e34f5ad449f77,182,0.10096611378633463,0.0942263752408735,0.0362704610128018,0.04084400151610815,0.04453404333950729,0.036270461012802825,1.090344767565045,0.6421201839090028,1.8553364162269432,17.149200293838977,0.2125730091877855,0.30361830769230774,0.3609571449420507
site_44541aad5ac7b92b,159,0.059720000277790945,-0.03932186755219345,0.04494740443437314,0.05785655638087453,0.05265621974684462,0.04494740443437387,0.9101167273109781,0.6728671053986185,0.5670700708755168,-6.252176940798758,0.3259332595970833,0.5322335974842768,0.44085571900645026
site_44bc4221af0e2690,281,0.05550325142877572,0.008407041265446944,0.05486285242609034,0.06476098679389557,0.06884479097904123,0.054862852426090396,1.063059634933336,0.6643171181600958,0.8656516682856162,2.3623785955905916,0.8322739601191729,1.1785099003558719,1.3318290738303533
site_4522c9f47db04b3c,148,0.04154135634524151,0.007003411241882556,0.040946752227489426,0.04319437506919969,0.05159467336857941,0.04094675222748948,1.1944766716944508,0.639668010841303,0.25540127447634586,1.0365048637986183,0.2109834601340765,0.27613159756756755,0.39397752736153885
site_454d64b6e8b743da,118,0.052811090058729165,-0.045329550045829704,0.02709692096592938,0.047926434974321724,0.056041193043336233,0.027096920965929486,1.1693169557335585,0.8755714794203799,0.3291033255165619,-5.348886905407905,0.2774956063128376,0.2710392939830509,0.3705926074910163
site_454f86a28db067ff,49,0.042948435754908976,0.0025844501013658483,0.042870604748091595,0.06402550512196252,0.03524561683407782,0.04287060474809165,0.5504933817693161,0.7763009527558289,0.09038383855588365,0.12663805496692657,0.08583893648641451,0.200864,0.060870421794716856
site_457c8dbf463cd4ea,137,0.0435826976958277,0.007539778481217198,0.042925555079696746,0.07485257715168976,0.05726055067824116,0.042925555079696934,0.7649776782194403,0.8211516344104173,0.260224860767089,1.032949651926756,0.48217668485576215,0.7675984379562044,0.4491915809646331
site_460afd4b6202d4b4,50,0.10651253763580011,-0.014282922646522523,0.10555055089525202,0.08084658320547627,0.058860260600091585,0.10555055089525213,0.7280488335604094,-0.1198048050696576,0.5672460336808868,-0.7141461323261261,-0.028505462509512924,0.3268085007999999,0.17322651389553467
site_465014c5dd5de0e8,2,0.009499380176101455,-0.004116165113449102,0.008561273765563968,0.1062,0.09763872623443604,0.008561273765563968,0.9193853694391341,,0.0001804764474602186,-0.008232330226898205,0.020738465452194214,0.02255688,0.019066641721366295
site_466206aef45119ae,1,0.04395230305194855,0.04395230305194855,0.0,0.0,0.0,0.0,,,0.0019318049435703257,0.04395230305194855,0.0,0.0,0.0
site_4680c02330a5a24c,432,0.06508633811765889,0.022462770385598695,0.06108727654896792,0.08912249576590195,0.06688864749759804,0.06108727654896794,0.750524846984699,0.7284719382640382,1.8300519689326056,9.703916806578636,1.876015092837107,3.431297916666667,1.9328073828730252
site_4689968a649fae30,327,0.0867540431189793,-0.07169428651194325,0.04884867735193157,0.06762547780490988,0.033365434514238505,0.04884867735193185,0.49338556409897993,0.7313269532056303,2.461088327179138,-23.444031689405442,0.539593195005021,1.495438116207951,0.36403347604592773
site_46c69a3772747cb8,125,0.05953111075443538,0.03435819841308594,0.048615505237155264,0.0555343636981644,0.06257200385276616,0.04861550523715575,1.1267258627982513,0.6670492165351989,0.44299414345710647,4.294774801635742,0.2897408667529166,0.38550819391999996,0.48940695826882297
site_473ba30122663331,178,0.12317036173851828,-0.02497664636674892,0.12061138066976852,0.13794064349000282,0.0525276902937268,0.12061138066976852,0.380799226136231,0.49958394838531534,2.7004269659219453,-4.445843053281308,0.6443310061996113,3.3869165605056177,0.49113016807167525
site_47749587de8e2aac,260,0.1174116140409878,-0.0875442824190855,0.07823992412724642,0.06501185550949402,0.048165050995939464,0.0535896429125403,0.7408656562479694,0.5867474285421532,3.5842266490445693,-22.761513428962232,0.4776932766755758,1.0989007527647057,0.6031667557347768
site_479c9178cadeeacf,620,0.05026465494757554,0.04012649732409947,0.03027209522807875,0.01884253296101925,0.03754405086287894,0.03027209522807875,1.9925161304241161,0.5994960844265416,1.5664520329392744,24.878428340941667,0.2629410867659375,0.22012545000000003,0.8739245682205532
site_47cb8752f353f72a,342,0.06972997015990845,-0.05084829253289435,0.047714985958196864,0.0783111843808055,0.060606037420788975,0.04771498595819695,0.7739129206127017,0.7931738679830441,1.6628959085675892,-17.39011604624987,1.2874613061032056,2.0973634269005847,1.2561973859727251
site_4820638a678db67d,55,0.04674818708180931,0.026611511652036162,0.03843462557420571,0.024085275499104594,0.04032096025657614,0.03843462557420594,1.6740917187380784,0.3751564199164914,0.12019661474897138,1.463633140861989,0.020038146943395792,0.03190552727272725,0.08941789098068159
site_48ab6dd953268db1,549,0.1255106039823343,-0.11474595974203883,0.05085544646238743,0.08093169791951896,0.059666744358006625,0.05085544646238763,0.7372481474111803,0.7790320242976856,8.648348529893683,-62.99553189837932,2.065278618933317,3.595916910746812,1.9545060898737596
site_48bc99c681181b96,271,0.05191452605876754,0.0036890511684312143,0.051783288012477065,0.08908441765563256,0.053348366114740794,0.051783288012479056,0.5988518252537258,0.8522418584291076,0.7303769823106492,0.999732866644859,1.0976276033936392,2.1506650701107013,0.7712790532874669
site_48c050cdab5aaa88,41,0.08179326893758691,-0.04391667357159824,0.06900336677222428,0.07604714558858423,0.031513444850367424,0.0690033667722248,0.4143935266269618,0.4203619034401786,0.27429569258335323,-1.8005836164355278,0.04130341911842911,0.23710990243902438,0.04071698545982311
site_48c0bfa2a3485fb7,53,0.05755599226265099,0.05226309455745625,0.024109359025422637,0.02073045202482173,0.03147281283702347,0.024109359025422637,1.5181923095231742,0.6429872079289595,0.17557268900293208,2.7699440115451814,0.022234252504891944,0.02277683698113208,0.0524985112373384
site_48d263b97f32a2d9,49,0.09895539399364112,-0.05926771347911991,0.07924334760340261,0.09558676693190744,0.042784886747702706,0.07924334760340275,0.4476026140541097,0.573135430970288,0.4798163300214005,-2.9041179604768756,0.11485277597431323,0.44770467061224495,0.0896967801666736
site_48ec25901538e693,155,0.06856174591298513,-0.05225312288961103,0.04438833350014325,0.06592912790525561,0.041488318329251365,0.04438833350014424,0.629286624098422,0.7490263083667045,0.7286105154086935,-8.09923404788971,0.31756448927430375,0.6737307354838709,0.2667984864573407
site_4915d0b8a484d43a,129,0.03896693691883209,-0.012280197036035301,0.03698133223117292,0.028915219834970668,0.03717172413090698,0.036981332231172934,1.2855418130333813,0.3955086881940727,0.19587646029587485,-1.5841454176485539,0.054838421119787095,0.10785560201550387,0.1782440826574886
site_496ac9a9ab00ede4,112,0.06464127341676776,0.035739252952060534,0.05386278889335344,0.04330095997280345,0.05242473342872291,0.05386278889335344,1.2107060319597982,0.37931596102954185,0.46799135364142846,4.00279633063078,0.09643904380706539,0.20999699107142855,0.30781549960813764
site_496ee2f5b79c4b73,149,0.10153059573321732,0.09556913100073001,0.034278317778259126,0.03571618627308364,0.0478922756793235,0.03427831777826026,1.3409123615030525,0.6998748185953201,1.5359608186213594,14.239800519108773,0.17837631566382495,0.19007124832214767,0.3417568403919038
site_49a35425669a6415,148,0.041541554428198395,-3.8707139524253696e-05,0.04154153639513493,0.05371007784067009,0.03560419247742945,0.04154153639513532,0.662895938878521,0.6345047130954902,0.2554037101580235,-0.0057286566495895475,0.17957814857887255,0.4269463243243244,0.18761346125153688
site_49b410d6df2872b8,187,0.1148623193468088,0.10807254352735325,0.03890601163389305,0.03234914902423262,0.034937177778309306,0.03890601163389367,1.0800029933442146,0.33330565895045916,2.4671568998711892,20.209565639615057,0.07044253464393756,0.1956894117647059,0.22825339513816645
site_49b534f23930be14,386,0.07379099853619678,-0.03144756879414302,0.0667544896011245,0.09067607402182087,0.05417788504530155,0.06675448960112464,0.5974882087667782,0.6820400630398227,2.101813025478032,-12.138761554539204,1.293337726994596,3.1737500544041453,1.133003886001017
site_49f7a3a08cf1a503,75,0.16943588748722171,0.11735854051272075,0.12221085441689106,0.11224634495410332,0.04524830023974481,0.12221085441689122,0.40311602358407755,-0.028435202935417382,2.1531389976436843,8.801890538454057,-0.01083158651868502,0.9449431466666667,0.15355565059395682
site_4a00a5537486f4ab,125,0.16696934231988028,-0.1613212565279007,0.043060579036894295,0.03517553695396845,0.03720952074641959,0.04306057903689449,1.0578238164526916,0.2932515737779132,3.484845159341671,-20.165157065987586,0.04797833544909953,0.15466480000000002,0.17306855427227874
site_4a15ec3df99b7e73,6,0.12881141829034867,0.11325097298224768,0.06137262093593021,0.07485908242973742,0.04372647965721919,0.06137262093593067,0.5841172271682701,,0.09955428889182703,0.6795058378934861,0.011247865934669971,0.03362329333333333,0.011472030139279221
site_4a51d234a3956647,115,0.048282149599515344,-0.017248276707918748,0.04509615194844287,0.058907450400313595,0.05199457690374982,0.045096151948442874,0.882648570773537,0.6758144447484251,0.26808408654424765,-1.983551821410656,0.238041997121728,0.39906008695652173,0.3108951431509947
site_4a5737c09be72760,38,0.03334534479924954,0.02666846135117506,0.020017621960205977,0.02185333826562433,0.019262956042938848,0.02001762196020621,0.8814651477408284,0.5320277369395991,0.042252656751671856,1.0134015313446523,0.008510568918523033,0.018147598947368424,0.014100336069463384
site_4a605b11c85f3580,1259,0.08666666056426069,0.06751370263734065,0.054341604775324036,0.07569196006336819,0.04132664301516183,0.054341604775324084,0.5459845798756404,0.716754891849517,9.45648755718122,84.99975162041187,2.822775088779374,7.213154478157267,2.1502353014344044
site_4a71668c00a356e4,95,0.13998142881474693,-0.1364613747242877,0.03119444856662139,0.062479687770774894,0.061514547678697205,0.031194448566622675,0.9845527382336066,0.8735286901885783,1.8615060392367155,-12.963830598807332,0.3189462235869468,0.3708525814736842,0.35948375973089763
site_4accdc2358f08145,95,0.04060484592555255,0.0015045228475018553,0.04057696296717149,0.05083074952184857,0.03981135198303019,0.040576962967171504,0.7832139474142138,0.6231883752000803,0.15663158370059685,0.14292967051267624,0.11980539870144506,0.24545768421052636,0.15056965593808852
site_4aee712beb09287c,127,0.06674949709440083,0.04258952552408683,0.05139676719394498,0.07957466134551537,0.06496467857570261,0.05139676719394499,0.8163990581577745,0.7651459315048973,0.5658479110191388,5.408869741559028,0.5023426905570362,0.8041800944881892,0.5359920017304329
site_4afa6fca34a02012,148,0.1204175016910883,-0.10003435029653279,0.06703359959209874,0.07794481317353588,0.058202515028459065,0.0670335995920988,0.7467144080373549,0.5477053887485559,2.1460554576014412,-14.805083843886854,0.3677373154695976,0.8991582972972972,0.5013548478344245
site_4b307595d7b7b6da,381,0.04438602706845764,0.003315747243212903,0.04426200649700577,0.07705495459330633,0.04570849695640238,0.04426200649700608,0.59319348376299,0.8613704613869503,0.7506154909892264,1.263299699664116,1.1558792291784223,2.2621745564304465,0.7960106104191229
site_4b6df3933469a704,81,0.11023846932151234,0.08435053235984143,0.07097540284465712,0.07092734898485353,0.0516882370686795,0.07097540284465803,0.7287490341661785,0.3634445155784452,0.9843541295863514,6.832393121147156,0.10792662249119193,0.40748579555555553,0.2164055819527091
site_4b78a1e10bf476d7,14,0.05312888996008283,-0.016265087655612392,0.05057791881785802,0.08027062008592926,0.04289750086224433,0.05057791881785801,0.5344109814565128,0.8313624908711115,0.039517505277468265,-0.2277112271785735,0.04007809510082007,0.09020721428571428,0.02576273812316754
site_4c8563a6e25ebea0,268,0.11520929340065048,-0.09070953122192799,0.07102789755705316,0.09575181774208437,0.04215796477140552,0.07102789755705351,0.4402837018192341,0.7308865895037165,3.5572125846150806,-24.3101543674767,0.7906994766694869,2.457134041044776,0.47631479030277457
site_4cacd33e9c8aef19,344,0.1206799288510716,-0.09009924323224398,0.08028556281472181,0.11485868936883369,0.05402377944745814,0.08028556281472243,0.47034995562222753,0.7788202358356556,5.009893958259898,-30.99413967189193,1.6624342957279796,4.538226372093023,1.0039876485509347
site_4ce2c6daabd8ff5f,337,0.07631253655687553,0.05161984727750546,0.056204933971951934,0.06970245018239757,0.030320964882173188,0.05620493397195263,0.4350057250904265,0.6195565050713798,1.9625542904458846,17.39588853251934,0.4412674410990508,1.6372914362017803,0.30982462713707515
site_4d238af0af441869,859,0.04237895874150498,-0.001028649866733618,0.0423664728702526,0.04702692445781507,0.05203693061119975,0.042366472870252636,1.1065348459663538,0.6383900854485915,1.5427435077081817,-0.883610235524178,1.3419537437359392,1.899705664982538,2.3260364046465085
site_4d43b32f897968be,48,0.08397321917739552,-0.05757083165769775,0.06113183198020433,0.1095045661148429,0.0556441625555632,0.06113183198020433,0.5081446786173864,0.9313869989363984,0.3384720738727155,-2.7633999195694923,0.27241012668609615,0.57558,0.14862109567247717
site_4d97122ac69c458e,260,0.08041336708332557,0.03754159570198792,0.07111215225139898,0.0693706956658196,0.04174299728723346,0.07111215225139916,0.6017381963173984,0.25862692234621065,1.6812404974761939,9.76081488251686,0.19471829544122404,1.2511962884615384,0.4530442338557149
site_4dd15b6db25eea2b,82,0.03959953151531332,0.005597498703293682,0.03920192475502853,0.05580522583253389,0.049711727019303174,0.03920192475502871,0.890807738481039,0.7297105203041775,0.128586077491048,0.45899489367008195,0.16599621328747857,0.25536630487804884,0.2026429758658208
site_4deb698afc5ebdb4,26,0.08424389801110657,-0.05865601361027131,0.0604690534030209,0.06699584902799761,0.02194844919472856,0.06046905340302093,0.32760909090884555,0.44668888191730516,0.18452289315474887,-1.525056353867054,0.01707773326451962,0.11669953846153847,0.012525094973393103
site_4ea6d277e84496c8,413,0.038865378871817756,-0.024115031870312033,0.030479220999621578,0.03454030199544042,0.019926712083267902,0.030479220999621578,0.5769119241024117,0.4802758612664325,0.6238437997130244,-9.959508162438869,0.13652198285205386,0.49272240677966106,0.1639915018876249
site_4f3ef6ee56ee38cd,157,0.07548772213273384,-0.03515406028328428,0.0668026065239078,0.09598347449620769,0.04493177341471888,0.06680260652390803,0.46811988887205924,0.7847857804986983,0.8946482022678471,-5.519187464475632,0.5313746169131652,1.4464138980891719,0.3169616891640872
site_4f44a81224b8cd25,260,0.14986087174135057,-0.12470606848116104,0.08310642191220542,0.10952095960005087,0.06449804576661138,0.08310642191220542,0.5889105245438465,0.6546084333112355,5.8391530285601565,-32.42357780510187,1.2022609477291888,3.1186585538461538,1.081599456005093
site_4f633f2c887097a9,136,0.09647060491435913,-0.0848138842148816,0.045969366505609253,0.06934305196606838,0.05163090208959297,0.04596936650560929,0.7445721038476575,0.748695586180536,1.2656945553057624,-11.534688253223898,0.36454978497463336,0.6539504044117648,0.36254200687957844
site_4f8f6e54cc9c215b,18,0.07599304656910238,-0.06416121955712635,0.04072199690334437,0.041864861956856694,0.01733792981030407,0.04072199690334438,0.4141403793035662,0.27208750033096635,0.10394897628336773,-1.1549019520282744,0.003554905004799366,0.031548,0.005410868581926548
site_4f9a1ac96b88317a,129,0.05886668895280169,-0.01230698831829914,0.05756583280730987,0.04478407758290468,0.05857882461784899,0.05756583280731033,1.3080279371481383,0.40467871912281866,0.44702203180630173,-1.587601493060589,0.13695073386859294,0.2587241550387597,0.4426607514755237
site_4fa99e2fc956380a,143,0.08020244277993138,-0.0684554701397469,0.041788520383167285,0.060474649534694086,0.0365867729803626,0.04178852038316729,0.6049935512131063,0.7343251102866007,0.9198377513851479,-9.789132229983807,0.23233887517170893,0.5229772027972028,0.19141864986767249
site_4fab225734bfdafc,402,0.11838912611690942,-0.06236975446740786,0.10062802249075921,0.08476233312631581,0.09498050526404792,0.09585034295890536,1.1205508598082665,0.4359000396970965,5.634426043455645,-25.07264129589796,1.4107509116300085,2.8882305530406476,3.6265611448459607
site_4fc1c31a5e50a546,49,0.1213449733799683,-0.1059047214376683,0.059235061760709695,0.06814158887892015,0.04567211280153349,0.05923506176071077,0.6702531237228361,0.5173922272146686,0.7215055256646755,-5.189331350445746,0.07890042428216155,0.22752053061224486,0.10221115250004398
site_503f0d34679d2c3c,109,0.04853309958068332,0.01706937237310847,0.04543234840613772,0.05314165488150662,0.05555379292628147,0.045432348406137926,1.0453907212741747,0.6514013980338584,0.256745331285029,1.8605615886688234,0.20961578051378146,0.30781986770642206,0.3363984060260816
site_50560992666c8105,554,0.09979395163112977,0.09308234250465887,0.03597930371757696,0.05346890775514346,0.05149115175836451,0.03597930371757716,0.9630111015950443,0.7656163383126089,5.517193361314572,51.56761774758101,1.1677634452504169,1.5838439494765342,1.46884164500922
site_50a31a0d244519cf,60,0.08843846011376073,0.04545902610222498,0.07586064970147881,0.040734251217154134,0.06337255038944598,0.07586064970147882,1.555755868730891,-0.01539431705267257,0.46928167363759493,2.7275415661334987,-0.002384364241361617,0.09955675333333337,0.24096480857177216
site_51e9108791d53546,293,0.06598228088835345,0.04676845698816378,0.0465443103093799,0.06933977302760085,0.06669971627976447,0.04654431030938003,0.9619257947846829,0.7665481677461865,1.2756227876302648,13.703157897531987,1.0387558258856575,1.4087452081911263,1.3035136804777154
site_524c0b4f56437dd1,10,0.0823924824271038,-0.015652189785242084,0.08089208932539307,0.14756248337568734,0.07451062853354176,0.08089208932539324,0.5049429016712949,0.9451132541496768,0.06788521160500609,-0.15652189785242082,0.10391495074518026,0.21774686499999998,0.055518337644634486
site_52a99c537fd71479,333,0.09323841709122514,0.03547655624938799,0.08622538128858158,0.08652864379607587,0.06099090018755569,0.08622538128858165,0.7048637019123333,0.3573953959235016,2.894903006418529,11.8136932310462,0.6280845741317929,2.4932396636636636,1.2387233385942307
site_52efe15d6a747228,616,0.0451106065648122,0.011305634559536135,0.04367092226930295,0.046588341192413354,0.07245392930888123,0.04367092226930324,1.5551944425246018,0.8166023211782567,1.2535395639814912,6.964270888674259,1.6979719542957092,1.3370116975974027,3.2337362733345563
site_53e750ed31ea8834,151,0.038656894576336615,0.02385546249585436,0.030418290671812728,0.03583957158577833,0.04486808758779701,0.030418290671813536,1.251914730074545,0.7376459958808468,0.22564768024118645,3.602174836874008,0.17911225647217785,0.19395570860927153,0.30398493785171987
site_545c918e740bed59,7,0.08213579345233278,-0.08016117624385018,0.017901798491957846,0.06309510799627198,0.04917677844725886,0.017901798491957874,0.7794071522972034,,0.047224019962309904,-0.5611282337069512,0.0212760583079287,0.027866948571428577,0.01692848876915548
site_5475cf38df836ff4,649,0.036560984415951896,0.0008749581241093367,0.03655051339919226,0.06925576466485667,0.061242793971148964,0.03655051339919252,0.8842988633150732,0.8500816505045623,0.867521922369797,0.5678478225469595,2.340002184601188,3.112838249614792,2.4341911988917975
site_54c3846d0762e78b,725,0.03710252034415355,0.018324559040234004,0.03226154912383016,0.024181784164419177,0.037543964907549424,0.03226154912383016,1.552572161436757,0.525124672641834,0.998032836519038,13.285305304169654,0.34564390750064933,0.4239500468965517,1.0219232432099943
site_54c3cc61243c3e27,143,0.08850912694850811,-0.057098995562199946,0.06762817651670786,0.10409122170627527,0.06238175416540059,0.06762817651670826,0.5992988951693687,0.7817866117906079,1.1202427741057588,-8.165156365394592,0.7259320232508899,1.5494024883916082,0.5564821051436037
site_54f5633d7a10a0e4,93,0.08624135457598757,-0.003905370329015999,0.0861528834206636,0.0946155407443864,0.07867570966860964,0.08615288342066363,0.8315305186614127,0.5185186560131837,0.6916941252364127,-0.3631994405984879,0.3589636562040656,0.8325453511827957,0.5756576581429201
site_551190f45891f632,40,0.14907115194506565,-0.13835800330340864,0.05549118185912802,0.06036803790086274,0.06042641715413955,0.055491181859128574,1.0009670556689731,0.5779308907762637,0.888888333689154,-5.5343201321363455,0.08432761251926421,0.14577199999999998,0.14605407560344363
site_554a93a7d6df9a9f,46,0.039043533390754635,0.03131361993110698,0.02332069266649582,0.024483318652697546,0.012378155199838679,0.023320692666495828,0.5055750560382005,0.3444830573723551,0.07012228498320873,1.440426516830921,0.004802328974980375,0.027573913043478265,0.0070480614029594935
site_557840f3689665d3,108,0.06817154281673503,-0.005351107369749634,0.06796120143089988,0.08240330734702579,0.04262622793669298,0.0679612014309002,0.5172878287176116,0.5677619351285234,0.5019147990015053,-0.5779195959329604,0.21538307537502716,0.7333529466666666,0.19623549327597778
site_572718242301a76e,118,0.06557860165170667,-0.059901788717508314,0.026689486751082712,0.049265718038592386,0.05901092783735844,0.026689486751084325,1.1978091497850925,0.8938228797036945,0.5074652533620005,-7.068411068665981,0.30662724062781466,0.2863990949152543,0.41091017329865914
site_572a1b583bd03d5b,234,0.07218707920617143,0.05039770176217087,0.0516821638615233,0.05137071270857845,0.06869972147864538,0.05168216386152331,1.3373324576665477,0.6641189718479629,1.2193680106104277,11.793062212347984,0.5484440279005047,0.6175143290598291,1.1043985051109673
site_57c9411d53d3b891,847,0.06681438593293432,0.002805710952784405,0.06675545036657693,0.0605363880011129,0.060948661253468595,0.06675545036657693,1.0068103378144748,0.39612614836349214,3.781145355953042,2.376437177008391,1.2379343014051534,3.1039621685714285,3.1463841943757838
site_5809bead57720978,62,0.056436948628241175,0.007836670841901533,0.05589021167058167,0.03910725932010139,0.060103701773235874,0.05589021167058215,1.5368937332395005,0.4292968774842451,0.19747800856893746,0.48587359219789505,0.06256162507159094,0.09482141935483872,0.22397220794445677
site_583630b60a1838c6,202,0.03836075179928453,-0.00028598916102754,0.03835968572350517,0.05820875358755118,0.05515967422437156,0.038359685723505295,0.9476181987199994,0.7723029173849565,0.29725255027847497,-0.05776981052756308,0.5008976997608449,0.6844283168316831,0.6146031114288377
site_58667ddb3903bbc2,535,0.09267768812272557,-0.07973513562311636,0.047238353304665776,0.05884529619790136,0.03346566978194426,0.047238353304665776,0.5687059449815085,0.5969789260370836,4.595197323538656,-42.65829755836725,0.6289614924327513,1.852581353271028,0.5991738138654635
site_5896b54480755cab,20,0.09408136583612517,-0.04956553785055876,0.07996599811904836,0.10300508482594439,0.031243283887002947,0.07996599811904835,0.3033178793046685,0.806600247935517,0.1770260679518164,-0.9913107570111752,0.051916294328682125,0.21220095000000003,0.01952285576087716
site_58e380359cb64c9c,342,0.05027445453291633,0.0036217427987452833,0.05014383070410564,0.05435285699174179,0.042412982896597395,0.05014383070410569,0.7803266515142249,0.48555994245953343,0.864412106275137,1.2386360371708869,0.3828160624475333,1.0103477076023393,0.6152105024199757
site_591f3f72c730f39a,46,0.09618182429650617,0.08245770372774289,0.0495143456076293,0.07064923070792722,0.07621438682262159,0.049514345607629386,1.0787716449128995,0.7752154383823314,0.42554339295018334,3.793054371476173,0.19201035116062215,0.22960043478260866,0.26719710690241694
site_5977dd6efaf94985,77,0.07431371035095387,-0.00647590811422893,0.07403100809945473,0.08623716657354782,0.03110025702904124,0.07403100809945502,0.3606363504825639,0.5450199209057677,0.4252346210516611,-0.4986449247956276,0.11255416193886042,0.5726373651948052,0.07447640101997705
site_59c7d9e52ad4d8ab,85,0.06372213034185471,0.013853016328811649,0.062198101529692996,0.08565764802024312,0.05292994711883955,0.06219810152969316,0.6179243575113202,0.6914875350744807,0.3451433411008673,1.1775063879489902,0.26648384562976213,0.623664776470588,0.23813424067026778
site_59cc92ae49f9c2af,36,0.021950638506428453,-0.0058939601828654625,0.021144544549426835,0.022148628137992246,0.009897357090716343,0.021144544549427005,0.4468609536018663,0.32258059025479513,0.017345899110236384,-0.21218256658315665,0.002545697548323207,0.017660222222222226,0.003526476385721511
site_59e0fe7c4ae0f849,113,0.07016397910967015,0.02446670573105854,0.06575989868584056,0.09194447516960501,0.05416578404216733,0.06575989868584081,0.5891140706633067,0.7091373001972807,0.5562971879887518,2.764737747609615,0.3990795235968796,0.9552778761061946,0.3315343341820061
site_5a51afb7ef849491,62,0.10483376742359277,-0.07870083498185683,0.06925530568398701,0.0842079644066458,0.054022913512922814,0.06925530568398704,0.6415416153755078,0.5729804592357948,0.6813873651178843,-4.879451768875123,0.16160793174514848,0.4396408387096774,0.18094546143433377
site_5b0bcc4b6a2f87e4,66,0.04106702733491259,-0.03692213007843856,0.017979350505435972,0.027514066900595928,0.022222530068489704,0.01797935050543598,0.8076788556477772,0.758553202881555,0.11130904845234621,-2.436860585176945,0.03061105329011652,0.04996357590909092,0.032593495614565315
site_5ba32085b805fa13,239,0.07726184185800739,0.06123859124827086,0.04710867382148373,0.06628595533113985,0.08448634648038175,0.0471086738214861,1.2745738679984253,0.8314387616110923,1.4266847375427265,14.636023308336735,1.1128489442522242,1.0501248619246861,1.7059683152431444
site_5bf25e0531f88e2f,60,0.03476676441854388,-0.01775109431564808,0.029893587250972332,0.025621066147909523,0.026488625848842814,0.02989358725097233,1.0338611865690872,0.3421854046812056,0.07252367448807173,-1.0650656589388847,0.01393379313552131,0.039386341833333324,0.04209883796159902
site_5c129902816da317,37,0.04499404670960183,-0.02635740298677135,0.03646575855647005,0.043345335566963954,0.03614329092253159,0.036465758556470065,0.8338449904648685,0.5921591453636704,0.07490517685431576,-0.9752239105105399,0.03432497486995684,0.06951627027027028,0.0483344867122979
site_5c29c7471e58357f,54,0.062229171549097316,0.046848794647940874,0.04095925086866273,0.04978296172852363,0.046664017780533015,0.04095925086866374,0.9373491684765797,0.6410073182630118,0.2091133687510971,2.529834910988807,0.0804117672584123,0.133830537037037,0.11758664999278268
site_5ca415a5fd8c11f3,149,0.10503244192539632,-0.08965565121053849,0.05471451418797411,0.08101702697285208,0.04632542625411309,0.054714514187974954,0.5717986451124185,0.7615107697168605,1.6437402646649508,-13.358692030370236,0.4258513657167654,0.9780000402684563,0.3197607225261652
site_5cc61f026daaaf5d,1,0.15212865943908693,-0.15212865943908693,0.0,0.0,0.0,0.0,,,0.023143129022733695,-0.15212865943908693,0.0,0.0,0.0
site_5cf31f5c04158e4a,244,0.0962495031558949,-0.018186554537444815,0.09451569230457535,0.09776181710480544,0.04112258386012386,0.0945156923045755,0.420640543291441,0.28794749369496603,2.2604079132926156,-4.437519307136535,0.28245729080868553,2.331998983606557,0.41262032441323226
site_5d503d0a92bc4d22,106,0.07354690703599515,-0.03738649043856928,0.06333559715711286,0.10222357348290118,0.06582399871174918,0.06333559715711286,0.6439219102701345,0.8003742829809269,0.5733696386634992,-3.9629679864883434,0.5708661754828297,1.1076638514150943,0.45927667347886203
site_5d637e79fa207678,82,0.07426110130462121,-0.05290520162771387,0.05211286604770607,0.05495999437371328,0.0475539920592435,0.05211286604770672,0.8652473967862707,0.4909444068322883,0.4522063156919677,-4.338226533472538,0.10521552571954162,0.24768928048780486,0.18543333718318872
site_5d79652f78de4312,15,0.07168184386184302,-0.015834650042851773,0.06991101914186387,0.15182887823687122,0.09017651690970548,0.06991101914186432,0.5939352115150276,0.9603204570971149,0.07707430109150464,-0.23751975064277658,0.1972219640338421,0.345780124,0.12197706302949596
site_5de3489054d45a0f,49,0.09365154693134445,-0.06695754403484111,0.06547747352682544,0.0662025214340932,0.04737153191312134,0.06547747352682554,0.7155547989253138,0.3729991482080939,0.4297599998890568,-3.2809196577072144,0.057318640343996946,0.21475591836734695,0.10995903975399779
site_5e24def8042ec3b4,11,0.07094611372419223,0.004044727515090597,0.07083072237309658,0.07891013824189748,0.033046015939818915,0.07083072237309658,0.4187803579625853,0.4413636815441415,0.05536686157822617,0.044492002665996566,0.012660218202254991,0.06849490909090908,0.012012430864442425
site_5ec485e1198852d4,13,0.05136293202557123,0.0037300647827295166,0.05122731110433273,0.12134433620484346,0.08322825670242451,0.05122731110433274,0.6858849725126474,0.9420056593635926,0.03429596022142486,0.04849084217548372,0.12367649605830129,0.1914178230769231,0.0900502552784207
site_5ed1da21a10b6003,106,0.1044335121542071,0.022091306483633114,0.10207023385252487,0.061833925136552746,0.06728316790990327,0.10207023385252513,1.0881270720129206,-0.2485196640917358,1.1560739968514697,2.34167848726511,-0.1095973038169784,0.40528403556603776,0.4798646165031771
site_5edf4f1cdc32395a,114,0.04701141294816772,-0.027580554992483373,0.03807080158979781,0.05483182057204836,0.0467370505123628,0.03807080158979812,0.852370941266684,0.7299971231691349,0.2519483160016793,-3.1441832691431046,0.21326518673658895,0.34274425438596495,0.2490161155278473
site_5f27021d111ffc54,10,0.04729192895073844,-0.02947229639291763,0.03698527124693975,0.03347372103606052,0.023824001505601353,0.03698527124693977,0.7117225324288348,0.2007345446605192,0.02236526543881693,-0.2947229639291763,0.0016008137926459302,0.011204900000000004,0.0056758304773889545
site_5f52ef3c28075a93,123,0.03981107976346439,0.01644315346372806,0.03625665147391871,0.05230450635861821,0.046358974809659295,0.03625665147391897,0.8863285027834075,0.7362247928408774,0.19494541484774963,2.0225078760385515,0.21957782601528777,0.3364986504065041,0.2643460090845229
site_6009b70703dc2497,93,0.05877145084372781,-0.0020250836521066655,0.05873655140096909,0.08207340859374809,0.056414468553813844,0.05873655140096935,0.6873659754166855,0.6985394971402663,0.3212297593877345,-0.18833277964591988,0.30079241983159893,0.6264521290322581,0.29598108038546034
site_613f62e07f148531,126,0.07133372823010858,0.05500195879359094,0.045423400490002,0.04559188861389942,0.06943235655451382,0.04542340049000302,1.5229102953490339,0.7638773151222921,0.6411510986840808,6.930246807992458,0.30467978931726913,0.2619061587301587,0.6074273692258556
site_617d5a69b08b72f8,37,0.12266927031906805,-0.08173427382836469,0.09147271922470922,0.07206473836561744,0.07194071171018795,0.09147271922470934,0.9982789550306802,0.1930347357991131,0.5567667455826658,-3.0241681316494935,0.037028381862149046,0.1921530810810811,0.1914922420506298
site_617d695493df2178,92,0.07496546078845802,0.06571472653422665,0.03607485312177502,0.06069567942568218,0.05304668301628244,0.036074853121775295,0.8739779094364463,0.8069872725208171,0.5170234686327769,6.045754841148852,0.23903996840200348,0.3389248260869565,0.2588834532707552
site_6198a28ec3f8f86a,57,0.02943269039992737,-0.012249485582217837,0.02676253663517369,0.016859985757086134,0.03255848879343825,0.026762536635174104,1.9311101007160778,0.5720897674492055,0.049378146058144674,-0.6982206781864168,0.017900306935137823,0.0162027698245614,0.0604231459732093
site_621b9dc6415ad601,132,0.059060977353720304,0.012154964671983867,0.05779667706537709,0.07593520439361019,0.038420845559110794,0.057796677065377645,0.5059688173084557,0.6687005599454067,0.46044227406891947,1.6044553367018703,0.25752281015847217,0.761132495151515,0.19485330129896977
site_621eb1eb5435955b,195,0.06107469129073149,-0.016049705738899033,0.058928133026194755,0.11636337178523204,0.07891101133286772,0.058928133026194776,0.6781430455496865,0.8872921825969822,0.7273729936703398,-3.1296926190853114,1.588748571232993,2.6403846871794867,1.2142548033673157
site_6277027d8a1380c0,524,0.06375432369273924,0.047078892644125084,0.04299059963435631,0.062282883298764025,0.03828056688023879,0.04299059963435671,0.6146241929200866,0.733229675359767,2.1298576257077317,24.669339745521544,0.9160483362886855,2.0326785572519084,0.7678705435523556
site_62a63d63c871f1e4,95,0.13107075764309545,0.025390980537125938,0.12858787507575647,0.07877731837467375,0.11212897806256306,0.12858787507575647,1.423366273135436,0.12701664531017784,1.6320566333678308,2.412143151026964,0.10658676977015247,0.5895572595789474,1.194426233528701
site_63012b87359e4210,129,0.07379050393539059,0.06206877174696258,0.03990621561689802,0.04944230652162411,0.05368071324385943,0.039906215616898076,1.0857242920166277,0.7033753485933881,0.7024099627640175,8.006871555358172,0.24082072193770443,0.3153458759689922,0.37172884769366105
site_6307ca95d0b03b26,71,0.031976979017480416,-0.0189205107766138,0.025778701655367043,0.04272980392679444,0.030642248326281683,0.025778701655367556,0.7171165207960842,0.8020248589315817,0.07259943028299116,-1.3433562651395796,0.07455859338117529,0.1296343661971831,0.06666526415675539
site_63148af2428e7132,211,0.046144914579001,0.0232748346461504,0.039845140402534104,0.05252273314395938,0.04172355868856787,0.03984514040253458,0.7943904703932277,0.6643722452758989,0.4492935128571961,4.9109901103377345,0.3072009802659117,0.5820725118483412,0.3673204787736955
site_633f81ba98074791,63,0.0661955150561088,0.026528204444381927,0.060647346046637525,0.06551589945487049,0.03465705684796517,0.06064734604663753,0.5289869655508292,0.3997519336149331,0.27605631145324216,1.6712768799960613,0.05718333877966043,0.27041698412698406,0.07567003012987462
site_6367b6400c1e48bd,400,0.05404824849474509,-0.006845569673418999,0.053612977358062114,0.07382420859675708,0.04121224265929936,0.053612977358062135,0.5582483502723214,0.702410170490864,1.1684852661398861,-2.7382278693675994,0.8548222757500783,2.1800055099750004,0.6793795780035897
site_638a0536fcb5886f,372,0.035909757432940906,0.0002364291759428172,0.03590897910185442,0.046977141211981564,0.03198907967176178,0.035908979101854664,0.6809499013022728,0.6457132307266408,0.47969797254806756,0.087951653450728,0.3609698716280381,0.8209488682795698,0.3806680531876321
site_639be43d81e5bd5a,671,0.18283740296232637,-0.1488346563280073,0.10619680314271265,0.10708313036524551,0.030120679985549556,0.10619680314271265,0.28128314780126573,0.16994566521313775,22.43120518366744,-99.8680543960929,0.36780568883673537,7.69422065871833,0.6087683484333553
site_63bba9458fdad7de,128,0.10548459816216087,-0.020079788158833982,0.10355579441503455,0.09727780967856633,0.03169613933422565,0.1035557944150355,0.3258311370183884,-0.04154355331443838,1.4242560575273666,-2.5702128843307497,-0.01639584335200489,1.2112604487499998,0.12859459183291477
site_63e7e96910147c52,10,0.046125182510126914,-0.02769970546722413,0.03688168622258955,0.038586252733324604,0.04377864235918602,0.036881686222590034,1.134565791131541,0.6053589160390831,0.021275324615925177,-0.2769970546722413,0.010226048240959648,0.014888989000000004,0.019165695268135163
site_63fc50b0256f0fb6,2,0.0674183438486587,-0.004603530466556538,0.06726098865270613,0.10999999999999999,0.042739011347294506,0.06726098865270655,0.38853646679358644,,0.009090466174591954,-0.009207060933113076,0.009402582496404646,0.024199999999999996,0.0036532461818883366
site_6411ebbe96528026,629,0.18677994991014676,-0.16108909412829028,0.09453599019084617,0.11932053666975967,0.04725149873707346,0.09453599019084621,0.39600474533441127,0.6680509081497896,21.943765554026832,-101.3250402066946,2.369141445667685,8.955318606359302,1.404370899593883
site_651ac46c08004df7,214,0.09476232986287622,-0.06108044640951068,0.07245052261685526,0.10170371982012809,0.051634574150600576,0.07245052261685526,0.5076960237238208,0.7389130401923516,1.9216984204626804,-13.071215531635286,0.8303946480695193,2.2135403778037386,0.5705516590107681
site_651b6ffa617fc102,117,0.10667189540487268,-0.0717563211390096,0.07892986536073289,0.09794072622190715,0.04362922076090647,0.07892986536073339,0.4454655631412665,0.6161801453521673,1.3313305125043675,-8.395489573264122,0.30805931000607645,1.1223091447863247,0.22271054179185779
site_653b7646a624636a,25,0.07706396535313277,-0.05770560641884804,0.05107756595396702,0.08456618709626207,0.05748506674469359,0.05107756595396708,0.6797642026742685,0.8070954888778228,0.14847136889872117,-1.442640160471201,0.09808818943575025,0.178786,0.08261332246604693
site_655489b2dd82c473,432,0.10460612222497809,0.09974205186300808,0.03152719297850766,0.02658597445743731,0.04096239933309358,0.03152719297850766,1.5407522262790156,0.6385381022945377,4.727134428601127,43.08856640481949,0.3004059527721946,0.3053436643518519,0.7248606447414925
site_655b8133c0a83295,77,0.08034567963927708,-0.02725818983455757,0.07558054857991284,0.08222761501634823,0.05320501647897385,0.07558054857991334,0.6470455998072643,0.443406244759622,0.4970679742256954,-2.098880617260933,0.14936980235731445,0.5206263116883117,0.21796958094664665
site_657937702d0a4647,131,0.09396936678591636,-0.0806860229577727,0.048166457139838074,0.062484535001768836,0.035121961945563676,0.048166457139838074,0.5620904747801905,0.642004945043879,1.1567616881331366,-10.569869007468224,0.184569943438732,0.5114655419847329,0.1615953396286366
site_6641dc35f7f7b1d6,5,0.04397856232570241,-0.033045445728301995,0.029019174020870044,0.028336548837146692,0.025692897527347828,0.02901917402087142,0.9067052475235349,,0.009670569721178458,-0.16522722864151,0.001552431306242942,0.004014799999999998,0.0033006249167539803
site_667d683049a1748d,80,0.07642879795822868,-0.004380049647390842,0.07630318684318585,0.09123269613329422,0.030289632999230032,0.07630318684318586,0.3320041419687499,0.6185648742749703,0.4673088925871792,-0.35040397179126737,0.13674761554207654,0.6658723874999999,0.07339694937824359
site_669ad6ba4bcd30e6,57,0.06283451406277861,0.0496924213683396,0.03845568119351037,0.05604167314564009,0.05936126140858783,0.038455681193512295,1.0592342818588025,0.7793883120956017,0.22504604097781478,2.832468017995357,0.14778928846434544,0.1790181403508772,0.20085428329306582
site_66c5aa948cb00d80,6,0.06396199229880394,0.060978590170542406,0.019306682771654066,0.024451766580124407,0.02572520184781738,0.01930668277167707,1.0520794791460213,,0.024546818752993527,0.3658715410232544,0.00266078069806099,0.003587333333333333,0.00397071606066568
site_66cab69faab895b3,471,0.09374238131185247,0.023732378955353097,0.09068852321620559,0.08392976881627574,0.04805171570124255,0.0906885232162062,0.5725229126560435,0.13994220177326586,4.138975639441887,11.177950487971309,0.26582421219491287,3.3178210700636943,1.087523636843362
site_67582d7e0a88b810,49,0.0291745815386087,-0.0041660126654469234,0.028875604693655566,0.03787679230415345,0.05227964345151672,0.028875604693655903,1.3802553033453127,0.8418434734590138,0.04170665418969345,-0.20413462060689924,0.08168329322201255,0.07029791836734692,0.13392489485146805
site_6770b4e6f1f2e8bb,271,0.07876181760928218,0.018979247658894954,0.0764409057469897,0.062007567659929944,0.04180676787830848,0.04520216500184419,0.6742204130242725,0.6846158413307373,1.6811278804549326,5.143376115560533,0.48095841078481594,1.041978319164314,0.4736553827567376
site_68221dfdbb1b1ea4,128,0.11793225981103922,0.04046513920743018,0.11077269705600633,0.12578338095050492,0.05569680487241967,0.11077269705600656,0.44279939409750846,0.4748256270493088,1.7802262917297222,5.179537818551063,0.42579216532956343,2.0251467421875002,0.3970731613435381
site_68322e90dd9563bf,434,0.13828495566111548,0.1322556195346304,0.040387870254666405,0.05430036750745142,0.05699882403384546,0.040387870254666454,1.049694995637437,0.7376626104891468,8.299264369593356,57.39893887802958,0.9908688262081812,1.2796619815668202,1.4100078184987148
site_68a69fed5c9dc2db,169,0.09174400207065364,0.030136537322983936,0.08665304976814431,0.09944242756834856,0.03283873502325155,0.08665304976814446,0.3302286139452992,0.5295300265628377,1.422466563793877,5.093074807584285,0.29223715623966334,1.6712065917159762,0.18224664552971842
site_68bc9d9136a91d21,185,0.058078973413084045,-0.024961675673884322,0.05244122329112408,0.042326490573122995,0.042480364457799506,0.05244122329112503,1.0036354038001494,0.23526424201254856,0.6240359232527788,-4.6179099996685995,0.07825789233019223,0.33143338378378384,0.33384755242648295
site_68cc6a1e0541208f,9,0.08883915333525516,0.042633760499954224,0.07794073152695911,0.08518190267427629,0.011021685235456736,0.07794073152695956,0.1293899864810736,,0.0710315564879248,0.383703844499588,0.005862044059567981,0.06530360888888889,0.001093297908865365
site_68df3e54f8cc23c6,117,0.0363932937691539,0.012664098664226693,0.034118798870866884,0.05615548658312375,0.0437289771156537,0.034118798870867016,0.7787124602851441,0.7944157724808487,0.1549632042700485,1.481699543714523,0.2282418260798177,0.36895232478632484,0.22373014243101969
site_68e0a7cac180b7fb,385,0.11607611833879003,-0.09528559879668347,0.06628966669518155,0.0833265780137073,0.03362323713794226,0.06628966669518174,0.40351155584969794,0.6566564165790565,5.187361120711303,-36.68495553672314,0.7083077479459636,2.6731776623376624,0.4352509991192054
site_694aad5289524593,35,0.10177543400960849,-0.0732869570161615,0.07062054162320952,0.13300396188667096,0.0892408977517595,0.07062054162320984,0.6709642065234059,0.8705892067869015,0.362538363874546,-2.5650434955656527,0.36166778917387127,0.6191518857142857,0.2787378241038998
site_69670e737191984a,288,0.12931293053785567,-0.11348453815633223,0.06199268992173394,0.09884129238454399,0.05253925733764469,0.06199268992173396,0.5315517034443425,0.8363952034741496,4.8158881932350255,-32.68354698902368,1.2509108694872508,2.813645111111111,0.7949875857382802
site_697fb58ab8720f1f,11,0.10631936352909127,-0.023226823769916194,0.10375124923967094,0.08030020944159258,0.07762465070031102,0.10375124923967104,0.96668055089909,0.13711797726438815,0.1243418776735417,-0.25549506146907813,0.00940163572654128,0.07092935999999998,0.06628145035979827
site_69dbfe52882f2d4a,41,0.022188136077358443,0.015352072228745718,0.016019589909568532,0.02210281421431991,0.02247685239103,0.01601958990956854,1.0169226494455965,0.7418614306532909,0.02018484868608239,0.6294349613785745,0.015110878588967933,0.020029910243902438,0.020713564629734185
site_6a1c5e38a054464b,129,0.0570171789305092,-0.02293228823990785,0.05220219199684518,0.07102085268098324,0.038458274738860744,0.05220219199684528,0.5415068009899923,0.6952507389471426,0.4193736714219876,-2.9582651829481126,0.24496658575855368,0.6506710355038761,0.19079601756977055
site_6a31951f1e7ac87b,178,0.03210781369303646,0.014401800787348425,0.02869668681622096,0.05379300759112447,0.044931262931704644,0.028696686816220982,0.8352621454673607,0.8458888940826009,0.18350228262611964,2.5635205401480197,0.3639215535896547,0.515076404494382,0.3593496731775597
site_6a5dcbf93bf1dcc1,110,0.08295850101319056,-0.02485101682597941,0.07914884618912918,0.09400310395789603,0.04644778185956947,0.07914884618912929,0.4941090230421904,0.5415924037643101,0.7570324179391094,-2.733611850857735,0.2601192077177492,0.972024190909091,0.2373136083641566
site_6a951d61e5b0518b,6,0.03965294120018675,-0.03655789214372635,0.015358263828738568,0.057964376032947074,0.06555820553963204,0.015358263828748405,1.1310085612302394,,0.009434134474952808,-0.2193473528623581,0.02226561280389627,0.020159213333333335,0.02578726988145985
site_6af774998b80a846,413,0.22436039657785642,0.21362403783065068,0.06857374142849251,0.06786904268052094,0.060092150094528674,0.06857374142849258,0.8854132564886715,0.43091877799150563,20.789423659212652,88.22672762405873,0.7258300391554326,1.9023634721549638,1.491370465732129
site_6af9b829a3e0be45,70,0.12501320303305338,-0.057387689147676724,0.11106283837032552,0.14303219275137086,0.05320427399861304,0.11106283837032581,0.37197411977803235,0.7197147373530373,1.09398106528084,-4.0171382403373705,0.38338821038390913,1.4320745714285716,0.19814863402036442
site_6bb6d38be9a11acb,136,0.10114462499298715,0.07529128067300601,0.06753856838570563,0.08791988948726233,0.07165368911285552,0.0675385683857058,0.8149883892112556,0.6589669857776852,1.3913119824361924,10.239614171528817,0.5645835939713589,1.0512673475735292,0.6982581582335181
site_6caf07a2afe1dffd,660,0.12310043064050263,-0.1166852254332918,0.03922083871437568,0.03945644272308343,0.02526212007291037,0.039220838714376365,0.6402533611609932,0.3294252106971838,10.001452575758952,-77.01224878597259,0.21671475984806365,1.0274951757575757,0.4211953089815732
site_6cb3e406456efe20,55,0.06302654246302865,-0.0576394752612981,0.025495802526026876,0.028467427580620118,0.028750955078226788,0.025495802526027744,1.0099597161283265,0.6029427173676312,0.21847897801641744,-3.170171139371395,0.027141837374351243,0.04457169381818181,0.04546395798506181
site_6cb8ba95bd0dee4d,341,0.0625281465199533,-0.03266289010879931,0.053318896434202824,0.0826569448695578,0.06377651250345259,0.05331889643420299,0.7715808103493216,0.7641657799114455,1.3332312655622744,-11.138045527100564,1.373668946785508,2.3297701524926686,1.3869982495621387
site_6ccc6476b82407ef,37,0.0681471213055889,-0.04046307260281331,0.054834021353336,0.08007879611082781,0.042607953455265656,0.05483402135333608,0.5320753498378885,0.7651364527374309,0.17182911526283007,-1.4971336863040925,0.09659370564890875,0.2372667027027027,0.06717119481290512
site_6ce971c90b49aeb0,57,0.08062414496646254,-0.05972316550392854,0.05416083690050891,0.0547489648069256,0.03682704999466027,0.054160836900508914,0.6726529008271175,0.3522106712102989,0.3705144068396705,-3.4042204337239266,0.04047810839180622,0.17085460140350875,0.0773052018446248
site_6d0e46f32994dd93,485,0.03822168705181389,0.0028900191673298468,0.03811227033777001,0.04810719996959778,0.052783763383596055,0.038112270337770246,1.0972112992847998,0.7182911229934972,0.7085352201270969,1.4016592961549756,0.8846116797711278,1.1224368041237112,1.351270953313696
site_6d48a42f8098677d,204,0.0676988972154802,0.055471383746640346,0.03880806964311825,0.059571649550932755,0.08010247818827773,0.038808069643118295,1.344640928900105,0.8863591317441304,0.934960699575199,11.31616228431463,0.8628304616151488,0.7239514117647059,1.308947030428316
site_6d6ecd1531a550b1,62,0.10038051223486912,-0.08132040051779439,0.05884929647973892,0.10573485972901592,0.058296512707108936,0.05884929647973932,0.5513461961033,0.9016184195521332,0.6247273286651519,-5.041864832103252,0.3445682320465003,0.6931513548387097,0.21070597041622702
site_6d764ff710881490,548,0.06284491226646817,-0.05223366905705337,0.03494462497464103,0.04997190946629732,0.03451842826786362,0.034944624974643554,0.6907566398106914,0.7152625513272647,2.1643166827834843,-28.62405064326525,0.6761187862613967,1.3684610711678833,0.6529539957658381
site_6eaed325c7afd5f2,128,0.01772067487271429,0.009737865224294366,0.01480527942383817,0.016433540379043356,0.01706952536402718,0.014805279423838172,1.0387004242734483,0.6100144571929649,0.04019485669688928,1.2464467487096789,0.02190295339039294,0.034567839921874996,0.0372951931076054
site_6ec0b265c8640204,38,0.030965165619680133,-0.013390585894647396,0.027920130573697015,0.027717310610505204,0.03350428433216613,0.02792013057369707,1.2087855421105533,0.5983170697096651,0.03643597631046038,-0.508842263996601,0.021113801011913708,0.02919347368421053,0.042656408607204044
site_6ed688016a61001c,62,0.04700167037513892,-0.008881909496553481,0.04615483400195742,0.04897456784950518,0.031150325445212686,0.04615483400195742,0.6360510528839188,0.40593985976497293,0.1369677351192991,-0.5506783887863158,0.038396053458846384,0.14870751435483873,0.06016125207124523
site_6f1d891d977773b1,32,0.03900429206736658,-0.013197745498269797,0.03670360082388831,0.05133711156110655,0.04473828670716919,0.036703600823888384,0.8714609245967652,0.7162036204418722,0.04868271358964593,-0.4223278559446335,0.05263774411985651,0.08433596874999999,0.0640484575197719
site_6f28bfb579cd23b2,141,0.07531086806771801,0.015321998010628612,0.07373576626085554,0.09158899281270898,0.07673621014982113,0.07373576626085672,0.8378322306343031,0.6288975937988036,0.7997134857249653,2.1604017194986342,0.623221856020243,1.1827846482269504,0.8302708786902089
site_6f4dcb1e04a51328,266,0.061789604736424246,0.01018026523428752,0.06094520041187082,0.04702640402698127,0.056035559373905405,0.059229198641064296,1.191576530958122,0.34976529235478665,1.0155760974266221,2.7079505523204803,0.24516802624622983,0.5882543917385621,0.8352357212161632
site_6fa03518f2e15749,74,0.06320690560993297,-0.017293825792299735,0.060795036855392774,0.10000801647926467,0.0505742458028893,0.06079503685539331,0.5057019185394522,0.8761980116905735,0.2956383558419403,-1.2797431086301805,0.3279428841187745,0.7401186486486487,0.18927382105129886
site_70208b23c7d145de,47,0.1737111583050019,-0.16188867397511256,0.06298907649938311,0.047286902566868266,0.04779495848818719,0.06298907649938394,1.0107441150453973,0.12229357867711542,1.4182516264242753,-7.608767676830291,0.012990458145753494,0.10509440425531914,0.10736482867371422
site_7062702ffcf77fca,399,0.04026091655952604,-0.025406633057689903,0.031232105258611954,0.08608693131198943,0.07345714225187713,0.031232105258613488,0.8532902861371559,0.9354861210668509,0.6467556194830342,-10.137246590018272,2.3603776847826956,2.956972937343359,2.1529847473771926
site_70a4655a50185729,555,0.031777338758996146,-0.007814130831409145,0.03080160089920035,0.058908875635183995,0.04218542422677567,0.030801600899200567,0.7161132133640646,0.8653845132464589,0.5604385885252194,-4.3368426114320755,1.1935627502258699,1.925991873873874,0.9876835595421324
site_70a6cc65be0123f1,70,0.04370707116179209,0.01858336372375488,0.03955965953155548,0.06977799928110198,0.048645571525869354,0.03955965953155767,0.6971476973694782,0.8352595100113022,0.13372156486793702,1.3008354606628416,0.1984637952674713,0.34082784285714285,0.165647414035493
site_70dba7fc35b9a591,3,0.10114507661589174,-0.08785361258188884,0.050120547482504586,0.08112678691748833,0.031850133715168934,0.050120547482504836,0.3925970068007595,,0.030690979570903835,-0.2635608377456665,0.007625875939925511,0.019744666666666667,0.0030432930530224223
site_70ecc850263e23bf,307,0.06266215043586212,-0.03841716389702663,0.049504208057049144,0.06720525191563823,0.04776247938280667,0.046355093812726546,0.710695637935592,0.7241691121733363,1.205449344854711,-11.794069316387176,0.71362235951569,1.3865795867086295,0.7003451120954609
site_719e76f9794e1f46,104,0.10961416322128809,0.055060908389893866,0.09478164983783993,0.12703211367949516,0.06265289547706653,0.09478164983784032,0.4932051720019489,0.6960095410223467,1.2495875369851315,5.726334472548962,0.5761070677209861,1.6782644222115386,0.4082400724126633
site_71caeba631cb8f76,161,0.06952506280777303,-0.040922679859658945,0.056205592528934784,0.07159939162224704,0.05922295108227903,0.056205592528934895,0.8271432164498662,0.6455589201708916,0.7782312317063904,-6.5885514574050905,0.4407183558153209,0.82536213378882,0.5646846275179364
site_71e9fd683ed1988c,57,0.10343076001100304,-0.08710267690922086,0.05577674956199573,0.09840002589914755,0.05884465445446038,0.05577674956199573,0.598014623642189,0.8664651023241596,0.6097815606378612,-4.964852583825588,0.28597506089881064,0.5519062105263158,0.19737352139829611
site_72da2835c7ea074f,53,0.04331871553584149,0.0304047885289732,0.03085546872409451,0.02941610428270942,0.019911999482845465,0.03085546872409486,0.6769081075956613,0.26439924394461456,0.09945508913078321,1.6114537920355796,0.008207976556400645,0.045861281132075486,0.021013849340456414
site_72f791e7a3b14404,210,0.09212133644975605,-0.006597674972556888,0.09188477193880196,0.09892015738002866,0.046208348064330114,0.07798363995561548,0.4671277249065446,0.6387050167156427,1.782131532150722,-1.3855117442369465,0.6130908909506693,2.0548914825788236,0.44839440047519896
site_734432da6e99253a,201,0.05624034867972286,0.028543215133657505,0.048458865952997185,0.05636410211409862,0.038775216266309025,0.04845886595299788,0.6879417006912631,0.533547342825567,0.6357583407429777,5.7371862418651585,0.234382855274784,0.6385593134328358,0.30220699669630624
site_73483f87b1a225a5,300,0.06818736176045524,-0.027427195323904356,0.06242808070504485,0.10228068846724357,0.060958845068173784,0.062428080705044874,0.5959956467021287,0.8243944506969914,1.3948548911553584,-8.228158597171307,1.5420082147295027,3.1384017699999998,1.1147942376136846
site_734a8ec3d3587deb,510,0.0860441635702546,0.08167083065077368,0.027082715988566822,0.03817370726275138,0.03803884028302945,0.027082715988567017,0.9964670190716969,0.7474472751903871,3.7758350230974123,41.65212363189458,0.553531506690383,0.7431882823529411,0.7379462187396904
site_73fced68c3c0a0ff,515,0.0634352095017032,0.02004055276403149,0.060186394221925656,0.06600998664793696,0.0674170793190094,0.06018639422192574,1.0213163604861355,0.5932293235976179,2.0723732893303626,10.320884673476218,1.359594559470311,2.2440189436893205,2.3407072307113856
site_741bd07218da164c,66,0.028413710982715033,-0.021206868559573634,0.018910518176565867,0.022582272244902273,0.009748024562031169,0.018910518176565867,0.43166712615607983,0.5618780845183607,0.053284372139411215,-1.39965332493186,0.008163385061654404,0.033657295303030306,0.006271582868889555
site_74428aba30f813ae,171,0.032622979521606595,0.004245462192499151,0.03234555369195623,0.05189618521505716,0.0703624258233584,0.03234555369195707,1.355830405101596,0.9034335492592754,0.18198825358028492,0.7259740349173549,0.5641161890206194,0.4605396008187134,0.8465989354848418
site_7463527a899d9995,969,0.07196992494348856,0.014027936543165961,0.0705895678745258,0.087765574681036,0.08292052324101765,0.07058956787452654,0.9447955367736542,0.6592671483726567,5.0191003233838645,13.593070510327816,4.649127396667497,7.4640094200206395,6.662662966152659
site_74ac127e792b6d34,11,0.09097587186403486,-0.0879774269580841,0.023164231203652418,0.020652008486959673,0.025380129884051975,0.023164231203652418,1.2289424488701806,0.5094669178679123,0.09104270187563418,-0.9677516965389251,0.0029374116212129596,0.004691559999999998,0.00708566092224483
site_74d6733a337aa5b5,241,0.05523550538520301,0.027387471622945855,0.047967566680634594,0.06300647379505633,0.07212957253566134,0.047967566680634934,1.144796212057194,0.7560135245350732,0.7352816142932685,6.600380661129951,0.8280282242808847,0.9567255933609959,1.2538447314367127
site_754a56eb31e06ac7,75,0.07209385623097143,-0.0299449848206838,0.06558065256110979,0.11176147139729725,0.05375720107532595,0.06558065256110997,0.4809994034905483,0.9220764709226221,0.3898143079688984,-2.245873861551285,0.41548654372503363,0.9367969866666668,0.21673775005897694
site_756658a5e0df9526,54,0.21250379742850378,-0.20410768118876,0.05914320249430272,0.05108336622828042,0.0308244800636763,0.05914320249430275,0.603415208111549,0.019604903262901787,2.438524651762867,-11.02181478419304,0.0016669928284155037,0.14091355648148152,0.0513080228445828
site_75a0a6603ab1116e,378,0.05399246207148882,-0.010201934801838385,0.05301986879312507,0.09667253597122769,0.05949749708743252,0.05301986879312567,0.6154539806956192,0.8757667644042074,1.101940293084558,-3.8563313550949094,1.9040663030641105,3.532628941798942,1.3381019163548977
site_75b87fcb8d56b55c,180,0.11590012488693625,-0.1034004395232598,0.052356356397328815,0.07387945143573038,0.07062732517678766,0.052356356397328815,0.9559806387873381,0.7383422907379488,2.4179110107853354,-18.612079114186763,0.693468391578123,0.9824712019999999,0.8978794310929865
site_75f094d197034591,390,0.029335993231827447,-0.011290268251376277,0.027076379774810935,0.03546651326878781,0.02718235058163802,0.027076379774810977,0.7664229741343014,0.6553633662449101,0.3356341945701521,-4.403204618036748,0.24640656395128524,0.49057068974358975,0.28816327142579995
site_76b0c722c519421c,779,0.041939330668673815,-0.029992646271059235,0.029314648669146293,0.040418565595877066,0.02514302137966923,0.02931464866914635,0.6220661473012286,0.6920002251406518,1.3701889089534276,-23.364271445155143,0.5478252618380168,1.2726214865211811,0.4924616172727347
site_7701ccd363543751,52,0.025141415363276253,-0.011813230808537741,0.02219320491350896,0.04547414572033303,0.028333833437741526,0.02219320491350906,0.623075661761635,0.9228736158233518,0.03286871985637673,-0.6142880020439625,0.061832308250407766,0.10753069230769231,0.04174591809843935
site_772df34a4c6e4a0a,60,0.06924061837867156,-0.042316479956706364,0.054804915450482154,0.044547060602618135,0.07159376183158453,0.05480491545048661,1.6071489535580445,0.6437994762496072,0.28765579400764973,-2.5389887974023817,0.12319585751987991,0.11906643649999998,0.307540003991859
site_783ea304b6cb08b0,11,0.17672211911090954,-0.17383615270961417,0.031807222358612414,0.03451624841952958,0.013905156264042333,0.031807222358613454,0.40285827402304486,0.38860548641817205,0.34353778121355555,-1.9121976798057558,0.002051639598337086,0.013105085454545456,0.0021268870780017934
site_792ac7c0f3887a80,3,0.1715364280090357,-0.03937063306172687,0.16695717830155718,0.15293900745068276,0.01437019402058483,0.16695717830155726,0.09396029345370696,,0.08827423840229728,-0.11811189918518061,-0.006416785365343094,0.07017102,0.000619507428567756
site_794f4adab7e8609a,986,0.07738150595760517,-0.022552504817987314,0.07402217229115574,0.08664961290865873,0.06418692874344714,0.07402217229115646,0.7407641718043159,0.5527765847591632,5.904066899767148,-22.23676975053549,3.031375777281307,7.403041241379311,4.062282356015132
site_79798e714cfe0874,3,0.12232555741570685,-0.07493361079692841,0.09668762056229248,0.07258178528773977,0.08161377093823997,0.096687620562293,1.1244387364501194,,0.044890625991190175,-0.22480083239078524,0.0038706407884756735,0.01580434666666667,0.01998242282027851
site_7a906ff08163d278,8,0.13717934132504822,0.13589444658756256,0.018731552873005212,0.04675608082110818,0.0316932317517964,0.018731552873005212,0.677841923343763,,0.15054537349099267,1.0871555727005004,0.011358883838355541,0.01748904875,0.008035687510984602
site_7c54957b5bc14b62,396,0.029784642925585088,0.02175075422061814,0.020347718423422017,0.022025910320260998,0.019260793066241715,0.020347718423422017,0.8744607049691049,0.5210410102987068,0.35130148186502386,8.613298671364783,0.08753366752770363,0.19211572727272727,0.14690734721807164
site_7ce6c15ef40a9887,868,0.11527177536132108,-0.08677053942008776,0.07588448908504203,0.07566468504602744,0.07520346474492302,0.07588448908504206,0.9939044178823468,0.4940251722360131,11.533621345217353,-75.31682821663618,2.4400564952509725,4.969425480783411,4.909027043168283
site_7d5d2b00a197b946,177,0.07821497041060739,0.023857108666533126,0.07448771685590463,0.09956295488153498,0.09866833165916909,0.07448771685590509,0.9910144970744355,0.7176413369891892,1.0828119425507974,4.2227082339763635,1.2478324499845672,1.754562411299435,1.7231728220154707
site_7dc3504cdb8699cf,179,0.07814919559845528,-0.06956845861007382,0.035602336149529124,0.043815180527190765,0.037054141158483385,0.035602336149529956,0.8456918518340549,0.6237175281971695,1.0932061223107263,-12.452754091203214,0.18126015086755076,0.3436388379888268,0.2457686784817134
site_7de361dfa684e7f9,3,0.04359940529597083,-0.04285561283429464,0.008019014325923743,0.04027681991198192,0.03596412340381834,0.008019014325937587,0.8929236092226687,,0.005702724426486989,-0.12856683850288392,0.004277003705501557,0.004866666666666669,0.0038802545166152225
site_7df014884b3dac8e,148,0.16597246981720415,0.162142643999409,0.03544888903906094,0.03602433790981813,0.039980752212013394,0.03544888903906117,1.1098261489801586,0.5691912648745979,4.076935389108966,23.997111311912533,0.12132964040298719,0.19206743243243243,0.2365721610208853
site_7e8e5e3d7101de47,48,0.08618027131567804,0.07625952270726365,0.04014379604003865,0.059163375348596274,0.03486714748646019,0.04014379604003904,0.5893366847482858,0.7524750598924027,0.35649787987410625,3.660457089948655,0.07450796630345285,0.1680146391666667,0.058354462744443225
site_7f0acd7df3af84c3,388,0.1066241904384597,-0.053289961509944236,0.09235203294419449,0.09903529517662706,0.04315186008960394,0.09235203294419451,0.4357220323587025,0.3675128918321096,4.411062578822886,-20.676505065858365,0.60938789781183,3.8055,0.7224882153267884
site_80ae082a98e7f1d4,133,0.055667676966904896,0.0036677538766000492,0.055546717638329975,0.08540269575418945,0.058935154200324594,0.05554671763833283,0.6900854086615119,0.7630834147830602,0.4121524044325926,0.4878112655878065,0.5108220776533497,0.9700515187969923,0.461955869281933
site_81129771a744e168,1,0.0015433828830718754,0.0015433828830718754,0.0,0.0,0.0,0.0,,,2.3820307237592545e-06,0.0015433828830718754,0.0,0.0,0.0
site_8126bf120df6e8fa,258,0.055625817606976546,0.043588977419590766,0.03455767110149392,0.05492842855649593,0.04183577931715094,0.03455767110149407,0.7616416565444121,0.7774528042810515,0.7983117487867124,11.245956174254417,0.46093403610125067,0.7784201240310078,0.4515599672169255
site_814a74a697656439,144,0.09128329444597466,0.08630123451041677,0.02974452499013143,0.03232151845992938,0.04310734676460146,0.029744524990131943,1.3337042570584616,0.7242498080095796,1.1999001376671132,12.427377769500016,0.14530947363004088,0.150434,0.26758704169203784
site_81c3c43b60e335cf,79,0.07313553926523547,0.036072816188727756,0.06362042939049578,0.08524339088629278,0.08493922379913928,0.06362042939049677,0.9964317809980221,0.7204984220461867,0.4225557611857272,2.8497524789094926,0.4121251615457142,0.5740484194936708,0.5699590674284212
site_81d19e24593ab11d,26,0.051680958369808884,-0.024989197790622714,0.04523783208557917,0.05531043376109283,0.028750077424007304,0.04523783208557926,0.5197948283716237,0.5783466170460728,0.06944395790856989,-0.6497191425561906,0.023911544578006635,0.07954034615384616,0.021490740749046777
site_827e793321bdd790,11,0.12202870494850342,-0.07183075998804786,0.09864758867275146,0.127330732236569,0.06840357704506618,0.09864758867275153,0.5372118407202632,0.6406989022475064,0.16380105314549792,-0.7901383598685264,0.06138449885432016,0.1783442690909091,0.051469542878163355
site_82fc0f846e9a1ddb,251,0.17461307277042262,-0.16939879814151274,0.04235294996266404,0.06195967850119999,0.07740395831495445,0.042352949962664095,1.2492633949586318,0.8378574732452022,7.6529210207645555,-42.51909833351969,1.0085935701080453,0.963589441752988,1.5038345634686245
site_83403fd7c9ad70f1,108,0.06197279879498052,-0.055383690635694385,0.027807815485090433,0.04540135475452196,0.03870901432842588,0.027807815485090637,0.8525960191654958,0.7927421475474428,0.414787801372179,-5.981438588654994,0.15046539489565486,0.222618565462963,0.1618258813500542
site_8350ab85e51c782b,81,0.07366247011467496,-0.041219812095018085,0.06104986973161189,0.06538657500920378,0.05326918520311764,0.06104986973161414,0.8146807688829013,0.4860517677613087,0.43951891977502583,-3.338804779696465,0.13712990942034456,0.34630773950617283,0.2298460934685278
site_84025ad53bb001c3,582,0.0754309923128911,-0.01333235752756653,0.07424340269724021,0.09712693086174341,0.07333695518698559,0.0742434026972405,0.7550630348999499,0.6528060858455458,3.311483737960928,-7.7594320810437205,2.7062612535406636,5.490378886597938,3.1301758357289966
site_841029a3fc0d0421,80,0.09882312751290291,-0.07161032689362765,0.06810265496747728,0.06869845226604454,0.06709373399776108,0.06810265496747744,0.9766411292343391,0.49716213139168003,0.7812808425145175,-5.728826151490212,0.18332299487572162,0.37755818750000003,0.3601255313409857
site_84dbfb194c437ec0,301,0.051838667600367115,0.017415403368663155,0.048825722565960114,0.06362632770447298,0.05508464783204377,0.04882572256596012,0.8657524301559097,0.6703137744870918,0.8088614850329867,5.242036413967609,0.7071508613872988,1.2185411827242527,0.9133298464608655
site_863f22c1c90857e1,146,0.07405464032226161,-0.06881102590916092,0.027370284371710893,0.040772729973309975,0.02104067058428346,0.027370284371710896,0.5160476278644276,0.7903110233089468,0.8006771039758922,-10.046409782737495,0.09898747889128552,0.24271266438356165,0.06463563352090436
site_86b7f22d3a648755,251,0.07191498434688583,-0.011591378228645402,0.07097467805050839,0.10012945980962007,0.05102786991737163,0.07097467805050886,0.5096189474545538,0.7429793745858946,1.298113008376821,-2.909435935389996,0.9528395868649907,2.516503089163346,0.6535647205843542
site_86deda94196a1d6c,8,0.017549315245706798,-0.008635605214536188,0.015277591046099917,0.06693551817794496,0.06421430933828666,0.015277591046099945,0.9593458164852912,,0.002463827724745576,-0.06908484171628951,0.033481745317485184,0.03584290875,0.03298782019034535
site_86f357dc9d6e4680,58,0.15169533652451564,0.1137457389375259,0.10036623932798444,0.10935828825954741,0.0313478034207921,0.1003662393279853,0.2866522868974709,0.4183808446054221,1.3346655571505905,6.597252858376502,0.08318760181220954,0.6936356422413793,0.056995717199900264
site_87666ca1581a674d,87,0.18273684197952253,-0.17685769839807486,0.04597942946562711,0.06475606432062356,0.050253072490302364,0.04597942946562711,0.776036546036627,0.7074893501683136,2.9051695472484624,-15.386619760632513,0.20030058837570675,0.36482126436781603,0.21970730264025584
site_87ec218e6b6d4b81,397,0.08672420119542108,-0.07746026643953036,0.038999925590965476,0.03664557177826156,0.042716089746073264,0.03899992559096549,1.1656548847032258,0.5259406005432643,2.985871567974599,-30.75172577649355,0.3268437595228179,0.5331304785894209,0.7243917363082504
site_88607d4559554ef6,42,0.0538430643178993,-0.048250751095158716,0.023894363224293745,0.035382426425744774,0.01648121481887171,0.023894363224293787,0.4658022776775913,0.8167825687982979,0.12176117415594052,-2.026531545996666,0.02000472490347567,0.05258047619047618,0.011408478560043456
site_88b325bed90e5cd8,187,0.06147133077675247,-0.033712508323039604,0.051402249853813815,0.09319952033418968,0.05963984883461738,0.05140224985381392,0.6399158345532693,0.8636353723853138,0.7066214828959393,-6.304239056408406,0.8976814262987298,1.6243101604278074,0.6651424634059941
site_88edadfb8f5755a7,34,0.05964901893889174,-0.002000624635640314,0.059615459081009646,0.039224853095276485,0.06145534921576299,0.059615459081009806,1.5667451721613597,0.3653370237344231,0.12097218565265704,-0.06802123761177067,0.029942883464343414,0.052312029411764716,0.12840983820586696
site_8905c26daaab430e,211,0.07503333907724744,-0.06029296827570522,0.04466273558108585,0.06516121103503932,0.053100358189555025,0.04466273558108591,0.814907478637885,0.7327671860838311,1.1879304163201305,-12.721816306173801,0.5349769447086405,0.8959025023696682,0.5949457364102582
site_8922fa4ef2bfa4f1,176,0.07257825325982616,0.020864930332384322,0.06951444115054235,0.06597570693034428,0.047662356012669986,0.06951444115054257,0.7224228163707419,0.2849743536233249,0.927098100939554,3.672227738499641,0.15771681703051388,0.7660917272727273,0.3998192317994158
site_899e1b3be68444b6,2,0.11001442155960431,0.10875109561681746,0.01662444444894791,0.025599999999999998,0.042224444448948566,0.016624444448949578,1.6493923612870536,,0.02420634590218866,0.21750219123363493,0.0021618915557861324,0.0013107199999999996,0.0035658074180446864
site_89b67bc04797f8a3,780,0.039845902051410496,0.02511575884696765,0.030933712480586056,0.03002518173902597,0.03532086309807041,0.030933712480588068,1.176374664608982,0.5620759562544206,1.2384028100266673,19.590291900634767,0.46495033284276727,0.703179,0.9730994285942527
site_8a227a0556c22f70,136,0.05019253981312084,-0.0325040471001583,0.03824628053814398,0.06560314944766311,0.04698053708465416,0.038246280538145064,0.7161323424286863,0.8189567643001855,0.342623583193274,-4.420550405621529,0.34327529529044953,0.5853131575735293,0.3001752376077088
site_8adbe57839dd7587,31,0.062499733214241945,-0.060227979961902864,0.016697517227421695,0.012507229959055654,0.011945707961866607,0.016697517227421722,0.9551042078040242,0.06801408546551953,0.12109271620739395,-1.8670673788189889,0.00031501670518229016,0.004849354838709678,0.004423698100016301
site_8b5408c589cc3993,120,0.09742373975055732,-0.06139640801231066,0.07564301785472469,0.08819829703571379,0.029393560965533073,0.07564301785472502,0.3332667631171025,0.5633746709556762,1.1389662080381187,-7.3675689614772795,0.17526329256385564,0.933472752,0.10367777114814114
site_8b64753d75204fe6,178,0.11896986464965166,-0.03842781716467959,0.11259276869637051,0.11118993593674281,0.07663175258626599,0.1125927686963708,0.6891968408891129,0.32617678498851316,2.5193815076666457,-6.840151455312967,0.49470612578572226,2.2006499299438205,1.0452917397907977
site_8b8c1728607fc339,11,0.07796979597113547,0.07615817561366342,0.01670991834147897,0.07558856116180805,0.08032146575277695,0.01670991834147919,1.062614032046958,0.9788498813463312,0.06687217992158542,0.8377399317502976,0.06537270887514406,0.06284993636363635,0.0709669164674197
site_8bf3ec991527937e,292,0.028391322889414147,-0.017626045338013402,0.022257352518960282,0.04562141821773009,0.049982834234909325,0.022254909330487547,1.095600184903595,0.895570409378937,0.23537162690000368,-5.146805238699914,0.5963102132403126,0.6077436296575343,0.7294988457010917
site_8c584caec5491a2c,154,0.0505659706825585,0.02631054506092876,0.04318185509755461,0.08113238142631385,0.061079974021300915,0.04318185509755461,0.7528433524014705,0.8524311621470936,0.3937652782246823,4.051823939383029,0.6505386528164729,1.0136993506493508,0.5745375368721903
site_8cafedb38b43a4db,149,0.08503676078504785,-0.046530065466893596,0.07117726949286582,0.10546118493910432,0.05717059982288823,0.07117726949286583,0.5421008673086675,0.7732545640663373,1.0774563520372042,-6.932979754567146,0.6946629813704515,1.6571871677852348,0.48700314513221543
site_8cc96a31a772bfea,373,0.07956235586664856,-0.05788583014893468,0.054583872517621104,0.09165065045932753,0.05853404699600268,0.054583872517621104,0.6386648289198859,0.8245292829791042,2.3611528397021075,-21.591414645552636,1.6499053068132046,3.1331409651474527,1.2779855273333836
site_8ce1daba0ed42d33,7,0.07113532563591277,0.060184628570931306,0.03792156427557266,0.08287262170687873,0.07512407238376255,0.03792156427557375,0.9065004923999764,,0.03542164187329144,0.42129239999651913,0.03875708425045013,0.0480751,0.039505383760645565
site_8cee030029879195,657,0.15096288966387825,0.13080744278548878,0.07536051331824484,0.06407762573347169,0.08769606648801698,0.07536051331824486,1.3685910719099557,0.5443093058191528,14.972894694574059,85.94048991006613,2.0095446228973874,2.6976039726027397,5.052724250898246
site_8e38800fbe0e21e5,171,0.031173695243694816,-0.011342080940349757,0.02903715680105949,0.041607609617375106,0.05678396733036759,0.029037156801059855,1.364749569911724,0.8703075146727649,0.1661776760500961,-1.9394958407998086,0.35161495796887765,0.2960340334502924,0.5513756397277394
site_8e3ea373de88dc00,149,0.0447450540236729,-0.01806873347015189,0.040934590878204946,0.055335226554785746,0.048893472699519304,0.04093459087820496,0.883586744713358,0.6979993386231251,0.2983158590776296,-2.6922412870526315,0.2813804088890952,0.4562361073825504,0.35619517922017724
site_8e6ad22dcccafcc7,320,0.0682241237334202,0.01962974501214922,0.06533914730045864,0.07619476867500484,0.03215852320153057,0.0653391473004587,0.4220568388191714,0.5245474901185507,1.4894499389417692,6.28151840388775,0.41129747487837454,1.8578056875,0.3309345966410816
site_8e827922ba5b5da3,25,0.02617170871176238,-0.010557898104667663,0.023947632962461943,0.011159222912013187,0.030017974460134496,0.02394763296246248,2.6899699644694244,0.6748486612054276,0.017123958422333472,-0.26394745261669156,0.005651474027305845,0.0031132064000000017,0.022526969767232174
site_8ea1310ade5fc61a,6,0.06479629126841104,-0.05454050926367441,0.03498417086912031,0.08628036502524135,0.06669879511869553,0.03498417086912066,0.7730472060379298,,0.025191356172844563,-0.32724305558204647,0.03200741534332434,0.044665808333333334,0.026692375621714337
site_8eb987af49bead43,440,0.050956536010854724,-0.020638719576326285,0.04658982524624126,0.06812741162612912,0.05295208534584481,0.046589825246241265,0.7772508023119423,0.7310703442586084,1.142490167379235,-9.081036613583565,1.1604242629923602,2.0421914545454545,1.2337262706883982
site_8fa7ffd1566cb92a,51,0.07030526432049086,0.045394714104661754,0.05368566030636215,0.06789407466676178,0.05203819790988855,0.05368566030636249,0.7664615530192116,0.6276991530663608,0.25208433974987837,2.3151304193377493,0.11310344699787743,0.23508987411764704,0.13810667612714517
site_8fd20385af85644b,310,0.05375804789591979,0.03641087465786165,0.03954966397113249,0.04176149128091864,0.047089802217214614,0.039549663971132944,1.12758909638676,0.6095211035704501,0.8958775912098021,11.287371143937111,0.37158083452813084,0.5406468677419355,0.687409336585481
site_901a320e9c405a2e,98,0.04072810658343628,-0.020806362779773015,0.035012482541919555,0.045669371385158516,0.03874965146230334,0.03501248254191982,0.8484822603644613,0.6671724305279503,0.16256030925543108,-2.0390235524177553,0.11570629883344685,0.20439776530612244,0.14715047786809876
site_90c4f5b431597729,821,0.07700483971935211,-0.035097280586390195,0.06854141985429908,0.11173785338653891,0.06520289792030247,0.06854141985429908,0.5835345493415169,0.8262042189226407,4.868320924306752,-28.81486736142635,4.941943631577933,10.250470609013398,3.4904140936056205
site_912580bb93bae080,334,0.05009752968113603,0.0403623438614928,0.029675641158345988,0.04433524401755523,0.05453700416867253,0.029675641158345995,1.2301049735302632,0.8394135178206176,0.83826066837087,13.481022849738597,0.6778955862743858,0.6565150299401197,0.9934111311137308
site_912957a44bff743f,166,0.043363215447483325,0.028734561060638313,0.032476044318809905,0.042314771496204724,0.03941423450071203,0.032476044318810335,0.9314533224939464,0.68633000794796,0.3121411633548462,4.76993713606596,0.19001425001683186,0.29722962120481927,0.25787799229200165
site_916f2628195f7cd3,128,0.023193127760913517,-0.010691193821281194,0.020582020066306803,0.0258360213537156,0.023357234845229783,0.020582020066306852,0.9040569569691376,0.654097588525639,0.06885391044275932,-1.3684728091239928,0.05052421561568044,0.085439999921875,0.06983173371074769
site_917287f92c952f20,38,0.053534069856055806,-0.03837837787474457,0.037322871634647564,0.07256406401536915,0.04809180605828389,0.037322871634647585,0.6627496228449662,0.8862227494809508,0.10890407214341638,-1.4583783592402935,0.11752200053703823,0.2000906486842105,0.08788722877800846
site_91e14ae535f79ace,96,0.0578656639326161,-0.021610107906162742,0.05367903034376152,0.07714961114613605,0.04249463012359633,0.05367903034376159,0.5508080921250972,0.7437091358479392,0.32144976598679686,-2.074570358991623,0.2340680539533496,0.5713980000000001,0.17335618457676105
site_91ea89ee8d5d5b53,178,0.08773144820485888,-0.0757081830086333,0.04432920064306512,0.06795773599882206,0.06169178396200295,0.04432920064306638,0.9077963392287272,0.7703224559381125,1.370031646733687,-13.476056575536727,0.5748556334153655,0.822049191011236,0.6774459650977711
site_91ee6299c921b981,293,0.1155184249657113,-0.09173250595070802,0.07021149377816986,0.0884706502014643,0.03346747848580193,0.07021149377816989,0.37828905303160076,0.6784235097451469,3.9099404064216907,-26.87762424355745,0.588559970989353,2.2933273924914674,0.32818113004590116
site_92ac3b6c2c87c639,732,0.06092558190858474,0.03380084263024434,0.05068954101572755,0.040459181415225275,0.04403031358865866,0.05068954101572859,1.0882650624288093,0.2824090914696679,2.7171302206185577,24.74221680533886,0.3682634564061023,1.1982440040983606,1.4191053527718331
site_92b0fa719fa97ab5,94,0.07497824805558535,0.061210191039328884,0.043301849780508814,0.04882004723699809,0.05183127907210767,0.043301849780508814,1.06168023190333,0.6312878148056007,0.5284433420595795,5.753757957696915,0.1501569304788049,0.22403931914893616,0.25252926008356635
site_92d25300e45f668d,35,0.030734613202421636,7.605399404233707e-07,0.030734613193011715,0.04039826223783313,0.023959562909136808,0.030734613193011722,0.5930839987146422,0.651633226909211,0.03306157570458646,2.6618897914817974e-05,0.02207561647391745,0.05712068571428571,0.020092122917890948
site_92f4bc71b766e85f,213,0.13528727573335772,0.12425877361678182,0.05350144067786335,0.07759476760749293,0.07408201422653485,0.05350144067786369,0.9547295070367751,0.7520982985251379,3.8984638057503087,26.467118780374527,0.9208723398739812,1.2824619154929577,1.168974849186289
site_9325c992d0f1e0e4,864,0.10326366952274747,-0.07961003738148484,0.06576950198550839,0.0828518450934098,0.0703648032701547,0.06576950198550861,0.8492846863075069,0.6423837256583403,9.21316502301397,-68.7830722976029,3.2356827575459093,5.930865995370371,4.277841585909902
site_93742f2df91eb28f,113,0.09066847242487706,-0.03933831377451399,0.08169007871974769,0.10567964792962681,0.08986649820889536,0.08169007871974772,0.8503671233721218,0.6618314862384258,0.9289472237802583,-4.445229456520081,0.7102562186975692,1.262005242477876,0.9125865875372215
site_93e093b0ecc1d78c,41,0.08559805686914215,-0.05528456020122623,0.06535017018439883,0.06770100712145112,0.03985451089199618,0.06535017018440221,0.588684165665362,0.35230344974632083,0.3004081209306887,-2.2666669682502754,0.03897385504165801,0.18792048097560976,0.06512366357604993
site_94398cd24f99ecb3,80,0.09197733592420533,0.08145301376730203,0.042722791012968914,0.051530208070121354,0.06482884411979162,0.04272279101296997,1.2580745653418228,0.7532836128606735,0.676786425897129,6.516241101384162,0.20131618006881327,0.2124289875,0.33622232239265915
site_947d9a648844f933,171,0.058366315486882626,0.02234849073210655,0.05391819493928986,0.07570941371040533,0.055995959513144254,0.05391819493928996,0.7396168688788604,0.7029604618464268,0.5825331799809478,3.8215919151902202,0.5096048856864068,0.9801575204678362,0.5361786193874051
site_948f865f7f081052,88,0.049796852414407795,-0.010044131686267527,0.048773373156377316,0.04972253109145285,0.04793267275351859,0.04877337315637744,0.9640030726786164,0.5016144350123058,0.21821593291364338,-0.8838835883915424,0.10520528860094702,0.21756504863636364,0.20218361832203952
site_952481bd3cb76606,468,0.09736985930639434,0.09086947584322885,0.03498039252672672,0.04006566950554013,0.03979482390383573,0.034980392526726835,0.9932399581724961,0.6162977615198144,4.437056286630409,42.5269146946311,0.4598703769468949,0.7512606845299146,0.7411379084634542
site_9563943b41248204,316,0.07207361362852262,-0.031780949119336994,0.06468830693833064,0.09019840954496701,0.04428344520565091,0.06468830693833064,0.49095594289358385,0.740080237615802,1.6414954269456454,-10.04277992171049,0.9341275287697776,2.570897974683544,0.6196834320930762
site_956a5215e9d24ea6,175,0.04825849766369994,0.030383983438696183,0.037492614568130196,0.01670143486442444,0.03792916419925212,0.0374926145681302,2.2710123116454297,0.24615416265413112,0.4075544544325332,5.317197101771832,0.02728803667013134,0.048814137142857136,0.2517587619494201
site_9573cc360aa7a95d,83,0.12658071692925324,-0.09121939077147517,0.0877593336665944,0.11377192578114367,0.047172560724607494,0.08775933366659507,0.41462391007910476,0.6957072741439755,1.3298822655608704,-7.57120943403244,0.3099054388299764,1.0743562409638554,0.1846957902812929
site_95a6e0674f2876c2,37,0.05600498090944461,-0.03935828684310656,0.039843232090820656,0.0332113668309311,0.052557369274285747,0.039843232090820656,1.5825114799351447,0.6524738201937621,0.11605264180668845,-1.4562566131949428,0.04213909295483215,0.0408108108108108,0.10220425140624452
site_95aa1a90ae6a3184,54,0.07631376541332988,-0.033376803422415696,0.06862783535025832,0.1165631007102502,0.05922695477375401,0.06862783535025867,0.5081106663504,0.8969863413205531,0.31448470274428014,-1.8023473848104477,0.33439523852064656,0.7336956481481481,0.18942293727570436
site_95c50f37760ba8b9,9,0.06954628222174396,0.030090401477283906,0.06269970581910517,0.09212163188810973,0.04848193213186307,0.0626997058191055,0.5262817335970434,,0.04353016833779813,0.27081361329555514,0.031075378628240693,0.07637755555555556,0.021154479689147188
site_960e43f47225dd5e,138,0.07565804505491686,0.06223264195651247,0.04302601604429989,0.06162213300253731,0.03832754846179899,0.04302601604429989,0.621976984474407,0.7229684189961572,0.7899312898513924,8.588104589998721,0.23563846312584225,0.5240256440579709,0.20272213401063394
site_96144cbf74954033,5,0.08456113577041428,-0.057260360136032105,0.06222408568934012,0.06162381357884304,0.005765369444452532,0.062224085689340125,0.09355749197631488,,0.035752928413912186,-0.28630180068016053,-0.00010275738760828974,0.018987472000000002,0.0001661974241551345
site_96a5abc509a3a15b,35,0.028842566701622607,-0.010590001085315432,0.02682807356018257,0.022232226287852635,0.01203533773587671,0.026828073560182863,0.5413464931513694,-0.15065885959185907,0.02911627788781422,-0.3706500379860401,-0.0014109250893443819,0.017299516,0.005069727404581628
site_96e92296d2491d86,411,0.09413871844543778,-0.0828169450620085,0.0447599365632445,0.06056773353189755,0.042860453951042474,0.04475993656324531,0.7076450025733642,0.6745127408790119,3.6423224056358063,-34.037764420485495,0.7196644805400676,1.5077330918734793,0.7550146087975567
site_96ea37eab36e72c1,208,0.11390621015813711,0.033709387846119127,0.1088039607901735,0.09320942947555405,0.06073944587768163,0.10880396079017356,0.6516448627508412,0.04760021045962037,2.6987219402186566,7.011552671992778,0.0560535190858735,1.807103530576923,0.7673702993897857
site_971bf07b5c1c6549,83,0.09460986845538309,-0.08151067192439573,0.0480316309485574,0.038328808352425206,0.025381490596513276,0.04803163094855745,0.6622040101830428,-0.09956390629615401,0.7429352583590261,-6.765385769724846,-0.008039378213864494,0.12193509662650603,0.05347026538677402
site_97832a03d9613f37,33,0.06736633826243112,-0.059397021698229246,0.03178391644005465,0.02205277916432583,0.03940928058197738,0.031783916440054655,1.7870437230754428,0.5921170618152767,0.1497613765193136,-1.960101716041565,0.01698178548975424,0.01604872727272727,0.05125201606763764
site_978ff47db3a1c5a1,160,0.08729605372590846,0.02172345096103847,0.084549941895072,0.09184001834863305,0.05128083105248318,0.06939481644551006,0.5583713066978764,0.6633927488945698,1.2192961593786715,3.4757521537661553,0.4998937643363638,1.349534235244361,0.4207557813493317
site_97ad06a1706d85fa,20,0.16102727880135884,-0.09912545606493953,0.1269012548325992,0.13773162309360912,0.031614869083342045,0.1269012548325994,0.22953965380815297,0.4438729283101275,0.5185956903634109,-1.9825091212987904,0.03865571469068528,0.37940000000000007,0.019989998943137133
site_98378de2aa945723,63,0.060250284249057054,0.01470834953822787,0.05842740115693564,0.07102104202402895,0.040546699761506516,0.05842740115693594,0.5709110793923318,0.5685136410133445,0.22869609538180685,0.9266260209083558,0.10313925507191625,0.3177712698412698,0.10357419627763442
site_9898264bce191dea,842,0.05871771174055347,0.04482118236899659,0.03793192959884693,0.03291723712311613,0.04845659598397926,0.03793192959884708,1.4720736069902602,0.6246656345279663,2.903022063863347,37.73943555469513,0.8389498175655887,0.9123444688479809,1.9770511066465688
site_98b84b664f32321c,921,0.06096378155203048,0.02132779993037577,0.057111361490105934,0.07331291176989707,0.058438915224189314,0.057111361490106025,0.7971162761562124,0.6451634279276195,3.42297263089492,19.642903735876086,2.545727918530035,4.950175172638437,3.1453133743861663
site_99359b775dbc987c,101,0.04275294203866109,0.023270528760876975,0.035864976566984,0.07322723950169584,0.07270649181310487,0.03586497656698406,0.9928886068608541,0.8792259342207775,0.1846092193490726,2.3503234048485746,0.4727893836392034,0.541585089108911,0.5339096291286778
site_9963ae44b09a6e46,127,0.09973605305118441,0.09169972374401696,0.039222964491476754,0.027516644532563424,0.045274703565513,0.03922296449147844,1.6453569951792102,0.5091168313364092,1.263304595335041,11.645864915490153,0.08055124642682358,0.09616004724409448,0.26032444543402455
site_9978a236cbbfb40f,39,0.032614073946025085,-0.01861519992275116,0.02677969662249365,0.028855235037790413,0.0203264937726941,0.02677969662249374,0.7044300192347558,0.45065266290783285,0.041483434954914904,-0.7259927969872952,0.010308456346201592,0.03247235897435897,0.016113487614563507
site_99e4e71469e203aa,104,0.08809932959376587,-0.0575268730874245,0.06672443890850148,0.08945387484020753,0.059207083639139055,0.0667244389085015,0.6618727667739528,0.6660611811081052,0.8071951549865831,-5.9827948010921475,0.366876833924909,0.8322075552884616,0.36456979031740877
site_9a39d33121ec563e,282,0.06802656019431913,0.059605135341062605,0.0327847637301984,0.06992849898340395,0.06790741595048815,0.03278476373019975,0.9710978633561766,0.8872571283999705,1.3049868355077132,16.808648166179655,1.188146564340232,1.3789785815602835,1.3004196337824765
site_9a5b564ee1a1517d,676,0.059567814112393015,0.04660359864656389,0.037100257024966776,0.022137521158280847,0.04508060283805843,0.03710025702496678,2.036388921584177,0.5741146075960647,2.398667347214939,31.50403268507719,0.3873147150976341,0.3312872138905325,1.373808268516107
site_9a64702d11a0ca56,5,0.06203719539201286,0.05441257727742195,0.02979739998951866,0.08368385746367096,0.11209225049391114,0.029797399989518893,1.33947279548595,,0.01924306806053391,0.27206288638710974,0.046699438936635855,0.035014939999999994,0.0628233631039486
site_9a99fb7f0cd8cd33,110,0.03715631136359367,-0.0017323294765299005,0.03711590641130923,0.05151657019793416,0.03979066972271194,0.037115906411309484,0.7723858473075829,0.697520226894933,0.15186506215631523,-0.19055624241828906,0.15728151412641464,0.29193527054545454,0.17416271366801395
site_9aa6317ba764d9b9,127,0.07483200129576839,-0.03419984130690417,0.06655974213075389,0.08380242567905238,0.05098126674335011,0.06655974213075448,0.6083507288750666,0.6075967789622584,0.7111782090770952,-4.34337984597683,0.3296752890820109,0.8919015118110234,0.3300843739620902
site_9b62f4534e47f978,173,0.030080789097384274,0.008263614052981998,0.028923460296179485,0.02586992559360872,0.03865486477059477,0.028923460296179593,1.49420084842241,0.6634435440288854,0.15653971998078708,1.4296052311658858,0.11477555813522784,0.11578077768786128,0.25849635268490356
site_9bb3648a2ef66eb2,76,0.09844036052702103,-0.07303096276443255,0.06600744699191102,0.08224655942588797,0.07227496422841041,0.06600744699191113,0.8787597284666611,0.6418836314247465,0.7364783481324307,-5.550353170096874,0.2899849894625184,0.5141017368421053,0.3969989545205684
site_9c2d82de18c716a5,41,0.04193084435493169,-0.011284676153485369,0.04038380606664589,0.030425028051675986,0.04829469447793763,0.040383806066646086,1.5873344272981624,0.5537103982019207,0.07208602404101777,-0.4626717222929001,0.03335776511179965,0.0379529756097561,0.09562747810341093
site_9c3923563de1bc2a,115,0.07813856852320518,0.025814541981531224,0.07375123940070018,0.09790331483060424,0.051277707134042456,0.07375123940070025,0.5237586410916213,0.6747877955866547,0.7021481274483976,2.968672327876091,0.38957497695982457,1.1022817913043477,0.30238137362633233
site_9c3f2a2a90bf94af,109,0.08843389667965836,0.011204408516796358,0.08772123637829798,0.11898262064189698,0.04626630415731902,0.08772123637829798,0.3888492614107662,0.7813440116743019,0.8524403949323853,1.221280528330803,0.46883186838823726,1.543098177614679,0.23332222814115355
site_9c51efef96062ac3,183,0.053421398221689086,0.029248957093752147,0.044702844393708675,0.04056002971683276,0.06511620565674073,0.04470284439370869,1.6054279573103212,0.73584293089128,0.5222537791967323,5.352559148156643,0.3556506136878958,0.3010562299453552,0.7759420037609646
site_9c5e0ec7dff35c9c,35,0.08968333944892241,-0.06764576124123163,0.05888253018345022,0.0971756835293056,0.05333633929085753,0.058882530183450695,0.5488650797580724,0.8509294153564899,0.2815085481148725,-2.3676016434431073,0.1543627084568143,0.33050897142857144,0.09956677811323153
site_9ca12fe149def76c,9,0.13364521326882622,-0.09678458046383327,0.09216174919189535,0.1385913345945242,0.047660534598815224,0.09216174919189539,0.343892601498177,,0.1607493872670304,-0.8710612241744995,0.058433834559718775,0.17286802222222222,0.020443739024203766
site_9cfda7361157a69e,189,0.10710659456063837,-0.08256531192575184,0.06822603509643714,0.059035941175169866,0.023175503415419397,0.06822603509643883,0.39256600223673344,-0.23112529668525,2.168174471093247,-15.604843953967098,-0.05976610504051365,0.658710804232804,0.10151264816748395
site_9d73848123a6a95b,64,0.06979876277468074,-0.03469557949807495,0.06056470959369753,0.09160607831352881,0.03610489586108786,0.060564709593697544,0.39413209828190754,0.9111541038588802,0.31179950623207403,-2.2205170878767966,0.19286889731057455,0.5370671093749999,0.08342806432895994
site_9dbd78e6c2f64c18,70,0.08644239692284605,0.051233785661969865,0.06962317999423896,0.08824986956109918,0.03629062099256303,0.0696231799942393,0.41122577487140044,0.6647106827392499,0.5230601590036806,3.5863649963378905,0.14901815099733218,0.5451627634285714,0.09219064204180993
site_9e0c7cff2a642903,104,0.06713272272570814,-0.015809396464091078,0.065244658356129,0.10147441161700693,0.05951397990689457,0.0652446583561293,0.5864924857265211,0.7933327348072334,0.46870745589894813,-1.6441772322654722,0.49826943781513433,1.0708938461538462,0.368359035653258
site_9eb9cb71933abd8d,145,0.08649465973377697,0.01567345232182536,0.08506273599395524,0.08314258629109642,0.09683217978521852,0.08506273599395618,1.164652004523801,0.562267357411042,1.0847922935569696,2.272650586664677,0.6563781440705061,1.0023399999999998,1.359588301083748
site_9f1083ed35aa92f7,172,0.11039845956214953,-0.06955615656840247,0.085730746859732,0.09758096650647338,0.03189415132757592,0.08573074685973224,0.3268480777494667,0.512412007870208,2.096305018275637,-11.963658929765225,0.2742988022260021,1.6377917441860466,0.1749647448918858
site_9f57a1eb8c53e14d,1084,0.0737085111405525,-0.05255280965269711,0.05168313856727682,0.09429068800350454,0.06365653564979959,0.05168313856727682,0.6751094620015249,0.8556620764878835,5.889311962179736,-56.96724566352367,5.567283927115705,9.637555487084871,4.39253551153268
site_9f76ab7d5518980d,176,0.07646682877400353,0.06223854229108177,0.04442454002276221,0.0101610418606664,0.04663837677165923,0.04442454002276228,4.589920739545159,0.32163825935721047,1.0291029588844882,10.953983443230392,0.026826377895279696,0.01817143181818182,0.3828243210695629
site_9ff0a0ccad22ddc6,126,0.05902371239692148,0.044175961610343706,0.03914438709337445,0.03366192538252311,0.0583097172286037,0.039144387093375414,1.7322157471977953,0.7644280559706865,0.4389586267644273,5.566171162903307,0.18905451407780247,0.14277377777777778,0.42840291353324517
site_a08eaaa4540846cf,142,0.1632286863487968,0.09718135807975917,0.13114643605118484,0.15446513454537567,0.06942942614413972,0.13114643605118514,0.44948283215164087,0.5352517556537594,3.7833917746958514,13.799752847325802,0.8151180074287552,3.3880458461971834,0.6845032204880463
site_a0a221a9f908364b,38,0.12081868416707463,-0.1169669082282405,0.03026378732726105,0.04444991586916249,0.03229973847934046,0.030263787327261087,0.7266546594691909,0.7324444666505118,0.5546918688668065,-4.444742512673139,0.03996025476117472,0.0750802107894737,0.0396443780216839
site_a0d01f20e2427c2c,13,0.07295788420001062,0.06584884335811322,0.031413097512675,0.051998571896639055,0.03263863700223684,0.03141309751267508,0.6276833345945497,0.819706241558791,0.06919708727024806,0.8560349636554718,0.018085271160533795,0.03515006923076923,0.01384864812972919
site_a1da79e1324e0f0b,139,0.11876595750923999,-0.046150684732327356,0.10943247672342944,0.13415239849301042,0.05419314839290223,0.1094324767234297,0.4039670479370951,0.616101984196418,1.9606440201690374,-6.414945177793502,0.6226015992675324,2.5015643769784175,0.40822872925018183
site_a2c2e8340755d8a7,83,0.10267506694591254,-0.07957484652622636,0.0648846142985773,0.07214866669569184,0.052332095553529676,0.06488461429857807,0.7253369736443729,0.4944876630329684,0.8750000579048526,-6.604712261676788,0.1549637040700539,0.43205069879518077,0.22730780267697215
site_a2dd98acaefee6f4,468,0.09058172587575795,-0.05824186933741101,0.06937531058463739,0.11316568063045708,0.06412806123587102,0.0693753105846375,0.5666741089578334,0.8340764884957411,3.8399629613112882,-27.257194849908352,2.8327913152604474,5.993428555555556,1.9246070553239192
site_a30a3623711ec917,255,0.056462903133139196,0.0347943316840658,0.04446812243485747,0.08265392840056748,0.0605098821116207,0.04446812243485842,0.7320871891093957,0.8513355027684799,0.8129551547066763,8.872554579436779,1.0857522345416686,1.7420763294117647,0.93366868745637
site_a3440058322ffd4e,564,0.06627249582748744,-0.04342547289815778,0.050062680778956536,0.08660177681475399,0.058486876877755965,0.05006268077895656,0.6753542367018941,0.8306217614523584,2.477112648607248,-24.491966714560988,2.3728355631461726,4.229925409574468,1.929283128539375
site_a3ad14b1dd64a3e4,55,0.060118459159869145,-0.03589747583562677,0.04822447885034575,0.03915664055014876,0.028889903337345656,0.0482244788503459,0.7378034206061608,0.01868258237431566,0.19878260224662697,-1.9743611709594724,0.001162387974749914,0.08432833745454547,0.04590445831626466
site_a3eb3ebe590ad832,109,0.05021704373807608,0.01060431119695716,0.04908462147994965,0.08305922673122955,0.07832482712885751,0.04908462147995051,0.9429997149179823,0.8165514570446808,0.27487091151531123,1.1558699204683305,0.5790250925148229,0.7519730308256879,0.6686908613794301
site_a3fe6dc1994cbcf1,17,0.08691476096139017,0.0782043799456428,0.03792427494749417,0.010772674646119317,0.0463534585032248,0.037924274947494424,4.302873708334158,0.8275175732889064,0.12842098644058508,1.3294744590759278,0.007024765533559465,0.0019728588235294136,0.03652693295857312
site_a408c1f09c2d83d9,411,0.03554356820064513,0.006226975895772594,0.03499385676983003,0.06415030831891186,0.05058968523608326,0.03499385676983003,0.7886117239621925,0.839665757545665,0.5192348938183378,2.559287093162536,1.1199767052533962,1.691372705596107,1.051878979689538
site_a4122f0bf308f22f,156,0.07025219603178907,0.0035638596449142843,0.07016174136750222,0.08344417791794924,0.05733554259332533,0.07016174136750264,0.687112558646134,0.5567801087710641,0.7699178833770717,0.5559621046066283,0.4155547750499386,1.0862172092307691,0.5128288533374796
site_a42d63e8b2f931d6,6,0.1070687167559271,0.10408369817336399,0.025105654389340433,0.05116530942825313,0.030712945858263518,0.025105654389341536,0.6002689361496177,,0.06878226064656567,0.624502189040184,0.008792640149593352,0.015707333333333334,0.005659710259755757
site_a44b748575c17771,8,0.069407709401703,-0.05716852713525295,0.03935974630986711,0.08129236972188718,0.06743501968646086,0.039359746309867515,0.8295368915577895,,0.03853944099513001,-0.4573482170820236,0.03842696650214493,0.05286759499999999,0.036379855040906905
site_a4e51d06a4c9f574,191,0.08410527016851231,-0.055006700180587974,0.06362357586116447,0.10123671820061593,0.07851391134390054,0.06362357586116449,0.775547772976138,0.7778425125341237,1.3510760257926235,-10.506279734492303,1.1808907322034004,1.9575347643979057,1.1774069464329138
site_a507f74864d36b32,315,0.04004982770231186,-0.015582385384279585,0.0368941453989743,0.035634029896598925,0.0304965253290551,0.0368941453989743,0.855825889396973,0.3858623821619749,0.505256440180233,-4.908451396048069,0.13208645820773784,0.3999819873015873,0.29296198800089523
site_a55a51839f39337a,11,0.119697144672819,-0.09855812137343666,0.0679242457018456,0.07161541571892913,0.030544350768507724,0.06792424570184573,0.4265052497689314,0.3309845655562173,0.1576014708710834,-1.0841393351078032,0.00796412088064985,0.05641644545454545,0.010262531002566022
site_a5c2bfa9bb36639b,60,0.03527210707726333,-0.016737508082389833,0.031047984811608392,0.03696011495142057,0.021549254837956992,0.031047984811608406,0.5830407959033889,0.543931852536022,0.07464729226019581,-1.00425048494339,0.025993293612947065,0.08196300583333334,0.02786222304427277
site_a5c5f553e4031a41,74,0.04916707177281701,-0.025234318893100766,0.042197512920960606,0.06764229381344765,0.047620980892467454,0.04219751292096063,0.7040119163285997,0.7858282023634815,0.1788876700567871,-1.8673395980894567,0.18731648256126285,0.3385855135135135,0.16781407876589555
site_a61c8cdc86211521,39,0.04083007992334082,0.006599099440452378,0.040293266349620015,0.048476893510937175,0.03109415633212303,0.04029326634962028,0.6414222133501125,0.5616846046955362,0.06501672163530957,0.25736487817764275,0.03301951476243825,0.09165035897435898,0.03770701576225377
site_a62049e3761071cb,301,0.08802097306849088,-0.019880230738633493,0.08574653419061723,0.07052363150459924,0.04513363000556869,0.060946143340678535,0.6399788133800975,0.5177831800025575,2.3320552016771234,-5.983949452328682,0.49607731288101753,1.4970483627795472,0.6131504118013507
site_a637aa5eb6fad085,105,0.040669201689418906,0.014511513119084494,0.03799210382499597,0.08638912860973952,0.06369701728533875,0.037992103824996015,0.7373267714400529,0.9156356874365172,0.17366831643573655,1.5237088775038719,0.529042058997353,0.783623561904762,0.42601755116011797
site_a6a5e3eb9fd3c985,371,0.09092233210191225,0.06008447966292862,0.0682402064657306,0.07615413085282056,0.03566049274970719,0.06824020646573078,0.4682673461092546,0.44452665888403686,3.0670089461695067,22.291341954946517,0.4478705712690588,2.1515965606469,0.471789845709362
site_a728723d09857d1a,33,0.06569200110648675,0.0600351081654881,0.026668798190634686,0.024269744454109284,0.04083194307984185,0.026668798190634686,1.6824216322940435,0.7795525589479104,0.14240948730936365,1.9811585694611074,0.025493214031071826,0.019437676363636358,0.05501916999728969
site_a73a8fe0a0e90dac,39,0.07877382761286424,-0.051713387723152454,0.059422566815782694,0.06957946374576286,0.06122221185223273,0.05942256681578272,0.8798891017029568,0.5937378816877851,0.24200732075446885,-2.016822121202946,0.09863918126890292,0.1888107692307692,0.14617820973910695
site_a7fe1c93212d2f37,55,0.05645299893136625,0.04465604582244699,0.034536627800761804,0.023507600037097197,0.035024037573957625,0.03453662780076192,1.4899027343789415,0.35618224014927147,0.17528175985896616,2.4560825202345846,0.01612907471003857,0.03039339927272727,0.06746757643900975
site_a85957854004ad6e,10,0.04005301377429815,0.003869861390590669,0.03986562535846808,0.06983379124750425,0.07821266871992326,0.03986562535846811,1.1199831388607082,0.8609397770972238,0.016042439124041175,0.03869861390590669,0.04702355931535364,0.048767584,0.06117221548292462
site_a85f5d6458d2ef6d,586,0.05242265450461054,-0.04836755964393909,0.020216673301998986,0.02767898461990064,0.018918159173609575,0.020216673301998986,0.6834845798500785,0.6830220096198742,1.6104069373115215,-28.343389951348307,0.20958555361514103,0.44894994709897607,0.20972749345956446
site_a8a04a98a04fa26e,41,0.032224888851947506,0.02815535302249397,0.015675444417913985,0.016992422988626146,0.02306378148903554,0.01567544441791406,1.3572979853710827,0.7335377845449372,0.0425761819223352,1.1543694739222528,0.01178669840693474,0.011838440000000002,0.021809458679533114
site_a8d2970296172e46,359,0.05900801951007352,0.05115163463818994,0.029418644434139787,0.03795450487386244,0.04658806984175329,0.029418644434139916,1.227471416017243,0.7763527700685487,1.2500187455739369,18.36343683511019,0.49282372123667123,0.5171554540389972,0.7791909223172494
site_a8f474364dc17adf,217,0.07885815912209741,0.021241266103494,0.07594351765915636,0.09616026139465322,0.04818672383541933,0.06396496374689704,0.5011084946790572,0.8068415752839077,1.3494382094473494,4.609354744458198,0.8112805007595809,2.0065547041129035,0.5038653968160405
site_a92160c2510cdbec,2,0.07742803215331295,0.07733002239465714,0.0038945859313011255,0.0028499999999999914,0.006744585931305233,0.003894585931308252,2.3665213794053517,,0.011990200326268928,0.15466004478931428,3.8444139808416255e-05,1.6244999999999903e-05,9.097887876952093e-05
site_a9455c71e74fd72a,25,0.0794834499337355,-0.04627220650672912,0.06462585951743507,0.05586589657384906,0.04553045912297546,0.06462585951743512,0.8149955861316717,0.2000156120173306,0.15794047033421596,-1.156805162668228,0.012718992369771002,0.07802496,0.051825567698723485
site_a963d86424b18502,34,0.024546234296399957,0.009585240286939285,0.02259736238536253,0.03380066759337433,0.021882052979697687,0.022597362385362807,0.6473852304617513,0.7508291918702602,0.020485599016547888,0.32589816975593566,0.018881365955007428,0.038844494411764706,0.016280024248614078
site_a98119a935505c9a,155,0.11895996755484751,-0.09578896800318072,0.07054039615380676,0.08767248057489926,0.053090051396889285,0.0705403961538069,0.6055497808292769,0.5939442002619543,2.193478451500808,-14.847290040493013,0.42850291864069234,1.1914018967741937,0.4368758013852736
site_a9866d1cfd06e947,48,0.0792638075238737,-0.07394751009270549,0.028539743065958332,0.03329338172209389,0.024993678970329888,0.028539743065958384,0.7507101314897002,0.551970749709572,0.3015720567927214,-3.5494804844498633,0.022046791696657114,0.05320556479166667,0.029984831446651705
site_a9bff24a5451b631,238,0.057692802433381485,0.023064549119156952,0.05288181186898936,0.08511124328900126,0.05660419486713449,0.05288181186898947,0.6650613089381263,0.7941078309402058,0.7921733497228908,5.489362690359354,0.9105252375208592,1.7240538487394956,0.7625603006204553
site_aa2ce12749046dfc,311,0.04054734044547482,-0.0031008707058774697,0.040428596538424004,0.061349676260487075,0.03732047929217689,0.040428596538424906,0.6083239809402801,0.769158494074725,0.5113110001495851,-0.964370789527893,0.547691142505532,1.1705364437299037,0.4331664522999171
site_aa4df3fb16db7e70,50,0.22545993856187374,-0.2195712271153927,0.051192383411641666,0.060289336536405835,0.042858098293407566,0.051192383411641666,0.7108736097556425,0.5516807294250974,2.541609194816194,-10.978561355769635,0.07127401424907148,0.181740205,0.09184082946636923
site_aaad533d86c5f947,240,0.05034770902918891,0.019202848811944326,0.046541834965904375,0.06253393523164487,0.05489175617025312,0.0465418349659044,0.8777914898033718,0.6929818474531809,0.608374033077089,4.608683714866638,0.5708946658819913,0.9385183333333333,0.723145174909085
site_aae8b0a4c0119c59,105,0.021659911946969344,-0.012912374614647455,0.01739029520627736,0.026049419211756745,0.022725704255011775,0.017390295206277526,0.8724073297094894,0.7539024319323414,0.04926093748279886,-1.3557993345379828,0.046861894159217675,0.07125008533333334,0.05422805155805732
site_ab53cfe255b5cc4c,78,0.05955102877206041,0.04315090116323568,0.04104052578380827,0.06189138383090922,0.04497816578313658,0.04104052578380864,0.7267274214779151,0.7488527479890319,0.27661335216923977,3.365770290732383,0.16260090729124274,0.2987823846153846,0.15779676098279483
site_abdcb41ac727b4e7,485,0.08408836715017882,-0.048357406968308474,0.06879254815228654,0.10308204768842254,0.07360809450804545,0.06879254815228657,0.7140728784369366,0.7453962031546432,3.429363942641887,-23.45334237962961,2.743074021978784,5.153565649484536,2.627803514896095
site_ac16cbbd2f795846,35,0.050561077902259645,-0.005308205982616971,0.050281662143215576,0.08583817713034932,0.059205365327994,0.05028166214321661,0.6897323231606824,0.8210438781247039,0.0894747909523429,-0.185787209391594,0.14604139180396283,0.25788674285714286,0.1226846349267432
site_ac240db4268c6c54,61,0.12918378762020913,-0.1165431754677022,0.055732748324550364,0.08956919197188941,0.05584791122005922,0.055732748324550364,0.623516970406372,0.8031872095270666,1.0179955100181013,-7.109133703529834,0.24508244812116023,0.4893810491803278,0.1902583404462606
site_ac2a9b93fc2413dd,121,0.051239330926505504,-0.02131078789007565,0.04659741788232636,0.08492078616061244,0.06813620872706033,0.04659741788232683,0.8023501878349655,0.836714621786547,0.3176817530893092,-2.5786053346991538,0.5858071922662953,0.8725963305785124,0.5617476957034013
site_ac6e3a81298a7ce5,53,0.10992221902714203,-0.08507258534993765,0.06960998102088924,0.06493906007692062,0.04656198246770559,0.06960998102088958,0.7170104158044898,0.2545812527521209,0.6403933945001022,-4.5088470235466955,0.04079808234760783,0.22350532075471696,0.1149049652001149
site_acf798671ee3a747,30,0.14092707685314299,-0.09054145880262057,0.10799391292228014,0.11309052760215302,0.030363983831302174,0.10799391292228029,0.2684927241485794,0.29831478454272164,0.59581322971115,-2.7162437640786172,0.03073130578763783,0.383684023,0.027659145423227394
site_ad04b63315ba2272,10,0.036122541299274245,-0.023468109431266794,0.027460623256580698,0.0352938649059578,0.014337663157318242,0.027460623256581346,0.4062366985174798,0.6888302319662066,0.013048379899177738,-0.23468109431266793,0.0034856982758641247,0.012456569,0.002055685848127209
site_ad53cb9b838bb8cd,636,0.06116870728146707,0.03205271447702961,0.05209831326578451,0.01997911936331535,0.04794865667866926,0.052098313265784846,2.39993844607136,-0.008348552150325098,2.3796644373089704,20.385526407390834,-0.005086523626919279,0.2538690738993711,1.4622108587557368
site_ae3ed38eaa09b85f,486,0.039842451639844234,-0.022534202655892316,0.032857733691423426,0.04645377373304071,0.020819413192810016,0.032857733691423426,0.4481748525416785,0.7815672561744753,0.7714865829992366,-10.951622490763665,0.36736020632446914,1.0487652037037039,0.21065571132677458
site_af194bfb42414cbb,864,0.056060160657236895,0.012548806293225948,0.05463761592099625,0.04457700989190736,0.05348158862164256,0.05463761592099627,1.199757201107196,0.3905374471377425,2.7153287535587425,10.84216863734722,0.8044362974307638,1.7168628766203704,2.4712821977713406
site_af687448e37c8c15,597,0.06654053681475429,0.0177843989558156,0.06411987362258333,0.09347797865726644,0.07779727408198049,0.06411987362258334,0.832252421366762,0.7342342362387787,2.643302894638616,10.617286176621914,3.1877382612851397,5.2166650988274705,3.6132922651883157
site_afb9454fdc863c14,194,0.07699165908971324,0.01152486632281972,0.0761241947453486,0.10937564938938447,0.056805087350065724,0.07612419474534872,0.5193577150599207,0.7560612019182621,1.1499768204610048,2.2358240666270257,0.911310887449327,2.3208283397938145,0.6260026820766278
site_b019e673dfa447d5,669,0.06860355257715169,0.04881711833241809,0.04820099982287407,0.05393584758916921,0.0655643699352499,0.048200999822874346,1.21559913982729,0.6906183724578876,3.148613328131825,32.6586521643877,1.6338404556035038,1.9461716133034381,2.875821338749216
site_b04900ecbfac7c98,10,0.08998757908807826,0.08239214080095292,0.036184244145333354,0.06557104238915223,0.0683706717544467,0.03618424414533339,1.0426961241317343,0.854849201859685,0.0809776439013314,0.8239214080095292,0.038324054158926014,0.042995616,0.04674548756154295
site_b050cd10feccfd77,44,0.05654013723919299,0.020222502399574623,0.05279997647467257,0.03862411570572958,0.051253586827472324,0.05279997647467309,1.326984084709265,0.3361533923597348,0.14065863323717823,0.8897901055812835,0.02928012914210558,0.0656401818181818,0.11558492715797475
site_b07ebc840452ba9d,7,0.028789691907028226,0.00627850843497685,0.02809673810130868,0.11753381102769482,0.10079180076885147,0.028096738101308763,0.857555795115855,,0.005801924520711245,0.04394955904483795,0.08114315000745866,0.09669937714285715,0.07111290971559495
site_b0b863b5597ced77,64,0.05104783638764925,-0.039800887601450084,0.03196515205652781,0.05769357489343483,0.04329024140649835,0.031965152056527814,0.7503477031274154,0.8369784777427889,0.16677642239105325,-2.5472568064928054,0.13378632444865068,0.21302710937499994,0.11993888006610587
site_b12672b82d8e070e,371,0.11016580741563457,-0.04208500851148544,0.10181039820237855,0.13394413567023197,0.07405901876012162,0.10181039820237857,0.5529097514388654,0.658302102963879,4.502643400832853,-15.613538157761099,2.422706529514689,6.656122679245283,2.0348378943531693
site_b18fe53daa1d7307,44,0.11052042932761091,-0.09175879368158903,0.061604294337805815,0.0750882776613551,0.034789422893209125,0.06160429433780582,0.4633136353201217,0.584444780891879,0.5374496731454153,-4.037386921989917,0.06717621474371037,0.2480829754545455,0.05325337359067189
site_b2267c975c71dbb8,491,0.07750651164238796,-0.003276434559200544,0.07743722827910939,0.1117896625758952,0.048653693702869885,0.07743722827910937,0.4352253382090528,0.8151883480695278,2.949564339363066,-1.608729368567467,2.1769924234456086,6.13599197148676,1.1622863182679462
site_b2271a910bc63599,20,0.05895015250693781,0.051346530447602276,0.028959528511090755,0.048808088212918155,0.03499602867870641,0.028959528511091452,0.7170128960192284,0.8103491075868277,0.06950240961182452,1.0269306089520456,0.027682972066961232,0.0476445895,0.02449444046561683
site_b2c81cb18e128f03,52,0.026058844261609305,-0.015297993514514885,0.0210958469533856,0.032330516834516924,0.018994140477996236,0.02109584695338562,0.5874988196204023,0.7824621312104177,0.03531129494104202,-0.795495662754774,0.024986128247708368,0.054353640576923073,0.018760423369888465
site_b2da63ab5c4ee3dc,2,0.05010092555285216,-0.04928541684150696,0.00900280112028122,0.0165,0.0074971988797187805,0.00900280112028122,0.4543756896799261,,0.005020205482504869,-0.09857083368301392,0.00024740756303071976,0.0005445000000000001,0.00011241598208411308
site_b2eaf44be71ff0ae,155,0.04884856293090348,0.01577897194047128,0.04622992694041661,0.07791314997229684,0.05238593766753316,0.04622992694042115,0.6723632363235185,0.8180144390199293,0.3698582255642378,2.4457406507730486,0.5175092925721599,0.9409211354838709,0.4253644021225338
site_b30a47c3dfe5fc92,477,0.06336212920462408,0.038510494652346745,0.050316013544149635,0.06429340664426855,0.062027056172537405,0.05031601354414972,0.9647498773199137,0.6832235768639692,1.9150402420728385,18.369505949169397,1.2996572430069468,1.9717472997903562,1.8351886676746396
site_b33e3bea3571d4bd,118,0.09386801408722642,-0.06858999532476319,0.06408288858992468,0.08425870736789311,0.037724549699177067,0.06408288858992492,0.44772286304444364,0.6946492999031454,1.039722080104209,-8.093619448322057,0.26054723362982646,0.8377445125423729,0.16793071470067028
site_b4081a628b4563f6,155,0.09576288270477294,-0.07065435035997822,0.06464125988204086,0.07336472668625012,0.05915488677550752,0.06464125988204143,0.8063123717271917,0.5418570324244016,1.4214321041088556,-10.951424305796625,0.3644973235826098,0.8342693838709678,0.5423915975605827
site_b419a77ce9d11fde,169,0.09329455051588603,0.0745867532668029,0.05604185394041025,0.07070852911122187,0.05122221948138549,0.05604185394041025,0.7244135909094483,0.6188446775544448,1.4709545633574446,12.60516130208969,0.37879004825814766,0.8449486390532543,0.4434079648932695
site_b42936ae6e6a0d03,186,0.05764894572124571,-0.026484383361313934,0.0512052573545148,0.07487274362083088,0.05461489187002199,0.051205257354514984,0.7294362304472464,0.7295784284367315,0.6181525753554309,-4.926095305204392,0.5549064266604762,1.042702559139785,0.5547982729992
site_b436f4a91f17ee10,151,0.13759139245726637,-0.08935534304135682,0.10462797880247397,0.12606925764110985,0.0622251685951049,0.10087748816912512,0.4935792417549219,0.6111887749243949,2.8586400830277543,-13.49265679924488,0.7239817090716127,2.399912116049261,0.5846677126100736
site_b491b5d705afd5f5,391,0.049720014730056196,0.01978619219808627,0.045613446077416624,0.04204957950480631,0.046070580011147666,0.04561344607741671,1.0956252251198315,0.4671778040201312,0.9665832271199889,7.736401149451732,0.3538704476352696,0.6913533503836315,0.8298968519423515
site_b4a169fed07d4305,259,0.06475246088368235,-0.04576853508539642,0.045805265926852225,0.061761847544239926,0.0653963272090913,0.045805265926859365,1.0588466797766698,0.7419022058415707,1.0859562283376385,-11.854050587117673,0.7761042534062589,0.9879621853281854,1.107660019621581
site_b4d57a535cfd4a12,156,0.1045266476752232,0.07641794552634924,0.07131702234216011,0.05214215258565391,0.09627266905288881,0.07131702234216135,1.8463501079043811,0.6873804681461682,1.7044279315783581,11.921199502110483,0.5382868301522655,0.4241334358974359,1.4458745818244605
site_b5639796f8098e20,328,0.05787936722533177,0.011123358627281536,0.056800458125385665,0.08939263547860543,0.07553699317507491,0.056800458125385915,0.8450024184951274,0.7753176390082598,1.0988069373327773,3.6484616297483434,1.7171765258881013,2.621062195121951,1.871514646841471
site_b582b14f96e98786,39,0.07499709826506583,-0.05153087647297442,0.05448975608412089,0.06014136316583706,0.026845495244311863,0.0544897560841209,0.4463732418283676,0.4238184396230791,0.21935802517901767,-2.0097041824460025,0.02668634787488442,0.141062358974359,0.028106543981582466
site_b61ae4423402851d,358,0.07277099238798138,0.021693165245335863,0.06946239208931836,0.07382807372468785,0.045252916231036916,0.06946239208931836,0.612949978890002,0.4000955531624829,1.8958310052611282,7.766153157830239,0.47853626987483744,1.9513092402234635,0.7331218610139416
site_b67b52a6713d2819,119,0.07972813633099253,-0.010274042387369297,0.07906339086983222,0.11061508376292459,0.05158279603048971,0.07906339086983255,0.46632696261428835,0.757598262681452,0.7564325110147865,-1.2226110440969464,0.5144049786687773,1.4560479139495799,0.3166333967124495
site_b69cf9ad02aa761c,62,0.08154761101302375,-0.05185551566654637,0.06293662174670643,0.09497987628473452,0.04737486183890969,0.06293662174670672,0.4987884138413426,0.811676713877401,0.4123007974397489,-3.215041971325875,0.22644061836936785,0.5593129677419355,0.13915140712385843
site_b708e7aad1210ce8,162,0.10482004711370961,-0.057742141880370954,0.08748192572175931,0.11452000377685578,0.08777128057373938,0.0874819257217595,0.7664275033099305,0.6548999339715355,1.7799332488610893,-9.354226984620094,1.066408872080033,2.124602664938272,1.2480152263557611
site_b72a5ec99205d5b7,153,0.05274824159017169,-0.03673244895264993,0.03785636254047773,0.061489892484022216,0.051825495983963986,0.03785636254047777,0.8428295105155783,0.7898005689974114,0.4257036796008331,-5.62006468975544,0.3850845316066559,0.5784940522875817,0.41093995119953164
site_b756906d27dccd10,62,0.16167933303907295,-0.14308464877932303,0.07527941296036549,0.07280918320657881,0.051298815458375564,0.07527941296036562,0.7045651825653274,0.3033119858855769,1.620692817381487,-8.871248224318029,0.07023842394051531,0.3286729838709677,0.16315724498081324
site_b7a18627a594b786,48,0.04651474967020395,-0.013740005621562404,0.04443910645367626,0.07420451114875962,0.05471848552093661,0.04443910645367677,0.7374010646231617,0.8035728865002876,0.10385385297032343,-0.6595202698349953,0.15661411080312293,0.2643028547916667,0.14371740756983759
site_b7a3262e8a713a7b,102,0.03308025167993379,0.002620290941175294,0.03297631159774175,0.07305809270471093,0.05818280152417869,0.03297631159774274,0.7963909181060095,0.8981158579740212,0.11161891122319173,0.26726967599988,0.3893995949892949,0.5444234607843139,0.34529431610660094
site_b812626cb80e0341,68,0.10477579587091468,-0.06819269891609164,0.07954698746604336,0.11366791593258296,0.039435356457029544,0.07954698746604348,0.3469348068316732,0.9088406037788507,0.7465017832260836,-4.637103526294232,0.2770258540385129,0.8785868676470588,0.10575001904472275
site_b843de06c1a6a47d,69,0.1485156679790316,-0.11800413903861805,0.09017719670189599,0.07980383758425219,0.0547225306681199,0.0901771967018967,0.6857130223887676,0.14097342485666492,1.5219263508327985,-8.142285593664646,0.042479196255513746,0.4394370220289855,0.20662432002790926
site_b87223f545f36d24,58,0.07537233214131141,0.04701207227624696,0.05891395006883425,0.04813199869581796,0.02118884845554435,0.05891395006884372,0.44022373950129323,-0.34573166459653204,0.32949733024036953,2.7267001920223235,-0.020450710546251,0.13436797931034486,0.026040103334577402
site_b87cd5aaea8e51ba,65,0.05689182001769339,-0.014399872882549576,0.05503928456922411,0.07075796900360265,0.04994298415012338,0.05503928456922418,0.7058284014282622,0.6326883037910379,0.2103841470201652,-0.9359917373657225,0.14532924241687245,0.3254348615384616,0.1621296082782659
site_b881d34c09ab42e7,66,0.13598686962468795,-0.11197205080877652,0.0771666284607449,0.06640967428998663,0.061533120151999125,0.07716662846074503,0.9265686183507935,0.27431042020799556,1.2205002948812438,-7.39015535337925,0.07398207850914562,0.2910761593939393,0.2498974417922638
site_b904064dea358149,1211,0.12127832203230048,0.10407743474882955,0.062260091319187034,0.06765767789582397,0.059973388515952145,0.062260091319187486,0.8864239858822272,0.5296216936281848,17.81191041930913,126.03777348083258,2.602469115915074,5.543426829066887,4.355733676733347
site_b9048e7e348a00c2,124,0.04612066656305668,0.032543308075781784,0.03268101870666535,0.04441798252471714,0.059352611580557074,0.03268101870666604,1.3362293424184521,0.8397378177754754,0.2637623696433612,4.035370201396941,0.2745137227361722,0.24464668927419353,0.43681883017762724
site_b9661fa344baf0d4,144,0.1029133412854162,0.0972826249566343,0.033574494725541,0.03914794666895138,0.051848292252743504,0.033574494725541575,1.3244192011190434,0.7620529797026839,1.525126437292111,14.008697993755339,0.22273635181287924,0.22068888888888885,0.3871073389717299
site_b969a6c48312ad74,9,0.14213786805933945,-0.1399335541619195,0.02493539564689787,0.02736668696710574,0.011829361040947143,0.024935395646898093,0.43225404138856194,,0.1818285618280877,-1.2594019874572755,0.001201929219563801,0.006740419999999998,0.0012594040437337028
site_b9eaf91685021861,238,0.05143776082382526,0.007186032136448292,0.05093333074424826,0.0647945061807904,0.03974469005768117,0.05093333074424826,0.6133959867953167,0.6181496186651385,0.6297106907794345,1.7102756484746935,0.3788679443565863,0.9992020714285714,0.37595441229191146
site_bb41a05397abcbe3,238,0.07880456152362025,0.07203346464438598,0.03195839308000393,0.03927229290354515,0.04097837938024917,0.031958393080003936,1.0434424972561254,0.6835833229507947,1.4780178222293516,17.143964585363864,0.2618239997150142,0.3670704915966386,0.39965616323832803
site_bb59973d2df99f1c,65,0.04010117036383441,0.0027698731115231145,0.04000539547980163,0.08388345535825427,0.06970394763412707,0.04000539547980342,0.8309618069073509,0.880334246757952,0.10452675119570262,0.18004175224900243,0.3345758887615915,0.4573682153846154,0.31581162052577344
site_bbd4ea535f73b619,96,0.037018666397401104,-0.023246749656274917,0.02880920499181738,0.033865973005424876,0.016733696330520385,0.028809204991817387,0.49411532714089945,0.5266872814459533,0.13155663953683905,-2.231687967002392,0.02865362055483274,0.11010279625,0.026881592916678854
site_bbfd063296f373c3,52,0.09156607830155818,-0.07020613358800229,0.05878303753763206,0.060392120430228076,0.03668547830111534,0.05878303753763265,0.6074547149490905,0.3470046112351918,0.4359860281674083,-3.6507189465761187,0.03997726267834123,0.18965482692307692,0.06998286454544345
site_bc37e7bebe33d230,276,0.03738867298454467,0.0006057670579656315,0.037383765377723845,0.04322011711482802,0.061200502978194266,0.03738376537772409,1.4160189065567688,0.7969349894097149,0.38582395144248094,0.1671917079985143,0.5817989160653636,0.5155620724637682,1.0337584318803743
site_bc93eecd419d5cf1,153,0.039900732791454153,0.019521521705817554,0.03479911877597361,0.04305533038598709,0.06416014075989122,0.03479911877597456,1.490178804452351,0.8614328747192271,0.24358647702613878,2.9867928209900856,0.36408694490842475,0.28362550562091504,0.6298281203363454
site_bcf274618f28d9ed,84,0.0900592199302549,0.02224424031093007,0.08726887685444115,0.08133476478471574,0.058944616098603166,0.08726887685444158,0.7247161315905092,0.25801289832901875,0.6812956999334658,1.8685161861181259,0.10390610421076418,0.555688892857143,0.29185529242898345
site_bd11119142bc591a,41,0.08620451594318339,0.03145789548100495,0.08025969960636987,0.10489694100970975,0.06602072317643659,0.08025969960636992,0.6293865439824924,0.6440437325314181,0.30467996132894093,1.289773714721203,0.18286993719110403,0.4511380975609756,0.17870817143832657
site_bd599065e701bf2f,260,0.08332488824513358,-0.06852322993851624,0.0474089016942729,0.06182782975767772,0.054231860830916176,0.04740890169427381,0.8771432062789122,0.6734446423164206,1.8051896202766404,-17.816039784014222,0.5871022692432197,0.9938969384615384,0.7646846295878036
site_bdd9f4c5442812d1,142,0.04106089192913853,-0.0007091965734119161,0.041054766912462855,0.05363880748875492,0.047286629728613874,0.04105476691246286,0.88157496302518,0.6756929618673477,0.23941155213432788,-0.10070591342449209,0.24336337249057605,0.408551276971831,0.31751559985492617
site_bdfe6061d850b13b,146,0.05215425585486239,-0.018071912768768936,0.04892312717572799,0.07322054408813285,0.042617556720479344,0.048923127175728054,0.5820437044169211,0.7665536689375643,0.3971296949510695,-2.6384992642402647,0.34923432466551046,0.7827422191780822,0.265173396560198
site_be8516cfd6e0790e,150,0.11654873009314094,-0.08483338849782944,0.0799180998416514,0.08362365029636586,0.06323636606948266,0.07991809984165146,0.7562019338473055,0.4354010630118745,2.0375409729485727,-12.725008274674416,0.3453637650196751,1.0489372333333333,0.5998256990510427
site_bef664d28695b721,15,0.030611719383335702,0.009288500754038488,0.029168495287661262,0.10624619627178293,0.09804682583840675,0.02916849528766263,0.9228266919560885,0.9623901436725205,0.01405616045406136,0.13932751131057733,0.1503797487139702,0.16932381333333335,0.144197700854803
site_bf2aa2626c0e2039,210,0.055896084123756115,-0.0328493196161588,0.04522493141095368,0.06079515819425051,0.04555430125425833,0.045224931410954176,0.7493080470109947,0.6726804168689164,0.6561181662777043,-6.8983571193933475,0.3912248761577266,0.7761707645714285,0.4357908161803816
site_bfacedeb5df79c6e,50,0.06779856311931226,0.016251341542482377,0.06582202563817795,0.08558305916476695,0.034193124892863816,0.06582202563817867,0.3995314636630859,0.7109688818597727,0.22983225805216845,0.8125670771241188,0.10402726867064833,0.3662230008,0.05845848949694915
site_c0555c6b321e4775,2,0.05637025452007642,-0.030513182151317597,0.047397798573970806,0.02560000000000001,0.021797798573972068,0.047397798573971396,0.8514765067957836,,0.006355211189316392,-0.061026364302635194,-0.0011160472869873052,0.0013107200000000011,0.0009502880453429174
site_c0951b8580287e99,50,0.1440916240619139,0.13977646176457406,0.03499909800804132,0.031165853108811252,0.04681511174291613,0.034999098008041345,1.5021283575799342,0.6641482284719569,1.038119806239996,6.988823088228703,0.048450705653131004,0.04856552,0.1095827343750862
site_c0aaae0aecb597e5,655,0.13301018661802108,-0.1266433354328607,0.04065925890373222,0.03983966157125624,0.0244281487694051,0.04065925890373402,0.6131615532354237,0.2726843122917221,11.58806988242532,-82.95138470852375,0.1738231637182809,1.0396151053435116,0.390861066256623
site_c0baac71bcc40ff4,11,0.027103454848328434,0.015756768772818824,0.02205269830554301,0.07213076509179196,0.0821050912259738,0.02205269830554451,1.1382811636822199,0.9673408876930908,0.00808056991186916,0.17332445650100706,0.06301774476468563,0.05723132000000001,0.07415370605748028
site_c0e5aee02ccea819,55,0.05233963965385568,-0.019517971213297413,0.04856425309641192,0.06727519405796753,0.04344742485402883,0.04856425309641195,0.6458164181078756,0.6936769473188122,0.1506690833502504,-1.0734884167313576,0.11151645403721115,0.24892734545454548,0.10382232995455654
site_c1458c9cb325529c,104,0.2105826259037946,0.20682959954784466,0.03957978124517268,0.017171163645680672,0.043590216403654104,0.03957978124517271,2.538570903121002,0.4197736541910284,4.6118844025839,21.510278352975845,0.03267663066971761,0.03066428153846154,0.1976111244762091
site_c1eaac8764a60481,45,0.060183347302469,0.025285176240073308,0.05461405638695991,0.06595597484143458,0.03337469098248548,0.05461405638695998,0.5060146721009267,0.5636238213946908,0.16299158816383214,1.1378329308032988,0.055830722859501844,0.19575857777777778,0.0501241499179379
site_c204fd32b9271e1b,91,0.09715551741025034,0.023172265294488962,0.09435168617664064,0.13493713515257091,0.056832598499973914,0.09435168617664076,0.42117833934827764,0.8173174551851701,0.8589667052560646,2.1086761417984956,0.5703758975035541,1.6569307703296705,0.29392492695559064
site_c29be1fac6229539,472,0.05940512123923607,-0.028543180104281935,0.05209851532417079,0.11395275257323767,0.07467319517922978,0.052098515324171396,0.6552996175431318,0.9311704126765594,1.6656730986996144,-13.472381009221074,3.7399063012011475,6.1290284745762715,2.631912628945963
site_c2fa2fe516862278,53,0.06172018471704739,-0.04968284801064798,0.03661960970651248,0.04345334673907901,0.027430338993968902,0.03661960970651323,0.6312595243509725,0.5451704745097877,0.20189720367984185,-2.6331909445643427,0.03443995716497302,0.10007424716981132,0.0398784453581747
site_c33eaf01c8613ed2,878,0.07568088813070739,0.05655431791883394,0.050291211488570284,0.020196042709814937,0.05581363918427291,0.050291211488570325,2.763592847679433,0.4408372954038357,5.028830015205823,49.6546911327362,0.436294226634796,0.35811876391799546,2.7351125160751555
site_c3aa24263a4277b0,258,0.07618966098706825,-0.026649314653734827,0.07137701639751148,0.09840480401585196,0.057518976043919486,0.07137701639751155,0.5845139027425307,0.6976200778588796,1.4976550258616925,-6.875523180663586,1.0187464869459875,2.498344406976744,0.8535756121263738
site_c3aefe4e5e9b8037,305,0.0712959426442803,-0.03919871916223745,0.059553101124765494,0.09016047111083199,0.05538169499975601,0.05955310112476574,0.6142569389602754,0.7659827366056927,1.5503489884486346,-11.955609344482422,1.1665443028554807,2.479317718032787,0.9354753030190299
site_c3d5b5decd374619,53,0.05242281275236475,-0.03112780503563161,0.04218069523529933,0.031450866369180014,0.04248838188306807,0.04218069523529953,1.3509447207058234,0.37985903578066044,0.14565201873408332,-1.6497736668884753,0.02690302630682599,0.05242532075471698,0.09567891753719564
site_c3fac8d15831ac8c,148,0.05367722570735885,0.041583162599721474,0.033942379819981265,0.054643480170353635,0.04353093340248568,0.03394237981998131,0.7966354497695962,0.783788546859899,0.4264241948265344,6.154308064758778,0.2759287535729944,0.44191466891891895,0.28045144010796325
site_c3fba37c42f73863,128,0.03316376357536219,0.027703277531638742,0.01823084278050578,0.01969198355444656,0.017380342660390423,0.01823084278050585,0.882610053595431,0.5222546744642454,0.1407789074537625,3.546019524049759,0.022879161524074154,0.0496350996875,0.038665767807051166
site_c438c579f3fbc2ec,83,0.0884938607089399,0.04460601000189781,0.07642949204910268,0.08455079810219648,0.0811734799622917,0.07642949204910277,0.960055750912929,0.5752716747517369,0.6499865608033804,3.702298830157518,0.3277049182419587,0.5933535091566267,0.5468981094826515
site_c45005d41e05ffcd,278,0.07345720805341861,0.03756881313872853,0.06312325795101618,0.09478918420125944,0.049864343686190936,0.06312325795101768,0.5260552045718355,0.7919959158586936,1.5000772733708976,10.44413005256653,1.0406786160637365,2.4978270647482015,0.6912338704087704
site_c4ae57110fb255d4,1016,0.09576892784355479,0.07173857553285642,0.06344497080794236,0.03309788869498283,0.06742655668073468,0.06344497080794238,2.0371860363091856,0.36218204997363534,9.318434540948868,72.88639274138212,0.8212056022210883,1.1129977598425196,4.61908199455345
site_c4f8e2def8cc0f30,94,0.10226086659866598,0.08418679101923679,0.05805057325637284,0.07413675607400827,0.04812252491616229,0.058050573256375096,0.6491048093353743,0.622562411614275,0.982984774725955,7.913558355808258,0.20878184665422492,0.5166483085106383,0.21768307600482606
site_c56fc9c5f1ff5d0d,122,0.04331691550994896,-0.013253768590630079,0.04123945668218829,0.05707869031375326,0.0464111090820261,0.04123945668218829,0.8131074631690214,0.7004823731644779,0.22891533065411895,-1.6169597680568697,0.2263877839496145,0.39747318032786877,0.2627869076392946
site_c59fe04d734e33bd,568,0.0634199897421749,0.029634356711385115,0.05607049135864561,0.07799892408405983,0.04308446256727781,0.05607049135864581,0.5523725240215555,0.7136056422271898,2.284550016173819,16.832314612066746,1.3621216723861211,3.455616665897887,1.0543618795559406
site_c5ee40e68c26cb53,124,0.1744611115411967,0.17103823016728129,0.034388999133938114,0.023903501968279766,0.036395315805363405,0.034388999133938725,1.5225934615630974,0.4100076123029203,3.774148250583544,21.20874054074288,0.044230375764110395,0.07085079838709678,0.16425275755894475
site_c6112b3d07cf93a0,216,0.1878788078703258,-0.16171963836749392,0.09563056526582792,0.11398090644317443,0.041536474002202936,0.09563056526582797,0.3644160701855015,0.5884337966572863,7.6244644325033555,-34.93144188737869,0.6017458348528102,2.8061957592592597,0.37266019326770694
site_c62b54e06aa4fffe,37,0.04974652591009546,0.033890867080237426,0.03641601253121323,0.03362320757535222,0.05179981116404426,0.03641601253121468,1.5405969536950588,0.7141439730453492,0.09156452308458056,1.2539620819687847,0.04602086927882722,0.04182924324324325,0.09927915615533384
site_c6d377978f89caf6,53,0.046066532254689166,-0.017074331594525642,0.04278542502503044,0.08859817651313413,0.06943092399092506,0.04278542502503044,0.7836608689190385,0.8810680205421585,0.11247264588053282,-0.904939574509859,0.28725198356751,0.41603075471698114,0.2554946199303814
site_c6dbad6563643f29,50,0.15735961491792722,-0.1501689209575653,0.04702492515208126,0.03219481877569743,0.05064590826260555,0.0470249251520814,1.5731074187886438,0.4262926215965701,1.238102420355917,-7.508446047878264,0.034754269854635,0.05182531779999999,0.12825040118721287
site_c7184b24616d8b68,11,0.03805173212645206,0.028812936587767166,0.024854556986849956,0.08969228294471443,0.09738922773317996,0.024854556986850546,1.0858150170311738,0.968030791705244,0.0159272774960559,0.3169423024654388,0.09301390062408013,0.08849176181818182,0.10433127846311707
site_c79eeb4ffddf3d41,568,0.04833307807020615,0.025321642450883357,0.041169173653721344,0.037862885422486836,0.04459796157445393,0.041169173653722246,1.1778806891449198,0.5115680821032472,1.3268970955006847,14.382692912101746,0.4906598163782291,0.8142837165492959,1.1297396043067944
site_c7e77fa91cd0e5b5,45,0.0697620981082774,-0.0280982152097755,0.06385327426603948,0.06847696197253246,0.03188437783875277,0.06385327426603953,0.4656219686197857,0.3729293793314631,0.21900376496110138,-1.2644196844398974,0.0366405128248036,0.21100924444444452,0.04574760975739568
site_c83832e8d67694ad,46,0.044927450519532425,-0.016620665764031203,0.041740020121526,0.04370764641784688,0.02152890094088206,0.041740020121526056,0.49256600858954724,0.33562045367347504,0.0928498872685116,-0.7645506251454353,0.014527320981382026,0.08787648434782606,0.02132070448322637
site_c8f87af663a64c0b,62,0.07052817832498832,0.0585940285855724,0.03925511115707709,0.018646476680913814,0.03150363174543961,0.039255111157077124,1.6895219555169982,-0.17090823863221724,0.3084018841461639,3.632829772305489,-0.006224609231900786,0.021556847741935482,0.06153368641544077
site_c8f923241d7b6cf3,153,0.06769975870283398,0.02343611844692355,0.06351382275193106,0.08825432910147732,0.039477950329484736,0.0635138227519314,0.4473202700809371,0.762511043790933,0.7012383712485577,3.585726122379303,0.40646970574061075,1.1916904705882354,0.23845181001924143
site_c90d703c921023d7,384,0.1073339721549078,-0.0875652808836506,0.06207175817002363,0.07920925509474842,0.04533623599974683,0.06207175817002377,0.5723603377599825,0.6232965108093066,4.4239033261634,-33.62506785932183,0.8595028271945776,2.4092567395833333,0.7892637291359003
site_c91d0d6c46ea62b9,342,0.059914179167097674,-0.03612084878676118,0.04780160194168197,0.059308350639052314,0.033686643084861474,0.04780160194168263,0.5679915681667953,0.5924415962398573,1.2276804319213417,-12.353330285072325,0.4048044062719533,1.2029783157894736,0.38809815343578113
site_c9aed1d9afe08cac,128,0.07076164686319493,0.00881106958212331,0.07021093732183388,0.10018987832485875,0.05175545065708742,0.07021093732183398,0.5165736451867319,0.7508682323425522,0.6409229653493126,1.1278169065117838,0.4983720109988935,1.2848655,0.34286421410793094
site_c9e5c8b8112d21fb,124,0.038621601610108976,-0.034767096923051334,0.016818950100203227,0.04699091275175974,0.049211616216672374,0.016818950100204257,1.0472581470516227,0.9399036308862662,0.18496188575531655,-4.311120018458365,0.269517222104498,0.27381008927419354,0.30030111316147434
site_ca4c08bc8824e7df,72,0.1085672715525989,0.10305975005030633,0.03414001130556547,0.02617135116713656,0.047545365125238125,0.034140011305565474,1.8166950885188142,0.7152307174149793,0.8486533765710541,7.420302003622056,0.06407859581501947,0.049315652777777774,0.16276044563223913
site_caaaa1aabb1e21d9,11,0.08415070960142132,-0.05957469523061405,0.059432294374373536,0.13489371083612645,0.08312330885039715,0.059432294374373994,0.6162133752208672,0.9620067149899892,0.07789476119065016,-0.6553216475367546,0.1186548004552722,0.20015944545454548,0.07600432921662365
site_caab4140fe1f5c75,199,0.06871419334176952,-0.05038676587585829,0.04672059707646646,0.0745912890863636,0.04330155214723477,0.04672059707646647,0.5805175467218322,0.8136537317597496,0.9396064329554065,-10.026966409295799,0.5229790281569913,1.1072082211055276,0.37312985925357883
site_cadb6c34bf67432d,262,0.054506384067834375,-0.0027863080972478577,0.054435120936188616,0.08020170337813158,0.04776396567321535,0.05443512093618865,0.595548020320963,0.7505743180842483,0.7783878268873705,-0.7300127214789387,0.7533190697825422,1.6852660648854962,0.5977258612100087
site_cb6d0d529a35bf72,121,0.10533131670322565,0.043426020844071364,0.09596284172577167,0.08029625390703674,0.07994583746967583,0.09596284172577166,0.9956359553489681,0.28273560510285906,1.3424570396906619,5.254548522132635,0.2196124788528108,0.7801460953719007,0.7733517683760667
site_cb73c7416c77fcc5,47,0.052032306829537675,-0.04679309048678013,0.022754508052233526,0.04779927284365394,0.033448803816199205,0.022754508052235587,0.6997764155452006,0.9024811993875609,0.1272459648381482,-2.199275252878666,0.06781689512380894,0.10738421276595744,0.052584656406525376
site_cb8aadebec9e1fcf,153,0.02972363511213819,0.008982270934690837,0.028333960068005714,0.045301158013228364,0.0647171626084816,0.028333960068005735,1.4285984166140646,0.9273760968294402,0.13517465609476875,1.374287453007698,0.4159834961627044,0.31398582235294115,0.6408116038221752
site_cbe94aaae2e082ea,54,0.048501482504443645,0.01558263397901147,0.04593011347041296,0.04945340773937663,0.023005026088612452,0.04593011347041303,0.46518586160635805,0.38029049029025236,0.12702926547695806,0.8414622348666193,0.023362976852183543,0.13206453499999996,0.028578486168237938
site_cc2f4e33aba4f988,24,0.1276897434814097,-0.11130522590676943,0.06257649140205318,0.061927302249402794,0.019632636893257144,0.06257649140205321,0.3170271621746041,0.1252734254920822,0.3913120941683571,-2.6713254217624662,0.00365536702896158,0.09203977833333332,0.009250570353179555
site_cc39c5b4f811532d,154,0.043120519589352944,0.027853427705826696,0.03291756027855128,0.04908372963373881,0.047881019102254056,0.03291756027855166,0.9754967574701569,0.7697793947146431,0.28634439828698877,4.289427866697311,0.2786043822358955,0.3710187272727273,0.3530591665016444
site_cc701381aa01ffc3,51,0.06996494787545288,-0.029462655055756664,0.06345900951228543,0.08519605361131434,0.03163561801239087,0.06345900951228582,0.37132727011887734,0.7851156099555504,0.24964979049195674,-1.50259540784359,0.10791941673703052,0.3701767450980393,0.0510414286783214
site_cc73ca175d85bc6f,40,0.055370542103599985,-0.021789659198373553,0.050902924128828526,0.07918143721858047,0.04403055285109832,0.050902924128828526,0.5560716551475559,0.805598603424567,0.12263587731386154,-0.8715863679349422,0.11234563799016178,0.250788,0.07754758337493449
site_ccee683800437b50,18,0.17282993023631135,-0.15723575021823247,0.07174331772923426,0.07771759576413839,0.02003309803507554,0.0717433177292345,0.2577678560190292,0.41564196156092337,0.5376633261387885,-2.8302435039281844,0.011648214624987706,0.10872044444444441,0.0072238503038930535
site_cd09f5e742102c10,336,0.07595794804852593,0.05692370719941599,0.050292160725283225,0.09010750539408285,0.0685285466736832,0.05029216072528629,0.7605198520808603,0.8329011150121647,1.9385889169055015,19.12636561900377,1.7280854315984815,2.728105809523809,1.5779103342936116
site_cd9b47f2c6e7c758,40,0.12863553651452841,0.09373446759879589,0.08809625893504704,0.05713072181409929,0.07156045471874999,0.08809625893504733,1.2525739645230525,0.07629909135439324,0.6618840501752229,3.7493787039518356,0.01247734432406724,0.130556775,0.20483594718217069
site_cdb6242d14e183d0,160,0.07890547000617322,-0.008629328975081443,0.07843218649467143,0.1102085494641863,0.052133590742324654,0.07843218649467143,0.4730448862251484,0.7581694854903863,0.9961717115032162,-1.380692636013031,0.6969782224282622,1.9433478999999998,0.43486580539011177
site_cdbb0d22e7b06f01,175,0.12770971826664154,-0.09604538829898834,0.08417277188165725,0.08999552269316693,0.07866105153144334,0.08417277188165725,0.8740551660512309,0.5086562150245023,2.854210124455367,-16.80794295232296,0.6301487155781303,1.417358968342857,1.0828231799056676
site_cdd0193742d73d25,11,0.10487306531253476,0.09226510809118098,0.04985488598893666,0.05671488938264758,0.015304029061210516,0.049854885988936684,0.26984146892990185,0.5560597854950816,0.120981958108519,1.0149161890029907,0.005309052794223482,0.035382365454545456,0.0025763463605701364
site_ce2a9736239174ff,54,0.098447675863367,0.07984875889508815,0.05758576721562942,0.062441031166324074,0.065488303368515,0.057585767215629434,1.0488024003651368,0.5956581560767209,0.5233650236765229,4.31183298033476,0.13152995096547185,0.21053964814814813,0.23159076541667928
site_ce840bd031a93a0e,69,0.035178725669832774,-0.004822615240363108,0.03484659412333964,0.07901782346484096,0.056492558873393085,0.03484659412333973,0.7149343831082552,0.9208209680671939,0.08539044904298125,-0.3327604515850544,0.28362244763597844,0.4308233333333332,0.22020723535640108
site_cec4a302b657dde7,101,0.04877144286768905,0.00023167831177758617,0.048770892595441685,0.0984110503445555,0.06741501993646981,0.048770892595441685,0.6850350616159183,0.8931440888782223,0.24024401757902195,0.023399509489536202,0.598471448809056,0.9781582178217822,0.4590232762164968
site_cedd671db129d181,93,0.06566559173643803,-0.0009333876076564998,0.06565895769558357,0.0607916632045953,0.06601196402750815,0.06565895769558357,1.08587198552775,0.4662507292414196,0.40101320424298,-0.08680504751205448,0.17400797476899882,0.343693247311828,0.4052548837135199
site_cf410c13c4f583ea,45,0.028895286618628613,-0.02010097691350513,0.020757849500741436,0.06510923774324326,0.05669970302483668,0.02075784950074144,0.8708396072525164,0.9512188781597866,0.037572191494771395,-0.9045439611077308,0.15802156905109685,0.19076457777777778,0.14466853453971032
site_cf467e53e3fb79b4,253,0.06493739745786466,0.012067003305721661,0.06380637131055478,0.07252174968612889,0.05950925875337087,0.0638063713105548,0.8205711943096308,0.5479396129470602,1.0668669939159736,3.0529518363475803,0.5982821339392379,1.3306292569169962,0.8959620249760387
site_cf53fcd25709e5dc,34,0.06396280323490154,0.021892290260861896,0.06009964912377527,0.06480489750384943,0.02242226813520524,0.060099649123775564,0.3459965064194932,0.37522725385352146,0.13910216672066883,0.7443378688693045,0.01853790540817906,0.14278894117647065,0.017093775683119372
site_cf6b1b2134e1588b,836,0.054025264153069304,0.02339696983779161,0.04869610835804423,0.04415691325293052,0.04770956645039263,0.04869610835804429,1.080455197968946,0.4401951920663653,2.440057583452253,19.559866784393787,0.7752749453716195,1.6300603779904308,1.902905483019383
site_cfa28b3d4c2af861,102,0.08629461246843087,-0.003627996459194257,0.08621831465975624,0.10268213657996172,0.03744432364863074,0.08621831465975634,0.36466249043689986,0.5867700073348708,0.7595695343898197,-0.3700556388378142,0.23011713893138894,1.0754493596078434,0.14301189209734755
site_d04beb93196a3a21,622,0.036808493867899084,0.016363887040657246,0.032971023971720595,0.05554434597774493,0.04353449092191681,0.032971023971721004,0.7837789815611452,0.8050424257046237,0.8427261673520082,10.178337739288807,1.2108280707846286,1.918978458199357,1.1788466816945444
site_d0ce78b41de4999b,52,0.06765898032520293,-0.011891667063190389,0.0666057495499032,0.08190731971972125,0.04435829004229548,0.06660574954990336,0.5415668611069825,0.5835160375780407,0.23804235616960226,-0.6183666872859002,0.11024366719705553,0.3488580692307692,0.10231821056477336
site_d122c9eee96eec44,13,0.03797195397373408,-0.02491934790978065,0.028651272019487906,0.022781701366661872,0.02555142232186889,0.028651272019488267,1.1215765631648633,0.30147979159580834,0.018744300751583932,-0.32395152282714845,0.002281407124721087,0.006747076923076924,0.008487377374716498
site_d132cef849713e59,125,0.05941375131501998,0.030707056672573087,0.05086325309917193,0.07024353066297281,0.07687575182667307,0.05086325309917193,1.0944175371184222,0.7645303011957191,0.44124923066537985,3.838382084071636,0.5160602689428627,0.6167692000000001,0.7387351523645284
site_d15ecf104b47687d,115,0.09015712482439092,0.07520849837272063,0.04971910024448634,0.05843127318654265,0.0414257330572228,0.04971910024448641,0.7089650934863353,0.5491121797625861,0.9347553230090925,8.648977312862872,0.15285317669342394,0.39263457391304346,0.19735050632275247
site_d1bc13bbd7c8604f,141,0.048336186441929475,-0.0052474652777326864,0.048050504970374205,0.05890450722807299,0.04384454087019551,0.048050504970381595,0.7443325296047951,0.5969148671712436,0.32943055568460433,-0.7398926041603088,0.21736797641341354,0.48923347702127656,0.27105047074067246
site_d1da6ed45ac274f5,50,0.09627301785650903,-0.04598852481842041,0.08457865896445295,0.10882830514163123,0.0516799752483511,0.08457865896445307,0.47487622986587724,0.6543875174668203,0.46342469835998534,-2.2994262409210204,0.18402175723612307,0.5921799999999999,0.1335409920835091
site_d2a88afeebc07d80,46,0.09067013718730553,0.0506932211427585,0.07517493669924961,0.051980006516974646,0.07063180433605547,0.07517493669924968,1.3588263847752666,0.2777521676948654,0.37816939376798103,2.331888172566891,0.046908540331313135,0.12428836956521742,0.22948718205327384
site_d2c6c5fd07d735c9,451,0.05164287671292144,0.000426092539129658,0.05164111889119079,0.059102753639767254,0.04124070872169815,0.04485294504844417,0.6977798187384177,0.6527638804331509,1.2028110085488877,0.19216773514747576,0.7175736668663252,1.5754041049991625,0.7670590211964452
site_d355ed29576c96c4,250,0.04177587017446946,0.014817855117559434,0.039059627475811196,0.06243067502438204,0.06426453430196795,0.03905962747581176,1.0293743304372363,0.8102864199875459,0.43630583220853175,3.7044637793898585,0.8127331318124533,0.9743972959999999,1.0324825922622036
site_d3c0f0b2faa9bb95,81,0.044052980071863625,0.026864477317347948,0.0349136780027214,0.053459110804130454,0.032570010305830614,0.03491367800272209,0.6092508800822427,0.7752622709533779,0.15719386931017312,2.1760226627051837,0.1093385460983042,0.2314879987654321,0.08592525127707488
site_d4253e2faeb3b528,43,0.09364111535660094,-0.08721023049049599,0.03410328698267675,0.062157952638881506,0.04408639290725579,0.034103286982676895,0.7092639161296722,0.8473804271779511,0.37705231486481455,-3.750039911091328,0.09985001905536235,0.16613527627906977,0.08357523170163617
site_d46dadf54503ff71,88,0.06345414491854777,-0.030581986984068697,0.05559829655169585,0.05799199770244737,0.07503219356371706,0.055598296551695896,1.2938370212507881,0.6781624254174047,0.3543257086462774,-2.691214854598045,0.2596761767183515,0.29595031818181816,0.49542504624651307
site_d47f3d91f6768d70,53,0.02280184672531047,0.002939715799295677,0.022611552027756148,0.023595725819878736,0.03286977451233953,0.0226115520277564,1.3930393480266527,0.7258368489554223,0.027555983346481242,0.15580493736267087,0.029836298811407584,0.02950818867924528,0.057262370054078415
site_d55e4a9082082245,5,0.05827959946230989,0.052715558855533605,0.02485118846325151,0.08287425173116195,0.05870063837737079,0.024851188463252627,0.7083097240840424,,0.01698255856743636,0.26357779427766803,0.024240812444686892,0.034340708,0.017228824729554282
site_d583e7eb857a6d07,415,0.0743294140632126,0.005139586571325739,0.07415151006457221,0.08165805495321894,0.06655638429027584,0.07415151006457223,0.8150620820983958,0.5151318295185573,2.2928176449169104,2.1329284271001816,1.1618638351138997,2.767235744578313,1.8383472002648742
site_d5dd2bb3b8af01ea,43,0.08916682330266916,-0.02459579497298529,0.08570746319624852,0.10177320782100992,0.033155203699243935,0.08570746319624865,0.32577536278068875,0.6092034171168453,0.3418810622492452,-1.0576191838383675,0.08839260847208112,0.4453847906976744,0.04726850389054943
site_d5fa35b8748ecd00,221,0.12314571318565339,-0.10816092731003307,0.05887342761753342,0.060033626254582965,0.04288878797625894,0.05885548853921352,0.714412749187957,0.3844064311102722,3.3514355353967087,-23.90356493551731,0.21873650519945384,0.7964920181617647,0.40651803763002103
site_d65f83745aba7368,108,0.054080128183204526,0.02749905363166773,0.046566751160828194,0.03172314651309605,0.05111521851163229,0.04656675116082922,1.611290938322614,0.44731096407046794,0.3158633085456779,2.969897792220115,0.07833570882346895,0.10868666666666667,0.28217868085712694
site_d68e520b86217ecc,289,0.09997399450553739,0.0958452404795221,0.028433948983843226,0.04461660394612093,0.04783293133371121,0.028433948983843244,1.0720881264623887,0.813005803601922,2.888497077866641,27.699274498581886,0.5014354052560656,0.5752953494809689,0.6612289134729284
site_d6e0f79187805dc4,57,0.042195061837537406,-0.020695116004922933,0.03677139400425809,0.089119622819205,0.06251263358602736,0.03677139400425813,0.701446343784975,0.9421834761602219,0.1014841248779955,-1.1796216122806071,0.2991930317000339,0.4527115087719298,0.22274627339807224
site_d735284ea202b77e,489,0.13715896637032046,-0.11082055542288625,0.08081699420009192,0.07610930634956983,0.0379391986483047,0.07857906602315663,0.4984830432437535,0.18308746936230924,9.199352625273828,-54.19125160179138,0.2585195542090557,2.832594364863196,0.7038581863029318
site_d74ec077de336965,56,0.0471752467462058,-0.006825653809521875,0.046678842698142806,0.033292132275187354,0.024421877760187442,0.04667884269814282,0.7335630400095786,-0.2915665996474024,0.12462821871166245,-0.382236613333225,-0.013275364784523841,0.0620685,0.03339997434667813
site_d7943e43ff597b33,72,0.07508798458426978,-0.05136357951892747,0.054772147373736875,0.07444795778401095,0.03275233025204232,0.05477214737373723,0.439935912642005,0.7413279830601242,0.40595079088278263,-3.6981777253627777,0.13014811537985999,0.3990598861111111,0.07723548985959694
site_d830d9e3fbd26651,704,0.06826468041197202,0.055606832323976875,0.039597307871139374,0.06944315061280372,0.07872839419812269,0.03959730787113944,1.133709998803064,0.8644877444504362,3.280686880591068,39.14720995607972,3.3273026791508205,3.3949352215909094,4.36350467732256
site_d8459840bc683e6d,9,0.06398987490919779,0.060572402848137745,0.020632210354145183,0.04536999606799494,0.04336225113230834,0.020632210354146845,0.9557472975603164,,0.036852336818053034,0.5451516256332397,0.015808649680680697,0.018525928888888887,0.016922563409352387
site_d8c17cfcfd29e789,109,0.07360778541173807,-0.0008629338008548157,0.07360272697716994,0.10371761736159257,0.06263936554662229,0.07360272697717091,0.6039414242253712,0.7129405748574499,0.5905735619810322,-0.09405978429317491,0.5048701702581359,1.1725505124770643,0.42768222265308764
site_d8f779aeecdbd8d2,131,0.1428600160975038,-0.11680531295383251,0.08225267816391325,0.09065674437343546,0.04801969113724426,0.08225267816391327,0.5296869137440054,0.4317443454310496,2.6735769301186547,-15.301495996952058,0.2462166596771652,1.0766425343511452,0.3020716865360399
site_d93f1ce9d07f856a,55,0.08635211966032219,-0.050991328185254876,0.06968911693897575,0.10731925031234286,0.0503145488716515,0.06968911693897575,0.46883060331874854,0.8511925495044778,0.4101178713406831,-2.8045230501890184,0.25279106314073907,0.6334581818181818,0.1392354605486794
site_da42d7233341c5fa,34,0.09820884461448204,0.021846460385532937,0.0957481557479559,0.1138287907280751,0.06392926249916092,0.0957481557479561,0.5616264750794124,0.5411739041725264,0.3279292234573903,0.7427796531081199,0.13389599284385056,0.44053778235294117,0.13895632052534518
site_da8bcad340f647ba,6,0.0780858716680704,0.07623084559837978,0.016919265158934757,0.06655862077897948,0.07462380823779077,0.01691926515894369,1.1211741974881553,,0.03658442012497416,0.4573850735902787,0.029137503667175765,0.02658029999999999,0.033412276535463414
site_da99bb912bf39167,787,0.07251380169638859,0.00019624467915470948,0.07251353614663315,0.08023980321932427,0.05095147171595716,0.07251353614663315,0.6349899884062333,0.4618340453044605,4.138243880496514,0.15444456249475635,1.4859605003031588,5.067041278271919,2.0430932939073
site_daa49998006715f8,95,0.10419131085171256,0.05888175245147003,0.08595794602735689,0.07487550960800315,0.07669623856655393,0.08595794602735811,1.0243167488018827,0.356966924916566,1.0313037794148285,5.593766482889653,0.19474460704350158,0.5326024842105264,0.5588197359744866
site_dabd51f8216ca183,414,0.05997621439036669,-0.0303730475321628,0.05171676977739626,0.06775277996840244,0.035818758730021355,0.05171676977739633,0.5286684730386855,0.6590513022922879,1.4892185651360805,-12.574441678315399,0.6621512675989905,1.9004418260869567,0.5311551594612252
site_dad0353659cda19f,170,0.05770640937288641,0.029155432074911454,0.049799502640451916,0.07133913570920959,0.05680376612689081,0.049799502640452284,0.7962497100950673,0.7200730679039804,0.566105046060896,4.956423452734947,0.4960557216694249,0.8651762882352941,0.5485335338537463
site_daf47f9c44bf482f,99,0.04991725784410751,-0.011340466030017295,0.04861199914524332,0.052974494924817705,0.050950495608047465,0.048611999145243404,0.9617929473486677,0.5629931847429307,0.2466815304368362,-1.1227061369717122,0.15043662089022877,0.27782341414141415,0.2569993472678607
site_dafe0965d62ae39c,205,0.054897157810734426,0.046182388047619566,0.02967970636505297,0.05842314617955921,0.0468557596746641,0.02967970636505304,0.802006785643765,0.8635449842903636,0.6178080768178194,9.46738954976201,0.48460372856495587,0.6997191219512195,0.450069754011425
site_db96cd85e659d65b,81,0.07499794460889471,-0.018315567054866273,0.07272710429418688,0.06763450176041677,0.0450991242471535,0.0727271042941883,0.6668064829827409,0.21623181660687074,0.45560002734026606,-1.483560931444168,0.05342456805750175,0.37052849209876537,0.1647484116366753
site_dbd5f7c9c3a46705,3,0.06395552331711671,0.046645173736413324,0.04375541943423781,0.05837128289378834,0.0216578302654436,0.04375541943423788,0.37103570783002865,,0.012270926888298776,0.13993552120923997,0.0029425973229110242,0.01022162,0.0014071848354202943
site_dc096381800c2a0d,61,0.023115290491837123,-0.002358456059948342,0.02299465893496376,0.028580942169699603,0.03324146387676749,0.022994658934963785,1.1630639633709763,0.7331603885858541,0.032593315925842956,-0.14386581965684886,0.04248988051150666,0.0498290855737705,0.06740469016089673
site_dc3fa845eee493af,75,0.06612857573547169,0.00398045076688131,0.06600867019183503,0.08920098255562485,0.04918613454550187,0.06600867019183564,0.5514079905434885,0.6859274158761841,0.32797413966015115,0.29853380751609826,0.2257104967470964,0.5967611466666667,0.18144568736461597
site_dd81667799d2704b,215,0.06113842230340638,0.0475008964483128,0.03849118754151816,0.0658336481338303,0.06781774828387682,0.03849118754151821,1.0301380860136011,0.8345198727675359,0.8036499365761767,10.212692736387252,0.8010625542339024,0.9318248837209301,0.9888381011934849
site_ddb8d9051d38fd31,29,0.03898504467587715,0.018256576462038633,0.03444606108491759,0.04800322026455042,0.0459120215014244,0.03444606108491783,0.9564362817410745,0.7318061921639645,0.04407517754302397,0.5294407173991204,0.046772530372800505,0.06682496551724137,0.061129497832070445
site_ddd5a78c36a9e7a3,382,0.05096644035701695,-0.021507999024232023,0.046205887294142524,0.07588470319358175,0.04427794194845547,0.04620588729414254,0.5834896900828949,0.8309538072403266,0.99227481229817,-8.216055627256633,1.0665516975539888,2.199742484293194,0.7489248066988827
site_de08b55dd68ab719,250,0.10382278038291984,-0.06838645430541038,0.0781182603107239,0.10030286408672485,0.07911351841450767,0.07811826031072436,0.788746354701335,0.6437774671963098,2.6947924316100007,-17.096613576352595,1.277143843243569,2.5151661359999995,1.5647371989806613
site_de0c25f31478d5ae,20,0.044917402108502744,0.03618942368894816,0.026606364374689086,0.04058414838332819,0.04195557273808745,0.026606364374689093,1.0337921185829941,0.792680775207669,0.04035146024353853,0.7237884737789632,0.026994445585422217,0.032941462000000005,0.03520540167561893
site_de2dd333b47cf663,29,0.07557781691287452,-0.03585519018974797,0.06653128396305744,0.10077300518059006,0.04863780615597607,0.06653128396305744,0.4826471739015304,0.8257293350794517,0.1656481858701635,-1.039800515502691,0.11736913371779795,0.2945007586206897,0.06860344944232281
site_df32de3b824705c1,130,0.10168194996812668,0.09458767929856594,0.03731474070970156,0.03443732322305598,0.05723470529229405,0.03731474070970158,1.6619963439543723,0.7786238464605272,1.3440984634116804,12.296398308813572,0.19950780501812693,0.15417080000000002,0.42585549368644776
site_df4d1a2cf99eda94,136,0.04722266512542855,0.021586863785982135,0.04199985015965913,0.07668485253944575,0.0583041265347721,0.04199985015966074,0.7603082565071265,0.8405141468458979,0.30327729381057783,2.9358134748935703,0.5110846249250804,0.7997570588235294,0.4623144792536493
site_df5a72d9e6b0c9b0,180,0.055774913074786436,-0.025173798631628358,0.04977068204228479,0.0787738306094663,0.047037686523375616,0.049770682042285706,0.5971232598370437,0.8016459427196421,0.5599513671299969,-4.5312837536931045,0.5346665596265345,1.11695695,0.3982579116248433
site_df8e2a9486152870,479,0.04061954103477071,0.017684377400387304,0.03656788084967588,0.05472766722265866,0.0406890978248486,0.03656788084967612,0.7434831391461587,0.744000686279151,0.7903246675463269,8.470816774785519,0.7935857244177347,1.4346613110647182,0.7930336845822474
site_dfda0bf114384539,49,0.07861070974808532,0.011770318388938904,0.0777245346857781,0.07796440841558305,0.046026893099934255,0.07772453468577821,0.5903577547153513,0.3003824595016322,0.30280254066778806,0.5767456010580063,0.05281760410964489,0.29784400000000005,0.10380526953320601
site_dffc4a16666e5428,8,0.0572470117101252,0.05501771440804004,0.015819970008016927,0.050504325309818764,0.057439519747093604,0.015819970008017034,1.137318821600544,,0.0262177627979137,0.44014171526432033,0.02239885541088879,0.020405495000000003,0.02639438743021405
site_e06c7a98fed0bd3d,30,0.03312060229082004,-0.02872529709140459,0.016487316431645756,0.02199618653817571,0.017188260171971215,0.01648731643164577,0.7814200039693223,0.6710775998348542,0.03290922888320021,-0.8617589127421377,0.007611553602665663,0.014514966666666667,0.00886308863218116
site_e0819506e4cfd43e,250,0.06429998965745659,-0.03440058119893074,0.05432392367203234,0.07722653688985412,0.05626056893887985,0.05432392367203398,0.7285134256262533,0.7109749902349826,1.0336221674872559,-8.600145299732684,0.7722626167751849,1.4909845000000002,0.7913129043316132
site_e08b0590bf66e62a,111,0.059202381322362,-0.05688328321925154,0.01640774342914872,0.026312745231973116,0.026175853277257632,0.016407743429148743,0.9947975038898965,0.804579339376702,0.38904633692045765,-6.314044437336921,0.06151186056591503,0.07685202234234235,0.07605445772196961
site_e0a3f27c6c9560a4,56,0.1622098651224285,0.106029690161986,0.12275889029797268,0.13244723915852033,0.06297007669900416,0.12275889029797271,0.47543517780418215,0.3859467810300944,1.473474259210041,5.937662649071216,0.18025718404408547,0.982367185,0.22205291133079413
site_e0ceb845349c800e,31,0.04703142235624805,-0.018650282399308302,0.0431754751598386,0.05864159469618785,0.05722102886921262,0.04317547515983861,0.9757754570909105,0.7225323085217769,0.06857059535440545,-0.5781587543785573,0.07515889733032353,0.10660393548387098,0.10150163049038917
site_e0f23347bc3a360e,5,0.17131471102772605,-0.16101698641777037,0.05850008802944514,0.04735145193127663,0.01272623001887848,0.058500088029445146,0.2687611361389436,,0.14674365107256643,-0.8050849320888519,-0.002545358422398567,0.011210800000000003,0.0008097846524670188
site_e112cf24dd2b666b,2,0.14043200122207924,0.1400630396604538,0.010173096299171444,0.011499999999999996,0.0013269037009122225,0.010173096299182357,0.11538293051410634,,0.03944229393447614,0.2801260793209076,3.051878511905669e-05,0.00026449999999999987,3.5213468629891054e-06
site_e1c83eb53198657c,16,0.049907473126966924,-0.0022360085487365695,0.04985735792928565,0.08943485735963076,0.04626510074496844,0.04985735792928565,0.5173050207809875,0.9248222024155431,0.03985209398270281,-0.03577613677978511,0.0612263769455254,0.127977499375,0.03424735275107327
site_e1d83ae86567245b,279,0.09060006355884061,0.053307236001483,0.07325783307434197,0.09997047893539995,0.08768835859257786,0.07325783307434207,0.8771425277380266,0.7025032773816273,2.290135653205602,14.872718844413757,1.7181705524357418,2.7883529677419356,2.145300256912286
site_e217e123676f78e8,634,0.11356571717224298,0.1017529660208086,0.05043318374655773,0.044256155423150145,0.06698085317518535,0.05043318374655888,1.5134810634759304,0.6580838909276593,8.176807122080291,64.51138045719266,1.2367868999855691,1.2417570236593058,2.8443995947760166
site_e236e8f6fb4c7e9a,128,0.029596523537252426,-0.02270921933641657,0.0189801360011371,0.02586381683905867,0.017835645167339893,0.018980136001137123,0.6895983403503344,0.6793893403819318,0.11212213830286552,-2.906780075061321,0.04011530863346997,0.08562393874999999,0.04071811053251262
site_e285e97bc06024be,13,0.06155629906863649,0.04166715014531061,0.04531033605917703,0.07495386904761556,0.05917511716210978,0.045310336059177087,0.7894871594222563,0.7966298504274076,0.04925931341535642,0.541672951889038,0.045933877746646215,0.07303507230769231,0.04552202838494246
site_e3489f2db8b7f610,188,0.12682175657363912,-0.11043254553479082,0.06235712330704266,0.06212729524813025,0.0570035553021816,0.06235712330704281,0.9175283597091272,0.4547249026517857,3.0237464927995945,-20.761318560540673,0.3027547586519034,0.7256425531914894,0.6108881996127087
site_e35bffa822780b41,151,0.11732698786105128,0.008148311569674912,0.11704369739166125,0.09416377956573939,0.05511190142556053,0.11660204030945855,0.5852770744730437,-0.16301012554366684,2.0786089341626384,1.2303950470209117,-0.1277382041329465,1.338889424697879,0.45863557348984574
site_e4206af93f2d6f2c,175,0.09826564580106258,-0.0535783482743672,0.08237413271707629,0.08711951206549892,0.055132901152194255,0.08237413271707632,0.6328421710023326,0.40014857676317334,1.68982400032248,-9.37621094801426,0.33634548772105144,1.3282166419428574,0.531936438155084
site_e44008751f3e2871,30,0.015648775827243933,-0.005917177328666051,0.014486931950984465,0.016486704744530768,0.023625358887803947,0.0144869319509845,1.4329946010370163,0.7960089174150019,0.007346525546740023,-0.17751531985998154,0.00930146727837622,0.008154343,0.01674472747732611
site_e443401d44fc1f23,274,0.09432109467147234,0.07059803560354413,0.06254907088794814,0.08025707237598909,0.04618969489909154,0.06254907088794841,0.5755218017759435,0.6288423013612672,2.437632478606808,19.343861755371094,0.6387350057837737,1.7648881605839415,0.5845756886746987
site_e473611ef37db918,1,0.07856793212890625,-0.07856793212890625,0.0,0.0,0.0,0.0,,,0.00617291995901242,-0.07856793212890625,0.0,0.0,0.0
site_e4827c2c7a3df4be,641,0.031756007106520864,0.027883885717475652,0.01519647671811334,0.024064894785190544,0.02672189586355431,0.01519647671811339,1.1104098356581584,0.8259311846127301,0.6464125958909678,17.873570744901894,0.3404498349621067,0.3712153822152886,0.4577122795858328
site_e4a78bd8d0c42b04,2,0.06148947716518269,0.05476839017868042,0.027953161525726314,0.0793,0.05134683847427368,0.027953161525726314,0.6475011156907148,,0.007561911604095047,0.10953678035736084,0.008143608582019806,0.012576979999999998,0.005272995642606304
site_e4ad3110c632fc3e,37,0.11023405389309777,-0.08473553982135411,0.0705084032501807,0.09002233307843846,0.03085604246297751,0.07050840325018073,0.34275986200104314,0.7352544287630394,0.4496072255951362,-3.135214973390102,0.07556659628873742,0.2998487567567567,0.035227528189651636
site_e526161d153fbae1,108,0.07494312554030343,-0.019721977034100776,0.07230156075504927,0.08910861105679899,0.052000812980972616,0.07230156075505052,0.5835666425978363,0.5845101961316154,0.6065789831009654,-2.129973519682884,0.2925133250870363,0.8575572129629627,0.2920411314736657
site_e580905782041227,176,0.11651705962541328,-0.11276998955153607,0.029311339790234106,0.05287503761013062,0.0642738229765249,0.029311339790235365,1.2155797117430385,0.8927134837839876,2.389415632340372,-19.847518161070347,0.5339610568152741,0.49205545,0.7270778803231079
site_e5a46bf8593cb776,159,0.10526243863390283,0.01618775227474717,0.10401027672036825,0.13154045689507898,0.0590379209729324,0.10401027672036907,0.44881949148179556,0.6419257406623404,1.7617487769578295,2.5738526116847997,0.7926333048372054,2.7511597962264154,0.5541907019361876
site_e60e5a5f7ff91a10,8,0.15068931092404422,-0.1389124028086662,0.05840045181919513,0.05858643054283132,0.04203090682464672,0.0584004518191956,0.7174170953104712,,0.18165814741410619,-1.1112992224693297,0.007153416798263789,0.027458958749999995,0.014132777028017074
site_e60f7e42ba2fd8cd,702,0.06787530632033752,-0.04772069424772874,0.04826792463525275,0.07753782631007897,0.054253487690294026,0.04826792463525275,0.6997034901820783,0.7875254732002552,3.234154160071914,-33.49992736190558,2.325642773287305,4.220504385242165,2.0662955304457418
site_e621c0e748219561,130,0.12157576488137838,-0.11350504267903475,0.04355768465980138,0.06501725078322125,0.04197385439332161,0.043557684659802406,0.6455802712001726,0.7496772716861924,1.9214866588439854,-14.755655548274516,0.265965404842622,0.5495415769230769,0.22903457884212924
site_e692ba92ac3619b9,78,0.05879870165764512,-0.030273342987512927,0.050406468047118326,0.05932681468080804,0.05147693354635905,0.05040646804711977,0.8676840956878745,0.5941025160386391,0.2696684106967312,-2.3613207530260083,0.14152061065435412,0.2745343333333334,0.20669022561222872
site_e6f2aca5e6ecbaba,167,0.08365473480699126,-0.07722028188491295,0.03217363394524496,0.037831817415747426,0.03338743956394653,0.03217363394524638,0.8825227505472437,0.5980586717144342,1.1686851474898818,-12.895787074780463,0.12615387149905552,0.23901815029940116,0.18615842714624242
site_e6f4ed93ce9ba081,116,0.10451491649259465,-0.06690981900178153,0.0802897495985812,0.10986853293969592,0.06502825188506076,0.08028974959858134,0.5918733066250474,0.689568431541524,1.2671106612566678,-7.761539004206658,0.5714928026108135,1.4002469655172414,0.49052613101432135
site_e722a68e19572b18,15,0.026339180909634476,0.02444916300257047,0.009797493529683622,0.01038992246789594,0.011431814607141558,0.009797493529683824,1.100279106265228,0.6004849213503127,0.010406286764856797,0.36673744503855704,0.0010698449597756068,0.0016192573333333332,0.001960295778180826
site_e755ae9494167172,176,0.12363166331229164,0.06844881923740559,0.1029541029700556,0.13551439769330695,0.061389869474952403,0.1029541029700556,0.45301363190860755,0.6931739367826167,2.6901227185120353,12.046992185783385,1.0149322249407118,3.2320907488636363,0.663294029050698
site_e7895d956d62a46d,90,0.031610620629803896,-0.0171614435142941,0.026546491163750373,0.03150423056051166,0.01159845815785408,0.02654649116375047,0.3681555762987569,0.5778927256508445,0.08993082029412452,-1.5445299162864687,0.019004606178402897,0.0893264888888889,0.012107180847554265
site_e7920aa397fb1716,99,0.04998784711206369,-0.0031728629548140245,0.04988705041961313,0.09645427835761575,0.06072045933761542,0.04988705041961334,0.6295258268636573,0.8965456632397664,0.24737970103100634,-0.3141134325265884,0.519833367706474,0.9210393535353536,0.36501044403492977
site_e7d7202b18581b5a,73,0.22470423433093842,-0.21949240646950186,0.04811524112461937,0.058260075884856294,0.02546371738474086,0.04811524112461937,0.437069760002831,0.5822513754156106,3.68591548361649,-16.022945672273636,0.06305597345878,0.2477792602739726,0.04733326592264664
site_e7defe0b5f5d29b7,231,0.06468145142848841,-0.003461432716547151,0.06458876560551938,0.10492177169239797,0.06260223596753221,0.06458876560551996,0.5966562988572564,0.8187695489924137,0.9664324267049544,-0.7995909575223918,1.2423075450279497,2.5429815584415585,0.9052982280190889
site_e7df8a81d2875ad9,50,0.10760421684331818,-0.07905774548292159,0.07299685172403964,0.11438415274853418,0.05743085830340403,0.07299685172403965,0.5020875438021725,0.8413148527153794,0.5789333741231919,-3.9528872741460797,0.276337438096106,0.65418672,0.16491517427328362
site_e7ee204eaac12eb2,47,0.07318332688973654,-0.04734907420835596,0.055802011668591625,0.09823004475756789,0.054538805391046344,0.055802011668591674,0.5552151129081567,0.8875432566907231,0.2517225687285517,-2.22540648779273,0.2234793242869225,0.4535096595744681,0.139800620793674
site_e813e7562543b91c,20,0.11817435922161408,-0.08872031079232692,0.0780633437046608,0.10038818406565585,0.042950155388123655,0.07806334370466088,0.4278407442855367,0.6759090147416761,0.2793035835487817,-1.7744062158465386,0.058286177175119525,0.20155574999999998,0.03689431695727935
site_e84e6fd19eaae8f3,84,0.13058660579446513,-0.09123759983068422,0.09342677341134585,0.1077720028923389,0.06715891233980854,0.0934267734113462,0.6231573185746426,0.5109640030017417,1.4324403754851984,-7.663958385777474,0.3106556092095695,0.9756435870238096,0.3788668385599514
site_e894534d7e7a123f,174,0.10289157125043939,-0.07671466515208113,0.06856774449395514,0.09238506886898627,0.050949028797871214,0.06856774449395567,0.5514855313916949,0.6829578447622076,1.8420815255828586,-13.348351736462115,0.5593463943335174,1.4850901652873563,0.451669815167658
site_e8fdb2dcaaa2ec50,118,0.08015558282820939,0.005840517854033895,0.07994251565798172,0.08065588476573,0.07671932257300104,0.07994251565798172,0.9511931187146114,0.4848538670526471,0.7581402601065327,0.6891811067759995,0.354024803226899,0.7676338661864407,0.6945308258151021
site_e908f29f409c402b,51,0.028149189876012243,-0.024008180597190766,0.014696399391975687,0.02258828295201944,0.015366585374758792,0.014696399391975735,0.6802901047148866,0.7640031924625547,0.0404112214244653,-1.224417210456729,0.013524647101650342,0.026021756862745098,0.012042729250067292
site_e9578e4592e63187,8,0.02402511237578521,0.004481741160154342,0.023603390028605765,0.018289341158171882,0.03223568826469616,0.02360339002860606,1.762539611783276,,0.004617648197352862,0.03585392928123474,0.003266078308224678,0.002676,0.008313116783189356
site_e98d1003be09654d,174,0.07845342792695795,0.06803260220758531,0.03907051817361584,0.03720863645046457,0.0493642123986596,0.03907051817361621,1.326686949799346,0.6246825716002832,1.0709596215073272,11.837672784119842,0.1996478350642512,0.24089997701149427,0.4240076310387563
site_e99ab7a415991029,162,0.06858056186168038,0.04703449885197628,0.049910413572792724,0.04860985967426981,0.04392212717128682,0.049910413572792835,0.9035641630238176,0.42177551979859684,0.7619335413727306,7.619588814020157,0.14588280871344939,0.38279279012345674,0.3125228273506121
site_ea33c67804056e7d,182,0.08827929950509689,-0.023452643020467442,0.0851070399935582,0.09435775635973616,0.04684054676709498,0.08510703999355827,0.49641437624392826,0.4360199410609311,1.418368719242129,-4.268381029725075,0.35073354226989406,1.620416285714286,0.399314701502155
site_ea99257f5d54ddf2,142,0.10149626616107034,-0.08535570569567277,0.054917169900064296,0.08630036744962383,0.057939336411246836,0.05491716990006458,0.671368362887537,0.7788534807997297,1.462811870338714,-12.120510208785534,0.5530065448877046,1.057580985915493,0.4766892719361399
site_eafced833314a87c,939,0.054702067571475256,-0.03289987022782794,0.04370257126973567,0.05705850238702884,0.06657674428755803,0.04370257126973598,1.1668154876545267,0.7605385254949674,2.809784908601996,-30.89297814393044,2.712874683908206,3.0570766602768904,4.162082644255106
site_eb3bc9a7aee9d6f6,324,0.03742118387735724,-0.011104447324426824,0.03573564400429929,0.048606134861892365,0.028541223927997395,0.03573564400429933,0.5871938595630644,0.6848377771336221,0.453711780901686,-3.597840933114291,0.30781969225320416,0.7654682561728396,0.2639308741118215
site_eb828ca3e955ad1d,72,0.05745693605841314,0.027352298411230245,0.05052871730851267,0.035015998878643116,0.05516609421048565,0.05052871730851271,1.5754539632491376,0.4442383662130974,0.2376935640878815,1.9693654856085776,0.061785606782366005,0.08828065277777777,0.21911745243169284
site_eba5cbc1dd84d08d,137,0.06054929829848715,-0.055201759289738035,0.024879374906878193,0.04200977355463329,0.041704883052109114,0.024879374906878693,0.9927423911931429,0.8233773248443904,0.5022718008481676,-7.562641022694111,0.19763175083900783,0.24178048715328468,0.23828372604344344
site_ebf4f84d79acafd6,8,0.06016194114407093,0.0505474089384079,0.032625428914207645,0.05560539542166749,0.07585868532899842,0.032625428914207645,1.3642324589861459,,0.02895567329778124,0.4043792715072632,0.031128326112031934,0.024735679999999996,0.046036321118752
site_ec20e4065643efdb,232,0.06302872505793376,-0.0032257589132621343,0.062946125074242,0.08330052171121309,0.05477144361892491,0.06294612507424206,0.657516213509526,0.6549793551850256,0.9216478823234369,-0.7483760678768152,0.6932941018255105,1.609842644827586,0.6959793603754482
site_ec919d9a24ddf81b,54,0.1632280727258966,0.141719883169289,0.08098690289357696,0.04855266327516042,0.08649579420427396,0.08098690289357781,1.7814840292916592,0.39051387887922806,1.4387438011937719,7.652873691141605,0.08856013731782636,0.1272975,0.404002210411518
site_ecbc4520bb039c64,117,0.1968759055374017,0.014438916800877985,0.19634571516279456,0.17172270627834763,0.0675029037528599,0.19634571516279478,0.3930924757465885,-0.1943752161147627,4.5349342951971146,1.6893532657027241,-0.2636191347754664,3.450176478632479,0.5331271157629405
site_ed130293b294c5a2,39,0.0660949113732816,-0.04218635070323945,0.05088073430862844,0.054385126389359315,0.016809245037476845,0.050880734308628765,0.30907798057017377,0.35630215904462204,0.17037295506823605,-1.6452676774263386,0.012703149562959488,0.11535193692307688,0.011019478030467655
site_ed8668d708cd9f42,70,0.06157664040527531,-0.04136509221111025,0.04561372370204969,0.09594681881551013,0.07065334644596119,0.04561372370205099,0.7363802918970758,0.8937262329791866,0.2654177850520409,-2.8955564547777177,0.42409764652018045,0.644405442857143,0.34943267548091117
site_ed9138fe753e1f02,20,0.04007054268224229,-0.01630249653935432,0.03660433030986555,0.04288317239897253,0.012769931564449173,0.03660433030986592,0.2977842088183555,0.6045857180170358,0.032112967816988025,-0.32604993078708644,0.006621606297269464,0.03677932949999999,0.0032614230432143065
site_eda005e51a299a0e,329,0.24856224415495734,-0.24559431338047547,0.038296507079907935,0.07235669123153658,0.0588299556206494,0.038296507079908004,0.8130548069479498,0.8492215173374597,20.326669253165697,-80.80052910217643,1.1893073623191486,1.722476462006079,1.1386570501697733
site_edb67bacc6a2f615,2,0.06271589488211098,0.062363219106197354,0.006641714656352993,0.07665,0.0700082853436474,0.006641714656357172,0.9133501023306902,,0.007866566941727986,0.12472643821239471,0.010732270143181084,0.011750444999999998,0.00980232003351511
site_edc41c47fa42988f,103,0.025090209834329337,-0.00913305124461072,0.023368911067783864,0.021369083293466096,0.023450395357182602,0.023368911067783868,1.0973982849490271,0.4594296533040558,0.06484041884165968,-0.9407042781949042,0.023713317073939498,0.047033685242718455,0.05664186736804165
site_ee1921e55841ea0d,206,0.06740060828531703,-0.03780984820758255,0.05579657136196018,0.08555681359390584,0.05633538706496744,0.055796571361960604,0.6584558809350068,0.7656199548503755,0.935825451429534,-7.788828730762004,0.7601798416722241,1.5079134805825243,0.6537772221664984
site_eef5f3ba42e04423,79,0.04461430724803532,-0.03932803235416171,0.02106519124935984,0.029943061386108267,0.029415411826375033,0.021065191249360366,0.9823782360484347,0.7482571690847505,0.15724447648654566,-3.106914555978775,0.052065388280756866,0.07083036708860758,0.0683560497803043
site_eefad9fa85f80180,151,0.06507544589091642,0.058373910011045194,0.02876282823235555,0.03970231760324784,0.04268160091848547,0.028762828232355556,1.0750405390690316,0.7585140404731886,0.6394568623431403,8.814460411667824,0.19408730580430752,0.2380173774834437,0.27507957760169377
site_ef1a0b7a4f85647e,128,0.13261103439190297,-0.09050397536484525,0.0969263477370831,0.10085710807870707,0.05444680903152079,0.09692634773708331,0.5398410689014748,0.3407081995553012,2.2509678646387803,-11.584508846700192,0.23948124019615355,1.302036,0.3794502417555064
site_ef1b5625cbf889df,183,0.11168301793313062,0.0006233540888041113,0.11168127830720755,0.12119144356353147,0.0876318601124392,0.1116812783072079,0.7230861976365557,0.4658090953618378,2.282576658521312,0.11407379825115238,0.9053010892533744,2.687787976721312,1.4053197519381986
site_f005fd2353ec048d,130,0.10145516933977675,-0.06203753918757807,0.08027761280277641,0.08307237396376928,0.09464786534045942,0.08027761280277682,1.1393422485041613,0.5987024161336207,1.3381096801491608,-8.064880094385149,0.6119582697910185,0.897132511076923,1.1645683937557463
site_f059546b5612f674,32,0.1133766546006245,-0.06844834398292005,0.0903830183962959,0.12720319313503886,0.048699212218218935,0.09038301839629592,0.3828458312875831,0.8380699212513957,0.4113365058697379,-2.1903470074534415,0.16613080959999932,0.517780875,0.07589162466160398
site_f07b80b3214910ba,44,0.08174668998614146,-0.029011629379608415,0.07642543218347254,0.09835446468331012,0.06574673402036757,0.07642543218347284,0.6684672041280929,0.6305888970902995,0.2940309382423741,-1.2765116927027702,0.17941851560720662,0.42563843181818184,0.19019585351117813
site_f0ccb43d6f9d9cfd,309,0.060895226863322036,0.056686610526348005,0.022245377986664767,0.025492549272102424,0.027913806632524955,0.022245377986664847,1.0949790205200158,0.6564092080147242,1.1458426543132565,17.516162652641533,0.14433294632387103,0.20080985113268607,0.2407668056218602
site_f1050af72de062ae,91,0.08934309481187418,-0.07802358204119808,0.043525960483646674,0.06255148363789058,0.03428098146624117,0.04352596048364671,0.5480442584654452,0.7446079060183195,0.726379161741282,-7.100145965749025,0.14529808746025702,0.35605461758241763,0.10694189781627815
site_f1573be180b99853,119,0.05109960813962376,-0.04552616951425536,0.02320641810754924,0.04469950703262642,0.03796234894352968,0.023206418107549285,0.849278917456981,0.8546911894961767,0.3107292242907493,-5.417614172196387,0.17258855748082033,0.23776746554621847,0.17149565253992677
site_f2457bdf17f809aa,15,0.0780426640030854,-0.07314802645842233,0.027203375340873172,0.04126600968782365,0.03739304449758979,0.02720337534087333,0.9061463606601959,0.7650697462634758,0.09135986107047722,-1.097220396876335,0.01770824776813388,0.025543253333333335,0.020973596651980952
site_f2e692f63befa2ca,575,0.10725886659929604,0.02297835847408876,0.10476859980930286,0.1344642444121515,0.10440769666630842,0.10476859980930286,0.7764718206148871,0.6412497247788156,6.615067066895211,13.212556122601036,5.1764779347166865,10.396363989565216,6.268056095819225
site_f35139d0576344b1,63,0.08993044091331763,0.08548448241135428,0.027926465399806172,0.06413612224691127,0.0694758383263673,0.02792646539980627,1.0832559857438713,0.9156878441348116,0.509511504780414,5.38552239191532,0.25705407477631453,0.25914685714285707,0.3040942030025463
site_f39ad74b903eb489,68,0.0850987223853691,0.07412728564441204,0.0417963882962854,0.07388664398366968,0.0803181263683856,0.04179638829628541,1.0870452633650192,0.8562985701920288,0.49244189351030415,5.040655423820018,0.345552183268044,0.3712280588235294,0.4386680967863012
site_f408269ff3bfc904,433,0.049066012043237565,0.003549104742034753,0.04893748454259986,0.06692052862627104,0.05350518617376682,0.048937484542599906,0.7995332265316601,0.6907070238232711,1.042436041879149,1.5367623533010482,1.0708706387952658,1.9391286466512703,1.2395945422629309
site_f40d91148ce5f169,100,0.09620141527315032,-0.06279937266540528,0.07287627249927556,0.08172392327831551,0.06346528126081702,0.0728762724992756,0.7765814306868548,0.520153608404743,0.9254712300557119,-6.279937266540528,0.26978452340629694,0.6678799635999999,0.40278419255146114
site_f41236f6a73e8c51,344,0.14281046099907282,0.1093770266987903,0.0918231659294092,0.08022211993946854,0.10966769613021754,0.09182316592940952,1.3670505867080938,0.5700929052057641,7.01582075314409,37.62569718438387,1.7253489077362816,2.213842453488372,4.137289229631348
site_f459e887bba62073,76,0.04990449227130216,-0.023523393054149657,0.04401259283519252,0.04930889935297341,0.04950252854094194,0.044012592835192724,1.0039268608812875,0.6032080840489953,0.18927483451309074,-1.7877778721153739,0.11190086325233507,0.1847839342105263,0.18623802522795463
site_f468c03f1fedb166,24,0.12210271756292197,-0.06910801066458226,0.10066358079382375,0.08441858956348944,0.057977819917009364,0.10066358079382384,0.6867897250688543,0.03624233294974317,0.3578177672700167,-1.6585922559499742,0.004257232415800288,0.17103595833333332,0.08067426245590004
site_f4812d36f8b87671,83,0.09413715896645707,-0.06899754264699408,0.06404017338321503,0.06853445413576326,0.054986898763583224,0.06404017338321563,0.802324895659882,0.48021619024857,0.7355297899569088,-5.726796039700508,0.1502045452434076,0.3898486265060241,0.25095539995783367
site_f48c6b207c3fab2d,284,0.13850105816445948,0.13312543567007695,0.03821205948816664,0.04645192347155819,0.033984239958172104,0.038212059488166666,0.7316002743994044,0.5867569920286456,5.4478422439996965,37.807623730301856,0.2630618542569204,0.6128098591549297,0.3279997126118326
site_f4ae282ac466260d,9,0.11563881107909256,0.11148535174793667,0.030714019167554327,0.022557372669005475,0.03534431019779114,0.030714019167563073,1.5668628929624997,,0.12035101165007454,1.00336816573143,0.0036661695824729075,0.004579515555555557,0.011242982370219146
site_f4e6d6d6c1cafad7,124,0.039584988266555085,-0.016305197482628205,0.03607092778285302,0.04518406323870869,0.054440025525037836,0.03607092778285308,1.204850153414261,0.7529416330454382,0.19430444071184969,-2.0218444878458977,0.22966065536625688,0.2531583467741936,0.3675008310166796
site_f4e907a8ba8d1abb,25,0.22627898863434062,-0.2173614590911865,0.06289814622968232,0.07287956377476473,0.03420723170807602,0.06289814622968265,0.46936658147123284,0.5064942815167974,1.2800545174345013,-5.434036477279663,0.03156735897499323,0.13278577039999997,0.02925336752825003
site_f5ae0072aa9d0a04,65,0.09070312988413345,-0.015303230693156901,0.0894028461578825,0.10741916563426719,0.06656868758453705,0.08940284615788327,0.6197095945725848,0.5578012936259165,0.534758755100569,-0.9947099950551985,0.2592654483626898,0.7500270144615384,0.28804036083730034
site_f5fb4b6c3b6ce99f,102,0.05938249823354278,0.015961150254689013,0.05719722702198029,0.06258778072467487,0.050244581918220156,0.05719722702198045,0.8027858047762909,0.5040590006734014,0.3596806718385846,1.6280373259782794,0.16168150198781026,0.3995574901960784,0.25750083723794703
site_f617214b073c06c0,689,0.04391296454962408,-0.020486258299966684,0.0388414942606948,0.05048433233973089,0.05220101517257818,0.03884149426069489,1.0340042693106248,0.7143217861269161,1.328632085864677,-14.115031968677044,1.2970260054890104,1.7560321223222062,1.877487783697891
site_f645d63c8edb6a7a,176,0.10099158094986883,0.039894236820360474,0.09277795692552679,0.11337114285856807,0.10002282420884347,0.09277795692552701,0.8822599974459391,0.628315992765342,1.795076698404688,7.021385680383443,1.2539852251956578,2.262130821818182,1.7608035038375238
site_f65ec349d3fa498b,397,0.1475698620809334,0.14456147860970245,0.02964528793522241,0.026685419576828063,0.03078133447231255,0.02964528793522385,1.15348886996857,0.4752537633090973,8.645415085250523,57.39090700805187,0.15498067601539325,0.28270831234256927,0.3761537491028617
site_f695cfa2b198ee8e,37,0.03680427068663754,0.03429507674977585,0.013356723082488104,0.0214687688296765,0.012687833580549077,0.013356723082488116,0.5909902743472907,0.8140599469014219,0.05011851060868562,1.2689178397417065,0.008204511433759252,0.0170535972972973,0.005956301475805226
site_f6a13c8718860659,32,0.03432976658089306,-0.02429765248298645,0.02425194749529663,0.03236991695135315,0.029397200304204348,0.02425194749529663,0.9081642176711072,0.6956026239511726,0.03771305195195527,-0.7775248794555664,0.021181599229574202,0.03352996875,0.02765425234321639
site_f6e487124edabf8f,133,0.08123631220540642,-0.06634242600095003,0.04688305592687759,0.08439375235256907,0.06432623817414919,0.04688305592687762,0.7622156425207345,0.834646874757481,0.877712009957657,-8.823542658126353,0.6026329364793025,0.9472666230075188,0.5503360340457699
site_f7b6fd0b704f24d5,64,0.07820378018288267,0.019205814807862043,0.07580875881096286,0.08017830495799659,0.0448290218682484,0.07580875881096294,0.5591166075627716,0.3743736825215193,0.3914131990331285,1.2291721477031707,0.08611948400456457,0.4114278775,0.12861703690648918
site_f801eca3ddf0629c,849,0.04285202147303502,0.0025965482800812826,0.04277328233085066,0.047011938799655636,0.0652086215652798,0.042773282330851405,1.38706514196682,0.7556037362709113,1.559015086932311,2.204469489789009,1.9665951732690836,1.8763939088574795,3.61008751315085
site_f80bf9d30cd43152,124,0.021251535668858765,-0.00819342671901949,0.019608557491178027,0.019698500407753276,0.02196064475155055,0.01960855749117807,1.1148384037856456,0.5615054925690729,0.05600184326731228,-1.0159849131584167,0.030119929178659955,0.04811583387096774,0.059801469820071784
site_f8577ef511842081,219,0.07442031756284376,-0.0505678307518567,0.05460108203329018,0.07858698888785544,0.05536143147330879,0.054601082033290185,0.7044605252952267,0.7193717947904422,1.2129060228878377,-11.074354934656618,0.6854179610040328,1.3525253461187212,0.6712104927554765
site_f85796d856927f97,73,0.08428628620811554,-0.05729234621296191,0.06182042630207653,0.10187417131815199,0.058823527807127046,0.061820426302076854,0.5774135587657618,0.8357634574857197,0.5186049971212148,-4.1823412735462195,0.36561280205019125,0.7576193150684932,0.252595141928337
site_f863ed028d428c3e,85,0.0973987294207648,-0.04945288142316483,0.08391021994802393,0.09495401524096084,0.030513076308303508,0.08391021994802393,0.32134582440639026,0.5015615554948174,0.8063535618862451,-4.2034949209690105,0.12352148253917693,0.7663825258823529,0.07913906519268998
site_f8923c8bedba827f,29,0.06866380200243705,-0.04770335833163096,0.04938731931694502,0.06536619612398584,0.06007265597527387,0.04938731931694509,0.9190171608170186,0.6929899355548588,0.13672681345746643,-1.383397391617298,0.07891416609377183,0.12390944827586206,0.10465299588178462
site_f8bf18cf05681ba1,521,0.045166971657480674,0.01667633300813741,0.04197565063354432,0.06413669338200492,0.06230972824913823,0.0419756506335464,0.9715145100795096,0.7799714897973067,1.062868826256692,8.68836949723959,1.623973262063973,2.1431415431861804,2.0227836641648382
site_f9474c251f4c85b7,278,0.10621817393402265,-0.08779791802532383,0.059781485965947755,0.06737369251298479,0.037231006731838136,0.05978148596594843,0.5526045158451525,0.46873410161203327,3.136479531738164,-24.407821211040023,0.32686353747168784,1.2619016151079139,0.3853491057099971
site_f956c78502603f81,228,0.039748845146677855,0.0038257961714999724,0.03956430176495867,0.05377132362069216,0.04221130375346918,0.03956430176495866,0.7850151514073112,0.6846139279860359,0.3602333174327632,0.8722815271019937,0.3542909595147756,0.6592289956140351,0.40624906952142226
site_f9b796db02c200aa,619,0.11522248280729476,0.10341838500375508,0.05080214746929916,0.0436637165351701,0.06695835803642601,0.05080214746929958,1.5335011160237042,0.651425900581825,8.217980516907671,64.01598031732439,1.1789113943501346,1.1801359676898222,2.77523803906828
site_f9f0235d2e05c1c5,86,0.11790938280219582,0.03288910594762757,0.11322954235869932,0.13398621998457327,0.04549322550391589,0.11322954235869936,0.3395365994290595,0.5906859502513597,1.1956255395403486,2.828463111495971,0.309643492338997,1.5438984145348835,0.17798848674051237
site_fa6684a460ee051b,87,0.022089155284050976,-0.010857755365933497,0.01923642195358741,0.025409193582436075,0.028311526840716996,0.019236421953587622,1.1142237453882495,0.7486586527420862,0.04244997796117379,-0.9446247168362143,0.046855143732885865,0.056169559310344834,0.06973420202857959
site_fa67fc8ac26d4830,132,0.08096682935050832,0.06953372504088011,0.04148118292688406,0.06730838360274266,0.045036233343618,0.04148118292688521,0.6691028803993276,0.7980019516930349,0.8653428240698124,9.178451705396174,0.3193074904787495,0.5980152424242424,0.26773062541906684
site_fa6f730253456586,123,0.03935229894114768,-0.020583135240155506,0.03354009504516828,0.03858576805590042,0.040831860120168886,0.03354009504516866,1.0582103759348391,0.6445976967825471,0.1904782221302747,-2.5317256345391272,0.12491660578441692,0.18312996406504067,0.20507061850738373
site_fa8f84308360a237,255,0.05532664009376794,0.013983008906420541,0.05353048258691766,0.08446777864135166,0.048917292560034104,0.053530482586922966,0.5791237007396141,0.806183363244614,0.7805644615366593,3.565667271137238,0.8494298081874847,1.8193754352941178,0.6101898854080119
site_faac0be9a66c6585,533,0.07969773030424661,0.047081173045773896,0.06430467603745721,0.0802532364799751,0.07063895087449795,0.06430467603745761,0.8802006495043209,0.6434420784948205,3.3854711389406127,25.094265233397486,1.9442113042365319,3.432830187617261,2.659596115886309
site_fab524c655a9dd78,4,0.07591847514030571,-0.031865839067101484,0.06890706181646991,0.11416458513917528,0.04769650329061561,0.06890706181646994,0.41778720811248043,,0.023054459470516868,-0.12746335626840594,0.021120651515945794,0.05213421,0.009099825704606823
site_fadb31acf1acd232,565,0.048765392656904195,-0.03275539871612481,0.03612682349625738,0.037817834341110856,0.024692179300957403,0.036126823496257544,0.6529242017995497,0.39341465110585905,1.3436058893548557,-18.50680027461052,0.20756544468910554,0.8080565557522124,0.34448260102630546
site_fb12f9388775927e,36,0.04600134200901779,-0.024309365399181847,0.03905353019279672,0.058105241896084285,0.03373539510284032,0.03905353019279675,0.5805912513568547,0.7624509684373797,0.07618044479870249,-0.8751371543705465,0.053804120364495445,0.12154388888888888,0.04097076777881074
site_fb318c5726a2f05c,229,0.058840347871620534,-0.03070395940047685,0.05019415717777507,0.06367017176423491,0.056306472819352874,0.05019415717777517,0.8843461743412729,0.6561785321652895,0.7928407171226102,-7.0312067027091985,0.5387060393719694,0.9283409868995633,0.726025923830644
site_fb4c3069d7e94bed,118,0.020767057322484787,0.0042332034373687485,0.020331026990617528,0.015938574997119745,0.018908379315594675,0.02033102699061767,1.1863280951409771,0.32885257062672774,0.05088993904057354,0.4995180056095123,0.011694645044491704,0.02997650440677966,0.042188163384404204
site_fb501c568fd614c3,94,0.07802841989830595,-0.04705800166320293,0.06224129490372399,0.06920450863485399,0.037821196256941546,0.06224129490372399,0.5465134714921359,0.4481031801642959,0.5723128253116767,-4.423452156341075,0.11024922118905058,0.45019081744680856,0.1344616313127724
site_fb66aa74c523bf6b,430,0.0821445680208604,0.06496580482291621,0.05027100813634554,0.0497236059932219,0.07827031808821365,0.050271008136345934,1.5741078412310465,0.7800216853576543,2.9015239237935173,27.93529607385397,1.3053736669242728,1.0631479069767442,2.6342843582609623
site_fbbe7c46acc177a1,41,0.041086021991806325,0.026491274195473365,0.03140499314776935,0.023180152128636305,0.020294178747458005,0.031404993147769705,0.8754980827924325,-0.03943314618200159,0.06921050932755891,1.086142242014408,-0.0007605592428547577,0.02203009756097561,0.016886001332384826
site_fbcf22b1e9843130,94,0.10521318748445974,-0.027036396278979927,0.10168012636147752,0.1116111889197399,0.05168935068970133,0.1016801263614785,0.4631197928271455,0.41514189064037926,1.0405625931401672,-2.541421250224113,0.2251299233859841,1.1709634042553196,0.2511481636239552
site_fc3e5e33830dc393,21,0.03179878116429391,-0.00917257186770439,0.03044710838267652,0.07398777247755521,0.06764090680116529,0.03044710838267674,0.9142173704673255,0.9114071353403419,0.02123441215422771,-0.1926240092217922,0.09578579157218338,0.11495800000000002,0.0960811377305625
site_fc969b6a7d772c7d,88,0.10790001849185407,0.09333420713923193,0.0541400015536885,0.06332166402843957,0.04951650343739501,0.05414000155368884,0.7819836101457431,0.5629746757893851,1.0245324311677355,8.21341022825241,0.15533660910955885,0.3528477159090909,0.21576580191456862
site_fca46353b779e0c3,13,0.05686962390710565,0.055050916855151844,0.014267118726035779,0.011665454994842098,0.017966560515703632,0.014267118726036193,1.5401508576945844,0.6091220266607547,0.04204400360336335,0.715661919116974,0.0016596414916790444,0.001769076923076924,0.004196364857937729
site_fd9f51d6899fafaa,46,0.05476463882337502,0.021754409733025927,0.05025844528656194,0.06476356956877241,0.040950694245175966,0.05025844528656255,0.6323106418908927,0.6306985804783973,0.13796162061091685,1.0007028477191926,0.07694346353606037,0.19293871739130433,0.07714013052144686
site_fdbd79ba7196fbc0,8,0.10540753696216146,0.10025970312952995,0.032538297079102906,0.055083219711178834,0.04369698231205157,0.03253829707910482,0.7932902713597824,,0.08888599078743548,0.8020776250362396,0.015539386320486662,0.024273288750000004,0.015275410105437981
site_fe445170e29174a0,133,0.0203537045797718,-1.8492494131391053e-05,0.02035369617903059,0.051508748070784524,0.059294508834641164,0.020353696179030833,1.1511541447902647,0.9421032499290969,0.05509834758604293,-0.00245950171947501,0.3826886776812375,0.3528691,0.46760655746619806
site_fe8014b9bedb3a60,34,0.0658528341025825,0.03319659857890185,0.05687338219354907,0.09546928345308234,0.05864296714016736,0.05687338219354924,0.6142600532765808,0.8322434769106448,0.14744425581763657,1.128684351682663,0.15841960129054153,0.3098890588235294,0.11692591823009346
