physical_site_id,n,rmse,bias,ubrmse,observed_sd,predicted_sd,within_series_ubrmse,amplitude_ratio,r,sse,sum_e,anom_xy,anom_yy,anom_pp
site_0089d624f3191d41,19,0.04200278707804839,-0.03447864553920532,0.023988687419400526,0.027497469034878458,0.02023039424406967,0.023988687419400728,0.7357184116985075,0.5302344239112324,0.033520448324153504,-0.6550942652449011,0.005604264039644285,0.014366105263157892,0.007776108174139256
site_008c2bef2cb4aaa3,42,0.03977168618265262,0.0195646394377663,0.03462675129840513,0.04564469529547525,0.06766419973384505,0.034626751298405145,1.4824110292735941,0.8843855259732073,0.06643505491607887,0.8217148563861846,0.11472027480389393,0.08750440476190477,0.19229464487611037
site_00edf1317915280d,216,0.12027724044224321,0.11392827544444138,0.03856115432215017,0.0416768380074971,0.04723479346568676,0.03856115432215018,1.1333583765925297,0.6301752274870238,3.124788746774656,24.608507495999337,0.26796116707839623,0.37518310648148145,0.4819231541691542
site_01183702de237e95,654,0.07204624580461229,0.03748376744192674,0.06152746307867866,0.08191912268218,0.06426343512171107,0.06152746307867866,0.7844741620467867,0.6700571175084618,3.394692643588253,24.51438390702009,2.3069532946562594,4.38882570030581,2.7008820672421088
site_01e54199a3b60966,138,0.055849227654905985,0.02855600264072418,0.047996780546537374,0.06063687222785308,0.04498022900903916,0.04799678054653741,0.7417966553422892,0.6226232163527413,0.4304407996916331,3.940728364419937,0.234348862939058,0.5074025777536232,0.27920449823537385
site_026dbe6171ec07f4,71,0.04906980453089704,0.001480998354898371,0.04904745009246895,0.0623497612794217,0.04203224081875621,0.049047450092468955,0.6741363552361954,0.6197865865610273,0.17095704588573152,0.10515088319778435,0.11532351219421122,0.276011983943662,0.12543635804546
site_02b6ac3cafd20e22,104,0.05250765230324047,-0.02768014703530532,0.044619087961340856,0.050130688072770435,0.05171344617053359,0.04461908796134109,1.0315726386094202,0.6165070229298119,0.2867335692413914,-2.8787352916717532,0.16621817633096989,0.26136093221153844,0.27812517354259825
site_0312a18810484838,58,0.1876714471492377,-0.17080499215783748,0.07775748664308922,0.057037839204077095,0.05039279657038491,0.07775748664308925,0.883497644258284,-0.044093868847266536,2.0427931803551687,-9.906689545154574,-0.007350852772079671,0.18869227586206894,0.14728716887868343
site_0322f6b7744e5e7d,83,0.023062285841860267,0.014179807286664663,0.01818796562468492,0.048264746403469304,0.04912268968031226,0.01818796562468499,1.0177757750899792,0.9303920789766973,0.044145129344888484,1.176924004793167,0.18308647517007162,0.19334731686746987,0.20028220723854528
site_0430e77fe9702577,394,0.07389639784428982,-0.03975380835872011,0.06229215307998044,0.06308981520330414,0.04251736168326341,0.05281844002570414,0.6739179936769998,0.5588743770042635,2.151506980058455,-15.663000493335725,0.5906578543682884,1.568247964260504,0.7122440615351415
site_0472cafe265e9bf9,112,0.13499751027776846,0.11797280295246414,0.06562579938359049,0.05345248029673131,0.09877217978328352,0.06562579938359119,1.8478502631677425,0.7866445653966881,2.0411247114939743,13.212953930675983,0.465156473839589,0.3200027767857143,1.0926656719038237
site_047754da87a40137,94,0.07679346451018404,-0.07334284042164366,0.022761018218924352,0.02643204199540929,0.013868059618290546,0.022761018218924355,0.5246684921543007,0.5086627255904499,0.5543402019988282,-6.894226999634504,0.017526862649282722,0.06567336734042555,0.018078369292187327
site_04a0ab31c36d8277,117,0.06803592434925941,0.01351223834854925,0.06668062999754987,0.0971675470643278,0.07154675987973017,0.06668062999754991,0.7363236187527106,0.727425988462258,0.5415797792408036,1.5809318867802622,0.5916786311425841,1.1046592676923077,0.5989158453666685
site_04a334aa2f23d43d,112,0.061131592029364475,-0.009529370972620589,0.06038429127604988,0.09028436569669096,0.06265323118868012,0.060384291276050384,0.693954381860119,0.7451844437776755,0.4185520129330017,-1.067289548933506,0.4721041603446073,0.9129418691964286,0.4396478663788062
site_05aa898de0a23cc1,66,0.049367858497701055,-0.015312893131014074,0.04693293893000071,0.04924598588518144,0.07335000056957959,0.046932938930000716,1.4894615114538965,0.7755245648458744,0.16085423987483627,-1.010650946646929,0.18488873544087012,0.16006103030303032,0.3550946905147836
site_05ff70d4d3251126,56,0.09833000204737297,-0.006022311402218682,0.09814540777851544,0.1301280165895516,0.06354073455620766,0.09814540777851763,0.48829403706833685,0.6856322729924709,0.5414522009476369,-0.33724943852424616,0.31746972828092324,0.9482648392857145,0.22609579708477678
site_0616304fbe5abc7f,91,0.06027910072921387,-0.018270005743582167,0.057443684377415996,0.11940051015747982,0.1055665685905846,0.057443684377416225,0.8841383378626326,0.8766968509153799,0.33065486860976684,-1.6625705226659773,1.0055957436527196,1.2973398461538461,1.0141313367631446
site_062fed1c5ac99ce7,88,0.08587246437472762,0.024551936136050657,0.08228780328675785,0.09858150901895621,0.04098755014386024,0.08228780328675787,0.41577320687978875,0.5725627335777144,0.6489190521254201,2.160570379972458,0.20358846716955303,0.8552116249999999,0.14783817547800027
site_06fbc9bb474fb230,264,0.07685728075235534,0.06388839275209289,0.042723703914814025,0.042388523924692556,0.04365666087519348,0.042723703914814025,1.0299169877383298,0.5072505021779382,1.5594589836266421,16.866535686552524,0.24781364824724467,0.4743517575757576,0.5031586662357155
site_0749a2df9169c11c,244,0.12034019127340376,-0.07573841986353279,0.09351712887110372,0.12497917536826818,0.06634392614079616,0.09351712887110405,0.530839845480695,0.6799559153562186,3.533549839115534,-18.480174446702,1.3756546051439937,3.811229803278689,1.0739700347292016
site_079486718438a070,226,0.0827867702682951,0.030359445718801132,0.07701917545068006,0.10253387561981735,0.06912155741070987,0.07701917545068085,0.6741338605692022,0.660267691230221,1.5489247489089362,6.861234732449056,1.0575706116381407,2.375982216814159,1.0797804719473456
site_088275f9ba9853b1,86,0.09307664961988367,0.02860272910983063,0.08857283213227543,0.08186361730849549,0.03726632101984032,0.08857283213227546,0.45522446045116266,0.040200517825651115,0.745040592583783,2.459834703445434,0.010547208957893899,0.576342058139535,0.11943496668242615
site_08cce474c4f1c65e,101,0.060128036925470224,-0.02530743142873934,0.05454277898118473,0.13094279995895935,0.09157283209837992,0.054542778981185605,0.6993346111972637,0.9405827797574385,0.3651534632755818,-2.5560505743026734,1.139112627881293,1.7317477029702968,0.8469439414303261
site_08db8db92cc27df6,416,0.045041620844981534,-0.01154735802171322,0.04353626225414224,0.06347767054392484,0.039674094023624,0.043536262254142366,0.6250086634192192,0.7361845190968074,0.8439590050707193,-4.8037009370326995,0.7712727907491275,1.676236497596154,0.6547980344236688
site_0902e4bb7164303d,146,0.06275304677973773,-0.036472645621348734,0.05106555592098711,0.06793365152536904,0.043535129472403754,0.05106555592098808,0.6408477756586669,0.6597797279758876,0.5749399525004328,-5.325006260716915,0.2848896179547661,0.6737872273972603,0.27671489473412786
site_097bbf563f897742,21,0.041579276706380314,0.008017363843463717,0.040798996659565795,0.06067051643612284,0.028757200164374636,0.04079899665956595,0.4739897046146253,0.8148411990810879,0.03630556127994055,0.16836464071273805,0.029854964973671096,0.07729914285714289,0.01736650778717208
site_0983900925777e9a,101,0.04978640851596782,0.012096888338575269,0.04829442789228251,0.06572609390238202,0.04977920153626247,0.04829442789228264,0.7573734962889435,0.6824296764746629,0.25034733376480217,1.2217857221961022,0.22550959627038916,0.43631186138613853,0.2502748594643714
site_098c5f4a8213f315,52,0.08659197646848256,0.07049074733028046,0.05029140015486542,0.04125759330326376,0.03901122495202414,0.050291400154865426,0.945552608104702,0.21585453654875583,0.38990486021334836,3.6655188611745837,0.01806583344535186,0.08851382826923078,0.0791375349573864
site_09d142dad852325f,523,0.04466320320570249,0.013129425118347882,0.042689810454669026,0.06482218046550325,0.053120396603888655,0.042689810454669026,0.8194787065541247,0.7552567240762486,1.0432812998705956,6.866689336895942,1.360132549288795,2.197601586998088,1.4757891279903643
site_0a639c884418ac75,179,0.03653685616050297,0.033356285854757826,0.014909730113887586,0.02607977763824632,0.0231339256322934,0.01490973011388781,0.8870445888452366,0.822963515059395,0.23895459259869778,5.970775168001651,0.08887647719529337,0.12174770949720672,0.09579695421372622
site_0ad0f907a285c78b,99,0.04889015361031183,-0.030625037114427545,0.038109765438530604,0.04790816343017889,0.05827171528657305,0.038109765438530625,1.2163212094635594,0.7591153386098769,0.23663446488394874,-3.031878674328327,0.20980231984366068,0.22722402020202023,0.3361636874415037
site_0b0ed8efdae8e576,91,0.07150857626433206,0.0027718940835732672,0.07145483246458036,0.09835363969989684,0.059838706436807075,0.07145483246458144,0.6084035793631116,0.6922536311657946,0.4653263596210133,0.25224236160516733,0.3707483847206275,0.8802828982417583,0.3258410417107643
site_0b38093eb399bd08,170,0.07386662958514856,0.011323234831305108,0.07299358409630716,0.07589725955043725,0.05483407277141663,0.07299358409630755,0.7224776374827717,0.41317971860157016,0.9275674242658225,1.9249499213218684,0.2923240291031319,0.9792669812352942,0.5111518412391725
site_0b499005763b91ab,135,0.04362205625455676,0.025764942383589565,0.035200163861067814,0.04105325728377326,0.052443334601340506,0.035200163861067855,1.2774463726187522,0.742374992477419,0.2568893119032214,3.4782672217845914,0.21577196757621236,0.22752494103703705,0.3712909514546014
site_0b5d986a46425a8d,144,0.06635952788914198,0.05151872185700469,0.04182592784255238,0.04989857769070733,0.04714211968409036,0.041825927842552575,0.9447587860378971,0.629768338702797,0.634116519600453,7.4186959474086756,0.21332442700614532,0.358541,0.3200226405565103
site_0b72a3f0c80e88c1,80,0.08611462881835218,-0.02660530725196004,0.08190169059641794,0.08590768787447081,0.03791032395313642,0.08190169059641794,0.441291401166929,0.32385227345986667,0.5932583437218057,-2.1284245801568034,0.08437746302471497,0.5904104668749999,0.11497541297853991
site_0bcb08d77ff25c9a,123,0.07416196531204075,0.0232148438120276,0.07043485022151676,0.101546749476787,0.06872248426032272,0.07043485022151778,0.6767571056130386,0.7217445901335381,0.6764996431701533,2.855425788879395,0.6195174238587662,1.2683443065040652,0.5809019206779674
site_0bf83088dda14a95,57,0.06651995484236073,-0.04617801818722173,0.047880006563599475,0.03429183320502716,0.06375443792650282,0.04788000656359949,1.8591726358087048,0.67422625889724,0.2522195503570935,-2.632147036671639,0.0840197998136282,0.067028,0.23168381625348516
site_0c4d512642175d8c,82,0.1432821870009688,0.1201730402722591,0.07802708185945813,0.0907497162824984,0.0811718046638826,0.07802708185945932,0.8944579442121854,0.5929792255504951,1.6834423791660091,9.854189302325246,0.35818204234395085,0.6753119024390243,0.540286673536104
site_0cc518f8eb987b6e,366,0.07562727648368765,-0.03998005849318426,0.06419563747811607,0.060518452887148,0.04568126719949695,0.06132721966761588,0.7548320391580606,0.35959315699616967,2.09333149109249,-14.63270140850544,0.3638467196381773,1.3404688291865465,0.763760811300372
site_0cc8f0bf6d22e691,356,0.09802993719953684,0.07525342700848082,0.06282348534445045,0.0649383079578163,0.07043797106458939,0.06282348534445047,1.084690582180639,0.5718803024865787,3.4211132170948684,26.790220015019173,0.9312428309186415,1.501246247191011,1.7662967652997519
site_0ce5386aeb45589f,400,0.06163031669559173,0.05588116131722927,0.025992147772678022,0.0460423107043945,0.04106366640095116,0.02599214777267839,0.8918680616312302,0.8278900618202824,1.5193183743995728,22.35246452689171,0.6261054654903709,0.8479577500000001,0.6744898793154421
site_0d5442a09f1a2d6e,357,0.13193103023883626,0.06762466341641103,0.11328151498677023,0.12121564115778115,0.06475161691198322,0.11328151498677033,0.5341853270214432,0.38561423641257603,6.213869436137421,24.14200483965874,1.080514392061394,5.2454837030812325,1.496819565699695
site_0d5e4db658745469,47,0.03477733071581339,-0.002593956664268008,0.03468045732888995,0.057639846275628945,0.0395299453865086,0.034680457328890094,0.6858093478854834,0.8080391442207309,0.056844748390701694,-0.12191596322059636,0.08653250699934173,0.15615053829787237,0.07344297936623656
site_0d7b03db25fcc113,73,0.07960417963496595,0.06912336387332173,0.039481463779757336,0.04879072462602647,0.06260903518726794,0.03948146377975734,1.2832159322731265,0.7761118477933657,0.46258825532098274,5.0460055627524865,0.17306986417636683,0.17377904109589043,0.28615206395688053
site_0da833e2b1888903,55,0.08249163199214644,-0.054723227125514654,0.061727123387511414,0.0796117640295756,0.03375402725725474,0.06172712338751188,0.42398290841432923,0.6823283484539653,0.3742678141800245,-3.009777491903306,0.10084606307289817,0.34859181345454543,0.06266338958459228
site_0dbafc8a640ef8c3,279,0.10388254803195501,-0.014705999763208478,0.10283636203491424,0.1067653435399822,0.05461199535282635,0.10283636203491425,0.5115142567997722,0.3263769237430405,3.0108518761855914,-4.102973933935165,0.5309357809166968,3.1802759641577065,0.8321091401603784
site_0dc29dbfcf3d5b45,16,0.06810835640355661,-0.04610131745412946,0.05013398788234854,0.09213167801440501,0.0462421815137812,0.050133987882348546,0.5019140268621952,0.9521671975493973,0.07421997139190227,-0.7376210792660713,0.06490534963132814,0.1358119375,0.034213429618455804
site_0e03bfb1bac21c69,145,0.05621266599522744,0.04375723444675577,0.03528694166207451,0.05988983783069082,0.03430358570656753,0.03528694166207475,0.5727780696876175,0.8562836951516403,0.45818025365219484,6.344798994779587,0.25508113014924116,0.5200849379310346,0.17062671888753456
site_0e7b99291027b045,131,0.06958071611707566,0.012978921617260412,0.06835951761838348,0.09203751423507633,0.05692008209337229,0.0683595176183836,0.6184443655006877,0.6716995438806027,0.6342333632528243,1.700238731861114,0.4609743360610864,1.109688427480916,0.4244263426626276
site_0e88bbb351409588,121,0.062021072959160164,-0.002419358702237943,0.06197386702857402,0.048021335160093395,0.0480171810576694,0.0619738670285741,0.9999134946496147,0.1671701105154518,0.46544023241166166,-0.2927424029707911,0.046641755824862435,0.2790318842975207,0.27898361088372564
site_0e94595e2d8280b9,63,0.071357006559801,0.04086378819904629,0.05849763413334736,0.07008050055705249,0.04410414635771246,0.058497634133348325,0.6293354928566371,0.5555898006750339,0.3207848102660554,2.5744186565399163,0.10818609117971997,0.30941042317460316,0.12254607073437884
site_0ea793c6917b8d1e,142,0.06469529027027765,-0.03496013010219789,0.05443592459390101,0.054577722511885814,0.03890505122954078,0.05443592459390129,0.7128375725291234,0.3600587690309363,0.5943382428080783,-4.9643384745121,0.1085633252748931,0.4229793468309859,0.21493162758659334
site_0ed7401c57e72edd,149,0.05866807291670159,-0.04528249476732024,0.037301989858545485,0.05783183408977834,0.0763335993699994,0.037301989858545506,1.319923543346366,0.8811733758984016,0.5128494741841528,-6.747091720330716,0.5796026229772342,0.4983336340939597,0.8681959405241564
site_0ed89141fd172a0b,19,0.05047437623190113,0.048204998293675874,0.014964651533069936,0.03126168080862911,0.04260905888095977,0.014964651533070262,1.3629804213597645,0.9642734212633045,0.048405590463990615,0.9158949675798416,0.024404396006857097,0.01856856105263158,0.03449510607570083
site_0f170214c09c03f1,20,0.11592131857415813,-0.05474514415472746,0.10217984777562339,0.130831361970286,0.03319736922587383,0.1021798477756235,0.2537416772701144,0.895432765545246,0.2687550419994292,-1.0949028830945493,0.07778189307069405,0.3423369055,0.0220413064703799
site_0f333b36a4874c91,102,0.09147419417480793,-0.049807148579873284,0.07672532926141727,0.13807256587995165,0.07202184375469411,0.07672532926141745,0.5216231283578383,0.9233687974389401,0.8534878763929075,-5.080329155147075,0.936584567087538,1.944531411764706,0.5290888897382082
site_0f556398a37eba54,17,0.2191210858427937,-0.21459058646314286,0.0443275361635335,0.050312791854770424,0.030436831572664837,0.04432753616353381,0.6049521493564058,0.48742469309255887,0.8162388544357243,-3.6480399698734285,0.012689201863635993,0.04303340941176471,0.01574881217510704
site_0f5c2c2840148780,191,0.06526783145943502,0.005662119799883576,0.06502176729979724,0.06924151015778757,0.0461992861973903,0.06264592921674349,0.6672195059309273,0.4695739926086792,0.8136389562726881,1.081464881777763,0.28690571519508845,0.9157278652258206,0.40766544262334015
site_0fabc5d0b4df5f64,317,0.061800773498824686,0.046579383208887055,0.04061645805498902,0.04014546811777349,0.032844094100188695,0.04061645805498905,0.8181270673898987,0.39463924230999303,1.2107293868018112,14.765664477217197,0.16495038934183845,0.5108957794952681,0.3419588419720699
site_0ff1990da553fc4d,975,0.059761344782425466,0.022425315684110693,0.05539425553856564,0.056202421944953874,0.054609598176400403,0.05539425553856614,0.9716591614127675,0.5005221602583705,3.482132871948833,21.864682792007926,1.4977934881623587,3.079744426666667,2.9076530076632165
site_1053b206858b1513,880,0.08429356123420226,-0.0638383790880357,0.05504603365326563,0.06806196826388455,0.04781091777133741,0.05504603365326567,0.7024615800996036,0.597437599642955,6.2527559296789015,-56.177773597471415,1.7108298068994705,4.076539741079545,2.0115777951610774
site_1055453212517d95,143,0.07341067735677535,-0.036472077635201536,0.06370961546699526,0.09560491294354456,0.05433214894971587,0.06370961546699531,0.5682987126592484,0.7732688262297054,0.7706452396472214,-5.215507101833819,0.5743857180121374,1.307062811188811,0.42213348455765803
site_108f541d7e13b076,361,0.047354863338819025,0.001923390417878318,0.047315786489697496,0.08593626697125445,0.06154010349529973,0.04731578648969791,0.7161132972634802,0.8446059808031333,0.8095363925435997,0.6943439408540728,1.6124864015790976,2.6660001551246535,1.367173546094605
site_10a7b62e4edfa545,50,0.13016638707180256,-0.10585287778806686,0.07575260119171423,0.0911019013852071,0.03623649675049964,0.07575260119171434,0.397757853563127,0.5867816861782356,0.8471644161663162,-5.292643889403343,0.09685458863595128,0.4149778218,0.06565418483744856
site_10d7d76e5b99709b,40,0.06415231277703753,0.04127375570088625,0.04911207921668979,0.0606743561976557,0.03718476354336112,0.04911207921668979,0.6128579827402906,0.5877433222153117,0.16462076938571413,1.65095022803545,0.053041756295785315,0.14725510000000003,0.05530826559102714
site_10dfc2a732e16d10,6,0.025677898333842965,-0.015899579662084582,0.020163279232610003,0.06679038520292839,0.07919337552098082,0.020163279232610045,1.1857002363494176,,0.0039561267770590524,-0.09539747797250749,0.030977965357651314,0.026765733333333333,0.03762954435844251
site_10ec1b51ff0dc0c8,84,0.11196290880755082,-0.09936510182562328,0.05159718488281559,0.044927618785166164,0.0381403991810582,0.051597184882818406,0.8489299057543439,0.23661638995020595,1.0529982076864268,-8.346668553352355,0.034058282645685334,0.1695532380952381,0.12219396417399908
site_11d0ddb199b9f010,2,0.017205302613013496,-0.014568488478660588,0.0091532279253006,0.0020000000000000018,0.007153227925300598,0.0091532279253006,3.576613962650296,,0.000592044876010738,-0.029136976957321176,-2.8612911701202417e-05,8.000000000000015e-06,0.0001023373395026006
site_125ba37c83dbcda5,409,0.04053532589748749,0.0026605481453513173,0.04044791872497011,0.03803221699319482,0.05309960908504611,0.03672775560832676,1.3961744353358976,0.7222322282041611,0.6720330720567478,1.0881641914486888,0.5965449013961355,0.5915978575317398,1.1532035103587468
site_12aaba88bfb65c8b,227,0.09240976226939611,-0.0721726001041576,0.05771204343022046,0.07802533013998211,0.05135001526246895,0.05771204343022072,0.6581198076361093,0.6731510139183843,1.9384810649297912,-16.383180223643777,0.6122299248309649,1.3819651365638765,0.5985590633124653
site_12f6f97179080a87,406,0.053928747716145205,0.008968795234933862,0.0531777259975026,0.06934672900402701,0.052087872965325535,0.053177725997503165,0.7511222766152497,0.6497901645931375,1.1807737910740443,3.641330865383148,0.9529316926428986,1.9524413423645322,1.1015374830810676
site_12f79a44d2a41795,112,0.2024619320171304,-0.16527679741547577,0.11693765070409493,0.08819210550072622,0.04633482358062103,0.07578075948447757,0.5253851613763716,0.5117065137433842,4.590973398604222,-18.511001310533285,0.2341942310878386,0.871118916936937,0.24045457813969473
site_13345716e1eac548,38,0.038452039033229864,-0.026133674138470696,0.028206211759774842,0.04952444204744566,0.029106370745688257,0.028206211759775116,0.5877172875123685,0.868644173212477,0.056185253620895256,-0.9930796172618864,0.04758095512892071,0.09320147368421054,0.03219287108344737
site_13471aa5ce158e45,113,0.037497108542835174,-0.014108096078855801,0.03474183032171644,0.07406047423873999,0.07717444401483665,0.03474183032171717,1.0420463115866438,0.8952600768060878,0.15888174584526735,-1.5942148569107055,0.578212744184023,0.6197997844247788,0.6730161134169047
site_136f0d570907389a,58,0.04508423644693976,-0.01487745843056975,0.04255877825608063,0.04404887635035534,0.03351711278377021,0.04255877825608066,0.7609073275146058,0.4241595273757721,0.11789012580820717,-0.8628925889730454,0.03632107176272005,0.11253760344827587,0.0651570172628784
site_139d8263042fc17e,25,0.04409577854031076,-0.022430236620903016,0.03796474904706248,0.03391627338019317,0.02790140062191571,0.037964749047062485,0.8226552578211586,0.25756823751724994,0.04861094212690326,-0.5607559155225754,0.0060934948307275775,0.028757839999999996,0.01946220391661596
site_13a4a69bc620b9a3,67,0.08518969424783708,-0.06654667081050018,0.053186695799597186,0.06772633727709822,0.037374070032594235,0.053186695799598005,0.551839528537923,0.6231910167582663,0.4862380284046778,-4.4586269443035125,0.10568758426673378,0.30731940298507465,0.09358701442368433
site_14144d0d858434fd,21,0.022705425564940943,0.012968930948348273,0.018637145171459285,0.04125019068189282,0.036275074935839445,0.018637145171459854,0.8793916909519341,0.8922075071792064,0.010826263351786549,0.27234754991531374,0.028036219183887757,0.03573314285714286,0.027633502293616108
site_14672231a55d516b,109,0.10724305018004014,-0.06807648776616525,0.0828653342800339,0.11655873747981593,0.0670836000073254,0.08286533428003395,0.5755347171544478,0.7174336340722556,1.2536168274991284,-7.420337166512011,0.6114619350881888,1.4808673818348626,0.49052282350376825
site_14af94b228986e6c,11,0.04287301202974219,0.023373263945904645,0.035941420297721856,0.09379196955880077,0.09286860474320327,0.0359414202977219,0.9901551825818243,0.9258964248822192,0.020219046765526605,0.2571059034049511,0.08871349084207958,0.0967662690909091,0.0948703552164425
site_14d94a059a5aad1d,372,0.12203941635547322,0.11515388496764886,0.04041289300757913,0.04719982917498008,0.05519552945134986,0.040412893007579526,1.1694010426759804,0.6988217957465306,5.540426321711051,42.837245207965374,0.6772573269235311,0.8287504811827957,1.1333152873663166
site_153d5fe2ea0a30b2,107,0.10572767063832879,-0.04496953318850182,0.09568741517783394,0.09541664076087732,0.053002531689805205,0.09568741517783397,0.5554851990926228,0.2726266435408992,1.1960824162309416,-4.811740051169695,0.14752744177691118,0.9741638807476636,0.3005917151115821
site_1540ed4ad947cd80,639,0.06520593941357261,0.05735593315292039,0.031017921706075504,0.04208249465567663,0.04999987565072641,0.031017921706075587,1.1881395354488993,0.7862700894115253,2.716909487741355,36.65044128471613,1.0571655792347703,1.1316283317683882,1.5974920540912985
site_15a7df29fffec944,41,0.06512092235287884,0.04453939464324858,0.047507650467084064,0.05262709326825448,0.03564911272751384,0.04750765046708458,0.6773908744266134,0.47531704173055245,0.17387011565167662,1.8261151803731919,0.03656161329004822,0.1135540487804878,0.05210522876861856
site_15fd0f8efa3618ec,756,0.08948855258190103,0.07556947099334664,0.047931785873149,0.03447419682666433,0.05447995854952221,0.047931785873150265,1.580311176601053,0.49492246302074616,6.054199988661971,57.130520070970064,0.7027322526296316,0.8984835066137566,2.2438578079695892
site_162f5acccb1ccdb2,7,0.05223709327830207,0.03200028919662747,0.04128795714852258,0.08241799387443081,0.055547289019154907,0.0412879571485237,0.6739704087408973,,0.019100997399162215,0.22400202437639233,0.028607360691577197,0.047549080000000014,0.021598509221642692
site_164f38fa74238777,27,0.06903281619231166,-0.03217164624399609,0.061077941103091046,0.07479114036863327,0.04253281224223684,0.06107794110309108,0.5686878423380038,0.5772006293562693,0.12866930220892014,-0.8686344485878944,0.04957523872399771,0.15103029629629633,0.04884408316530103
site_165766e1d399cf97,157,0.04412318913213717,-0.03403068569078567,0.028085018258945528,0.058285950012353316,0.07147673434239374,0.028085018258949972,1.2263115609721507,0.9262172020913091,0.3056563636128846,-5.34281765345335,0.6058164707334748,0.5333685591082803,0.8021009977037412
site_165c41e6efa0bc8e,45,0.10231759104185925,-0.07727369262165494,0.06706463945495532,0.07344546827324706,0.034178844516648994,0.06706463945495533,0.46536355911694594,0.41126155981688506,0.4711000246474121,-3.477316167974472,0.04645719803579979,0.2427406564444444,0.052568703562197006
site_16e59e7364e5ed25,142,0.051873271755595314,-0.001510526179427832,0.051851274172300774,0.06632083633875623,0.06125340286490154,0.05185127417230108,0.9235921355398619,0.6722515152451554,0.3820987578134376,-0.21449471747875215,0.38779334239567254,0.6245803732394366,0.5327810694792497
site_17476f5e1149b6dd,119,0.035476960874505685,-0.028026686661183336,0.021751312321031464,0.03744841300707971,0.02579693330225416,0.021751312321031575,0.6888658618825099,0.8253914718406266,0.14977515559405366,-3.335175712680817,0.09488737610333108,0.16688365277310924,0.07919233036831302
site_179c7b165166f05c,71,0.12096559750145704,-0.005096626757568038,0.12085818207543315,0.15497239334112836,0.04638312872164222,0.12085818207543317,0.29929929919545567,0.8041853873814524,1.0389199803008002,-0.3618604997873307,0.4104203689424084,1.705167431549296,0.15274901873059865
site_181ff8c89ef12a6c,94,0.0590831591728426,0.00915661689512273,0.05836930755867682,0.04288316742016048,0.05251568952163233,0.05836930755867711,1.224622449342288,0.2641800548443845,0.32813705159728473,0.8607219881415367,0.05592471856481217,0.1728628085106383,0.2592423787176535
site_182cb9b0a7d4c94d,1,0.04948059103488922,0.04948059103488922,0.0,0.0,0.0,0.0,,,0.0024483288891619594,0.04948059103488922,0.0,0.0,0.0
site_183b638a356ad6ca,93,0.11398689931688759,0.1031675302392693,0.0484713721717028,0.06885529523773322,0.042883753940952944,0.048471372171702824,0.6228098186623172,0.7163763253370797,1.208350229076679,9.594580312252045,0.19672262630731832,0.44091780645161294,0.17102852074234232
site_18793582c71deee9,486,0.05752234578571759,-0.003426152753903543,0.05742022067180326,0.07015747129618724,0.0507135151756952,0.05742022067180389,0.7228526661343803,0.5897877862098176,1.608086648640148,-1.665110238397122,1.0198344669309725,2.392126398436214,1.2499242620370774
site_18be3f84accd05c4,1182,0.029754702892053404,-0.005456653922846677,0.029250081575282024,0.05485124564095864,0.05117375431157483,0.02925008157528232,0.932955190234773,0.8500071110697093,1.0464746508377467,-6.4497649368047725,2.820160398868412,3.5562351133671743,3.0953662000635624
site_18bedc0a241bdc83,127,0.0262207283183293,-0.020641843901422083,0.016169133368642865,0.02294682958567427,0.020665582049336422,0.01616913336864291,0.900585502331789,0.7298274969506425,0.08731587738004178,-2.6215141754806046,0.04395358211925825,0.06687273748031496,0.05423741774260768
site_1929ba01621eda50,217,0.09595811062396148,-0.066157402273422,0.06950652572926548,0.08892729570559497,0.06317949049326091,0.06950652572926554,0.7104622938543479,0.6290561754018902,1.9981271018109328,-14.356156293332575,0.766938198137668,1.7160498709677419,0.866187620120406
site_194102884b72b2f0,88,0.0497506021915653,0.00790092197060585,0.04911922078410629,0.04704843534693839,0.028018675960968437,0.04911922078410629,0.5955283263801825,0.22223036143282526,0.2178107728212576,0.6952811334133147,0.02577975931357254,0.19479286363636364,0.06908406582930604
site_19bcb346c9572bcb,74,0.11911710857228162,-0.01986586131163546,0.11744885316156814,0.08038934647717337,0.06553300324903173,0.11744885316156854,0.8151951237424214,-0.2882613924525321,1.049977531041934,-1.470073737061024,-0.11237682798281312,0.47822108,0.3177985140979827
site_19cb1bd872c4d23c,70,0.2671385432448093,-0.2609274402761459,0.05727016848148022,0.053252233851774536,0.0291842168560294,0.05727016848148062,0.548037420125182,0.1311499376804505,4.995410090087119,-18.264920819330214,0.014267635403232908,0.19850602871428571,0.059620295944982526
site_19feb3f9e9d0726a,57,0.03353777999864927,0.006805450627678319,0.0328400445948545,0.03404281843835552,0.024280703095125672,0.03284004459485537,0.7132400961187447,0.40528116439663514,0.06411261317255455,0.3879106857776642,0.01909492877930926,0.06605806877192981,0.03360449493923778
site_1a0cd59d1873112a,14,0.10635570098904584,-0.04236433540497508,0.0975540784312276,0.13098356338698003,0.10514384935067586,0.09755407843122764,0.8027255224385452,0.6787310184944222,0.1583614918601986,-0.5931006956696511,0.13086587300683775,0.24019371428571426,0.1547732067878867
site_1a52df5386240d07,520,0.05199942206859952,0.037014760601520535,0.03652187554165965,0.06093857365918064,0.04371525739582359,0.03652187554165977,0.7173659436191564,0.8053254475139533,1.4060487456435444,19.24767551279068,1.115578384886682,1.9310250750000002,0.9937323391752169
site_1a9dbac658ebe085,81,0.10152367725878693,-0.04053789598559156,0.09307919226770121,0.09384853557693087,0.03881812235089452,0.0930791922677013,0.41362523253305283,0.2265505591450746,0.8348716205758527,-3.283569574832916,0.0668516578928188,0.7134113580246914,0.12205457645077034
site_1ae2faafa57e844c,288,0.05004371134380126,0.02422168612997565,0.043791357207588893,0.05689688689912418,0.0377140020546219,0.04379135720758914,0.6628482525148918,0.6389008360795104,0.7212594369777704,6.975845605432988,0.3948362962135321,0.9323296527777778,0.4096356338810952
site_1b2f4be319c8a70d,152,0.04831705323133079,-0.028244757424451802,0.03920167484933682,0.060973029719586645,0.059723522580056455,0.03920167484933738,0.9795072158087497,0.7892077611628862,0.35484972020980643,-4.293203128516674,0.43683570255878335,0.5650919736842106,0.5421686707043181
site_1ba2419bf83859ca,145,0.07529779312138142,0.02442768384209994,0.07122531790775499,0.07518436354245599,0.04860668694338783,0.07122531790775706,0.6464999456428202,0.40255610322913277,0.8221148590978014,3.542014157104491,0.21331331537308365,0.8196398355862069,0.3425784522638138
site_1c7e765219227837,159,0.07235966326337999,-0.013639251705235661,0.07106258988040733,0.10815436669192725,0.06355871543101678,0.07106258988040741,0.5876666599330276,0.7773456787706314,0.8325114179467693,-2.16864102113247,0.8496312600703172,1.8598813584905662,0.6423139388513144
site_1ce5634596e14607,319,0.03351051719516639,0.007893545238575592,0.032567571390174355,0.049508104260382296,0.05143857657847246,0.03256757139017436,1.0389930567314203,0.7924862520474156,0.358222569297326,2.518040931105614,0.6437950882387339,0.781885711598746,0.8440507641737808
site_1cedce47f64df34a,254,0.12194509629117238,0.10233975964456092,0.06631123664475581,0.07596983462422138,0.05650283878121452,0.06631123664475584,0.7437536103731334,0.53195042709055,3.7771340534036795,25.994298949718473,0.5799844201419531,1.4659396062992127,0.8109129807453237
site_1d1f4a4194ae00c3,182,0.05697415334924713,0.013077567543957261,0.05545296544817747,0.08642897312384384,0.0475615438769862,0.05545296544817749,0.5502962971552998,0.8097214498428761,0.590781855275162,2.3801172930002217,0.6057903191529133,1.3595340659340662,0.411702282985172
site_1d6a4da433bfddd7,6,0.08119601887227593,0.017665925085544595,0.07925092158189023,0.08422522715249207,0.03772298415636494,0.07925092158189027,0.44788224896166146,,0.039556760884241926,0.10599555051326756,0.006708611552913984,0.04256333333333333,0.008538141201968164
site_1d92331b9f8c002c,75,0.08050272377775114,-0.018649202610174817,0.07831280723892835,0.10982142218873127,0.0683473298392051,0.07831280723892982,0.6223497062508283,0.7060488360204024,0.4860516401727675,-1.3986901957631113,0.3974702433773577,0.9045558578666667,0.3503518122111822
site_1dab76a1b26190f6,1016,0.030421810215712743,-0.0016160199450930268,0.03037885804861509,0.03612319055400619,0.02391847059158781,0.030378858048615193,0.6621361575420189,0.5521356758524355,0.9402943213896577,-1.6418762642145153,0.48468438237112044,1.3257630541338583,0.5812467272077013
site_1e0ab3dca10c0e53,65,0.07365839442162588,0.01656675880505488,0.0717711750737505,0.06311185899307777,0.07418486866140975,0.07177117507375401,1.1754505388527137,0.46299133584802205,0.35266133947016737,1.0768393223285673,0.14090049715317216,0.2589019384615385,0.3577206579901899
site_1e115354ece8fb9b,39,0.05630508920201149,0.018716253037636098,0.05310334210082871,0.04699525064481482,0.037436265155442,0.053103342100828815,0.7965967760951287,0.22453550149696888,0.12364025973181234,0.7299338684678078,0.015406220498757487,0.08613358974358976,0.05465748400275389
site_1e3671cb73e4a59d,71,0.22886734650693158,-0.2223932282797048,0.054051034332887785,0.052473938478076076,0.029204357194248864,0.054051034332887805,0.5565497471940403,0.22346128785702848,3.7189986230957963,-15.789919207859041,0.024313750705668626,0.19549950957746481,0.06055550801817855
site_1e4554eec29098a5,97,0.029301866708116547,0.017713850677320637,0.023341355718162902,0.03270554823780097,0.027258669293820828,0.02334135571816296,0.8334570359629486,0.7110797656158314,0.08328414108028219,1.718243515700102,0.0614916489464951,0.10375632989690721,0.07207440001197939
site_1ead9d05e7924900,21,0.13992039598967987,-0.13199232824984053,0.046429974123352404,0.042266424171496904,0.06380963686217053,0.04642997412335275,1.5097003854232285,0.6863868675604755,0.4111320614920852,-2.771838893246651,0.03887496765213353,0.03751546285714285,0.08550506488612353
site_1ebbce006aed7c73,31,0.07440915489895174,-0.04881490315371945,0.05615894908978609,0.054305153131242526,0.03258825703524316,0.05615894908978612,0.6000951135610494,0.2421912207511126,0.171638392316062,-1.5132619977653028,0.013286857150170592,0.0914205393548387,0.032921829394447336
site_1f03845600024bcb,415,0.108596520265721,0.09316743137376854,0.055794569135689906,0.022812113734234734,0.06172612997939522,0.055794569135690024,2.7058487739678942,0.432309738741553,4.894179748736608,38.664484020113946,0.25262579487055903,0.21596290120481929,1.5811977757267752
site_1f2f25947066509c,400,0.13915184999228553,-0.11231831940189003,0.08214519147832418,0.09433676294928717,0.03473370553200434,0.08214519147832433,0.36818843943878193,0.5124146513346983,7.745294942510213,-44.927327760756015,0.6716045321446843,3.5597699375,0.48257211999359567
site_1f80e745021951bc,179,0.12673352134293783,-0.10062214503940922,0.07704913600845224,0.08837868265780333,0.05677878037509146,0.07704913600845224,0.6424488198691003,0.5079730707370362,2.8749879923245776,-18.01136396205425,0.45627566201585296,1.3981316871508382,0.5770655522580339
site_1f87127a283de97d,2,0.03014337933180617,0.024955385375022884,0.016907159972190874,0.07280000000000002,0.05589284002781113,0.016907159972197442,0.7677587915908121,,0.0018172466350823188,0.04991077075004577,0.008137997508049014,0.010599680000000004,0.006248019132748972
site_1fa5a52b4f99f39b,10,0.09735019428668056,-0.051672370305061346,0.08250470577313192,0.15297964864647848,0.07802955662754124,0.08250470577313192,0.5100649486250305,0.9501752223214636,0.09477060327654452,-0.5167237030506134,0.113421790663898,0.234027729,0.060886117074906654
site_1fe95dec232c15f6,833,0.042120148815289506,-0.03169361913690762,0.027742051874848357,0.021987651489445755,0.0386697368691007,0.027742051874848763,1.758702464774943,0.7110699209563455,1.4778310778730375,-26.40078474104405,0.503625104895785,0.4027195294117647,1.2456253417547296
site_203c950b486649d5,44,0.05829895563561492,0.05101658279679038,0.028214827802799502,0.03830572879441239,0.03680211244534589,0.028214827802800165,0.9607469588390699,0.71845152371988,0.14954580204094944,2.244729643058777,0.04456425228132443,0.06456246977272727,0.05959340113935485
site_20551d8a0ce0f349,48,0.08787442453904769,0.02267783211121957,0.0848977645100513,0.06525920270219664,0.04125553362794065,0.0848977645100513,0.6321795535291144,-0.23155783715427872,0.3706518954273017,1.0885359413385394,-0.02992434783723827,0.2044206497916667,0.08169691463645479
site_20c84fb12b0c9692,116,0.0627908463869668,0.015907299309249584,0.06074247458473856,0.07747374126510456,0.0472997399371879,0.060742474584738554,0.6105260849006201,0.6207958651036941,0.4573520852390328,1.8452467198729516,0.2638882703735011,0.6962529479310344,0.2595227861825705
site_20e55f2eceb79ec1,659,0.06782056085111608,0.04596239036240238,0.04987070428953333,0.044946196275520954,0.028599236738343584,0.04987070428953348,0.6362993781059864,0.1365265318460742,3.031155164471399,30.289215248823165,0.11565112437773635,1.3312858088012138,0.5390068693884262
site_2266e199c1b4f8b1,182,0.08297894282643879,-0.07533782085429182,0.03478099626980273,0.06535172949187187,0.0812929380808771,0.034780996269803376,1.2439294065046576,0.9100638635727983,1.2531619013719983,-13.71148339548111,0.8799402091370835,0.7772944356593408,1.20275460429148
site_228e3c936ac52751,419,0.08921177980269586,-0.053840959683096205,0.07113292286956793,0.08282325804289989,0.04094527166427384,0.07113292286956797,0.4943692464146419,0.5125461939591249,3.3347127536816066,-22.55936210721731,0.7282879146778855,2.8742109785202867,0.7024598988260371
site_237e685bbdd8644d,293,0.06518455615797382,-0.022599775560724043,0.061141446712659184,0.09238469387604381,0.05633386585472747,0.061141446712659434,0.6097748825180158,0.7657155081223523,1.2449647239230284,-6.621734239292144,1.167628381193696,2.5007349771331056,0.9298368015465599
site_23d2f2404f4bbe4e,117,0.07955925004734234,-0.06049845149781969,0.051668284609240715,0.07626167795162501,0.058846431006185224,0.051668284609241416,0.7716382931347671,0.7363564553125361,0.7405718893671784,-7.078318825244904,0.3866343584045385,0.6804536923076921,0.40515958573338895
site_23e0c01fc0e0a37a,340,0.07271511436623175,-0.05725460294386921,0.04482631257458109,0.07566476276596505,0.07550093814860703,0.04236178320067433,0.9978348624727108,0.8429398699359555,1.7977458714800152,-19.46656500091553,1.6372746426674658,1.9465531503061224,1.9381331648487268
site_24a155d00f2ce6ce,294,0.061993290776184304,0.020982045666295655,0.058334568318605236,0.07451103477539117,0.06582696477208597,0.05833456831860614,0.8834525647176585,0.6607930122183395,1.1298914217705982,6.168721425890922,0.9528777748225701,1.6322569251700683,1.2739576515850015
site_24bc1a63008e8e56,630,0.057137216239593086,0.04776537832494766,0.03135490572597277,0.034156578567099354,0.03697434047709704,0.03135490572597282,1.082495438015324,0.6139135202217179,2.0567367321543126,30.092188344717027,0.4884527340132566,0.7350032714285714,0.8612741678412669
site_24bea14e8249e50f,135,0.06259720890724697,-0.042821614020842086,0.045658733399291086,0.06072831051673292,0.032941410350891355,0.045658733399291086,0.5424391041113314,0.6719260851490093,0.5289854260019651,-5.780917892813681,0.18146323879841303,0.49787023925925916,0.14649342964728462
site_257ba699ad2936b5,31,0.07705829884196247,0.07132726151404842,0.029161673225721118,0.020917484185269484,0.03324769698399329,0.029161673225722398,1.5894692062158695,0.49790723446518265,0.184077424032933,2.211145106935501,0.010734483367877625,0.013563775483870968,0.034267689996922535
site_25bb1d03fe665fce,56,0.0801728472008787,-0.05251346244769438,0.0605807039415195,0.07371731159002765,0.032421967803279945,0.06058070394151957,0.4398148427277418,0.5889818618410768,0.3599503839845448,-2.940753897070885,0.07883132135894683,0.3043175535714286,0.058866303789267604
site_25c3911a44e2e266,323,0.05570313641348583,0.01181182616561559,0.0544363864426423,0.06399540981400864,0.05027808356805612,0.05405871499710664,0.7856514039706988,0.5751168507932132,1.0022171282347099,3.8152198514938354,0.5977039898302527,1.3228182301559208,0.8165070769902885
site_25db0a3f364cf3fa,37,0.019700863504927515,-0.005565544276624111,0.018898379288836423,0.02349014060461417,0.02511629312217841,0.01889837928883643,1.069227023581324,0.6995650623601789,0.014360588845072042,-0.20592513823509212,0.015271123702461652,0.020416108108108108,0.023340642667369904
site_26066c2f9061bb32,267,0.19292396547384774,0.18093210778343544,0.0669569176948708,0.05816210348991648,0.07869823206686935,0.0669569176948717,1.3530843512307493,0.5563392797057835,9.937648273259224,48.30887277817726,0.6799172602809045,0.9032156853932586,1.6536409320303695
site_26149aa81404cf67,120,0.051520421071085364,-0.04414671887914339,0.026559762791633152,0.050555396122306605,0.06279021308084931,0.026559762791633346,1.2420081316135574,0.9124664443678203,0.3185224544810324,-5.297606265497207,0.3475822761764378,0.30670176925000003,0.4731133030486152
site_261c25e44abd6c6d,260,0.12437316584215102,-0.10837110435660069,0.061027765173976095,0.09202318572884982,0.05101668280522928,0.06102776517397618,0.5543894443684234,0.7824304909654999,4.021857939215793,-28.17648713271618,0.9550554668207524,2.2017493450384613,0.6767025003568381
site_261e3bb708a6a167,65,0.09164229170255105,-0.023142318628751317,0.08867210788619387,0.10080146218531866,0.044195119077259384,0.0886721078861939,0.4384372817530045,0.47715655548247965,0.5458901258522046,-1.5042507108688357,0.13817051988904294,0.6604607606153847,0.12695855576645387
site_2689516b5f07761f,394,0.0648412027033858,0.037364487110963324,0.05299317570174693,0.07761763262977116,0.041136064122241106,0.05299317570174697,0.529983493808118,0.7686461721596987,1.6565263378004969,14.72160792171955,0.9669540111259155,2.373651776649746,0.666717253958838
site_26f018cca8362487,256,0.09095437074648384,-0.06260564379394054,0.06597901880927806,0.09751956935020786,0.057622103105075255,0.06597901880927809,0.5908773335344147,0.7542904257023183,2.1178105748195417,-16.02704481124878,1.0850742079317568,2.434577,0.8499985321604924
site_270decc0b97d0896,280,0.10118239786450861,0.07323257125339339,0.06982025598082822,0.08253754216928766,0.08268370849356713,0.06982025598082826,1.0017709071585834,0.6428427296620317,2.866605738531281,20.50511995095015,1.2283842721314835,1.907484842857143,1.9142467820697717
site_284ff462bff5925c,321,0.042119789034980634,0.02372151233325495,0.034804690502495614,0.05150318722251192,0.0484502101651417,0.03480469050249587,0.9407225606411447,0.7591419017066844,0.5694785977007593,7.6146054589748395,0.6080758658429126,0.851477632398754,0.7535227396798944
site_28bd97dda8311cf0,96,0.1485203523774438,-0.11678309132220845,0.09176058332175528,0.1201631630903951,0.07481160657202464,0.09176058332175537,0.6225835326567273,0.6460776073769839,2.1175963267507267,-11.211176766932011,0.5575659643309191,1.3861618333333334,0.5372905418771905
site_292d280e566004c1,45,0.13087471681186044,-0.09262183320151433,0.09246289804551616,0.1127679451871337,0.03432915495941616,0.09246289804551616,0.3044229891965164,0.690441438910949,0.7707686175263099,-4.167982494068145,0.12027853860706092,0.5722474257777777,0.053032089610242306
site_29971fce7657be9c,156,0.052259828311140136,0.011181770949409555,0.051049560757608727,0.06579308652922992,0.0790811788937774,0.05104956075760877,1.2019679128238492,0.7665302074226523,0.42604998619713574,1.7443562681078906,0.6221674240647505,0.6752819166666667,0.9755979254158214
site_29fa7d91f9cd3f03,186,0.07101395544503025,0.027002472342086088,0.06567989308276634,0.09904484624120609,0.05238567929144475,0.06567989308276638,0.5289086840911313,0.7940871637713005,0.9379946274384661,5.0224598556280124,0.766347212395817,1.824637971451613,0.5104322474376553
site_2a096aef4be52591,150,0.058381153547481336,0.04614161261836688,0.035767452726063104,0.036816370754809,0.05165806622549506,0.03576745272606444,1.403127607811463,0.721579572737164,0.5112538634301889,6.921241892755032,0.20585177154014506,0.20331677333333334,0.400283370923645
site_2a66162bd2a4e4b1,187,0.08426499461569303,-0.04664348219008369,0.07017816531347996,0.0943881143546723,0.06061339228471505,0.07017816531348141,0.6421718740662037,0.6692779705591897,1.3278102023879792,-8.722331169545651,0.7160346471944992,1.66600471657754,0.6870348816367611
site_2b657e21e1c1d622,416,0.1555032415627358,-0.12779558785689565,0.08859766284066994,0.10738545052849152,0.0674744657565569,0.08859766284067037,0.6283389921491699,0.5682547157211914,10.059403384791722,-53.162964548468594,1.7128576719302395,4.7971601538461535,1.8939662681192324
site_2c61711a8eb15185,175,0.05263381814817299,-0.036024425349916726,0.03837394416870933,0.057723266627973176,0.034452803842602714,0.03837394416870939,0.5968616444500838,0.7659194787206564,0.4848057922496152,-6.304274436235428,0.2665610160288001,0.5830957142857143,0.20772424620795055
site_2d0695836558269a,137,0.05906049889872008,0.05215349427713965,0.027715619510486823,0.037942959508294405,0.033414571477915725,0.02771561951048683,0.8806527458832314,0.7051502134334496,0.47787552663270305,7.145028715968133,0.12248116459387498,0.1972345401459854,0.15296510142622527
site_2e03a5b4a3fc6fe0,33,0.0333977560729591,-0.021336470352158403,0.02569367905965087,0.03025205045073522,0.020600366307918623,0.025693679059651038,0.6809576871976283,0.5450841500221901,0.03680853365339292,-0.7041035216212272,0.011210042330419473,0.030201156363636357,0.014004378036674148
site_2e6f197ad6e426eb,271,0.06600377517080695,0.05948640223798716,0.028598361589063592,0.020637397606801333,0.03702134912017158,0.02859836158906361,1.793896198810004,0.6404352471904515,1.1806110492723751,16.12081500649452,0.13260249307834132,0.11541949077490775,0.3714272587736376
site_2eadbc791936fa20,822,0.07142069854150279,-0.0447576932527143,0.05565667143166352,0.07744559044861371,0.06214845137649065,0.055656671431663585,0.8024788889398043,0.702515154272409,4.1929531000884115,-36.790823853731155,2.77942219398067,4.9302076125060825,3.174917466983731
site_2eb90940ae2529bc,146,0.0799238724804371,0.06973798548277112,0.03904406194383441,0.05015914810742728,0.053037766805597575,0.03904406194383454,1.0573897047056118,0.7150442270103724,0.9326225072712991,10.181745880484582,0.27772894336650633,0.36732726027397256,0.4106986873278424
site_2ecbb3b2737ff9d4,59,0.05797272218947989,0.05406886617571621,0.02091397208880002,0.035437799735600774,0.02761475651291388,0.020913972088800258,0.7792457973956021,0.8077908054238313,0.19828935456545824,3.1900631043672565,0.046640036865689995,0.07409442135593222,0.04499191185878365
site_301436b06877aab0,44,0.07209265922724793,-0.014956679662520234,0.07052410402074491,0.07381237381987941,0.0724073014630421,0.07052410402074497,0.98096427083803,0.534884082681406,0.22868346663606823,-0.6580939051508903,0.12578356089544568,0.23972372727272728,0.2306839614270338
site_3058377fafc959d8,52,0.04866337763964276,-0.04343188299536705,0.02194984880984901,0.044146887811060555,0.04173121596677905,0.021949848809849834,0.9452810387309728,0.8708246384130918,0.12314246481152114,-2.2584579157590867,0.08342480189401943,0.10134528057692309,0.09055770807542962
site_313b58fce7205197,400,0.10742892862216523,-0.05842902303233743,0.09015000816634934,0.10657849208446872,0.054835776911810775,0.07685532054701401,0.5145107219977434,0.7237116714359336,4.616389881962509,-23.37160921293497,1.6918394216273531,4.543589989999664,1.2027849718087518
site_31563788a284dc59,162,0.07806291483551578,0.05009380832608835,0.05987010138630224,0.039447574210730765,0.05468446724016215,0.05987010138630261,1.3862567809121848,0.22299429714053506,0.9871986249639522,8.115196948826313,0.07792791530407138,0.25209,0.48444333508913956
site_319d460a95d287a7,55,0.06029680556754024,0.05019898336800663,0.03340309612099375,0.06179279157724702,0.05651847817632643,0.033403096120994236,0.9146451670770177,0.8442421131352276,0.19996376189073636,2.7609440852403644,0.16216531748473648,0.21000919999999995,0.17568861064523378
site_323cc8255b0caa4e,56,0.06366299669314576,0.020195630286421094,0.060374776730731515,0.1129061094043025,0.09584743017285738,0.06037477673073153,0.848912699928751,0.8450291360808095,0.22696672028528334,1.1309552960395812,0.5121033608955996,0.7138762142857142,0.5144568727614831
site_32983262837b2abc,52,0.07802287441849325,-0.06828300099418713,0.03774918155075428,0.06613636844255384,0.052123765989887466,0.03774918155075428,0.7881256140509478,0.821794444480663,0.3165535844912463,-3.550716051697731,0.14731354310363529,0.227449,0.14127812301036458
site_32a7eff6ca5c3a9e,91,0.18215232162007708,0.16444739130303102,0.0783359672513961,0.06137889241232721,0.07761719997897751,0.07833596725139612,1.264558497692751,0.383630360924578,3.0193316127141436,14.964712608575821,0.1663149852513612,0.34283052747252757,0.5482231056644693
site_32aa1fd33af84607,47,0.08528360838436795,-0.06138700132598267,0.059202448659342086,0.06902556982214028,0.04545247481878083,0.059202448659342106,0.6584874987037301,0.529984202839726,0.3418448113757371,-2.8851890623211855,0.0781498804852842,0.22393287659574465,0.09709859095613954
site_32d33ae0920bdcec,147,0.04946444134948238,0.03760872848098781,0.0321296514151604,0.04051448711343963,0.05296431747598227,0.03212965141516076,1.3072932980166676,0.7955757375342023,0.3596694508284082,5.528483086705209,0.25095311474009435,0.24128927891156465,0.4123671820774062
site_32e9d9454ab82a2b,29,0.12551840603760198,-0.1121740868584863,0.056319130778848925,0.06701844564800732,0.0423449378127367,0.05631913077884894,0.6318400464722768,0.5484214020269765,0.45689123737238924,-3.2530485188961027,0.04513445919443822,0.13025268965517242,0.05199971899257161
site_33d9c76285abfbd1,64,0.10081636167022671,-0.0874091256009415,0.050235281845539534,0.039686363664834544,0.04504321874400302,0.05023528184553955,1.134979740759547,0.3021689782572562,0.6504920819470053,-5.594184038460256,0.034570095157017935,0.10080047749999999,0.1298490595084867
site_33e57061030aaa1a,19,0.11244042726725521,-0.10889526601465126,0.028011974647304833,0.02755576868482595,0.027708617685866153,0.028011974647305538,1.00554689665124,0.4861727510313599,0.2402141439968153,-2.069010054278374,0.0070529630032024875,0.014427087368421054,0.014587582387168396
site_345540dea6a21328,13,0.08749508676560191,-0.06067723144017732,0.06303700336211553,0.06610525943859373,0.013448980303420142,0.06303700336211557,0.203447961896483,0.3245698703352048,0.0995200727055627,-0.7888040087223052,0.003751257924506297,0.05680876923076922,0.002351375925623178
site_3527ca4be8ad318d,825,0.05945294107537044,-0.04901207481499873,0.03365217266151527,0.05370875985208079,0.06997823198050634,0.033652172661515406,1.302920271725381,0.8845568819835212,2.9160880670719624,-40.434961722373956,2.74275998333931,2.3798204800000002,4.039986184671987
site_360469521723c0bf,302,0.08044855268949684,-0.04141457164642826,0.06896957941859302,0.07636390903574251,0.038281227515596025,0.06896957941859307,0.5012999988997199,0.43445634552667695,1.9545348282100947,-12.507200637221336,0.3835545108194975,1.7610968741721855,0.44256661879044956
site_3611ac9a5b4c6a7c,47,0.04153868084082829,-0.0054859405654542,0.04117482801553031,0.058791326737815466,0.04243131294143434,0.04117482801553172,0.7217274264052606,0.713837827267942,0.08109671428182118,-0.2578392065763474,0.0836945439523205,0.16245174468085105,0.08461956694289485
site_365133aa4290174f,670,0.06312052083365921,-0.0185557950488667,0.060331439734328064,0.10243208140498707,0.07004100459768872,0.06033143973432952,0.6837799607016349,0.819449417743317,2.6694141007093117,-12.432382682740688,3.9389939868740957,7.029861971641791,3.2868473577858137
site_3669ed0d65622c4a,171,0.059709788003875094,-0.00886217352409809,0.05904846030081124,0.07838154474022148,0.045950258342197604,0.059048460300811755,0.5862382336874031,0.661970094428569,0.6096592519729778,-1.5154316726207735,0.40769581742976846,1.0505669810526315,0.36105388733321386
site_367fad9034e246b1,37,0.05602456316381777,-0.042536134584529976,0.03646133475756695,0.045173374479553524,0.026246582029511148,0.03646133475756722,0.5810188486448126,0.5904321762968651,0.11613381207477447,-1.573836979627609,0.025901626109271436,0.07550344918918918,0.02548867352457873
site_36915ea55aeee9ea,33,0.10956170756778437,-0.09364515059283286,0.0568713771207833,0.08376423031934177,0.053707740629465706,0.05687137712078443,0.6411775100745384,0.7409345369044237,0.39612433625056703,-3.0902899695634845,0.10999913345683704,0.23154272727272723,0.09518920631622474
site_3697f876563488cb,53,0.04478133785443173,-0.013657916427333397,0.04264773779342506,0.039688321573839856,0.02691858934297231,0.04264773779342507,0.6782496279891921,0.22508641759200584,0.10628451566173629,-0.7238695706486701,0.012745010240685264,0.08348363207547167,0.038404353967425864
site_36bf0be122b5ada0,62,0.06849865859803098,-0.009874573258622997,0.06778317661993785,0.08161925258993903,0.030417853893557688,0.06778317661993787,0.372679887751229,0.6026524124451793,0.2909081062432354,-0.6122235420346258,0.09276406508035236,0.41302554838709676,0.057365241800369005
site_36f59764e16c0acf,11,0.06068330193051894,0.05602606612985784,0.02331400967665836,0.075215719519326,0.08337379717541639,0.023314009676658518,1.1084624026496783,0.961968802105765,0.04050709446509576,0.6162867274284363,0.06635778309079733,0.062231449090909094,0.07646309060992218
site_37100d9c494e6343,36,0.02915029560293888,-0.010259144607517454,0.02728533829111824,0.015852011400200882,0.019051291207384413,0.027285338291118243,1.201821694825616,-0.21564763107569512,0.03059063041459384,-0.36932920587062834,-0.002344531024081839,0.009046305555555556,0.013066261080068253
site_3744ab32b5fabc06,14,0.2037330473481689,-0.17584066663469586,0.10289419098878705,0.08633790521868724,0.04383197564084966,0.10289419098878726,0.5076793967820583,-0.1600981759426936,0.5811001641447973,-2.461769332885742,-0.008482170011741778,0.1043592742857143,0.02689738924012053
site_3754c55a59175277,6,0.1467172685147782,0.036050702949364986,0.14221921001501228,0.12887841815706252,0.03935599500489345,0.1422192100150123,0.30537304513569363,,0.12915574128262516,0.2163042176961899,-0.006203288063406945,0.09965787999999998,0.009293366056951191
site_37c98a51b9f80f45,156,0.06469422990302794,0.02387960129212111,0.06012576839322023,0.10616510744027001,0.07235996658751619,0.06012576839322043,0.6815795540754943,0.8390857116228638,0.65291356770835,3.725217801570893,1.0055671686430774,1.7582806858974358,0.8168105032692475
site_383a8c8b2965611f,677,0.07773366500558246,0.0698178428043467,0.03417589064454136,0.029614607542098832,0.03208810461259412,0.03417589064454169,1.0835228718455605,0.3886657404907301,4.090787851110478,47.26667957854272,0.25004315838801017,0.5937459113737076,0.6970706518146867
site_386cdfdcf9b17142,388,0.08386403668914347,0.03357486646906616,0.07684988608568251,0.056645076186551756,0.07527653600320068,0.07684988608568263,1.328915787054273,0.34818071291366376,2.7288725401216247,13.027048189997672,0.5760474082631702,1.2449618865979382,2.198624066584773
site_389215a205727fd3,94,0.12981044867570507,-0.11605745212955675,0.05814998186228004,0.04363320016491984,0.056956484621303885,0.058149981862282346,1.3053474053249865,0.3554002471935889,1.583970743026459,-10.909400500178334,0.08302441460385598,0.1789624787234043,0.30493986719918165
site_38bba0231f056806,585,0.07918130131453578,0.04803614307988404,0.06294606767600512,0.0522732394217771,0.052236390308967554,0.06294606767600579,0.999295067357272,0.2744714759049468,3.667761909550034,28.101143701732163,0.43843544441334203,1.5985075623931624,1.5962546764188177
site_38d8c6108ca3a5d7,59,0.0816845797282632,-0.054219098850023954,0.06109549807698042,0.06676530857553956,0.030559446190068798,0.06109549807698043,0.45771444545176115,0.40651312800501493,0.3936698633575963,-3.1989268321514133,0.048935375713014005,0.2629987793220339,0.055098905335178916
site_38eb3791b353069b,415,0.051929178974306316,0.01687881910513683,0.0491095214246851,0.07905803546385205,0.08186042544355254,0.049109521424685276,1.0354472504060872,0.8142773432726308,1.119105446012398,7.004709928631784,2.1869581046081095,2.5938217831325305,2.780968640326761
site_38fe9bf25990ebba,147,0.08522792465211348,-0.04150506057917667,0.0744387606481006,0.09193691571855366,0.07694272273199974,0.07443876064810065,0.8369078093455343,0.6242298563521582,1.067778473654431,-6.10124390513897,0.6491115725325028,1.2425022813605442,0.8702668394677685
site_395c4ccb7a4b9df2,171,0.03828074565941635,-0.014638268298503251,0.03537140920944427,0.04738580500444651,0.0409522270592786,0.035371409209446036,0.8642298480617938,0.6882989313945922,0.25058604848919797,-2.503143879044056,0.22840152175741063,0.38396588222222217,0.2867815180906154
site_3987775e61ab1836,60,0.297026265738613,-0.28948805379072823,0.06649262553908972,0.05935917929576407,0.027385212148631686,0.0664926255390902,0.46134755354654844,-0.0454633793662742,5.293476152317511,-17.369283227443695,-0.0044342171996831865,0.21141072999999996,0.044996990665533865
site_39ac65528c2f5495,202,0.10458865328005075,-0.029714159076107607,0.10027888683733203,0.10876887988504753,0.04978411674340202,0.1002788868373333,0.45770552014525107,0.39273330852219585,2.2096348517768036,-6.002260133373737,0.4295805089694218,2.3897951847524754,0.5006485725439775
site_39e3332a33e328c0,156,0.12520902868752135,0.10824845805534952,0.0629251316527171,0.06342926238283068,0.05437227937886444,0.06292513165271836,0.8572112828728427,0.437840629198289,2.4456589349201163,16.886759456634525,0.2355634240261637,0.627630326923077,0.4611897833171128
site_3a1e52ef4ac63381,15,0.0790546491945567,-0.07451045063654581,0.026416477910828528,0.04083129301024997,0.020624726992592775,0.02641647791082944,0.505120594329827,0.8281004556361734,0.09374456338911635,-1.1176567595481872,0.010460576603959002,0.02500791733333332,0.006380690452784776
site_3a558feb29bc33aa,50,0.039084779146515244,0.006796363823413849,0.038489341377992745,0.03371153511781984,0.03339249380280237,0.03848934137799288,0.9905361380339864,0.34204871540105397,0.07638099804659364,0.33981819117069245,0.019252421066462994,0.05682338000000001,0.055752932118509735
site_3aab5eecf1e576ed,227,0.031181142547670154,0.0202817104575655,0.02368366254390575,0.04385816136397615,0.03902035064931454,0.02368366254390611,0.889694174032675,0.8429578824321574,0.2207038486812346,4.603948273867369,0.3274713590087016,0.43664319823788544,0.3456274226085698
site_3b418123c1eb9bb6,39,0.05977955138515857,0.004174980898698168,0.059633583644673895,0.06864754334352098,0.03284740443478374,0.05963358364467402,0.47849351680964286,0.4956492996850472,0.13937019578862175,0.16282425504922854,0.04358782129448193,0.18378692307692304,0.04207912714598777
site_3ba67f452cc05c7e,156,0.07166534695754634,0.030051776172488165,0.06506006996172206,0.10190028489719828,0.06787638275600234,0.06506006996172242,0.6661059174120972,0.777695928936023,0.8012038249090973,4.688077082908154,0.8391285781901331,1.6198522176923076,0.7187237204221357
site_3bce6f9707106717,37,0.04429354855444113,-0.004298339147825502,0.044084495280255896,0.08380881927612827,0.0585462408503579,0.044084495280256014,0.6985689734807414,0.8669933799976579,0.07259098241115144,-0.15903854846954357,0.15740054896796074,0.25988497297297297,0.1268235057552003
site_3c025b5f7926190d,54,0.0420007109179193,-0.0104529041979048,0.0406791901522148,0.026652600456824306,0.030961247592677005,0.04067919015221493,1.1616595402325736,0.008581853237436727,0.09525922475097377,-0.5644568266868591,0.00038241320848464736,0.038359500000000005,0.05176433803473257
site_3c21ace69367fd43,31,0.1134673629299406,-0.06491416015932637,0.09306446293341074,0.09189302924673624,0.033125795154398445,0.09306446293341077,0.3604821326050144,0.14465247799468453,0.3991201159585206,-2.0123389649391177,0.01365011944886177,0.2617741935483872,0.034016867442946186
site_3c2ff06ad9a9ceca,167,0.09392799313192245,-0.036558009953841474,0.08652155686304598,0.09585643659446089,0.0546751550542039,0.08652155686304708,0.5703858498883875,0.4476130576106345,1.4733521382630086,-6.105187662291526,0.39176940943443483,1.5344722249101794,0.49922522089360677
site_3c6c836e47ad4756,59,0.09240566292949566,-0.07405057978630065,0.055274932607397076,0.08421123629480415,0.04065316658064944,0.05527493260739709,0.4827522830603278,0.8308706740742998,0.5037895859449345,-4.368984207391739,0.1678223758491419,0.41840040677966106,0.09750811722900793
site_3cacfdfbb247178d,10,0.13251338258499903,-0.0950694383454323,0.09231250433609942,0.1508304548159953,0.05933104920930565,0.09231250433609943,0.39336252934917026,0.9916494349135161,0.17559796564118327,-0.950694383454323,0.08874200521737338,0.227498261,0.03520173400277049
site_3d3d4af3226bd56f,68,0.04343719251256848,-0.0027037434648065017,0.043352963735487,0.07524260071221434,0.04334996999101298,0.043352963735487325,0.5761359865379543,0.8678108773875195,0.1283016991494276,-0.1838545556068421,0.1924804394473048,0.3849785294117647,0.1277869530790774
site_3d8d46208058ae66,97,0.11570519039201987,-0.04725805722683976,0.10561423725425614,0.11531296545543188,0.031229055584389376,0.10561423725425635,0.2708199850818971,0.4329168600918514,1.298606035114396,-4.584031551003457,0.15122138999497764,1.2898167602061856,0.09459962953120948
site_3e3dd959fc43e496,515,0.09317317659378768,-0.06681540895712028,0.06493798551287154,0.11206714309807403,0.0683929311967637,0.06493798551287197,0.6102853102707416,0.8493394923065786,4.4708390308372294,-34.40993561291695,3.3525716266252177,6.467907949514563,2.408960414407906
site_3e869a526b77cd87,53,0.07267742812462191,-0.05656769682596315,0.04563008037046944,0.07062519637074682,0.03214326085040214,0.04563008037046949,0.45512455189032186,0.8675744487509125,0.2799464536169079,-2.998087931776047,0.10438358866603308,0.2643596732075472,0.05475902855914072
site_3e8e42936f50143d,855,0.07585241358121317,0.04902348016061281,0.0578816641004508,0.06481996959788737,0.051784424922781236,0.057881664100451195,0.7988961618468424,0.5262616679057524,4.919318292411578,41.91507553732395,1.5103438560026605,3.592392332163742,2.2927907982186073
site_3ed9981ace9fa417,10,0.033721924239450606,0.016914834294319153,0.02917287361928836,0.08781675751244748,0.07357220039506238,0.029172873619288515,0.8377922674340825,0.9498404286963582,0.01137168174411246,0.16914834294319153,0.061367975078821184,0.077117829,0.05412868670971216
site_3f0cc8bf9a017f1f,60,0.02858938818046595,-0.015667147109905875,0.023914297354719297,0.03820063990156303,0.04919514005770076,0.023914297354719397,1.2878093190184463,0.8800037288030994,0.04904118699200198,-0.9400288265943526,0.0992267122864723,0.08755733333333335,0.14520970831780766
site_3f80251a944e7c4c,134,0.05023407258906524,0.004243675713930558,0.050054502947471886,0.0655213452514508,0.0448381709230961,0.050054502947472476,0.6843292174637285,0.6463988259510621,0.3381439145503857,0.5686525456666948,0.2544696843279942,0.575268255597015,0.26940185061165667
site_3f885209ae19b689,226,0.052675029860434264,-0.02066876663412668,0.04845060223177472,0.06895107869377168,0.04334901368299278,0.04845060223177482,0.6286923207614514,0.7169593413630282,0.6270728822002669,-4.67114125931263,0.48430979435824983,1.0744607831858408,0.42468495912715465
site_3f8f25f0fa2a3f3b,64,0.08280335603078617,-0.01099021635260433,0.08207076772203413,0.09807921611777565,0.03142900974695703,0.08207076772203413,0.3204451563847777,0.6280070361715958,0.4388093292775125,-0.7033738465666771,0.12389453995096264,0.6156500885937499,0.06321808983515648
site_3fd206a570dca7d5,52,0.1711581994452423,-0.14989160557549733,0.08262950934948649,0.07763247886772603,0.07560184195380935,0.08262950934948649,0.9738429463604199,0.41869754856406416,1.5233467203415416,-7.794363489925861,0.12778491613211537,0.3133936923076923,0.29721320235405596
site_3fe88af73a278f09,684,0.06911655667120112,0.01943727483665734,0.0663271494412929,0.0664606367230065,0.03786447960534399,0.06632714944129403,0.5697279092157198,0.2883858101147156,3.2675353097610147,13.295095988273621,0.49639394936989445,3.02123910380117,0.9806636699959212
site_402a00535323377d,283,0.05426855452184428,0.015832483753298703,0.05190769180084892,0.08187684503417353,0.05554841913118449,0.05190769180084907,0.678438685662593,0.7799949909823495,0.8334565107989791,4.480592902183533,1.0039476155974103,1.8971804240282686,0.8732324036365693
site_40392ec0ab51085a,129,0.057519463278041055,0.03010232436564542,0.049013658541057555,0.06886505128688039,0.03652911635942438,0.049013658541058804,0.5304449162064823,0.7303352863053175,0.42679503659741486,3.883199843168259,0.23700092251217647,0.611768992248062,0.17213454811804718
site_4053c6fd726ad6c4,11,0.04016399441144171,0.025117855063351714,0.031340705226570405,0.07855025132659395,0.10448502097244873,0.03134070522657088,1.3301678760774927,0.9811371219949406,0.01774461091790553,0.27629640569686886,0.08857761982841926,0.06787156181818182,0.12008831568374356
site_40c02fde736492a1,19,0.04647104431856083,-0.018425353837640667,0.04266221156967117,0.05349600653022093,0.051000883800348236,0.04266221156967196,0.9533587104588237,0.6675934347036675,0.04103160124109524,-0.3500817229151727,0.0346070613872848,0.05437463157894736,0.049420712819915835
site_413c6e860ea2e615,245,0.06372265633256469,0.031440407936329746,0.05542632658651771,0.07791478369582597,0.05775243770473494,0.05542632658651822,0.7412256694467194,0.7038117217064107,0.994841347869146,7.702899944400788,0.7759125377905796,1.4873248120000002,0.8171592949056261
site_4148b96858a0e60a,171,0.051284309501271545,-0.008187547122525894,0.05062651946498622,0.05715134159019644,0.030064431251951795,0.05062651946498713,0.5260494402306201,0.4676639154460673,0.44974374857479804,-1.4000705579519277,0.13740716960799623,0.5585331695906433,0.15456177453207043
site_420eb683366b57f6,91,0.07832209582647442,0.05461674225133853,0.05613699458024354,0.054566464924093096,0.04625850894781902,0.05613699458024493,0.8477461204820361,0.3894333182122664,0.5582259132132812,4.970123544871806,0.08945238956678046,0.27095241758241767,0.1947263181568662
site_426aa82109fc7c47,28,0.07903224746458277,-0.057591073968580785,0.05412360241566065,0.07781547869472882,0.03356259693176422,0.05412360241566066,0.43131003618741126,0.8140960522223906,0.17489069190048542,-1.612550071120262,0.059532652183835,0.16954696428571428,0.031540541558513935
site_42ce68186715eeba,627,0.07365400454117489,0.06403368770116064,0.036395043953011526,0.030375187740154182,0.04345556040822887,0.03639504395301204,1.4306268912630693,0.5630573531709909,3.401420065364535,40.14912218862772,0.46599848113041453,0.5785028229665072,1.1840178529565544
site_42d0b232cf256027,295,0.043966069354394115,-0.006347596926608329,0.04350543951890046,0.053491558290896656,0.0399812407275504,0.04350543951890047,0.7474308471277893,0.6001712540687313,0.570239500070241,-1.872541093349457,0.37865066473857834,0.8440973084745764,0.4715573849837289
site_43b644a004cb99cb,16,0.08988353662963279,-0.033838539000600576,0.08327066371391172,0.11528887359585052,0.04102152917433865,0.08327066371391187,0.3558151614711855,0.8500457548902982,0.1292648025128086,-0.5414166240096092,0.06432229436356574,0.21266438999999998,0.026924253692817868
site_444e34f5ad449f77,182,0.10470912207861546,0.09716067731118463,0.039035919752277486,0.04084400151610815,0.047841336434000674,0.03903591975227751,1.1713185451511872,0.6226160514789536,1.99544804485834,17.683243270635604,0.22142328396668803,0.30361830769230774,0.4165604118660058
site_44541aad5ac7b92b,159,0.07004707484056073,-0.04929682846939038,0.04976359509298558,0.05785655638087453,0.06208854335952764,0.049763595092985634,1.0731461954077182,0.6578022349104562,0.7801482383013396,-7.838195726633071,0.37571325842651937,0.5322335974842768,0.6129429674247631
site_44bc4221af0e2690,281,0.03800197464082944,0.006674912364457426,0.03741116974285964,0.06476098679389557,0.04376045025562241,0.03741116974285965,0.6757224128608755,0.8308780427180741,0.4058061715252305,1.8756503744125368,0.6616660347768633,1.1785099003558719,0.5381085388475197
site_4522c9f47db04b3c,148,0.043619871338964326,0.016943425638852892,0.04019469496399324,0.04319437506919969,0.05378766983781731,0.040194694963993256,1.2452470895028946,0.6764559955515579,0.2815985899929146,2.507626994550228,0.2326007931104685,0.27613159756756755,0.42818078713414226
site_454d64b6e8b743da,118,0.05114868542108355,-0.039337577315508306,0.03269163549367591,0.047926434974321724,0.06363096698687791,0.03269163549367626,1.3276799540998707,0.8652103145749223,0.3087101863959858,-4.64183412322998,0.3113489057691167,0.2710392939830509,0.47777019524284725
site_454f86a28db067ff,49,0.042595938344590384,0.010172555795737675,0.04136342674439279,0.06402550512196252,0.041665103198168144,0.04136342674439279,0.6507578990403913,0.773029650759326,0.08890628420935112,0.4984552339911461,0.10104566993564368,0.200864,0.08506306040118605
site_457c8dbf463cd4ea,137,0.05777736709892875,0.037042507720689705,0.044340464258361335,0.07485257715168976,0.04606465913944453,0.04434046425836137,0.6154051188657658,0.835076382414415,0.45733670839715934,5.07482355773449,0.3944767284706561,0.7675984379562044,0.2907075365637499
site_460afd4b6202d4b4,50,0.1307395276241845,-0.06280717005443574,0.11466509265311782,0.08084658320547627,0.06990157735217409,0.11466509265311911,0.8646200566635596,-0.1526800748651331,0.8546412041697451,-3.140358502721787,-0.04314207352066042,0.3268085007999999,0.24431152581609883
site_465014c5dd5de0e8,2,0.05847343553534439,0.03931651763916015,0.04328226084709168,0.1062,0.06291773915290833,0.04328226084709168,0.5924457547354832,,0.006838285326612153,0.0786330352783203,0.013363727796077729,0.02255688,0.007917283800226826
site_466206aef45119ae,1,0.04311922383308411,0.04311922383308411,0.0,0.0,0.0,0.0,,,0.0018592674639676084,0.04311922383308411,0.0,0.0,0.0
site_4680c02330a5a24c,432,0.06109221071149551,0.011661887142669268,0.05996881354411984,0.08912249576590195,0.0807354850193029,0.059968813544119856,0.9058934483990528,0.7549863684876357,1.612335546554875,5.037935245633124,2.34679230611047,3.431297916666667,2.8158704098425
site_4689968a649fae30,327,0.091443104813413,-0.07691286899609669,0.049459599682024395,0.06762547780490988,0.03443342052753748,0.049459599682024964,0.5091782216589008,0.7112958656553304,2.7343221436588054,-25.150508161723614,0.541612339437008,1.495438116207951,0.3877109668969802
site_46c69a3772747cb8,125,0.06845757749989773,0.045867432305049895,0.05081947039173241,0.0555343636981644,0.07162039267130636,0.05081947039173242,1.2896590129414531,0.7078666502332553,0.5858049896443129,5.733429038131237,0.3519329766784966,0.38550819391999996,0.6411850807990143
site_473ba30122663331,178,0.12458755624688139,-0.009049596187773718,0.12425845637383424,0.13794064349000282,0.05390933310610103,0.1242584563738343,0.39081543874346275,0.43662061338401126,2.7629265325394305,-1.610828121423722,0.5779369274355555,3.3869165605056177,0.5173064828781317
site_47749587de8e2aac,260,0.12044655855516725,-0.08936335975381045,0.08075619729342377,0.06501185550949402,0.05311054934458933,0.05755613511307067,0.816936371502784,0.5407997141346405,3.771917101623667,-23.234473535990716,0.4854932055112544,1.0989007527647057,0.7333899174378551
site_479c9178cadeeacf,620,0.036812608512483115,0.018593753581470057,0.03177169295528511,0.01884253296101925,0.03899351336926363,0.03177169295528512,2.069441165364126,0.5893912907568015,0.8402042502058733,11.528127220511436,0.26848934460654855,0.22012545000000003,0.9427063326249436
site_47cb8752f353f72a,342,0.05356605667739186,-0.02275857595986093,0.048490923359375174,0.0783111843808055,0.07376294773190216,0.048490923359375236,0.9419209824897229,0.798260382804837,0.9813082703642204,-7.783432978272438,1.5770037939354165,2.0973634269005847,1.8608125806699711
site_4820638a678db67d,55,0.049308303829329624,0.025186288599534482,0.0423905613681447,0.024085275499104594,0.04473415489882094,0.042390561368144786,1.8573237786083865,0.3639596919067312,0.13372198545890152,1.3852458729743966,0.02156784897500818,0.03190552727272725,0.11006295379814379
site_48ab6dd953268db1,549,0.13640109703879552,-0.12491720634666297,0.05478093493116133,0.08093169791951896,0.06549898064564896,0.05478093493116183,0.8093118312034331,0.7394065832730534,10.214287341089413,-68.57954628431797,2.1518344218204635,3.595916910746812,2.355273939624885
site_48bc99c681181b96,271,0.04985786077513762,0.007608666190362066,0.04927387218269584,0.08908441765563256,0.05670221656976936,0.04927387218269588,0.6364998286115444,0.8634696100731278,0.6736535021707847,2.06194853758812,1.1820017778439058,2.1506650701107013,0.8713033096236824
site_48c050cdab5aaa88,41,0.08241311696743527,-0.04481710731110922,0.06916175778963897,0.07604714558858423,0.03249402420127216,0.06916175778963916,0.42728788766201875,0.4159483018708837,0.2784687957798148,-1.8375013997554779,0.04214146501843523,0.23710990243902438,0.0432903259605073
site_48c0bfa2a3485fb7,53,0.03904499999784633,0.03310915292388988,0.020695313901806223,0.02073045202482173,0.030445888977324274,0.02069531390180655,1.4686553356805585,0.7354808068889135,0.08079913731608644,1.7547851049661636,0.024602806150885122,0.02277683698113208,0.049128464247836456
site_48d263b97f32a2d9,49,0.10500578038654852,-0.07229587701802352,0.07615458016943483,0.09558676693190744,0.039248212350878185,0.07615458016943483,0.4106029904624475,0.6500852247538443,0.5402844818148148,-3.5424979738831524,0.11950443655906284,0.44770467061224495,0.07548068646424172
site_48ec25901538e693,155,0.06653822557849448,-0.05067698991337131,0.043118188232516,0.06592912790525561,0.04558021755624436,0.043118188232516036,0.6913517439779586,0.7595558684731161,0.6862369967858657,-7.854933436572552,0.3537896686334764,0.6737307354838709,0.3220212160335579
site_4915d0b8a484d43a,129,0.03886612639042631,-0.012642486744518427,0.036752459911021856,0.028915219834970668,0.03546900127704821,0.03675245991102199,1.2266550792102662,0.36242250952700306,0.19486427569696047,-1.6308807900428772,0.047949085871909936,0.10785560201550387,0.16228845665527092
site_496ac9a9ab00ede4,112,0.0703390618844488,0.04078461297282151,0.05730793113907949,0.04330095997280345,0.05956118879254536,0.05730793113907968,1.3755165897004284,0.4145526179081158,0.5541293661998437,4.567876652956009,0.11974532491633934,0.20999699107142855,0.39732394356269785
site_496ee2f5b79c4b73,149,0.11814705639981554,0.11071811380642373,0.04123379937731909,0.03571618627308364,0.05690071996913023,0.04123379937731961,1.593135379406721,0.6921084282314561,2.079850313455238,16.496998957157135,0.20957682044384066,0.19007124832214767,0.48241609801780094
site_49a35425669a6415,148,0.044658536174812295,0.009916949147308193,0.04354352963284811,0.05371007784067009,0.046969706325281906,0.04354352963284818,0.8745045290125371,0.6332159604779967,0.2951689582849987,1.4677084738016126,0.2364216232775031,0.4269463243243244,0.32651069021791757
site_49b410d6df2872b8,187,0.10060766310939744,0.09356567905134057,0.03697790664701745,0.03234914902423262,0.03250899734315475,0.036977906647017666,1.0049413454060998,0.34990010400731336,1.89279565087446,17.496781982600687,0.06881008807482089,0.1956894117647059,0.19762812784410438
site_49b534f23930be14,386,0.07268697246326535,-0.02515952035445006,0.06819380104825883,0.09067607402182087,0.061642609346536405,0.06819380104825884,0.6798111851611741,0.6594108820682383,2.039390842827941,-9.711574856817723,1.422712466830629,3.1737500544041453,1.4667271568011833
site_49f7a3a08cf1a503,75,0.18735534343543142,0.14322143635908763,0.1207876023482885,0.11224634495410332,0.0480837754761624,0.12078760234828968,0.42837720458357464,0.029797382623190385,2.632651853535634,10.741607726931573,0.012061745195587475,0.9449431466666667,0.17340370980314979
site_4a00a5537486f4ab,125,0.16766823246102883,-0.1597786877250671,0.050827228189830286,0.03517553695396845,0.05351653725475856,0.05082722818983041,1.5214135131694386,0.4031747301598256,3.5140795220756997,-19.972335965633388,0.09487068964242933,0.15466480000000002,0.3580024699674951
site_4a15ec3df99b7e73,6,0.15215663606668126,0.14147092367808023,0.05601445931899447,0.07485908242973742,0.033711588879241715,0.056014459318995354,0.4503339846689057,,0.13890985139477094,0.8488255420684814,0.01080820138255755,0.03362329333333333,0.006818827348578083
site_4a51d234a3956647,115,0.04567656751719723,-0.01822445401290189,0.0418833868745676,0.058907450400313595,0.06051683393991633,0.04188338687456962,1.0273205431344585,0.7543224609243405,0.23993011431760386,-2.095812211483717,0.3092440163847868,0.39906008695652173,0.4211630268628121
site_4a5737c09be72760,38,0.05542482952085438,0.05253378195762634,0.017666733728800697,0.02185333826562433,0.026658962831526748,0.017666733728800742,1.2199034539936513,0.7519518216248066,0.11673264564179933,1.996283714389801,0.016646949027243417,0.018147598947368424,0.02700661137160354
site_4a605b11c85f3580,1259,0.08574313979723666,0.06467225116202527,0.056297299685903156,0.07569196006336819,0.036326161851482776,0.056297299685903496,0.4799210090618746,0.7054624617710157,9.256024502061184,81.4223642129898,2.4421307092866518,7.213154478157267,1.6613638538888944
site_4a71668c00a356e4,95,0.1579512743467908,-0.1536657210360075,0.03654382637681884,0.062479687770774894,0.05999799157771543,0.03654382637681905,0.9602799520675537,0.8226974536944246,2.3701174814386414,-14.598243498420713,0.29298090872411664,0.3708525814736842,0.3419771043691632
site_4accdc2358f08145,95,0.040394502720027925,0.008962292097901042,0.03938772867721932,0.05083074952184857,0.044486103677418565,0.03938772867721931,0.8751809504264167,0.6658638751318275,0.15501300574984264,0.8514177493005989,0.14304080398253308,0.24545768421052636,0.1880062749378132
site_4aee712beb09287c,127,0.06917935994629475,0.04713912048677759,0.05063286642401431,0.07957466134551537,0.06501215506652587,0.050632866424014634,0.8169956864062707,0.7727165077815853,0.6077945480075343,5.986668301820754,0.507683761893295,0.8041800944881892,0.5367756989120387
site_4afa6fca34a02012,148,0.1135086891557667,-0.09198263304539629,0.06650877935954351,0.07794481317353588,0.05769753591993303,0.06650877935954383,0.740235733088173,0.5537840898012323,1.9068649320513493,-13.61342969071865,0.368592654679474,0.8991582972972972,0.4926928363823303
site_4b307595d7b7b6da,381,0.041337402363867626,0.0052362616874883795,0.04100441924637428,0.07705495459330633,0.04876846253472007,0.04100441924637438,0.632904954549886,0.8827472658542274,0.651045497827262,1.9950157029330726,1.2638658811362689,2.2621745564304465,0.9061562793781506
site_4b6df3933469a704,81,0.05510795680987715,0.013749606587563032,0.053365112409199784,0.07092734898485353,0.052564907560150455,0.05336511240919998,0.741109153415217,0.6632965414168701,0.24598783920450215,1.1137181335926056,0.2003098862943826,0.40748579555555553,0.2238086300513802
site_4b78a1e10bf476d7,14,0.05294497485400385,-0.0161382947393826,0.05042544799202002,0.08027062008592926,0.0439967286990709,0.05042544799202003,0.5481050059408117,0.8262947273848784,0.03924438507207541,-0.2259361263513564,0.04085451146002327,0.09020721428571428,0.027099969907075083
site_4c8563a6e25ebea0,268,0.09969917954094705,-0.06873718549155476,0.07221582743303288,0.09575181774208437,0.04906420798918493,0.0722158274330329,0.5124101990558919,0.6769475136780914,2.6639002755049823,-18.421565711736676,0.8523179042073551,2.457134041044776,0.6451554635024075
site_4cacd33e9c8aef19,344,0.10635888613843811,-0.06291396557626337,0.08575573214705821,0.11485868936883369,0.05222881344173942,0.08575573214705827,0.4547223525598703,0.7139871204123667,3.8914011552495795,-21.642404158234598,1.4734073635286022,4.538226372093023,0.9383800400150151
site_4ce2c6daabd8ff5f,337,0.0833305114556625,0.06539771463503116,0.0516440999532118,0.06970245018239757,0.033311592274747434,0.051644099953212105,0.47791135300950777,0.710836222175868,2.340119284998795,22.0390298320055,0.5562152448043183,1.6372914362017803,0.3739561546192274
site_4d238af0af441869,859,0.04404257303040075,-0.0027342996214686677,0.043957614183645355,0.04702692445781507,0.05456379006218785,0.04395761418364563,1.160267031945362,0.6345496004045605,1.6662437374196997,-2.3487633748415857,1.3986525615505272,1.899705664982538,2.557420972731488
site_4d43b32f897968be,48,0.050827172218021466,-0.024915069304406647,0.044301701516273925,0.1095045661148429,0.0760742328418475,0.04430170151627441,0.6947128831327879,0.949279393595943,0.12400326891265984,-1.195923326611519,0.37958155548572536,0.57558,0.27778986731883015
site_4d97122ac69c458e,260,0.0777812520542572,0.028490939190754516,0.07237533803138069,0.0693706956658196,0.04527081658542106,0.07237533803138116,0.6525928009069533,0.2584886513238613,1.5729800244932517,7.407644189596175,0.21106159052080833,1.2511962884615384,0.5328561769208169
site_4dd15b6db25eea2b,82,0.04227587278717949,0.006898761867023094,0.04170918969028158,0.05580522583253389,0.04834739257469409,0.041709189690282124,0.8663595900459208,0.6879143749328582,0.14655445243325824,0.5656984730958937,0.15219352086924198,0.25536630487804884,0.19167257023926998
site_4deb698afc5ebdb4,26,0.09166516028286191,-0.0658546986023967,0.063762530389487,0.06699584902799761,0.027663416038272482,0.06376253038948701,0.4129123884483041,0.320516448652363,0.21846504185175186,-1.7122221636623145,0.015444625198841098,0.11669953846153847,0.019896879259570333
site_4ea6d277e84496c8,413,0.03468941073303458,-0.015019993057551166,0.03126907458746244,0.03454030199544042,0.02423031755877357,0.03126907458746262,0.7015085612734989,0.4793668104709026,0.4969857046231372,-6.203257132768631,0.1656926522907501,0.49272240677966106,0.24247572335659148
site_4f3ef6ee56ee38cd,157,0.0708048577811644,-0.030459171357428188,0.06391843838541225,0.09598347449620769,0.05196568962011429,0.06391843838541388,0.5414024642561514,0.784676515851177,0.7870924780095139,-4.782089903116225,0.6144739404116182,1.4464138980891719,0.4239679649379665
site_4f44a81224b8cd25,260,0.1382079504431771,-0.11108367768709478,0.08223049384026188,0.10952095960005087,0.06078840596773841,0.08223049384026189,0.5550390189213624,0.670527717739231,4.966373767082962,-28.88175619864464,1.1606681806981562,3.1186585538461538,0.9607598780256295
site_4f633f2c887097a9,136,0.09499670860024442,-0.082993817599819,0.04622121682828924,0.06934305196606838,0.05206905817347626,0.0462212168282898,0.7508907770450486,0.7454722107151841,1.2273149517036464,-11.287159193575384,0.36606064571686747,0.6539504044117648,0.3687214073939083
site_4f8f6e54cc9c215b,18,0.07364716348121116,-0.06270570703844229,0.03862510833172238,0.041864861956856694,0.015509774246839822,0.038625108331722384,0.37047236087445423,0.38603844945032406,0.09763028439890835,-1.1287027266919611,0.004511886931955815,0.031548,0.004329955749382844
site_4f9a1ac96b88317a,129,0.0475405651838879,-0.016846062044764677,0.044455770509433674,0.04478407758290468,0.047672478903911464,0.044455770509434084,1.064496166425662,0.5391095615696987,0.29155358860245073,-2.173142003774643,0.1484766340244186,0.2587241550387597,0.29317381658486097
site_4fa99e2fc956380a,143,0.08415268376449277,-0.07273115035328832,0.04233029592448055,0.060474649534694086,0.039040718522183174,0.04233029592448055,0.6455716374145444,0.7178197040525442,1.0126794084216417,-10.40055450052023,0.24234974950030969,0.5229772027972028,0.21795741149015208
site_4fab225734bfdafc,402,0.12120305481886898,-0.08907959644871564,0.08218884348839402,0.08476233312631581,0.05150850307251729,0.074294369569515,0.6076815157477732,0.49451953165266177,5.9054525599651555,-35.80999777238369,0.8679432568673331,2.8882305530406476,1.066556607286152
site_4fc1c31a5e50a546,49,0.10128634888692718,-0.08384729917195378,0.05682037392004046,0.06814158887892015,0.05849225333287964,0.05682037392004055,0.8583928595620763,0.6066686043646676,0.5026872990713724,-4.108517659425735,0.11848359109096379,0.22752053061224486,0.1676458412979307
site_503f0d34679d2c3c,109,0.04893365686112447,-0.01656410786843081,0.0460449031308055,0.05314165488150662,0.06555361849224804,0.04604490313080581,1.2335637389994192,0.7178119487251027,0.26100080234444784,-1.8054877576589583,0.2725642705772653,0.30781986770642206,0.4684031818195653
site_50560992666c8105,554,0.1008937575210376,0.09413712110562444,0.036300864131022105,0.05346890775514346,0.04556528284315378,0.03630086413102229,0.8521827872717413,0.7423814590564792,5.639470869919518,52.151965092515944,1.0020104818434599,1.5838439494765342,1.1502120303194387
site_50a31a0d244519cf,60,0.2355256951437154,-0.23127817660172784,0.044528171989318945,0.040734251217154134,0.028695010922865576,0.04452817198931935,0.7044442960272569,0.21384964364070402,3.3283411843758217,-13.87669059610367,0.014997743201255801,0.09955675333333337,0.04940421911180248
site_51e9108791d53546,293,0.06515896943831731,0.04860759392818087,0.04339346852668778,0.06933977302760085,0.054741288849511766,0.04339346852668814,0.7894644943201916,0.7800331935725262,1.2439875503912257,14.242025020956994,0.8675172886354627,1.4087452081911263,0.8780063505373645
site_524c0b4f56437dd1,10,0.08023078307322955,-0.026070475959777833,0.07587693217160446,0.14756248337568734,0.07899380063894658,0.07587693217160446,0.5353244187266216,0.9547187129041322,0.06436978552543618,-0.26070475959777833,0.11128699101805686,0.21774686499999998,0.06240020539385638
site_52a99c537fd71479,333,0.09129316936581304,0.03854304928545121,0.08275793692833518,0.08652864379607587,0.0566373533898189,0.08275793692833519,0.6545503420034816,0.39240087958636755,2.7753694433607228,12.834835412055252,0.6403789586142579,2.4932396636636636,1.0681940030680757
site_52efe15d6a747228,616,0.03688680269904516,-0.004698191816538766,0.03658638007528612,0.046588341192413354,0.06393159930809295,0.036586380075286126,1.372266057811559,0.8257871333372526,0.8381519074287036,-2.89408615898788,1.5151011931864962,1.3370116975974027,2.5177456242957788
site_53e750ed31ea8834,151,0.05429053243285517,0.038863451397182135,0.037909023429017016,0.03583957158577833,0.05487865025508415,0.037909023429017925,1.5312306433054799,0.7268170080498257,0.4450667486882778,5.8683811609745025,0.21585805513872608,0.19395570860927153,0.454761604326797
site_545c918e740bed59,7,0.0787769212101272,-0.07675338072947094,0.017740401966795112,0.06309510799627198,0.06441986304850113,0.017740401966797697,1.0209961611018625,,0.043440623207426116,-0.5372736651062966,0.027356663412068574,0.027866948571428577,0.029049431286313487
site_5475cf38df836ff4,649,0.039663481958841416,0.002728331238169149,0.03956953385818651,0.06925576466485667,0.04417890125121057,0.03956953385818652,0.6379093706495285,0.8468941064411821,1.0210014789134707,1.7706869735717776,1.6816849856076557,3.112838249614792,1.2667021799309754
site_54c3846d0762e78b,725,0.03660371485680247,0.01805275487256975,0.03184226723757295,0.024181784164419177,0.03775546803453791,0.03184226723757295,1.5613185436536525,0.5456243070482029,0.971378157455624,13.088247282613068,0.36116022503155154,0.4239500468965517,1.033469640717585
site_54c3cc61243c3e27,143,0.09341288558719027,-0.05935345205226979,0.0721327590156124,0.10409122170627527,0.0572979932759073,0.07213275901561281,0.5504594175826935,0.7473659887243618,1.2478133087027463,-8.487543643474579,0.6374158895780677,1.5494024883916082,0.46947758478276636
site_54f5633d7a10a0e4,93,0.08281116415555816,-0.015415252274723464,0.08136374442038316,0.0946155407443864,0.06498909568221675,0.08136374442038316,0.6868754875881488,0.5330661243958376,0.6377650685182883,-1.4336184615492822,0.3048365253855384,0.8325453511827957,0.3927931778560862
site_551190f45891f632,40,0.1383445307546236,-0.1256533552259207,0.05788301573160807,0.06036803790086274,0.06323566125527337,0.05788301573160807,1.0475023448520868,0.562240131515402,0.7655683675886799,-5.026134209036828,0.08585210688412188,0.14577199999999998,0.15994995417566726
site_554a93a7d6df9a9f,46,0.029208362289732687,0.013235447432683864,0.026037499090829377,0.024483318652697546,0.017196419245490112,0.026037499090830103,0.7023728886359706,0.2579397371074831,0.03924390767182081,0.6088305819034577,0.0049955624688578695,0.027573913043478265,0.013602974403866486
site_557840f3689665d3,108,0.06380553839735355,0.008406392875865653,0.06324934220205579,0.08240330734702579,0.04541028684183408,0.063249342202056,0.5510735952696332,0.6483130159197005,0.4396838468590251,0.9078904305934905,0.26200367588483625,0.7333529466666666,0.22270616831422618
site_572718242301a76e,118,0.059984543732385785,-0.04945230434799599,0.033950185293392436,0.049265718038592386,0.07222358170221294,0.03395018529339297,1.466000792795438,0.9120958682014404,0.4245811674403353,-5.835371913063526,0.38295375713161744,0.2863990949152543,0.6155169989597549
site_572a1b583bd03d5b,234,0.09223079568393482,0.07679807121886147,0.05107421981346763,0.05137071270857845,0.06760607973247204,0.05107421981347068,1.316043250480004,0.6623945643633024,1.9905256033630643,17.970748665213584,0.5383118767368361,0.6175143290598291,1.0695161919296476
site_57c9411d53d3b891,847,0.05579354941486421,0.03338016355977851,0.04470665316293904,0.0605363880011129,0.05394362823761618,0.04470665316293917,0.891094266090413,0.7006294631444835,2.6366433723936336,28.272998535132402,1.9378870699229953,3.1039621685714285,2.4646980282401056
site_5809bead57720978,62,0.05373184675229599,0.00012326043940359352,0.05373170537286435,0.03910725932010139,0.05823210847685643,0.05373170537286451,1.4890357823393865,0.4464193702020407,0.1790009040355577,0.007642147243022798,0.06303106083432512,0.09482141935483872,0.2102406643749432
site_583630b60a1838c6,202,0.046590518638118375,0.030997431764508233,0.03478269183047097,0.05820875358755118,0.04229497088617043,0.034782691830470974,0.7266084270736874,0.8057247277351622,0.43847663824770894,6.2614812164306635,0.4006960784559793,0.6844283168316831,0.36135064157692487
site_58667ddb3903bbc2,535,0.09717097759669656,-0.0849949376484501,0.04709627863466267,0.05884529619790136,0.03765215121852406,0.04709627863466291,0.6398498036596998,0.6008150029092204,5.051576404597272,-45.472291641920805,0.7121903722003172,1.852581353271028,0.7584612028896927
site_5896b54480755cab,20,0.08711801548801905,-0.03745567129850388,0.07865507809511832,0.10300508482594439,0.030061238644398327,0.07865507809511833,0.2918422784195082,0.8601925275428678,0.15179097245141454,-0.7491134259700776,0.05327104258686305,0.21220095000000003,0.018073561376709346
site_58e380359cb64c9c,342,0.05885061549716511,0.025856877578629388,0.05286602714673141,0.05435285699174179,0.05078595507361856,0.052866027146732664,0.9343750795167001,0.4960635080430804,1.1844810709831481,8.84305213189125,0.46830563930591995,1.0103477076023393,0.8820909255969442
site_591f3f72c730f39a,46,0.09176732258590323,0.08009487324434778,0.04478898050365835,0.07064923070792722,0.05311959395926829,0.044788980503658614,0.7518778821367686,0.7736705722823579,0.38737710875092035,3.6843641692399975,0.13355990261163403,0.22960043478260866,0.12979779807028646
site_5977dd6efaf94985,77,0.07282170302478923,-0.005509386577853909,0.07261299533118268,0.08623716657354782,0.03171274702519658,0.07261299533118291,0.36773874055973527,0.5795451053228714,0.40833103322015585,-0.424222766494751,0.12204115506473492,0.5726373651948052,0.0774387709390768
site_59c7d9e52ad4d8ab,85,0.05951647744151081,0.000231866283977734,0.059516025783583865,0.08565764802024312,0.05001575938387861,0.059516025783583955,0.5839030202190304,0.7348634558478627,0.3010879423988986,0.01970863413810739,0.2676076898564311,0.623664776470588,0.21263397587341348
site_59cc92ae49f9c2af,36,0.020733007105527227,-0.0060563477600614245,0.019828722486510356,0.022148628137992246,0.012767155854784802,0.019828722486510363,0.5764309994841122,0.4604080508599366,0.015474873010962328,-0.2180285193622113,0.004686907708230946,0.017660222222222226,0.005868009670333171
site_59e0fe7c4ae0f849,113,0.07157049848780891,0.017852207596323128,0.06930826024170018,0.09194447516960501,0.05345596863837895,0.06930826024170024,0.5813940265553925,0.6620261791982185,0.5788239966786608,2.0172994583845134,0.3676846070145875,0.9552778761061946,0.32290208588661107
site_5a51afb7ef849491,62,0.10546492740129802,-0.07626554734091606,0.07284515907424156,0.0842079644066458,0.054332000386010854,0.07284515907424166,0.6452121336603988,0.5176324131455355,0.6896167565291859,-4.728463935136796,0.14683244038204993,0.4396408387096774,0.18302190848862
site_5b0bcc4b6a2f87e4,66,0.038093624022715364,-0.0332198074364301,0.018643191386415067,0.027514066900595928,0.029838969786159235,0.018643191386415164,1.084498700027256,0.7916157178484229,0.0957741966181438,-2.1925072908043863,0.04289404053789649,0.04996357590909092,0.058764031781355364
site_5ba32085b805fa13,239,0.08247243031879391,0.06642352672426272,0.048883707512825524,0.06628595533113985,0.08851620628193456,0.04888370751282555,1.3353689456498092,0.838477106962718,1.6256067212825078,15.87522288709879,1.1757999097267517,1.0501248619246861,1.8725933871164921
site_5bf25e0531f88e2f,60,0.032292726416895914,-0.0043023702891667685,0.0320048400922639,0.025621066147909523,0.029215470342779964,0.03200484009226393,1.140290968928462,0.32441717532621983,0.06256921076618925,-0.2581422173500061,0.01457018845722079,0.039386341833333324,0.05121262244099134
site_5c129902816da317,37,0.03990262700889069,-0.012524859538754903,0.03788598072829993,0.043345335566963954,0.04255547536280544,0.0378859807283002,0.9817775039960583,0.611097756959638,0.05891212676179416,-0.4634198029339314,0.041707122665905476,0.06951627027027028,0.06700583388411062
site_5c29c7471e58357f,54,0.06922558902691503,0.047043233829515946,0.050785001004084125,0.04978296172852363,0.06210052459043527,0.050785001004084125,1.247425272306653,0.6074144827282953,0.2587778375106603,2.540334626793861,0.10140395685892414,0.133830537037037,0.2082496583379918
site_5ca415a5fd8c11f3,149,0.0954508210085349,-0.0808939621936555,0.050665827850877976,0.08101702697285208,0.05206440941289401,0.05066582785087823,0.6426353984865456,0.7950771025465287,1.3575180254493016,-12.053200366854668,0.4997039280037752,0.9780000402684563,0.40389470639950353
site_5cc61f026daaaf5d,1,0.12375881547927858,-0.12375881547927858,0.0,0.0,0.0,0.0,,,0.015316244408834124,-0.12375881547927858,0.0,0.0,0.0
site_5cf31f5c04158e4a,244,0.09878456387619707,-0.01961143990764852,0.09681829106609528,0.09776181710480544,0.04522761090105603,0.0968182910660953,0.4626306286079955,0.2520763694660352,2.3810471746913517,-4.785191337466239,0.2719536387519758,2.331998983606557,0.4991109762274266
site_5d503d0a92bc4d22,106,0.06591860591847135,-0.03053418120145798,0.05842025662894041,0.10222357348290118,0.07312488511879967,0.05842025662894062,0.7153426810209407,0.8283503123808463,0.46059783626088086,-3.236623207354546,0.6563510149770048,1.1076638514150943,0.5668083753055908
site_5d637e79fa207678,82,0.07909842461024479,-0.055808001799554356,0.05605379301138787,0.05495999437371328,0.061691597169726636,0.056053793011387874,1.1224818683611983,0.5433343970241562,0.5130379836174513,-4.576256147563457,0.15106148370982306,0.24768928048780486,0.3120799592308496
site_5d79652f78de4312,15,0.062186295628083386,-0.004180532339413967,0.06204561639070481,0.15182887823687122,0.0985533549000381,0.06204561639070684,0.649108101465935,0.9662046198937516,0.05800703045915074,-0.0627079850912095,0.21686335136562584,0.345780124,0.14569145643079295
site_5de3489054d45a0f,49,0.08791808878581349,-0.06476627779980094,0.059455189813078506,0.0662025214340932,0.03919289738793966,0.05945518981307877,0.5920151761433661,0.4593915051774881,0.37874992645175903,-3.1735476121902466,0.05840646762750586,0.21475591836734695,0.07526807707741678
site_5e24def8042ec3b4,11,0.07081847292752332,-0.009108681900934737,0.07023025004806643,0.07891013824189748,0.030856027666469624,0.07023025004806646,0.3910274187060866,0.4613452971779398,0.05516781718564987,-0.1001955009102821,0.012356389863924547,0.06849490909090908,0.010473038876893326
site_5ec485e1198852d4,13,0.04737034754484731,0.008574843215025389,0.04658778692272638,0.12134433620484346,0.088311225838214,0.04658778692272741,0.727773776677424,0.9496440484214012,0.029171347744755088,0.11147296179533006,0.13229384120995036,0.1914178230769231,0.10138534391762449
site_5ed1da21a10b6003,106,0.10156203556159314,0.008803424707786094,0.10117977456403356,0.061833925136552746,0.06439150843162114,0.1011797745640336,1.0413621371992847,-0.2847671388094005,1.093373789145917,0.933163019025326,-0.12018524462162464,0.40528403556603776,0.4395042339585508
site_5edf4f1cdc32395a,114,0.0667804257298996,-0.047085220209862055,0.04735617487145087,0.05483182057204836,0.05237000020458557,0.047356174871451245,0.9551023412722911,0.6105670080952927,0.5083972797159967,-5.367715103924274,0.19987267570243333,0.34274425438596495,0.31265832904282537
site_5f27021d111ffc54,10,0.04363210325419769,-0.017819202399253845,0.03982758416273067,0.03347372103606052,0.020572146368622705,0.03982758416273078,0.6145760235756514,-0.030882682470895824,0.019037604343849688,-0.17819202399253845,-0.00021266627013683404,0.011204900000000004,0.004232132062120364
site_5f52ef3c28075a93,123,0.04496597275024794,0.02209512586419175,0.0391630453159808,0.05230450635861821,0.051333902989815015,0.039163045315980985,0.9814432171073675,0.7145614128789755,0.24869846076125296,2.7177004812955854,0.23598699208464075,0.3364986504065041,0.3241258603286319
site_6009b70703dc2497,93,0.058947055685449286,-0.00041722704902772036,0.05894557910117619,0.08207340859374809,0.06104550641544447,0.05894557910117832,0.743791533231076,0.6973772619904737,0.3231522497804617,-0.03880211555957799,0.3249427884605623,0.6264521290322581,0.3465695083771807
site_613f62e07f148531,126,0.09157490873189345,0.07385196513410598,0.05414657103718948,0.04559188861389942,0.08161513936851741,0.05414657103719093,1.7901241174649587,0.7804109541085843,1.0566314525660814,9.305347606897353,0.36589140796566766,0.2619061587301587,0.8392899027419576
site_617d5a69b08b72f8,37,0.10910455694444804,-0.06840586274056819,0.0849967192823514,0.07206473836561744,0.06277399742806491,0.08499671928235315,0.8710778509953601,0.2110462976992744,0.44044076080363925,-2.531016921401023,0.0353249911307483,0.1921530810810811,0.14580126586465192
site_617d695493df2178,92,0.08468699788184922,0.07396169337435908,0.04124991543552085,0.06069567942568218,0.07271486389535861,0.04124991543552225,1.198023723985051,0.8235977721013438,0.6598136601421107,6.804475790441035,0.33441362480608666,0.3389248260869565,0.4864455316814886
site_6198a28ec3f8f86a,57,0.023871127506645478,-0.0017221124377167034,0.02380892809830774,0.016859985757086134,0.03019764055667818,0.023808928098308063,1.7910833966147521,0.6180045819969773,0.032480351520996,-0.09816040894985209,0.01793480939527875,0.0162027698245614,0.051978157225849086
site_621b9dc6415ad601,132,0.05823487226365852,-0.0028463749401497107,0.058165268823110516,0.07593520439361019,0.04129704738445808,0.058165268823110815,0.5438458711508143,0.65187079283702,0.44765164587853046,-0.3757214920997618,0.2698345908527799,0.761132495151515,0.2251188881929912
site_621eb1eb5435955b,195,0.06250005210884824,-0.02253421201812915,0.05829636182756818,0.11636337178523204,0.08926036753969462,0.05829636182756818,0.7670830276767802,0.871763455408617,0.7617200201537052,-4.394171343535184,1.765664716161329,2.6403846871794867,1.5536455765976667
site_6277027d8a1380c0,524,0.05062630328400433,0.03006216424259975,0.04073436958214702,0.062282883298764025,0.03648203650973168,0.04073436958214703,0.5857473928227028,0.7813567551758314,1.3430238341228895,15.75257406312227,0.9303116107582762,2.0326785572519084,0.6974120296582353
site_62a63d63c871f1e4,95,0.09290724387575747,0.008434046165064763,0.09252363389899376,0.07877731837467375,0.060669082114831074,0.09252363389899419,0.770133883287092,0.1387198313265711,0.8200168166359998,0.8012343856811525,0.06298407779157161,0.5895572595789474,0.349670064842331
site_63012b87359e4210,129,0.07829307760006306,0.06549884587110476,0.0428918079549319,0.04944230652162411,0.054450125069386596,0.04289180795493259,1.1012861029364045,0.6629764619428148,0.7907449740115449,8.449351117372514,0.23024246399716813,0.3153458759689922,0.38246127948926767
site_6307ca95d0b03b26,71,0.0319272210054496,0.014282609186373968,0.028554413248395208,0.04272980392679444,0.03223012777700793,0.028554413248395343,0.754277455431933,0.7440030671212104,0.07237366832028837,1.0140652522325517,0.0727488281285469,0.1296343661971831,0.07375346069308031
site_63148af2428e7132,211,0.06663408130880882,0.05197140764568654,0.04170220113129306,0.05252273314395938,0.04709606618540032,0.041702201131293144,0.8966796540521772,0.6544277351930936,0.9368612670843477,10.96596701323986,0.34156715530884496,0.5820725118483412,0.4680063239794572
site_633f81ba98074791,63,0.06925315690669835,0.02483864201818194,0.06464550722390837,0.06551589945487049,0.03545780186504008,0.0646455072239084,0.5412091135139583,0.2949887688448897,0.3021479837172583,1.5648344471454623,0.0431722364927095,0.27041698412698406,0.0792071099253277
site_6367b6400c1e48bd,400,0.06555076832484294,-0.025380054430529476,0.06043803492074005,0.07382420859675708,0.03397272438404811,0.06043803492074013,0.4601840646828207,0.5883956424210213,1.718761291190893,-10.152021772211791,0.5902807423862788,2.1800055099750004,0.4616584008297987
site_638a0536fcb5886f,372,0.034992566119437706,0.000359288579033268,0.034990721560725156,0.046977141211981564,0.029311602015026025,0.03499072156072532,0.6239545714959358,0.6687379424750094,0.45550644230783777,0.13365535140037568,0.3425508457663399,0.8209488682795698,0.3196112447196673
site_639be43d81e5bd5a,671,0.18731545542303463,-0.15274639844965474,0.1084233259082112,0.10708313036524551,0.034126210850829265,0.10842332590821144,0.31868895440794043,0.11982698912423068,23.54343057286738,-102.49283335971833,0.2938233428145863,7.69422065871833,0.7814454371806575
site_63bba9458fdad7de,128,0.11561128673001161,-0.04122653241567314,0.10801084503117457,0.09727780967856633,0.04458005260517533,0.10801084503117545,0.45827566176171686,-0.024902782625408248,1.7108441112792268,-5.276996149206162,-0.013823315085377541,1.2112604487499998,0.2543847795558656
site_63e7e96910147c52,10,0.040438224686784485,0.013898456587791439,0.03797476688929299,0.038586252733324604,0.04439453548745827,0.03797476688929486,1.1505272562815463,0.5889283878692667,0.016352500158188663,0.13898456587791438,0.010088453804254532,0.014888989000000004,0.019708747811471916
site_63fc50b0256f0fb6,2,0.06133411821143023,0.015458327531814586,0.059354141950607286,0.10999999999999999,0.0506458580493927,0.059354141950607286,0.46041689135811553,,0.007523748113547394,0.030916655063629173,0.011142088770866393,0.024199999999999996,0.005130005875118471
site_6411ebbe96528026,629,0.18401551689432208,-0.15839513352820336,0.09366265068033869,0.11932053666975967,0.04785811175192448,0.0936626506803387,0.4010886397903164,0.6790261383611768,21.29901587800937,-99.63053898923992,2.4389780691333045,8.955318606359302,1.4406608832291463
site_651ac46c08004df7,214,0.09160499345488103,-0.05891345378166048,0.07014755725885935,0.10170371982012809,0.0621197495269332,0.0701475572588598,0.6107913224491435,0.7345765940315699,1.7957756127359223,-12.607479109275342,0.993155822535587,2.2135403778037386,0.8257967421958283
site_651b6ffa617fc102,117,0.10339829738853167,-0.06613560466501447,0.0794813795705645,0.09794072622190715,0.047923487594995526,0.07948137957056463,0.48931113177998997,0.5935405865735672,1.2508713246331264,-7.737865745806694,0.32594777383557233,1.1223091447863247,0.26870929760231976
site_653b7646a624636a,25,0.05621318215383137,-0.03110599105358124,0.0468224216421401,0.08456618709626207,0.07045249435430347,0.04682242164214014,0.8331047759562232,0.8327310595410217,0.07899804619649564,-0.777649776339531,0.1240331849038601,0.178786,0.12408884901857903
site_655489b2dd82c473,432,0.11685171923098249,0.11208807788499528,0.03302403796151517,0.02658597445743731,0.04299689647711793,0.033024037961517476,1.6172774312242573,0.6407757929294317,5.898668092086108,48.42204964631796,0.31643137322605963,0.3053436643518519,0.7986527020788463
site_655b8133c0a83295,77,0.08207637310552006,-0.01570081457224759,0.0805606320973491,0.08222761501634823,0.060071189640323305,0.08056063209734918,0.730547634494569,0.3927426543739073,0.5187128887060533,-1.2089627220630645,0.14937665250800644,0.5206263116883117,0.2778581825098838
site_657937702d0a4647,131,0.1045097064001662,-0.09265717485478817,0.04834176951434601,0.062484535001768836,0.04258497908168476,0.04834176951434673,0.6815283026508759,0.6352864734120548,1.4308185138722112,-12.13808990597725,0.22144704250877592,0.5114655419847329,0.23756593808376625
site_6641dc35f7f7b1d6,5,0.06188873182299029,-0.05611453239917754,0.026103148857554794,0.028336548837146692,0.04428694101687845,0.026103148857554964,1.5628911365106755,,0.019151075633290056,-0.2805726619958877,0.005207296910881994,0.004014799999999998,0.009806665723162356
site_667d683049a1748d,80,0.07262568772475025,0.015452296382188799,0.07096278640252181,0.09123269613329422,0.03983554131903789,0.07096278640252268,0.4366366775003201,0.6706316204236225,0.42195924139943514,1.236183710575104,0.1949823256768286,0.6658723874999999,0.12694962817446198
site_669ad6ba4bcd30e6,57,0.05573186781271652,0.043829958560173965,0.03442347778054304,0.05604167314564009,0.05673265744263636,0.03442347778054304,1.0123298298964156,0.8137225649026938,0.17704434212396414,2.498307637929916,0.14746720021832407,0.1790181403508772,0.18345988196870078
site_66c5aa948cb00d80,6,0.01836702988193146,0.013895224750041965,0.012011266204259411,0.024451766580124407,0.027452801296022438,0.012011266204271991,1.1227328383846678,,0.0020240867201025787,0.0833713485002518,0.0036218240161736805,0.003587333333333333,0.004521937793993347
site_66cab69faab895b3,471,0.08830622076519737,0.013307074708796862,0.08729782579495479,0.08392976881627574,0.047997031732253725,0.08729782579495497,0.5718713682784039,0.21435550465324094,3.672852642766766,6.267632187843322,0.4067110340115941,3.3178210700636943,1.0850497909553833
site_67582d7e0a88b810,49,0.027095835117720426,-0.006978454027857099,0.02618177725265755,0.03787679230415345,0.04794009346290655,0.026181777252658408,1.2656851477269788,0.839131519928357,0.03597502975560788,-0.34194424736499784,0.07466175316122113,0.07029791836734692,0.11261437550037856
site_6770b4e6f1f2e8bb,271,0.07854761597750257,0.0051775691386078525,0.07837678708370326,0.062007567659929944,0.0471276116764627,0.04607293676923081,0.7600300004497216,0.6746872562982188,1.671996281428038,1.4031212365627281,0.5343083054931494,1.041978319164314,0.6018941930107424
site_68221dfdbb1b1ea4,128,0.1147630565429112,0.032453482510522005,0.11007874735847369,0.12578338095050492,0.056720796830565086,0.1100787473584738,0.45094031025358117,0.485061637437339,1.6858315708251435,4.154045761346817,0.44296813417109654,2.0251467421875002,0.411807845516063
site_68322e90dd9563bf,434,0.11919525759717382,0.11084239439480864,0.04383461005281458,0.05430036750745142,0.06989070656600146,0.04383461005281673,1.2871129565819355,0.7788703428226871,6.166059094206974,48.10559916734695,1.2828535989847052,1.2796619815668202,2.1199645151039954
site_68a69fed5c9dc2db,169,0.09416341490528451,0.029659721238020607,0.08937029508011969,0.09944242756834856,0.03590591429787824,0.08937029508011972,0.36107238304494793,0.446844662613612,1.4984805314195841,5.0124928892254825,0.26963793164156596,1.6712065917159762,0.21788066118475152
site_68bc9d9136a91d21,185,0.07497385033205851,-0.03333120274640419,0.06715734626302626,0.042326490573122995,0.05672584575663116,0.06715734626302629,1.3401972379125533,0.1039656354479407,1.0398994732185733,-6.166272508084775,0.04618009071535355,0.33143338378378384,0.5952969917089452
site_68cc6a1e0541208f,9,0.08715470888621989,0.051507640409469604,0.07030580531144288,0.08518190267427629,0.020849574826403056,0.07030580531144319,0.24476531014021752,,0.06836348952937563,0.4635687636852264,0.012364897739224964,0.06530360888888889,0.003912342933976021
site_68df3e54f8cc23c6,117,0.056349267121479175,0.042542744926917245,0.036950707154411414,0.05615548658312375,0.035144539044285925,0.03695070715441151,0.6258433713732224,0.7659317538790469,0.3715030688999542,4.977501156449318,0.17685851852048157,0.36895232478632484,0.14451121908233455
site_68e0a7cac180b7fb,385,0.11579222657038878,-0.0971093806628283,0.06306827983550968,0.0833265780137073,0.03499682371198203,0.0630682798355097,0.4199959310248529,0.7184928742813075,5.162018297639375,-37.387111555188895,0.8066690077584284,2.6731776623376624,0.47153940292210594
site_694aad5289524593,35,0.11323925829038609,-0.08726226574523108,0.07216942978273728,0.13300396188667096,0.08428063998735333,0.07216942978273748,0.6336701463011045,0.8735704408575918,0.4488095366354871,-3.0541793010830878,0.3427349372836096,0.6191518857142857,0.2486129196837251
site_69670e737191984a,288,0.13002818000755326,-0.111065791113923,0.06761447803773316,0.09884129238454399,0.054818610775094735,0.06761447803773316,0.554612444380248,0.7569624636987268,4.8693103476700825,-31.986947840809822,1.1812267479230132,2.813645111111111,0.8654630651456638
site_697fb58ab8720f1f,11,0.10957142557879743,-0.03488388160792265,0.10387016947773973,0.08030020944159258,0.07772142075454753,0.10387016947773978,0.9678856542843669,0.13617354156762085,0.13206487033706937,-0.3837226976871491,0.009348519252240655,0.07092935999999998,0.06644681168515953
site_69dbfe52882f2d4a,41,0.02281138716363895,0.01518841550117586,0.017019736158151003,0.02210281421431991,0.02227404421204649,0.017019736158151156,1.0077469771978467,0.7058390359895612,0.021334734757506704,0.6227250355482102,0.01424741846862726,0.020029910243902438,0.020341454867968276
site_6a1c5e38a054464b,129,0.057275784604649334,-0.025101721556888994,0.051482220979272054,0.07102085268098324,0.03956820555291866,0.051482220979272054,0.5571350393475853,0.7044393352186121,0.423186499768086,-3.2381220808386804,0.2553674537368408,0.6506710355038761,0.20196793289746495
site_6a31951f1e7ac87b,178,0.0299791035963299,0.010903351535455564,0.027926037630386435,0.05379300759112447,0.052597450420671606,0.027926037630387025,0.9777748591500929,0.8624370740715459,0.1599769041342275,1.9407965733110903,0.43434811320607913,0.515076404494382,0.49243553875439133
site_6a5dcbf93bf1dcc1,110,0.07455860543085974,0.03998045773289421,0.06293288999611321,0.09400310395789603,0.05628578019302438,0.062932889996114,0.5987651239498939,0.7601650083770956,0.611488420817409,4.397850350618363,0.44242681793164124,0.972024190909091,0.3484897957131201
site_6a951d61e5b0518b,6,0.028171241879629192,-0.020516381094853084,0.01930536132299338,0.057964376032947074,0.07215789153038278,0.019305361322996612,1.2448661827976564,,0.004761713214243442,-0.1230982865691185,0.024581799669563767,0.020159213333333335,0.031240567860662927
site_6af774998b80a846,413,0.19764405156014,0.18032719798469082,0.08090286017253898,0.06786904268052094,0.03346274083038012,0.08090286017253913,0.4930486641442527,-0.18037878362942397,16.133089671365305,74.47513276767731,-0.1691876814071694,1.9023634721549638,0.4624588248629309
site_6af9b829a3e0be45,70,0.11286455839701343,-0.022813415493283952,0.11053486606353512,0.14303219275137086,0.05459165460417939,0.11053486606353566,0.3816738984004436,0.7184923889365439,0.8916885979506999,-1.5969390845298765,0.3927175105001245,1.4320745714285716,0.20861741266954148
site_6bb6d38be9a11acb,136,0.10172705755612896,0.07378151068897809,0.07003344143678922,0.08791988948726233,0.07072438834325763,0.07003344143679224,0.8044185309571396,0.6293874187799835,1.4073816165078044,10.03428545370102,0.5322470945059815,1.0512673475735292,0.6802637184877964
site_6caf07a2afe1dffd,660,0.12037337067060215,-0.1133999726562789,0.04037566802119044,0.03945644272308343,0.028519462296910058,0.040375668021190456,0.7228087564068505,0.3287974172470983,9.56323392195744,-74.84398195314407,0.2441920911894603,1.0274951757575757,0.5368174216052171
site_6cb3e406456efe20,55,0.0778952594948588,-0.07220312312212858,0.02922978725858491,0.028467427580620118,0.03451296332547089,0.029229787258586194,1.2123667734897976,0.5837985311440802,0.3337219298474265,-3.9711717717170716,0.03154686170297591,0.04457169381818181,0.06551295506279142
site_6cb8ba95bd0dee4d,341,0.06564207081282958,-0.03349816908973578,0.05645134301530836,0.0826569448695578,0.06722094955870402,0.056451343015308374,0.8132522882957559,0.7346709428276986,1.4693285780634178,-11.422875659599901,1.3919743555401154,2.3297701524926686,1.540861716314676
site_6ccc6476b82407ef,37,0.06715466772380291,-0.03935747994120057,0.05441266552717641,0.08007879611082781,0.043916391860266316,0.05441266552717643,0.5484147363989677,0.7649806715590636,0.16686072769249194,-1.456226757824421,0.09953971048001503,0.2372667027027027,0.07136003053890522
site_6ce971c90b49aeb0,57,0.08829591656764249,-0.07284463539792782,0.04989817608152674,0.0547489648069256,0.0336502881065302,0.049898176081528446,0.6146287555426715,0.44508132412050366,0.4443816263036448,-4.152144217681886,0.04673894723334857,0.17085460140350875,0.0645434877101918
site_6d0e46f32994dd93,485,0.052949395583167726,0.027851814863608052,0.04503237614679114,0.04810719996959778,0.06182905380691327,0.04503237614679114,1.285234930446737,0.6907592091290151,1.3597646689220493,13.508130208849906,0.996485772920638,1.1224368041237112,1.8540734689092153
site_6d48a42f8098677d,204,0.07083320150614772,0.05982556109992312,0.037924196427741114,0.059571649550932755,0.07944264749383828,0.03792419642774128,1.3335646753564574,0.8897642261798558,1.0235378568645477,12.204414464384316,0.8590104416286682,0.7239514117647059,1.287471385129371
site_6d6ecd1531a550b1,62,0.10017092553999819,-0.07747573013723857,0.06349587044242833,0.10573485972901592,0.05361731443265023,0.06349587044242833,0.5070921224094317,0.8839798758577837,0.6221212880594715,-4.803495268508792,0.31071149357492406,0.6931513548387097,0.1782386172321203
site_6d764ff710881490,548,0.0596073611270869,-0.04915333326465456,0.03371924271849462,0.04997190946629732,0.03563399381729551,0.033719242718494635,0.7130804925780999,0.7384702146489593,1.947064550293153,-26.9360266290307,0.7206161425102121,1.3684610711678833,0.695840270423338
site_6eaed325c7afd5f2,128,0.015457476113070696,-0.0027316355155315246,0.015214195187272904,0.016433540379043356,0.019343069280058238,0.015214195187272914,1.177048209570545,0.6492232802962115,0.03058349667662735,-0.34964934598803515,0.02641560597544594,0.034567839921874996,0.04789175413416098
site_6ec0b265c8640204,38,0.0281177682551561,-0.007839451511439523,0.02700281266184048,0.027717310610505204,0.028573042525067788,0.027002812661840653,1.030873555035251,0.5401204901325688,0.030043137882725234,-0.2978991574347019,0.016254807324393796,0.02919347368421053,0.031023912847294624
site_6ed688016a61001c,62,0.046234720660779494,-0.014766637380276955,0.043813192249135616,0.04897456784950518,0.03222713725341658,0.043813192249136095,0.6580382159256194,0.4807359584453221,0.13253426246397923,-0.9155315175771712,0.04704252655263389,0.14870751435483873,0.06439247928413416
site_6f1d891d977773b1,32,0.0379293772725675,-0.014479240238666535,0.03505694314106322,0.05133711156110655,0.03836711442991812,0.03505694314106322,0.7473563132637441,0.7307225252065193,0.04603640512911231,-0.46333568763732913,0.04605672369152307,0.08433596874999999,0.04710513502970981
site_6f28bfb579cd23b2,141,0.07402049033178504,0.016920500896416658,0.07206059698873057,0.09158899281270898,0.0697363436951776,0.07206059698873062,0.761405290674852,0.6308806002719045,0.7725436514430615,2.3857906263947486,0.5681574976622531,1.1827846482269504,0.6857052261080432
site_6f4dcb1e04a51328,266,0.06688242424438079,0.006411218292193307,0.06657443167474418,0.04702640402698127,0.05897860039039342,0.06480748266773456,1.2541592667080097,0.26859933462132574,1.1898868069662192,1.7053840657234196,0.19816310660865377,0.5882543917385621,0.9252744308665841
site_6fa03518f2e15749,74,0.05940498035940331,-0.014827580514791851,0.05752472987836151,0.10000801647926467,0.05658104782889239,0.05752472987836153,0.565765123845084,0.8742442111623826,0.2611424251710809,-1.097240958094597,0.36607518008029144,0.7401186486486487,0.23690470803274022
site_70208b23c7d145de,47,0.18538395118572906,-0.17195401554158393,0.06927500195855278,0.047286902566868266,0.047833346242441545,0.06927500195855278,1.0115559202635562,-0.06077785260017508,1.6152588397899406,-8.081838730454445,-0.006461224637133007,0.10509440425531914,0.10753736359921695
site_7062702ffcf77fca,399,0.03458929790638961,-0.014071995368876253,0.03159744413707054,0.08608693131198943,0.08279854513392741,0.031597444137070885,0.9618015635132294,0.9307237209204315,0.4773713923331303,-5.614726152181625,2.646997988431469,2.956972937343359,2.7353840314417113
site_70a4655a50185729,555,0.031966123591605916,-0.009685483299665622,0.030463494066270903,0.058908875635183995,0.04878430147547135,0.030463494066270934,0.8281316007045698,0.8563732121959218,0.5671173468979724,-5.375443231314421,1.365893635860334,1.925991873873874,1.3208489790995706
site_70a6cc65be0123f1,70,0.03462716028946952,0.01868345471705709,0.02915422352847511,0.06977799928110198,0.06768641914685015,0.029154223528475156,0.9700252206168042,0.9104816916180782,0.08393281607988304,1.3078418301939962,0.30101581198668903,0.34082784285714285,0.32070159358461586
site_70dba7fc35b9a591,3,0.0997288249575424,-0.09042391387621562,0.042063693688487155,0.08112678691748833,0.04051801479143039,0.042063693688487454,0.4994406450811379,,0.029837515582236396,-0.27127174162864687,0.009680866127212842,0.019744666666666667,0.004925128567915715
site_70ecc850263e23bf,307,0.08825842564129144,-0.06940198283242092,0.054524439250740776,0.06720525191563823,0.045834334459483685,0.05180610240763051,0.6820052474026712,0.6384848303673276,2.3913917568805667,-21.306408729553223,0.6037860875457606,1.3865795867086295,0.6449413681105509
site_719e76f9794e1f46,104,0.12892401275843776,0.0665114857022579,0.11044285099279252,0.12703211367949516,0.05047920247001851,0.11044285099279263,0.39737355388243534,0.5058639300515503,1.728625710836734,6.917194513034821,0.3373595915286014,1.6782644222115386,0.26500758772894883
site_71caeba631cb8f76,161,0.05687695056976391,-0.00141941757972196,0.056859236363582505,0.07159939162224704,0.043031262210527305,0.05685923636358267,0.6010003889077296,0.6077855930465972,0.5208329884845742,-0.22852623033523556,0.3014877666847121,0.82536213378882,0.298122013916416
site_71e9fd683ed1988c,57,0.0835168126408492,-0.06343691216435349,0.05432141537864059,0.09840002589914755,0.05223236632260904,0.05432141537864059,0.5308165912084534,0.9202902147481801,0.3975783056401424,-3.615903993368149,0.2696091170663897,0.5519062105263158,0.1555085452245757
site_72da2835c7ea074f,53,0.04988750866065844,0.04022025018143204,0.029514318486292154,0.02941610428270942,0.020437014860607124,0.02951431848629232,0.6947559970617815,0.3425642738960103,0.13190446657946536,2.1316732596158983,0.010914919954650807,0.045861281132075486,0.022136593549871852
site_72f791e7a3b14404,210,0.09451410274960168,-0.0017647807239350815,0.09449762519533857,0.09892015738002866,0.04552169405146563,0.0809657370612045,0.46018622753077193,0.588713759316716,1.875912279898075,-0.3706039520263671,0.5567070166917816,2.0548914825788236,0.4351671721562007
site_734432da6e99253a,201,0.06056107088604165,0.041946610055752655,0.04368209257458704,0.05636410211409862,0.044560331465424916,0.04368209257458734,0.7905799931882324,0.6478750505574387,0.7371963046796965,8.431268621206284,0.32706819854209673,0.6385593134328358,0.39911025120201615
site_73483f87b1a225a5,300,0.07183683569899746,-0.027083622031807898,0.06653576768087165,0.10228068846724357,0.06342139132550154,0.06653576768087165,0.6200720026030416,0.775161035063874,1.5481592889734266,-8.12508660954237,1.5084905595169218,3.1384017699999998,1.2066818632987206
site_734a8ec3d3587deb,510,0.09060697116515096,0.08550925528372035,0.02996315211298774,0.03817370726275138,0.04190101970211242,0.02996315211298778,1.0976408294249698,0.723698628153738,4.186907844098474,43.609720194697374,0.5903599078968167,0.7431882823529411,0.8954046805591747
site_73fced68c3c0a0ff,515,0.07856267199871417,0.04463164580423855,0.06465376728685299,0.06600998664793696,0.07133700104236934,0.06465376728685349,1.0807001283433657,0.5591662062042053,3.178628117262437,22.985297589182853,1.3560404308787828,2.2440189436893205,2.620818374625287
site_741bd07218da164c,66,0.021404607623930563,-0.014552860521908963,0.015696224965395023,0.022582272244902273,0.020747903317543566,0.015696224965395075,0.9187695149777146,0.7406739390906568,0.030238377017272142,-0.9604887944459916,0.02290408011053999,0.033657295303030306,0.028411382476892927
site_74428aba30f813ae,171,0.04239900255775969,0.010098584543264401,0.0411788053264717,0.05189618521505716,0.08157856119952586,0.04117880532647382,1.5719567991648191,0.9037878564522989,0.3074024964596881,1.7268579568982128,0.6542957335668698,0.4605396008187134,1.1380155417027984
site_7463527a899d9995,969,0.06517850802081705,0.010664743223795582,0.06430008677902557,0.087765574681036,0.08321940492300053,0.06430008677902585,0.9482009913960288,0.7183771378461997,4.116542532677302,10.334136183857918,5.084228800947161,7.4640094200206395,6.7107798057104375
site_74ac127e792b6d34,11,0.10663649515568176,-0.10544638537385245,0.015887161819429226,0.020652008486959673,0.022570151591157373,0.015887161819429244,1.0928792521758295,0.7331983271738982,0.12508476308996513,-1.159910239112377,0.0037593340769410135,0.004691559999999998,0.00560352917132606
site_74d6733a337aa5b5,241,0.05765818854598566,0.032301769905565186,0.04776046866784658,0.06300647379505633,0.07843210151742867,0.04776046866784688,1.244826075691014,0.7932796495193428,0.801196476243468,7.784726547241211,0.9447619244991743,0.9567255933609959,1.4825342861740973
site_754a56eb31e06ac7,75,0.061070904951917304,-0.02940654586474101,0.05352485863550693,0.11176147139729725,0.06319030477317646,0.053524858635507024,0.5654033002889097,0.9641932190327983,0.2797241573734588,-2.2054909398555758,0.5107023980349303,0.9367969866666668,0.29947609629951955
site_756658a5e0df9526,54,0.2964138472892427,-0.292942440450633,0.045231575781060504,0.05108336622828042,0.029746601499062338,0.04523157578106054,0.5823148256544266,0.4766111433476987,4.7445031186997655,-15.818891784334182,0.03910882927460805,0.14091355648148152,0.04778245624017696
site_75a0a6603ab1116e,378,0.046931449967510565,0.0006511234378530884,0.04692693293111778,0.09667253597122769,0.07142988936373501,0.04692693293111779,0.7388850271290539,0.8866853077251784,0.8325680565080142,0.2461246595084674,2.314431870276098,3.532628941798942,1.9286425977268302
site_75b87fcb8d56b55c,180,0.1451298109786184,-0.13525851232568423,0.052609855332743816,0.07387945143573038,0.06830749609274749,0.052609855332743836,0.9245804451075265,0.7288477993496076,3.7912791662441108,-24.34653221862316,0.662066143989563,0.9824712019999999,0.8398645240429283
site_75f094d197034591,390,0.03483896883464692,-0.021218247706920674,0.027632222380931562,0.03546651326878781,0.029676683796251286,0.027632222380932655,0.8367522223383642,0.6532076857574144,0.47336396228998473,-8.275116605699063,0.2681326851213016,0.49057068974358975,0.3434751688456466
site_76b0c722c519421c,779,0.037168993404670135,-0.023479669807906788,0.028813871250286418,0.040418565595877066,0.024583019619464175,0.028813871250286532,0.6082110846103799,0.7083994565244301,1.0762150410880849,-18.290662780359387,0.548317114523319,1.2726214865211811,0.4707690609629382
site_7701ccd363543751,52,0.021846394108981284,0.007725450644126306,0.020434831731876348,0.04547414572033303,0.04762221742675994,0.02043483173187638,1.0472372085808406,0.9046518249881181,0.024817776649376472,0.4017234334945679,0.10187297051686509,0.10753069230769231,0.11792953081736313
site_772df34a4c6e4a0a,60,0.09613716168373336,-0.05591134277542432,0.0782066212392103,0.044547060602618135,0.06851202648936533,0.07820662123921102,1.5379696339681437,0.09208077424180794,0.5545412313962573,-3.354680566525459,0.016861883290782552,0.11906643649999998,0.2816338664207698
site_783ea304b6cb08b0,11,0.16789905389066853,-0.16549840167869223,0.028290834897186416,0.03451624841952958,0.021763218859475693,0.028290834897187228,0.6305209823197903,0.5755161128082538,0.31009101527119776,-1.8204824184656145,0.0047555076849731545,0.013105085454545456,0.005210014646379824
site_792ac7c0f3887a80,3,0.16904681070604813,-0.04677835791905719,0.16244571228654525,0.15293900745068276,0.009698411044722416,0.16244571228654536,0.06341358693497338,,0.0857304726296594,-0.14033507375717158,-0.004356315395236015,0.07017102,0.0002821775303771812
site_794f4adab7e8609a,986,0.07871910940363908,-0.021787138976746112,0.07564402660164282,0.08664961290865873,0.07293282836865657,0.07564402660164324,0.841698259466414,0.5621663235547603,6.109944410707868,-21.482119031071665,3.502929716507166,7.403041241379311,5.244728689497989
site_79798e714cfe0874,3,0.13137091976233298,-0.08638698850075405,0.09897275775167588,0.07258178528773977,0.07966505171366692,0.09897275775167591,1.0975901377714339,,0.051774955677603984,-0.25916096550226214,0.0027285438646872844,0.01580434666666667,0.019039561393623672
site_7a906ff08163d278,8,0.1332788091420793,0.13270486420989036,0.012355564793458678,0.04675608082110818,0.03755965912048364,0.012355564793459242,0.8033106808970869,,0.1421059277306464,1.0616389136791229,0.01377679642252624,0.01748904875,0.011285823945975437
site_7c54957b5bc14b62,396,0.023037299598817975,0.010720309770938876,0.02039098161493976,0.022025910320260998,0.017350797046737833,0.020390981614939824,0.7877448329923208,0.48460313908214675,0.2101640004310567,4.245242669291795,0.0733389529697456,0.19211572727272727,0.1192158626302062
site_7ce6c15ef40a9887,868,0.10588183000527154,-0.07732365944893335,0.0723326593918031,0.07566468504602744,0.0734334646746931,0.0723326593918031,0.9705117338428478,0.5296315463741993,9.731114951130213,-67.11693640167415,2.554352432228143,4.969425480783411,4.680667201224318
site_7d5d2b00a197b946,177,0.1762489950588787,-0.14936142801349445,0.09356747341375826,0.09956295488153498,0.023162666155903355,0.09356747341375832,0.23264341826197768,0.3673706813720191,5.498276361889843,-26.436972758388517,0.14995608213348577,1.754562411299435,0.09496211131062005
site_7dc3504cdb8699cf,179,0.05432955987270432,-0.04354300872174056,0.03249165227285602,0.043815180527190765,0.044472798023390825,0.03249165227285605,1.0150088961927695,0.729219991740749,0.5283544925971556,-7.79419856119156,0.2543493645409299,0.3436388379888268,0.35403152776124736
site_7de361dfa684e7f9,3,0.028841129015751258,0.016537763277689615,0.023628650166150202,0.04027681991198192,0.033272916258726554,0.023628650166150202,0.8261058428008666,,0.0024954321687096276,0.04961328983306884,0.003256494104862214,0.004866666666666669,0.003321260869080689
site_7df014884b3dac8e,148,0.17534251502234133,0.1680978010457915,0.04988112727204034,0.03602433790981813,0.05885794966296372,0.04988112727204078,1.6338384847018237,0.5362128668362737,4.55025964100528,24.878474554777142,0.16826743838050076,0.19206743243243243,0.5127102193021397
site_7e8e5e3d7101de47,48,0.06286676545272889,0.04879020869334539,0.039645248569636055,0.059163375348596274,0.03291549904111194,0.039645248569636124,0.5563492421987534,0.7733392372045211,0.18970704952744444,2.341930017280579,0.07228774381478628,0.1680146391666667,0.05200464370202118
site_7f0acd7df3af84c3,388,0.10840039762237647,-0.06002781787714393,0.09026243562854794,0.09903529517662706,0.03919727786080234,0.09026243562854802,0.3957909934119441,0.41179544559313674,4.559250727419457,-23.290793336331845,0.6202391453832388,3.8055,0.5961335175784147
site_80ae082a98e7f1d4,133,0.05479450840097074,0.0015131610318234096,0.0547736112977392,0.08540269575418945,0.05845186816415149,0.054773611297740915,0.6844265002171681,0.7722530572442363,0.39932427407023907,0.20125041723251347,0.512721173817838,0.9700515187969923,0.45441057861995304
site_81129771a744e168,1,0.07830371451377871,-0.07830371451377871,0.0,0.0,0.0,0.0,,,0.006131471706655359,-0.07830371451377871,0.0,0.0,0.0
site_8126bf120df6e8fa,258,0.060084188804950055,0.04874695285623387,0.03512612036050946,0.05492842855649593,0.04314644861657424,0.03512612036050954,0.7855030582605603,0.7689779107233293,0.9314083140420124,12.57671383690834,0.4701926108822805,0.7784201240310078,0.4802969352814518
site_814a74a697656439,144,0.08129603714653691,0.07484929802827536,0.03172740519496547,0.03232151845992938,0.04069503765335516,0.031727405194965495,1.2590694865962704,0.6439997246781464,0.9517025744252796,10.778298916071652,0.12197796514257789,0.150434,0.23847639690355116
site_81c3c43b60e335cf,79,0.142081498962891,-0.12121583643201027,0.07412066746616704,0.08524339088629278,0.03615131802285224,0.07412066746616734,0.4240952600193361,0.4996461657574684,1.5947850354558175,-9.576051078128812,0.12163946548862549,0.5740484194936708,0.1032465057883627
site_81d19e24593ab11d,26,0.05418521967714367,-0.03159094849801981,0.04402328934161754,0.05531043376109283,0.03231824008419192,0.0440232893416178,0.5843063936867122,0.6057676234199982,0.07633698881796824,-0.821364660948515,0.02815361536681079,0.07954034615384616,0.02715618469562621
site_827e793321bdd790,11,0.13166702412257442,-0.08185103160901504,0.10313396077837121,0.127330732236569,0.06113994677997152,0.1031339607783718,0.48016645868633684,0.5982403048815845,0.19069825765424053,-0.9003613476991654,0.05123027029078115,0.1783442690909091,0.04111902401483525
site_82fc0f846e9a1ddb,251,0.1465606001475775,-0.13984475761039322,0.04385719193596932,0.06195967850119999,0.08236377311194562,0.043857191935969465,1.3293124674678622,0.8523361331416279,5.39148238842014,-35.1010341602087,1.0917671193858067,0.963589441752988,1.70273157143025
site_83403fd7c9ad70f1,108,0.05410374190130013,-0.04701138850307023,0.02677954888970118,0.04540135475452196,0.035353999514625284,0.026779548889701216,0.7786992195668796,0.8080532628823462,0.31613920787402994,-5.077229958331585,0.14007837905046977,0.222618565462963,0.1349897704214535
site_8350ab85e51c782b,81,0.0752751206502076,-0.051227665404331546,0.05515496429266511,0.06538657500920378,0.04967883030607395,0.05515496429266573,0.7597711043754958,0.5697268938103506,0.4589738469011681,-4.149440897750855,0.14990347157849204,0.34630773950617283,0.19990688062695505
site_84025ad53bb001c3,582,0.08082163734320522,-0.008411492544146339,0.08038273356894722,0.09712693086174341,0.08297072319839661,0.08038273356894729,0.8542504376721464,0.6115383317123098,3.8017037705708914,-4.895488660693169,2.8682117454451075,5.490378886597938,4.006570008493801
site_841029a3fc0d0421,80,0.11132694792122519,-0.08730687258392573,0.06907386867020947,0.06869845226604454,0.06360524350569986,0.06907386867020966,0.9258613754408832,0.45701227357166185,0.9914951466764149,-6.984549806714059,0.15975620048400013,0.37755818750000003,0.32365016011354997
site_84dbfb194c437ec0,301,0.06710327825267612,0.04702240477606308,0.04787215684854981,0.06362632770447298,0.04577222373650344,0.04787215684854993,0.7193912549707882,0.661270845214728,1.3553578356290785,14.153743837594988,0.5796752275622069,1.2185411827242527,0.6306240362011433
site_863f22c1c90857e1,146,0.08255317534507041,0.07492556687822081,0.034658133064710835,0.040772729973309975,0.05717324269772076,0.034658133064710994,1.4022422029416879,0.8000502560280759,0.9949939068948754,10.939132764220238,0.2722906571837933,0.24271266438356165,0.47724183336358217
site_86b7f22d3a648755,251,0.07072519549773926,-0.0055642745412203395,0.07050597227911522,0.10012945980962007,0.058181665972857136,0.07050597227911584,0.5810644148433453,0.7243699993815408,1.2555153728265525,-1.3966329098463053,1.059210317690059,2.516503089163346,0.8496616700996575
site_86deda94196a1d6c,8,0.012467248987586265,-0.005004194094240664,0.01141885890908709,0.06693551817794496,0.0682549841461189,0.011418858909087129,1.0197124935175104,,0.001243458378547766,-0.04003355275392531,0.03603486446300522,0.03584290875,0.03726994288629554
site_86f357dc9d6e4680,58,0.15604855685945562,0.1179551533189313,0.10216522844601365,0.10935828825954741,0.03518474474501486,0.1021652284460137,0.3217382541825136,0.3585825822858675,1.4123668216792877,6.841398892498016,0.0800245595417146,0.6936356422413793,0.07180204324076733
site_87666ca1581a674d,87,0.2106544137264416,-0.205275230013091,0.04730076072859081,0.06475606432062356,0.050167102521495706,0.04730076072859096,0.7747089488500376,0.6884028305828637,3.8606495359514814,-17.858945011138918,0.1945634973145079,0.36482126436781603,0.2189562212599967
site_87ec218e6b6d4b81,397,0.05882347303017217,-0.0450611763246714,0.03781125979874601,0.03664557177826156,0.040675976876536284,0.03781125979874846,1.1099834141669906,0.5258780075923377,1.3736997887945628,-17.889287000894548,0.31119671916218494,0.5331304785894209,0.6568504326596243
site_88607d4559554ef6,42,0.055175725567740766,-0.04776357510331131,0.02762248332929142,0.035382426425744774,0.011003008890984437,0.02762248332929142,0.3109738365195465,0.7834062568404865,0.12786314906091897,-2.006070154339075,0.012809595102178198,0.05258047619047618,0.005084780595513469
site_88b325bed90e5cd8,187,0.0654801267076175,-0.03587903619928155,0.05477537544422938,0.09319952033418968,0.06208959172391156,0.05477537544422938,0.6662007647815584,0.8243811659740976,0.8017899878117353,-6.7093797692656505,0.8920766030574705,1.6243101604278074,0.7209069538826591
site_88edadfb8f5755a7,34,0.07157441967159123,-0.02037106891940622,0.06861426311202262,0.039224853095276485,0.07144522554184367,0.06861426311202262,1.8214274854848906,0.34525274544436246,0.17417851674505222,-0.6926163432598115,0.03289656826130608,0.052312029411764716,0.17355028859264698
site_8905c26daaab430e,211,0.07678130406751293,-0.06127048335538656,0.04627414530496675,0.06516121103503932,0.049102775262800546,0.04627414530496688,0.7535583590734122,0.7056780001455774,1.2439227860589623,-12.928071987986565,0.4764136757466465,0.8959025023696682,0.5087384156254195
site_8922fa4ef2bfa4f1,176,0.06970619336994668,0.011291925531219351,0.06878550582736014,0.06597570693034428,0.05169867583425626,0.06878550582736018,0.7836016958308397,0.33629398528854104,0.8551757973665981,1.9873788934946057,0.2018809034922584,0.7660917272727273,0.47040454261073017
site_899e1b3be68444b6,2,0.1255454839074239,0.12357159682512282,0.02217496308088303,0.025599999999999998,0.04777496308088361,0.02217496308088428,1.866209495347016,,0.03152333705909846,0.24714319365024565,0.002446078109741211,0.0013107199999999996,0.004564894194759583
site_89b67bc04797f8a3,780,0.040494724114364104,0.021991367272841622,0.034002977025099614,0.03002518173902597,0.03960286073300003,0.03400297702510087,1.318988210536799,0.552398600312314,1.2790616912568,17.153266472816465,0.5123413113504648,0.703179,1.223341531025169
site_8a227a0556c22f70,136,0.04747333081851586,-0.025077736002557416,0.04030910934255783,0.06560314944766311,0.05637352706302929,0.04030910934255785,0.859311291266633,0.7918440486815349,0.3065055309045777,-3.4105720963478086,0.39827079629919987,0.5853131575735293,0.43220453927954905
site_8adbe57839dd7587,31,0.029527765800244382,-0.020716199136549426,0.021041103737420967,0.012507229959055654,0.018849844798428963,0.021041103737420977,1.5071158729900094,0.146376815091819,0.027028557547776534,-0.6422021732330322,0.0010698007571120407,0.004849354838709678,0.011014816116670642
site_8b5408c589cc3993,120,0.1249745764474508,-0.09442545590877534,0.08186866332510657,0.08819829703571379,0.02875302207127284,0.08186866332510706,0.3260042771532198,0.375240964753051,1.874237370986367,-11.33105470905304,0.11419187061548233,0.933472752,0.09920835338773237
site_8b64753d75204fe6,178,0.12612866870491446,-0.03919519714291176,0.11988401724250965,0.11118993593674281,0.051006921910967166,0.1198840172425099,0.4587368585227495,0.05225556775654205,2.831702510330784,-6.976745091438294,0.052753000815899176,2.2006499299438205,0.46310368274400737
site_8b8c1728607fc339,11,0.09565079196128685,0.09031590839299289,0.03149778871555741,0.07558856116180805,0.10213498871947359,0.03149778871555753,1.351196360264606,0.98138671884083,0.10063981403103517,0.9934749923229218,0.0833419169289822,0.06284993636363635,0.11474711512799696
site_8bf3ec991527937e,292,0.031225678830996837,-0.016562850242526565,0.02647102208642881,0.04562141821773009,0.05512064774075677,0.026468958222654184,1.2082186370816272,0.8786386592811005,0.2847125613893167,-4.836352270817757,0.6451731032920924,0.6077436296575343,0.8871794557492936
site_8c584caec5491a2c,154,0.04995093233969858,0.02403102766287017,0.04379047100764633,0.08113238142631385,0.06963112367649121,0.043790471007646416,0.8582408460391574,0.8419880221825049,0.3842447288071924,3.700778260082006,0.7325280538948808,1.0136993506493508,0.7466679812054255
site_8cafedb38b43a4db,149,0.07699287672254307,-0.045645806059741334,0.062002931020792844,0.10546118493910432,0.057215287593531804,0.062002931020792955,0.5425246039722501,0.8743206124657896,0.8832575568358945,-6.8012251029014585,0.7860708969960977,1.6571871677852348,0.4877647810271726
site_8cc96a31a772bfea,373,0.07686506941550862,-0.05391871110267997,0.05478148856389988,0.09165065045932753,0.05763197236213707,0.0547814885638999,0.6288222950224758,0.8254696778592319,2.2037731083016077,-20.11167924129963,1.626331190275922,3.1331409651474527,1.2388987009045989
site_8ce1daba0ed42d33,7,0.06936735552743947,0.06259109159793173,0.029902930716729222,0.08287262170687873,0.08387352344899991,0.02990293071673059,1.012077592352048,,0.03368281009009131,0.4381376411855221,0.04552958934605121,0.0480751,0.04924337555024956
site_8cee030029879195,657,0.1104048918011035,0.1012522503159362,0.04401388348660424,0.06407762573347169,0.06519177017082008,0.044013883486604934,1.0173874175985018,0.7682755686635325,8.008330767783985,66.52272845757008,2.108538705146476,2.6976039726027397,2.792228251989302
site_8e38800fbe0e21e5,171,0.03167735241560081,-0.008517863336432048,0.030510664696857023,0.041607609617375106,0.060423752240795464,0.03051066469685745,1.4522283975564616,0.8852758015739298,0.17159074618663114,-1.4565546305298802,0.3805880611545553,0.2960340334502924,0.624326101760553
site_8e3ea373de88dc00,149,0.039916537764224,-0.016801686783764987,0.03620819393870643,0.055335226554785746,0.05112029131802162,0.03620819393870644,0.9238290778010813,0.7714067516275577,0.23740616807532539,-2.503451330780983,0.3251357439634385,0.4562361073825504,0.3893793434814701
site_8e6ad22dcccafcc7,320,0.06635016201187038,0.019227289421483874,0.06350319157730532,0.07619476867500484,0.03911803108200031,0.06350319157730536,0.5133952338493377,0.5541199111494862,1.408750079680463,6.152732614874839,0.5285132461865433,1.8578056875,0.48967051383434945
site_8e827922ba5b5da3,25,0.03158885898218747,-0.01834474784183502,0.02571626408357199,0.011159222912013187,0.02992923064492211,0.02571626408357316,2.682017455955874,0.5373875502533494,0.02494640029491314,-0.4586186960458755,0.004487010807260874,0.0031132064000000017,0.022393971174923616
site_8ea1310ade5fc61a,6,0.02650983050442178,0.015488272627194724,0.021514751320869642,0.08628036502524135,0.08279283067768882,0.021514751320870218,0.9595790496883939,,0.0042166266802390285,0.09292963576316834,0.04150820902834336,0.044665808333333334,0.041127916869746706
site_8eb987af49bead43,440,0.05664341727257011,-0.029343257313763558,0.048450489889502214,0.06812741162612912,0.054799084457018504,0.04845048988950223,0.8043617561422405,0.7093999722480995,1.4117297569383773,-12.911033218055966,1.1653034583675588,2.0421914545454545,1.3212934492240769
site_8fa7ffd1566cb92a,51,0.05023469904369584,-0.015040459015322666,0.04793025746456089,0.06789407466676178,0.0367660000195029,0.04793025746456099,0.5415200103979333,0.7339243687461969,0.12869977438854546,-0.7670634097814559,0.09343288106760557,0.23508987411764704,0.06893867662913844
site_8fd20385af85644b,310,0.0604109548261591,0.04555571134609561,0.039675693147813454,0.04176149128091864,0.04971570865022089,0.039675693147813454,1.1904677521163292,0.6361406655563282,1.131339873532553,14.122270517289639,0.40943454814526825,0.5406468677419355,0.766212022844031
site_901a320e9c405a2e,98,0.041272408368273165,-0.0179056236743927,0.03718602336024293,0.045669371385158516,0.05627985146722369,0.03718602336024604,1.23233251871545,0.752901387747898,0.1669343458667155,-1.7547511200904846,0.18964532869643705,0.20439776530612244,0.3104073247549305
site_90c4f5b431597729,821,0.07276298353090244,-0.017744380829830843,0.07056620098378763,0.11173785338653891,0.060866259639756295,0.07056620098378828,0.5447237242798945,0.8241694791855013,4.346744905073389,-14.568136661291122,4.6018941258397525,10.250470609013398,3.0415599828406
site_912580bb93bae080,334,0.05037389322931745,0.039061119434362405,0.03180814467417348,0.04433524401755523,0.05730094454116435,0.03180814467417365,1.2924468063934678,0.8339569315770572,0.8475347257722773,13.046413891077044,0.7076214246453639,0.6565150299401197,1.096655013933404
site_912957a44bff743f,166,0.047354600284154696,0.03159262428915645,0.03527554760164987,0.042314771496204724,0.034798344237354145,0.03527554760164988,0.8223687144446772,0.596644991700962,0.3722480558999626,5.24437563199997,0.1458393323568156,0.29722962120481927,0.2010135104357922
site_916f2628195f7cd3,128,0.02263734815403839,-0.013257871368573978,0.018348797732317273,0.0258360213537156,0.021259197976688037,0.018348797732317325,0.8228510762409109,0.7125814400638832,0.0655935400252346,-1.6970075351774692,0.05009760766593099,0.085439999921875,0.057850047822338144
site_917287f92c952f20,38,0.06484731881124349,-0.052005143040418624,0.03873809306551693,0.07256406401536915,0.04446063151070454,0.038738093065516996,0.6127086749342998,0.8898352214946591,0.159796640766268,-1.9761954355359077,0.1090913744416872,0.2000906486842105,0.07511641466456484
site_91e14ae535f79ace,96,0.059594966039932695,-0.022212569459031023,0.05530064859771948,0.07714961114613605,0.03865560067320606,0.05530064859771954,0.501047252201764,0.7357087439714969,0.3409497578208702,-2.132406668066978,0.21063149894773958,0.5713980000000001,0.1434485244870114
site_91ea89ee8d5d5b53,178,0.09432555356819546,-0.08271174048975612,0.04534399674821075,0.06795773599882206,0.06188671008544048,0.04534399674821076,0.9106646826273493,0.7599412762521949,1.5837211899584787,-14.72268980717659,0.5689005246303056,0.822049191011236,0.6817337495654862
site_91ee6299c921b981,293,0.08820252335978074,-0.05702950469788431,0.06728536780717378,0.0884706502014643,0.03660849777927198,0.06728536780717381,0.4137925707102587,0.7163068766635918,2.2794477422205714,-16.7096448764801,0.6797478896914997,2.2933273924914674,0.3926733581289037
site_92ac3b6c2c87c639,732,0.06752869559813729,0.036660190125062164,0.056711155773623415,0.040459181415225275,0.05028583831350962,0.05671115577362345,1.2428782925051087,0.23333609586233417,3.3380113017640687,26.835259171545506,0.3475007885798629,1.1982440040983606,1.8509831715412601
site_92b0fa719fa97ab5,94,0.059329829530306584,0.04781010402517116,0.03513150473858971,0.04882004723699809,0.05834094754563482,0.03513150473859075,1.1950203010336573,0.7992465513793742,0.3308826951769525,4.494149778366089,0.21398350573473784,0.22403931914893616,0.3199446190891163
site_92d25300e45f668d,35,0.033439218169061175,0.004830171322822569,0.03308852908109173,0.04039826223783313,0.022245721358693914,0.03308852908109183,0.5506603533520485,0.5741928215088299,0.03913634591153249,0.16905599629878992,0.01806071669246469,0.05712068571428571,0.017320524156902772
site_92f4bc71b766e85f,213,0.10059246229975374,0.09074705134003375,0.04340295087452762,0.07759476760749293,0.0673430635113318,0.043402950874530256,0.8678815026804568,0.8298029723139226,2.1553136594353317,19.32912193542719,0.9235914319740005,1.2824619154929577,0.9659737872584402
site_9325c992d0f1e0e4,864,0.08951231071938767,-0.06873697051212743,0.057338317512280815,0.0828518450934098,0.060063541043954866,0.057338317512280815,0.724951158012683,0.7218481582121519,6.922760057560113,-59.388742522478104,3.103649802568265,5.930865995370371,3.116991423806367
site_93742f2df91eb28f,113,0.08946882468156873,-0.029679870321476357,0.084402463753149,0.10567964792962681,0.04757609971973272,0.08440246375314901,0.4501916939713325,0.6272987600015624,0.904527776658845,-3.353825346326828,0.35639620103606606,1.262005242477876,0.25577383489324057
site_93e093b0ecc1d78c,41,0.10151098310382847,-0.06989334534784643,0.07361657399521132,0.06770100712145112,0.06232632799938149,0.07361657399521523,0.9206115337039549,0.3612463202140257,0.4224836673189357,-2.8656271592617033,0.06249624998722134,0.18792048097560976,0.15926741763734586
site_94398cd24f99ecb3,80,0.11465459445245378,0.10395195854157209,0.048370097626818216,0.051530208070121354,0.07664406516133943,0.048370097626818216,1.487361841369699,0.78364765423224,1.0516540823245317,8.316156683325767,0.24760034895110875,0.2124289875,0.4699450179564515
site_947d9a648844f933,171,0.0679282933927718,0.04324370340297097,0.052385447972221846,0.07570941371040533,0.05886614963052358,0.05238544797222197,0.777527479682928,0.723951842485199,0.7890372703965169,7.394673281908036,0.5517232695516439,0.9801575204678362,0.5925532308672656
site_948f865f7f081052,88,0.05336304385437926,-0.023432387635992334,0.04794306685101608,0.04972253109145285,0.04520632186704382,0.04794306685101611,0.9091717753446111,0.49324469770543083,0.25059007154758756,-2.0620501119673253,0.09756577493547547,0.21756504863636364,0.17983781523371523
site_952481bd3cb76606,468,0.10810807890501895,0.10028309432619657,0.040381403107085885,0.04006566950554013,0.04951605120627242,0.040381403107086766,1.235872302082099,0.611534637839697,5.46968294708182,46.93248814466,0.5677868390436038,0.7512606845299146,1.147460805065106
site_9563943b41248204,316,0.07232570416083975,-0.03504453672298902,0.06326838016128108,0.09019840954496701,0.051628880225708,0.06326838016128124,0.5723923568737566,0.7299372772985024,1.6529983644261748,-11.07407360446453,1.0741482158720117,2.570897974683544,0.8423110423819189
site_956a5215e9d24ea6,175,0.038536679639394805,0.022589233744485036,0.031221822439863513,0.01670143486442444,0.03391599483017266,0.03122182243986367,2.0307234142149535,0.40112439055794585,0.25988824358513557,3.953115905284881,0.03976266309614692,0.048814137142857136,0.20130157343105226
site_9573cc360aa7a95d,83,0.11597306961336477,-0.07576987438604056,0.08779908320176234,0.11377192578114367,0.04943775518875541,0.08779908320176426,0.4345338698393476,0.6826640699176715,1.1163294886703472,-6.288899574041366,0.31869774450379684,1.0743562409638554,0.2028596059625749
site_95a6e0674f2876c2,37,0.04392461591671602,0.022287180897351856,0.03785040886278161,0.0332113668309311,0.05000093590507764,0.03785040886278162,1.5055368289904207,0.65350950849708,0.07138675968694784,0.8246256932020186,0.0401530480010284,0.0408108108108108,0.09250346288119626
site_95aa1a90ae6a3184,54,0.0820951720524942,-0.040747502205548465,0.07126891565288088,0.1165631007102502,0.06437791276671288,0.07126891565288096,0.5523009629500333,0.8430212876588183,0.36393933281374574,-2.200365119099617,0.34160977154832195,0.7336956481481481,0.22380384521871866
site_95c50f37760ba8b9,9,0.0857530742603088,0.05423345324728226,0.06642531365352282,0.09212163188810973,0.05395446899214844,0.06642531365352301,0.5856872906645981,,0.06618230770584632,0.4881010792255403,0.03143320871392886,0.07637755555555556,0.026199762518022363
site_960e43f47225dd5e,138,0.07435230197175689,0.05972602671341619,0.0442839309629082,0.06162213300253731,0.04256523717524017,0.04428393096290822,0.6907459236032536,0.6954012198892096,0.7629005435729068,8.242191686451434,0.25171339035270657,0.5240256440579709,0.2500283193782538
site_96144cbf74954033,5,0.08496782422049963,-0.053246575906276704,0.06621429835785347,0.06162381357884304,0.009629440402138745,0.06621429835785347,0.15626167617521106,,0.03609765576382862,-0.2662328795313835,-0.0012352819614112375,0.018987472000000002,0.00046363061229171
site_96a5abc509a3a15b,35,0.03719812514281462,-0.023601639905486787,0.028751749649581857,0.022232226287852635,0.014634981731079858,0.02875174964958204,0.6582778324398487,-0.18165346619821976,0.0484295179949174,-0.8260573966920376,-0.002068649308755993,0.017299516,0.007496394159416442
site_96e92296d2491d86,411,0.09968108170066131,-0.08972185809748598,0.04343162705389367,0.06056773353189755,0.046617308332368525,0.04343162705389416,0.7696723257411945,0.7004269445913971,4.083826718144719,-36.875683678066736,0.8128177570998886,1.5077330918734793,0.8931742822597526
site_96ea37eab36e72c1,208,0.10365440844951472,0.04865817848833708,0.09152386605260925,0.09320942947555405,0.039205112034863834,0.09152386605260945,0.4206131531482673,0.25291129816215174,2.234801169331916,10.120901125574113,0.19223573154328535,1.807103530576923,0.31970448841057486
site_971bf07b5c1c6549,83,0.09810971511888898,-0.08020398119989648,0.056505199764235896,0.038328808352425206,0.033476242057937845,0.05650519976423617,0.8733963693869882,-0.23500863890865012,0.7989178446588929,-6.656930439591408,-0.025027872636842443,0.12193509662650603,0.09301467893269666
site_97832a03d9613f37,33,0.06727665431077595,-0.05599866434389895,0.037286697452992394,0.02205277916432583,0.04622809843944937,0.03728669745299241,2.0962481914402558,0.6047646354835862,0.14936289110330442,-1.8479559233486653,0.02034556172957474,0.01604872727272727,0.07052222381580489
site_978ff47db3a1c5a1,160,0.09195417093987603,0.026372435790002348,0.08809122648562763,0.09184001834863305,0.055775338596186996,0.07315702129307608,0.6073097501402792,0.6045523371173958,1.3528911285183907,4.219589726400375,0.49548220810567806,1.349534235244361,0.4977421432830891
site_97ad06a1706d85fa,20,0.1544729232766265,-0.08823823928833008,0.12679076130744676,0.13773162309360912,0.0347555295095042,0.1267907613074468,0.25234240858312296,0.42846302048868984,0.4772376805125308,-1.7647647857666016,0.041020496785640716,0.37940000000000007,0.02415893662972035
site_98378de2aa945723,63,0.07391327469745002,0.025406966397686612,0.06940935264766218,0.07102104202402895,0.05973913395556982,0.06940935264766239,0.8411469650833614,0.44724615314654587,0.3441798471195444,1.6006388830542566,0.11954547048064451,0.3177712698412698,0.2248321399229754
site_9898264bce191dea,842,0.04556589063159426,0.02592726222612052,0.0374703544486624,0.03291723712311613,0.04844681965974782,0.037470354448662584,1.4717766098821836,0.6354067603161756,1.7482028275804453,21.830754794393478,0.8532033878036287,0.9123444688479809,1.9762534301913557
site_98b84b664f32321c,921,0.0599443031961919,0.011471179743737276,0.05883648120820835,0.07331291176989707,0.05404092569452522,0.05883648120820861,0.7371269860913491,0.6099947080790948,3.309447246308501,10.564956543982031,2.22581439070406,4.950175172638437,2.6897083395774217
site_99359b775dbc987c,101,0.04106793920280468,0.02038055551111108,0.03565401222055915,0.07322723950169584,0.07523958600175916,0.03565401222055944,1.027480846113511,0.8850041748471896,0.1703441386668914,2.058436106622219,0.49247677362621717,0.541585089108911,0.5717605254733273
site_9963ae44b09a6e46,127,0.11667770577263134,0.10729257513406709,0.04584746825578591,0.027516644532563424,0.05382445675455923,0.045847468255786034,1.956069050892558,0.5240296396902075,1.7289382520943206,13.62615704202652,0.09856771788763717,0.09616004724409448,0.36792816240527393
site_9978a236cbbfb40f,39,0.044184868603783824,-0.03426861892067469,0.027892012670354543,0.028855235037790413,0.01845113524350013,0.027892012670354554,0.6394380506461135,0.3710516721095006,0.07613980192781201,-1.3364761379063128,0.007704539896108401,0.03247235897435897,0.013277331279183374
site_99e4e71469e203aa,104,0.08516015083531511,-0.055202853743617344,0.06484517120691728,0.08945387484020753,0.051910648782846,0.06484517120691755,0.5803063184861983,0.6990053857633313,0.7542341341905366,-5.741096789336204,0.33757437751071095,0.8322075552884616,0.280250407533823
site_9a39d33121ec563e,282,0.06514164312496129,0.05603947098415793,0.03321161484835594,0.06992849898340395,0.06736725335950298,0.033211614848355955,0.9633733647778022,0.8836258997409029,1.1966482946635884,15.803130817532537,1.1738715912560198,1.3789785815602835,1.2798138047073777
site_9a5b564ee1a1517d,676,0.062160438950264844,0.04609326656013727,0.04170528681481204,0.022137521158280847,0.05010968274643658,0.041705286814812094,2.263563403876968,0.5686984881417347,2.6120100352509716,31.159048194652794,0.42646108949052763,0.3312872138905325,1.6974226861452024
site_9a64702d11a0ca56,5,0.057014349674255164,0.049854849255084994,0.02766098469922919,0.08368385746367096,0.10983081368313578,0.027660984699229556,1.3124492227287181,,0.0162531803438912,0.24927424627542497,0.04575166389942169,0.035014939999999994,0.06031403817149844
site_9a99fb7f0cd8cd33,110,0.03826643233181441,0.007703190302740446,0.03748307221353524,0.05151657019793416,0.04353265079441922,0.0374830722135355,0.8450223030601696,0.7009707215247174,0.1610751827745865,0.8473509333014491,0.17292373931703242,0.29193527054545454,0.20846008537077326
site_9aa6317ba764d9b9,127,0.07084328584913747,-0.020581302021432105,0.06778776554073158,0.08380242567905238,0.054709985435615754,0.06778776554073437,0.6528448907331724,0.591172246732753,0.6373839360376304,-2.613825356721877,0.34422384158985353,0.8919015118110234,0.3801341783083916
site_9b62f4534e47f978,173,0.030364810445890098,0.007325486062062269,0.029467931168803963,0.02586992559360872,0.03742704557390208,0.029467931168804022,1.4467395910542782,0.6205507789834298,0.1595097564207667,1.2673090887367726,0.1039451317102966,0.11578077768786128,0.2423355870876332
site_9bb3648a2ef66eb2,76,0.11162519411718631,-0.09885128519723288,0.05185178277123025,0.08224655942588797,0.058537236027471275,0.05185178277123151,0.7117286903681234,0.7791586427899619,0.9469739810891641,-7.512697674989699,0.28509489217792683,0.5141017368421053,0.26042220813192696
site_9c2d82de18c716a5,41,0.03968985091121061,-0.006514361605411623,0.039151594580911574,0.030425028051675986,0.048616341932373755,0.03915159458091164,1.597906231994277,0.5937124162472629,0.06458665487951916,-0.26708882582187654,0.036005865370355,0.0379529756097561,0.09690549681830479
site_9c3923563de1bc2a,115,0.07573767118897991,0.0007276555133902511,0.07573417560509832,0.09790331483060424,0.057067931056457535,0.07573417560509842,0.5829009074432104,0.6359374328729261,0.6596624062699543,0.08368038403987887,0.40860319117981453,1.1022817913043477,0.37452610683242793
site_9c3f2a2a90bf94af,109,0.08980536782817611,0.012090110434523417,0.08898782681038478,0.11898262064189698,0.050243611508084755,0.08898782681038503,0.42227689419703895,0.7328772442336863,0.8790854458921867,1.3178220373630525,0.47755358995058395,1.543098177614679,0.2751618342139128
site_9c51efef96062ac3,183,0.06072471745837491,0.031164250691862055,0.05211795073882164,0.04056002971683276,0.07480839264123598,0.05211795073882172,1.8443870274135887,0.7456801055814569,0.6748109098031017,5.703057876610756,0.4140494710348018,0.3010562299453552,1.0241220965504556
site_9c5e0ec7dff35c9c,35,0.07513665312854519,-0.0448274640934808,0.06029937898773926,0.0971756835293056,0.049606282098553015,0.06029937898773926,0.5104804030896586,0.8575707694483923,0.19759308251757618,-1.5689612432718278,0.1446879277676344,0.33050897142857144,0.08612741282744274
site_9ca12fe149def76c,9,0.12233190300679585,-0.08576410550011529,0.0872330940700214,0.1385913345945242,0.05237567619332538,0.08723309407002143,0.3779145092047823,,0.13468585043937698,-0.7718769495010376,0.06453520551166601,0.17286802222222222,0.02468890311037264
site_9cfda7361157a69e,189,0.11603275194214273,-0.09506193076555063,0.06653441847940425,0.059035941175169866,0.025804612491607842,0.06653441847940553,0.43710004410772557,-0.09049118458763639,2.5446203098974305,-17.966704914689068,-0.02605445004763112,0.658710804232804,0.12585094688414622
site_9d73848123a6a95b,64,0.07366658832356827,-0.04337786493357271,0.05954096966827806,0.09160607831352881,0.0359387746212074,0.05954096966827808,0.3923186679622306,0.9322220725252354,0.34731303905498145,-2.7761833557486533,0.19642054515902418,0.5370671093749999,0.08266211336153223
site_9dbd78e6c2f64c18,70,0.09722535437288063,0.03543717537471226,0.09053715333714718,0.08824986956109918,0.039554762216812867,0.09053715333714718,0.4482132655100119,0.16553151149974096,0.6616938673052551,2.4806022762298583,0.04044748950149331,0.5451627634285714,0.10952054498200248
site_9e0c7cff2a642903,104,0.06213420427691989,-0.0025506657579770445,0.062081828624140044,0.10147441161700693,0.06558064298939444,0.062081828624140044,0.646277637331018,0.8072213037214153,0.40150857147710506,-0.2652692388296126,0.5586736221353594,1.0708938461538462,0.4472853564298507
site_9eb9cb71933abd8d,145,0.05129662020685276,-0.00909561569937344,0.05048378967248206,0.08314258629109642,0.06175186103648643,0.05048378967248209,0.7427223976444828,0.796361064024898,0.38154477047368374,-1.318864276409149,0.5928592508286237,1.0023399999999998,0.552927389513082
site_9f1083ed35aa92f7,172,0.11688589314130207,-0.08312538652225983,0.08217348800534631,0.09758096650647338,0.03718383716951325,0.0821734880053463,0.38105625001210175,0.5721751807439536,2.3499176666556605,-14.29756648182869,0.35708925504185435,1.6377917441860466,0.2378136924236065
site_9f57a1eb8c53e14d,1084,0.0751760575930903,-0.05631771784300514,0.04979713136512274,0.09429068800350454,0.06656307046015873,0.04979713136512382,0.7059347202735943,0.863698389650104,6.126160564599759,-61.04840614181757,5.876159070376087,9.637555487084871,4.802816306407116
site_9f76ab7d5518980d,176,0.048267753560705985,0.032089057454670014,0.03605646163266622,0.0101610418606664,0.037555968564379164,0.0360564616326663,3.6960745836270084,0.27990667192438956,0.4100405819482799,5.647674112021923,0.01879936265107244,0.01817143181818182,0.24823933636631995
site_9ff0a0ccad22ddc6,126,0.05881110721444592,0.039121691559988334,0.04391172487245508,0.03366192538252311,0.06269446078304586,0.0439117248724551,1.8624739990540204,0.7428584375358512,0.4358020378054207,4.9293331365585304,0.19753530627985794,0.14277377777777778,0.4952550220224863
site_a08eaaa4540846cf,142,0.1463964366419925,0.07243593231943292,0.12722009420876665,0.15446513454537567,0.0760915764142782,0.1272200942087667,0.49261327896571727,0.5727850629348762,3.0433321659291557,10.285902389359475,0.9559761928798867,3.3880458461971834,0.8221697761718112
site_a0a221a9f908364b,38,0.08656707448036471,-0.08030038838637503,0.03233737789441711,0.04444991586916249,0.030157838813942472,0.03233737789441837,0.6784678491341022,0.686149148623923,0.28476661859538244,-3.051414758682251,0.034952100818721875,0.0750802107894737,0.03456081919325393
site_a0d01f20e2427c2c,13,0.1075143615966826,0.09551260328659644,0.04936274468624557,0.051998571896639055,0.034085164315586315,0.04936274468624643,0.6555019315403434,0.4031216358121131,0.15027139334404885,1.2416638427257538,0.009288300727880918,0.03515006923076923,0.015103379543466744
site_a1da79e1324e0f0b,139,0.11847046827252462,-0.04223308444280418,0.11068702919113076,0.13415239849301042,0.06402863848345718,0.11068702919113137,0.4772828455004715,0.573072051094087,1.9509000075268657,-5.870398737549781,0.6842215324738472,2.5015643769784175,0.5698536499002902
site_a2c2e8340755d8a7,83,0.09144750915201649,-0.06644623087974916,0.06282949412483924,0.07214866669569184,0.05531138591149155,0.0628294941248393,0.7666307423917276,0.5409196537457049,0.6940996951989755,-5.51503716301918,0.17916521869545954,0.43205069879518077,0.25392600115034547
site_a2dd98acaefee6f4,468,0.07848107985232806,-0.04670692196080827,0.06306935337970782,0.11316568063045708,0.07355325726353372,0.0630693533797083,0.6499608083807858,0.8553168680094517,2.8825429907605478,-21.85883947765827,3.3318814442695848,5.993428555555556,2.5319182141073693
site_a30a3623711ec917,255,0.05929422616417237,0.03828728842408049,0.045275697692462945,0.08265392840056748,0.060912344653644965,0.045275697692464305,0.7369564379135638,0.8433660693795719,0.8965303403840458,9.763258548140525,1.0827423432381713,1.7420763294117647,0.9461300014571297
site_a3440058322ffd4e,564,0.05139840976175147,-0.016328321065463072,0.04873584365967275,0.08660177681475399,0.06915534598990383,0.04873584365967275,0.7985441931270182,0.8271153061579437,1.489973240684817,-9.209173080921174,2.7938155017244686,4.229925409574468,2.697308499746586
site_a3ad14b1dd64a3e4,55,0.04313132450829506,-0.008030854384682394,0.042377075544353944,0.03915664055014876,0.019077220658281983,0.04237707554435445,0.4872026912995606,0.06784895106699057,0.10231711346119197,-0.4416969911575317,0.0027875736769762925,0.08432833745454547,0.020016719142462946
site_a3eb3ebe590ad832,109,0.04774255086745472,0.008923465545899277,0.046901203886282605,0.08305922673122955,0.07269874114296655,0.046901203886282605,0.8752638810160324,0.8267407349474032,0.24844927680313367,0.9726577445030212,0.5441399454723668,0.7519730308256879,0.5760766590511543
site_a3fe6dc1994cbcf1,17,0.0775312150604389,0.07127540879880681,0.03051074252310159,0.010772674646119317,0.03949055467173972,0.03051074252310162,3.6658077932359676,0.8751950408461252,0.10218851824871647,1.2116819495797158,0.006329516653015337,0.0019728588235294136,0.02651156644078828
site_a408c1f09c2d83d9,411,0.03386570629284504,0.013257651613721593,0.031162810149317887,0.06415030831891186,0.0551653782394152,0.031162810149317936,0.8599394092569332,0.8741985079180774,0.4713701717751435,5.4488948132395745,1.2715025369865398,1.691372705596107,1.2507629910383726
site_a4122f0bf308f22f,156,0.06961175543858832,-0.0066287334848672925,0.06929542833137284,0.08344417791794924,0.06502117248816155,0.06929542833137287,0.7792176052366044,0.5887627387123403,0.7559442532577255,-1.0340824236392976,0.4983285303757168,1.0862172092307691,0.6595294479907
site_a42d63e8b2f931d6,6,0.12911122973209413,0.12614673493305842,0.027508378881029746,0.05116530942825313,0.028966448690939423,0.02750837888102986,0.5661345355793812,,0.10001825785760152,0.7568804095983505,0.008100699389974276,0.015707333333333334,0.005034330898588957
site_a44b748575c17771,8,0.056874274915060447,-0.04322419930398464,0.036964195400999704,0.08129236972188718,0.0748019046618998,0.03696419540100013,0.9201589880797892,,0.02587746517691099,-0.3457935944318771,0.04334969029761851,0.05286759499999999,0.04476259952838357
site_a4e51d06a4c9f574,191,0.08659472326840828,-0.06012096461575693,0.06232267413713177,0.10123671820061593,0.0643544354078401,0.06232267413713232,0.6356827498132842,0.8063084733374716,1.4322414047050522,-11.483104241609574,1.0033469473020564,1.9575347643979057,0.7910252311224157
site_a507f74864d36b32,315,0.04003039277939811,-0.019502109641025934,0.03495854781912847,0.035634029896598925,0.02757764404071373,0.034958547819128716,0.7739131420369008,0.41121824562208287,0.50476618901296,-6.1431645369231695,0.12729314932199934,0.3999819873015873,0.23956583201343873
site_a55a51839f39337a,11,0.1315192947546216,-0.1162763457363302,0.06145841126288929,0.07161541571892913,0.03349343800653701,0.061458411262889534,0.46768475293070383,0.5155911587753522,0.1902705738202834,-1.2790398030996322,0.013603930137238722,0.05641644545454545,0.012339914284475118
site_a5c2bfa9bb36639b,60,0.03868226508225412,-0.024519802435239154,0.029918170405802167,0.03696011495142057,0.01791357209127864,0.029918170405802233,0.48467306215967626,0.5979942395656394,0.08977905791362659,-1.4711881461143492,0.023755477255831166,0.08196300583333334,0.01925376390416622
site_a5c5f553e4031a41,74,0.04623996027738815,-0.023649557393950388,0.03973452354722126,0.06764229381344765,0.05005986351608804,0.03973452354722126,0.7400675035377922,0.8125178656760393,0.1582219105576281,-1.7500672471523286,0.20359758698456995,0.3385855135135135,0.18544325520845284
site_a61c8cdc86211521,39,0.04583089257908197,0.015323865340306208,0.04319316920101503,0.048476893510937175,0.03485581391327948,0.043193169201015506,0.7190191323917122,0.5028364544386505,0.08191835786921868,0.5976307482719421,0.033136098496806925,0.09165035897435898,0.04738218277872952
site_a62049e3761071cb,301,0.0913893095125238,-0.028795850384829444,0.0867341045598004,0.07052363150459924,0.04768870501716432,0.06197778982406158,0.6762088678608996,0.5064474823333878,2.513953773845938,-8.667550965833662,0.5126855876779273,1.4970483627795472,0.6845379884504483
site_a637aa5eb6fad085,105,0.0409577481892786,0.0008057004406338649,0.04094982275341758,0.08638912860973952,0.05586041689447493,0.040949822753417624,0.6466139639725133,0.9228214879703317,0.1761413993573172,0.08459854626655582,0.46759543603701254,0.783623561904762,0.32764054844057666
site_a6a5e3eb9fd3c985,371,0.10278197896959647,0.08232140499433739,0.06154121773791005,0.07615413085282056,0.04465256905306772,0.06154121773791043,0.58634467432063,0.5890322736032662,3.9192941595363373,30.541241252899173,0.7431096773838418,2.1515965606469,0.7397190634474619
site_a728723d09857d1a,33,0.06200510061154051,0.056532509738026246,0.02546974370831456,0.024269744454109284,0.03757092527470993,0.025469743708314608,1.548056072273498,0.741298850593878,0.12687287256095964,1.8655728213548661,0.022306136775423178,0.019437676363636358,0.04658195605792864
site_a73a8fe0a0e90dac,39,0.06743906281613982,-0.03675085342236054,0.05654557424102635,0.06957946374576286,0.04584332346599601,0.05654557424102672,0.6588628454151848,0.5871158522060548,0.17737306054725083,-1.4332832834720612,0.07303744724851387,0.1888107692307692,0.08196280194990968
site_a7fe1c93212d2f37,55,0.052321239651841836,0.03277515154621817,0.040783594248519815,0.023507600037097197,0.040652598372925966,0.04078359424851986,1.72933852493544,0.28354642209840686,0.15056316652880064,1.8026333350419994,0.014903334989032962,0.03039339927272727,0.09089485649587326
site_a85957854004ad6e,10,0.04708558386038342,0.04086131456136703,0.023396691641986773,0.06983379124750425,0.0907805406159429,0.02339669164198796,1.2999514847217644,0.9914316566402503,0.022170522074731993,0.40861314561367035,0.06285229887366295,0.048767584,0.08241106554522859
site_a85f5d6458d2ef6d,586,0.050863112669036495,-0.04698672782067757,0.019475719218777676,0.02767898461990064,0.018726522474533436,0.019475719218777696,0.6765610347234138,0.7114228292303054,1.5160149510044971,-27.534222502917054,0.21608902198534596,0.44894994709897607,0.20550002937767464
site_a8a04a98a04fa26e,41,0.021817330041488045,0.0161601678558966,0.014657587284695359,0.016992422988626146,0.021016536762327905,0.014657587284695439,1.236818126314022,0.7218717430617788,0.019515831495707885,0.6625668820917606,0.010569644025713205,0.011838440000000002,0.018109487516773493
site_a8d2970296172e46,359,0.07253102047719111,0.0654804950902721,0.03119380858753171,0.03795450487386244,0.046709021445472544,0.031193808587531777,1.2306581682649995,0.7471787166055136,1.8886088663951148,23.507497737407682,0.47553560576004733,0.5171554540389972,0.7832420336973076
site_a8f474364dc17adf,217,0.08062630379438666,0.008604528694768103,0.08016584652759329,0.09616026139465322,0.051431314305609384,0.0674563786529845,0.5348499843873044,0.7422295329368921,1.4106303873892063,1.8671827267646783,0.7965650041761418,2.0065547041129035,0.5740040797909165
site_a92160c2510cdbec,2,0.08733057574728881,0.08732419395446778,0.0010557511806487951,0.0028499999999999914,0.0017942488193511963,0.0010557511806487951,0.6295609892460357,,0.015253258920705896,0.17464838790893555,1.0227218270301788e-05,1.6244999999999903e-05,6.438657651486324e-06
site_a9455c71e74fd72a,25,0.0758985492195194,-0.0449725729739666,0.061139655328837576,0.05586589657384906,0.03338739084939314,0.06113965532883759,0.5976345659334116,0.13340510540756628,0.1440147443406952,-1.124314324349165,0.006220735175013545,0.07802496,0.02786794669325353
site_a963d86424b18502,34,0.048473030925563425,0.04370898970435648,0.02095611953905322,0.03380066759337433,0.03500676259867963,0.020956119539053446,1.0356825794038969,0.8150418081249563,0.07988758072176137,1.4861056499481202,0.03278959339147105,0.038844494411764706,0.041666096539770714
site_a98119a935505c9a,155,0.12012284889785114,-0.0967659031283471,0.07117484681466707,0.08767248057489926,0.05244863745521631,0.07117484681466721,0.5982337571754804,0.5840704273595781,2.2365723182370765,-14.9987149848938,0.4162885066529436,1.1914018967741937,0.4263832334908515
site_a9866d1cfd06e947,48,0.09288823925167898,-0.08938749805142482,0.02526064495185505,0.03329338172209389,0.030801163579201967,0.025260644951855066,0.9251437368635324,0.691904192754041,0.4141547995813035,-4.290599906468391,0.03405745826261118,0.05320556479166667,0.04553816053597237
site_a9bff24a5451b631,238,0.06520674065919475,0.030691329983603053,0.05753226304633836,0.08511124328900126,0.053617437694555584,0.05753226304633911,0.6299689162393477,0.7460141851043774,1.0119567285201245,7.304536536097527,0.8102462560796186,1.7240538487394956,0.6842094507332328
site_aa2ce12749046dfc,311,0.04089406253254711,-0.002053203314446943,0.04084248653749448,0.061349676260487075,0.041868271627156485,0.040842486537494796,0.6824530165307848,0.7491666439036079,0.5200928729793367,-0.6385462307929992,0.5984613802805783,1.1705364437299037,0.5451681245731059
site_aa4df3fb16db7e70,50,0.25062166463607616,-0.2448281824409962,0.05357592619447759,0.060289336536405835,0.0342322527003227,0.053575926194477964,0.5677994595221907,0.469094392429768,3.140560939247891,-12.24140912204981,0.048406783933565026,0.181740205,0.05859235624693754
site_aaad533d86c5f947,240,0.07027264661661121,0.05954231816281875,0.0373223419723466,0.06253393523164487,0.04477958980205364,0.037322341972346615,0.7160846288687304,0.8075631193501767,1.1851787670007488,14.2901563590765,0.5427297009713947,0.9385183333333333,0.4812507990816448
site_aae8b0a4c0119c59,105,0.025012878711502512,-0.01749379544780368,0.017877673849434072,0.026049419211756745,0.026937466130625184,0.017877673849434145,1.0340908529149717,0.7728230261007316,0.06569263065081524,-1.8368485220193864,0.05694087527843813,0.07125008533333334,0.07619084356155079
site_ab53cfe255b5cc4c,78,0.06704242673274377,0.05438835511910611,0.03919941083298731,0.06189138383090922,0.047110698950444035,0.03919941083298736,0.761183480388048,0.7739643636118929,0.3505855846127947,4.242291699290277,0.17602133399958791,0.2987823846153846,0.17311460053675076
site_abdcb41ac727b4e7,485,0.0874477049526427,-0.0587069680733779,0.06481198192553471,0.10308204768842254,0.07964567478000706,0.06481198192553499,0.7726435064691901,0.7776302087800887,3.7088440342199585,-28.472879515588282,3.0964216484286116,5.153565649484536,3.0765652529138867
site_ac16cbbd2f795846,35,0.05239655643573289,-0.0075756132892199944,0.05184601440434101,0.08583817713034932,0.05913158281778908,0.051846014404341084,0.688872769606873,0.8054703159025308,0.09608896942130296,-0.2651464651226998,0.1430927317747048,0.25788674285714286,0.12237904302879671
site_ac240db4268c6c54,61,0.12417722595663498,-0.11100841603513621,0.05565172967352666,0.08956919197188941,0.05485945916954075,0.05565172967352667,0.6124813450003876,0.8074421767767302,0.940618990223396,-6.771513378143309,0.24202010455410014,0.4893810491803278,0.183583175882845
site_ac2a9b93fc2413dd,121,0.05023037010729241,-0.01447802784718758,0.04809861526875422,0.08492078616061244,0.08174012543774192,0.04809861526875431,0.962545557257856,0.8340861830780509,0.30529389981498456,-1.751841369509697,0.7005604298955276,0.8725963305785124,0.8084552208959119
site_ac6e3a81298a7ce5,53,0.11631923715785421,-0.0852960947549568,0.07908692150121006,0.06493906007692062,0.04669920784811599,0.07908692150121127,0.7191235566514292,0.023602891746487182,0.717098741448212,-4.52069302201271,0.0037936441965822866,0.22350532075471696,0.11558324872300152
site_acf798671ee3a747,30,0.12489909371596687,-0.09292466384887696,0.08345532013983947,0.11309052760215302,0.041690883471172856,0.08345532013983951,0.36865053471002773,0.8020208861138655,0.46799350833209624,-2.7877399154663087,0.11344210107445718,0.383684023,0.052143892938207426
site_ad04b63315ba2272,10,0.029474956890335448,-0.012411996933221817,0.02673416196211928,0.0352938649059578,0.013467246977961658,0.026734161962119286,0.3815747301647406,0.7493072245082059,0.00868773083687133,-0.12411996933221818,0.003561541126742959,0.012456569,0.001813667411654174
site_ad53cb9b838bb8cd,636,0.04712158390072878,0.018173961443111956,0.04347586450868691,0.01997911936331535,0.042897631697412765,0.04347586450868744,2.14712324989555,0.20373280895221843,1.4122021736833363,11.558639477819204,0.11105234827886706,0.2538690738993711,1.1703715281370108
site_ae3ed38eaa09b85f,486,0.034945264142340005,-0.015299618334221988,0.03141803884403118,0.04645377373304071,0.022815037145249344,0.03141803884403118,0.4911342031405711,0.7979405149841354,0.5934893421852662,-7.435614510431886,0.4110067613494272,1.0487652037037039,0.2529755970904061
site_af194bfb42414cbb,864,0.05575772240296042,0.021854074462511818,0.051296423237420584,0.04457700989190736,0.051291391138505456,0.05129642323742059,1.1506243075271194,0.4344338126144218,2.6861099969366733,18.88192033561021,0.8582084260734727,1.7168628766203704,2.2730170794536066
site_af687448e37c8c15,597,0.07293356551711744,0.018507558648410555,0.0705462632030592,0.09347797865726644,0.08527583166465925,0.07054626320305937,0.9122558370385816,0.6920558235282851,3.1756250724866777,11.0490125131011,3.2934474253476513,5.2166650988274705,4.341364577261284
site_afb9454fdc863c14,194,0.08189745319344893,-0.011311237443722399,0.08111256836683751,0.10937564938938447,0.05492471475292797,0.08111256836683761,0.5021658391018314,0.6991769638495181,1.3011954108771928,-2.1943800640821456,0.8148492976285902,2.3208283397938145,0.5852445123939576
site_b019e673dfa447d5,669,0.08412948852240852,0.07199033472309911,0.043533464662236766,0.05393584758916921,0.06919646141877345,0.04353346466223762,1.2829400947927014,0.7773043160482077,4.735028691319142,48.161533929753304,1.940790201460834,1.9461716133034381,3.2032725325565874
site_b04900ecbfac7c98,10,0.08427160231146325,0.07365404027223588,0.04094856905579576,0.06557104238915223,0.06308855151199808,0.04094856905579796,0.9621404390306771,0.7980770424634124,0.07101702956141417,0.7365404027223588,0.033014708120822904,0.042995616,0.03980165331882035
site_b050cd10feccfd77,44,0.05692025104515783,0.010024729501117357,0.056030525407791944,0.03862411570572958,0.055002773850292376,0.056030525407792346,1.4240526377185938,0.3242529518905548,0.1425562590779268,0.4410880980491637,0.030309568691660054,0.0656401818181818,0.1331134257739619
site_b07ebc840452ba9d,7,0.03940452949112064,0.00776063221011843,0.03863275206500137,0.11753381102769482,0.08807440315673766,0.03863275206500151,0.749353759455519,,0.010869018610916171,0.05432442547082901,0.07027582692897745,0.09669937714285715,0.05429970343990892
site_b0b863b5597ced77,64,0.07015666951399831,-0.06277117053978146,0.03133270537891761,0.05769357489343483,0.047822253085074415,0.03133270537891834,0.8289008468171087,0.8397456222097596,0.31500532974696827,-4.017354914546013,0.14828089752816592,0.21302710937499994,0.1463659449685062
site_b12672b82d8e070e,371,0.09566778210559722,-0.016319407457932634,0.09426559008050606,0.13394413567023197,0.07592303832098875,0.09426559008050656,0.5668261468938803,0.7286207196624924,3.3955124017444946,-6.054500166893007,2.7489871535728563,6.656122679245283,2.1385581744673106
site_b18fe53daa1d7307,44,0.11036924987784032,-0.09205024312274021,0.06089436804534202,0.0750882776613551,0.035008816920059915,0.06089436804534204,0.4662354499319876,0.6002359534435583,0.5359803380182748,-4.050210697400569,0.06942633818228815,0.2480829754545455,0.05392715953426003
site_b2267c975c71dbb8,491,0.09764038867754331,0.032760187424855904,0.09198051761644985,0.1117896625758952,0.03013348572790839,0.09198051761644992,0.2695552078212102,0.7339135085622852,4.681019941040947,16.085252025604248,1.213884569989324,6.13599197148676,0.4458412383980028
site_b2271a910bc63599,20,0.057684232107578,0.0513092905831337,0.026359577646397906,0.048808088212918155,0.03844059486121178,0.02635957764639828,0.7875865715846172,0.8434765280964448,0.06654941267681865,1.026185811662674,0.03165081474587322,0.0476445895,0.029553586665676423
site_b2c81cb18e128f03,52,0.020769543576174335,0.0030283422153729684,0.02054758097171525,0.032330516834516924,0.02531249094140406,0.020547580971715253,0.7829287441016027,0.7721371395468314,0.022431444898855436,0.15747379519939436,0.032858317249067695,0.054353640576923073,0.03331755427825045
site_b2da63ab5c4ee3dc,2,0.04907645730197377,-0.048215960502624514,0.009149853229522706,0.0165,0.007350146770477295,0.009149853229522706,0.44546344063498755,,0.0048169973226249085,-0.09643192100524903,0.00024255484342575073,0.0005445000000000001,0.00010804931509511562
site_b2eaf44be71ff0ae,155,0.057157113653233546,0.033508116171436925,0.046304878704194266,0.07791314997229684,0.06162879907374215,0.04630487870419429,0.7909935498135445,0.804343866923768,0.5063750243811418,5.193758006572724,0.5986430167102044,0.9409211354838709,0.5887068756671106
site_b30a47c3dfe5fc92,477,0.07225296245685046,0.04603879357533885,0.05568590548710132,0.06429340664426855,0.06281616045702396,0.05568590548710141,0.977023364224296,0.6163660697971172,2.490174008468327,21.96050453543663,1.1873942116928176,1.9717472997903562,1.8821799969463513
site_b33e3bea3571d4bd,118,0.08123820247742987,-0.05754409908177489,0.05734389420531855,0.08425870736789311,0.04290708172147439,0.057343894205318886,0.5092302393642486,0.7817100467546373,0.7787581739281393,-6.790203691649436,0.33348128836531254,0.8377445125423729,0.21724008409868723
site_b4081a628b4563f6,155,0.10575451292105299,-0.08126173517819375,0.06767974142236564,0.07336472668625012,0.058263651793142614,0.06767974142236564,0.7941643678754723,0.49087517799871977,1.7335226354912203,-12.595568952620031,0.32522788533424174,0.8342693838709678,0.5261712336422484
site_b419a77ce9d11fde,169,0.08605426295466959,0.06555110181048071,0.05575293018401283,0.07070852911122187,0.050070507801139814,0.05575293018401305,0.7081254331055421,0.6211653711526209,1.2515018131814695,11.07813620597124,0.37166164108859545,0.8449486390532543,0.4236924219974166
site_b42936ae6e6a0d03,186,0.05522923914505559,-0.021969640438274672,0.050671528056243455,0.07487274362083088,0.05232354610045707,0.050671528056245745,0.698833027482377,0.7371945158234777,0.5673500073167639,-4.086353121519089,0.5371752036202659,1.042702559139785,0.5092221466339582
site_b436f4a91f17ee10,151,0.13717932279846137,-0.060991022182142494,0.12287498450303813,0.12606925764110985,0.06287297519424893,0.11737343095854544,0.49871773952404647,0.382896728417173,2.8415431571201135,-9.209644349503517,0.45828095599174434,2.399912116049261,0.5969046624762728
site_b491b5d705afd5f5,391,0.07592669344773731,0.05728924526308503,0.049827754867069446,0.04204957950480631,0.04689630964238406,0.04982775486706947,1.1152622735983306,0.376432137312397,2.2540613461615098,22.400094897866246,0.2902443516247184,0.6913533503836315,0.8599121685070763
site_b4a169fed07d4305,259,0.053114604867023144,-0.022405072597923424,0.04815780281596928,0.061761847544239926,0.06992283298057607,0.048157802815972296,1.1321363553849395,0.7391988832863449,0.7306807637966196,-5.802913802862167,0.8267997963598797,0.9879621853281854,1.2663034661556498
site_b4d57a535cfd4a12,156,0.11606868052086053,0.08739985760626122,0.07637541154232069,0.05214215258565391,0.10541904686124029,0.07637541154232151,2.021762463451589,0.7275879524683273,2.1016224212651595,13.63437778657675,0.623904530272843,0.4241334358974359,1.7336553688166505
site_b5639796f8098e20,328,0.0656751774338563,0.03745176267514868,0.05394992496281017,0.08939263547860543,0.05657359453565749,0.053949924962810175,0.632866390310166,0.8187255578014958,1.4147390893576706,12.284178157448768,1.3580873575724843,2.621062195121951,1.0497874843686719
site_b582b14f96e98786,39,0.067039907288299,-0.03742920078528233,0.055618379136745326,0.06014136316583706,0.027879546575473146,0.055618379136745326,0.4635669214646261,0.38791607660753397,0.17527961759972535,-1.4597388306260108,0.025366547366556445,0.141062358974359,0.03031349557290508
site_b61ae4423402851d,358,0.07267873012279501,0.03449228995222619,0.06397249210491668,0.07382807372468785,0.04581991795352449,0.06397249210491773,0.6206300075550051,0.5110519993098378,1.8910268167898212,12.348239802896977,0.6189049593042895,1.9513092402234635,0.7516084274938422
site_b67b52a6713d2819,119,0.07767600026207964,0.006767509203598278,0.07738062959096295,0.11061508376292459,0.06107538836918759,0.07738062959096352,0.5521433993585108,0.7384803093567232,0.7179937609890371,0.805333595228195,0.5936992100737052,1.4560479139495799,0.4438941646692043
site_b69cf9ad02aa761c,62,0.08417692188866968,-0.044937878224157526,0.07117823599501456,0.09497987628473452,0.04056624589966478,0.07117823599501463,0.4271035874805063,0.7267699627520053,0.43931675907637424,-2.7861484498977664,0.1736141337089,0.5593129677419355,0.1020284589963083
site_b708e7aad1210ce8,162,0.11276789570672112,-0.06369466964992476,0.093056903883102,0.11452000377685578,0.06852940400175893,0.09305690388310209,0.598405533895106,0.5830490297680301,2.060088924943753,-10.318536483287811,0.7412733725238545,2.124602664938272,0.7607972324794794
site_b72a5ec99205d5b7,153,0.05483674425032694,-0.03848534646532894,0.039063366821350115,0.061489892484022216,0.05383622324982292,0.03906336682135014,0.8755296370669691,0.7783688899657979,0.46008148355629197,-5.888258009195328,0.39423503758227507,0.5784940522875817,0.44344585687213045
site_b756906d27dccd10,62,0.15155397527989647,-0.1296904677335293,0.07841549593159422,0.07280918320657881,0.057576798285989876,0.07841549593159422,0.7907903337224559,0.29427533813600665,1.4240536602346474,-8.040808999478816,0.07648552059418251,0.3286729838709677,0.20553543745366515
site_b7a18627a594b786,48,0.08945771900286087,-0.07128306807130576,0.05405004806229506,0.07420451114875962,0.038889649410244066,0.05405004806229508,0.5240874012670338,0.7099113707326095,0.38412880748135114,-3.421587267422676,0.09833535865300023,0.2643028547916667,0.07259543190008144
site_b7a3262e8a713a7b,102,0.038900315027200476,-0.012569835761890687,0.03681349940082487,0.07305809270471093,0.0560222601446084,0.03681349940082534,0.766817994702399,0.8698942695992896,0.15434991993997477,-1.2821232477128501,0.36315798496451307,0.5444234607843139,0.3201263504344382
site_b812626cb80e0341,68,0.09809387531891342,-0.06437680769492599,0.07401374876394959,0.11366791593258296,0.046164940088951646,0.07401374876394987,0.40613870422619797,0.9122069478931013,0.6543237695056121,-4.377622923254967,0.32550110119252523,0.8785868676470588,0.14492171515232166
site_b843de06c1a6a47d,69,0.13284502708171436,-0.1082820732641911,0.07695968964301879,0.07980383758425219,0.03425828819070489,0.07695968964301879,0.429281212880734,0.2961819342890475,1.2176982842035582,-7.4714630552291865,0.05587236956785555,0.4394370220289855,0.08098049137325991
site_b87223f545f36d24,58,0.06857975491336007,-0.015943789699159817,0.06670066232059095,0.04813199869581796,0.027445038009830947,0.06670066232059159,0.5702035808501665,-0.5219814876756965,0.27278460147063904,-0.9247398025512694,-0.03999270938151869,0.13436797931034486,0.04368734645894179
site_b87cd5aaea8e51ba,65,0.059612068888069844,-0.004251132093484585,0.059460294592608015,0.07075796900360265,0.05931067837617343,0.059460294592608154,0.8382190615611597,0.594385633789679,0.230983919212539,-0.27632358607649804,0.16213990370230033,0.3254348615384616,0.22865417701372265
site_b881d34c09ab42e7,66,0.11839149634993772,-0.100409013653524,0.06272620174300171,0.06640967428998663,0.04577644120127484,0.0627262017430023,0.6893038053670607,0.42288688311574724,0.9250920629265029,-6.626994901132584,0.08484798376731799,0.2910761593939393,0.13830184955754898
site_b904064dea358149,1211,0.1237788129964137,0.10306259920078305,0.06855140547632783,0.06765767789582397,0.07113283490513372,0.06855140547632932,1.0513638232553686,0.5130347220146768,18.5539665961762,124.80880763214827,2.990047637398717,5.543426829066887,6.127514924187265
site_b9048e7e348a00c2,124,0.05448936254965125,0.039734096841369894,0.037286621987892316,0.04441798252471714,0.06797953398270365,0.03728662198789463,1.5304507345617349,0.8617086159196522,0.3681672382523497,4.9270280083298665,0.32264068603381635,0.24464668927419353,0.5730309130226894
site_b9661fa344baf0d4,144,0.09446244691740095,0.0893279449062215,0.03071924700336661,0.03914794666895138,0.052661149396035396,0.03071924700336667,1.3451829246973372,0.8154165703300642,1.284934158377682,12.863224066495896,0.24207020983099936,0.22068888888888885,0.39934031842246454
site_b969a6c48312ad74,9,0.12541002782175278,-0.12296765330367619,0.024629886707813006,0.02736668696710574,0.032532350100269315,0.024629886707813062,1.1887573435313017,,0.14154907570427527,-1.1067088797330857,0.005402961177130538,0.006740419999999998,0.009525184227418437
site_b9eaf91685021861,238,0.0488644243051699,-0.0031967843720892906,0.04875974294798984,0.0647945061807904,0.04351977867705434,0.04875974294798984,0.671658466778417,0.6586868849498498,0.5682802071168116,-0.7608346805572511,0.44205960956002976,0.9992020714285714,0.45076513039175087
site_bb41a05397abcbe3,238,0.09456907387264524,0.08646028894461505,0.03831355071960194,0.03927229290354515,0.04765803929207638,0.038313550719602116,1.2135283114007902,0.626635712770585,2.1285077164849,20.57754876881838,0.27913515010848644,0.3670704915966386,0.540566712781293
site_bb59973d2df99f1c,65,0.04469716214097118,3.15829460437477e-05,0.044697150982739235,0.08388345535825427,0.07481657277157214,0.0446971509827394,0.8919109549319497,0.847381626798008,0.12985935972465737,0.0020528914928436004,0.3456738459898875,0.4573682153846154,0.3638387714834568
site_bbd4ea535f73b619,96,0.04533326305517205,-0.03478412439084301,0.029071797839001764,0.033865973005424876,0.018468851983667895,0.029071797839001778,0.5453512875802927,0.5138836953628638,0.197290054966025,-3.339275941520929,0.030855993197136555,0.11010279625,0.03274545538508482
site_bbfd063296f373c3,52,0.07710463298818383,-0.054863077312707904,0.05417718316803083,0.060392120430228076,0.04298524452704257,0.054177183168031384,0.7117690887622347,0.4930280815613488,0.3091464702686114,-2.852880020260811,0.06655407930824621,0.18965482692307692,0.09608202484658146
site_bc37e7bebe33d230,276,0.04102128178549526,0.009057541706855745,0.04000883024475439,0.04322011711482802,0.06406046036568479,0.04000883024475461,1.4821908093281595,0.7893620944463606,0.4644377743737014,2.4998815110921857,0.6032000159218476,0.5155620724637682,1.132632952704718
site_bc93eecd419d5cf1,153,0.03924174187206841,0.01605518422485177,0.035807057470003276,0.04305533038598709,0.06504105396898154,0.0358070574700043,1.51063883114807,0.8573804505415403,0.23560688868856916,2.456443186402321,0.36734954307074447,0.28362550562091504,0.6472418213135831
site_bcf274618f28d9ed,84,0.10734403216640269,0.04511150231957436,0.09740479249098954,0.08133476478471574,0.07277507687857931,0.09740479249099175,0.8947597877882478,0.20474770298621917,0.9679102643063023,3.789366194844246,0.10180221143630999,0.555688892857143,0.4448817924333828
site_bd11119142bc591a,41,0.07692462736743438,0.030617672245676925,0.07056880643651939,0.10489694100970975,0.06338089503791955,0.07056880643651993,0.6042206229069417,0.755103182897294,0.24261333012036407,1.255324562072754,0.20583126776610933,0.4511380975609756,0.16470265208811874
site_bd599065e701bf2f,260,0.07791920405135161,-0.06119026148456793,0.048240587262660596,0.06182782975767772,0.05509276238046734,0.048240587262660686,0.891067381733967,0.6650594563775593,1.5785646135990041,-15.909467985987662,0.5889960361751225,0.9938969384615384,0.7891552413447657
site_bdd9f4c5442812d1,142,0.04077040787062948,-0.004813858472965133,0.040485218593206924,0.05363880748875492,0.06886572530056916,0.04048521859320842,1.283878753549964,0.8095233659802871,0.23603611442712302,-0.6835679031610489,0.42461953744689973,0.408551276971831,0.6734333132066299
site_bdfe6061d850b13b,146,0.0432957624321404,0.008463374832721604,0.04246050318850678,0.07322054408813285,0.05278186340511304,0.042460503188506846,0.7208613929661799,0.8207948020218739,0.2736803645087296,1.2356527255773542,0.46313235605416225,0.7827422191780822,0.4067450652593376
site_be8516cfd6e0790e,150,0.11149646813748222,-0.07686643051147461,0.08076517979647686,0.08362365029636586,0.06141396840559677,0.08076517979647695,0.734409083888864,0.41295334555026986,1.8647193610698882,-11.529964576721191,0.3181182102491458,1.0489372333333333,0.5657513272985457
site_bef664d28695b721,15,0.01927752645714502,0.006525088357925411,0.018139631976068105,0.10624619627178293,0.10228968016845275,0.018139631976068212,0.9627608682271389,0.985581734595117,0.0055743453945888925,0.09787632536888116,0.16066789982219534,0.16932381333333335,0.15694768003446535
site_bf2aa2626c0e2039,210,0.0671362043065591,-0.04968709502183254,0.04514933573136407,0.06079515819425051,0.04632445091210739,0.04514933573136407,0.7619759909842354,0.6752725845875149,0.9465266850253296,-10.434289954584834,0.3993720669948203,0.7761707645714285,0.45065049798473195
site_bfacedeb5df79c6e,50,0.07016472259382074,-0.004281057128429413,0.07003399779057985,0.08558305916476695,0.04283215207299794,0.07003399779058062,0.500474655743916,0.5802827229612466,0.24615441483339096,-0.21405285642147068,0.10635731051683425,0.3662230008,0.09172966256022108
site_c0555c6b321e4775,2,0.05061782735241391,-0.01613644497394562,0.04797686514854432,0.02560000000000001,0.02237686514854431,0.04797686514854432,0.8740962948650118,,0.005124328891757564,-0.03227288994789124,-0.0011456954956054692,0.0013107200000000011,0.001001448187752274
site_c0951b8580287e99,50,0.1351482206710432,0.1279293051803112,0.04357905949687062,0.031165853108811252,0.05291060380162215,0.04357905949687066,1.6977107482632392,0.5675267760804751,0.9132520775274494,6.39646525901556,0.046792699200510976,0.04856552,0.13997659973261162
site_c0aaae0aecb597e5,655,0.12764883571020397,-0.12126513680920348,0.03986216066416632,0.03983966157125624,0.026604113997753667,0.03986216066416918,0.6677796183125251,0.3330438705921862,10.672717544101769,-79.42866461002828,0.23121030460029615,1.0396151053435116,0.4635951674515846
site_c0baac71bcc40ff4,11,0.02266527440087333,0.01283233054551211,0.01868277164763304,0.07213076509179196,0.07912068670183621,0.018682771647633233,1.096906245222119,0.9737002736735255,0.005650861300335723,0.14115563600063322,0.06112636409252882,0.05723132000000001,0.06886091370587133
site_c0e5aee02ccea819,55,0.05627819450099148,-0.02426604660099203,0.050777890450962135,0.06727519405796753,0.041394419964289164,0.050777890450962135,0.6152998968478893,0.6573241158991423,0.17419793469602854,-1.3346325630545617,0.10067902847934854,0.24892734545454548,0.09424239022989678
site_c1458c9cb325529c,104,0.2075470181792935,0.2011309455352334,0.05120651817121496,0.017171163645680672,0.05624067260384762,0.05120651817121672,3.275297688866573,0.4327116155833563,4.479879534532063,20.917618335664272,0.04345923985836024,0.03066428153846154,0.32895337851305034
site_c1eaac8764a60481,45,0.057907351077555055,0.018711370033688012,0.05480096659988417,0.06595597484143458,0.03626493828436667,0.05480096659988418,0.5498355284953574,0.5565036731021694,0.15089675889686477,0.8420116515159606,0.05989928457985321,0.19575857777777778,0.059181558694601566
site_c204fd32b9271e1b,91,0.101741211514129,0.012688819428721625,0.10094685721639893,0.13493713515257091,0.05031828188180601,0.10094685721639964,0.37290166139152175,0.7768774109896908,0.941965944953009,1.1546825680136679,0.48001098385476154,1.6569307703296705,0.2304055837298567
site_c29be1fac6229539,472,0.07599580800908765,-0.05518332328660003,0.05225096808673209,0.11395275257323767,0.07351416530469616,0.0522509680867334,0.6451284733771434,0.9346504814867087,2.7259712580983395,-26.046528591275212,3.6956180822172406,6.1290284745762715,2.5508449402106033
site_c2fa2fe516862278,53,0.0737356866973575,-0.0632341163857928,0.037926218077193985,0.04345334673907901,0.03064287097515467,0.03792621807719421,0.7051901240001968,0.5214960764946205,0.2881584291147357,-3.351408168447018,0.0368026929698744,0.10007424716981132,0.04976623370479877
site_c33eaf01c8613ed2,878,0.10046446037236013,0.08999310288228315,0.04465813734951691,0.020196042709814937,0.05611864817529774,0.044658137349517034,2.7786952613258746,0.6894602902886368,8.861748646564557,79.0139443306446,0.6860839427750922,0.35811876391799546,2.765087746914061
site_c3aa24263a4277b0,258,0.07625410681594572,-0.03670566945228466,0.06683848170296268,0.09840480401585196,0.05490542084409367,0.06683848170296358,0.5579546790749057,0.7616873301602107,1.5001897120247962,-9.47006271868944,1.0617639191089152,2.498344406976744,0.7777681514212953
site_c3aefe4e5e9b8037,305,0.06917026416203383,-0.0359050911487126,0.059121484029481045,0.09016047111083199,0.060949008868504316,0.05912148402948104,0.6760058828173295,0.7596043360786919,1.4592802604948902,-10.951052800357342,1.2731222097676307,2.479317718032787,1.1330084130261704
site_c3d5b5decd374619,53,0.046951622649531295,0.013588881045017603,0.04494215372418574,0.031450866369180014,0.04190499069802437,0.044942153724185904,1.3323954324860436,0.27519595418306514,0.11683610807947095,0.720210695385933,0.019222783574237016,0.05242532075471698,0.09306949700627998
site_c3fac8d15831ac8c,148,0.0637922795439795,0.05244739881560608,0.03631425735016461,0.054643480170353635,0.053755062083494703,0.036314257350164955,0.9837415537207871,0.7756600563118824,0.6022793295537491,7.7622150247097,0.3372025589997301,0.44191466891891895,0.4276617915408547
site_c3fba37c42f73863,128,0.026935651144366187,0.019448132572090257,0.018635971722166723,0.01969198355444656,0.019285634953426452,0.018635971722166723,0.979364770445974,0.5429705831061257,0.09286775072908743,2.489360969227553,0.026394271349505297,0.0496350996875,0.04760777159127348
site_c438c579f3fbc2ec,83,0.09142094831907364,0.06754996949477367,0.06160187832212488,0.08455079810219648,0.054684118255271794,0.06160187832212602,0.6467605212806524,0.6860907370456795,0.6936965526993749,5.606647468066214,0.26329255170482824,0.5933535091566267,0.24819928151659365
site_c45005d41e05ffcd,278,0.07689408419742447,0.04480233211182863,0.06249360944850293,0.09478918420125944,0.04720174549296968,0.06249360944850297,0.4979655209686098,0.8166285126998909,1.6437306513078478,12.45504832708836,1.0157484766137685,2.4978270647482015,0.6193853281680972
site_c4ae57110fb255d4,1016,0.09603285602335095,0.07093002842859489,0.06473979072502764,0.03309788869498283,0.06852195842953762,0.06473979072502768,2.0702818557705944,0.35263147481353174,9.36986638697768,72.0649088834524,0.8125401681419023,1.1129977598425196,4.770382927611591
site_c4f8e2def8cc0f30,94,0.10445761219307756,0.08638696522408343,0.058725505399718644,0.07413675607400827,0.05541088236876348,0.05872550539971867,0.7474144446440121,0.622926070333879,1.0256709180374624,8.120374731063842,0.24054315657564937,0.5166483085106383,0.2886143931791847
site_c56fc9c5f1ff5d0d,122,0.04524753623675546,-0.02560436025359591,0.03730624976462491,0.05707869031375326,0.04861764417253965,0.037306249764625016,0.8517652368212292,0.7621347738101831,0.2497754233305728,-3.1237319509387014,0.2580236524205471,0.39747318032786877,0.2883683896362968
site_c59fe04d734e33bd,568,0.06601078306131078,0.023100500522532933,0.061836804218651925,0.07799892408405983,0.04646552898415711,0.061836804218652154,0.5957201272940762,0.6096535072377169,2.4750165368487025,13.121084296798706,1.255020760844606,3.455616665897887,1.226337777985645
site_c5ee40e68c26cb53,124,0.20314079683632252,0.19977771545610126,0.03681097317970729,0.023903501968279766,0.03888445960266175,0.03681097317970744,1.6267264794197058,0.39179700862897787,5.117006734072712,24.772436716556555,0.045156513227089766,0.07085079838709678,0.18748814862528818
site_c6112b3d07cf93a0,216,0.1654199856276977,-0.1383591094877985,0.0906671300241223,0.11398090644317443,0.046389886795580024,0.09066713002412236,0.4069969983850572,0.6546628691079067,5.910574675334624,-29.885567649364475,0.7476991376799565,2.8061957592592597,0.4648366649318536
site_c62b54e06aa4fffe,37,0.050315045956338365,0.03703662625035725,0.03405718963126274,0.03362320757535222,0.04265156118006149,0.03405718963126274,1.2685155360170808,0.6240170454127774,0.09366934243477233,1.3703551712632183,0.03311099647368129,0.04182924324324325,0.06730875983057155
site_c6d377978f89caf6,53,0.03926652493972184,-0.005767224134139295,0.03884068880218782,0.08859817651313413,0.07418976560414693,0.03884068880218823,0.8373735050082972,0.9010359521135625,0.08171857898461526,-0.3056628791093826,0.3138967160233912,0.41603075471698114,0.291718429981108
site_c6dbad6563643f29,50,0.13803676359702258,-0.13182821145009993,0.040932514828776814,0.03219481877569743,0.04859452809961654,0.04093251482877921,1.509389707647573,0.5504865856673482,0.9527074052170148,-6.591410572504996,0.04306159367540478,0.05182531779999999,0.11807140806122107
site_c7184b24616d8b68,11,0.044196482507481545,0.03425911864367398,0.027922067541512607,0.08969228294471443,0.10445863668697852,0.027922067541512902,1.1646334919512078,0.9700294244343927,0.021486619726375344,0.3768503050804138,0.09997168798399243,0.08849176181818182,0.12002767456352392
site_c79eeb4ffddf3d41,568,0.0721207009431507,0.06404632449548849,0.0331581637481627,0.037862885422486836,0.03696854971475976,0.0331581637481627,0.9763796208939765,0.6075459884752251,2.9543926465738237,36.37831231343746,0.4830294542156527,0.8142837165492959,0.7762706434311932
site_c7e77fa91cd0e5b5,45,0.07712360638687749,-0.039742949569225305,0.06609499694875569,0.06847696197253246,0.04161315176659546,0.06609499694875581,0.6076956478192967,0.3600929460358283,0.2676622797953105,-1.7884327306151389,0.04617450223382977,0.21100924444444452,0.07792444799773682
site_c83832e8d67694ad,46,0.05131713660238618,-0.028709413783057875,0.04253490412944562,0.04370764641784688,0.022866340157435737,0.042534904129445626,0.5231656708035155,0.3121816218881433,0.12113863141712633,-1.3206330340206622,0.014352225360484873,0.08787648434782606,0.024051997560995672
site_c8f87af663a64c0b,62,0.06461057205519959,0.05283671235961299,0.03718612440585411,0.018646476680913814,0.030643265685185956,0.03718612440585419,1.6433810102340585,-0.08409947874275886,0.2588206133206086,3.2758761662960056,-0.0029793177397501097,0.021556847741935482,0.058218603374879496
site_c8f923241d7b6cf3,153,0.05628092521849489,-0.0061397663335395,0.055945024915709435,0.08825432910147732,0.05389303739981967,0.055945024915714424,0.6106560204865638,0.7950980844317602,0.4846340091478216,-0.9393842490315436,0.5786031808470394,1.1916904705882354,0.4443823004672894
site_c90d703c921023d7,384,0.10861787725056293,-0.08821764715295284,0.06336789399384728,0.07920925509474842,0.04160864389341992,0.06336789399384742,0.525300280171156,0.6053018741247967,4.530371811232649,-33.87557650673389,0.7660599072189846,2.4092567395833333,0.6648112307133816
site_c91d0d6c46ea62b9,342,0.060670771671972816,-0.03801650830824472,0.04728305860793926,0.059308350639052314,0.036212807165137445,0.04728305860793928,0.6105853016470952,0.6037001972351171,1.2588823470632495,-13.001645841419695,0.44343039881398805,1.2029783157894736,0.448487651750565
site_c9aed1d9afe08cac,128,0.07243496933361003,0.010084463038481775,0.0717295503093845,0.10018987832485875,0.05198291691294952,0.07172955030938456,0.5188439968396659,0.7291542396574434,0.6715935721422114,1.2908112689256672,0.48608684684429315,1.2848655,0.3458846272996625
site_c9e5c8b8112d21fb,124,0.03344314158679771,-0.028606952919883112,0.017322989460084235,0.04699091275175974,0.052321751926676076,0.017322989460087035,1.1134440440235267,0.9447525141253837,0.1386870211801302,-3.547262162065506,0.2880287898093221,0.27381008927419354,0.3394581498599023
site_ca4c08bc8824e7df,72,0.12605751187563763,0.11756882754464944,0.04547600565191496,0.02617135116713656,0.06059466889039793,0.04547600565191609,2.3153053315216994,0.7215671631626117,1.1441157336199095,8.46495558321476,0.08238911147270767,0.049315652777777774,0.264363400651461
site_caaaa1aabb1e21d9,11,0.09176149654444407,-0.06518927734114907,0.06457964360241367,0.13489371083612645,0.07585476062929963,0.06457964360241379,0.5623298533276367,0.966530950598437,0.09262189472883624,-0.7170820507526398,0.10878850160999733,0.20015944545454548,0.0632933918114118
site_caab4140fe1f5c75,199,0.06653814707234533,-0.048118036771539474,0.04595627871220464,0.0745912890863636,0.043111944602764025,0.045956278712204764,0.5779755938102635,0.8256982777622804,0.8810376781483906,-9.575489317536356,0.5283968018813798,1.1072082211055276,0.36986931371892706
site_cadb6c34bf67432d,262,0.060710775254672396,-0.0027215072412527246,0.06064974550943434,0.08020170337813158,0.03733716987509302,0.06064974550943465,0.46554085888995805,0.6925996734817956,0.9656791367901156,-0.7130348972082139,0.5433861461765779,1.6852660648854962,0.36524483462176716
site_cb6d0d529a35bf72,121,0.10721262385784526,0.05176495771802161,0.09388788988434688,0.08029625390703674,0.05117155329710785,0.09388788988434713,0.6372844411440649,0.03055335575119721,1.3908401524525411,6.263559883880615,0.015190363680109507,0.7801460953719007,0.3168418718874886
site_cb73c7416c77fcc5,47,0.06996336264962477,-0.06408629371257539,0.028068114853485104,0.04779927284365394,0.028050889273335593,0.028068114853485822,0.5868476151318641,0.851649453769224,0.23005898932241683,-3.0120558044910433,0.05366938934649559,0.10738421276595744,0.03698206228417189
site_cb8aadebec9e1fcf,153,0.035188334132825294,0.005539026309150497,0.03474964815059134,0.045301158013228364,0.07055423480915315,0.034749648150591644,1.5574488137488816,0.9108594264902463,0.1894474854336337,0.8474710253000259,0.4454256043994836,0.31398582235294115,0.7616187075742833
site_cbe94aaae2e082ea,54,0.05073313427337712,0.028381872558152228,0.04205139977804921,0.04945340773937663,0.024649982898750384,0.04205139977805089,0.49844862114776284,0.5270360657784626,0.13898794931282765,1.5326211181402203,0.03469340620761117,0.13206453499999996,0.03281156947306907
site_cc2f4e33aba4f988,24,0.15762604383827508,-0.14380239970286687,0.06455106146147195,0.061927302249402794,0.02137372331413172,0.06455106146147238,0.345142167311799,0.04721429013876896,0.5963032727065396,-3.4512575928688047,0.0014998473167419442,0.09203977833333332,0.010964065159417391
site_cc39c5b4f811532d,154,0.05708068747269416,0.0451501612098186,0.03492374299932319,0.04908372963373881,0.05327494020627577,0.03492374299932391,1.0853889996504267,0.7701467516120396,0.5017635518827291,6.953124826312065,0.31013782366161996,0.3710187272727273,0.4370857651132678
site_cc701381aa01ffc3,51,0.070070066320204,-0.028741596630975315,0.06390410641907214,0.08519605361131434,0.029674279108947606,0.06390410641907214,0.34830579411963225,0.8020143762921639,0.25040052390000717,-1.465821428179741,0.10340748714611812,0.3701767450980393,0.044908704872421934
site_cc73ca175d85bc6f,40,0.06724331527055967,-0.04274930219352245,0.05190530426211545,0.07918143721858047,0.03951776605297971,0.05190530426211555,0.49907866592381817,0.8208808779973934,0.1808665379430353,-1.709972087740898,0.10274386446550489,0.250788,0.062466153352721404
site_ccee683800437b50,18,0.17259556451025543,-0.1513131189611223,0.08302751904562124,0.07771759576413839,0.026811015315687893,0.08302751904562165,0.3449799887924406,-0.032325786744862674,0.5362061199950474,-2.7236361413002013,-0.0012124231672949277,0.10872044444444441,0.012938949760644913
site_cd09f5e742102c10,336,0.08119520069698455,0.06413660893128031,0.0497911238176004,0.09010750539408285,0.06771902741872166,0.0497911238176035,0.7515359250325956,0.8379290024248512,2.2151339670511296,21.549900600910185,1.7179802962328707,2.728105809523809,1.5408512026446255
site_cd9b47f2c6e7c758,40,0.1053366913562618,0.07332123146504163,0.07562946226394941,0.05713072181409929,0.06772353269848025,0.07562946226394962,1.185413566431901,0.2753332595237669,0.44383274183537436,2.9328492586016655,0.042611613876558846,0.130556775,0.18345907524648492
site_cdb6242d14e183d0,160,0.07829196948684788,-0.024403308549523352,0.07439160583000128,0.1102085494641863,0.05793792776715682,0.07439160583000133,0.5257117351497717,0.7805966139999536,0.9807411977807232,-3.9045293679237365,0.7974893464788795,1.9433478999999998,0.5370885558323649
site_cdbb0d22e7b06f01,175,0.1277997081683117,-0.09057471468680246,0.09016089211687056,0.08999552269316693,0.05626499493086089,0.09016089211687393,0.6251977125872386,0.3096570385701157,2.858233946383487,-15.85057507019043,0.27439626305661036,1.417358968342857,0.5540061895497153
site_cdd0193742d73d25,11,0.09209686832433181,0.08107099885181947,0.04369583847825324,0.05671488938264758,0.021077533089367512,0.0436958384782533,0.37164020451772883,0.7326000454208773,0.09330016470664242,0.8917809873700142,0.009633331281759522,0.035382365454545456,0.004886886412467206
site_ce2a9736239174ff,54,0.1102778969363661,0.0974712332001439,0.05158074496506378,0.062441031166324074,0.05336354994653742,0.05158074496506402,0.8546231372187467,0.6131280778778077,0.6567055858462203,5.263446592807771,0.11032139479120573,0.21053964814814813,0.1537740969964161
site_ce840bd031a93a0e,69,0.03494076010211147,-0.015097822700289715,0.031510513582357264,0.07901782346484096,0.06697106453188359,0.031510513582357354,0.8475437767743934,0.9198976905138817,0.08423911343941803,-1.0417497663199904,0.33589294679835435,0.4308233333333332,0.30947352043282644
site_cec4a302b657dde7,101,0.05561783149806121,-0.01170339029614288,0.05437254671360245,0.0984110503445555,0.06330059416666188,0.05437254671360246,0.6432264867109401,0.8616553654781812,0.3124276612352197,-1.182042419910431,0.5421339738902331,0.9781582178217822,0.4047034874070953
site_cedd671db129d181,93,0.06235810962004653,-0.019298475937176776,0.0592967339900601,0.0607916632045953,0.06266864322206951,0.05929673399006021,1.0308756154796623,0.5389990054767677,0.3616336466908738,-1.79475826215744,0.19097003609134308,0.343693247311828,0.3652443724264387
site_cf410c13c4f583ea,45,0.02306440573063131,-0.0037126730442047138,0.022763630434840882,0.06510923774324326,0.06471057075061212,0.022763630434842048,0.9938769519280309,0.9385245113122634,0.023938506526823028,-0.1670702869892121,0.17794097855554686,0.19076457777777778,0.18843560850914898
site_cf467e53e3fb79b4,253,0.07121170798933468,0.018365573746649173,0.0688027111073006,0.07252174968612889,0.06881241614809894,0.0688027111073006,0.9488521229274833,0.5270863148329479,1.2829901607538434,4.646490157902241,0.6654835768521952,1.3306292569169962,1.1979925998832044
site_cf53fcd25709e5dc,34,0.05860328787157866,0.009387359378968967,0.05784654556020784,0.06480489750384943,0.03004041331691246,0.05784654556020802,0.4635515906051398,0.4509731586361515,0.11676774187821003,0.3191702188849449,0.02984993177126435,0.14278894117647065,0.030682498696531668
site_cf6b1b2134e1588b,836,0.05213308396587367,0.02940440159009404,0.043049269574771065,0.04415691325293052,0.036891015298661976,0.04304926957477253,0.8354527656258597,0.44737456289075395,2.2721296590108095,24.582079729318618,0.60925188171229,1.6300603779904308,1.1377517001644697
site_cfa28b3d4c2af861,102,0.1076859753781554,-0.03406613371816336,0.10215560594818525,0.10268213657996172,0.040776319558600276,0.1021556059481856,0.39711210651374107,0.21143560376131712,1.1828194679007584,-3.4747456392526628,0.09029864071923144,1.0754493596078434,0.1695962401479989
site_d04beb93196a3a21,622,0.04059525587692161,0.021859163151101667,0.03420748143383633,0.05554434597774493,0.04707205760835013,0.03420748143383637,0.8474680326096663,0.7899530095349747,1.0250403254213232,13.596399479985237,1.2846791705667637,1.918978458199357,1.3782142938549442
site_d0ce78b41de4999b,52,0.0694861420782938,-0.0176413720958508,0.06720941847316171,0.08190731971972125,0.04457631822920578,0.06720941847316174,0.5442287500279772,0.5722550223760327,0.2510728449280913,-0.9173513489842415,0.1086475322150267,0.3488580692307692,0.10332650363731405
site_d122c9eee96eec44,13,0.04087897309036631,-0.01565420706455524,0.03776289504398361,0.022781701366661872,0.0385378228662652,0.03776289504398473,1.691613029510623,0.32924924179570686,0.021724175731997607,-0.20350469183921813,0.003757867531134532,0.006747076923076924,0.01930712928653122
site_d132cef849713e59,125,0.04423844166598607,0.00661461410045624,0.04374113168788501,0.07024353066297281,0.05147598440054292,0.04374113168788565,0.7328217120452525,0.7841359987196607,0.24462996512935653,0.82682676255703,0.354415248041749,0.6167692000000001,0.33122212125061723
site_d15ecf104b47687d,115,0.09240361828329179,0.07687114719826241,0.05127626546724488,0.05843127318654265,0.04391631740004369,0.05127626546724515,0.7515892604263514,0.5287431639192083,0.9819192972620941,8.840181927800177,0.15603207014507572,0.39263457391304346,0.2217939374078587
site_d1bc13bbd7c8604f,141,0.047830001120928646,-0.0017862555772700196,0.04779663480037803,0.05890450722807299,0.04150795009567816,0.047796634800378324,0.7046650935379714,0.5947088416245983,0.322566970019153,-0.25186203639507276,0.2050233479254106,0.48923347702127656,0.24293029888148854
site_d1da6ed45ac274f5,50,0.08297524841813912,-0.03974923309087753,0.07283467799571154,0.10882830514163123,0.06158216177672473,0.07283467799571199,0.5658653021985459,0.7707590105665758,0.3442445925025949,-1.9874616545438766,0.2582768082588911,0.5921799999999999,0.1896181324547348
site_d2a88afeebc07d80,46,0.07229919180716389,0.024209283692681275,0.06812549977105746,0.051980006516974646,0.05952258691517035,0.0681254997710575,1.145105414631539,0.25917643324578377,0.24044996425457738,1.1136270498633387,0.03688684136501472,0.12428836956521742,0.1629751642414044
site_d2c6c5fd07d735c9,451,0.04881994937971415,0.00032219718284987557,0.048818886165225193,0.059102753639767254,0.048121987397592915,0.04233388021187852,0.8142088893336108,0.7061362958285266,1.0749077433044714,0.1453109294652939,0.9057666945208241,1.5754041049991625,1.0443922776634353
site_d355ed29576c96c4,250,0.04367010081350917,0.0004638431944847103,0.043667637382310776,0.06243067502438204,0.06721077575337754,0.04366763738231077,1.0765665392393828,0.7754996590770799,0.4767694262655137,0.11596079862117759,0.8135018758522272,0.9743972959999999,1.1293220943427007
site_d3c0f0b2faa9bb95,81,0.04193240528302575,0.026994533088545738,0.03208772033272752,0.053459110804130454,0.034937958433691595,0.03208772033272759,0.6535454463823995,0.8161991954110024,0.142424455638414,2.186557180172205,0.12348108468891845,0.2314879987654321,0.09887353610066331
site_d4253e2faeb3b528,43,0.09121027365082746,-0.08488718520347463,0.03336884486597982,0.062157952638881506,0.04329136643660348,0.03336884486597989,0.6964734937154854,0.8592420804631973,0.3577305028367296,-3.650148963749409,0.09942188404509149,0.16613527627906977,0.08058812354177597
site_d46dadf54503ff71,88,0.05095256911389635,-0.02873634118112651,0.04207596695060348,0.05799199770244737,0.059787738153201334,0.042075966950603484,1.0309653145588773,0.7451607891304087,0.22846245833896178,-2.528798023939133,0.22735937119139865,0.29595031818181816,0.3145624797458675
site_d47f3d91f6768d70,53,0.026194811493370464,0.007949302036807219,0.02495950212445805,0.023595725819878736,0.03658322966614618,0.024959502124458653,1.5504176453570178,0.736852783161662,0.036366911906180306,0.4213130079507826,0.033711026922008905,0.02950818867924528,0.07093163271871789
site_d55e4a9082082245,5,0.062024186444937984,0.058226240723133094,0.021370647987559638,0.08287425173116195,0.0629398886311477,0.02137064798755969,0.7594625268571973,,0.019234998520782143,0.29113120361566547,0.02593216646373272,0.034340708,0.019807147904506384
site_d583e7eb857a6d07,415,0.08092050012667808,0.0065957468940550995,0.08065124589032253,0.08165805495321894,0.0821811855643503,0.08065124589032274,1.0064063565000547,0.5153787424306526,2.717472846411958,2.737234961032866,1.4353110601875887,2.767235744578313,2.802805113216304
site_d5dd2bb3b8af01ea,43,0.0878154691873879,-0.024856450069782345,0.08422418606629267,0.10177320782100992,0.03526722392717383,0.08422418606629269,0.3465275850319942,0.6279638792533504,0.33159693502984616,-1.068827353000641,0.09691876199633576,0.4453847906976744,0.05348241459176517
site_d5fa35b8748ecd00,221,0.12146190519068384,-0.1045855488963796,0.061764531687641414,0.060033626254582965,0.04480009014581801,0.061745702667061655,0.7462499425877671,0.3343641241944457,3.260411765173698,-23.11340630609989,0.1987400579351603,0.7964920181617647,0.4435576250332258
site_d65f83745aba7368,108,0.045651445627600214,0.014690393931335873,0.043223220773467456,0.03172314651309605,0.04172924576613871,0.04322322077346746,1.3154195076113244,0.3321696901747985,0.22507788469209178,1.5865625445842741,0.04748982279499371,0.10868666666666667,0.18806363483876698
site_d68e520b86217ecc,289,0.10475054029539402,0.10055230445639073,0.029358299689973062,0.04461660394612093,0.05061004855824142,0.029358299689973246,1.1343321562384754,0.8171012745707793,3.171103275039143,29.05961598789692,0.5332206929985781,0.5752953494809689,0.7402379573545234
site_d6e0f79187805dc4,57,0.04927834379852191,-0.02816015379993539,0.040439595763178786,0.089119622819205,0.05768535858137549,0.04043959576317881,0.647280102367584,0.9370491290639053,0.1384162445489434,-1.6051287665963172,0.2745845855273829,0.4527115087719298,0.18967323389572666
site_d735284ea202b77e,489,0.1489718401028144,-0.12686855730635013,0.0780831499788773,0.07610930634956983,0.02980255976343264,0.07558566520811605,0.3915757637646777,0.21329777998228555,10.852185871229443,-62.03872452280521,0.23658462949724288,2.832594364863196,0.4343261659735044
site_d74ec077de336965,56,0.04861819303751621,-0.0010491252743772062,0.048606872254773316,0.033292132275187354,0.030543010330605302,0.04860687225477341,0.9174242754456743,-0.15803167939011578,0.1323688068770586,-0.058751015365123546,-0.008998821409419176,0.0620685,0.05224102688310589
site_d7943e43ff597b33,72,0.0678046198268005,-0.045979433283044234,0.04983330397261486,0.07444795778401095,0.0442156822108979,0.049833303972614915,0.5939139706044969,0.7616223167034443,0.3310175858297002,-3.3105191963791847,0.18051000432328632,0.3990598861111111,0.14076191184300818
site_d830d9e3fbd26651,704,0.07223122229497116,0.06111403915929523,0.038502255672384536,0.06944315061280372,0.07087539361124431,0.038502255672384716,1.020624683439644,0.8496109986594176,3.6730140298547793,43.024283568143844,2.943863610941324,3.3949352215909094,3.5364182793623624
site_d8459840bc683e6d,9,0.08508147642009982,0.08295147336853875,0.018918527844750715,0.04536999606799494,0.044793975816681916,0.018918527844751874,0.9873039386988318,,0.06514971866841601,0.7465632603168487,0.01668161752588219,0.018525928888888887,0.01805850242518936
site_d8c17cfcfd29e789,109,0.08180730995049192,-0.02321975415343538,0.0784428389235746,0.10371761736159257,0.0709097726688156,0.07844283892357481,0.683681080154412,0.6548466697211195,0.729475519785608,-2.5309532027244566,0.5249582262831817,1.1725505124770643,0.5480733487337988
site_d8f779aeecdbd8d2,131,0.13392609243062364,-0.10482433254664182,0.08335500908695886,0.09065674437343546,0.050039378441983494,0.08335500908695888,0.5519653147465794,0.4160260575009161,2.3496419686194088,-13.731987563610078,0.24723152867630696,1.0766425343511452,0.32801606072666556
site_d93f1ce9d07f856a,55,0.08070046635683785,-0.04743546029654416,0.06528738298221258,0.10731925031234286,0.054916623341931765,0.06528738298221264,0.511712700024478,0.8713516125598562,0.35819108986161147,-2.608950316309929,0.2824474023309621,0.6334581818181818,0.1658709535603783
site_da42d7233341c5fa,34,0.08849969144497333,0.018040598193687554,0.0866414000502612,0.1138287907280751,0.07334238571469583,0.08664140005026155,0.6443219263385043,0.648583534176095,0.26629464311908646,0.6133803385853768,0.18409923795058447,0.44053778235294117,0.18288958843898945
site_da8bcad340f647ba,6,0.08339378109934939,0.08163898860216141,0.01701758696356102,0.06655862077897948,0.07536174634047701,0.017017586963562654,1.1322612376649148,,0.041727136356277214,0.4898339316129685,0.02945953363627195,0.02658029999999999,0.03407635686891841
site_da99bb912bf39167,787,0.07294793262881909,0.011931790758724288,0.0719655003741984,0.08023980321932427,0.04820888370438148,0.07196550037419928,0.6008100938708592,0.46319000502998176,4.1879424884823395,9.390319327116014,1.410103017746001,5.067041278271919,1.829063920333769
site_daa49998006715f8,95,0.08937262531035123,0.03691686613747948,0.08139171425551778,0.07487550960800315,0.06909314255764815,0.08139171425551826,0.9227735867090919,0.3629725678367737,0.7588092847121213,3.5071022830605507,0.178390674059642,0.5326024842105264,0.4535169231066914
site_dabd51f8216ca183,414,0.05361248480366296,-0.01832830510767186,0.05038225638757241,0.06775277996840244,0.040102411423047865,0.05038225638757246,0.5918932247761678,0.6735744702637806,1.1899595901047184,-7.58791831457615,0.7576760631942231,1.9004418260869567,0.6657962084045674
site_dad0353659cda19f,170,0.0707820375429755,0.04738167668230393,0.05258396669621654,0.07133913570920959,0.06476961630260755,0.0525839666962166,0.9079114241952619,0.7054592485652055,0.851716462584983,8.054885035991669,0.5541406637282933,0.8651762882352941,0.7131675433177911
site_daf47f9c44bf482f,99,0.0521741269341158,-0.02232119496844032,0.04715828428301969,0.052974494924817705,0.04913898295362446,0.0471582842830197,0.9275970072647854,0.5756632939961972,0.26949181261238553,-2.209798301875592,0.14835313259603247,0.27782341414141415,0.239049324925943
site_dafe0965d62ae39c,205,0.05651299911851357,0.046346779020821176,0.03233720989455159,0.05842314617955921,0.04944992193989215,0.03233720989455159,0.846409773754934,0.8329578222936033,0.6547124092206686,9.501089699268341,0.4933185236755668,0.6997191219512195,0.5012854298715925
site_db96cd85e659d65b,81,0.0789883086102777,-0.02737157245182697,0.07409419625467879,0.06763450176041677,0.058797083910849486,0.07409419625467976,0.8693356553305845,0.3195571267835162,0.50537138466611,-2.2170973685979845,0.10293370593997798,0.37052849209876537,0.28002486318997755
site_dbd5f7c9c3a46705,3,0.06399725970481637,0.040047478485107424,0.04991842061514538,0.05837128289378834,0.021884852310913746,0.04991842061514538,0.3749249841010887,,0.01228694774917714,0.12014243545532227,0.0020914570659399034,0.01022162,0.00143684028201152
site_dc096381800c2a0d,61,0.02297948729387538,-0.002462934574533681,0.022847117751938567,0.028580942169699603,0.0348732563363031,0.022847117751939205,1.2201576886179197,0.7580051775047277,0.032211467013652184,-0.15023900904655454,0.04608621593364437,0.0498290855737705,0.07418478445734777
site_dc3fa845eee493af,75,0.07114507338206094,0.009187668499946598,0.07054933177623957,0.08920098255562485,0.051338919799202104,0.0705493317762396,0.5755420885323507,0.6130924470608426,0.37962160999041267,0.6890751374959948,0.21057344103614486,0.5967611466666667,0.1976763514611679
site_dd81667799d2704b,215,0.054576634883966,0.037900719162336616,0.03927014848756527,0.0658336481338303,0.06275466476526415,0.039270148487565326,0.9532308560159537,0.8145088707730648,0.640400951180413,8.148654619902372,0.7234828060237302,0.9318248837209301,0.8467018092071472
site_ddb8d9051d38fd31,29,0.03653113463680361,0.017515236498980687,0.032058388734261846,0.04800322026455042,0.04499509287751941,0.03205838873426208,0.9373348835671248,0.7641818959049101,0.0387011901377159,0.5079418584704399,0.04786634513350396,0.06682496551724137,0.05871219310864134
site_ddd5a78c36a9e7a3,382,0.054521881683127625,-0.025849752145912015,0.04800443621441549,0.07588470319358175,0.04019665013674098,0.04800443621441557,0.5297068901251336,0.8310354565656616,1.1355467924267457,-9.87460531973839,0.9683380962633651,2.199742484293194,0.6172244006063434
site_de08b55dd68ab719,250,0.11575747522545012,-0.09927358590698242,0.05953610846989984,0.10030286408672485,0.05797843899560012,0.05953610846989996,0.5780337333684733,0.8492631460134743,3.3499482676426746,-24.818396476745605,1.234701965078354,2.5151661359999995,0.8403748470916312
site_de0c25f31478d5ae,20,0.030096119416964932,0.018896283769309522,0.023424492815639426,0.04058414838332819,0.0456671704660958,0.023424492815639426,1.125246488721584,0.8589402919394057,0.01811552807920427,0.37792567538619043,0.031838566947095095,0.032941462000000005,0.041709809167589054
site_de2dd333b47cf663,29,0.06708957778072015,-0.01655982158923971,0.06501371974997162,0.10077300518059006,0.05190593636556367,0.06501371974997178,0.5150777856881984,0.8242312408736662,0.13052933195706368,-0.4802348260879516,0.1250282951870869,0.2945007586206897,0.0781325606695924
site_df32de3b824705c1,130,0.08538775498065639,0.07605335268790905,0.038819534329575967,0.03443732322305598,0.06059101462143608,0.038819534329576265,1.7594577322104423,0.8028027204598517,0.9478389310827593,9.886935849428177,0.21776586247384544,0.15417080000000002,0.4772652368711605
site_df4d1a2cf99eda94,136,0.05184496892805081,0.013285199203911949,0.05011391309070696,0.07668485253944575,0.05701244533734468,0.050113913090707514,0.7434642364085942,0.7570442507977203,0.36555450922847527,1.806787091732025,0.4501315248012543,0.7997570588235294,0.44205697357474527
site_df5a72d9e6b0c9b0,180,0.05862709316954734,-0.03550110394524204,0.04665627152034231,0.0787738306094663,0.05623712174047329,0.04665627152034233,0.7139061450404476,0.8116366434548897,0.6186844896319412,-6.390198710143567,0.6472010320525616,1.11695695,0.5692704950975065
site_df8e2a9486152870,479,0.0386823069545775,0.014164620187063555,0.03599561648707223,0.05472766722265866,0.04149592848790065,0.03599561648707228,0.7582257858548056,0.7532766067342485,0.7167376973661861,6.784853069603443,0.8194121836442229,1.4346613110647182,0.8247958868339502
site_dfda0bf114384539,49,0.08122851880389016,0.004662139410875282,0.08109461587052189,0.07796440841558305,0.05104264712435492,0.08109461587052218,0.6546916491981336,0.2647894080750749,0.3233055410866229,0.22844483113288883,0.051632870005709784,0.29784400000000005,0.12766223944760946
site_dffc4a16666e5428,8,0.041548928193929885,0.039841197450459,0.011789504645144357,0.050504325309818764,0.05347810822044957,0.011789504645145277,1.0588817471055822,,0.013810507472514732,0.318729579603672,0.02108641005624086,0.020405495000000003,0.02287926447070493
site_e06c7a98fed0bd3d,30,0.029131755419904242,-0.024207624632120124,0.016206482762015046,0.02199618653817571,0.018501136510784465,0.01620648276201509,0.8411065472041995,0.6923062164475577,0.025459775215353607,-0.7262287389636037,0.008452112863461175,0.014514966666666667,0.010268761565720458
site_e0819506e4cfd43e,250,0.06453219589065487,-0.03691498722434044,0.05293097415216006,0.07722653688985412,0.06464494125410492,0.05293097415216006,0.8370819650543962,0.7352534042432695,1.0411010766174635,-9.228746806085109,0.9176523006312549,1.4909845000000002,1.044742107436669
site_e08b0590bf66e62a,111,0.06004672453370426,-0.05756076709714021,0.01709874903071393,0.026312745231973116,0.02615639312965652,0.017098749030714382,0.9940579327265858,0.7876176858297933,0.40022261312214824,-6.389245147782564,0.06017033858531834,0.07685202234234235,0.07594141607239886
site_e0a3f27c6c9560a4,56,0.1735052198472505,0.12228235833730015,0.12308974836967884,0.13244723915852033,0.062497079907911895,0.12308974836967886,0.47186396866386815,0.38036967874385397,1.6858274335975931,6.8478120668888085,0.17631796011254192,0.982367185,0.21872955983289177
site_e0ceb845349c800e,31,0.042963170360193495,-0.013535581754099944,0.04077526252493153,0.05864159469618785,0.04958058630006553,0.04077526252493181,0.8454849592159649,0.7281980211543817,0.05722085422936927,-0.4196030343770982,0.0656339615520931,0.10660393548387098,0.07620527067360561
site_e0f23347bc3a360e,5,0.17350771748590443,-0.16326765929460524,0.05872477718671335,0.04735145193127663,0.012986567696592776,0.05872477718671336,0.27425912336206265,,0.15052464013584216,-0.8163382964730262,-0.002594471287727356,0.011210800000000003,0.0008432547026909348
site_e112cf24dd2b666b,2,0.13114934288342728,0.13029786169528962,0.014920367836952206,0.011499999999999996,0.0034203678369846688,0.014920367836959646,0.29742329017257996,,0.03440030027750955,0.26059572339057924,-7.86684602499008e-05,0.00026449999999999987,2.339783228055836e-05
site_e1c83eb53198657c,16,0.07303535289478985,0.02855171552151442,0.0672232274831029,0.08943485735963076,0.04056786088180711,0.06722322748310296,0.453602343420505,0.7063295552523784,0.08534660435946381,0.4568274483442307,0.04100306187374518,0.127977499375,0.026332021384410487
site_e1d83ae86567245b,279,0.08025414601434532,0.04926477806542509,0.06335384435577898,0.09997047893539995,0.08268920645856515,0.06335384435577897,0.8271362440105763,0.7752932682118647,1.796963098745228,13.744873080253601,1.7880959240486547,2.7883529677419356,1.9076638572644722
site_e217e123676f78e8,634,0.129834082022862,0.1231120533678058,0.04123482957745546,0.044256155423150145,0.05912415761927173,0.041234829577455556,1.3359533166395248,0.7173337136281792,10.687267533892008,78.05304183518888,1.1900059973480714,1.2417570236593058,2.216252252995501
site_e236e8f6fb4c7e9a,128,0.025899069469863985,0.007818995132669806,0.024690587569357814,0.02586381683905867,0.018061014161847147,0.024690587569357905,0.6983120192288095,0.41264188942535746,0.08585751032381962,1.0008313769817352,0.02467277692919597,0.08562393874999999,0.041753629766968725
site_e285e97bc06024be,13,0.06008126714331083,0.043978527716489926,0.04093467675987937,0.07495386904761556,0.061758782441230016,0.04093467675987951,0.823957231640662,0.8378139891350385,0.04692686260009646,0.5717208603143691,0.050417782560564006,0.07303507230769231,0.04958391371210136
site_e3489f2db8b7f610,188,0.05892045197116867,-0.04000432339437465,0.04325822199588286,0.06212729524813025,0.04870592585318823,0.04325822199588305,0.783969842219295,0.7205619938612504,0.6526644961715173,-7.520812798142435,0.40991466023503464,0.7256425531914894,0.4459862360846587
site_e35bffa822780b41,151,0.1045333871996251,-0.026992886777271498,0.10098818298620957,0.09416377956573939,0.045948323729387314,0.09983317957510274,0.48796176131937236,0.11688002546016053,1.6500115849534382,-4.075925903367996,0.0763608579136124,1.338889424697879,0.3187985164846272
site_e4206af93f2d6f2c,175,0.09010443496073098,-0.035908245729173935,0.08264022681627793,0.08711951206549892,0.05829593654825045,0.08264022681627808,0.6691490248983707,0.40943621582890233,1.4207916099287048,-6.283943002605438,0.3638966198282071,1.3282166419428574,0.5947228381565874
site_e44008751f3e2871,30,0.017901713411474694,-0.004520038743019106,0.01732167985006591,0.016486704744530768,0.02910879943327111,0.017321679850065923,1.7655923293542057,0.8533851642296514,0.009614140291997189,-0.13560116229057317,0.01228639567427337,0.008154343,0.025419666133392138
site_e443401d44fc1f23,274,0.0845828890766506,0.058282683598081565,0.061297584921095334,0.08025707237598909,0.04585385358419449,0.061297584921096125,0.5713372320557363,0.6503063477320039,1.9602686441275163,15.969455305874348,0.6557340103685312,1.7648881605839415,0.5761057934546845
site_e473611ef37db918,1,0.07117925095558167,-0.07117925095558167,0.0,0.0,0.0,0.0,,,0.005066485766597674,-0.07117925095558167,0.0,0.0,0.0
site_e4827c2c7a3df4be,641,0.026736881832015565,0.021373877945491192,0.016062944676192133,0.024064894785190544,0.027592115039997454,0.016062944676192212,1.1465711895394426,0.8150780034795473,0.4582258049135641,13.700655763059853,0.34691746304521276,0.3712153822152886,0.48800920473587084
site_e4a78bd8d0c42b04,2,0.06024361194248649,0.05301272046566009,0.028617201972007747,0.0793,0.05068279802799444,0.028617201972011626,0.6391273395711783,,0.007258585559753801,0.10602544093132019,0.00803829176723957,0.012576979999999998,0.005137492031892954
site_e4ad3110c632fc3e,37,0.10620402402207242,-0.08083909156354696,0.06887914048288787,0.09002233307843846,0.03007520876667691,0.06887914048288812,0.3340860843994313,0.7874970295768285,0.4173339045837946,-2.9910463878512377,0.07888774886928702,0.2998487567567567,0.033467172747290386
site_e526161d153fbae1,108,0.0722160613486339,-0.013735573084266095,0.07089776829179067,0.08910861105679899,0.06107326103441458,0.07089776829179086,0.6853800133354755,0.6104012201851281,0.5632372278046427,-1.4834418931007383,0.35876488837103054,0.8575572129629627,0.4028338670447962
site_e580905782041227,176,0.122704834052559,-0.1163300838836892,0.03903572573271661,0.05287503761013062,0.07893081035738347,0.03903572573271689,1.4927802215361583,0.8987791121256895,2.6499398287764233,-20.4740947635293,0.6601807997370138,0.49205545,1.0964928169664894
site_e5a46bf8593cb776,159,0.11609640108559441,0.021077609556426045,0.11416702115941389,0.13154045689507898,0.05751850896337884,0.11416702115941403,0.43726858124917034,0.5007369143549355,2.1430615208593258,3.3513399194717413,0.6023843752732255,2.7511597962264154,0.5260322408658764
site_e60e5a5f7ff91a10,8,0.14102376610984868,-0.12800876122713087,0.05917313289746196,0.05858643054283132,0.04613483083155522,0.059173132897462434,0.787466148800907,,0.15910162086244242,-1.024070089817047,0.008237331210821867,0.027458958749999995,0.017027380926849744
site_e60f7e42ba2fd8cd,702,0.07510870266025678,-0.05753254401887584,0.04828378189436882,0.07753782631007897,0.0579785331925079,0.04828378189436884,0.7477451451972339,0.7832560464416455,3.9602046851454187,-40.38784590125084,2.4718477303343303,4.220504385242165,2.3597802384306275
site_e621c0e748219561,130,0.11598627154120615,-0.10713955105726534,0.044428952106459106,0.06501725078322125,0.045792649188632795,0.044428952106459856,0.7043153722588702,0.7305713350548486,1.748865974183953,-13.928141637444496,0.2827680591998192,0.5495415769230769,0.2726056735627149
site_e692ba92ac3619b9,78,0.054642918346375274,-0.027528109893432025,0.04720224243723773,0.05932681468080804,0.05119419433022581,0.04720224243723791,0.8629183044069093,0.6440931816147809,0.2328961849818736,-2.147192571687698,0.15258612650533512,0.2745343333333334,0.20442595158343213
site_e6f2aca5e6ecbaba,167,0.10848080705697093,-0.10230297064124468,0.03608583791057626,0.037831817415747426,0.045592463340056816,0.036085837910576304,1.2051354244768329,0.639979379737867,1.9652702784552027,-17.08459609708786,0.1843455739611548,0.23901815029940116,0.34713834314020886
site_e6f4ed93ce9ba081,116,0.09789295525872703,-0.053781363145030785,0.08179606144277031,0.10986853293969592,0.06524091343106546,0.08179606144277032,0.593808906749256,0.6722222775023593,1.1116315599573072,-6.238638124823571,0.5589387875892992,1.4002469655172414,0.49373970709709414
site_e722a68e19572b18,15,0.00771793858879764,-0.0017229822051525114,0.007523158138785831,0.01038992246789594,0.00858453796919385,0.007523158138785896,0.8262369614132743,0.7009928794199461,0.0008934986409067755,-0.02584473307728767,0.0009378515448917944,0.0016192573333333332,0.001105414382167963
site_e755ae9494167172,176,0.12255198352104857,0.06596198544285513,0.10328603555844287,0.13551439769330695,0.06369461653587138,0.10328603555844311,0.47002102817166025,0.6808260339197124,2.643342005030031,11.609309437942503,1.0342772894477303,3.2320907488636363,0.7140327349146993
site_e7895d956d62a46d,90,0.027082422309566936,-0.0007262673801845976,0.02707268242797911,0.03150423056051166,0.011936417242328445,0.027072682427979153,0.3788829953933205,0.5345924588407638,0.0660111838338356,-0.06536406421661378,0.018092900967597962,0.0893264888888889,0.012823025092466023
site_e7920aa397fb1716,99,0.05937722951846951,-0.015394416590531665,0.057346903343826416,0.09645427835761575,0.0492531472021066,0.05734690334382645,0.5106372474167986,0.8883611123139685,0.3490398831436116,-1.5240472424626348,0.41781133348389415,0.9210393535353536,0.2401613784219257
site_e7d7202b18581b5a,73,0.2393081138971538,-0.23332273123198993,0.05318718330065754,0.058260075884856294,0.02999283418516924,0.05318718330065781,0.5148093909875144,0.4191778710602894,4.18059125652196,-17.032559379935265,0.05346994781453315,0.2477792602739726,0.06566861747951114
site_e7defe0b5f5d29b7,231,0.06817960860467441,0.004446972705069044,0.06803442851414983,0.10492177169239797,0.0603618728098509,0.0680344285141502,0.575303598444901,0.7913323654863137,1.073794035811403,1.0272506948709492,1.1577085213082565,2.5429815584415585,0.8416613641850146
site_e7df8a81d2875ad9,50,0.0786621248213823,-0.050480075623989096,0.06032820108714556,0.11438415274853418,0.06815879253875028,0.060328201087145567,0.5958761847770362,0.9036266774591845,0.3093864940707365,-2.524003781199455,0.3522465888482332,0.65418672,0.23228105001702004
site_e7ee204eaac12eb2,47,0.05936078446134373,-0.018986118468832466,0.05624259984525579,0.09823004475756789,0.05145254762793485,0.05624259984525614,0.5237964388076981,0.9035358227058808,0.16561402839770703,-0.8923475680351258,0.21463199335843963,0.4535096595744681,0.1244261388980305
site_e813e7562543b91c,20,0.11106970375470827,-0.08092865379154682,0.07607254490055274,0.10038818406565585,0.04076514287962095,0.07607254490055314,0.4060751099248866,0.7272800189473848,0.24672958184317317,-1.6185730758309365,0.059525522863492365,0.20155574999999998,0.03323593747991821
site_e84e6fd19eaae8f3,84,0.14229266672203175,-0.10441498636007313,0.09666805897654589,0.1077720028923389,0.047023547005155014,0.09666805897654589,0.43632433046762775,0.44213323713418773,1.700765052240845,-8.770858854246143,0.18821480807133376,0.9756435870238096,0.18574197372746593
site_e894534d7e7a123f,174,0.08378934194689955,-0.03912347073924952,0.07409458725986363,0.09238506886898627,0.06419724325499224,0.07409458725986492,0.6948876484146164,0.6041510832437059,1.2215937653576363,-6.8074839086294165,0.6234662843324672,1.4850901652873563,0.7171037712280726
site_e8fdb2dcaaa2ec50,118,0.07626109860090774,-0.010272911239478547,0.07556601388510029,0.08065588476573,0.056443747257925066,0.07556601388510029,0.699809411574486,0.4372353740143674,0.6862591088584501,-1.2122035262584685,0.23488170794518826,0.7676338661864407,0.37593579933294974
site_e908f29f409c402b,51,0.013459192370394227,-0.004321750525399748,0.012746463496181408,0.02258828295201944,0.019944662125054823,0.012746463496181549,0.8829649498999094,0.8274381886896903,0.009238642822427187,-0.22040927679538713,0.01901146742976179,0.026021756862745098,0.020287266911412416
site_e9578e4592e63187,8,0.022693248372977853,0.008798125132918357,0.02091832966236005,0.018289341158171882,0.02803173203879301,0.020918329662360135,1.5326813468219505,,0.004119868173741296,0.07038500106334686,0.002730805940926075,0.002676,0.006286224008757557
site_e98d1003be09654d,174,0.07003744932755575,0.05899146941681017,0.03775249454480443,0.03720863645046457,0.04971407440267474,0.03775249454480513,1.3360896594224438,0.6570251589708849,0.8535125096459293,10.264515678524969,0.2114727248999922,0.24089997701149427,0.4300391197063542
site_e99ab7a415991029,162,0.06900442344632217,0.0477053360214204,0.04985791181189507,0.04860985967426981,0.04656446131946111,0.049857911811895333,0.9579221505983617,0.4518143223039464,0.7713808937358126,7.728264435470105,0.1656738477677659,0.38279279012345674,0.3512563473913976
site_ea33c67804056e7d,182,0.08914488813648165,-0.013487016313351117,0.08811873507846803,0.09435775635973616,0.0500677763545527,0.08811873507846812,0.5306164356395968,0.3858000155291281,1.4463196167175807,-2.4546369690299032,0.3317183817678264,1.620416285714286,0.45623436569429016
site_ea99257f5d54ddf2,142,0.10274279715189195,-0.08500150483175063,0.057713313394161414,0.08630036744962383,0.06358528203561882,0.057713313394161664,0.7367903974769923,0.7435183871137065,1.4989636960564638,-12.07021368610859,0.5793610629095157,1.057580985915493,0.574118508999985
site_eafced833314a87c,939,0.05197969597563749,-0.03021794338681447,0.04229379022020821,0.05705850238702884,0.06601991469220005,0.042293790220208426,1.1570565635316852,0.7732334838550471,2.537073577302802,-28.374648840218786,2.7350896869600136,3.0570766602768904,4.092752758671484
site_eb3bc9a7aee9d6f6,324,0.03708634031446849,-0.00930480703269994,0.03590010033418832,0.048606134861892365,0.024984140816978525,0.035900100334188334,0.5140120869097599,0.6990986816182991,0.44562851068626486,-3.0147574785947806,0.275067322400387,0.7654682561728396,0.20224316272548637
site_eb828ca3e955ad1d,72,0.06301259033902128,0.0279375594192081,0.056480787130948645,0.035015998878643116,0.06545890832036365,0.05648078713094952,1.8694000004748748,0.5062825284334225,0.28588223096879883,2.0115042781829833,0.08355274347712596,0.08828065277777777,0.3085105448515517
site_eba5cbc1dd84d08d,137,0.0445001745918483,-0.03341553978815566,0.029388215995040726,0.04200977355463329,0.03591226005520759,0.02938821599504091,0.8548548829596535,0.7260866168220834,0.27129637880258245,-4.577928950977325,0.15007283160540744,0.24178048715328468,0.17668758785138167
site_ebf4f84d79acafd6,8,0.10177669879088143,0.0982527780085802,0.026549727500794863,0.05560539542166749,0.07968200905494005,0.02654972750079493,1.4329906019136185,,0.08286797133415845,0.7860222240686416,0.03494517814666033,0.024735679999999996,0.050793780536252386
site_ec20e4065643efdb,232,0.07147449068694597,-0.003348533241399401,0.07139600930086758,0.08330052171121309,0.06338282304363409,0.07139600930086788,0.7608934703118685,0.5548452938640996,1.1851958539983318,-0.776859712004661,0.6796404075091512,1.609842644827586,0.9320326836195065
site_ec919d9a24ddf81b,54,0.13296491230580834,0.12765944700770906,0.03718512463576293,0.04855266327516042,0.05316298655245038,0.037185124635765295,1.094955105781985,0.7362707277287103,0.9547020668425305,6.89361013841629,0.10262513041496277,0.1272975,0.15262036951550506
site_ecbc4520bb039c64,117,0.1942746755927079,-0.003523684839917046,0.19424271729411327,0.17172270627834763,0.06486190489866867,0.19424271729411333,0.37771303693253666,-0.18110898809076573,4.415890000468272,-0.4122711262702944,-0.23601700179469887,3.450176478632479,0.49222680472882074
site_ed130293b294c5a2,39,0.05650427021545024,-0.023361926586200038,0.051448546517483054,0.054385126389359315,0.022599988406215042,0.05144854651748307,0.41555458094213105,0.3342064735874656,0.12451656955064408,-0.9111151368618015,0.01602019593692743,0.11535193692307688,0.019919619562481117
site_ed8668d708cd9f42,70,0.06876316506282461,-0.052444799527100155,0.04447376611014112,0.09594681881551013,0.07181977528558758,0.04447376611014119,0.7485373269507261,0.8987210739536592,0.3309861008620084,-3.671135966897011,0.4335084701804178,0.644405442857143,0.36106560854506076
site_ed9138fe753e1f02,20,0.0512321878051378,-0.021461341874599454,0.046520402752367414,0.04288317239897253,0.013152825481743178,0.04652040275236744,0.3067129772809979,-0.13490706316747467,0.05249474134601821,-0.4292268374919891,-0.00152184579089284,0.03677932949999999,0.0034599363630638535
site_eda005e51a299a0e,329,0.21843365798921835,-0.21495925120560955,0.03880442324883154,0.07235669123153658,0.06323515352554722,0.03880442324883156,0.8739365005400667,0.8445432174045447,15.697663508099216,-70.72159364664554,1.271320507638813,1.722476462006079,1.3155672470204443
site_edb67bacc6a2f615,2,0.05321170213439862,0.05294226541519165,0.005348062896728515,0.07665,0.07130193710327148,0.0053480628967285115,0.9302274899317872,,0.005662970488079924,0.1058845308303833,0.010930586957931518,0.011750444999999998,0.010167932469357766
site_edc41c47fa42988f,103,0.02426854331706256,-0.009535989710659658,0.02231652067349064,0.021369083293466096,0.02021149149846242,0.02231652067349065,0.9458286638174308,0.42499898808617614,0.06066310605741062,-0.9822069401979447,0.018906423242896507,0.047033685242718455,0.042075952025019125
site_ee1921e55841ea0d,206,0.06426578539062716,-0.03371551394260045,0.05471156451300275,0.08555681359390584,0.05693192369918468,0.05471156451300299,0.665428284524611,0.7768415766166695,0.8507987814060745,-6.945395872175693,0.7794892706880798,1.5079134805825243,0.6676962508344959
site_eef5f3ba42e04423,79,0.02774377161329077,-0.00833478747229033,0.026462202877353035,0.029943061386108267,0.039025993995652784,0.026462202877353253,1.3033401458996585,0.7356790775372766,0.060807632203104665,-0.658448210310936,0.0679149945802515,0.07083036708860758,0.12031922838054943
site_eefad9fa85f80180,151,0.07961945417403768,0.07138454420677084,0.03526335677957028,0.03970231760324784,0.05383398121991721,0.03526335677957029,1.355940521102308,0.7558171763100745,0.9572278799287246,10.779066175222397,0.2439304755397684,0.2380173774834437,0.43761272763194625
site_ef1a0b7a4f85647e,128,0.16587118602776132,-0.1184654488111846,0.11609990435922331,0.10085710807870707,0.0689714067424152,0.11609990435922338,0.6838527105951834,0.10422440431328306,3.521696045344794,-15.16357744783163,0.09280149797163903,1.302036,0.6089030333475427
site_ef1b5625cbf889df,183,0.09787036347747378,0.01102612627764217,0.09724727547094739,0.12119144356353147,0.05233786357770961,0.0972472754709474,0.4318610459514235,0.6282287133917208,1.7528852726399489,2.017781108808517,0.7292170613887858,2.687787976721312,0.5012831093898464
site_f005fd2353ec048d,130,0.09934655288701172,-0.070142613629928,0.07035446910960565,0.08307237396376928,0.050840365717888525,0.0703544691096057,0.6120008769709863,0.5370055753985782,1.283065884169136,-9.11853977189064,0.29484070060968404,0.897132511076923,0.33601656222272513
site_f059546b5612f674,32,0.11280973994313331,-0.06617917676270008,0.09135838214990821,0.12720319313503886,0.04697038009161611,0.09135838214990823,0.36925472493251305,0.8402410669868174,0.40723319763319576,-2.1177336564064024,0.16064823937043549,0.517780875,0.07059893139042839
site_f07b80b3214910ba,44,0.08991180452920675,-0.05105702276934277,0.07400887122250344,0.09835446468331012,0.06942062194644939,0.07400887122250353,0.7058207491645212,0.660203384614042,0.35570183412272444,-2.246509001851082,0.19834123000875117,0.42563843181818184,0.21204580106300142
site_f0ccb43d6f9d9cfd,309,0.06497136117149808,0.060025940483827804,0.024862908951070264,0.025492549272102424,0.0317974368917088,0.024862908951070267,1.2473227589877047,0.6432184457410576,1.3043748316954697,18.54801560950279,0.1611099456534706,0.20080985113268607,0.312422790800601
site_f1050af72de062ae,91,0.07535044374538667,-0.05880159315591331,0.04711753405000235,0.06255148363789058,0.03422236798151058,0.04711753405000253,0.5471072145885979,0.6689050822265781,0.516669732909028,-5.350944977188111,0.13030274350775795,0.35605461758241763,0.10657651279383473
site_f1573be180b99853,119,0.04317105925353289,-0.03650724661655786,0.023042597543460056,0.04469950703262642,0.03436041791026612,0.023042597543460084,0.7686979161802893,0.8619486081403805,0.22178510249157363,-4.344362347370385,0.15753951530949592,0.23776746554621847,0.14049595995720826
site_f2457bdf17f809aa,15,0.07239625423904097,-0.06615579763253529,0.029404558616767145,0.04126600968782365,0.038982466589215885,0.029404558616767253,0.9446628565281034,0.7328775533830764,0.07861826441765787,-0.9923369644880294,0.01768416142115991,0.025543253333333335,0.02279449052068999
site_f2e692f63befa2ca,575,0.09988906837297304,-0.023789798761865367,0.0970148001868294,0.1344642444121515,0.06736445543494611,0.0970148001868294,0.50098415180518,0.7290003406259763,5.737249938741778,-13.679134288072586,3.7969352850000755,10.396363989565216,2.6093326672269335
site_f35139d0576344b1,63,0.06126543171827159,0.0560340814571532,0.024771653939115935,0.06413612224691127,0.06693484007567765,0.02477165393911613,1.0436371537710354,0.9294420765036465,0.23646754678845053,3.530147131800651,0.2513725248493609,0.25914685714285707,0.2822571874052623
site_f39ad74b903eb489,68,0.07153985475484904,0.06189700189934058,0.03587076768369932,0.07388664398366968,0.07551969084327294,0.03587076768370044,1.0221020575784197,0.8849400585100937,0.34802065564745305,4.208996129155159,0.33577542826051215,0.3712280588235294,0.38781921194431956
site_f408269ff3bfc904,433,0.05030194851018681,0.007803891207480817,0.049692910016855406,0.06692052862627104,0.04234249298059434,0.04969291001685554,0.6327280111169342,0.6708573352067746,1.095613848358003,3.3790848928391934,0.823102377696139,1.9391286466512703,0.7763199462144577
site_f40d91148ce5f169,100,0.07587192174688456,-0.03711997508239746,0.06617141346115835,0.08172392327831551,0.06177856127787669,0.06617141346115857,0.7559421868121315,0.605762833178174,0.5756548509565376,-3.711997508239746,0.30583671550583835,0.6678799635999999,0.3816590633564365
site_f41236f6a73e8c51,344,0.0974956335134432,0.07605838822209557,0.0609960665555134,0.08022211993946854,0.06647981294736484,0.060996066555513914,0.8286967858431946,0.6688947318148761,3.269857102640544,26.164085548400877,1.2271570345589589,2.213842453488372,1.5203305421537165
site_f459e887bba62073,76,0.06651169020027277,0.04763290681493909,0.046421020256521596,0.04930889935297341,0.0631795870470188,0.04642102025652167,1.2813019125564595,0.6850214860607933,0.3362091749305766,3.620100917935371,0.1621884328207295,0.1847839342105263,0.30336617667681876
site_f468c03f1fedb166,24,0.12993866881143154,-0.09242387248575686,0.09133392276270325,0.08441858956348944,0.0494113035968939,0.09133392276270336,0.5853130673278153,0.14696971731008537,0.4052173836596853,-2.2181729396581646,0.014713076877718171,0.17103595833333332,0.05859544615546608
site_f4812d36f8b87671,83,0.0957206129771227,-0.07018204241344728,0.06509160215721531,0.06853445413576326,0.05432635675921642,0.06509160215721535,0.7926867944639739,0.4581251133185432,0.7604821671434371,-5.825109520316124,0.141573422497475,0.3898486265060241,0.24496230221456172
site_f48c6b207c3fab2d,284,0.12793634508434976,0.12257475883818009,0.036648832031919085,0.04645192347155819,0.04044416161873221,0.036648832031919154,0.8706671025903924,0.6521431427154087,4.648429183765878,34.81123151004314,0.3479531809803046,0.6128098591549297,0.4645473793679654
site_f4ae282ac466260d,9,0.11929144763698228,0.11478319395913017,0.03248488669931892,0.022557372669005475,0.03959112789631229,0.03248488669931892,1.755130283887703,,0.12807404531394198,1.0330487456321715,0.004594610726833344,0.004579515555555557,0.014107116672919418
site_f4e6d6d6c1cafad7,124,0.05004049367076339,-0.02011555911119907,0.04581937677945398,0.04518406323870869,0.07037871129408506,0.045819376779454045,1.5576003185519713,0.769709626596007,0.3105023248449001,-2.4943293297886844,0.30351153171453027,0.2531583467741936,0.6141922124236059
site_f4e907a8ba8d1abb,25,0.21333582413530702,-0.2042240935115814,0.06168219750352186,0.07287956377476473,0.0378839959814578,0.06168219750352188,0.5198164481134767,0.5327720758282161,1.137804346487266,-5.105602337789535,0.03677418098324537,0.13278577039999997,0.035879928788077775
site_f5ae0072aa9d0a04,65,0.08002289590778466,0.007895126302058882,0.07963247359050625,0.10741916563426719,0.05486021394260842,0.07963247359050629,0.5107115999149762,0.6963461631085783,0.416238151515429,0.5131832096338274,0.26673365450056696,0.7500270144615384,0.19562679979886988
site_f5fb4b6c3b6ce99f,102,0.05427153060262139,-0.0015506082603744436,0.05424937463210178,0.06258778072467487,0.046999236482602826,0.05424937463210228,0.7509331044881361,0.5410640102751987,0.3004307014630295,-0.15816204255819324,0.16234135777868472,0.3995574901960784,0.22531067945465771
site_f617214b073c06c0,689,0.03150227584689096,0.0064192266950067476,0.030841318262547116,0.05048433233973089,0.04064781848906589,0.030841318262547164,0.8051570973649637,0.7918134893480702,0.6837590412546571,4.422847192859649,1.1195306233763997,1.7560321223222062,1.138396906916912
site_f645d63c8edb6a7a,176,0.0987697669228935,-0.018715354955467306,0.09698042249285974,0.11337114285856807,0.04716131931694602,0.09698042249285985,0.41599050805883075,0.530417740730119,1.7169621670084765,-3.293902472162246,0.4991363278773698,2.262130821818182,0.3914574469898304
site_f65ec349d3fa498b,397,0.13293195986267742,0.12810867749848953,0.03548341447099592,0.026685419576828063,0.03674482540668444,0.03548341447099806,1.3769626256351364,0.4095763715707589,7.015349663314195,50.859144966900345,0.15943939026323162,0.28270831234256927,0.5360223310845857
site_f695cfa2b198ee8e,37,0.03326686553865319,0.030657307918168404,0.012915642220866911,0.0214687688296765,0.01268158310303694,0.012915642220867178,0.5906991315453104,0.8354516876082508,0.04094732068237275,1.134320392972231,0.008415960265051675,0.0170535972972973,0.005950434349971584
site_f6a13c8718860659,32,0.02862156784576116,-0.012469253161456438,0.025762606070524344,0.03236991695135315,0.02966801547165627,0.025762606070524358,0.9165304784761292,0.6582439830146962,0.02621421267038429,-0.399016101166606,0.020228652702702674,0.03352996875,0.02816611654484594
site_f6e487124edabf8f,133,0.08687138401982905,-0.0736244774337998,0.046109366555186077,0.08439375235256907,0.07308635155876486,0.0461093665551861,0.8660161388894566,0.8380183056478503,1.003702769082241,-9.792055498695373,0.6874667946571413,0.9472666230075188,0.7104347662947924
site_f7b6fd0b704f24d5,64,0.08395734001786752,0.0233685380063951,0.08063960797473836,0.08017830495799659,0.04377827478993947,0.08063960797473839,0.5460114779537159,0.2624381671804546,0.45112543634405244,1.4955864324092865,0.05895524976644666,0.4114278775,0.12265838998934075
site_f801eca3ddf0629c,849,0.03700015813006592,0.0007777402760142851,0.03699198320870278,0.047011938799655636,0.056264304546709804,0.03699198320870311,1.1968088528848748,0.7575132434899109,1.162290934700751,0.6603014943361281,1.701136008231607,1.8763939088574795,2.687655499240048
site_f80bf9d30cd43152,124,0.01991601146502049,-0.01007042784522618,0.017182374564911593,0.019698500407753276,0.019724933725898647,0.01718237456491159,1.0013418949462247,0.620084841319854,0.049184291571678626,-1.2487330528080465,0.0298759358532186,0.04811583387096774,0.04824505330089564
site_f8577ef511842081,219,0.0757509984351576,-0.04949394737324213,0.057345993210842446,0.07858698888785544,0.05922592964532641,0.05734599321084453,0.7536353088911767,0.6869929353698965,1.256668814299192,-10.839174474740027,0.7002593577084952,1.3525253461187212,0.7681886525753405
site_f85796d856927f97,73,0.07501426993842827,-0.03120599416184099,0.06821529610554022,0.10187417131815199,0.04886085312536566,0.06821529610554024,0.4796196375700934,0.8148813783930431,0.41078127069086307,-2.2780375738143923,0.29610271414032546,0.7576193150684932,0.17427895667411453
site_f863ed028d428c3e,85,0.11420134851718251,-0.07785744193301483,0.08354739217228874,0.09495401524096084,0.034065546227870794,0.0835473921722888,0.3587583541509443,0.49411055881325355,1.1085655802671537,-6.61788256430626,0.13585378773422804,0.7663825258823529,0.09863922238327216
site_f8923c8bedba827f,29,0.06425847510746427,-0.04198061644619909,0.04864955771570514,0.06536619612398584,0.06288237369880666,0.048649557715705165,0.9620014231749404,0.7128478158560686,0.11974539707096157,-1.2174378769397736,0.08497221925083935,0.12390944827586206,0.11467159473789473
site_f8bf18cf05681ba1,521,0.05256494701385238,0.020499698902732347,0.04840285115017939,0.06413669338200492,0.06407108639621915,0.048402851150181066,0.9989770756438128,0.7149359563439946,1.4395613740305053,10.680343128323553,1.5306416149059037,2.1431415431861804,2.1387592423477173
site_f9474c251f4c85b7,278,0.10117857116596586,-0.07961314210081273,0.06244077888705602,0.06737369251298479,0.041333459943328835,0.06244077888705663,0.6134955410876838,0.4217230605906164,2.845914707165824,-22.13245350402594,0.32648576951211844,1.2619016151079139,0.4749504652265218
site_f956c78502603f81,228,0.041504014707813904,0.01671099622730623,0.03799112846385837,0.05377132362069216,0.03952122587250445,0.037991128463858416,0.7349870379105934,0.7081889036662169,0.39274897800554665,3.8101071398258206,0.3431350633929435,0.6592289956140351,0.3561194231381375
site_f9b796db02c200aa,619,0.11725180481561513,0.10496145037129544,0.0522597327631245,0.0436637165351701,0.06898986275648941,0.052259732763124504,1.5800272681992082,0.6531506394965351,8.510003168429327,64.97113777983188,1.2178953864502453,1.1801359676898222,2.9461931199955727
site_f9f0235d2e05c1c5,86,0.11888665702351167,0.015857206402545752,0.11782438721815257,0.13398621998457327,0.04370205802229244,0.11782438721815264,0.3261683031831494,0.5105983945261495,1.2155272007674442,1.3637197506189347,0.2571224043056196,1.5438984145348835,0.1642488092830081
site_fa6684a460ee051b,87,0.018546097941726986,-0.009025398411147897,0.016201849659349975,0.025409193582436075,0.026116784808696628,0.016201849659350252,1.0278478427095643,0.8025944062088495,0.029924324151179297,-0.7852096617698671,0.04633679311681411,0.056169559310344834,0.05934152104070772
site_fa67fc8ac26d4830,132,0.08237583241697846,0.07223642653904178,0.039593894065369964,0.06730838360274266,0.045387933408193186,0.039593894065370484,0.6743280848352408,0.8220663785720562,0.8957226651634956,9.535208303153514,0.3315052326313699,0.5980152424242424,0.27192851387678846
site_fa6f730253456586,123,0.03529694017491654,-0.015787634700972858,0.03156936135337988,0.03858576805590042,0.03253117209572964,0.03156936135338009,0.8430873281724158,0.6176164540805785,0.15324250024253136,-1.9418790682196616,0.09535661580471427,0.18312996406504067,0.1301680904244034
site_fa8f84308360a237,255,0.05119798278299677,0.00439245487358056,0.05100921270938801,0.08446777864135166,0.06107206196812734,0.05100921270938839,0.7230219966768391,0.800859565115621,0.6684145274672486,1.1200759927630428,1.0534894815524711,1.8193754352941178,0.9510981720248903
site_faac0be9a66c6585,533,0.08888071213307563,0.0611158230215255,0.064534000075032,0.0802532364799751,0.07582400241812037,0.06453400007503202,0.9448092780288067,0.6594136217912384,4.210583267287657,32.574733670473094,2.1387222339841654,3.432830187617261,3.0643658896607655
site_fab524c655a9dd78,4,0.07193857394753014,-0.04546350628435612,0.05575148444603583,0.11416458513917528,0.06127841952358762,0.055751484446035865,0.5367550668088934,,0.020700633686417055,-0.1818540251374245,0.02736073836274445,0.05213421,0.015020178797235217
site_fadb31acf1acd232,565,0.050546338040789104,-0.037239910746675674,0.03417779011161126,0.037817834341110856,0.02860789144981589,0.034177790111611484,0.7564656186226122,0.4993484591271521,1.4435367434735538,-21.040549571871757,0.30523523572833666,0.8080565557522124,0.4624024710605137
site_fb12f9388775927e,36,0.04155452762550421,-0.018711813218063783,0.03710319140277674,0.058105241896084285,0.03720790388452768,0.037103191402776896,0.6403536526200251,0.7826181154001939,0.062164035582436536,-0.6736252758502962,0.0609120078302092,0.12154388888888888,0.04983941201328901
site_fb318c5726a2f05c,229,0.051546496075652794,-0.012772405861246533,0.04993903189082548,0.06367017176423491,0.07121047775595477,0.04993903189082627,1.1184276056241997,0.7312461798440765,0.6084624480080991,-2.9248809422254562,0.7592398829761746,0.9283409868995633,1.1612434605709745
site_fb4c3069d7e94bed,118,0.020813256321605716,0.007902734600891501,0.0192545689262765,0.015938574997119745,0.013771686608552791,0.019254568926276507,0.8640475457210866,0.166193048218179,0.05111661336764552,0.9325226829051971,0.004304586926329946,0.02997650440677966,0.022379803541214688
site_fb501c568fd614c3,94,0.07189444167375983,-0.038477192005958956,0.06073151108706436,0.06920450863485399,0.0467123860451077,0.060731511087064614,0.6749905023035101,0.5077778239466256,0.4858682098966754,-3.6168560485601415,0.15430074556552348,0.45019081744680856,0.20511241894255416
site_fb66aa74c523bf6b,430,0.095081694748367,0.08745618190599043,0.03730877809105995,0.0497236059932219,0.052449755192302716,0.03730877809105997,1.0548260558466422,0.734563299189753,3.8874273307753056,37.60615821957588,0.8237658113615458,1.0631479069767442,1.1829200324849687
site_fbbe7c46acc177a1,41,0.040966318643471056,0.022137184151789033,0.034470049913340496,0.023180152128636305,0.023316901645796896,0.03447004991334064,1.0058994227648599,-0.09915735662495212,0.06880780979113459,0.9076245502233504,-0.0021973332122149983,0.02203009756097561,0.022290793996750408
site_fbcf22b1e9843130,94,0.10704488832790147,-0.03216902365519645,0.1020968267587407,0.1116111889197399,0.059358370969897184,0.10209682675874147,0.5318317235432557,0.4193707710361766,1.0771091630104923,-3.0238882235884663,0.2611654481174466,1.1709634042553196,0.3312011231947937
site_fc3e5e33830dc393,21,0.03562881417094162,0.00792008944352468,0.03473736579584093,0.07398777247755521,0.06693147105170016,0.03473736579584102,0.9046288164980824,0.8831919033419295,0.026657660383777298,0.1663218783140183,0.09184694096446037,0.11495800000000002,0.09407625816003612
site_fc969b6a7d772c7d,88,0.08885164342325987,0.06436113521863114,0.06125568391898988,0.06332166402843957,0.039284176538016205,0.06125568391899028,0.6203907800081273,0.3619281022601165,0.6947260794332424,5.6637798992395405,0.07922731736556372,0.3528477159090909,0.13580569431176204
site_fca46353b779e0c3,13,0.09731706479232415,0.09656511407632094,0.012074346492483084,0.011665454994842098,0.014877811522874452,0.012074346492483302,1.2753734448808642,0.6097217476392478,0.1231179442973144,1.2553464829921723,0.0013756747727210702,0.001769076923076924,0.0028775405842322854
site_fd9f51d6899fafaa,46,0.0504340798001548,0.013326224850571673,0.048641629665548705,0.06476356956877241,0.044972514659216783,0.04864162966554873,0.6944106842576131,0.6610699298048011,0.11700543464326561,0.613006343126297,0.088569294275473,0.19293871739130433,0.09303624543957956
site_fdbd79ba7196fbc0,8,0.10371737020466884,0.09589355300366878,0.03951859530024935,0.055083219711178834,0.04290219826642542,0.03951859530025044,0.7788614843390983,,0.08605834305737861,0.7671484240293502,0.0132521613413468,0.024273288750000004,0.014724788928733412
site_fe445170e29174a0,133,0.02069230557697669,0.006138638237096312,0.01976078517379913,0.051508748070784524,0.06073940764487872,0.019760785173802215,1.179205667383125,0.9512110055380287,0.05694681084210041,0.8164388855338095,0.3958038861893118,0.3528691,0.49067366025974996
site_fe8014b9bedb3a60,34,0.07216720479580631,0.04533537462178399,0.05614988206525775,0.09546928345308234,0.06704967810103991,0.05614988206525785,0.7023167627940872,0.8168202146424803,0.17707558523335484,1.5414027371406556,0.1777729807294467,0.3098890588235294,0.1528524173374044
