physical_site_id,n,rmse,bias,ubrmse,observed_sd,predicted_sd,within_series_ubrmse,amplitude_ratio,r,sse,sum_e,anom_xy,anom_yy,anom_pp
site_0089d624f3191d41,19,0.025709896982711547,-0.002209921821167594,0.025614742794062315,0.027497469034878458,0.02083536294709472,0.02561474279406275,0.7577192984804034,0.466128202436356,0.012558977254371164,-0.041988514602184286,0.00507402698852514,0.014366105263157892,0.008248134633606186
site_008c2bef2cb4aaa3,42,0.02660012823257972,0.009210013667032831,0.024954808559529223,0.04564469529547525,0.059293981788465476,0.02495480855952927,1.29903335764722,0.9193706655939585,0.029717806523566752,0.38682057401537895,0.10450591230880292,0.08750440476190477,0.14766260360589678
site_00edf1317915280d,216,0.10580408784411999,0.0990762407230558,0.037126857242612825,0.0416768380074971,0.04280269665208127,0.037126857242612867,1.027014013020413,0.614005662699921,2.418013080977672,21.400467996180055,0.23658762293422803,0.37518310648148145,0.3957273015890593
site_01183702de237e95,654,0.06347441214660254,0.02410616085799098,0.05871877047457166,0.08191912268218,0.047347979425148845,0.05871877047457351,0.5779844543604777,0.7096028058932987,2.6349666522713244,15.7654292011261,1.8000302980716714,4.38882570030581,1.4661575757913843
site_01e54199a3b60966,138,0.04883399949246268,0.017699413527267567,0.04551362726943023,0.06063687222785308,0.04229997101414496,0.04551362726943075,0.6975948702498346,0.6617367820788189,0.32909681188731865,2.4425190667629244,0.23422930123661306,0.5074025777536232,0.24692168159605554
site_026dbe6171ec07f4,71,0.049158201668410874,-0.009716625822262027,0.04818833856756534,0.0623497612794217,0.03921484602474352,0.04818833856756542,0.6289494172880856,0.6345879039409625,0.17157354418032295,-0.6898804333806039,0.11016292217872303,0.276011983943662,0.10918409456084832
site_02b6ac3cafd20e22,104,0.05834666513661302,-0.040052144384269524,0.04242828140268798,0.050130688072770435,0.043370278247313966,0.04242828140268802,0.865144284162967,0.5965250355805851,0.3540506665866615,-4.165423015964031,0.13488320867388437,0.26136093221153844,0.19562202766594122
site_0312a18810484838,58,0.15853436893077608,-0.14186841580271722,0.07075661615641858,0.057037839204077095,0.043131222576753045,0.07075661615641927,0.75618612448541,0.021771111139741287,1.4577224756722065,-8.228368116557599,0.003106443231732674,0.18869227586206894,0.10789753693599385
site_0322f6b7744e5e7d,83,0.03409452239212214,-0.02315080938281783,0.025029512221922193,0.048264746403469304,0.0562656795544899,0.025029512221922318,1.1657717847336597,0.8964406663855191,0.09648222594319422,-1.92151717877388,0.20205669230067405,0.19334731686746987,0.262763615745469
site_0430e77fe9702577,394,0.08347131204909056,-0.05761999318968826,0.06039367781495783,0.06308981520330414,0.039308425088459296,0.050460923296122444,0.6230550043900055,0.6006489528165416,2.7451792144674805,-22.702277316737174,0.5868969402287112,1.568247964260504,0.6087899994763963
site_0472cafe265e9bf9,112,0.11090170257975765,0.09884823092019983,0.050281357171777626,0.05345248029673131,0.07724274667723575,0.05028135717177763,1.445073198632454,0.7623728065218143,1.3775090151299707,11.071001863062381,0.3525421023644906,0.3200027767857143,0.6682414943952848
site_047754da87a40137,94,0.05442271377608025,-0.05140855131291961,0.017860364684408478,0.02643204199540929,0.01610951709653897,0.017860364684408478,0.6094692608061408,0.7505467375661165,0.27841218682679664,-4.8324038234144435,0.030041307648122705,0.06567336734042555,0.024394554861866053
site_04a0ab31c36d8277,117,0.08562591699392681,0.009530209512180754,0.08509390558497584,0.0971675470643278,0.04636229143979886,0.08509390558497659,0.4771376127165755,0.48280890977998286,0.8578203263429489,1.1150345129251482,0.25447625788702416,1.1046592676923077,0.251487061903215
site_04a334aa2f23d43d,112,0.08369191408266236,-0.02899097766833646,0.07851025217545639,0.09028436569669096,0.0490752207344124,0.07851025217545643,0.5435627791779577,0.49605697811117905,0.7844856860758107,-3.2469894988536834,0.24616391983295655,0.9129418691964286,0.26973825649470573
site_05aa898de0a23cc1,66,0.029626420401600417,-0.0047409876910122955,0.029244620386081877,0.04924598588518144,0.05198212359313835,0.02924462038608246,1.0555606240544417,0.834415845533348,0.05792983586361612,-0.3129051876068115,0.14097799575848113,0.16006103030303032,0.1783413174346525
site_05ff70d4d3251126,56,0.08867899253425632,0.02073622396375452,0.08622048905344773,0.1301280165895516,0.07196007636617544,0.08622048905344785,0.5529944915179268,0.783722023615664,0.4403819681458785,1.161228541970253,0.41097225566713935,0.9482648392857145,0.28998214507504483
site_0616304fbe5abc7f,91,0.06753879580909093,-0.01945309563587,0.06467662645441376,0.11940051015747982,0.12800039199721008,0.06467662645441415,1.072025503311399,0.8655687977290789,0.41509549348012914,-1.7702317028641699,1.203816985634084,1.2973398461538461,1.4909531319809897
site_062fed1c5ac99ce7,88,0.07905888694658768,0.017335151710293508,0.07713494746491008,0.09858150901895621,0.04324690842819982,0.07713494746491009,0.4386918891643654,0.6613126824410852,0.5500270692605332,1.5254933505058288,0.2481075911000371,0.8552116249999999,0.16458596779654489
site_06fbc9bb474fb230,264,0.06967501018270195,0.057925652997060255,0.03871983689045946,0.042388523924692556,0.038820979498240815,0.03871983689046067,0.9158370215299348,0.548331642187346,1.2816162596053398,15.292372391223907,0.23821111259790084,0.4743517575757576,0.39786607058954815
site_0749a2df9169c11c,244,0.09261272006227264,-0.040193339848860365,0.08343627118422114,0.12497917536826818,0.06533252063377228,0.08343627118422137,0.5227472532224756,0.7915613806248525,2.0928162838292224,-9.807174923121929,1.577035583834057,3.811229803278689,1.0414745335763962
site_079486718438a070,226,0.08115955995233921,0.02149490699119273,0.07826137709686251,0.10253387561981735,0.05572200714255385,0.07826137709686254,0.5434497311811758,0.655765683014654,1.4886335627945595,4.857848980009557,0.8467422880504971,2.375982216814159,0.7017169100788299
site_088275f9ba9853b1,86,0.14341608831751324,0.1155728263868842,0.08491817349215587,0.08186361730849549,0.029380388429754132,0.08491817349215658,0.35889433420754974,0.0735417217984457,1.768862997393521,9.939263069272041,0.015211803576454172,0.576342058139535,0.07423582128835782
site_08cce474c4f1c65e,101,0.06547408857281731,-0.03745842398511301,0.053700304905955946,0.13094279995895935,0.0913732316140748,0.053700304905955946,0.6978102777908628,0.9449223270797278,0.43297248371855374,-3.7833008224964138,1.141873759269788,1.7317477029702968,0.8432558130155354
site_08db8db92cc27df6,416,0.0483862735265637,-0.019298281355116225,0.044371249729145704,0.06347767054392484,0.033245799243685134,0.04437124972914571,0.523740064164452,0.7500808356194286,0.9739522897675749,-8.02808504372835,0.6585051246817188,1.676236497596154,0.4597977976181886
site_0902e4bb7164303d,146,0.05089164413190311,-0.0039569336920568365,0.050737580925827884,0.06793365152536904,0.03238858456497219,0.05073758092582796,0.47676790276578973,0.7021166804444712,0.3781340785974472,-0.5777123190402982,0.22554804900860131,0.6737872273972603,0.1531569798778638
site_097bbf563f897742,21,0.04721379849195564,-0.012533056398232777,0.04551994360011564,0.06067051643612284,0.01945335291885412,0.04551994360011567,0.32063931645176696,0.8418926972505774,0.04681199812881884,-0.26319418436288833,0.020866432010063107,0.07729914285714289,0.007947091735495293
site_0983900925777e9a,101,0.0679894930666046,0.038708712775518406,0.055894603699429626,0.06572609390238202,0.0684360756724838,0.05589460369943005,1.0412314441525572,0.6535307002992295,0.4668796879128412,3.9095799903273587,0.29690006209511566,0.43631186138613853,0.47303314179844297
site_098c5f4a8213f315,52,0.07109852105547504,0.055769832301598335,0.044099041954757126,0.04125759330326376,0.028040803772250496,0.044099041954757154,0.6796519507605955,0.2350038998385464,0.26285998420634304,2.9000312796831134,0.014137504681142478,0.08851382826923078,0.0408869071620806
site_09d142dad852325f,523,0.06393855105376335,0.047458084185196384,0.04284703672747413,0.06482218046550325,0.06093684887812952,0.042847036727474454,0.9400616955574117,0.769525902841109,2.13809633657701,24.82057802885771,1.589748998657667,2.197601586998088,1.9420556652755052
site_0a639c884418ac75,179,0.047617087871986576,0.04321291428571307,0.02000077739349413,0.02607977763824632,0.033166914298961285,0.020000777393494134,1.2717483545688515,0.797798061787964,0.40586228327611984,7.735111657142639,0.12352502789406637,0.12174770949720672,0.196907912536521
site_0ad0f907a285c78b,99,0.03249851789934531,-0.018108966994767238,0.026985532791414333,0.04790816343017889,0.05533768057883809,0.026985532791414444,1.1550783126864577,0.87306882222337,0.10455921289975269,-1.7927877324819566,0.22914698573555609,0.22722402020202023,0.3031636302927059
site_0b0ed8efdae8e576,91,0.0741946904049218,-0.005166472013180073,0.0740145907995121,0.09835363969989684,0.03982795190647967,0.07401459079951211,0.40494639576130953,0.7379644994945408,0.5009415396696797,-0.47014895319938665,0.26306027675485544,0.8802828982417583,0.14435018352890205
site_0b38093eb399bd08,170,0.06914973478777905,0.00842650773567312,0.06863439217040405,0.07589725955043725,0.042635656352520465,0.0686343921704046,0.5617548855527136,0.44307415107249665,0.8128865896074307,1.4325063150644302,0.2437386399584395,0.9792669812352942,0.3090258627437372
site_0b499005763b91ab,135,0.06441698636071136,0.017238396523992217,0.06206759071429859,0.04105325728377326,0.08362538661180638,0.06206759071429878,2.0369976012807203,0.7028920097587159,0.5601889977924698,2.3271835307389495,0.32576778466902395,0.22752494103703705,0.9440827136065015
site_0b5d986a46425a8d,144,0.0566065821483497,0.03717660276757346,0.042687297281274586,0.04989857769070733,0.04782533154376185,0.04268729728127459,0.9584507967382087,0.619113561272557,0.46141994052257235,5.353430798530578,0.21275460314253966,0.358541,0.32936577656698685
site_0b72a3f0c80e88c1,80,0.09588542273910597,-0.053198412886634475,0.07977432644780039,0.08590768787447081,0.031207359610277936,0.0797743264478004,0.363266203321389,0.37115302490120716,0.7355211435085649,-4.255873030930758,0.07960347878329921,0.5904104668749999,0.07791194350761653
site_0bcb08d77ff25c9a,123,0.06953306754245132,0.00559313085602551,0.06930775114725965,0.101546749476787,0.050039199066398796,0.06930775114725984,0.4927700721512259,0.7883879128509371,0.5946862402691611,0.6879550952911377,0.49274411331017814,1.2683443065040652,0.3079823375144224
site_0bf83088dda14a95,57,0.05831743208428524,-0.04661038452909704,0.035048465572046564,0.03429183320502716,0.04763101166436441,0.035048465572046626,1.3889899492857012,0.6784344355093588,0.19385260443959765,-2.6567919181585316,0.0631630724966526,0.067028,0.12931665651373664
site_0c4d512642175d8c,82,0.05564772327966017,0.0311941132349212,0.04608249565395244,0.0907497162824984,0.06185224882041397,0.04608249565395254,0.6815696109492139,0.88522040038539,0.25392686670918985,2.5579172852635383,0.40744222663579194,0.6753119024390243,0.31370745609967693
site_0cc518f8eb987b6e,366,0.07396891193920364,-0.025103330318067895,0.06957889579758819,0.060518452887148,0.05190716520143822,0.06663775888706867,0.8577080663022283,0.30500442760633745,2.002532375649897,-9.18781889641285,0.35067302341904205,1.3404688291865465,0.9861334905252799
site_0cc8f0bf6d22e691,356,0.09798848263390532,0.07901321148596117,0.057953905300419016,0.0649383079578163,0.06686583268247337,0.05795390530041911,1.0296823983450445,0.6136779394190292,3.4182204114866783,28.12870328900218,0.9486275540491085,1.501246247191011,1.591690090594107
site_0ce5386aeb45589f,400,0.04319440249400782,0.033470061551779506,0.02730405439736817,0.0460423107043945,0.030691489739470272,0.027304054397368663,0.666593167673944,0.8195948205665244,0.7463025627257397,13.388024620711803,0.46327010617870834,0.8479577500000001,0.3767870169712036
site_0d5442a09f1a2d6e,357,0.12415947364059964,0.04230729409008801,0.11672903564017635,0.12121564115778115,0.06324511550882835,0.11672903564017649,0.521757051356969,0.3305056134540575,5.50336023741174,15.103703990161419,0.904550273592357,5.2454837030812325,1.427980234953839
site_0d5e4db658745469,47,0.04319681135083545,-0.009350222094008266,0.04217271461113674,0.057639846275628945,0.022816065041709393,0.042172714611137425,0.39583840894725625,0.7848696344868712,0.08770033201134433,-0.43946043841838855,0.0485130908573403,0.15615053829787237,0.024466922727413132
site_0d7b03db25fcc113,73,0.06971650515472867,0.06107184414463502,0.03362470734092298,0.04879072462602647,0.060530058501332015,0.033624707340923515,1.240605852142713,0.8319156260355339,0.3548085496422196,4.4582446225583565,0.1793537674499803,0.17377904109589043,0.26746382269875135
site_0da833e2b1888903,55,0.11328721518783312,-0.09667809534463016,0.059053695951642234,0.0796117640295756,0.035024975397643654,0.05905369595164224,0.43994723423829624,0.7311438021973128,0.7058696218757925,-5.317295243954659,0.11212967886882749,0.34859181345454543,0.06747118958830489
site_0dbafc8a640ef8c3,279,0.09912043408839956,-0.01650371646731558,0.09773682927453303,0.1067653435399822,0.053420759353616065,0.09773682927453523,0.5003567410768524,0.41203998234377986,2.7411360666305002,-4.604536894381047,0.655667899871038,3.1802759641577065,0.7962039308468314
site_0dc29dbfcf3d5b45,16,0.06319800767313279,-0.05222971522435546,0.035581526406775775,0.09213167801440501,0.06175457942404992,0.03558152640677586,0.6702860596373208,0.9698327003005274,0.06390381078165361,-0.8356754435896874,0.08828663321724162,0.1358119375,0.06101804927746063
site_0e03bfb1bac21c69,145,0.0436463946822587,0.015989401972293857,0.040612150808937784,0.05988983783069082,0.024867434855999137,0.040612150808937805,0.41521960580857853,0.8580621103718258,0.27622612647012756,2.318463285982609,0.1852980518822526,0.5200849379310346,0.08966645086601732
site_0e7b99291027b045,131,0.0729789732188961,0.02252935189600209,0.0694143993363802,0.09203751423507633,0.050631410495513965,0.06941439933638124,0.5501171007964692,0.6669634521717996,0.6976968997030504,2.951345098376274,0.40715356226697674,1.109688427480916,0.3358237044682466
site_0e88bbb351409588,121,0.06626509267797108,0.05053686115268834,0.042861266575475766,0.048021335160093395,0.029496153742672962,0.0428612665754763,0.6142301884014422,0.4726564891923322,0.5313185634220315,6.114960199475289,0.08100850439478051,0.2790318842975207,0.10527279335897943
site_0e94595e2d8280b9,63,0.06639304397625997,0.03282050457284563,0.05771352326809904,0.07008050055705249,0.03935934964775687,0.05771352326809909,0.5616305439444521,0.5672983693706948,0.2777062861713162,2.0676917880892747,0.09858190214262595,0.30941042317460316,0.09759697949574586
site_0ea793c6917b8d1e,142,0.09054320001049797,-0.06598729803276733,0.06199796421234957,0.054577722511885814,0.035490042174318795,0.061997964212354234,0.6502660891829969,0.10184055582261461,1.1641260916760277,-9.37019632065296,0.028011155836651435,0.4229793468309859,0.17885511928195963
site_0ed7401c57e72edd,149,0.06718732941432445,-0.057997982739522155,0.033917122990829246,0.05783183408977834,0.0650103711544702,0.03391712299082925,1.1241277780252976,0.8538648165623196,0.6726064478405132,-8.6416994281888,0.4783271129091664,0.4983336340939597,0.6297259052886537
site_0ed89141fd172a0b,19,0.03816284879363236,0.03574506453589389,0.013367624671961264,0.03126168080862911,0.03660038747628184,0.013367624671966442,1.1707747801640624,0.9343676972548102,0.027671657532867287,0.6791562261819839,0.020312782779728113,0.01856856105263158,0.025452178904865397
site_0f170214c09c03f1,20,0.12301006913820572,-0.06438242396324874,0.10481593673675128,0.130831361970286,0.03654906251765635,0.10481593673675128,0.2793601011809176,0.7807055338661049,0.30262954218772303,-1.2876484792649747,0.07466298651916908,0.3423369055,0.02671667941839105
site_0f333b36a4874c91,102,0.09277618963265621,-0.062232145980877035,0.06880829433556246,0.13807256587995165,0.08818116462926028,0.06880829433556247,0.6386581147911029,0.907788265156455,0.8779569790009677,-6.347678890049457,1.1273738636085218,1.944531411764706,0.7931436151280158
site_0f556398a37eba54,17,0.24889311786116802,-0.24669152647677592,0.03303142266405513,0.050312791854770424,0.03969906334419548,0.033031422664055364,0.7890451290953634,0.7550720942806018,1.0531123300171057,-4.19375595010519,0.025638701057039644,0.04303340941176471,0.02679226571690957
site_0f5c2c2840148780,191,0.07032639979767441,0.016799925405941708,0.06829029956631567,0.06924151015778757,0.044434822844776976,0.06642428163696064,0.6417367666233578,0.3829799451916417,0.944648279123947,3.208785752534866,0.225060554332783,0.9157278652258206,0.3771206149181223
site_0fabc5d0b4df5f64,317,0.05699800329108055,0.042981843409252464,0.03743438948764264,0.04014546811777349,0.025411651841221756,0.03743438948764289,0.6329893019723273,0.4195787485395887,1.0298608441968993,13.625244360733031,0.13568822722606103,0.5108957794952681,0.20470339962793171
site_0ff1990da553fc4d,975,0.053282871833366136,0.022971954122445525,0.048076540584854686,0.056202421944953874,0.04108796437415619,0.048076540584854804,0.7310710633502381,0.5490065733285826,2.768087820040649,22.397655269384387,1.2360949059631428,3.079744426666667,1.6460152960016299
site_1053b206858b1513,880,0.062039720133328244,-0.0369880971877751,0.04980770563526689,0.06806196826388455,0.05032420472051033,0.04980770563526707,0.7393880312922666,0.6837846280348412,3.3870556493150907,-32.54952552524209,2.061025808184837,4.076539741079545,2.228622511061614
site_1055453212517d95,143,0.08835910163928147,-0.057996889489097196,0.06666102048491548,0.09560491294354456,0.045307311169348954,0.06666102048491553,0.4739014949587713,0.7790836841571624,1.1164483104776248,-8.293555196940899,0.48257925231577636,1.307062811188811,0.2935435996916584
site_108f541d7e13b076,361,0.05984301469927336,-0.018543993333039847,0.056897334907371734,0.08593626697125445,0.04713582674789702,0.05689733490737174,0.5484974901651696,0.7862292449203956,1.2928082933953786,-6.694381593227385,1.1496986171404553,2.6660001551246535,0.802064804918003
site_10a7b62e4edfa545,50,0.15519153094848714,-0.1328119632525444,0.08028320929771075,0.0911019013852071,0.022505017513204918,0.08028320929771093,0.2470312602812396,0.5756953262293636,1.204220563906762,-6.64059816262722,0.05901596385324001,0.4149778218,0.025323790663483003
site_10d7d76e5b99709b,40,0.04920429748435944,0.014828284019231797,0.046916786803598724,0.0606743561976557,0.0412588358594574,0.04691678680359874,0.6800045100610649,0.6356442273625009,0.09684251563717364,0.5931313607692719,0.06364968305006624,0.14725510000000003,0.06809166145910592
site_10dfc2a732e16d10,6,0.017373547342477955,-0.014881290185451508,0.00896589926765338,0.06679038520292839,0.07094190849633444,0.008965899267653725,1.062157498879405,,0.0018110408835679368,-0.08928774111270905,0.028239967760940395,0.026765733333333333,0.030196526286613734
site_10ec1b51ff0dc0c8,84,0.07994103336674951,-0.06430151026163781,0.04749615346337265,0.044927618785166164,0.02755746922324292,0.047496153463372666,0.6133748008105344,0.2108165905781308,0.5368077805224758,-5.4013268619775765,0.021924858726915856,0.1695532380952381,0.06379078523915838
site_11d0ddb199b9f010,2,0.027889566178661524,-0.02768951225280762,0.0033344883918762225,0.0020000000000000018,0.0013344883918762207,0.0033344883918762225,0.6672441959381097,,0.0015556558032678814,-0.05537902450561524,-5.337953567504888e-06,8.000000000000015e-06,3.561718536104763e-06
site_125ba37c83dbcda5,409,0.05735006281240743,-0.029060751409810445,0.04944190967270861,0.03803221699319482,0.06509008293727926,0.0465789378754573,1.7114459288272876,0.709663171335094,1.3452131491761148,-11.885847326612472,0.7185252638953992,0.5915978575317398,1.7328180287837942
site_12aaba88bfb65c8b,227,0.05768274883831188,-0.009305798601474005,0.05692716070499718,0.07802533013998211,0.056831625268337724,0.05692716070499732,0.728374044254326,0.6852350406345866,0.7552969895744359,-2.112416282534599,0.6897490508163159,1.3819651365638765,0.7331722341554532
site_12f6f97179080a87,406,0.06538023743838049,0.03518580927285068,0.05510475726571695,0.06934672900402701,0.058490411741354664,0.05510475726571737,0.8434487477838801,0.6402133614187335,1.7354776316845981,14.285438564777374,1.0542932516312584,1.9524413423645322,1.388978075863319
site_12f79a44d2a41795,112,0.20230261602415944,-0.1635830523050257,0.11902492784618571,0.08819210550072622,0.036444060588746045,0.07957403822761026,0.4132349531948293,0.4315373006541286,4.583751026424471,-18.32130185816288,0.15534341003990118,0.871118916936937,0.14875498984597357
site_13345716e1eac548,38,0.05835488696383508,-0.05092457377047915,0.02849527362312909,0.04952444204744566,0.026826852333662155,0.02849527362312913,0.5416891382231294,0.8883021922625906,0.12940112763735484,-1.935133803278208,0.04484702520033246,0.09320147368421054,0.02734784023302035
site_13471aa5ce158e45,113,0.043071365960175405,-0.02651684942488122,0.033941114628920674,0.07406047423873999,0.0755908551683452,0.03394111462892078,1.0206639364024581,0.897320766203959,0.20963110992131526,-2.9964039850115776,0.5676516561521827,0.6197997844247788,0.6456794445142366
site_136f0d570907389a,58,0.041065970773184246,-0.01024101010427393,0.03976852609273044,0.04404887635035534,0.022807128809906492,0.03976852609273046,0.5177686855960517,0.4374418279657373,0.09781200942155331,-0.5939785860478879,0.02548905597607894,0.11253760344827587,0.03016957722399667
site_139d8263042fc17e,25,0.037501032863388406,-0.016068571789264678,0.03388404442321171,0.03391627338019317,0.015171978162358914,0.03388404442321171,0.4473362386334351,0.22579135228244498,0.035158186645523434,-0.40171429473161696,0.0029046756860613802,0.028757839999999996,0.005754723033977394
site_13a4a69bc620b9a3,67,0.09899062657571495,-0.08360489007074441,0.053003457492048406,0.06772633727709822,0.04799624853899287,0.05300345749204843,0.7086792298041915,0.6277483275910883,0.656542658040127,-5.601527634739876,0.13671785931066793,0.30731940298507465,0.15434387154572393
site_14144d0d858434fd,21,0.022011835330304503,0.002082149321124667,0.021913136443991336,0.04125019068189282,0.026759544304753843,0.021913136443991624,0.648713226833645,0.8776056218075398,0.010174938786777271,0.043725135743618006,0.020343391885714872,0.03573314285714286,0.01503753743935976
site_14672231a55d516b,109,0.0900640675120449,-0.011335237070179862,0.08934790796306873,0.11655873747981593,0.05297909647882279,0.08934790796306874,0.45452702752547397,0.680925893796513,0.8841574519927458,-1.235540840649605,0.4583273032627111,1.4808673818348626,0.3059395283446531
site_14af94b228986e6c,11,0.046095405301229644,0.040811822976849293,0.021428520602014167,0.09379196955880077,0.08796838287673274,0.021428520602014434,0.937909538423574,0.9742284960143375,0.023372650288730926,0.44893005274534226,0.08841903644461524,0.0967662690909091,0.0851228002454219
site_14d94a059a5aad1d,372,0.13044780062856456,0.12495725895512488,0.037447458168099926,0.04719982917498008,0.04388313839190632,0.0374474581681024,0.9297308731610435,0.6641415102452609,6.330185872244661,46.48410033130646,0.5117309349994826,0.8287504811827957,0.7163714986658314
site_153d5fe2ea0a30b2,107,0.10111111801985095,-0.00556337006665836,0.10095794718953846,0.09541664076087732,0.06614365578703882,0.10095794718953854,0.693208807809539,0.26039490110135943,1.0939100260329924,-0.5952805971324445,0.17584441173178286,0.9741638807476636,0.46812320249354733
site_1540ed4ad947cd80,639,0.10671026951828559,0.09665289731596556,0.04522498270972102,0.04208249465567663,0.07130627471387196,0.04522498270972249,1.6944402963110283,0.8015043975476669,7.276345155605032,61.761201384901995,1.5368659638001092,1.1316283317683882,3.249049695871343
site_15a7df29fffec944,41,0.05787328872426359,0.036157116580300214,0.0451882779972921,0.05262709326825448,0.033689795954984066,0.045188277997292456,0.640160682697372,0.5252783405511277,0.13732201945824096,1.4824417797923088,0.038183972994365344,0.1135540487804878,0.04653509641102688
site_15fd0f8efa3618ec,756,0.06940407826940984,0.06098464455971958,0.03313305310941072,0.03447419682666433,0.03654085911227626,0.033133053109410775,1.0599480909157382,0.5659627060463901,3.641596116802333,46.104391287148005,0.5389922499528854,0.8984835066137566,1.0094371948053966
site_162f5acccb1ccdb2,7,0.05103379252023496,0.04292792696952819,0.02759784529808883,0.08241799387443081,0.06219267478123391,0.02759784529808883,0.7546006867867773,,0.01823113585298873,0.30049548878669735,0.0346465470597148,0.047549080000000014,0.027075501575110295
site_164f38fa74238777,27,0.08456671703038422,-0.05267987363095637,0.06615406671946589,0.07479114036863327,0.021079364788149816,0.06615406671946626,0.2818430723779994,0.5270032786076914,0.19309129999102106,-1.422356588035822,0.022432865678850146,0.15103029629629633,0.011997169736541038
site_165766e1d399cf97,157,0.08042658749260596,-0.07317830031677416,0.03336723450413311,0.058285950012353316,0.07717804259231434,0.03336723450413316,1.3241277284827127,0.9159187791598025,1.015544448185811,-11.488993149733544,0.646865896268431,0.5333685591082803,0.9351626905658306
site_165c41e6efa0bc8e,45,0.10152392855763959,-0.07602539353953468,0.06728482449212146,0.07344546827324706,0.04165613104074779,0.06728482449212146,0.5671708822901096,0.4252756232106107,0.4638198631399518,-3.4211427092790605,0.05855000526506039,0.2427406564444444,0.07808549639777784
site_16e59e7364e5ed25,142,0.05583303301815439,0.007357908719862015,0.05534608166145546,0.06632083633875623,0.057649952371379314,0.05534608166145733,0.8692585249816901,0.6092470114094823,0.4426605157928972,1.0448230382204062,0.3307734925930559,0.6245803732394366,0.47193941519596705
site_17476f5e1149b6dd,119,0.03983501021445848,-0.03157830204763332,0.024282480898261783,0.03744841300707971,0.02122217876435164,0.024282480898262012,0.5667043556782909,0.7946816143801374,0.18883253661553537,-3.757817943668366,0.07515597496598708,0.16688365277310924,0.05359532370922562
site_179c7b165166f05c,71,0.11576638049393476,0.022759358004113318,0.11350712081586371,0.15497239334112836,0.0536145995770627,0.11350712081586388,0.3459622608979469,0.8429093540248906,0.95153169453932,1.6159144182920455,0.49725210359715666,1.705167431549296,0.20409129543442284
site_181ff8c89ef12a6c,94,0.0783886418937894,0.055639229690140866,0.05521825148843904,0.04288316742016048,0.053609581938226424,0.05521825148843904,1.2501311158518384,0.3618823774453834,0.5776092427275589,5.230087590873241,0.07820320722841202,0.1728628085106383,0.2701548039055928
site_182cb9b0a7d4c94d,1,0.07231855771541595,0.07231855771541595,0.0,0.0,0.0,0.0,,,0.005229973790037949,0.07231855771541595,0.0,0.0,0.0
site_183b638a356ad6ca,93,0.0804120057533718,0.06236774807847955,0.05075780401967375,0.06885529523773322,0.03665847811178009,0.05075780401967628,0.5323988225627557,0.6949999737508185,0.6013464322430679,5.800200571298598,0.1631471579344042,0.44091780645161294,0.12497749362488297
site_18793582c71deee9,486,0.05590023479310019,0.011685628488917408,0.054665183954165295,0.07015747129618724,0.0492965874230953,0.05466518395416532,0.7026562746963537,0.6308966018528387,1.5186704174629324,5.679215445613861,1.060437899559402,2.392126398436214,1.1810546163395585
site_18be3f84accd05c4,1182,0.044644354909148184,-0.034096133839761344,0.028819647507127236,0.05485124564095864,0.04192682377826919,0.02881964750712746,0.7643732296019454,0.8557376416790348,2.355865978650209,-40.30163019859791,2.3261438602756725,3.5562351133671743,2.0777888086224334
site_18bedc0a241bdc83,127,0.018957557720303952,0.00012712849096989037,0.018957131456669277,0.02294682958567427,0.011469694117849868,0.018957131456669298,0.4998378566863289,0.5675263135680982,0.04564240232926931,0.016145318353176077,0.01896986542097403,0.06687273748031496,0.016707343160944063
site_1929ba01621eda50,217,0.08922908514027193,-0.05178156156913475,0.0726670456013715,0.08892729570559497,0.05058723003163263,0.07266704560137194,0.5688605464750445,0.5764736686254883,1.727717030788468,-11.23659886050224,0.5627495988376678,1.7160498709677419,0.5553177217733092
site_194102884b72b2f0,88,0.04297598421647051,0.03498627440563658,0.024957880971505215,0.04704843534693839,0.040536275109817596,0.02495788097150799,0.8615860402349266,0.8478142736697004,0.1625302993049404,3.078792147696019,0.14228935801457954,0.19479286363636364,0.14460068478053595
site_19bcb346c9572bcb,74,0.09906136480415273,-0.03727901183076807,0.09177924206367627,0.08038934647717337,0.04580002407325194,0.0917792420636767,0.569727533315088,0.018558680023356533,0.7261733957677456,-2.7586468754768374,0.0050564184591174125,0.47822108,0.15522552317817384
site_19cb1bd872c4d23c,70,0.290409094881233,-0.2839899795896666,0.060721774367995106,0.053252233851774536,0.03133072425390571,0.06072177436799534,0.5883457272630765,0.03904291091696263,5.903620967281589,-19.879298571276664,0.004559828352821723,0.19850602871428571,0.06871299975919931
site_19feb3f9e9d0726a,57,0.040980761342036535,-0.026361815120044502,0.03137638449135829,0.03404281843835552,0.012903324984392667,0.03137638449135829,0.3790322181389861,0.38807024517064753,0.0957270996098585,-1.5026234618425367,0.009716555705209049,0.06605806877192981,0.009490260352212565
site_1a0cd59d1873112a,14,0.09915465323757172,-0.0003265907977308572,0.09915411538163169,0.13098356338698003,0.12200051374347473,0.09915411538163169,0.931418497014273,0.6949059584104756,0.13764303362128327,-0.0045722711682320005,0.155464964438762,0.24019371428571426,0.2083777549514047
site_1a52df5386240d07,520,0.04762415809766241,0.021317893776870687,0.042586474841540975,0.06093857365918064,0.025852446239608896,0.04258647484154108,0.4242377969690815,0.8151049382113772,1.179391425945795,11.085304763972758,0.6677452331570908,1.9310250750000002,0.34754146781737144
site_1a9dbac658ebe085,81,0.09756596642468456,0.001141035624492318,0.09755929398107754,0.09384853557693087,0.04405986013748761,0.09755929398107756,0.4694783980019616,0.14885331931236517,0.7710485421549966,0.09242388558387776,0.049855624058916234,0.7134113580246914,0.15724297330213255
site_1ae2faafa57e844c,288,0.04596848812905089,0.00717134111560881,0.04540565787954483,0.05689688689912418,0.0483364332900343,0.04540565787954523,0.8495444289550111,0.6384994241167654,0.6085733474507595,2.0653462412953374,0.5057269566536674,0.9323296527777778,0.6728863055621577
site_1b2f4be319c8a70d,152,0.0597566777951781,-0.04215403316601327,0.04235443340378177,0.060973029719586645,0.06521571998603677,0.04235443340378182,1.0695830646100768,0.7766953030922319,0.5427708022497431,-6.407413041234017,0.46944458677207956,0.5650919736842106,0.6464697002611677
site_1ba2419bf83859ca,145,0.06787878220794573,0.008566894958265892,0.06733600362961681,0.07518436354245599,0.04392718535298573,0.06733600362961698,0.5842595891389094,0.4614718954856299,0.6680917157348908,1.2421997689485544,0.22099078433961705,0.8196398355862069,0.2797916538901568
site_1c7e765219227837,159,0.07292190756787854,-0.014798407036553394,0.0714045639474026,0.10815436669192725,0.08484713561386184,0.07140456394740365,0.7845003230941661,0.7517931161449409,0.8454991319307772,-2.3529467188119897,1.0969244404592606,1.8598813584905662,1.1446467910784528
site_1ce5634596e14607,319,0.03690418706706829,-0.021960053504541003,0.02965931680195731,0.049508104260382296,0.04153683309074535,0.029659316801957315,0.8389905796490824,0.8015634130960105,0.43445216836289346,-7.0052570679485795,0.5258213878922795,0.781885711598746,0.5503734125234917
site_1cedce47f64df34a,254,0.09996972735418302,0.07573413015772978,0.06525555851053406,0.07596983462422138,0.05656265672523304,0.0652555585105342,0.744541001109396,0.5483361568941342,2.5384623823665016,19.236469060063364,0.5984826730000457,1.4659396062992127,0.8126308704974039
site_1d1f4a4194ae00c3,182,0.05180775234630169,-0.0009376502692044461,0.05179926655029382,0.08642897312384384,0.04918886186974989,0.05179926655029424,0.5691246822898994,0.8475378035064474,0.4884958629779824,-0.1706523489952092,0.6557776236042872,1.3595340659340662,0.4403570320315229
site_1d6a4da433bfddd7,6,0.07802702437387438,0.038031551947196325,0.06813088572100684,0.08422522715249207,0.04350091728714404,0.06813088572100875,0.5164832290494681,,0.03652929919584712,0.22818931168317796,0.013033203313748042,0.04256333333333333,0.011353978828937683
site_1d92331b9f8c002c,75,0.10199411211319427,-0.03688668839645386,0.09509033139547765,0.10982142218873127,0.04869971675224946,0.09509033139547765,0.44344460107753475,0.5039231272525971,0.7802099179319132,-2.766501629734039,0.202133852190117,0.9045558578666667,0.1778746808811995
site_1dab76a1b26190f6,1016,0.030750597321951186,-0.010688880042972294,0.02883309000235216,0.03612319055400619,0.02067663633086169,0.028833090002352266,0.5723923057114505,0.6031957282222007,0.9607288234273001,-10.85990212365985,0.4577390421914105,1.3257630541338583,0.4343636625980489
site_1e0ab3dca10c0e53,65,0.08070571160158507,-0.04393254309159059,0.06770039543919784,0.06311185899307777,0.0735003945547392,0.06770039543919786,1.164605126950877,0.5176043963882357,0.42337177253268454,-2.8556153009533882,0.15606731408582286,0.2589019384615385,0.3511500199806517
site_1e115354ece8fb9b,39,0.06495306253720322,0.041025416097579856,0.05035688202204608,0.04699525064481482,0.03220365016597965,0.05035688202204616,0.6852532910053285,0.23450653207689706,0.16453711298551146,1.5999912278056143,0.013841355453890102,0.08613358974358976,0.04044592827649923
site_1e3671cb73e4a59d,71,0.23047031163513246,-0.22344481602756072,0.05647104333731244,0.052473938478076076,0.03464767423561219,0.05647104333731254,0.660283471005101,0.21038359957258584,3.77127608270885,-15.864581937956812,0.027157386887535245,0.19549950957746481,0.08523275442553446
site_1e4554eec29098a5,97,0.04620072996520627,0.03599379521424008,0.02896470533931351,0.03270554823780097,0.04012064558909318,0.028964705339313532,1.2267229186123798,0.7012689456915017,0.20704722258383715,3.4913981357812878,0.08925769923243326,0.10375632989690721,0.1561376216411053
site_1ead9d05e7924900,21,0.21921883241316606,-0.2158685793598493,0.038179221177916105,0.042266424171496904,0.02889558697980534,0.038179221177916695,0.6836534565252288,0.47643499243669596,1.0091948261764274,-4.533240166556835,0.012219402608701161,0.03751546285714285,0.01753405388505741
site_1ebbce006aed7c73,31,0.0760200669972422,-0.05052962699936283,0.05679619161150206,0.054305153131242526,0.03007011753039538,0.056796191611502234,0.5537249376265106,0.19212146815929435,0.179150568174221,-1.5664184369802476,0.00972554077159974,0.0914205393548387,0.028030571017045536
site_1f03845600024bcb,415,0.09926052817195022,0.08893421688122922,0.044083528904762234,0.022812113734234734,0.04979859451700197,0.04408352890476223,2.182989051219218,0.46519568926902916,4.088850767984427,36.907700005710126,0.21931401835055234,0.21596290120481929,1.029158506585543
site_1f2f25947066509c,400,0.12713772435990967,-0.09539701193869114,0.08404410192622434,0.09433676294928717,0.03238316346013763,0.08404410192622434,0.3432719381896316,0.4721368141926507,6.465600382166547,-38.158804775476455,0.5769366101700812,3.5597699375,0.4194677102743972
site_1f80e745021951bc,179,0.15409260226967889,-0.13294922419633282,0.07790400413223109,0.08837868265780333,0.06027629381827929,0.07790400413223147,0.6820229947493707,0.504491138472898,4.250270883289218,-23.79791113114357,0.4810615410040544,1.3981316871508382,0.6503484557676887
site_1f87127a283de97d,2,0.018121001762196248,0.013279029178619381,0.012330372619628924,0.07280000000000002,0.060469627380371094,0.012330372619628924,0.8306267497303721,,0.0006567414097310391,0.026558058357238762,0.008804377746582033,0.010599680000000004,0.007313151671041851
site_1fa5a52b4f99f39b,10,0.09560048083987367,-0.05060531454324722,0.08110828611673447,0.15297964864647848,0.07868309515323038,0.08110828611673448,0.5143370105069308,0.9560279167219697,0.09139451936815052,-0.5060531454324723,0.11507624143049121,0.234027729,0.06191029462892306
site_1fe95dec232c15f6,833,0.040997351820801685,0.015330249053590437,0.03802323395338014,0.021987651489445755,0.0502669725163153,0.03802323395338155,2.2861455913308357,0.7077381768685853,1.4000921193133866,12.770097461640834,0.6515971833726063,0.4027195294117647,2.104798182121346
site_203c950b486649d5,44,0.056059646125972244,0.04874505901296029,0.027687599130156653,0.03830572879441239,0.031632984949649036,0.027687599130156823,0.8258029789597242,0.7020454691290559,0.1382780926458463,2.144782596570253,0.037430171893477776,0.06456246977272727,0.04402841242028778
site_20551d8a0ce0f349,48,0.1507973217628729,0.1268862850487232,0.08148437222798971,0.06525920270219664,0.0339367620434942,0.08148437222798971,0.5200302890361833,-0.2775191479988534,1.0915119480410602,6.090541682338714,-0.029501653489594663,0.2044206497916667,0.05528178326384392
site_20c84fb12b0c9692,116,0.04889683110348905,-0.0023229766803568785,0.048841620277235404,0.07747374126510456,0.05449474320920327,0.04884162027723545,0.7033963033065578,0.7800203225540279,0.2773444106677236,-0.2694652949213979,0.3820085176011354,0.6962529479310344,0.34448253634269266
site_20e55f2eceb79ec1,659,0.062002597723343114,-0.04359692043889093,0.04408662668755375,0.044946196275520954,0.03337312386427411,0.044086626687553795,0.7425127514616873,0.39676643016380436,2.5334082800077478,-28.730370569229123,0.39220230247362975,1.3312858088012138,0.7339713962672598
site_2266e199c1b4f8b1,182,0.08942385489356586,-0.08223699196400223,0.03512410819847465,0.06535172949187187,0.07914994140633812,0.0351241081984773,1.2111376702919912,0.8991498243399983,1.455385899972645,-14.967132537448407,0.8464691503875161,0.7772944356593408,1.1401778068820696
site_228e3c936ac52751,419,0.07863834828345247,-0.04979768702444712,0.06086197653514698,0.08282325804289989,0.03456991928231145,0.06086197653514729,0.41739385891346253,0.7597445718244252,2.59109173489407,-20.865230863243344,0.9114488572927819,2.8742109785202867,0.5007382347387367
site_237e685bbdd8644d,293,0.05973402323520799,-0.012142080114807283,0.05848695087239521,0.09238469387604381,0.062170795059288006,0.058486950872399114,0.6729555779305284,0.7816847709910382,1.04546898483626,-3.557629473638534,1.3154844437837498,2.5007349771331056,1.132505873183069
site_23d2f2404f4bbe4e,117,0.093639317125631,-0.075089879320218,0.05594489910107614,0.07626167795162501,0.04032149294263906,0.05594489910107629,0.5287254886814338,0.7011148004446833,1.0258936402752756,-8.785515880465507,0.2522423230289267,0.6804536923076921,0.19022126679542506
site_23e0c01fc0e0a37a,340,0.08586463115277614,-0.07317149460287656,0.04492958113073726,0.07566476276596505,0.07564143113842556,0.042394262757293105,0.9996916447407406,0.8429887990819078,2.50672986022078,-24.87830816497803,1.6404165154419714,1.9465531503061224,1.9453528755875193
site_24a155d00f2ce6ce,294,0.058877741313899466,0.007868368088590854,0.05834961187402115,0.07451103477539117,0.07012725085021412,0.05834961187402444,0.9411659771147767,0.6760483196624534,1.0191769961345805,2.313300218045711,1.0385621161610903,1.6322569251700683,1.4458424056718044
site_24bc1a63008e8e56,630,0.05629661376251738,0.045774662833790926,0.032771770833734636,0.034156578567099354,0.03789799765821152,0.03277177083373489,1.1095372911476566,0.5905683114275013,1.9966644943094185,28.838037585288284,0.481616453535021,0.7350032714285714,0.9048426826961378
site_24bea14e8249e50f,135,0.07417773870773017,-0.05804516134041326,0.046185454038665516,0.06072831051673292,0.026602903073147968,0.046185454038665516,0.438064270960047,0.700240439424686,0.7428154841719594,-7.83609678095579,0.152721854013039,0.49787023925925916,0.09554145100910624
site_257ba699ad2936b5,31,0.03415259505407644,0.023906274075277387,0.024390363030620248,0.020917484185269484,0.023665857540961628,0.02439036303062039,1.1313912003637419,0.40676725211723375,0.036158392216759525,0.741094496333599,0.0062422243098818496,0.013563775483870968,0.0173622572076218
site_25bb1d03fe665fce,56,0.08847670195070304,-0.06147313878632018,0.06363316741944688,0.07371731159002765,0.017784923336032918,0.06363316741944691,0.24125843648425765,0.6488527478109468,0.43837510013211817,-3.44249577203393,0.04763823484835614,0.3043175535714286,0.01771299589183982
site_25c3911a44e2e266,323,0.053005862223436,-0.007148364788607547,0.05252163659768111,0.06399540981400864,0.046448192007004105,0.05194243065495892,0.7258050560500757,0.5979588727433941,0.9075077219061112,-2.308921826720238,0.5741051928754106,1.3228182301559208,0.696851356652405
site_25db0a3f364cf3fa,37,0.02205366269932825,-0.011536207088747539,0.018795743253760232,0.02349014060461417,0.020711709025059272,0.01879574325376032,0.8817192444131589,0.6448659843598356,0.01799546942286246,-0.42683966228365894,0.01160841019018679,0.020416108108108108,0.0158720709573327
site_26066c2f9061bb32,267,0.19669101917081444,0.1878574389121059,0.05828327090888162,0.05816210348991648,0.07326898535047668,0.05828327090888188,1.259737543075265,0.6282133148574899,10.329524324995136,50.15793618953228,0.7147903496477376,0.9032156853932586,1.433347905214994
site_26149aa81404cf67,120,0.08449177356513522,-0.0769058252867063,0.034990767884581934,0.050555396122306605,0.07143747538555942,0.03499076788458236,1.41305341991058,0.8908650535056293,0.8566631760218499,-9.228699034404755,0.3860884277635813,0.30670176925000003,0.612397546735489
site_261c25e44abd6c6d,260,0.12010465016740968,-0.10466322999087664,0.05891294662222151,0.09202318572884982,0.057154869034506346,0.05891294662222207,0.6210920495940617,0.7856350966574057,3.7505330178773235,-27.212439797627926,1.0743473632222729,2.2017493450384613,0.8493365541314088
site_261e3bb708a6a167,65,0.10080413835614795,0.005717336586438689,0.10064187186297156,0.10080146218531866,0.038975227265568464,0.10064187186297227,0.38665339193110493,0.1974181150717163,0.6604958301321522,0.3716268781185148,0.050414544278085234,0.6604607606153847,0.09873944212617625
site_2689516b5f07761f,394,0.0684237914620161,-0.03837653323705427,0.05664853868144117,0.07761763262977116,0.030466100148364105,0.05664853868144137,0.3925151942430987,0.7915618934860462,1.8446352037867624,-15.120354095399382,0.7374937740558294,2.373651776649746,0.3657042037505596
site_26f018cca8362487,256,0.07678989440612995,-0.0341648333449848,0.06877101166490139,0.09751956935020786,0.047872886704700794,0.06877101166490197,0.4909054359415991,0.7574555054315458,1.5095520980235744,-8.74619733631611,0.9052707382114603,2.434577,0.5867042000489262
site_270decc0b97d0896,280,0.06684562061726418,0.030885271573279586,0.05928268714854264,0.08253754216928766,0.052479661723922086,0.05928268714854347,0.6358277741816479,0.6986107208090825,1.2511343587980202,8.647876040518284,0.8472973273033011,1.907484842857143,0.7711521705040418
site_284ff462bff5925c,321,0.039386116386816196,0.017687243263112423,0.03519129991613432,0.05150318722251192,0.03776215088272681,0.0351912999161344,0.7332002720449321,0.7301591103872791,0.4979564386555019,5.677605087459088,0.4558409843445289,0.851477632398754,0.4577395926120339
site_28bd97dda8311cf0,96,0.13917308918047014,-0.1061596996045361,0.08999592730734962,0.1201631630903951,0.06894192377802352,0.08999592730734961,0.5737359270924036,0.6695155270399145,1.8594382801953693,-10.191331162035466,0.5324595689373091,1.3861618333333334,0.45628693000462134
site_292d280e566004c1,45,0.1644142381149325,-0.12928579692999523,0.10157373876691632,0.1127679451871337,0.019856095721808062,0.10157373876691654,0.17607925451561343,0.6238244769368161,1.2164418762711173,-5.817860861849785,0.06285711581892439,0.5722474257777777,0.0177419041791122
site_29971fce7657be9c,156,0.05479781521790533,0.015687668797679438,0.052504262687423885,0.06579308652922992,0.06812660728003987,0.05250426268742431,1.0354675677021665,0.6930954001070776,0.4684368862142888,2.4472763324379923,0.4846348458261539,0.6752819166666667,0.72403260064025
site_29fa7d91f9cd3f03,186,0.06650584919966877,0.02054159246279347,0.06325401929412541,0.09904484624120609,0.055006634031359504,0.06325401929412582,0.5553709871728272,0.8107874407913165,0.8226832038650496,3.8207361980795853,0.8216122569714461,1.824637971451613,0.5627857404675447
site_2a096aef4be52591,150,0.07575791350044031,0.06311663398067156,0.041899307546666355,0.036816370754809,0.059169899237213636,0.04189930754666653,1.607162738317567,0.7117472317458658,0.8608892186910294,9.467495097100734,0.23257276188055673,0.20331677333333334,0.5251615463613022
site_2a66162bd2a4e4b1,187,0.07888259109875115,-0.03313325642105092,0.07158666424264833,0.0943881143546723,0.05833660035823619,0.07158666424264834,0.6180502784389873,0.6526749773797812,1.1636006143706688,-6.195918950736523,0.6720428977996749,1.66600471657754,0.6363907220336773
site_2b657e21e1c1d622,416,0.14175499131177843,-0.11537521858054858,0.08235919195386157,0.10738545052849152,0.062138509191373426,0.08235919195386197,0.5786492386590754,0.6451436571228267,8.35930266570979,-47.99609092950821,1.7908369045716066,4.7971601538461535,1.606256839002982
site_2c61711a8eb15185,175,0.08377749540999295,-0.0727008209492479,0.041632431714671514,0.057723266627973176,0.02580628694107414,0.04163243171467154,0.4470690667490429,0.7601521690572263,1.2282670290049933,-12.722643666118383,0.1981595512235803,0.5830957142857143,0.1165437779948844
site_2d0695836558269a,137,0.05083678387592956,0.04146406684000127,0.029412748187408112,0.037942959508294405,0.03835063352110773,0.029412748187408168,1.0107443915312986,0.702796425921368,0.3540598674941722,5.680577157080174,0.1401050715571011,0.1972345401459854,0.20149563953143268
site_2e03a5b4a3fc6fe0,33,0.033405881829574643,-0.01959682119362282,0.027053974567827942,0.03025205045073522,0.019782064586325827,0.027053974567827967,0.6539082241232035,0.4800743595120451,0.03682644704677968,-0.646695099389553,0.00948088508160277,0.030201156363636357,0.012913892616819689
site_2e6f197ad6e426eb,271,0.06041913042589129,0.0567332077477251,0.020780145814558833,0.020637397606801333,0.027192196543410405,0.020780145814558993,1.317617514644814,0.6535409997183758,0.9892777281050538,15.374699299633502,0.09938969345929657,0.11541949077490775,0.20038161482382985
site_2eadbc791936fa20,822,0.09029317095635114,-0.06986360121741346,0.05720082120290826,0.07744559044861371,0.0442871586673429,0.0572008212029083,0.571848679967494,0.6833016868637152,6.701648224952047,-57.427880200713865,1.9264548001107027,4.9302076125060825,1.6122316915633057
site_2eb90940ae2529bc,146,0.085178620256273,0.0732969580525405,0.04339300967905409,0.05015914810742728,0.05740974703294077,0.04339300967905417,1.1445518753624897,0.6821838369287457,1.0592880129193047,10.701355875670911,0.28680721100970896,0.36732726027397256,0.48119834194039274
site_2ecbb3b2737ff9d4,59,0.04331672639937673,0.038133964642730805,0.02054603432746615,0.035437799735600774,0.02888620985797644,0.020546034327466267,0.8151242479356693,0.814775013890389,0.1107039883715492,2.2499039139211177,0.04920928168248827,0.07409442135593222,0.04923037407758425
site_301436b06877aab0,44,0.06417749963894016,-0.018348745961080895,0.06149857706940773,0.07381237381987941,0.056178320316015586,0.06149857706940773,0.7610962418456381,0.5814560183898015,0.18122506423587126,-0.8073448222875594,0.1060882948596369,0.23972372727272728,0.13886416163526938
site_3058377fafc959d8,52,0.0398998365396179,-0.02587777780752915,0.03037001105749518,0.044146887811060555,0.06149151328232857,0.03037001105749596,1.3928844439838972,0.885528614636155,0.08278384170618786,-1.3456444459915158,0.125003224775539,0.10134528057692309,0.19662272269904113
site_313b58fce7205197,400,0.105930285797557,-0.05886415595680475,0.08806949865103739,0.10657849208446872,0.054000104957226534,0.07338738894076181,0.5066698158426635,0.7722755594874102,4.488490179660843,-23.5456623827219,1.777855490969599,4.543589989999664,1.1664045341565927
site_31563788a284dc59,162,0.12565735625002677,0.10139780490413124,0.07421762823190917,0.039447574210730765,0.07167839553418498,0.07421762823190957,1.817054583667824,0.20966063236965932,2.557942931118875,16.42644439446926,0.09603741972479554,0.25209,0.8323223665895213
site_319d460a95d287a7,55,0.04120457135546644,-0.009794937852295963,0.04002344179424585,0.06179279157724702,0.030308453889191324,0.04002344179424607,0.49048526722251734,0.8369825832230374,0.09337991853232493,-0.5387215818762779,0.08621457831263543,0.21000919999999995,0.05052313074342801
site_323cc8255b0caa4e,56,0.06410500613070866,0.018331351331302096,0.06142811546341433,0.1129061094043025,0.09500844927254969,0.061428115463414486,0.8414819160257878,0.8390474471896854,0.23012930141701893,1.0265556745529174,0.504027484928923,0.7138762142857142,0.5054899042577803
site_32983262837b2abc,52,0.12379832161193374,-0.11640651484406911,0.0421372487923606,0.06613636844255384,0.06768289500164838,0.042137248792360964,1.0233839050361204,0.8019395882342389,0.7969532705644526,-6.053138771891594,0.18666559004038574,0.227449,0.23821066234181631
site_32a7eff6ca5c3a9e,91,0.14701159663948105,0.12470521503555906,0.07785254581209562,0.06137889241232721,0.07443516644975823,0.07785254581209569,1.2127160254004328,0.35534280909245786,1.9667292687305422,11.348174568235875,0.14773593146779707,0.34283052747252757,0.5041940544006924
site_32aa1fd33af84607,47,0.11758271073065346,-0.10017738361231825,0.06156448387957916,0.06902556982214028,0.03982574442921754,0.06156448387957983,0.5769708896549123,0.46570361351170914,0.6498076115501209,-4.708337029778957,0.06017018803145658,0.22393287659574465,0.07454622620904355
site_32d33ae0920bdcec,147,0.06939031230597403,0.054554509173039674,0.04288147584691251,0.04051448711343963,0.06536333396849742,0.04288147584691296,1.6133323812166644,0.7693955651065082,0.7078072699623298,8.019512848436833,0.2995101570208766,0.24128927891156465,0.6280377178391674
site_32e9d9454ab82a2b,29,0.10470810064487808,-0.08973181280596502,0.05396284009587678,0.06701844564800732,0.03246130710203874,0.053962840095877124,0.48436377161791017,0.6051971325806422,0.31794980387907956,-2.6022225713729856,0.03818169586720137,0.13025268965517242,0.030558357304413253
site_33d9c76285abfbd1,64,0.07541105943004583,-0.054564166308380666,0.05205362273111527,0.039686363664834544,0.04662643673513885,0.05205362273111552,1.1748729898489993,0.2808672394650748,0.3639569845991619,-3.4921066437363626,0.03326247757184319,0.10080047749999999,0.139137574567418
site_33e57061030aaa1a,19,0.12078940478818036,-0.11780016974963638,0.026705810529540866,0.02755576868482595,0.017825624170562368,0.02670581052954088,0.6468926479404783,0.3703927680541153,0.27721152587257486,-2.2382032252430912,0.003456793013999335,0.014427087368421054,0.00603730466433261
site_345540dea6a21328,13,0.06928574281523077,-0.03379688233595628,0.060483757338874275,0.06610525943859373,0.010707610995431348,0.060483757338874664,0.16197820092329904,0.5836670202967653,0.06240668404695792,-0.4393594703674316,0.005370776819495054,0.05680876923076922,0.0014904881319832697
site_3527ca4be8ad318d,825,0.06062637361808205,-0.054477505757447434,0.026603731778202768,0.05370875985208079,0.05455363917584223,0.02660373177820287,1.0157307546494898,0.8793442458652779,3.032334671915402,-44.943942249894135,2.1256009036555885,2.3798204800000002,2.4552821265455904
site_360469521723c0bf,302,0.08541159930078517,-0.050565829048290954,0.06883486200884621,0.07636390903574251,0.0361492138652989,0.06883486200884689,0.4733808722177787,0.43469989905391476,2.2031326711256014,-15.270880372583868,0.3623960798167136,1.7610968741721855,0.39464323024989373
site_3611ac9a5b4c6a7c,47,0.05024881154698299,-0.026270654051861866,0.04283451642742807,0.058791326737815466,0.029151712505843128,0.04283451642742821,0.49585056373787034,0.7210143527056065,0.1186723239085579,-1.2347207404375078,0.0580789961350408,0.16245174468085105,0.039941650075096535
site_365133aa4290174f,670,0.06677958408468067,-0.009438032537965631,0.06610927614439019,0.10243208140498707,0.06612176840267381,0.06610927614439073,0.6455181569653681,0.774693495920011,2.987873609850367,-6.323481800436973,3.515484360382005,7.029861971641791,2.9292991319868773
site_3669ed0d65622c4a,171,0.06133540024874083,-0.02057348906464047,0.05778202896559064,0.07838154474022148,0.04284359972597222,0.05778202896559095,0.5466031559848429,0.6909282100070298,0.6433073563481235,-3.51806663005352,0.3967608452277749,1.0505669810526315,0.3138831604089649
site_367fad9034e246b1,37,0.04046907805079499,-0.020677361465789173,0.034787828346915156,0.045173374479553524,0.025301917613209757,0.03478782834691522,0.5601068750058061,0.6433344429234362,0.060596612296409474,-0.7650623742341994,0.027206614220102097,0.07550344918918918,0.023686920291509206
site_36915ea55aeee9ea,33,0.11033015371780706,-0.08741794675046748,0.06731155476831129,0.08376423031934177,0.04173985937906994,0.06731155476831133,0.4983017120785494,0.6046117376741041,0.4017005130400329,-2.884792242765427,0.06975897615470669,0.23154272727272723,0.05749312341248958
site_3697f876563488cb,53,0.04593511250198733,-0.02644664458801162,0.03755808236060021,0.039688321573839856,0.01997133274245815,0.0375580823606002,0.5032042664062177,0.35540440764520603,0.11183183171022232,-1.4016721631646158,0.014930297431701198,0.08348363207547167,0.02113926897002899
site_36bf0be122b5ada0,62,0.06462429207850084,-0.03315968040497072,0.0554683217889958,0.08161925258993903,0.038991116236193765,0.05546832178899594,0.47771959432277483,0.8021043056199576,0.25893054585213804,-2.0559001851081846,0.15826351931450824,0.41302554838709676,0.09425904301135113
site_36f59764e16c0acf,11,0.06414826469019196,0.06055933260917663,0.021155781637510904,0.075215719519326,0.08036107703302937,0.021155781637511077,1.068408007615766,0.9651668269771647,0.045264998490392214,0.666152658700943,0.0641725703741339,0.062231449090909094,0.07103692972099329
site_37100d9c494e6343,36,0.03260065725792545,-0.017633486103680394,0.027420120741529167,0.015852011400200882,0.01939634557903629,0.02742012074152917,1.2235889244181652,-0.20222801064737622,0.03826090273135419,-0.6348054997324942,-0.0022384536160777006,0.009046305555555556,0.013543855985570424
site_3744ab32b5fabc06,14,0.19697131436182433,-0.16443739603672708,0.10843450311632916,0.08633790521868724,0.051508101902349494,0.10843450311632916,0.5965873479543365,-0.18559537964152506,0.5431677815399447,-2.302123544514179,-0.011555061188659501,0.1043592742857143,0.03714318386215948
site_3754c55a59175277,6,0.1456027665991028,0.041116841952006024,0.139676665729128,0.12887841815706252,0.03258648005666263,0.13967666572912807,0.25284667923957516,,0.1272009938478768,0.24670105171203616,-0.0055141368001699435,0.09965787999999998,0.006371272094899627
site_37c98a51b9f80f45,156,0.06359294670362883,-0.016920049955065436,0.061300691512972905,0.10616510744027001,0.06269769079023452,0.06130069151297323,0.5905677703525061,0.8596550273623321,0.6308738077902902,-2.639527792990208,0.8926519436845317,1.7582806858974358,0.6132360671467458
site_383a8c8b2965611f,677,0.049584641589261465,0.04035225548164884,0.028815484710121745,0.029614607542098832,0.025973288589618275,0.02881548471012194,0.8770431467881444,0.46887356495986704,1.6644970333995457,27.318476961076264,0.24416158711254332,0.5937459113737076,0.45671213454804577
site_386cdfdcf9b17142,388,0.08046869255880337,0.029720206305384633,0.07477914026845049,0.056645076186551756,0.07209733196967848,0.07477914026845055,1.2727908023680137,0.34461293673186527,2.5123816670638086,11.531440046489237,0.5460654021233089,1.2449618865979382,2.0168338075326564
site_389215a205727fd3,94,0.09455398850632896,-0.07440899201339864,0.05834174020377662,0.04363320016491984,0.05658758725284612,0.05834174020377675,1.296892894377739,0.34471148323123224,0.8404029337907689,-6.9944452492594715,0.0800058692730963,0.1789624787234043,0.30100257292325644
site_38bba0231f056806,585,0.05669159424999656,-0.03160475833996748,0.04706459506761425,0.0522732394217771,0.022130095030062445,0.047064595067614255,0.4233541918361198,0.43531566464550286,1.8801530622846525,-18.488783628880977,0.2945932928662015,1.5985075623931624,0.28649854703316274
site_38d8c6108ca3a5d7,59,0.10082902629112181,-0.08015710992449422,0.06116641457015677,0.06676530857553956,0.020231313389043055,0.06116641457015679,0.3030213417819069,0.4166508599558488,0.5998230600261283,-4.729269485545159,0.03320467487829974,0.2629987793220339,0.024149056445294692
site_38eb3791b353069b,415,0.05100767495959673,0.018807482664125515,0.04741372692187875,0.07905803546385205,0.0797187365972252,0.047413726921878806,1.0083571660931954,0.8216851847375587,1.0797399054853067,7.805105305612089,2.149116600353585,2.5938217831325305,2.637356940332975
site_38fe9bf25990ebba,147,0.08399246021338448,-0.02375127400070632,0.08056432433801172,0.09193691571855366,0.07250962605250047,0.08056432433801188,0.7886889122371049,0.5414862564497845,1.0370458057864556,-3.491437278103829,0.5306282509764035,1.2425022813605442,0.7728739429301978
site_395c4ccb7a4b9df2,171,0.04376401323071794,-0.02292826093351632,0.03727712039070406,0.04738580500444651,0.03348182237635457,0.03727712039070424,0.7065791616964775,0.6230017681187937,0.32751439404399585,-3.9207326196312904,0.16902180710020992,0.38396588222222217,0.1916965454687405
site_3987775e61ab1836,60,0.29986623526484907,-0.2911929338892301,0.07159912223551537,0.05935917929576407,0.032109652180114925,0.07159912223551537,0.540938277130228,-0.15002402799355688,5.3951855431148275,-17.471576033353806,-0.017156771253049378,0.21141072999999996,0.06186178578767754
site_39ac65528c2f5495,202,0.10119421112409327,0.00873441828335866,0.10081655767917735,0.10876887988504753,0.03482361375676989,0.10081655767917755,0.32016155534168644,0.380092885985661,2.0685342097355677,1.7643524932384493,0.2908168754292154,2.3897951847524754,0.24496218316630003
site_39e3332a33e328c0,156,0.08893434038123506,0.0658804562970614,0.059741797572021214,0.06342926238283068,0.045894806510231735,0.059741797572021485,0.7235588872724262,0.43978999787367334,1.2338534362510787,10.277351182341578,0.1997207326846054,0.627630326923077,0.328587989279411
site_3a1e52ef4ac63381,15,0.10806142950097956,-0.10476393920699754,0.026491311549783618,0.04083129301024997,0.03564864548090575,0.02649131154978395,0.8730716774498617,0.7681578414835902,0.17515908818692766,-1.5714590881049633,0.016771731194133555,0.02500791733333332,0.019062388869349536
site_3a558feb29bc33aa,50,0.03930466348611877,-0.022622332043647768,0.03214166555522575,0.03371153511781984,0.021017723499005766,0.03214166555522575,0.6234579180553498,0.3846824800925916,0.07724282858785189,-1.1311166021823884,0.013628140910416843,0.05682338000000001,0.022087235054032955
site_3aab5eecf1e576ed,227,0.03342191454213923,0.005062819779313084,0.03303622598821261,0.04385816136397615,0.016113826049013465,0.03303622598821262,0.3674076967177403,0.7724397081924723,0.25356453236728715,1.1492600899040701,0.12391946805061749,0.43664319823788544,0.05894177351589533
site_3b418123c1eb9bb6,39,0.0684976145386011,-0.007953876185111518,0.06803424910374697,0.06864754334352098,0.0376218162288714,0.06803424910374696,0.5480431548818445,0.2902503172683813,0.1829850047016723,-0.3102011712193492,0.029234930640802938,0.18378692307692304,0.05520064119799989
site_3ba67f452cc05c7e,156,0.06725013210085254,-0.002831257246587521,0.06719050714190035,0.10190028489719828,0.0715772349447303,0.06719050714190068,0.702424286810785,0.7535505392603646,0.7055225217428102,-0.4416761304676533,0.8574075412092443,1.6198522176923076,0.7992348877239668
site_3bce6f9707106717,37,0.06250286740770426,-0.03196253217555382,0.05371224228341009,0.08380881927612827,0.03885589050890408,0.05371224228341019,0.46362531824823866,0.8673041442332856,0.1445445120648472,-1.1826136904954914,0.10450082872485793,0.25988497297297297,0.05586186840787788
site_3c025b5f7926190d,54,0.04168146214898042,-0.030076598656398272,0.02885727811382821,0.026652600456824306,0.025687366419038085,0.02885727811382823,0.9637846205907808,0.39251521983270204,0.09381659149135194,-1.6241363274455067,0.014511403921991585,0.038359500000000005,0.035631402851479976
site_3c21ace69367fd43,31,0.1372001256467942,-0.1040272957471109,0.08945499548398202,0.09189302924673624,0.02456450782573365,0.089454995483982,0.2673163353857562,0.23159181164094242,0.5835401088023797,-3.224846168160438,0.01620598860325352,0.2617741935483872,0.018705866386336423
site_3c2ff06ad9a9ceca,167,0.10893557681786102,-0.06054072983457657,0.09056367885491905,0.09585643659446089,0.05981671037824079,0.09056367885491906,0.6240239310303897,0.39805208150606947,1.9817823027388966,-10.110301882374287,0.3811537316686646,1.5344722249101794,0.5975324863592146
site_3c6c836e47ad4756,59,0.09534636405247927,-0.07190303706314603,0.0626169497749911,0.08421123629480415,0.030007869649287672,0.06261694977499113,0.356340447778691,0.8055248277544861,0.5363648191436469,-4.242279186725616,0.12009810372189446,0.41840040677966106,0.053127862212429766
site_3cacfdfbb247178d,10,0.11002403446510206,-0.07859698770165444,0.07699221833538729,0.1508304548159953,0.07560604733878276,0.07699221833538747,0.5012651286573252,0.988201621687502,0.12105288159977967,-0.7859698770165444,0.11269149404995145,0.227498261,0.057162743941942595
site_3d3d4af3226bd56f,68,0.05509092927575988,-0.017170253235627625,0.052346851789684505,0.07524260071221434,0.0297644231318697,0.05234685178968459,0.3955794038235306,0.849986051964241,0.20638071321574084,-1.1675772200226786,0.12944401643666278,0.3849785294117647,0.060242620137362646
site_3d8d46208058ae66,97,0.12240340135229626,-0.06433882447985029,0.10413024693700833,0.11531296545543188,0.03020528088908476,0.10413024693700855,0.2619417579782823,0.48324320769196755,1.453311488273298,-6.240865974545478,0.16326703742476006,1.2898167602061856,0.08849882237808537
site_3e3dd959fc43e496,515,0.11188410432679688,-0.09035472494583685,0.06598542627710861,0.11206714309807403,0.06411939030427964,0.06598542627710871,0.5721515560378516,0.8570009816152536,6.446797192519927,-46.53268334710598,3.1714380557526374,6.467907949514563,2.117317549691163
site_3e869a526b77cd87,53,0.09088809825250825,-0.07790105063077413,0.04681957618965766,0.07062519637074682,0.028920603315809593,0.04681957618965784,0.4094941296020041,0.8891568004912783,0.43781425940975244,-4.128755683431029,0.0962545440154115,0.2643596732075472,0.04432926869597209
site_3e8e42936f50143d,855,0.05858930397095826,0.019334601742203472,0.05530713982183248,0.06481996959788737,0.04808899171152969,0.05530713982183273,0.7418854407037089,0.5542443231518229,2.9349640915301505,16.531084489583968,1.4771406932411921,3.592392332163742,1.9772312108759929
site_3ed9981ace9fa417,10,0.030747913106442006,0.00505048057794571,0.030330295190339,0.08781675751244748,0.06735716230391686,0.03033029519033904,0.7670194643017809,0.9576226249643368,0.00945434160401308,0.050504805779457096,0.05664421703651547,0.077117829,0.04536987313636198
site_3f0cc8bf9a017f1f,60,0.0295420251978825,-0.01711729881167412,0.024077569108699175,0.03820063990156303,0.05067918872977911,0.02407756910869985,1.3266581099262036,0.8904906780556526,0.05236387516753948,-1.0270379287004472,0.1034381917503973,0.08755733333333335,0.15410281021851424
site_3f80251a944e7c4c,134,0.04963741444765171,-0.009187259185847951,0.0487797825097652,0.0655213452514508,0.03930678615312677,0.04877978250976541,0.5999081063167949,0.6714603446634184,0.33015897034842434,-1.2310927309036255,0.2317263969496782,0.575268255597015,0.20703314065014355
site_3f885209ae19b689,226,0.054448697269873,-0.025793203638718194,0.04795175993055823,0.06895107869377168,0.036250088955086156,0.04795175993055852,0.5257363574554289,0.7539457799138238,0.6700133033712983,-5.829264022350312,0.42589122816887315,1.0744607831858408,0.296979582530875
site_3f8f25f0fa2a3f3b,64,0.066793630724825,0.008973256612569095,0.06618813920310247,0.09807921611777565,0.057578888451383245,0.06618813920310285,0.5870651370443384,0.7573533375329328,0.2855289027458743,0.5742884232044221,0.2737277202689554,0.6156500885937499,0.2121810172989974
site_3fd206a570dca7d5,52,0.1735760186090388,-0.1576415831687359,0.07264823117062044,0.07763247886772603,0.046549416009945735,0.0726482311706205,0.5996126452339475,0.403443402803799,1.5666889802805997,-8.197362324774266,0.07581299475867015,0.3133936923076923,0.11267610280508361
site_3fe88af73a278f09,684,0.07183604624041354,-0.03744742432132102,0.06130340896845596,0.0664606367230065,0.022383150000734337,0.061303408968456194,0.33678807643722164,0.38986116337423027,3.5297255969871046,-25.614038235783575,0.3966904807587247,3.02123910380117,0.34268769630547546
site_402a00535323377d,283,0.06346962070990021,0.038557114149993375,0.05041568904104133,0.08187684503417353,0.057023910409233394,0.050415689041044175,0.6964595470848066,0.7939495669907537,1.1400351491155822,10.911663304448126,1.0490530409622318,1.8971804240282686,0.9202385594159583
site_40392ec0ab51085a,129,0.053404073621143446,0.003698341393655584,0.05327586085900896,0.06886505128688039,0.030318470333717144,0.05327586085900896,0.4402591701763993,0.6761124934405716,0.36790736523389367,0.4770860397815704,0.18210204902949723,0.611768992248062,0.11857804399556676
site_4053c6fd726ad6c4,11,0.03874701207465532,0.01292487696300853,0.03652777710461693,0.07855025132659395,0.10717984372830502,0.03652777710461716,1.3644748669571505,0.9694367077283097,0.01651464039184834,0.14217364659309384,0.08977860311689702,0.06787156181818182,0.12636270791786275
site_40c02fde736492a1,19,0.042932952925649914,-0.015263245083783808,0.04012819204036509,0.05349600653022093,0.05508478249528031,0.0401281920403651,1.029698963868674,0.7272059655906526,0.035021530491405356,-0.29000165659189237,0.04071589971765092,0.05437463157894736,0.057652331988494454
site_413c6e860ea2e615,245,0.07765453599826859,0.055570561805209334,0.054241493542857046,0.07791478369582597,0.06317597275307345,0.05424149354285721,0.8108342185702287,0.7232103199710399,1.4774056054710663,13.614787642276287,0.872172735163314,1.4873248120000002,0.9778448656577842
site_4148b96858a0e60a,171,0.04296955261473439,0.008563831608546405,0.042107519994543596,0.05715134159019644,0.029945516991805577,0.04210751999454393,0.5239687496144857,0.6982381756682088,0.31573139927668303,1.4644152050614354,0.20434214373355547,0.5585331695906433,0.15334151193201434
site_420eb683366b57f6,91,0.05479613097181449,0.0057720595231423,0.054491277268399106,0.054566464924093096,0.04653319059113756,0.054491277268399106,0.8527800116036369,0.4280046781215821,0.2732380532227025,0.5252574166059493,0.09889596182656482,0.27095241758241767,0.1970457422197931
site_426aa82109fc7c47,28,0.10222191192501104,-0.08017348320675746,0.06341554910351632,0.07781547869472882,0.01978087189453901,0.06341554910351635,0.2542022773147697,0.7877171094518617,0.292580939772932,-2.244857529789209,0.03394999649016453,0.16954696428571428,0.010955921001428573
site_42ce68186715eeba,627,0.046373321023382104,0.037065533732208146,0.027868102050268732,0.030375187740154182,0.03418092069947452,0.02786810205026895,1.1252908456690587,0.6329659879609522,1.3483540340165083,23.240089650094507,0.4120506869548459,0.5785028229665072,0.732546258094581
site_42d0b232cf256027,295,0.03738996552655907,0.004665008310140187,0.03709780612844375,0.053491558290896656,0.04499210943673057,0.0370978061284445,0.8411067255146211,0.7290880358539923,0.4124128090127963,1.3761774514913552,0.5176349513106933,0.8440973084745764,0.5971655239121882
site_43b644a004cb99cb,16,0.10535155118672107,-0.05894622773677111,0.08731718944774292,0.11528887359585052,0.032198936702143,0.08731718944774296,0.279289195026899,0.9029742460922864,0.17758318939917295,-0.9431396437883378,0.05363203461356461,0.21266438999999998,0.016588344395977783
site_444e34f5ad449f77,182,0.12531520022908052,0.11620651883312635,0.04690356478073709,0.04084400151610815,0.06111850218509505,0.04690356478073712,1.4963886964158248,0.6416953746042315,2.8581096923387275,21.149586427628996,0.29154210358514243,0.30361830769230774,0.6798557783016033
site_44541aad5ac7b92b,159,0.059754877344851284,-0.03721519456756939,0.04675119955462292,0.05785655638087453,0.0543552494040701,0.04675119955462296,0.9394829696784055,0.6544437976744084,0.5677326132732172,-5.917215936243533,0.32723786774174596,0.5322335974842768,0.46976440890680743
site_44bc4221af0e2690,281,0.048017460677226544,-0.00730154800468068,0.04745907633555821,0.06476098679389557,0.02354059204503748,0.04745907633555822,0.36349958841665514,0.8185507906594638,0.6478951048988082,-2.051734989315271,0.3506572245604548,1.1785099003558719,0.15571881214647781
site_4522c9f47db04b3c,148,0.049469534181794964,-0.014660313630828986,0.04724732814043045,0.04319437506919969,0.06103765134838379,0.04724732814043048,1.4130925901948628,0.6370302105647483,0.36219075220023955,-2.16972641736269,0.24856887884686726,0.27613159756756755,0.551388042554775
site_454d64b6e8b743da,118,0.07898867997575393,-0.07441880489385734,0.026477406264248462,0.047926434974321724,0.052928503352490545,0.026477406264248462,1.1043697153950394,0.8667483034786367,0.7362269645888242,-8.781418977475166,0.2594416790460252,0.2710392939830509,0.3305683231218831
site_454f86a28db067ff,49,0.045788577884718594,-0.007203029276156911,0.045218472264681474,0.06402550512196252,0.03337297481619042,0.0452184722646816,0.5212450062302214,0.7413952675662752,0.10273309937054209,-0.35294843453168867,0.0776236077461924,0.200864,0.05457401695602193
site_457c8dbf463cd4ea,137,0.05447330228342228,0.024762712849752743,0.04851957042247788,0.07485257715168976,0.036665119666744156,0.04851957042247797,0.48983109282185167,0.8367874370341845,0.4065256706475706,3.392491660416126,0.31462670558245076,0.7675984379562044,0.18417334702420368
site_460afd4b6202d4b4,50,0.13872660706757392,-0.1170115845413208,0.0745208735295715,0.08084658320547627,0.035540304671605245,0.07452087352957183,0.4396018144796237,0.39082468683580324,0.9622535754240527,-5.8505792270660395,0.05614806701350212,0.3268085007999999,0.06315566280752627
site_465014c5dd5de0e8,2,0.03630552111807927,-0.00895257539749146,0.035184403610229495,0.1062,0.07101559638977051,0.035184403610229495,0.6686967644987807,,0.0026361817273105994,-0.01790515079498292,0.015083712673187257,0.02255688,0.010086429861189572
site_466206aef45119ae,1,0.045348802626132965,0.045348802626132965,0.0,0.0,0.0,0.0,,,0.002056513899623964,0.045348802626132965,0.0,0.0,0.0
site_4680c02330a5a24c,432,0.0636230918024273,0.023343278586312577,0.059186055412925535,0.08912249576590195,0.06623938461681007,0.05918605541292677,0.743239785281609,0.7476587515922019,1.7486918541360394,10.084296349287033,1.9067370128528114,3.431297916666667,1.895467424146716
site_4689968a649fae30,327,0.09776978239489315,-0.08266014201360376,0.05221332465794163,0.06762547780490988,0.028860125000308302,0.05221332465794164,0.42676408266668014,0.6865575158079383,3.1257702243011356,-27.02986643844843,0.43816050941681645,1.495438116207951,0.2723605285159284
site_46c69a3772747cb8,125,0.05166842711202315,0.006576952108573914,0.05124812251382457,0.0555343636981644,0.06607035385290798,0.05124812251382531,1.189720192204018,0.6572304494671279,0.3337032950288061,0.8221190135717393,0.30143669677602647,0.38550819391999996,0.5456614572810591
site_473ba30122663331,178,0.12557788918352317,0.003907508534661836,0.12551708102422063,0.13794064349000282,0.05807952915701501,0.12551708102422066,0.42104725400403326,0.414796997237376,2.807025512818482,0.6955365191698069,0.5915220532179297,3.3869165605056177,0.6004352438638991
site_47749587de8e2aac,260,0.1085131647774185,-0.06995195056603505,0.08295680527851931,0.06501185550949402,0.05365236495360776,0.06353984708649389,0.825270476179112,0.4397606724259164,3.0615278018029066,-18.187507147169114,0.39881470903656496,1.0989007527647057,0.7484298289299308
site_479c9178cadeeacf,620,0.06134574638906238,0.051921261313846036,0.03267236176970492,0.01884253296101925,0.04004379563069557,0.032672361769705095,2.1251811374583625,0.5904784968893881,2.3332463720193193,32.19118201458454,0.27622965191975235,0.22012545000000003,0.9941734524780066
site_47cb8752f353f72a,342,0.06900121610236505,-0.049736315599833325,0.04782746840633591,0.0783111843808055,0.06015809421642734,0.047827468406336116,0.7681928793707838,0.7921979831166378,1.6283193956730067,-17.009819935142996,1.2763732691667757,2.0973634269005847,1.2376967345153715
site_4820638a678db67d,55,0.07252314430295757,0.05499769974730232,0.04727430044001911,0.024085275499104594,0.05339648564656109,0.04727430044001913,2.216976328485268,0.4651483047955649,0.2892783552773184,3.0248734861016278,0.032901706562394446,0.03190552727272725,0.15681515736718726
site_48ab6dd953268db1,549,0.07804050528445367,-0.05698323216638061,0.05332196280075599,0.08093169791951896,0.04762709557845728,0.05332196280075693,0.5884850658368638,0.775065972905707,3.343585935314009,-31.283794459342957,1.6401507431016538,3.595916910746812,1.2453187880484884
site_48bc99c681181b96,271,0.05577866970828753,0.008168018226254032,0.0551773818940498,0.08908441765563256,0.048776591959261685,0.055177381894053495,0.5475322535958417,0.8366230028599619,0.843151458489509,2.2135329393148426,0.9851725220951316,2.1506650701107013,0.6447512551764445
site_48c050cdab5aaa88,41,0.09722719548147594,-0.06580566361764581,0.07157333425958567,0.07604714558858423,0.021560765466182255,0.07157333425958572,0.28351840557995694,0.34315350941700573,0.38757822918891854,-2.6980322083234785,0.02306850204380547,0.23710990243902438,0.019059530906996414
site_48c0bfa2a3485fb7,53,0.06594672786646899,0.06358213862113234,0.017500930394045634,0.02073045202482173,0.02275466164393679,0.01750093039404591,1.0976442586341755,0.6796948256513562,0.23049545856358825,3.3698533469200136,0.016992958130195454,0.02277683698113208,0.027442055206092553
site_48d263b97f32a2d9,49,0.14783474734520816,-0.12190026341336112,0.08363873685305569,0.09558676693190744,0.03462946186393865,0.08363873685305608,0.36228301234005983,0.5046030135748939,1.070900513608455,-5.973112907254695,0.08184448780809739,0.44770467061224495,0.05876078182031308
site_48ec25901538e693,155,0.05304672741988363,-0.02730895249343688,0.045477207518389275,0.06592912790525561,0.056183834346810846,0.04547720751839005,0.8521853106801386,0.7336494178918672,0.43616306994371223,-4.232887636482716,0.42121999770547114,0.6737307354838709,0.4892766024960317
site_4915d0b8a484d43a,129,0.039608775782028385,-0.023109422420716102,0.03216845837667547,0.028915219834970668,0.029717148581926978,0.03216845837667548,1.0277337938820177,0.3982350507705981,0.2023823103446788,-2.981115492272377,0.04414309976304514,0.10785560201550387,0.11392105065940186
site_496ac9a9ab00ede4,112,0.05087650146050534,0.006703420352190735,0.050432951097894696,0.04330095997280345,0.044806046909743054,0.05043295109789616,1.034758742944381,0.3450959916976759,0.2899028608964098,0.7507830794453623,0.0749880553968916,0.20999699107142855,0.2248491660439466
site_496ee2f5b79c4b73,149,0.10523325539903787,0.0961544894656079,0.0427592352303854,0.03571618627308364,0.05892613733721912,0.04275923523038545,1.6498440479247614,0.6936139848952362,1.6500316682399907,14.327018930375576,0.21750896522887803,0.19007124832214767,0.5173711595612365
site_49a35425669a6415,148,0.043613015495722426,0.0013343587477464927,0.043592598079977264,0.05371007784067009,0.048267502607266775,0.04359259807997746,0.8986675228893056,0.639203836507193,0.28151007785325843,0.1974850946664809,0.2452515150050859,0.4269463243243244,0.34480326757549074
site_49b410d6df2872b8,187,0.04881926457384379,0.03198122794997884,0.036885249793683815,0.03234914902423262,0.02322919177795228,0.03688524979368405,0.7180773676782467,0.150071705184334,0.4456809509902894,5.980489626646043,0.02108809667475084,0.1956894117647059,0.10090433057283765
site_49b534f23930be14,386,0.06621529421758654,-0.014025508056187257,0.06471282957874255,0.09067607402182087,0.06598391990719574,0.06471282957874255,0.727688319316923,0.7009902660658418,1.6924035626921183,-5.413846109688281,1.618937610428819,3.1737500544041453,1.68059678691922
site_49f7a3a08cf1a503,75,0.1999610525112158,0.16029576323191327,0.11953949477595933,0.11224634495410332,0.04304340380833579,0.11953949477595936,0.3834726540622406,0.01679467449375568,2.99883168910449,12.022182242393495,0.006085715837677326,0.9449431466666667,0.1389550958555592
site_4a00a5537486f4ab,125,0.3004019359975624,-0.29796204842090607,0.03820917235299926,0.03517553695396845,0.024295227831479412,0.03820917235300031,0.6906853437169339,0.2150928151321097,11.280165393885447,-37.24525605261326,0.02297722771763801,0.15466480000000002,0.07378226192293647
site_4a15ec3df99b7e73,6,0.1395147387447258,0.13185786421696347,0.045583615161041445,0.07485908242973742,0.04102202397652076,0.04558361516104152,0.5479899384957589,,0.11678617396205458,0.7911471853017807,0.015626468106607595,0.03362329333333333,0.010096838706781464
site_4a51d234a3956647,115,0.10695351327147014,-0.09078746696140454,0.056539277001412175,0.058907450400313595,0.02894229906474594,0.056539277001412175,0.49131814173019894,0.32583829992606445,1.3154912101277119,-10.440558700561521,0.0638856362786306,0.39906008695652173,0.09633051764261727
site_4a5737c09be72760,38,0.02037795070597925,0.011136931335612348,0.017065451514717566,0.02185333826562433,0.009042289908026314,0.017065451514717576,0.41377156195170367,0.6783806657963106,0.01577991324906217,0.42320339075326924,0.005093933529896956,0.018147598947368424,0.0031069942576701925
site_4a605b11c85f3580,1259,0.0680707839439594,0.04651771170416931,0.04969641963515069,0.07569196006336819,0.05285171605968165,0.049696419635150695,0.6982474230477711,0.7565202180347393,5.833742218072208,58.56579903554916,3.810264406712822,7.213154478157267,3.5167695980805926
site_4a71668c00a356e4,95,0.12733656913256536,-0.12360465347365326,0.030602148259733192,0.062479687770774894,0.053008503421713545,0.030602148259734684,0.848411784901852,0.8721618785808413,1.5403871746529967,-11.74244207999706,0.2744132636895462,0.3708525814736842,0.26694063632593257
site_4accdc2358f08145,95,0.037222798823096336,0.023582383687558925,0.02879944325568563,0.05083074952184857,0.04152540153494031,0.028799443255685828,0.8169346689859739,0.8240406613665004,0.13162599146134668,2.240326450318098,0.16523901654328957,0.24545768421052636,0.16381410240061223
site_4aee712beb09287c,127,0.06594922217071068,0.042485002736876325,0.050441297042893025,0.07957466134551537,0.05094492815714383,0.050441297042893025,0.6402154567260997,0.7872848347622807,0.5523610879250632,5.395595347583293,0.4053324370996102,0.8041800944881892,0.3296139845269414
site_4afa6fca34a02012,148,0.11931649708463553,-0.09970110465425092,0.06554476491124173,0.07794481317353588,0.052703220106006754,0.06554476491124228,0.6761607085858119,0.5546459014819459,2.10699111852908,-14.755763488829135,0.3372111256167897,0.8991582972972972,0.4110891526122447
site_4b307595d7b7b6da,381,0.0468190402136978,-0.009389282124092572,0.04586789626444675,0.07705495459330633,0.04164158162110626,0.04586789626444749,0.5404140699438374,0.867585077629547,0.8351605826086357,-3.57731648927927,1.06063226523573,2.2621745564304465,0.6606621228846641
site_4b6df3933469a704,81,0.060078872981104134,0.023102587068080903,0.0554593675535647,0.07092734898485353,0.05645921138362211,0.05545936755356479,0.7960146853321548,0.6421010267502725,0.2923671492730512,1.871309552514553,0.20827489235285254,0.40748579555555553,0.2581990465549025
site_4b78a1e10bf476d7,14,0.05817407311546507,-0.03021946099826267,0.049709224091892205,0.08027062008592926,0.045974393153348975,0.049709224091892254,0.5727424692139369,0.824574813347168,0.04737911895980866,-0.4230724539756774,0.04260207220486232,0.09020721428571428,0.029591027561461813
site_4c8563a6e25ebea0,268,0.11761097048699663,-0.09031283727644093,0.0753387801996574,0.09575181774208437,0.036689890241178906,0.07533878019965758,0.38317695795610096,0.6886502271158608,3.707067221543375,-24.20384039008617,0.6483759972100049,2.457134041044776,0.36076767630381434
site_4cacd33e9c8aef19,344,0.12063069649511257,-0.08610951964539844,0.08448026730151074,0.11485868936883369,0.04240589858955591,0.08448026730151109,0.36920061357641204,0.8062378998155755,5.005807138292212,-29.621674758017065,1.3508644696052166,4.538226372093023,0.6186015209045688
site_4ce2c6daabd8ff5f,337,0.05889343676135551,0.01607651752905605,0.05665670726138022,0.06970245018239757,0.022677443126648527,0.05665670726138024,0.3253464270955487,0.684112093989805,1.168863233130994,5.417786407291889,0.36441756351760834,1.6372914362017803,0.17330778581892153
site_4d238af0af441869,859,0.04029903047433854,0.02263321073312004,0.03334290972728454,0.04702692445781507,0.04971607581971948,0.03334290972728454,1.0571832283932725,0.7637893794868764,1.3950261853104613,19.441928019750115,1.5339464465153614,1.899705664982538,2.1231801594294906
site_4d43b32f897968be,48,0.08555354214321505,-0.05333690729613105,0.06689232312705841,0.1095045661148429,0.05029338695903314,0.06689232312705848,0.4592811856474364,0.9120613193342931,0.35133161151604186,-2.5601715502142905,0.24110620508342978,0.57558,0.12141238904693014
site_4d97122ac69c458e,260,0.11164607261376304,0.08690612909197808,0.07008687649143805,0.0693706956658196,0.04605307476254076,0.07008687649143806,0.6638692940949138,0.31630316656091617,3.2408598378201887,22.5955935639143,0.26273115126931895,1.2511962884615384,0.5514302807218838
site_4dd15b6db25eea2b,82,0.05973195916180938,0.0449925889867108,0.03928834282049796,0.05580522583253389,0.04389936708507994,0.03928834282050086,0.7866533363168838,0.713891676015394,0.2925683695152612,3.689392296910286,0.14340995494348974,0.25536630487804884,0.15802666329858917
site_4deb698afc5ebdb4,26,0.06627604658845271,-0.025916355988154043,0.060998826576336915,0.06699584902799761,0.02109094116633943,0.06099882657633716,0.3148096706338554,0.42901982115044235,0.1142053731362636,-0.6738252556920051,0.015761391653464393,0.11669953846153847,0.011565522781331772
site_4ea6d277e84496c8,413,0.030658731854132492,-0.01103892539607555,0.02860244683595228,0.03454030199544042,0.026215764153262943,0.02860244683595238,0.7589905889277871,0.586525844876445,0.38820258746718617,-4.559076188579202,0.21934404953041953,0.49272240677966106,0.28384097782761614
site_4f3ef6ee56ee38cd,157,0.07660314044986477,-0.027078972685109275,0.0716573120142028,0.09598347449620769,0.045147165619854726,0.07165731201420297,0.4703639439686932,0.7057217467837261,0.9212824569047282,-4.251398711562156,0.48013140061943776,1.4464138980891719,0.32000785047053504
site_4f44a81224b8cd25,260,0.1431250342059601,-0.11727214039036862,0.08204889094143153,0.10952095960005087,0.06508845683332413,0.08204889094143175,0.5943013745589378,0.6662874613421771,5.326041608278884,-30.49075650149584,1.234912548992267,3.1186585538461538,1.1014918753653096
site_4f633f2c887097a9,136,0.0860761633642339,-0.07195904185535276,0.04723348594763964,0.06934305196606838,0.04939207138775946,0.0472334859476398,0.7122858020718279,0.7324142790191462,1.0076384023328546,-9.786429692327976,0.3411582696480019,0.6539504044117648,0.3317824333723996
site_4f8f6e54cc9c215b,18,0.08431926300940841,-0.07466834413674142,0.03917111816538992,0.041864861956856694,0.021906626480983623,0.03917111816538992,0.5232700039369346,0.3806437847383492,0.1279752860600962,-1.3440301944613455,0.006283714069053531,0.031548,0.008638205107991993
site_4f9a1ac96b88317a,129,0.05995196868912809,-0.021167094587817674,0.056090932033730494,0.04478407758290468,0.06301746424924826,0.05609093203373182,1.407139940140327,0.5014957840916446,0.46365677291158314,-2.73055520182848,0.18257510280689987,0.2587241550387597,0.5122849032522814
site_4fa99e2fc956380a,143,0.0650706209927445,-0.049173153520047246,0.04261674188948829,0.060474649534694086,0.050654882659192026,0.04261674188948875,0.8376217646392726,0.7192996927500785,0.6054885574425402,-7.031760953366756,0.31509432842639784,0.5229772027972028,0.3669261506219614
site_4fab225734bfdafc,402,0.12820718936417633,-0.10006690919944895,0.0801479699551461,0.08476233312631581,0.05187076613814559,0.07252674215387069,0.6119553842488732,0.5248384752550462,6.607707528674029,-40.22689749817848,0.9276353350334574,2.8882305530406476,1.0816117046627929
site_4fc1c31a5e50a546,49,0.11539242524001578,-0.09935311694777739,0.05868875493255836,0.06814158887892015,0.04061450271742574,0.05868875493255837,0.5960310492552955,0.5146171977296673,0.6524551783358589,-4.868302730441092,0.06978687825464472,0.22752053061224486,0.08082735371820537
site_503f0d34679d2c3c,109,0.05745788091478579,-0.04283848088848481,0.03829193954848234,0.05314165488150662,0.05362257946281805,0.0382919395484837,1.0090498608367349,0.7427629935717304,0.3598534806347299,-4.6693944168448445,0.2307063413186631,0.30781986770642206,0.31341653207883974
site_50560992666c8105,554,0.059387678490248334,0.050066627379853804,0.03194102658444118,0.05346890775514346,0.04752952459050626,0.03194102658444198,0.8889189359948004,0.8062147633242857,1.9539005814794521,27.736911568439005,1.1350769231414952,1.5838439494765342,1.2515168621209445
site_50a31a0d244519cf,60,0.24392765187701743,-0.23923356135288876,0.04762354955953007,0.040734251217154134,0.03323212765559831,0.04762354955953143,0.8158276306206776,0.18307462660902507,3.570041961014124,-14.354013681173326,0.014869531742731737,0.09955675333333337,0.06626245851107893
site_51e9108791d53546,293,0.09848055634567615,0.08622334283244489,0.04758103749344452,0.06933977302760085,0.07754680070835877,0.04758103749344787,1.118359598285548,0.7957440820748226,2.841637053599092,25.26343944990635,1.2536818506688947,1.4087452081911263,1.7619573459298605
site_524c0b4f56437dd1,10,0.08133421121490099,-0.027351886415481568,0.07659718156345388,0.14756248337568734,0.07696116436900957,0.07659718156345388,0.5215496690515161,0.9611422657090176,0.06615253913950125,-0.2735188641548157,0.10915289548784493,0.21774686499999998,0.05923020821033709
site_52a99c537fd71479,333,0.08737727339450108,0.03523842083709734,0.07995649818973445,0.08652864379607587,0.050279842411421485,0.07995649818973524,0.5810774352354025,0.41628607215191205,2.542384372650509,11.734394138753416,0.6031008200321806,2.4932396636636636,0.8418448301214871
site_52efe15d6a747228,616,0.043695096080987206,-0.03460037016014193,0.026684748571194433,0.046588341192413354,0.04721806419665784,0.02668474857119455,1.0135167509322491,0.838240839107156,1.1761050356604494,-21.31382801864743,1.1358865410916255,1.3370116975974027,1.373400081271496
site_53e750ed31ea8834,151,0.04061207758675849,0.015711270492992653,0.03744992423769252,0.03583957158577833,0.0532640291332368,0.03744992423769252,1.486179292231628,0.7121770196385755,0.24905046773284661,2.3724018444418906,0.20528713234898863,0.19395570860927153,0.4283955767254511
site_545c918e740bed59,7,0.12079528564016866,-0.11759380213362831,0.027626051702098406,0.06309510799627198,0.04328126803299847,0.027626051702098427,0.6859686813683838,,0.10214050723022956,-0.8231566149353982,0.017818717290354627,0.027866948571428577,0.013112877137809786
site_5475cf38df836ff4,649,0.048480883838164006,-0.008459932716491592,0.047737046789280826,0.06925576466485667,0.029180623381805725,0.04773704678928102,0.42134576844277083,0.8335395361095539,1.525407067426479,-5.490496333003043,1.0932548052913558,3.112838249614792,0.5526291988370607
site_54c3846d0762e78b,725,0.07702697515557817,0.07049843950736112,0.03103425411774869,0.024181784164419177,0.041687113451827955,0.03103425411774877,1.7239056129351256,0.6742839435865914,4.301537303673091,51.11136864283681,0.4928003294447321,0.4239500468965517,1.259916185260542
site_54c3cc61243c3e27,143,0.12808831581293315,-0.09784377872360335,0.08266324221127694,0.10409122170627527,0.05366219664323296,0.08266324221127715,0.5155304718649283,0.6159768524845095,2.3461461806344985,-13.99166035747528,0.49202025529812055,1.5494024883916082,0.41178728284651145
site_54f5633d7a10a0e4,93,0.08359468251637765,-0.016939342761232015,0.08186042763039705,0.0946155407443864,0.07421466275388298,0.08186042763039704,0.7843813201298666,0.5524737470980733,0.6498905978862998,-1.5753588767945772,0.3607836004380097,0.8325453511827957,0.5122269035935505
site_551190f45891f632,40,0.12081542098830561,-0.10924337658286096,0.05159700205783998,0.06036803790086274,0.05999788432158231,0.05159700205784235,0.9938683847918282,0.6325031737031913,0.5838546379432606,-4.3697350633144385,0.09163591003417969,0.14577199999999998,0.1439898449226389
site_554a93a7d6df9a9f,46,0.025032657482995272,-0.0025250674525032876,0.02490497892031366,0.024483318652697546,0.013305388262513889,0.024904978920314166,0.5434470894756711,0.2397597080238507,0.028825161270404125,-0.11615310281515123,0.0035927903030229646,0.027573913043478265,0.008143534413547149
site_557840f3689665d3,108,0.0643538392301253,0.006469544979929925,0.06402781904304938,0.08240330734702579,0.046800464631302836,0.06402781904304938,0.5679440078079829,0.6328290414380813,0.4472729953549359,0.6987108578324319,0.26357545476133626,0.7333529466666666,0.23655061688822937
site_572718242301a76e,118,0.08283005069173346,-0.0778184986598411,0.028374258825975465,0.049265718038592386,0.057723594487850936,0.028374258825975877,1.1716787410392164,0.8710239200319155,0.809576441116226,-9.18258284186125,0.2922875204614159,0.2863990949152543,0.3931775765505469
site_572a1b583bd03d5b,234,0.09909603063726094,0.07188394720814166,0.0682108599992557,0.05137071270857845,0.08231470477368316,0.06821085999925604,1.602366415288946,0.5630679991110976,2.297885449406264,16.82084364670515,0.557146900946354,0.6175143290598291,1.5855162855429963
site_57c9411d53d3b891,847,0.04661445736515057,0.012570528743511953,0.04488751989758378,0.0605363880011129,0.0343720680552446,0.044887519897583855,0.5677918552823585,0.6803289994903665,1.840452767223982,10.647237845754624,1.1990148482872682,3.1039621685714285,1.0006788858480282
site_5809bead57720978,62,0.056313340606617766,0.027894003093242643,0.04891949429124462,0.03910725932010139,0.051021875813269266,0.04891949429124478,1.304665085212036,0.4358918938749039,0.1966139244771706,1.729428191781044,0.05392427126101909,0.09482141935483872,0.16140037231328963
site_583630b60a1838c6,202,0.04213450915481233,0.019534621195332835,0.037332498395792064,0.05820875358755118,0.035383214019420364,0.037332498395792134,0.6078675772742812,0.7881373174047447,0.3586140060668267,3.945993481457233,0.32789805460094223,0.6844283168316831,0.2528983105375094
site_58667ddb3903bbc2,535,0.08829943832601801,-0.07447042120717397,0.047444147941725676,0.05884529619790136,0.031654061735227376,0.04744414794172568,0.5379200000756608,0.5942476201047892,4.171283082649288,-39.84167534583807,0.5921918571231939,1.852581353271028,0.5360590990206086
site_5896b54480755cab,20,0.10327865750979258,-0.0559927400380373,0.08678302921687978,0.10300508482594439,0.020532726301817867,0.08678302921687987,0.1993370165804299,0.8275147068984569,0.21332962194050067,-1.119854800760746,0.03500346189327539,0.21220095000000003,0.008431856987707265
site_58e380359cb64c9c,342,0.05006734911873558,-0.014606613541032838,0.047889312885447295,0.05435285699174179,0.044858591256007614,0.04788931288544735,0.8253216801983986,0.5481806459944113,0.8573048911398546,-4.99546183103323,0.457106937263662,1.0103477076023393,0.6882042776399584
site_591f3f72c730f39a,46,0.05064518164576106,0.02784762044315753,0.04230182572402719,0.07064923070792722,0.04522004310453983,0.04230182572402773,0.6400641967565811,0.8211445574240572,0.1179869835008781,1.2809905403852464,0.12067459768348412,0.22960043478260866,0.09406320572531623
site_5977dd6efaf94985,77,0.07261243148548803,0.024768793071554857,0.06825739590706043,0.08623716657354782,0.04439747671323294,0.06825739590706047,0.5148299564708949,0.6201709613326399,0.40598752088007145,1.907197066509724,0.18283314053322394,0.5726373651948052,0.15177746726465874
site_59c7d9e52ad4d8ab,85,0.05849553637371706,-0.008598698579563815,0.05786009124073919,0.08565764802024312,0.051393254268283915,0.057860091240739896,0.5999844200267834,0.7531087871923858,0.2908468609301527,-0.7308893792629243,0.2818051363359479,0.623664776470588,0.22450765966418107
site_59cc92ae49f9c2af,36,0.02703766681749336,-0.018053140492902867,0.02012758170464829,0.022148628137992246,0.01598573066401613,0.02012758170464834,0.7217481175096031,0.4815339744681015,0.026317275369616134,-0.6499130577445031,0.006137743823644189,0.017660222222222226,0.009199569055048762
site_59e0fe7c4ae0f849,113,0.0798311733325589,-0.028111701781770828,0.07471779211530441,0.09194447516960501,0.033168280606962475,0.07471779211530442,0.36074250840824024,0.6510887670720205,0.7201508346287961,-3.1766223013401036,0.22437126851385145,0.9552778761061946,0.12431523674170891
site_5a51afb7ef849491,62,0.08557293092904714,-0.04593505161231564,0.0721990134362054,0.0842079644066458,0.04542832628853742,0.07219901343620563,0.5394777870316523,0.5152387796355459,0.45400904348282317,-2.84797319996357,0.12220251328954773,0.4396408387096774,0.12795143542142484
site_5b0bcc4b6a2f87e4,66,0.04191734927014809,-0.038097209488487604,0.017483329174555827,0.027514066900595928,0.01707397324932662,0.017483329174555834,0.6205543263019694,0.7906748155131391,0.1159662352091486,-2.514415826240182,0.024514962149809374,0.04996357590909092,0.019240357126235588
site_5ba32085b805fa13,239,0.03986624213692853,0.016217746273867753,0.036418428960028795,0.06628595533113985,0.06889275030729033,0.03641842896002897,1.0393265053377887,0.8555270553958059,0.37984682564673156,3.876041359454393,0.9337415656621673,1.0501248619246861,1.1343444397317342
site_5bf25e0531f88e2f,60,0.04672722638417332,-0.03920345106641452,0.025426818716485666,0.025621066147909523,0.02033654291693539,0.025426818716486017,0.7937430394009849,0.4063869562112797,0.131006021133467,-2.352207063984871,0.012704726949806013,0.039386341833333324,0.024814498668741303
site_5c129902816da317,37,0.04652380032520077,-0.02580173999473856,0.03871348873381293,0.043345335566963954,0.04776785048559431,0.038713488733813244,1.102029776924856,0.6427998258436548,0.0800851678778686,-0.9546643798053267,0.04924425174144877,0.06951627027027028,0.08442539898052141
site_5c29c7471e58357f,54,0.06032209260742368,0.03899930085959257,0.046019663069187935,0.04978296172852363,0.04166224636032915,0.04601966306918806,0.8368776166336115,0.5053533981490635,0.19649276225308432,2.105962246417999,0.05659946985377205,0.133830537037037,0.09373010967659301
site_5ca415a5fd8c11f3,149,0.07354660178726304,-0.05389768262077498,0.050041407280016145,0.08101702697285208,0.059791628451764015,0.050041407280016145,0.738013115092455,0.7880299794419273,0.8059562925336821,-8.030754710495472,0.5687818012152543,0.9780000402684563,0.5326807861041556
site_5cc61f026daaaf5d,1,0.14591609711647036,-0.14591609711647036,0.0,0.0,0.0,0.0,,,0.02129150739770321,-0.14591609711647036,0.0,0.0,0.0
site_5cf31f5c04158e4a,244,0.09340608818523059,-0.012757885937319422,0.09253071736713935,0.09776181710480544,0.04227549977710743,0.09253071736713936,0.43243365384448645,0.3366446232917019,2.128826143656366,-3.112924168705939,0.3394841672443464,2.331998983606557,0.43608116306262734
site_5d503d0a92bc4d22,106,0.09361807812539584,-0.052803761363254396,0.07730528660955344,0.10222357348290118,0.0498085885372102,0.07730528660955387,0.4872514904357323,0.6829317760525961,0.9290205225006283,-5.597198704504966,0.3685856978845906,1.1076638514150943,0.2629749221593254
site_5d637e79fa207678,82,0.06129074152950381,-0.038296161525860066,0.04785351616779773,0.05495999437371328,0.04842123034132398,0.047853516167798676,0.8810268431265211,0.57778863297354,0.3080375097733884,-3.140285245120525,0.1260855583078796,0.24768928048780486,0.19225847491693943
site_5d79652f78de4312,15,0.07688695183003985,-0.028197168452739722,0.07152987524777803,0.15182887823687122,0.08737733716500017,0.07152987524777929,0.5754987995675043,0.9637233280094667,0.08867405042572303,-0.42295752679109583,0.19177713197812438,0.345780124,0.11452198575069178
site_5de3489054d45a0f,49,0.09620225378166992,-0.07721341799838202,0.05738433334700299,0.0662025214340932,0.044079998564955175,0.05738433334700307,0.6658356450794441,0.5196441431793242,0.45348880800096836,-3.783457481920719,0.0743050308989323,0.21475591836734695,0.09520926740083607
site_5e24def8042ec3b4,11,0.07287817189689402,-0.015209702258760277,0.07127336736981842,0.07891013824189748,0.02709025072519818,0.07127336736981843,0.34330507243763214,0.43991269273360484,0.058423507329365576,-0.16730672484636305,0.010344392880120061,0.06849490909090908,0.008072698527895106
site_5ec485e1198852d4,13,0.040340312101672014,0.018810166570773494,0.03568638975912331,0.12134433620484346,0.10570512274984514,0.035686389759124346,0.8711170711041881,0.9598910095210345,0.021155430145983974,0.2445321654200554,0.16005926618833954,0.1914178230769231,0.14525644868227777
site_5ed1da21a10b6003,106,0.10951381120309794,0.059256087937107634,0.0920977246549422,0.061833925136552746,0.057601518392141504,0.09209772465494229,0.9315520285172827,-0.18819821120166183,1.2712871334881448,6.281145321333409,-0.07105294839046053,0.40528403556603776,0.3517011016345029
site_5edf4f1cdc32395a,114,0.04360560034120374,-0.01102625021809026,0.04218850776271723,0.05483182057204836,0.05762143903228273,0.04218850776271725,1.0508759043768907,0.7195608927290505,0.2167651154473138,-1.2569925248622897,0.2591726499806371,0.34274425438596495,0.3785062469212226
site_5f27021d111ffc54,10,0.0593050575219279,-0.04551584318876266,0.03801838853101409,0.03347372103606052,0.019387459473177906,0.03801838853101435,0.5791844728673042,0.03926659639898704,0.035170898476791765,-0.4551584318876266,0.0002548285916447632,0.011204900000000004,0.003758735848241157
site_5f52ef3c28075a93,123,0.0418021537947939,0.01305037827656521,0.03971281516994428,0.05230450635861821,0.05132236663633395,0.03971281516994428,0.981222655739252,0.7064244628082448,0.214932667611683,1.6051965280175209,0.2332472993518279,0.3364986504065041,0.32398019400997696
site_6009b70703dc2497,93,0.06387834881658237,-0.009299027005831401,0.06319787610575049,0.08207340859374809,0.046606842696671834,0.06319787610575084,0.5678677600362523,0.6423576799449994,0.37948124062056626,-0.8648095115423202,0.22851358476329234,0.6264521290322581,0.20201439411216504
site_613f62e07f148531,126,0.051265203946124834,0.011039103960707073,0.05006255406371587,0.04559188861389942,0.07479776067901908,0.05006255406371622,1.6405936001566686,0.7575962800384491,0.3311432630903594,1.3909270990490912,0.32552515740751753,0.2619061587301587,0.7049328303270725
site_617d5a69b08b72f8,37,0.1192162321704209,-0.08856240332126615,0.07980733506935989,0.07206473836561744,0.05468724637314767,0.07980733506936001,0.7588627616420974,0.23024619677626962,0.5258628704777328,-3.2768089228868478,0.03357399796311919,0.1921530810810811,0.11065571188746204
site_617d695493df2178,92,0.0851166509710321,0.07723423493005659,0.0357731355530002,0.06069567942568218,0.0699781110474138,0.03577313555300029,1.1529339766778184,0.859494937701351,0.666525673072254,7.105549613565206,0.33585447777313704,0.3389248260869565,0.4505181143703043
site_6198a28ec3f8f86a,57,0.016193140819414736,-0.0027069269132195873,0.015965285975637365,0.016859985757086134,0.01812347404291957,0.015965285975643725,1.0749400565360738,0.5855270676481835,0.014946415147051556,-0.1542948340535165,0.01019812863263906,0.0162027698245614,0.01872223774890963
site_621b9dc6415ad601,132,0.061644095488090224,-0.0024699790589737176,0.06159459158069819,0.07593520439361019,0.027883242186148762,0.061594591580698216,0.36719782884386476,0.6493437802945783,0.5015992751279117,-0.3260372357845307,0.18148262544177246,0.761132495151515,0.10262672571510822
site_621eb1eb5435955b,195,0.07314234797837511,-0.0352315567881633,0.06409789757918848,0.11636337178523204,0.07838768247656538,0.0640978975791887,0.6736456779650808,0.8538397939755556,1.043211598218994,-6.870153573691844,1.518710951862274,2.6403846871794867,1.1982026089891331
site_6277027d8a1380c0,524,0.06473480373444429,0.0481507315905267,0.0432677924307917,0.062282883298764025,0.03726887542301487,0.04326779243079182,0.5983807018734224,0.7315194120890899,2.1958716828173994,25.23098335343599,0.8897584885530289,2.0326785572519084,0.7278197954552099
site_62a63d63c871f1e4,95,0.09260749782638082,-0.0005862688671915143,0.09260564206612085,0.07877731837467375,0.05887457619496622,0.09260564206612096,0.7473544087265339,0.11818468153157198,0.8147341220979973,-0.05569554238319385,0.05207314182324626,0.5895572595789474,0.3292904936030039
site_63012b87359e4210,129,0.06380181719630053,0.05065530094111613,0.03879062211559785,0.04944230652162411,0.04670129248396814,0.03879062211559786,0.9445613639311676,0.6757933119055123,0.5251166722039693,6.534533821403981,0.20129418191798898,0.3153458759689922,0.2813503828378349
site_6307ca95d0b03b26,71,0.04240397300737024,-0.02905473194928236,0.030885586900124377,0.04272980392679444,0.01644620406195909,0.030885586900124405,0.3848883577873434,0.8128107798536683,0.12766488180349467,-2.0628859683990477,0.04055499741941901,0.1296343661971831,0.019203911591379574
site_63148af2428e7132,211,0.056804789946210826,0.03373272956547579,0.045704344617285675,0.05252273314395938,0.054749404134132915,0.04570434461728746,1.0423944234598466,0.6376517073145195,0.6808514579357914,7.117605938315391,0.38689462528766194,0.5820725118483412,0.6324719203919907
site_633f81ba98074791,63,0.06255388710970565,0.004775742475948637,0.06237131613439962,0.06551589945487049,0.026730009223016226,0.06237131613439962,0.4079927078071902,0.31881553003656515,0.24651829392962935,0.3008717759847641,0.03517433004033943,0.27041698412698406,0.045013083762939554
site_6367b6400c1e48bd,400,0.06112387992081139,0.029707322542130946,0.05341913219017666,0.07382420859675708,0.04032255634480891,0.05341913219017667,0.5461969333807418,0.7092088584273714,1.4944514786295078,11.882929016852378,0.8444637282332443,2.1800055099750004,0.6503634200721159
site_638a0536fcb5886f,372,0.03975624957467821,-0.015407815203070638,0.036649128378613956,0.046977141211981564,0.017420200356153707,0.03664912837861407,0.3708229131599577,0.71311470476817,0.5879680894508057,-5.731707255542277,0.2170911212735559,0.8209488682795698,0.11288837752685604
site_639be43d81e5bd5a,671,0.12725977127365837,-0.07025373197241438,0.1061106145895499,0.10708313036524551,0.028763255632644338,0.10611061458955003,0.2686067874046726,0.16796090639587685,10.866878137082598,-47.140254153490055,0.3471281464478076,7.69422065871833,0.5551349908491159
site_63bba9458fdad7de,128,0.10485041494830331,-0.04656143671665341,0.09394488876842885,0.09727780967856633,0.04223414357263594,0.09394488876842895,0.4341600999466334,0.29464347520938244,1.4071820178984176,-5.959863899731636,0.15494739286149853,1.2112604487499998,0.2283165290641953
site_63e7e96910147c52,10,0.062005659701987556,-0.054568644866943364,0.029444266546546877,0.038586252733324604,0.04387420551226842,0.02944426654654748,1.1370424025232422,0.7522056889486424,0.03844701835078684,-0.5456864486694336,0.01273439988434315,0.014888989000000004,0.019249459093327648
site_63fc50b0256f0fb6,2,0.054728309874921686,0.03009231835603715,0.04571258336305617,0.10999999999999999,0.06428741663694425,0.04571258336305677,0.5844310603358568,,0.005990375803530901,0.0601846367120743,0.014143231660127637,0.024199999999999996,0.008265743875704112
site_6411ebbe96528026,629,0.16879376817038308,-0.1433818634658815,0.08906726335870181,0.11932053666975967,0.049428690124689076,0.08906726335870183,0.4142513225656332,0.7415920088900304,17.92105045291577,-90.18719212003947,2.7511228658258027,8.955318606359302,1.5367699112813549
site_651ac46c08004df7,214,0.09954869042779739,-0.06492730981607304,0.07546115693479066,0.10170371982012809,0.044093365855680765,0.07546115693479116,0.4335472284953169,0.7351483034116738,2.12072753790034,-13.89444430063963,0.7055029305022628,2.2135403778037386,0.4160641312713436
site_651b6ffa617fc102,117,0.11728762943372294,-0.08178060406110225,0.08407330621299211,0.09794072622190715,0.04883388856788745,0.08407330621299215,0.49860655982112173,0.5131707889774626,1.6094973981273304,-9.568330675148964,0.2871656019151847,1.1223091447863247,0.2790155947013193
site_653b7646a624636a,25,0.06306505431138743,-0.037888462293148045,0.05041493330709607,0.08456618709626207,0.050931468529436884,0.05041493330709627,0.6022675288819793,0.836272930197607,0.09943002688245615,-0.9472115573287011,0.09004736232757568,0.178786,0.06485036216412549
site_655489b2dd82c473,432,0.0721090268270064,0.06701514686478509,0.02662107887800967,0.02658597445743731,0.033158605907543076,0.02662107887801024,1.2472217620094457,0.6225515000160485,2.2462754759731847,28.950543445587158,0.23708707407806756,0.3053436643518519,0.4749810389561163
site_655b8133c0a83295,77,0.07649560669991755,-0.016020212060445314,0.07479926904674157,0.08222761501634823,0.06250307979219483,0.07479926904674222,0.7601227371092809,0.4935407679190925,0.45057149401791224,-1.2335563286542892,0.19531377268708366,0.5206263116883117,0.3008108937302294
site_657937702d0a4647,131,0.09161495175372496,-0.08069164655363287,0.04338383986348998,0.062484535001768836,0.04063548196993606,0.04338383986349046,0.6503286288164862,0.7233700089341855,1.0995222194136933,-10.570605698525906,0.24060782759500138,0.5114655419847329,0.21631275373569886
site_6641dc35f7f7b1d6,5,0.048320780780531224,-0.024027268934249873,0.04192359959260878,0.028336548837146692,0.026402445364547215,0.04192359959260878,0.9317452706144638,,0.011674489276200779,-0.12013634467124937,-0.0006438477039337163,0.004014799999999998,0.0034854456061395034
site_667d683049a1748d,80,0.0921205164046473,0.06616884945183993,0.06409268994884389,0.09123269613329422,0.041459309767371305,0.0640926899488443,0.45443477530026927,0.7844670467508597,0.6788951634127113,5.293507956147194,0.2373762522103265,0.6658723874999999,0.13750994931094795
site_669ad6ba4bcd30e6,57,0.045710674668007996,0.032728504194502246,0.0319109823069569,0.05604167314564009,0.05305255929145576,0.03191098230695691,0.9466626585823682,0.8302516575736671,0.11909954938045465,1.865524739086628,0.1407025729594262,0.1790181403508772,0.16043072070028547
site_66c5aa948cb00d80,6,0.05016535838703324,0.04848368835449219,0.012880028945773545,0.024451766580124407,0.01693342274635287,0.012880028945777377,0.6925234907205922,,0.015099379092596916,0.29090213012695315,0.0021562036474545797,0.003587333333333333,0.0017204448354402047
site_66cab69faab895b3,471,0.10273402670786497,0.05281800177497215,0.08811662120230979,0.08392976881627574,0.04537340529910869,0.08811662120230983,0.5406115844121071,0.1757287306170272,4.971065994741399,24.877278836011882,0.3151962779565791,3.3178210700636943,0.9696693228739137
site_67582d7e0a88b810,49,0.027177782745660743,-0.013906538331995205,0.023350376155237468,0.03787679230415345,0.04370780504411891,0.023350376155237947,1.1539468467430398,0.8455947387537924,0.0361929618735464,-0.681420378267765,0.06859469698567171,0.07029791836734692,0.09360823886696062
site_6770b4e6f1f2e8bb,271,0.07808582192584408,-0.009207336266982166,0.07754108939588963,0.062007567659929944,0.04003927218812005,0.04220633502339825,0.6457158972548107,0.7384402274157682,1.6523942037611854,-2.495188128352167,0.49683880505112943,1.041978319164314,0.4344518390030325
site_68221dfdbb1b1ea4,128,0.12572040605868356,0.0632604180192575,0.10864501834685787,0.12578338095050492,0.05106470382355388,0.10864501834685848,0.4059733761143498,0.5157425600237016,2.023119423943716,8.09733350646496,0.4240206648536259,2.0251467421875002,0.3337733090031716
site_68322e90dd9563bf,434,0.10311602821613099,0.09652432367274288,0.03627630376140176,0.05430036750745142,0.05070896883136041,0.0362763037614024,0.9338605088520224,0.7633803037889595,4.614685229380346,41.89155647397041,0.9122591500444346,1.2796619815668202,1.1159873916539085
site_68a69fed5c9dc2db,169,0.09657939298473629,0.037165186603041085,0.08914217887207639,0.09944242756834856,0.04590656417505689,0.08914217887207652,0.461639616988478,0.44357366811535287,1.5763608762317216,6.280916535913944,0.3422149428931125,1.6712065917159762,0.35615273520660623
site_68bc9d9136a91d21,185,0.058248656916501114,-0.033558021295070656,0.047610558065788705,0.042326490573122995,0.04197370640100648,0.04761055806578898,0.99166516837707,0.36208454904348536,0.6276876160266068,-6.208233939588071,0.11900666993932948,0.33143338378378384,0.32593152537201003
site_68cc6a1e0541208f,9,0.07380194916930388,0.019835896983411577,0.07108632000639785,0.08518190267427629,0.018318710451553793,0.07108632000639789,0.2150540182414331,,0.04902054931069663,0.17852307285070418,0.011422200616945823,0.06530360888888889,0.0030201763734707954
site_68df3e54f8cc23c6,117,0.041096671700199934,0.02455056422643172,0.032957642831335274,0.05615548658312375,0.04958182489308236,0.03295764283133527,0.8829382115617362,0.8127004316847901,0.1976055617055797,2.8724160144925115,0.26474700400889173,0.36895232478632484,0.28762781108820895
site_68e0a7cac180b7fb,385,0.14862455590000648,-0.12766669652717455,0.0760951589413707,0.0833265780137073,0.011754317426636572,0.07609515894137074,0.14106324424726738,0.6590501088856017,8.504364567342547,-49.1516781629622,0.24851930321066024,2.6731776623376624,0.0531931315939609
site_694aad5289524593,35,0.10948716258813891,-0.07838046373980385,0.07644567793887928,0.13300396188667096,0.07491740207772347,0.0764456779388793,0.5632719583312754,0.8760630226683134,0.4195603570060547,-2.743316230893135,0.30552776338160037,0.6191518857142857,0.19644159969263497
site_69670e737191984a,288,0.14003135977402376,-0.12026288506129962,0.07173297844711812,0.09884129238454399,0.041791864532293804,0.07173297844711814,0.4228178681608263,0.7711096616432395,5.64732913540668,-34.63571089765429,0.9173578787190426,2.813645111111111,0.5030092630326519
site_697fb58ab8720f1f,11,0.1068286732237976,-0.030502762757648128,0.10238137959076136,0.08030020944159258,0.0758788400984584,0.10238137959076143,0.9449395042194737,0.14145335478374907,0.12553601965032626,-0.3355303903341294,0.009480763182789086,0.07092935999999998,0.0633335821215616
site_69dbfe52882f2d4a,41,0.027555599155927684,0.023386814052738798,0.014572850555220201,0.02210281421431991,0.02404991540091131,0.014572850555220338,1.0880929083378856,0.8038109264328843,0.031131752838528662,0.9588593761622907,0.017518579500418432,0.020029910243902438,0.023714335662430634
site_6a1c5e38a054464b,129,0.06564704618714472,-0.037745076335724013,0.05371074273837105,0.07102085268098324,0.030190656643154117,0.053710742738371106,0.42509566561762874,0.7160343751266799,0.5559299728295274,-4.869114847308397,0.19805327291784647,0.6506710355038761,0.11758037156228253
site_6a31951f1e7ac87b,178,0.034252850554899815,0.01704248124963782,0.029712145731872745,0.05379300759112447,0.05024022341642249,0.029712145731872815,0.9339545354722242,0.8390072314645095,0.2088398832622615,3.0335616624355315,0.4036110938468508,0.515076404494382,0.4492862487099042
site_6a5dcbf93bf1dcc1,110,0.07541864193116199,-0.05046575021039355,0.05604622740598146,0.09400310395789603,0.048626889808911354,0.05604622740598147,0.5172902570397179,0.8816276314751088,0.6256768705814907,-5.551232523143291,0.44329880978702146,0.972024190909091,0.26010318537368077
site_6a951d61e5b0518b,6,0.026902926076663405,-0.0031097771525383003,0.026722588152122664,0.057964376032947074,0.07576334780748765,0.026722588152125547,1.3070674264555804,,0.004342604588918495,-0.0186586629152298,0.02515757112701734,0.020159213333333335,0.03444050922599007
site_6af774998b80a846,413,0.21454957740825015,0.1987023748038179,0.08092519640619854,0.06786904268052094,0.035023116852155194,0.08092519640619855,0.5160396473694061,-0.15062392499824667,19.011018241582253,82.06408079397679,-0.1478667503366603,1.9023634721549638,0.5065935288984031
site_6af9b829a3e0be45,70,0.11052725229950103,-0.006466836661100391,0.11033790610880832,0.14303219275137086,0.06145623724471707,0.1103379061088095,0.42966716836638896,0.6860251066266118,0.8551391450614289,-0.45267856627702735,0.4221218307273729,1.4320745714285716,0.26438083673952645
site_6bb6d38be9a11acb,136,0.0761774438477092,0.022593965299164548,0.07274967823455329,0.08791988948726233,0.057881724485469764,0.07274967823455392,0.6583461924603029,0.5686516699636821,0.789208401359241,3.0727792806863783,0.39356260132705245,1.0512673475735292,0.45563998800000893
site_6caf07a2afe1dffd,660,0.13332122842908845,-0.12692115657058628,0.040811395034057577,0.03945644272308343,0.03312312620710986,0.04081139503405771,0.8394858715363017,0.3781340265195054,11.731202966895179,-83.76796333658694,0.3261661911638397,1.0274951757575757,0.7241133832232045
site_6cb3e406456efe20,55,0.08141840891982847,-0.07807401143659246,0.0230955850593839,0.028467427580620118,0.023095567746202174,0.02309558505938481,0.811298024059084,0.6162957282786223,0.3645926521070023,-4.294070629012585,0.02228582491690462,0.04457169381818181,0.029337288723567778
site_6cb8ba95bd0dee4d,341,0.05792589017115169,-0.011641520777580672,0.05674401947435064,0.0826569448695578,0.060222507416577115,0.05674401947435102,0.7285837567746448,0.72713094771746,1.1441943844730318,-3.9697585851550095,1.2342558406568584,2.3297701524926686,1.236721886243033
site_6ccc6476b82407ef,37,0.09050356335293543,-0.0654523141859351,0.06250511616887401,0.08007879611082781,0.025666981981861077,0.06250511616887418,0.32052157660235514,0.7698129877876011,0.30306311424441545,-2.4217356248795987,0.05854358306164677,0.2372667027027027,0.024375376670115703
site_6ce971c90b49aeb0,57,0.1203471890861863,-0.1098596115417648,0.049135645643858396,0.0547489648069256,0.021819535567161808,0.049135645643858424,0.398537865402739,0.44334182170778696,0.8255564174939379,-6.261997857880593,0.030188043798297124,0.17085460140350875,0.027137251544898433
site_6d0e46f32994dd93,485,0.06642154941884455,0.050207158818072875,0.04348635913268455,0.04810719996959778,0.06092659316994891,0.04348635913268468,1.2664755630852051,0.705438076973444,2.139733780192005,24.350472026765345,1.0028075857966676,1.1224368041237112,1.8003441313187858
site_6d48a42f8098677d,204,0.07906329253996384,0.07185297198155347,0.032987189099376035,0.059571649550932755,0.07395395301589625,0.03298718909937646,1.2414286589909997,0.8999781869534468,1.27520486236102,14.658006284236908,0.8088410231262884,0.7239514117647059,1.1157141820021872
site_6d6ecd1531a550b1,62,0.09296010476107852,-0.06468810004668851,0.06676099751756494,0.10573485972901592,0.04907750671680644,0.0667609975175651,0.46415635148696865,0.8798490760670972,0.535778026785823,-4.010662202894688,0.28307437457528817,0.6931513548387097,0.14933330326336725
site_6d764ff710881490,548,0.05509166892848022,-0.044666821633268454,0.03224851981885456,0.04997190946629732,0.03918616468281349,0.032248519818854994,0.784163845274752,0.7641632073460747,1.6632304079582496,-24.47741825503111,0.8200217769233116,1.3684610711678833,0.8414844153966214
site_6eaed325c7afd5f2,128,0.02086970901914309,0.013961268454138191,0.015512180301143621,0.016433540379043356,0.015394787731999489,0.015512180301143952,0.9367906961564703,0.526566443700557,0.0557497285815939,1.7870423621296885,0.017051712064497404,0.034567839921874996,0.03033593463210521
site_6ec0b265c8640204,38,0.02573719174468463,-0.013973597943782811,0.021613458756251203,0.027717310610505204,0.01869745932387635,0.021613458756251255,0.6745769669583231,0.6277965471756765,0.025171315478301183,-0.5309967218637468,0.012363351171542155,0.02919347368421053,0.013284609436384404
site_6ed688016a61001c,62,0.04287234631828311,-0.0054823886244527754,0.04252036563583707,0.04897456784950518,0.020769328298772493,0.042520365635837075,0.42408395236064017,0.5023216018343524,0.11395836088775779,-0.3399080947160721,0.0316786458069038,0.14870751435483873,0.026744629874895898
site_6f1d891d977773b1,32,0.044220447095511574,-0.029637008275836707,0.03281913590856597,0.05133711156110655,0.03814151960918007,0.032819135908566,0.7429619323981684,0.7694235847565355,0.06257433412246201,-0.9483842648267746,0.04821086175600066,0.08433596874999999,0.04655281657911897
site_6f28bfb579cd23b2,141,0.07750552909435593,-0.003700636361169476,0.07741713202333475,0.09158899281270898,0.058273430818292095,0.07741713202333485,0.6362492809311253,0.5425053179128912,0.8470020926676436,-0.5217897269248961,0.4082601429208902,1.1827846482269504,0.47880677624613277
site_6f4dcb1e04a51328,266,0.04659135038172753,0.0026719347390017105,0.04651467182667655,0.04702640402698127,0.03898070675707665,0.04644457289335211,0.8289110673806055,0.42928932834803896,0.5774205454845118,0.710734640574455,0.2093260165579763,0.5882543917385621,0.40418580280879945
site_6fa03518f2e15749,74,0.06872315573398444,-0.0279985046531703,0.06276110157752077,0.10000801647926467,0.04678526855801676,0.0627611015775208,0.4678151832730036,0.8817783535040453,0.34949253791877344,-2.0718893443346023,0.30530582718873345,0.7401186486486487,0.16197574019938565
site_70208b23c7d145de,47,0.20501513962094983,-0.19885496009917972,0.04987897671114761,0.047286902566868266,0.03516242677643471,0.049878976711147716,0.7435975897704789,0.29606120144910647,1.9754667512684854,-9.346183124661447,0.023136574695497115,0.10509440425531914,0.05811062406998224
site_7062702ffcf77fca,399,0.04417443393173605,-0.032362773491401126,0.03006711667475912,0.08608693131198943,0.08509524579449577,0.030067116674759125,0.9884804173829863,0.9383634464900238,0.778600864662536,-12.912746623069049,2.7427517543342477,2.956972937343359,2.8892391418734347
site_70a4655a50185729,555,0.028825275698848997,-0.007018189051666775,0.02795785294956891,0.058908875635183995,0.0475567385430747,0.027957852949568908,0.8072932648993032,0.8834968296037264,0.4611475681086332,-3.8950949236750603,1.3736964473439768,1.925991873873874,1.2552120763741734
site_70a6cc65be0123f1,70,0.0608484016950888,0.0481192118389266,0.037243381168301476,0.06977799928110198,0.06303054189576036,0.037243381168301795,0.903301076917391,0.8474878355516463,0.259176959219282,3.3683448287248616,0.26091621340747395,0.34082784285714285,0.2780994448171241
site_70dba7fc35b9a591,3,0.04797634581207884,-0.035001568078994745,0.03281188792940252,0.08112678691748833,0.049391712398304276,0.03281188792940289,0.6088212571334686,,0.006905189272440524,-0.10500470423698424,0.011916715229550998,0.019744666666666667,0.007318623760910414
site_70ecc850263e23bf,307,0.09315814271004284,-0.07637972354403536,0.053334579631993326,0.06720525191563823,0.04620019116276746,0.0505516080681897,0.6874491181249032,0.6595291998034435,2.6642809428277054,-23.448575128018856,0.6286651551819613,1.3865795867086295,0.6552785026872108
site_719e76f9794e1f46,104,0.1444035176713962,0.08921371111457164,0.11354862247090007,0.12703211367949516,0.04552152546716191,0.11354862247090068,0.35834659558616594,0.4596539305587239,2.168647095250816,9.27822595591545,0.2764360311283228,1.6782644222115386,0.21550976520917686
site_71caeba631cb8f76,161,0.0564497982044776,-0.008109335408077475,0.05586428551915385,0.07159939162224704,0.0466258853456408,0.05586428551915434,0.6512050492221418,0.6259954495333102,0.513039334489525,-1.3056030007004735,0.3364600273041992,0.82536213378882,0.3500096826666395
site_71e9fd683ed1988c,57,0.10972755364753776,-0.08704021947634848,0.06681419177826195,0.09840002589914755,0.035462623581743756,0.06681419177826196,0.36039242121836645,0.9279243035299157,0.686287753679977,-4.961292510151863,0.18456675654022317,0.5519062105263158,0.07168306726412554
site_72da2835c7ea074f,53,0.03060978687231696,0.011297237724628092,0.02844875168020396,0.02941610428270942,0.013027938136610956,0.02844875168020414,0.4428845509726006,0.2944735434716803,0.04965882977553939,0.5987535994052888,0.005981126614168005,0.045861281132075486,0.008995540120842194
site_72f791e7a3b14404,210,0.09832307667072637,-0.017144393652280168,0.09681682277524498,0.09892015738002866,0.049060394937803495,0.08230866970666442,0.4959595317800058,0.5581427551966345,2.030159755259483,-3.6003226669788355,0.5688272917595217,2.0548914825788236,0.5054536938051835
site_734432da6e99253a,201,0.04895733086515053,0.018346278098685227,0.045389804200563835,0.05636410211409862,0.023918603737910056,0.045389804200563925,0.4243588177718382,0.6263310853712497,0.4817608693334039,3.687601897835731,0.16972211729668413,0.6385593134328358,0.11499202055900415
site_73483f87b1a225a5,300,0.09179948906718183,-0.056207889778812734,0.07257974455458269,0.10228068846724357,0.04656773093485571,0.07257974455458321,0.45529348338097564,0.7728432752977703,2.528143857898691,-16.86236693364382,1.1043110217218848,3.1384017699999998,0.6505660693263351
site_734a8ec3d3587deb,510,0.0805027545995448,0.07556693498772733,0.0277548524527716,0.03817370726275138,0.028347013046800446,0.027754852452771914,0.7425795155730266,0.6886788054426567,3.3051536840384115,38.53913684374094,0.3800655762465561,0.7431882823529411,0.40981210582449207
site_73fced68c3c0a0ff,515,0.059314408343694724,0.010067980249298426,0.0584536980084434,0.06600998664793696,0.06079259741980405,0.05845369800844347,0.9209606077341029,0.5776622895082286,1.8118725041387196,5.185009828388689,1.1938275325670549,2.2440189436893205,1.9033060490388785
site_741bd07218da164c,66,0.020761248998338255,-0.013484030709122167,0.01578639844316783,0.022582272244902273,0.012722669658112543,0.015786398443167933,0.5633919173472263,0.7354768178483373,0.028447944358086084,-0.889946026802063,0.013946293916474239,0.033657295303030306,0.010683177333144195
site_74428aba30f813ae,171,0.03509126889744173,-0.020262172541353433,0.02865033187830437,0.05189618521505716,0.06545024642954868,0.028650331878304375,1.261176445981986,0.9062112783223066,0.21056891313436793,-3.4648315045714373,0.5263471725107242,0.4605396008187134,0.732518643564759
site_7463527a899d9995,969,0.06400501731779011,0.022081473959058188,0.060075375568081534,0.087765574681036,0.07161443708280743,0.06007537556808188,0.815974114487073,0.7336482767581931,3.9696463323532436,21.396948266327385,4.468239693370828,7.4640094200206395,4.969640143128075
site_74ac127e792b6d34,11,0.10926662854096175,-0.10679166694771158,0.02312435908814688,0.020652008486959673,0.022578089305046754,0.023124359088147126,1.0932636077165698,0.4305750810390578,0.1313311572397937,-1.1747083364248274,0.002208467733860016,0.004691559999999998,0.005607471283333332
site_74d6733a337aa5b5,241,0.05475590405983491,0.035983985027831615,0.041271804551371805,0.06300647379505633,0.06078323974692606,0.041271804551372165,0.9647141965861813,0.7782590796459723,0.7225683760877726,8.67214039170742,0.7183072628567762,0.9567255933609959,0.8903991384258823
site_754a56eb31e06ac7,75,0.07052495992636015,-0.04311250061511994,0.05581292201028351,0.11176147139729725,0.060257179977285136,0.05581292201028355,0.5391587925956954,0.9656696889446331,0.3730327479461029,-3.2334375461339953,0.4877426986641685,0.9367969866666668,0.2723195804111199
site_756658a5e0df9526,54,0.1542168329473488,-0.14539674624955212,0.05140639789319844,0.05108336622828042,0.03384009960487056,0.0514063978932074,0.6624485053245421,0.3216482457047354,1.2842729044727665,-7.851424297475814,0.030025212357386397,0.14091355648148152,0.06183822642844827
site_75a0a6603ab1116e,378,0.04898214617287967,0.015526085285913377,0.0464563377742574,0.09667253597122769,0.06918556453069721,0.046456337774257575,0.7156692832728487,0.8951416280695211,0.9069167433191105,5.868860238075256,2.2630917136861535,3.532628941798942,1.8093508043050193
site_75b87fcb8d56b55c,180,0.11045004983776295,-0.09733258887555865,0.05220709388527385,0.07387945143573038,0.06598018123733698,0.0522070938852745,0.8930789272946188,0.7268295521558945,2.1958584316495777,-17.519865997600558,0.6377379307749371,0.9824712019999999,0.7836091769001302
site_75f094d197034591,390,0.033718189122913376,-0.0006391388054077454,0.033712131040857914,0.03546651326878781,0.028772473359976,0.03371213104085795,0.8112574569120985,0.46509498210976313,0.443397348314136,-0.2492641341090207,0.18509809643903222,0.49057068974358975,0.32286353706770615
site_76b0c722c519421c,779,0.0436627600410137,-0.03217862805391307,0.02951224340789873,0.040418565595877066,0.032585164433399295,0.029512243407898785,0.8061929945560259,0.6926414949328047,1.4851141226169324,-25.06715125399828,0.710635300817494,1.2726214865211811,0.8271367011571512
site_7701ccd363543751,52,0.022487977883866344,-0.009210545565646426,0.020515238231334595,0.04547414572033303,0.03135090349459389,0.02051523823133466,0.6894225938273282,0.9223483442042391,0.026296875763873614,-0.47894836941361413,0.06837745406005818,0.10753069230769231,0.05110971579622166
site_772df34a4c6e4a0a,60,0.24484518448116968,-0.23901129561225573,0.05312969916505196,0.044547060602618135,0.02967950228825655,0.053129699165051995,0.6662505199391812,0.01609084712648856,3.596949861817081,-14.340677736735344,0.0012764559312909865,0.11906643649999998,0.05285237136471754
site_783ea304b6cb08b0,11,0.16967302373133938,-0.1677971652085131,0.02516041196249814,0.03451624841952958,0.0557077972212173,0.025160411962498224,1.6139586360636278,0.9521629193688756,0.31667828480349225,-1.8457688172936442,0.02013926060341976,0.013105085454545456,0.034136945383642925
site_792ac7c0f3887a80,3,0.16625144715647858,-0.05398328293959298,0.1572429611928217,0.15293900745068276,0.0043374040149751665,0.1572429611928218,0.028360351536698837,,0.08291863104487016,-0.16194984881877894,-0.0019742936566472056,0.07017102,5.643922076736807e-05
site_794f4adab7e8609a,986,0.0727740982595937,0.020331886889968398,0.06987620305218745,0.08664961290865873,0.06968586986433574,0.06987620305218786,0.8042259800721183,0.6195162175973331,5.2219244062120405,20.04724047350884,3.6884249166286196,7.403041241379311,4.788134772326648
site_79798e714cfe0874,3,0.12984114819151735,-0.08096845442056656,0.10150287263144919,0.07258178528773977,0.08566540358826948,0.10150287263144923,1.1802603538706251,,0.0505761712910747,-0.2429053632616997,0.0034557656625906637,0.01580434666666667,0.022015684115823275
site_7a906ff08163d278,8,0.14490227314490148,0.1437370003670454,0.01833966979101939,0.04675608082110818,0.03474605898276756,0.018339669791019482,0.7431345479042235,,0.1679733501004771,1.1498960029363632,0.012228304882161319,0.01748904875,0.009658308918671699
site_7c54957b5bc14b62,396,0.04664473139678097,0.03813402057928268,0.026861262843297033,0.022025910320260998,0.029630163840325453,0.02686126284329709,1.3452412821761797,0.4915178463836406,0.8615894629628265,15.101072149395941,0.1270288588345954,0.19211572727272727,0.3476668572449939
site_7ce6c15ef40a9887,868,0.10501093487251631,-0.08215853264085983,0.06540085593553523,0.07566468504602744,0.056781593945003456,0.06540085593553525,0.7504371941872586,0.5437184582217272,9.57169331235028,-71.31360633226633,2.027657555355928,4.969425480783411,2.7985616886918
site_7d5d2b00a197b946,177,0.2005966319981445,-0.17396333602478273,0.09987875894366902,0.09956295488153498,0.015904972087810942,0.09987875894366903,0.15974789123861863,0.05998677383702792,7.122304552112826,-30.791510476386545,0.016813551585022672,1.754562411299435,0.04477536026918599
site_7dc3504cdb8699cf,179,0.043487257547703204,-0.025966646096226887,0.03488373345176192,0.043815180527190765,0.050737235205006524,0.03488373345176237,1.1579830231104509,0.7370832479421277,0.33851434085462817,-4.648029651224613,0.29330601881036544,0.3436388379888268,0.4607937994884194
site_7de361dfa684e7f9,3,0.041962427388365024,0.03286610802014669,0.026089543038003885,0.04027681991198192,0.026635616326015445,0.026089543038005772,0.6613137875389123,,0.005282535936971422,0.09859832406044006,0.0024765210350354517,0.004866666666666669,0.0021283681712001012
site_7df014884b3dac8e,148,0.1372144106771456,0.12954267481130521,0.04523814651606315,0.03602433790981813,0.05491130085080118,0.04523814651606322,1.5242834160689898,0.5728892421804811,2.7865135856265026,19.17231587207317,0.16772203472417752,0.19206743243243243,0.44625714224682544
site_7e8e5e3d7101de47,48,0.05642020094828509,0.0428764329686761,0.036672204336902034,0.059163375348596274,0.03460499807512068,0.0366722043369025,0.5849057439881465,0.818854318103669,0.15279547560215376,2.0580687824964525,0.08047104728377114,0.1680146391666667,0.057480282805397076
site_7f0acd7df3af84c3,388,0.11037818643541117,-0.06177280309274025,0.09147384784098639,0.09903529517662706,0.025718660280026093,0.09147384784098644,0.25969186272588457,0.41262835819072113,4.7271374878189105,-23.967847599983216,0.4077830216661096,3.8055,0.256642400800564
site_80ae082a98e7f1d4,133,0.06059654501900082,-0.002547120478816497,0.06054298840911463,0.08540269575418945,0.050209490013845406,0.06054298840911463,0.5879145801013239,0.717015261960879,0.4883681886758926,-0.3387670236825941,0.4089191322877891,0.9700515187969923,0.3352920540309088
site_81129771a744e168,1,0.06631753337383273,-0.06631753337383273,0.0,0.0,0.0,0.0,,,0.004398015232789418,-0.06631753337383273,0.0,0.0,0.0
site_8126bf120df6e8fa,258,0.04264017929056288,0.023070856333818543,0.03585973337820085,0.05492842855649593,0.032108042148178,0.03585973337820085,0.5845432500431665,0.7830768816402278,0.46909170160228764,5.952280934125184,0.3563158221652283,0.7784201240310078,0.2659790036120072
site_814a74a697656439,144,0.061641334508510344,0.05651303332712914,0.024615669484230104,0.03232151845992938,0.035777786699111025,0.024615669484230107,1.1069339685716362,0.743173079707862,0.5471501932785697,8.137876799106596,0.12375355625897647,0.150434,0.18432720303654038
site_81c3c43b60e335cf,79,0.16026169503380783,-0.14251520710263066,0.07330229627783498,0.08524339088629278,0.035590702964008576,0.073302296277835,0.4175186204345562,0.5207713071745067,2.0290210607136285,-11.258701361107823,0.12481633391265252,0.5740484194936708,0.10006915286031082
site_81d19e24593ab11d,26,0.05553119945409813,-0.03344714645926768,0.04432834879107415,0.05531043376109283,0.026173969278343846,0.04432834879107473,0.4732193819234786,0.6145355106261801,0.08017656693308153,-0.8696258079409598,0.023131137173049727,0.07954034615384616,0.017811993362375877
site_827e793321bdd790,11,0.11591578583036878,-0.06448891993761062,0.09632055133746054,0.127330732236569,0.08030965914044362,0.09632055133746065,0.6307170133227188,0.6544716948113057,0.14780116345139116,-0.7093781193137169,0.07361809462261472,0.1783442690909091,0.07094605486379663
site_82fc0f846e9a1ddb,251,0.1639445225091135,-0.15877762150223035,0.04083470791906937,0.06195967850119999,0.07891687414655327,0.04083470791906954,1.2736811432135637,0.8588934900000516,6.746329421646049,-39.85318299705982,1.0541248774820087,0.963589441752988,1.563196129290795
site_83403fd7c9ad70f1,108,0.07301626132999565,-0.06651470299953663,0.030119241416304825,0.04540135475452196,0.02888260696271329,0.030119241416304888,0.636161786776563,0.7581426497084078,0.5757884372099037,-7.183587923949956,0.10736924193080309,0.222618565462963,0.09009413837595802
site_8350ab85e51c782b,81,0.08113046192244534,-0.055981568234791,0.058721511132827586,0.06538657500920378,0.047753017356795255,0.05872151113282793,0.7303183772827001,0.49761926192021777,0.5331542999916977,-4.534507027018071,0.12585532902978638,0.34630773950617283,0.1847084040009495
site_84025ad53bb001c3,582,0.07727969996079898,-0.01991957906759072,0.07466834935768378,0.09712693086174341,0.06997222595736907,0.074668349357684,0.7204204368093535,0.6440662974816188,3.4757924791501082,-11.5931950173378,2.547527696100707,5.490378886597938,2.8495374199597445
site_841029a3fc0d0421,80,0.10573009047331716,-0.08192895549908281,0.06683186577019333,0.06869845226604454,0.054359478020383455,0.06683186577019343,0.7912766041637828,0.4295096399282568,0.8943081625196665,-6.554316439926625,0.128317276482936,0.37755818750000003,0.23639622805188415
site_84dbfb194c437ec0,301,0.05600345716998849,0.023936022495708593,0.05063056430730026,0.06362632770447298,0.027513994369831297,0.05063056430730032,0.432430966275884,0.6403110224590819,0.9440525517122111,7.204742771208287,0.3374022509002953,1.2185411827242527,0.22786298574111563
site_863f22c1c90857e1,146,0.0727190847304707,0.066264618897683,0.029951052842633278,0.040772729973309975,0.05838174821744255,0.029951052842633358,1.4318822471700945,0.8767030389920067,0.7720575314694571,9.674634359061717,0.3046858281653936,0.24271266438356165,0.49763056463902905
site_86b7f22d3a648755,251,0.0711581686344216,0.0010466893827772714,0.07115047016528256,0.10012945980962007,0.06005111187401108,0.07115047016528384,0.5997347033349479,0.7126075747620761,1.2709347258146007,0.26271903507709515,1.0754917469684613,2.516503089163346,0.9051401453635537
site_86deda94196a1d6c,8,0.025000263879293216,-0.0180302676692605,0.01731827479309393,0.06693551817794496,0.0640943556874757,0.017318274793093953,0.9575537387651775,,0.005000105552274345,-0.144242141354084,0.033154109531734144,0.03584290875,0.032864691447941186
site_86f357dc9d6e4680,58,0.1472763519250734,0.10399089133081764,0.10428910948215134,0.10935828825954741,0.037456902234807216,0.10428910948215149,0.34251544012748464,0.3034547379811041,1.258038782508768,6.031471697187423,0.0720950550056737,0.6936356422413793,0.08137513245161854
site_87666ca1581a674d,87,0.19935787271277855,-0.19318141889914697,0.0492392201875365,0.06475606432062356,0.05213520736320476,0.049239220187537514,0.8051015439275345,0.6645190695390215,3.4576898428931035,-16.806783444225786,0.1951813205164568,0.36482126436781603,0.23647294667197932
site_87ec218e6b6d4b81,397,0.09472506577054167,-0.0880266783970129,0.034987740361765406,0.03664557177826156,0.04164577007371344,0.03498774036176541,1.1364475447595017,0.6071312433986861,3.5622167198376777,-34.94659132361412,0.36784553489265426,0.5331304785894209,0.6885449555179444
site_88607d4559554ef6,42,0.052610899671181044,-0.049438439721862466,0.01799298313451242,0.035382426425744774,0.023292509371899466,0.017992983134512426,0.6583072933333789,0.8922633516174447,0.11625208409686526,-2.0764144683182235,0.030884902661222787,0.05258047619047618,0.022786721699281025
site_88b325bed90e5cd8,187,0.052087033092246285,-0.0020202203836033063,0.05204784074247877,0.09319952033418968,0.06440139692070955,0.052047840742479,0.6910056692328737,0.8434197214640561,0.507342036057966,-0.3777812117338183,0.9466606458563378,1.6243101604278074,0.7755899660383514
site_88edadfb8f5755a7,34,0.06276400080863608,-0.011391360743957406,0.06172160641062008,0.039224853095276485,0.06485763158953234,0.06172160641062008,1.6534830973616212,0.3804090287552467,0.13393687311522,-0.3873062652945518,0.03290426122331444,0.052312029411764716,0.1430214207637191
site_8905c26daaab430e,211,0.07996333584865559,-0.0650431323689872,0.04651371853201265,0.06516121103503932,0.05413125885966032,0.04651371853201265,0.8307282507464782,0.710559031198406,1.3491625018894715,-13.7241009298563,0.5288346380477692,0.8959025023696682,0.6182707621893578
site_8922fa4ef2bfa4f1,176,0.07044497135180408,0.0240069917216897,0.06622807816350419,0.06597570693034428,0.04980056860446618,0.06622807816350523,0.7548319058868826,0.3723386229590396,0.8733989420211437,4.225230543017387,0.21531243369288064,0.7660917272727273,0.43649700746575315
site_899e1b3be68444b6,2,0.12089999969968149,0.1167092991709709,0.03155549737215042,0.025599999999999998,0.05715549737215091,0.031555497372151305,2.2326366160996454,,0.02923361985476597,0.2334185983419418,0.002926361465454101,0.0013107199999999996,0.006533501759715898
site_89b67bc04797f8a3,780,0.054044069666878455,0.04376495160315281,0.031707892981592205,0.03002518173902597,0.03472587988401166,0.031707892981592246,1.1565585243028136,0.5284644375551599,2.2781939436035614,34.13666225045919,0.4297830399908126,0.703179,0.9405916523006683
site_8a227a0556c22f70,136,0.05513364277120446,-0.03998668217658997,0.03795765816974445,0.06560314944766311,0.050473324549031126,0.037957658169745265,0.7693734976747989,0.8170045755668679,0.4134017248702988,-5.4381887760162355,0.3679171208432054,0.5853131575735293,0.3464676827803286
site_8adbe57839dd7587,31,0.035879759013344815,-0.030205292232574954,0.01936485032218027,0.012507229959055654,0.0158012637198383,0.019364850322180282,1.2633703683042665,0.0787160407180509,0.03990807031252665,-0.9363640592098236,0.000482256280078041,0.004849354838709678,0.00774007798946022
site_8b5408c589cc3993,120,0.09298965535723308,0.010903994807799657,0.0923481396709672,0.08819829703571379,0.01836725537302013,0.09234813967096736,0.20824954665034803,-0.12712754226203352,1.0376491204148384,1.3084793769359588,-0.02471299384504557,0.933472752,0.04048272839252842
site_8b64753d75204fe6,178,0.12337472857976854,-0.0435152680857128,0.11544585352259346,0.11118993593674281,0.052105955566657536,0.11544585352259361,0.46862114927650644,0.15106927311328522,2.709395610079417,-7.745717719256879,0.15579337535784737,2.2006499299438205,0.4832754477815791
site_8b8c1728607fc339,11,0.06435259616964785,0.05994563434232365,0.02340464819368585,0.07558856116180805,0.08664844089287123,0.023404648193687507,1.1463168442562088,0.9675205657316244,0.04555382297151153,0.6594019777655602,0.06970592931834134,0.06284993636363635,0.0825874754008194
site_8bf3ec991527937e,292,0.03234297328983707,-0.015915676430806724,0.02815597920472625,0.04562141821773009,0.06087989852802268,0.02815404234075809,1.334458701776233,0.8992180863983045,0.30545183299831724,-4.647377517795563,0.7292737587487095,0.6077436296575343,1.082257717076443
site_8c584caec5491a2c,154,0.045744350623684836,0.0012153635696544264,0.0457282025163484,0.08113238142631385,0.051741726491026575,0.045728202516350284,0.6377444564229822,0.8538258073448168,0.3222520245533227,0.18716598972678167,0.5519822824516564,1.0136993506493508,0.41228976408191903
site_8cafedb38b43a4db,149,0.0655349760189328,-0.03437367666327713,0.055796804876718294,0.10546118493910432,0.0926317940636913,0.05579680487671889,0.8783496422610746,0.8490801296649313,0.6399301291885124,-5.121677822828293,1.2359123387496744,1.6571871677852348,1.2785167414472594
site_8cc96a31a772bfea,373,0.1011792817332284,-0.08157763809988389,0.05985261910807562,0.09165065045932753,0.05691923780541488,0.05985261910807571,0.621045650196169,0.7722629493245602,3.8184931504153985,-30.42845901125669,1.5026874473779075,3.1331409651474527,1.2084452628663152
site_8ce1daba0ed42d33,7,0.09362429305147298,0.08952219172375543,0.027409586614235266,0.08287262170687873,0.0819190153246067,0.027409586614235284,0.9884931071006182,,0.06135855774571663,0.626655342066288,0.04489558871686459,0.0480751,0.046975075502272035
site_8cee030029879195,657,0.07163835091798391,0.05946364043891158,0.03995158054445465,0.06407762573347169,0.055239501063064994,0.03995158054445497,0.8620715956741513,0.7855676564602531,3.371759032717072,39.067611768364905,1.8268593933665995,2.6976039726027397,2.0047714278465074
site_8e38800fbe0e21e5,171,0.05106711072738247,-0.03951502836315255,0.03234829719632847,0.041607609617375106,0.061954969940885014,0.03234829719632859,1.4890297835089514,0.8773377104164176,0.44594231546530894,-6.757069850099087,0.38673352706387026,0.2960340334502924,0.6563695293642902
site_8e3ea373de88dc00,149,0.04440319170183677,-0.02188520647415379,0.03863523224847656,0.055335226554785746,0.05157756611094776,0.038635232248476724,0.9320927973409915,0.7409719710453387,0.2937748715631998,-3.2608957646489145,0.3151015832414163,0.4562361073825504,0.39637655356344886
site_8e6ad22dcccafcc7,320,0.07573043337982947,0.03349860311858356,0.06791864345671528,0.07619476867500484,0.037954007553865236,0.0679186434567157,0.4981182857283977,0.4552733884370731,1.8352315327669726,10.719552997946739,0.42131317341374236,1.8578056875,0.46096214060763496
site_8e827922ba5b5da3,25,0.05496373024342052,-0.05298944366025925,0.014598989788602187,0.011159222912013187,0.017050177405921307,0.014598989788602381,1.5279000644002152,0.5311130914508739,0.07552529105678749,-1.3247360915064812,0.0025263287840709106,0.0031132064000000017,0.007267713739334734
site_8ea1310ade5fc61a,6,0.02741841208495617,-0.00183590057492256,0.027356878300337367,0.08628036502524135,0.08467419747650289,0.02735687830034213,0.9813843213543595,,0.004510615927562823,-0.01101540344953536,0.0415968669505169,0.044665808333333334,0.043018318309738846
site_8eb987af49bead43,440,0.0527682117067176,-0.026109768029641017,0.04585590670964106,0.06812741162612912,0.04285798532983589,0.04585590670964115,0.6290857718921239,0.7492604860834697,1.225173033358986,-11.488297933042048,0.9625851270739327,2.0421914545454545,0.8081950388742685
site_8fa7ffd1566cb92a,51,0.07234753517082818,-0.04799879796551723,0.05413207218608649,0.06789407466676178,0.021485744905718456,0.054132072186086504,0.3164597943366185,0.7338318322909089,0.2669424581100052,-2.447938696241379,0.05459451493116862,0.23508987411764704,0.02354349894183394
site_8fd20385af85644b,310,0.05080649628046556,0.03704597779416269,0.03476917591159396,0.04176149128091864,0.032992725385761,0.03476917591159492,0.7900274720514064,0.5892061769472807,0.8002030199320578,11.484253116190434,0.2516652057663328,0.5406468677419355,0.3374411777978739
site_901a320e9c405a2e,98,0.045970507115356635,0.024632757526271195,0.038813847800688146,0.045669371385158516,0.047539176194900334,0.03881384780068875,1.0409422059693483,0.653855307248579,0.20710217739541936,2.414010237574577,0.13911834877060386,0.20439776530612244,0.22147738078239831
site_90c4f5b431597729,821,0.06489101123418098,-0.006316312799717999,0.06458287336136972,0.11173785338653891,0.07659213242853627,0.06458287336136972,0.6854627156974124,0.8284854321195307,3.4571023813145674,-5.1856928085684775,5.821199967635154,10.250470609013398,4.816277249709309
site_912580bb93bae080,334,0.03572321786022228,0.022995636525357556,0.027337684523063493,0.04433524401755523,0.03201026803083133,0.027337684523064627,0.7220050039232078,0.7902159399251559,0.4262335302924939,7.680542599469423,0.3745679951120101,0.6565150299401197,0.3422355246414913
site_912957a44bff743f,166,0.04103259349442362,0.011631196593915124,0.03934957426291055,0.042314771496204724,0.04038591674769156,0.03934957426291078,0.9544165150771011,0.5480573239785119,0.27948983899385016,1.9307786345899105,0.1554733725833785,0.29722962120481927,0.27074969707754465
site_916f2628195f7cd3,128,0.023394410848532596,0.008965945437643678,0.021608106843477432,0.0258360213537156,0.012087143622400995,0.02160810684347762,0.4678407505907517,0.555086221542193,0.07005420274559228,1.1476410160183907,0.0221880805746594,0.085439999921875,0.018700677241414276
site_917287f92c952f20,38,0.03561866371722327,-0.016035457081230057,0.03180492605236908,0.07256406401536915,0.060263434254709446,0.031804926052369134,0.8304859309140347,0.9016400918944758,0.04821018979002421,-0.6093473690867421,0.14982775989463065,0.2000906486842105,0.13800389731052415
site_91e14ae535f79ace,96,0.0574181772152422,-0.02475247649786373,0.05180889867526294,0.07714961114613605,0.04478786125159233,0.05180889867526296,0.5805325598693633,0.7631395504867674,0.316497319173212,-2.376237743794918,0.2531449456103146,0.5713980000000001,0.192571441487221
site_91ea89ee8d5d5b53,178,0.09937335401618572,-0.08853326080588812,0.04513230793459121,0.06795773599882206,0.05112833315875764,0.04513230793459145,0.752354863023157,0.7476380449789121,1.7577613009398587,-15.758920423448085,0.46239372516163946,0.822049191011236,0.465310948383539
site_91ee6299c921b981,293,0.10183342751200262,-0.07564193213779366,0.06817877280579134,0.0884706502014643,0.030038674129541046,0.06817877280579143,0.33953264795881277,0.7678212266454272,3.038423758940792,-22.16308611637354,0.5978713094817392,2.2933273924914674,0.26438032943400225
site_92ac3b6c2c87c639,732,0.06565134950561922,0.040292987338343605,0.051832179804259165,0.040459181415225275,0.04652498250721275,0.05183217980426042,1.149923969784145,0.2961555948606796,3.1549929744773655,29.49446673166752,0.4080696851060893,1.1982440040983606,1.5844681660210032
site_92b0fa719fa97ab5,94,0.07645232862129836,0.05328396466374397,0.0548249729715563,0.04882004723699809,0.077514135984666,0.05482497297155629,1.5877521709139644,0.7116429253804467,0.5494261038521856,5.008692678391934,0.25314484953198657,0.22403931914893616,0.5647934800802336
site_92d25300e45f668d,35,0.03944132421411158,-0.02122484770672662,0.03324340379066088,0.04039826223783313,0.022779021224191093,0.03324340379066091,0.5638614129015295,0.5682145981393572,0.05444663195169326,-0.7428696697354317,0.018301141323149205,0.05712068571428571,0.01816093327762519
site_92f4bc71b766e85f,213,0.1565215060359047,0.1484165937900543,0.049714148283016596,0.07759476760749293,0.08127837579192995,0.049714148283017234,1.0474723785896267,0.8051359914471518,5.218283134422272,31.61273447728157,1.0815741468404592,1.2824619154929577,1.4071151411027012
site_9325c992d0f1e0e4,864,0.11553404409260432,-0.0968629337290509,0.06297370414540766,0.0828518450934098,0.03550401790279304,0.06297370414540768,0.4285241669966997,0.7069815291509824,11.532771657554548,-83.68957474189997,1.7968072790149427,5.930865995370371,1.089102488176957
site_93742f2df91eb28f,113,0.07902046429752993,0.005841060279955905,0.0788042879074681,0.10567964792962681,0.051953407153680825,0.07880428790746831,0.4916122278177644,0.6973265988277573,0.7055984168910838,0.6600398116350172,0.4326334220473613,1.262005242477876,0.3050046861810032
site_93e093b0ecc1d78c,41,0.10019220963261438,-0.0772072266898504,0.06385548541768198,0.06770100712145112,0.04018080354005444,0.06385548541768273,0.5935037785770712,0.38973922628384705,0.41157763371369555,-3.1654962942838667,0.04346820656933435,0.18792048097560976,0.06619437589810251
site_94398cd24f99ecb3,80,0.20603258791361614,0.20071214174181223,0.04651949526592742,0.051530208070121354,0.07493770329910708,0.04651949526592963,1.4542480247146148,0.7907381325178219,3.3959541825905575,16.05697133934498,0.24427833118792625,0.2124289875,0.4492527500596004
site_947d9a648844f933,171,0.06155100033365667,0.029716579720639347,0.05390223123193223,0.07570941371040533,0.06072187086765059,0.053902231231932274,0.8020385826776666,0.7084296923837515,0.6478378847946205,5.0815351322293285,0.5569136887092514,0.9801575204678362,0.6305018978851653
site_948f865f7f081052,88,0.04827773300933779,-0.0016734302509914729,0.04824872159670109,0.04972253109145285,0.05490518037590835,0.04824872159670167,1.1042314051737077,0.5785606961020348,0.20510507639783954,-0.14726186208724962,0.13899467095956206,0.21756504863636364,0.2652829372257708
site_952481bd3cb76606,468,0.09219598481326034,0.08393284143805504,0.03814941341385529,0.04006566950554013,0.04691195095594675,0.03814941341385613,1.170876501875501,0.625309346020567,3.978046620141484,39.28056979300976,0.5500430375541696,0.7512606845299146,1.0299421746867958
site_9563943b41248204,316,0.0952727446142834,-0.06382057898067221,0.07073775204874867,0.09019840954496701,0.03195794593731933,0.07073775204874874,0.3543072000774824,0.7204082033611535,2.868299093762955,-20.167302957892417,0.6562109448341064,2.570897974683544,0.32273405749630946
site_956a5215e9d24ea6,175,0.07272146126525937,0.05110987805162158,0.05173191755679458,0.01670143486442444,0.05320680676064514,0.05173191755679471,3.1857626121681575,0.24403346137992732,0.9254719124970583,8.944228659033776,0.0379497053330711,0.048814137142857136,0.49541874999131086
site_9573cc360aa7a95d,83,0.11280047288411828,-0.07075997823045914,0.08784629852023162,0.11377192578114367,0.059533939760405774,0.08784629852023242,0.5232744312944803,0.6474968332879242,1.0560875746790983,-5.873078193128109,0.3640118099990559,1.0743562409638554,0.2941760686218367
site_95a6e0674f2876c2,37,0.030496211664809186,0.009851164510121217,0.028861280007985997,0.0332113668309311,0.037564549647252476,0.028861280007986052,1.1310750875892008,0.6737564793321162,0.03441070025847922,0.364493086874485,0.03110066067568354,0.0408108108108108,0.05221052943743315
site_95aa1a90ae6a3184,54,0.07914088037982657,0.0018562035626835296,0.07911910929496048,0.1165631007102502,0.04554851848526261,0.07911910929496077,0.39076275603276933,0.885411641663853,0.33821706315387695,0.1002349923849106,0.25384834424958186,0.7336956481481481,0.11203204695492475
site_95c50f37760ba8b9,9,0.06470421929293754,0.017783221178584635,0.062212482982292955,0.09212163188810973,0.04418902454402438,0.06221248298229315,0.47968130436178175,,0.03767972394877696,0.16004899060726172,0.02955902360876401,0.07637755555555556,0.017574029011371506
site_960e43f47225dd5e,138,0.10189749381758595,0.0907549177226813,0.046331891343375085,0.06162213300253731,0.03263789163079804,0.04633189134337561,0.5296456003795611,0.6751821824722196,1.4328676959900855,12.524178645730018,0.18739538123979083,0.5240256440579709,0.14700201187431294
site_96144cbf74954033,5,0.09660450902808791,-0.07460387827396393,0.061373386015776334,0.06162381357884304,0.004449096676240544,0.06137338601577651,0.07219768491848137,,0.04666215582278959,-0.37301939136981965,0.0001264908754825591,0.018987472000000002,9.897230617267327e-05
site_96a5abc509a3a15b,35,0.03760396370293479,-0.026577491522175926,0.026602538047342472,0.022232226287852635,0.010991431955740157,0.026602538047342486,0.4943918712156018,-0.18949511276860692,0.0494920330160073,-0.9302122032761574,-0.0016207024471461772,0.017299516,0.004228405175318306
site_96e92296d2491d86,411,0.08502018478008239,-0.07194812751231112,0.045297889216955496,0.06056773353189755,0.04079246235451578,0.04529788921695595,0.6735015490225126,0.6638942974428167,2.970885478036174,-29.57068040755987,0.6741584836192157,1.5077330918734793,0.6839142688122253
site_96ea37eab36e72c1,208,0.0954321475270634,0.015014086434015857,0.09424368408641025,0.09320942947555405,0.0426868087209593,0.09424368408641029,0.4579666345040201,0.20461999045316545,1.8943173145784564,3.122929978275298,0.16934209674293033,1.807103530576923,0.3790100368661915
site_971bf07b5c1c6549,83,0.05800861564088209,-0.0218955196759787,0.0537176480003585,0.038328808352425206,0.03642411990078557,0.05371764800036062,0.9503066092186735,-0.032151024066463224,0.27929495755144196,-1.817328133106232,-0.003725523326716515,0.12193509662650603,0.11011747037538466
site_97832a03d9613f37,33,0.04774168802688239,-0.03610520854502013,0.031235919893237825,0.02205277916432583,0.03737437179470416,0.031235919893237932,1.6947692404757606,0.5505195285604663,0.07521586959665345,-1.1914718819856644,0.014973519731651652,0.01604872727272727,0.046095841012609676
site_978ff47db3a1c5a1,160,0.10314671004487029,0.039898028139472005,0.09511777511938789,0.09184001834863305,0.054459998389678285,0.07809874015242194,0.5929876688715717,0.5299363699567389,1.7022790068928875,6.383684502315521,0.4240853745188396,1.349534235244361,0.47454262793660185
site_97ad06a1706d85fa,20,0.14328750431989792,-0.08593088090419769,0.11466120791816803,0.13773162309360912,0.033633726681176236,0.1146612079181684,0.2441975628089209,0.7505821266682019,0.4106261778844954,-1.7186176180839539,0.06954034969210625,0.37940000000000007,0.022624551409281324
site_98378de2aa945723,63,0.06689280837341322,-0.008227159552157873,0.06638495053689142,0.07102104202402895,0.033825073215398085,0.06638495053689163,0.4762683319114617,0.37072145481031293,0.28190281216117746,-0.5183110517859459,0.056106613408241954,0.3177712698412698,0.07208054141570358
site_9898264bce191dea,842,0.06481552599605277,0.05673932730225656,0.031332110484810875,0.03291723712311613,0.045712596878990555,0.03133211048481089,1.3887130535292977,0.7281975449409064,3.5372861293420836,47.77451358850002,0.9226151285052333,0.9123444688479809,1.7594781543005638
site_98b84b664f32321c,921,0.05944264397955687,0.013588202947384633,0.057868719218080476,0.07331291176989707,0.03741825291481207,0.05786871921808128,0.5103910349687725,0.6244657188990911,3.254287117341201,12.514734914541247,1.5777282689504737,4.950175172638437,1.2895157247522917
site_99359b775dbc987c,101,0.034031304533184537,0.011359365303917686,0.03207950292823281,0.07322723950169584,0.08147248769052437,0.0320795029282336,1.112598102085189,0.9194510957503312,0.11697109851126498,1.1472958956956862,0.5540304675436405,0.541585089108911,0.670414391298747
site_9963ae44b09a6e46,127,0.12445979576825271,0.11273281948256682,0.0527404225825522,0.027516644532563424,0.06134331898575732,0.05274042258255252,2.229316838147294,0.5150044918851234,1.9672605768597473,14.317068074285986,0.11040213735718425,0.09616004724409448,0.4779013535919235
site_9978a236cbbfb40f,39,0.035673515899944226,-0.01927858271201452,0.030015595700895036,0.028855235037790413,0.027138627978568176,0.030015595700895042,0.9405096837030067,0.42663835695823804,0.04963138972987936,-0.7518647257685662,0.013029777781130415,0.03247235897435897,0.02872370001380581
site_99e4e71469e203aa,104,0.0944369157590946,-0.061558583700656894,0.0716161422506096,0.08945387484020753,0.037158361790546685,0.07161614225060987,0.4153913048140518,0.639879609629278,0.9275064300413942,-6.402092704868317,0.22120112268930445,0.8322075552884616,0.14359736049954464
site_9a39d33121ec563e,282,0.04738748565754727,0.03072528035442034,0.03607673688246373,0.06992849898340395,0.05054185472017121,0.03607673688246415,0.7227647590743546,0.8690427003755765,0.6332518107382779,8.664529059946537,0.8661549777401782,1.3789785815602835,0.7203631001524797
site_9a5b564ee1a1517d,676,0.09073826556178953,0.07788573419651866,0.046553681334896416,0.022137521158280847,0.057067815807827244,0.04655368133489642,2.577877414539714,0.6251524622849597,5.5658005979214025,52.65075631684661,0.5338913470180809,0.3312872138905325,2.2015532663274415
site_9a64702d11a0ca56,5,0.04515107115120134,0.04379158315658569,0.01099620256000615,0.08368385746367096,0.0896251621245426,0.010996202560007764,1.0709970218981706,,0.010193096130504228,0.21895791578292845,0.03728685303777456,0.035014939999999994,0.04016334842925273
site_9a99fb7f0cd8cd33,110,0.04740146592775129,-0.015083298623128369,0.04493765764640276,0.05151657019793416,0.05092492144879276,0.04493765764640484,0.9885153699699302,0.6151971595664549,0.2471588869309743,-1.6591628485441205,0.17753513551283967,0.29193527054545454,0.2852682387022284
site_9aa6317ba764d9b9,127,0.06976613704843902,0.008558701180097628,0.06923916892028219,0.08380242567905238,0.04831205355550861,0.06923916892028224,0.5764994648309434,0.563498830966319,0.6181488625900201,1.0869550498723988,0.2897402482851753,0.8919015118110234,0.29642492388129216
site_9b62f4534e47f978,173,0.03451043059396117,-0.015193125930135649,0.03098610566450148,0.02586992559360872,0.040605173422315156,0.03098610566450157,1.569589880550211,0.6463376531712451,0.20603777882204571,-2.6284107859134673,0.11745786686493137,0.11578077768786128,0.285238958797538
site_9bb3648a2ef66eb2,76,0.1528435475656508,-0.14352879487840756,0.05254174600453793,0.08224655942588797,0.0500520515397981,0.05254174600453814,0.6085610375580488,0.7905862905554903,1.7754474024664553,-10.908188410758974,0.24734463444626645,0.5141017368421053,0.19039579761403802
site_9c2d82de18c716a5,41,0.04732716575710701,-0.0407328955240366,0.024097548440216946,0.030425028051675986,0.02731032581033948,0.02409754844021695,0.8976269722398849,0.656409619698274,0.09183428536262798,-1.6700487164855005,0.022362309933163044,0.0379529756097561,0.030580009730542687
site_9c3923563de1bc2a,115,0.07366660491446128,-0.004612262286310611,0.07352207638679426,0.09790331483060424,0.059181547116910545,0.07352207638679427,0.604489717424875,0.6629208255722386,0.6240783981566832,-0.5304101629257203,0.4417160843203897,1.1022817913043477,0.4027823847023768
site_9c3f2a2a90bf94af,109,0.1122730857415931,0.04667222867340123,0.1021124324095595,0.11898262064189698,0.04715272631960359,0.10211243240955954,0.3962992751817054,0.5305631120361562,1.3739717902313635,5.087272925400733,0.32445456450655374,1.543098177614679,0.24234837633148665
site_9c51efef96062ac3,183,0.05340470263939042,0.022147929238947362,0.04859559130649914,0.04056002971683276,0.06913269960813045,0.048595591306499174,1.7044538697524623,0.7244792062112726,0.5219273943123137,4.053071050727367,0.37175669242487047,0.3010562299453552,0.8746174183847641
site_9c5e0ec7dff35c9c,35,0.10010821044530785,-0.07373742980446134,0.06770853154805662,0.0971756835293056,0.03698281124224303,0.06770853154805663,0.3805768058332206,0.8662619850439768,0.3507578829496716,-2.5808100431561467,0.10896193966652666,0.33050897142857144,0.04787049145827821
site_9ca12fe149def76c,9,0.11778653424976375,-0.08823432148959902,0.07802802164505296,0.1385913345945242,0.06449054263636411,0.07802802164505332,0.4653288232272508,,0.12486300885513693,-0.7941088934063911,0.07775197178572417,0.17286802222222222,0.03743127080579428
site_9cfda7361157a69e,189,0.09845652602381581,-0.06924555152244669,0.0699910073583064,0.059035941175169866,0.02008936750939111,0.06999100735830797,0.34029045882037307,-0.4257675257257106,1.8321069406522028,-13.087409237742424,-0.09543706896136361,0.658710804232804,0.07627712782927465
site_9d73848123a6a95b,64,0.07032240549673302,-0.057217731201089916,0.040882416159600525,0.09160607831352881,0.06183649030069774,0.04088241615960055,0.675026062015859,0.9306973302539102,0.3164954057502045,-3.6619347968697546,0.3374097013006685,0.5370671093749999,0.24472009809333028
site_9dbd78e6c2f64c18,70,0.09268974544696358,0.024941154844760893,0.08927109109914903,0.08824986956109918,0.038075651711742584,0.08927109109914998,0.4314527817560248,0.1887503511977211,0.6013972237716034,1.7458808391332625,0.044396345867727484,0.5451627634285714,0.10148286772917481
site_9e0c7cff2a642903,104,0.07023174649982449,-0.002239071373182993,0.07019604530029737,0.10147441161700693,0.06664608938812994,0.07019604530029809,0.6567772931728946,0.725377594158377,0.5129798145072233,-0.23286342281103123,0.5101861787332365,1.0708938461538462,0.4619369279959831
site_9eb9cb71933abd8d,145,0.04803966221147136,0.002439506366335114,0.04797768183312819,0.08314258629109642,0.0659428986412492,0.047977681833128207,0.7931302306422349,0.8170570900128459,0.334632326081879,0.35372842311859154,0.649549074716866,1.0023399999999998,0.6305275527754597
site_9f1083ed35aa92f7,172,0.1150698876158316,-0.08294474087135736,0.07975743851016967,0.09758096650647338,0.0414716102259204,0.07975743851016968,0.424996920102951,0.6030249172704597,2.27746559417826,-14.266495429873467,0.41973938139735956,1.6377917441860466,0.29582184621367447
site_9f57a1eb8c53e14d,1084,0.05072823770821651,-0.003162414882840706,0.05062956876263224,0.09429068800350454,0.07127619939275873,0.05062956876263244,0.7559198145856098,0.8486993891627946,2.78951584546375,-3.428057732999325,6.182961048340541,9.637555487084871,5.50704151426591
site_9f76ab7d5518980d,176,0.11590855089609688,0.10550146108831872,0.04800243617841758,0.0101610418606664,0.05183600735991351,0.04800243617841766,5.101446098807226,0.46134167190901626,2.3645234220666222,18.568257151544096,0.042766640545038336,0.01817143181818182,0.4729070119869934
site_9ff0a0ccad22ddc6,126,0.03244012118323764,0.017125787014999085,0.02755120471957683,0.03366192538252311,0.0394021416183967,0.02755120471957685,1.170525487494956,0.7262722015526774,0.1325975442602761,2.157849163889885,0.12137486149370669,0.14277377777777778,0.19561862427863985
site_a08eaaa4540846cf,142,0.13480378834150722,0.055132225162630354,0.12301422316073414,0.15446513454537567,0.07579171599338189,0.12301422316073415,0.4906719967354012,0.6180551533270988,2.5804327118735064,7.82877597309351,1.0274667661487533,3.3880458461971834,0.8157025582774471
site_a0a221a9f908364b,38,0.11850014500089076,-0.11401074489402145,0.03230842636128388,0.04444991586916249,0.02106834653156121,0.03230842636128427,0.47397944674575987,0.7345734443886446,0.5336068058788211,-4.332408305972815,0.026140880815733812,0.0750802107894737,0.016867258571809998
site_a0d01f20e2427c2c,13,0.08723515397805266,0.06825398132801055,0.05432647717688075,0.051998571896639055,0.02973820739223996,0.05432647717688087,0.5719043102059136,0.2059199653981052,0.09892963716446926,0.8873017572641373,0.004139501182333784,0.03515006923076923,0.01149669272575038
site_a1da79e1324e0f0b,139,0.12890199948877115,-0.06932267192928053,0.10867425007235383,0.13415239849301042,0.06009991480962502,0.10867425007235387,0.4479973186074368,0.6076722576982534,2.309585840636239,-9.635851398169994,0.6810147341170381,2.5015643769784175,0.5020679666572616
site_a2c2e8340755d8a7,83,0.11916581537881843,-0.09523762985668989,0.071626010737572,0.07214866669569184,0.06739899114591077,0.07162601073757212,0.9341682145033363,0.47481067480828254,1.178640799056587,-7.90472327810526,0.19163740101986254,0.43205069879518077,0.3770377926213844
site_a2dd98acaefee6f4,468,0.07567948630323112,-0.03655799773462817,0.06626384722271919,0.11316568063045708,0.06428133064827576,0.06626384722271929,0.5680284896459614,0.8624486813765984,2.6804160148526037,-17.109142939805984,2.9361532107285324,5.993428555555556,1.9338178719192638
site_a30a3623711ec917,255,0.07217531087951896,-0.03149174772617864,0.06494263103467499,0.08265392840056748,0.02272219718333833,0.064942631034675,0.2749076495580375,0.8334114363778139,1.3283652526415783,-8.030395670175553,0.3991291618952856,1.7420763294117647,0.13165605243381961
site_a3440058322ffd4e,564,0.07565884983309648,-0.05821736506589339,0.04832183732901244,0.08660177681475399,0.052613764777278284,0.04832183732901405,0.6075367817201031,0.8705334018803702,3.2284835187498127,-32.83459389716387,2.2371274400819887,4.229925409574468,1.5612694496378654
site_a3ad14b1dd64a3e4,55,0.04934469850197364,-0.03149636287819255,0.037985239181764996,0.03915664055014876,0.012400044170582623,0.037985239181764996,0.31667793754424917,0.25139344993612317,0.1339194598637874,-1.7322999583005902,0.0067134429700266215,0.08432833745454547,0.008456860248782005
site_a3eb3ebe590ad832,109,0.05074220466999392,0.004276103012933645,0.050561707623401446,0.08305922673122955,0.07249380720456629,0.050561707623401585,0.8727965580410255,0.7969818408266464,0.28065007549009924,0.4660952284097673,0.5230747017972514,0.7519730308256879,0.5728333770483982
site_a3fe6dc1994cbcf1,17,0.039887955171500844,0.024016112672581386,0.03184768908196538,0.010772674646119317,0.041746562813616286,0.03184768908196557,3.875227293590901,0.9389694803581826,0.02704783245198224,0.4082739154338836,0.007178681170326825,0.0019728588235294136,0.02962718361477057
site_a408c1f09c2d83d9,411,0.05726151272515839,0.037676263880555644,0.043120528516893374,0.06415030831891186,0.08210403958696758,0.04312052851689338,1.2798697580501395,0.8540873673300338,1.3476200250646988,15.484944454908371,1.84887433353555,1.691372705596107,2.7705811330808174
site_a4122f0bf308f22f,156,0.07773939650091005,-0.017984168721773684,0.07563057214984217,0.08344417791794924,0.044721867391343206,0.07563057214984224,0.535949523468471,0.4345102440964487,0.9427725478588102,-2.8055303205966946,0.2529534389973833,1.0862172092307691,0.3120070859831463
site_a42d63e8b2f931d6,6,0.13915340424863454,0.13355152674516044,0.03908528646460965,0.05116530942825313,0.038697895864505505,0.03908528646461249,0.7563307306637101,,0.11618201948390339,0.8013091604709626,0.007763269245624543,0.015707333333333334,0.008985162866040675
site_a44b748575c17771,8,0.06697631858852313,-0.05403629653304815,0.0395715290159963,0.08129236972188718,0.07165589044689948,0.039571529015996317,0.881458994147231,,0.035886618013370786,-0.4322903722643852,0.04070844040829688,0.05286759499999999,0.041076533085904476
site_a4e51d06a4c9f574,191,0.07052855755340935,-0.03646161562079534,0.060372411057418834,0.10123671820061593,0.06537588467041276,0.060372411057419334,0.6457724611426114,0.8217987448253987,0.9500869892378339,-6.96416858357191,1.038853907896274,1.9575347643979057,0.81633520261987
site_a507f74864d36b32,315,0.035504156669273666,-0.020041573458626158,0.02930666262300813,0.035634029896598925,0.012734422593095835,0.02930666262300813,0.35736689423138385,0.6314410646374797,0.39707171935084395,-6.31309563946724,0.09025838818800827,0.3999819873015873,0.05108213841555814
site_a55a51839f39337a,11,0.16139526917310495,-0.14461582180695098,0.0716568000580489,0.07161541571892913,0.01835430192351992,0.07165680005804895,0.25628981887859903,0.12588950922529707,0.28653276202604905,-1.590774039876461,0.0018202314522456047,0.05641644545454545,0.003705684390096997
site_a5c2bfa9bb36639b,60,0.04518834128934562,-0.030491527347763378,0.03335045649587087,0.03696011495142057,0.023927060425271648,0.03335045649587088,0.6473751625697258,0.46718169409171617,0.12251917130894267,-1.8294916408658026,0.024789041080015402,0.08196300583333334,0.03435025323567603
site_a5c5f553e4031a41,74,0.04695273365213931,-0.022744997204155536,0.04107583595730818,0.06764229381344765,0.051279676457314904,0.04107583595730819,0.7581007911816297,0.7953845377912293,0.1631373806082464,-1.6831297931075098,0.20416085072183932,0.3385855135135135,0.19459078609995034
site_a61c8cdc86211521,39,0.04013110755733824,-0.0075308523468482205,0.039418169119184374,0.048476893510937175,0.02591686655023379,0.0394181691191845,0.5346230889235203,0.5841838302933882,0.06280972595736736,-0.2937032415270806,0.028624071831122425,0.09165035897435898,0.02619567489952246
site_a62049e3761071cb,301,0.0978043921109048,-0.046189792032416084,0.08621022113523295,0.07052363150459924,0.04412241446834737,0.060534640312826474,0.6256401368875892,0.5231795704321227,2.8792754339712685,-13.903127401757242,0.49001707088713325,1.4970483627795472,0.5859830250135054
site_a637aa5eb6fad085,105,0.045801665606385926,0.01561938798654647,0.043056094704988314,0.08638912860973952,0.06022596034238665,0.043056094704988376,0.6971474456520537,0.887627759829336,0.22026822009351552,1.6400357385873794,0.48491207886806553,0.783623561904762,0.3808524614120866
site_a6a5e3eb9fd3c985,371,0.0963125659526184,0.07480608726656342,0.06066431956467302,0.07615413085282056,0.036516814345339085,0.060664319564673025,0.47951193108504353,0.620799370299501,3.441436943700041,27.753058375895026,0.6404887807664243,2.1515965606469,0.494720237804758
site_a728723d09857d1a,33,0.05993132584599257,0.054789591580809975,0.024287125644393864,0.024269744454109284,0.035421173425873996,0.024287125644393972,1.4594786316292085,0.7292484395245062,0.11852820598273171,1.808056522166729,0.02068795658600601,0.019437676363636358,0.04140376438657278
site_a73a8fe0a0e90dac,39,0.07845636230273527,-0.04869590334556042,0.06151511832986991,0.06957946374576286,0.05172799827907432,0.06151511832987116,0.7434377256496802,0.5185834602011093,0.2400606306453443,-1.8991402304768563,0.07279306706041097,0.1888107692307692,0.10435564643243672
site_a7fe1c93212d2f37,55,0.03411176935947294,0.006096649392951618,0.0335625337990638,0.023507600037097197,0.03417711394375842,0.03356253379906433,1.4538750825190037,0.3698173297961973,0.06399870448586323,0.335315716612339,0.01634156430542469,0.03039339927272727,0.06424413146385555
site_a85957854004ad6e,10,0.03525642924047201,0.03044442015528679,0.01778069414271493,0.06983379124750425,0.08283277268208,0.01778069414271682,1.1861417116608333,0.9872781666366922,0.012430158027884096,0.3044442015528679,0.057109367730021475,0.048767584,0.0686126823020114
site_a85f5d6458d2ef6d,586,0.025892297236152863,-0.01683675640282371,0.01967065555585945,0.02767898461990064,0.022970360509211384,0.019670655555859562,0.8298845071323949,0.7131443084394985,0.3928608789128595,-9.866339252054694,0.2657008857237677,0.44894994709897607,0.30919555268695875
site_a8a04a98a04fa26e,41,0.01733489005323113,0.013539517218819479,0.01082496589550759,0.016992422988626146,0.011780446226551385,0.010824965895507676,0.6932764229348934,0.775162508862435,0.012320434939462076,0.5551202059715986,0.006362000046484172,0.011838440000000002,0.00568993544516342
site_a8d2970296172e46,359,0.06143148688444138,0.05580990012890782,0.02567260462895475,0.03795450487386244,0.031332684228283926,0.025672604628955084,0.825532682679292,0.7413279619969388,1.3548041015191523,20.035754146277906,0.3164942048358884,0.5171554540389972,0.3524436192408175
site_a8f474364dc17adf,217,0.09688082013926987,-0.0054051441617825055,0.0967299215726339,0.09616026139465322,0.04050745206035403,0.081827916064908,0.4212493962979842,0.5380768601298503,2.03673884845609,-1.1729162831068036,0.45481482405769486,2.0065547041129035,0.35606524691554786
site_a92160c2510cdbec,2,0.059564671926742155,0.059501252412796024,0.002747927045822135,0.0028499999999999914,0.00010207295417785645,0.002747927045822135,0.035815071641353245,,0.00709590028348085,0.11900250482559205,5.8181583881378e-07,1.6244999999999903e-05,2.0837775949189563e-08
site_a9455c71e74fd72a,25,0.08092249192468692,-0.06266868164300918,0.05119654324686565,0.05586589657384906,0.016939311476458534,0.0511965432468657,0.30321381227752214,0.4157391079538061,0.16371124248252553,-1.5667170410752296,0.009835657910853625,0.07802496,0.007173506832411997
site_a963d86424b18502,34,0.02431875510482582,0.0059328486603849075,0.023583959731594287,0.03380066759337433,0.015168672049368476,0.023583959731594356,0.4487684158150139,0.7961309586791575,0.020107662894848725,0.20171685445308685,0.013878299942919439,0.038844494411764706,0.007823012799203943
site_a98119a935505c9a,155,0.10432707880223241,-0.07834801871891944,0.06888923961132867,0.08767248057489926,0.05074080296685603,0.06888923961132923,0.5787540472692315,0.6199029176333396,1.6870416025681174,-12.143942901432514,0.42744083412789535,1.1914018967741937,0.3990675082868023
site_a9866d1cfd06e947,48,0.05627938194738846,-0.049239644036193686,0.027254839709104313,0.03329338172209389,0.026494778234430146,0.02725483970910433,0.7957971483818327,0.6051441595395639,0.15203370395424165,-2.363502913737297,0.02562231006277725,0.05320556479166667,0.033694717137198404
site_a9bff24a5451b631,238,0.06082265944658656,0.03314045655339205,0.051001039612817496,0.08511124328900126,0.062072616329019,0.05100103961281809,0.729311591868621,0.8040604467938259,0.8804562247129961,7.887428659707308,1.0110034594743693,1.7240538487394956,0.9170163081072439
site_aa2ce12749046dfc,311,0.05121932622621725,-0.027609641225199995,0.043140782219187955,0.061349676260487075,0.029895189502736237,0.043140782219188226,0.4872917238520223,0.7623463083805322,0.8158834268900442,-8.586598421037198,0.43483678556018035,1.1705364437299037,0.2779476525308029
site_aa4df3fb16db7e70,50,0.1577475482682949,-0.14879574908018112,0.05238429192349371,0.060289336536405835,0.03648705725381352,0.05238429192349558,0.6051991836364087,0.5050493521924971,1.2442144492329015,-7.439787454009056,0.05554988516792655,0.181740205,0.06656526735215329
site_aaad533d86c5f947,240,0.046829897243393315,0.02587926289315025,0.03902951483088142,0.06253393523164487,0.037669246283152664,0.03902951483088174,0.60238086958088,0.8078944034393956,0.5263294261984264,6.21102309435606,0.4567394571794818,0.9385183333333333,0.3405533077297946
site_aae8b0a4c0119c59,105,0.04995789745803578,-0.04653384022454421,0.01817672226734538,0.026049419211756745,0.017257391448687577,0.018176722267345385,0.6624866108684254,0.7185004098704395,0.2620581094348998,-4.886053223577142,0.033914819846190505,0.07125008533333334,0.03127084375938968
site_ab53cfe255b5cc4c,78,0.04977678257347359,0.00802302029958138,0.04912595269955961,0.06189138383090922,0.021505669650140835,0.04912595269955983,0.3474743707281703,0.7061066427380326,0.19326279050261536,0.6257955833673476,0.07330744164769466,0.2987823846153846,0.03607451851387711
site_abdcb41ac727b4e7,485,0.08464958736775761,-0.053546808325138286,0.06556136026443114,0.10308204768842254,0.06218190090011188,0.06556136026443116,0.6032272572627185,0.7951999655864538,3.4752930311428405,-25.97020203769207,2.472094808400753,5.153565649484536,1.8752955677823973
site_ac16cbbd2f795846,35,0.05948446382564273,0.012213573469434467,0.05821709422266732,0.08583817713034932,0.04667842530098698,0.05821709422266732,0.5437956263924802,0.7684251656031655,0.12384405028184693,0.42747507143020635,0.10776216468342716,0.25788674285714286,0.07626063860029375
site_ac240db4268c6c54,61,0.14655195700668044,-0.13359122866685275,0.060256615618275305,0.08956919197188941,0.043510906701166426,0.060256615618275305,0.48577982834568817,0.8063379031720432,1.3101260422517627,-8.149064948678017,0.19169187251392933,0.4893810491803278,0.11548513911941419
site_ac2a9b93fc2413dd,121,0.0586623361042735,-0.02836993678000347,0.05134604526455137,0.08492078616061244,0.06942131336914353,0.05134604526455137,0.8174831688185925,0.7967722063586294,0.4163936309425008,-3.4327623503804197,0.5683637596172981,0.8725963305785124,0.5831375687375161
site_ac6e3a81298a7ce5,53,0.1091515063966149,-0.08247676455187347,0.07149569677753402,0.06493906007692062,0.04205514196456472,0.07149569677753523,0.6476093419699979,0.16002837521580338,0.631444721478464,-4.371268521249294,0.02316316853815092,0.22350532075471696,0.09373765317996369
site_acf798671ee3a747,30,0.125077009949207,-0.08806194879333179,0.08882202200217375,0.11309052760215302,0.0380228550060678,0.08882202200217408,0.3362160899967711,0.7378856793590097,0.46932775253502074,-2.6418584637999536,0.09518780015386641,0.383684023,0.04337212508437366
site_ad04b63315ba2272,10,0.028415597346697748,-0.015423283191919329,0.02386563445943801,0.0352938649059578,0.017844110987322654,0.02386563445943802,0.5055867651465529,0.7895523995549963,0.008074461725696562,-0.1542328319191933,0.004972503443881869,0.012456569,0.003184122969278891
site_ad53cb9b838bb8cd,636,0.09377366742555843,0.0849236068928954,0.03976784749945874,0.01997911936331535,0.032952878302572035,0.03976784749945876,1.649365905640388,-0.07322962059880635,5.592666446751355,54.011413983881475,-0.030662926058829667,0.2538690738993711,0.6906274318377421
site_ae3ed38eaa09b85f,486,0.040724807066569925,-0.023929429928461712,0.0329528799031008,0.04645377373304071,0.02115536238285947,0.03295287990310088,0.4554067556370024,0.7731445929577995,0.806035816556141,-11.629702945232392,0.36926526831683737,1.0487652037037039,0.2175089877693513
site_af194bfb42414cbb,864,0.045774363787101334,0.025981774554498217,0.037686068660887445,0.04457700989190736,0.043981864611194264,0.037686068660887556,0.98664905335382,0.6378914496765115,1.8103326164184044,22.44825321508646,1.080550564329959,1.7168628766203704,1.671325414281293
site_af687448e37c8c15,597,0.06438801400116659,0.02403968297621513,0.059731984643216884,0.09347797865726644,0.07569325968929203,0.0597319846432169,0.8097442924693373,0.7702251791961165,2.475052359167612,14.351690736800432,3.253558081946206,5.2166650988274705,3.420493328747189
site_afb9454fdc863c14,194,0.07856459553541902,-0.018769613575443777,0.07628956205060099,0.10937564938938447,0.060859498682947225,0.07628956205060124,0.5564263985878926,0.7396337545889338,1.1974447602989324,-3.641305033636093,0.955140956197418,2.3208283397938145,0.7185524445082931
site_b019e673dfa447d5,669,0.039947874230781534,0.021607825073675545,0.03359962129464821,0.05393584758916921,0.055424419162909,0.03359962129464877,1.027598927990866,0.8115453532227106,1.067612046568529,14.455634974288941,1.6229964564221948,1.9461716133034381,2.0550785142561634
site_b04900ecbfac7c98,10,0.08395451446658607,0.07568678143143655,0.03633003737776995,0.06557104238915223,0.06591578521693546,0.036330037377770026,1.0052575468563887,0.847327411731744,0.07048360499320208,0.7568678143143655,0.036622903624475005,0.042995616,0.04344890740765167
site_b050cd10feccfd77,44,0.07219867244504599,0.0492971695905382,0.05274881395054071,0.03862411570572958,0.05136331381265795,0.05274881395054102,1.3298249778450877,0.33963414683162846,0.22935652532438985,2.169075461983681,0.029646648826924235,0.0656401818181818,0.11608036025597346
site_b07ebc840452ba9d,7,0.03819575075607293,0.014385327655928476,0.035383297246746596,0.11753381102769482,0.0931380563467351,0.03538329724674717,0.7924362830776305,,0.01021240763074032,0.10069729359149933,0.07432920792741435,0.09669937714285715,0.06072288278033322
site_b0b863b5597ced77,64,0.048240621621984815,-0.0296625608112663,0.03804326564049724,0.05769357489343483,0.037351160213971404,0.03804326564049761,0.6474058902219584,0.7602056489311615,0.14893808476643258,-1.8984038919210433,0.1048437661670614,0.21302710937499994,0.08928698683710468
site_b12672b82d8e070e,371,0.0920782165737429,0.009150087862001919,0.09162245281326378,0.13394413567023197,0.10212167182863158,0.09162245281326385,0.7624198798822613,0.7301622549649882,3.1454856459058087,3.3946825968027117,3.7053983901692726,6.656122679245283,3.869098102974723
site_b18fe53daa1d7307,44,0.12303137443198779,-0.10543569367487321,0.06340373485783216,0.0750882776613551,0.023407260226361797,0.06340373485783224,0.31172988588082323,0.6162102587046331,0.6660156401634552,-4.639170521694421,0.04765454494968396,0.2480829754545455,0.024107592577403233
site_b2267c975c71dbb8,491,0.09933509732641746,-0.00891920782786523,0.0989338632247431,0.1117896625758952,0.0183207527410109,0.09893386322474312,0.1638859293324438,0.743301793139965,4.844923626376775,-4.379331043481828,0.7474663247517377,6.13599197148676,0.16480414066965388
site_b2271a910bc63599,20,0.04360353740079229,0.026289145330786707,0.03478720039955886,0.048808088212918155,0.03858016852878998,0.034787200399559105,0.790446213760507,0.7064459048991787,0.03802536947724585,0.5257829066157341,0.026605095670707523,0.0476445895,0.029768588074196745
site_b2c81cb18e128f03,52,0.028400927708628305,-0.015341975796222686,0.023900553829960692,0.032330516834516924,0.012107290741502874,0.023900553829960734,0.37448491168495046,0.7927400291345784,0.04194386012495801,-0.7977827414035796,0.01613592069719274,0.054353640576923073,0.007622497433162623
site_b2da63ab5c4ee3dc,2,0.08193536907358077,-0.0808831317126751,0.013089068323373795,0.0165,0.0034109316766262054,0.013089068323373795,0.20672313191673972,,0.013426809410447792,-0.1617662634253502,0.00011256074532866479,0.0005445000000000001,2.3268909805224114e-05
site_b2eaf44be71ff0ae,155,0.04904157732221985,0.011134859651519407,0.04776077058415445,0.07791314997229684,0.05821908948197004,0.04776077058415462,0.7472305958964653,0.7913115563475005,0.37278682746894654,1.7259032459855081,0.5563593336740329,0.9409211354838709,0.5253666689169934
site_b30a47c3dfe5fc92,477,0.07014822115439905,0.0566297538919019,0.0413985978659797,0.06429340664426855,0.06297613245089108,0.04139859786597973,0.9795115197322508,0.7885737469178161,2.34720868814733,27.012392606437206,1.5230112706341115,1.9717472997903562,1.891778784291228
site_b33e3bea3571d4bd,118,0.08549801245237787,-0.059817853124869064,0.061087925000269515,0.08425870736789311,0.0397396544385431,0.06108792500026975,0.4716385484651518,0.7387136720437951,0.8625693957302214,-7.05850666873455,0.2918750839605043,0.8377445125423729,0.18635033591758854
site_b4081a628b4563f6,155,0.11316971417596956,-0.08896605726634302,0.06994587093712124,0.07336472668625012,0.04979379214580664,0.06994587093712135,0.6787157043295972,0.4064183205532832,1.9851445520339503,-13.789738876283169,0.2301269497563041,0.8342693838709678,0.3843103691202682
site_b419a77ce9d11fde,169,0.0973635627450109,0.07900173618419636,0.056906845197079024,0.07070852911122187,0.04785379132371725,0.05690684519707944,0.6767753752654793,0.5986533807657176,1.6020631062178832,13.351293415129184,0.342334208040151,0.8449486390532543,0.38700752314510506
site_b42936ae6e6a0d03,186,0.05780347690815245,-0.027917220698889866,0.050614925971701155,0.07487274362083088,0.053951716487406,0.05061492597170146,0.7205788632593357,0.7370745761149912,0.6214710013368643,-5.192603049993515,0.5538005587858379,1.042702559139785,0.5414065144203631
site_b436f4a91f17ee10,151,0.13288292054939435,-0.037262296749582355,0.12755152611663537,0.12606925764110985,0.06441068986107508,0.12174292152032946,0.5109151197228232,0.32147303637557084,2.666338456634235,-5.626606809186936,0.39417460914425523,2.399912116049261,0.6264592822253197
site_b491b5d705afd5f5,391,0.06379237937736155,0.04087164314308435,0.04897934721297937,0.04204957950480631,0.04607432413565423,0.04897934721297999,1.0957142658320254,0.38505972977843156,1.5911618576504623,15.98081246894598,0.29169265241118725,0.6913533503836315,0.8300317477219159
site_b4a169fed07d4305,259,0.048723998471061424,-0.017131355059653176,0.04561298829092534,0.061761847544239926,0.06841906446531884,0.04561298829092561,1.1077885002761674,0.7590657135272056,0.614873258995071,-4.437020960450172,0.8307618594159261,0.9879621853281854,1.212422611018149
site_b4d57a535cfd4a12,156,0.04239889118561455,0.005822991771193651,0.041997127766100796,0.05214215258565391,0.06838441028541599,0.041997127766100796,1.311499562145635,0.7896705486652127,0.28043589190805496,0.9083867163062096,0.43925488664830725,0.4241334358974359,0.7295227009331209
site_b5639796f8098e20,328,0.07960743600055467,0.060124858410620104,0.052176098624612505,0.08939263547860543,0.06429554682936857,0.052176098624613344,0.7192488115506629,0.8179674819202046,2.0786487882390294,19.720953558683394,1.5420289177629278,2.621062195121951,1.3559248882047088
site_b582b14f96e98786,39,0.07614741623472573,-0.050412453390084766,0.05707025094054785,0.06014136316583706,0.01913757113898542,0.0570702509405481,0.31820979990450904,0.31548311515180244,0.22613873096975834,-1.966085682213306,0.01416122467749012,0.141062358974359,0.01428361853488938
site_b61ae4423402851d,358,0.07802185437028893,0.048488113491062336,0.0611253843297237,0.07382807372468785,0.041717627350810235,0.06112538432972436,0.5650645512759737,0.5608293001784819,2.179292693857529,17.358744629800317,0.6183791803078279,1.9513092402234635,0.6230490345776232
site_b67b52a6713d2819,119,0.07800929824031279,0.010725698014868407,0.07726842831350922,0.11061508376292459,0.05797966130913785,0.07726842831351016,0.5241569172736203,0.7505293761819153,0.7241686228215821,1.2763580637693406,0.5728022081079854,1.4560479139495799,0.4000352939371581
site_b69cf9ad02aa761c,62,0.08204365856903098,-0.052602796042157764,0.06296116072579097,0.09497987628473452,0.0433067759090141,0.06296116072579111,0.45595738384820894,0.8427044954870189,0.4173320385062873,-3.2613733546137813,0.2149089253415023,0.5593129677419355,0.11627956405728096
site_b708e7aad1210ce8,162,0.21369405063485253,-0.17997820422752403,0.11520847746484005,0.11452000377685578,0.021938975583248713,0.11520847746484048,0.191573304747677,0.06431101781539168,7.3977538588304075,-29.15646908485889,0.02617568742906974,2.124602664938272,0.07797362124206608
site_b72a5ec99205d5b7,153,0.05203992476183804,-0.03270642278591792,0.040477693582596244,0.061489892484022216,0.05875824258943268,0.04047769358259626,0.9555756274041405,0.7742921942871791,0.4143475266903178,-5.004082686245441,0.42802471181784385,0.5784940522875817,0.5282372540463889
site_b756906d27dccd10,62,0.1190411812120573,-0.09683836301872806,0.06923246544949054,0.07280918320657881,0.04994686412007646,0.0692324654494911,0.6859967646988165,0.41284992374716206,0.8785897751104356,-6.00397850716114,0.09308469579513035,0.3286729838709677,0.15467073259662167
site_b7a18627a594b786,48,0.11567280619167768,-0.09931731366664172,0.05929813907956412,0.07420451114875962,0.026470596456654397,0.05929813907956455,0.356724895115718,0.6849305189884485,0.6422495084283565,-4.767231055998803,0.06457758367915328,0.2643028547916667,0.03363323888501013
site_b7a3262e8a713a7b,102,0.06888755440029225,0.044049452710969786,0.052963580573043414,0.07305809270471093,0.05797379198410062,0.05296358057304399,0.7935300503726721,0.6957109755393278,0.48404050542782884,4.493044176518918,0.3005585345769776,0.5444234607843139,0.3428179768156084
site_b812626cb80e0341,68,0.10691176370094371,-0.07063714171595434,0.08025284685197535,0.11366791593258296,0.03956115742199596,0.08025284685197535,0.34804154802538906,0.8945138174741794,0.7772485147999569,-4.803325636684895,0.2735286692800548,0.8785868676470588,0.10642579200662033
site_b843de06c1a6a47d,69,0.10647985229783795,-0.07130483549885128,0.07907957624982032,0.07980383758425219,0.04378768624173967,0.07907957624982072,0.5486914861144517,0.29081098413644685,0.7823191672304876,-4.920033649420738,0.0701189930005998,0.4394370220289855,0.1322979411819476
site_b87223f545f36d24,58,0.08136891525142105,-0.06753979357275469,0.04537925355647254,0.04813199869581796,0.015854740537736837,0.04537925355647262,0.3294012500485338,0.3333585862574487,0.38401222141319064,-3.9173080272197724,0.014754777836285793,0.13436797931034486,0.014579622256099434
site_b87cd5aaea8e51ba,65,0.0654413672356659,-0.028287074074836875,0.05901198171522438,0.07075796900360265,0.029187978920698122,0.05901198171522438,0.41250447591580836,0.5752759625711199,0.2783672154687636,-1.838659814864397,0.07722696491353787,0.3254348615384616,0.055375977375882665
site_b881d34c09ab42e7,66,0.09838929343706683,-0.07455274520245467,0.06420546118378963,0.06640967428998663,0.05376679252826082,0.0642054611837929,0.8096228915907795,0.4451269049520731,0.6389099021609859,-4.920481183362008,0.10489946188443536,0.2910761593939393,0.19079728659928485
site_b904064dea358149,1211,0.13484795246381392,0.11957523771704573,0.06233564637183949,0.06765767789582397,0.06306989236935076,0.06233564637184002,0.9321912062436244,0.5471598437832679,22.020788013540134,144.80561287534238,2.8274669552971563,5.543426829066887,4.8171295127360825
site_b9048e7e348a00c2,124,0.03543209194352851,0.006456344482783348,0.034838897161280684,0.04441798252471714,0.06136201696051996,0.034838897161280684,1.381467898195827,0.8300087553092274,0.15567370929733762,0.8005867158651352,0.28051934358012537,0.24464668927419353,0.4668968435574292
site_b9661fa344baf0d4,144,0.1087437701535009,0.10511631192432508,0.027852621324130727,0.03914794666895138,0.038760978797838005,0.027852621324132965,0.9901152447563673,0.7444272231470801,1.7028298867964302,15.136748917102812,0.1626628817617893,0.22068888888888885,0.21634754074076845
site_b969a6c48312ad74,9,0.17362241506060833,-0.16898653771744834,0.03985339485850059,0.02736668696710574,0.041024518775180145,0.0398533948585006,1.4990677835607529,,0.27130268710330335,-1.5208788394570352,0.0037964412654439583,0.006740419999999998,0.015147100266615976
site_b9eaf91685021861,238,0.050961569513288986,0.010273403098102377,0.04991531584635807,0.0647945061807904,0.04252534047937515,0.04991531584635807,0.656310897110944,0.6378716511594597,0.6181054130073529,2.4450699373483658,0.4183080691088523,0.9992020714285714,0.4304002907270543
site_bb41a05397abcbe3,238,0.058386705284579926,0.050179204568892966,0.02985054074588239,0.03927229290354515,0.035134259407606505,0.02985054074588243,0.8946322409516073,0.6833129409700296,0.8113437502492375,11.942650687396526,0.22439525255294784,0.3670704915966386,0.29379105182079474
site_bb59973d2df99f1c,65,0.05043928512869024,-0.026111567658644457,0.043154461168010715,0.08388345535825427,0.06429253466219761,0.043154461168010756,0.7664507188886458,0.8629258832042526,0.1653678964790653,-1.6972518978118898,0.302498838766435,0.4573682153846154,0.26867945086384226
site_bbd4ea535f73b619,96,0.0552785695470641,-0.047472476865009716,0.028321090930095192,0.033865973005424876,0.014064138021149268,0.028321090930095192,0.4152881719623523,0.5696250178795068,0.29334914411228186,-4.557357779040933,0.026045755891746375,0.11010279625,0.018988797914681898
site_bbfd063296f373c3,52,0.0892984643136718,-0.07125701276384867,0.05382057098129698,0.060392120430228076,0.03609153954786131,0.05382057098129701,0.597620008881099,0.4709835662020145,0.4146592178965661,-3.705364663720131,0.053381992982270636,0.18965482692307692,0.06773515980061151
site_bc37e7bebe33d230,276,0.03368060115302738,-0.019499090427613778,0.02746212603796454,0.04322011711482802,0.034622574801863024,0.027462126037964614,0.8010754508109525,0.7727030243687675,0.3130896787520893,-5.381748958021403,0.31912953230708946,0.5155620724637682,0.3308474613113257
site_bc93eecd419d5cf1,153,0.03373588049742845,0.007355843223387899,0.032924173541787075,0.04305533038598709,0.06303450733422732,0.03292417354178741,1.46403492364659,0.8738318213656133,0.1741307738393263,1.1254440131783485,0.3628478680370728,0.28362550562091504,0.60792241457492
site_bcf274618f28d9ed,84,0.09293335605932064,0.01813172923596132,0.091147402943596,0.08133476478471574,0.06521404146274891,0.09114740294359634,0.8017978737058301,0.2413541345328485,0.7254751281496713,1.523065255820751,0.1075353763313698,0.555688892857143,0.3572411811280312
site_bd11119142bc591a,41,0.17440232331895594,0.14895034683622965,0.09071915209268955,0.10489694100970975,0.03519763016158756,0.0907191520926903,0.3355448673982734,0.5433562272054412,1.2470629855410356,6.106964220285415,0.08225167533827991,0.4511380975609756,0.05079379992866784
site_bd599065e701bf2f,260,0.04666731600214408,-0.017978067087668637,0.043065386177709566,0.06182782975767772,0.0439032908946395,0.043065386177711745,0.7100894704975089,0.7175595226836388,0.5662379795394328,-4.674297442793845,0.5064217596474749,0.9938969384615384,0.5011497273586272
site_bdd9f4c5442812d1,142,0.044825301348469744,-0.016501352815141142,0.0416774878831649,0.05363880748875492,0.06822727394767117,0.041677487883165096,1.271975965572587,0.7917562972338277,0.28532168501931954,-2.343192099750042,0.4114499403855383,0.408551276971831,0.6610044492669407
site_bdfe6061d850b13b,146,0.04488699045389718,0.013635044913585869,0.04276596149056809,0.07322054408813285,0.054200987645270204,0.04276596149056826,0.7402428965841948,0.8151521449948887,0.2941669191532055,1.9907165573835368,0.4723149403532686,0.7827422191780822,0.42891107101151904
site_be8516cfd6e0790e,150,0.11812384730999498,-0.091627741625309,0.0745493143359523,0.08362365029636586,0.06090734579532415,0.07454931433595355,0.7283507187197147,0.5050777356998813,2.092986495497251,-13.74416124379635,0.3858764544569453,1.0489372333333333,0.5564557157746786
site_bef664d28695b721,15,0.02472988917502881,0.016694674897193906,0.018244320998223276,0.10624619627178293,0.10823318399880859,0.018244320998225007,1.0187017304783583,0.9856988992910686,0.009173511279138107,0.2504201234579086,0.17002365819041926,0.16932381333333335,0.17571633177779933
site_bf2aa2626c0e2039,210,0.08925106115010553,-0.07335761187678291,0.05083711927474995,0.06079515819425051,0.029753292538823767,0.05083711927474995,0.48940233766243546,0.5519778359197965,1.672807902448174,-15.405098494124411,0.20967418296400991,0.7761707645714285,0.1859042675491735
site_bfacedeb5df79c6e,50,0.07274540045421314,-0.011271253386259075,0.07186690569620051,0.08558305916476695,0.025838754629743162,0.071866905696201,0.30191436111202397,0.639255831074431,0.2645946643621917,-0.5635626693129537,0.07068122806173563,0.3662230008,0.033382062040803684
site_c0555c6b321e4775,2,0.0675659971461714,-0.04926000149846077,0.0462451751291752,0.02560000000000001,0.020645175129175523,0.046245175129175344,0.8064521534834185,,0.009130327940712883,-0.09852000299692154,-0.00105703296661377,0.0013107200000000011,0.0008524465122286551
site_c0951b8580287e99,50,0.11528251589111146,0.10854191680192947,0.03884212619241368,0.031165853108811252,0.040534059238440105,0.03884212619241388,1.300592000383274,0.43759533609498436,0.6645029235092184,5.427095840096474,0.027640239779949186,0.04856552,0.08215049791726858
site_c0aaae0aecb597e5,655,0.1403366142237227,-0.13282074376635877,0.04531021206228492,0.03983966157125624,0.033526516794510144,0.04531021206228602,0.8415361846020063,0.2463943985947601,12.89980926611457,-86.997587166965,0.21556398635391744,1.0396151053435116,0.736237900084034
site_c0baac71bcc40ff4,11,0.029401319620649662,0.015931339262832293,0.02471092925666975,0.07213076509179196,0.08416726156998601,0.024710929256669983,1.166870495036018,0.9616414906755736,0.009508813549791587,0.17524473189115522,0.06421989842504262,0.05723132000000001,0.07792540712209489
site_c0e5aee02ccea819,55,0.05900924224886023,-0.03282350455197421,0.04903782437783307,0.06727519405796753,0.03286510940749591,0.04903782437783314,0.4885174969421531,0.7239596012937776,0.1915149868931569,-1.8052927503585816,0.08803737063529818,0.24892734545454548,0.05940634790016719
site_c1458c9cb325529c,104,0.19222822653024424,0.18918103905136768,0.034091429104802694,0.017171163645680672,0.039073890749908045,0.0340914291048029,2.2755528720231437,0.4913913020325257,3.842975871796141,19.67482806134224,0.03428839756548405,0.03066428153846154,0.15878396958691798
site_c1eaac8764a60481,45,0.05945930209255977,0.022091868820455336,0.05520287979221805,0.06595597484143458,0.03310363517351696,0.05520287979221806,0.501905024572857,0.5493044187493706,0.15909338724004274,0.9941340969204902,0.053970375186701613,0.19575857777777778,0.049313279776558916
site_c204fd32b9271e1b,91,0.1334370807391678,0.05528936214499421,0.12144357105170642,0.13493713515257091,0.03665550991057334,0.12144357105170647,0.2716487931148652,0.48553698813593654,1.620296360973398,5.0313319551944735,0.2185417734589387,1.6569307703296705,0.12227000301917679
site_c29be1fac6229539,472,0.0638287714007785,-0.04161535722484527,0.04839704641381906,0.11395275257323767,0.08333424508705158,0.04839704641381948,0.7313052401563752,0.9260343063467973,1.9229808916275,-19.64244861012697,4.150662300712918,6.1290284745762715,3.2778495027959846
site_c2fa2fe516862278,53,0.07731934649612006,-0.06670704680366336,0.039095412126244906,0.04345334673907901,0.020334374628546866,0.03909541212624496,0.4679587685304685,0.43754630648893306,0.31684891115711483,-3.5354734805941583,0.020490565453554103,0.10007424716981132,0.021914799951306796
site_c33eaf01c8613ed2,878,0.08016221300556162,0.07425418619921512,0.030204241851788338,0.020196042709814937,0.04032156656414229,0.03020424185178894,1.996508283503812,0.6885441234863549,5.6420107858872495,65.19517548291087,0.4923001513665402,0.35811876391799546,1.4274776251037977
site_c3aa24263a4277b0,258,0.08807933188609536,-0.05053842385725458,0.0721376213880484,0.09840480401585196,0.04123434431450308,0.07213762138804845,0.41902775709873546,0.7615157362096882,2.0015559260192415,-13.038913355171681,0.7972122838546544,2.498344406976744,0.43866995697012406
site_c3aefe4e5e9b8037,305,0.06673318995682087,0.010046392799596316,0.06597263549024973,0.09016047111083199,0.04029681367601397,0.06597263549024976,0.4469454648975615,0.7431995590483668,1.3582621857530073,3.064149803876876,0.8235541542501723,2.479317718032787,0.49526912369401277
site_c3d5b5decd374619,53,0.04710814975246749,-0.03770088633332612,0.028245724327454005,0.031450866369180014,0.0353382972933313,0.02824572432745433,1.1236033016871272,0.6478789399182331,0.11761642197434788,-1.9981469756662844,0.038163479666805486,0.05242532075471698,0.06618614854636891
site_c3fac8d15831ac8c,148,0.05377325626452298,0.037286800854109424,0.0387460652370798,0.054643480170353635,0.05677165058858537,0.038746065237079866,1.0389464655544827,0.7587634275175835,0.4279513372149288,5.518446526408195,0.34836777715999134,0.44191466891891895,0.47700700596175893
site_c3fba37c42f73863,128,0.04185575518538737,0.036828218433167775,0.019889358189191575,0.01969198355444656,0.018172641451241905,0.01988935818919178,0.9228446388346908,0.45050680184115194,0.2242437429938024,4.714011959445475,0.020635682844545228,0.0496350996875,0.04227134685637063
site_c438c579f3fbc2ec,83,0.08235863698253244,0.050844334951079026,0.06479042127508544,0.08455079810219648,0.049406655890405514,0.06479042127508566,0.5843428684219837,0.6453885571468287,0.5629844421065066,4.220079800939559,0.2237703413050128,0.5933535091566267,0.20260446464065418
site_c45005d41e05ffcd,278,0.07745085130366522,0.05055596402308924,0.05867477200090827,0.09478918420125944,0.058516807345370084,0.0586747720009083,0.6173363326044173,0.8082625369078353,1.6676203542101642,14.05455799841881,1.246340346656686,2.4978270647482015,0.951932254246854
site_c4ae57110fb255d4,1016,0.06085155392800464,0.03289036639668341,0.05119702543844492,0.03309788869498283,0.05405856401808974,0.051197025438445905,1.6332934259424305,0.3902985049974544,3.762158201300103,33.416612259030344,0.7095048883373989,1.1129977598425196,2.9690855971970733
site_c4f8e2def8cc0f30,94,0.07424166685102866,0.04675886763473774,0.05766657085640001,0.07413675607400827,0.05806608545661015,0.057666570856400465,0.7832293794814099,0.6437529385003402,0.5181115591009979,4.395333557665348,0.2604972878934697,0.5166483085106383,0.31693700634390914
site_c56fc9c5f1ff5d0d,122,0.04167142414190341,0.00959984156098522,0.0405505934854028,0.05707869031375326,0.046997119050249614,0.04055059348540291,0.8233741662941683,0.7124523770006371,0.2118539259817581,1.1711806704401968,0.23316368275123542,0.39747318032786877,0.2694649622808469
site_c59fe04d734e33bd,568,0.06711148155512778,0.037245205501393534,0.05582782123353213,0.07799892408405983,0.04903550236170487,0.05582782123353228,0.6286689584186964,0.7022176846561021,2.558244143305777,21.155276724791527,1.5255250355124974,3.455616665897887,1.3657449193791857
site_c5ee40e68c26cb53,124,0.10133899845073328,0.09819758347686262,0.025036517455555286,0.023903501968279766,0.02352592716603684,0.02503651745555634,0.9842042056120491,0.4428004239753128,1.2734294832677178,12.176500351130965,0.030877205842144546,0.07085079838709678,0.0686301868786871
site_c6112b3d07cf93a0,216,0.14451362238948487,-0.11949984815137255,0.08126483463300425,0.11398090644317443,0.07139465649099506,0.08126483463300475,0.6263738262740446,0.705664546113084,4.510984404124215,-25.81196720069647,1.240366031403688,2.8061957592592597,1.100994546700912
site_c62b54e06aa4fffe,37,0.03850825114831193,0.02635479972974674,0.028076857689321437,0.03362320757535222,0.03724128461035479,0.02807685768932164,1.1076065401224489,0.6904499536720071,0.05486676004055429,0.9751275900006294,0.03198878344349764,0.04182924324324325,0.05131579133888958
site_c6d377978f89caf6,53,0.0456836173409818,-0.00761172346461494,0.04504502813025521,0.08859817651313413,0.05988507929483614,0.04504502813025555,0.6759177406541605,0.8864795782313541,0.11061062334793441,-0.4034213436245918,0.24928033367516297,0.41603075471698114,0.19006980427388703
site_c6dbad6563643f29,50,0.0875033161370357,-0.07268814673376084,0.048716153988069145,0.03219481877569743,0.05215570906046032,0.048716153988069714,1.6200031882096058,0.41195424951234005,0.3828415167489006,-3.634407336688042,0.03458651710525155,0.05182531779999999,0.13601089937996913
site_c7184b24616d8b68,11,0.05154518749018608,0.04801860231161117,0.018738201232716176,0.08969228294471443,0.10003295163608562,0.01873820123271619,1.115290506071131,0.9863917881173869,0.029225969887382793,0.5282046254277228,0.09735097266083415,0.08849176181818182,0.11007250554330189
site_c79eeb4ffddf3d41,568,0.02916606803265133,0.0017680644908211595,0.029112428144034003,0.037862885422486836,0.01718158985014974,0.029112428144034183,0.45378448204440236,0.6773338010766853,0.4831746099076196,1.0042606307864186,0.25028114855841693,0.8142837165492959,0.16767759291434053
site_c7e77fa91cd0e5b5,45,0.06484744549683702,-0.027023149494330084,0.05894862660717665,0.06847696197253246,0.031604162772375974,0.058948626607176674,0.4615298614598742,0.5112791708595509,0.18923360343593618,-1.2160417272448538,0.049791979049808456,0.21100924444444452,0.044947039704427594
site_c83832e8d67694ad,46,0.04900213820051523,-0.024798767373613688,0.04226382241316782,0.04370764641784688,0.023743356391474332,0.04226382241316799,0.5432311812099622,0.33142080844405036,0.11045563921823012,-1.1407432991862296,0.015821116792410612,0.08787648434782606,0.02593236074569799
site_c8f87af663a64c0b,62,0.07079272114884361,0.06283829099824352,0.032603045135048296,0.018646476680913814,0.023593908581434057,0.03260304513504853,1.2653279751012878,-0.18024476052996255,0.31071978079479157,3.8959740418910984,-0.004916443056829515,0.021556847741935482,0.0345136963732422
site_c8f923241d7b6cf3,153,0.06939851867400451,-0.036176809280136835,0.05922324598039827,0.08825432910147732,0.05509660742079986,0.05922324598039891,0.6242935387050332,0.7523957467115625,0.7368716223043615,-5.535051819860936,0.5597558465833756,1.1916904705882354,0.464452330840106
site_c90d703c921023d7,384,0.11605362225143115,-0.09719572200602851,0.06341478424945318,0.07920925509474842,0.039092416255884374,0.06341478424945335,0.4935334413778144,0.6105136815951397,5.171882203268304,-37.32315725031495,0.7259305420768408,2.4092567395833333,0.5868353313497597
site_c91d0d6c46ea62b9,342,0.06427671507327797,-0.043747529531170046,0.04709192882576338,0.059308350639052314,0.034714517742919795,0.04709192882576339,0.5853225957031015,0.6083287535999224,1.412971666409085,-14.961655099660156,0.42834276274709326,1.2029783157894736,0.4121434278062347
site_c9aed1d9afe08cac,128,0.0752717502217581,0.008462580549065027,0.0747945259487439,0.10018987832485875,0.05499210425365102,0.07479452594874422,0.5488788405884967,0.6777126595224018,0.7252270568251826,1.0832103102803234,0.47794701677421114,1.2848655,0.387088835871286
site_c9e5c8b8112d21fb,124,0.0797726922893319,-0.07569304607404817,0.025184225442138455,0.04699091275175974,0.05771749281482568,0.02518422544213931,1.2282692426029593,0.9042869004011129,0.7890966219509656,-9.385937713181972,0.30412299811105215,0.27381008927419354,0.41308231312685234
site_ca4c08bc8824e7df,72,0.10946651859377883,0.09843920968059038,0.04788152765423105,0.02617135116713656,0.06180096904141201,0.04788152765423238,2.3613977225224683,0.6837017379144007,0.8627701458990332,7.087623097002507,0.07961971341125254,0.049315652777777774,0.27499390376094474
site_caaaa1aabb1e21d9,11,0.09137021407365434,-0.06624371669617567,0.06293080341249617,0.13489371083612645,0.0768519988670194,0.06293080341249617,0.5697226237654762,0.9714741886413913,0.09183367621851964,-0.7286808836579323,0.11078241314170036,0.20015944545454548,0.06496852702841988
site_caab4140fe1f5c75,199,0.0868264766048784,-0.06777315858949967,0.054273713843996534,0.0745912890863636,0.02695699599872995,0.05427371384399683,0.36139603335609993,0.8317523924927549,1.5002285708838814,-13.486858559310434,0.3328179506288851,1.1072082211055276,0.14460924702183298
site_cadb6c34bf67432d,262,0.0634160483438441,-0.009437343628579424,0.06270990139351905,0.08020170337813158,0.03471252172729108,0.06270990139351959,0.4328152678208087,0.6653620996156446,1.053657939137778,-2.472584030687809,0.4853210260193824,1.6852660648854962,0.3156993011429256
site_cb6d0d529a35bf72,121,0.10412502746387373,0.03559352210031068,0.09785255504506335,0.08029625390703674,0.05605310222614322,0.09785255504506338,0.698078671154932,0.0015903794503760553,1.3118845826666472,4.306816174137592,0.0008661259757524343,0.7801460953719007,0.3801759825701099
site_cb73c7416c77fcc5,47,0.03861394158900129,0.002054053626161941,0.03855927059397849,0.04779927284365394,0.025635309385364072,0.03855927059397849,0.5363117022556869,0.5937582058169186,0.07007871479682376,0.09654052042961123,0.034195372238755226,0.10738421276595744,0.030886947102316764
site_cb8aadebec9e1fcf,153,0.029718122944620475,-0.01611470369918673,0.024969644691885288,0.045301158013228364,0.05928546720103348,0.024969644691886537,1.3086965058094446,0.9203332088504631,0.1351245251967914,-2.46554966597557,0.37817609626471116,0.31398582235294115,0.537759293050457
site_cbe94aaae2e082ea,54,0.051410566136093995,-0.009733135865573526,0.05048081196510194,0.04945340773937663,0.023669723982365633,0.05048081196510214,0.4786267532281487,0.19545665532552312,0.14272450076341953,-0.5255893367409704,0.01235474083212515,0.13206453499999996,0.030253815003674245
site_cc2f4e33aba4f988,24,0.11476376902230817,-0.07895848429997762,0.08328433488511443,0.061927302249402794,0.031372707481693865,0.08328433488511443,0.506605428335067,-0.544835630657179,0.3160973443249368,-1.895003623199463,-0.02540451478362083,0.09203977833333332,0.023621922593566325
site_cc39c5b4f811532d,154,0.06120629949668373,0.046296892116209125,0.040035095584472366,0.04908372963373881,0.059071078252087024,0.04003509558447259,1.2034757483360266,0.7408003727567637,0.576916509103973,7.129721385896206,0.3307762860066511,0.3710187272727273,0.537366412023085
site_cc701381aa01ffc3,51,0.0824838573112051,-0.047366677800814314,0.06752765767483043,0.08519605361131434,0.02179819728387456,0.06752765767483046,0.25585923713466097,0.8544261404192097,0.34698292256369734,-2.41570056784153,0.08092538232034913,0.3701767450980393,0.024233231646162534
site_cc73ca175d85bc6f,40,0.05898042586263694,-0.021290664292871953,0.055003620325449844,0.07918143721858047,0.03874287623892835,0.05500362032544985,0.4892924099366697,0.7734274045116803,0.13914762539752049,-0.8516265717148781,0.09490624420717358,0.250788,0.06004041837059676
site_ccee683800437b50,18,0.20732143268906364,-0.19350662197669347,0.07441346453038587,0.07771759576413839,0.021699788402812194,0.0744134645303861,0.2792133260100827,0.288635505669171,0.773679176140427,-3.4831191955804823,0.008761876242028338,0.10872044444444441,0.008475854701082808
site_cd09f5e742102c10,336,0.067828651906134,0.04539045270798462,0.05040270649843823,0.09010750539408285,0.06495219530305128,0.05040270649843863,0.7208300243024656,0.8370282415478361,1.5458439425195745,15.251192109882831,1.6460165199513237,2.728105809523809,1.417512658694401
site_cd9b47f2c6e7c758,40,0.09009955487438362,0.07914448772668839,0.043059027520859494,0.05713072181409929,0.050275715188711684,0.04305902752086013,0.8800119023930159,0.6854269489868129,0.3247171915424826,3.1657795090675354,0.0787497412338853,0.130556775,0.1011059015094582
site_cdb6242d14e183d0,160,0.08256349085235308,-0.036146529096737504,0.07423044157207541,0.1102085494641863,0.05484861082201744,0.07423044157207541,0.4976801807907036,0.7977235492930315,1.0906768034762546,-5.783444655478001,0.7715308822495863,1.9433478999999998,0.48133921745682057
site_cdbb0d22e7b06f01,175,0.209658525468771,-0.1881964149821826,0.09240566373114478,0.08999552269316693,0.02015758037428383,0.09240566373114487,0.22398425800591887,-0.0091738838386918,7.692422027804378,-32.934372621881955,-0.002912397095245968,1.417358968342857,0.0711074081454997
site_cdd0193742d73d25,11,0.09215355376091877,0.06683190437772057,0.06344898760432478,0.05671488938264758,0.021575279460356332,0.06344898760432496,0.38041649547777273,-0.14044277003936487,0.09341505217843199,0.7351509481549263,-0.0018903646659444678,0.035382365454545456,0.005120419521717212
site_ce2a9736239174ff,54,0.07881744789480058,0.06132483304871453,0.04951216965753869,0.062441031166324074,0.050496474387338265,0.049512169657539296,0.8087066059628466,0.6338813064186497,0.3354582650030787,3.3115409846305845,0.10792767657063626,0.21053964814814813,0.13769427197975992
site_ce840bd031a93a0e,69,0.03435184647851309,-0.008722044881703197,0.03322612360124013,0.07901782346484096,0.06155907177550238,0.03322612360124019,0.7790529917961246,0.9178532146903686,0.0814234055973499,-0.6018210968375206,0.3080629356428981,0.4308233333333332,0.2614768329324403
site_cec4a302b657dde7,101,0.04792714656660414,-0.010675446748143375,0.04672308010763321,0.0984110503445555,0.07633215103713782,0.04672308010763335,0.7756461369925907,0.8871415826915563,0.23199814917969228,-1.078220121562481,0.673078437805102,0.9781582178217822,0.5884863254775985
site_cedd671db129d181,93,0.06711668724791096,-0.01910727016515629,0.06433942752286208,0.0607916632045953,0.0681504289410639,0.06433942752286281,1.121048929220814,0.5069475898366186,0.4189324227634521,-1.776976125359535,0.1953253585918937,0.343693247311828,0.43193672973114317
site_cf410c13c4f583ea,45,0.03871286251067567,-0.025501181737581893,0.029126885411202095,0.06510923774324326,0.04171584089929801,0.029126885411202123,0.6407054105563859,0.9445664881319137,0.0674408575696715,-1.1475531781911852,0.11544859727289941,0.19076457777777778,0.0783095121870995
site_cf467e53e3fb79b4,253,0.06405780720997288,-0.02723093383373479,0.057981711833066905,0.07252174968612889,0.03654485582517647,0.057981711833066975,0.503915804339265,0.609941432266276,1.0381608741311634,-6.889426259934901,0.4089810473525477,1.3306292569169962,0.3378882012825824
site_cf53fcd25709e5dc,34,0.06281614355949423,-0.001107157673905878,0.06280638577065313,0.06480489750384943,0.025274462868521374,0.06280638577065346,0.3900085308679033,0.27285738508292956,0.13415950831735765,-0.03764336091279985,0.015195129043477421,0.14278894117647065,0.021719148091937035
site_cf6b1b2134e1588b,836,0.06146374666545942,0.04127727520936414,0.04554095635190578,0.04415691325293052,0.04237807641132822,0.04554095635190587,0.9597155527739646,0.44668652922112295,3.1582342408742274,34.50780207502842,0.6987938587342937,1.6300603779904308,1.501373537231176
site_cfa28b3d4c2af861,102,0.10701694879849816,-0.0158142645480586,0.10584203497167084,0.10268213657996172,0.025975367968885166,0.10584203497167369,0.2529687132937417,0.002962752995437294,1.1681679876743185,-1.6130549839019772,0.0008060318867949955,1.0754493596078434,0.06882141359413652
site_d04beb93196a3a21,622,0.03716939188104037,-0.0055001958032704626,0.036760189593254756,0.05554434597774493,0.03928096753367008,0.0367601895932548,0.7072001090697668,0.7509404386156652,0.8593326169255494,-3.4211217896342276,1.019102602120381,1.918978458199357,0.959742523257133
site_d0ce78b41de4999b,52,0.0934809432591783,-0.06686785757518732,0.06532515882820476,0.08190731971972125,0.0381648466314989,0.06532515882820501,0.46595159946748627,0.6234825235869219,0.45441171113653717,-3.4771285939097405,0.10134769231975077,0.3488580692307692,0.07574088695710329
site_d122c9eee96eec44,13,0.07554978737645111,-0.07241093675448344,0.0215505594118847,0.022781701366661872,0.012941005779338603,0.02155055941188507,0.5680438686759419,0.3765862999870696,0.07420101484415065,-0.9413421778082848,0.001443318089040426,0.006747076923076924,0.0021771051975513767
site_d132cef849713e59,125,0.051643526502082246,-0.005161897628307342,0.05138490675720009,0.07024353066297281,0.06344324769774361,0.05138490675720015,0.9031899037385118,0.7089444893555114,0.3333817286964089,-0.6452372035384177,0.39492441474944356,0.6167692000000001,0.5031307098046562
site_d15ecf104b47687d,115,0.08623028515009643,0.07199966489335764,0.04745218996327926,0.05843127318654265,0.04200211682667801,0.04745218996327926,0.7188293962478906,0.596250683568055,0.8551011388626981,8.279961462736129,0.16828416737914084,0.39263457391304346,0.20288044906101943
site_d1bc13bbd7c8604f,141,0.07387956173201607,-0.05067649516940962,0.053759487339999586,0.05890450722807299,0.03266548900123877,0.05375948734000091,0.554549906932604,0.4279025395925998,0.769604739481783,-7.145385818886757,0.11609183284107674,0.48923347702127656,0.15045181820829723
site_d1da6ed45ac274f5,50,0.10216409777983675,-0.061066846215724946,0.08190447587545531,0.10882830514163123,0.05036727305004719,0.0819044758754559,0.46281409036461857,0.6998339909669227,0.5218751437584022,-3.053342310786247,0.19180297565162183,0.5921799999999999,0.12684310972490054
site_d2a88afeebc07d80,46,0.0677168046248543,0.025611970974051438,0.06268646242551125,0.051980006516974646,0.05077036385422392,0.06268646242551153,0.9767286935149633,0.25576656390782226,0.21093601891563163,1.1781506648063662,0.03104904209530871,0.12428836956521742,0.1185709729109532
site_d2c6c5fd07d735c9,451,0.058072487605063824,0.015506280182311911,0.05596399817336081,0.059102753639767254,0.045616437917274676,0.04975297988602068,0.7718157802817106,0.5746606586241816,1.5209586313047716,6.993332362222672,0.6987423928623462,1.5754041049991625,0.9384675931255191
site_d355ed29576c96c4,250,0.04335313006945774,0.017723178533554075,0.039564919177057456,0.06243067502438204,0.054316441144148055,0.03956491917705791,0.8700280931278573,0.7788946190411165,0.4698734717048303,4.430794633388519,0.6603102666348218,0.9743972959999999,0.737568944641425
site_d3c0f0b2faa9bb95,81,0.04049097429922079,0.011688193454860172,0.03876732043180084,0.053459110804130454,0.028333501181472376,0.03876732043180096,0.5300032259287639,0.712280250649821,0.13280103897571288,0.9467436698436739,0.0873892266901279,0.2314879987654321,0.06502577042524021
site_d4253e2faeb3b528,43,0.10874383480797006,-0.1019259787881097,0.03789876590113313,0.062157952638881506,0.03231978740728325,0.037898765901133134,0.5199622258321671,0.8641067983555647,0.5084845291759525,-4.382817087888717,0.0746450604658314,0.16613527627906977,0.044916452296235365
site_d46dadf54503ff71,88,0.04239157570115922,-0.0031765263649550374,0.042272394901162844,0.05799199770244737,0.062147774599999,0.042272394901162906,1.0716612129638061,0.7544882423924062,0.15814002075758593,-0.2795343201160433,0.23929234184121542,0.29595031818181816,0.3398864381204407
site_d47f3d91f6768d70,53,0.04109649056994648,0.02426129842479274,0.0331709351075433,0.023595725819878736,0.047458962778946616,0.033170935107543875,2.0113372710477835,0.7629740734717558,0.08951284146978208,1.2858488165140152,0.04528321296145331,0.02950818867924528,0.11937471684683235
site_d55e4a9082082245,5,0.05253022117990326,0.046958939282894144,0.023543197714733215,0.08287425173116195,0.06045543511768394,0.02354319771473364,0.7294839332462026,,0.013797120686047786,0.2347946964144707,0.024921797691583637,0.034340708,0.018274298176342463
site_d583e7eb857a6d07,415,0.06240140611025933,0.010296142684264358,0.0615461203518368,0.08165805495321894,0.04161250126724983,0.061546120351836923,0.5095945683630256,0.6785931156417724,1.6159832260830669,4.272899213969708,0.956930503545127,2.767235744578313,0.7186141086125006
site_d5dd2bb3b8af01ea,43,0.1101202396192086,-0.06773938012400338,0.08682075531926506,0.10177320782100992,0.02911648931211168,0.0868207553192651,0.2860918893636456,0.6188605296172315,0.5214380884730525,-2.9127933453321453,0.0788558128554114,0.4453847906976744,0.036454107844079486
site_d5fa35b8748ecd00,221,0.11257423933305652,-0.09476260105090982,0.06077013084964021,0.060033626254582965,0.05089026790062921,0.060749660322958275,0.847696050956846,0.40969395939012104,2.800724018873,-20.94253483225107,0.276618453290434,0.7964920181617647,0.5723500801065164
site_d65f83745aba7368,108,0.04585619817425735,0.022777794002382844,0.03979903279455137,0.03172314651309605,0.04098758345709167,0.0397990327945516,1.2920402911536863,0.4239079693099706,0.22710141838765044,2.460001752257347,0.05952835859192742,0.10868666666666667,0.1814380557464219
site_d68e520b86217ecc,289,0.08352907901940748,0.07921544574453757,0.026495663745689468,0.04461660394612093,0.036642076138625794,0.02649566374569024,0.8212654684089092,0.8047438429866739,2.016383935088991,22.893263820171356,0.3802174881987763,0.5752953494809689,0.3880234639434176
site_d6e0f79187805dc4,57,0.038720411103997016,0.003283223274507021,0.03858096267581034,0.089119622819205,0.06526312452896903,0.03858096267581055,0.7323092542858588,0.9209660764776526,0.0854584034555645,0.18714372664690018,0.30532311954127067,0.4527115087719298,0.24277869912717193
site_d735284ea202b77e,489,0.12109919955433793,-0.08869366618187637,0.08245271197431434,0.07610930634956983,0.033202195308735014,0.08024331052730026,0.43624356732719943,0.09023033518153556,7.171192888890964,-43.37120276293754,0.11149772177709755,2.832594364863196,0.5390666431531794
site_d74ec077de336965,56,0.040861127293322204,-0.019282590837350906,0.03602517750518922,0.033292132275187354,0.018315920961238366,0.03602517750518928,0.5501576411460204,0.11973708593632251,0.09349937652614052,-1.0798250868916508,0.0040887172985821976,0.0620685,0.018786485796866537
site_d7943e43ff597b33,72,0.07214538577240685,-0.049981511615879014,0.05202696593922383,0.07444795778401095,0.038476134965495214,0.052026965939223846,0.5168192131894672,0.753386610799098,0.37475688155395714,-3.598668836343289,0.155379823029062,0.3990598861111111,0.10658973325557625
site_d830d9e3fbd26651,704,0.04567196612658306,0.02425595291788605,0.03869854309806824,0.06944315061280372,0.0413384181538289,0.03869854309806882,0.5952843122617056,0.8767358749303167,1.468493656866896,17.07619085419178,1.7718408380922523,3.3949352215909094,1.203040830084411
site_d8459840bc683e6d,9,0.06245437894015705,0.059113935139444136,0.02015172749742125,0.04536999606799494,0.047456395684898144,0.020151727497421865,1.0459863301239076,,0.03510494503920659,0.5320254162549972,0.017570042610665162,0.018525928888888887,0.02026898542261457
site_d8c17cfcfd29e789,109,0.09024896455294053,-0.04557948542734899,0.07789342790669825,0.10371761736159257,0.04360267727217393,0.0778934279066991,0.4203979842707063,0.7287282587146873,0.8877914407136928,-4.9681639115810405,0.35921775704489667,1.1725505124770643,0.20723008771784746
site_d8f779aeecdbd8d2,131,0.11451068764135297,-0.07766629259049439,0.08414656605793981,0.09065674437343546,0.055399178156566815,0.08414656605793981,0.611087222902746,0.4188381828320662,1.7177633835165118,-10.174284329354764,0.2755630628262995,1.0766425343511452,0.40204803119541693
site_d93f1ce9d07f856a,55,0.07266752912592009,-0.04837359486926686,0.0542269776835339,0.10731925031234286,0.06153227744151744,0.05422697768353392,0.5733573171861839,0.9360864911285902,0.2904313384096545,-2.6605477178096772,0.33998463251644917,0.6334581818181818,0.20824216419269315
site_da42d7233341c5fa,34,0.08810341209603277,0.019040967490041954,0.08602123447153348,0.1138287907280751,0.06374787934781848,0.08602123447153351,0.5600330016691946,0.66294630715983,0.2639151815807547,0.6473928946614265,0.16355925997920773,0.44053778235294117,0.13816893212569675
site_da8bcad340f647ba,6,0.05826881264961809,0.05661576539079347,0.013780770544890603,0.06655862077897948,0.07516573145347123,0.013780770544892,1.129316241438856,,0.02037152716557776,0.33969459234476085,0.029670082644373173,0.02658029999999999,0.033899323109612134
site_da99bb912bf39167,787,0.07281564222676881,0.008880837523725165,0.07227204492591859,0.08023980321932427,0.056763561025918535,0.07227204492591867,0.7074239809731747,0.4871102771095444,4.17276667152978,6.989219131171705,1.746069445176928,5.067041278271919,2.5357941640900807
site_daa49998006715f8,95,0.08844104779060366,0.05670459868845187,0.06787051953448905,0.07487550960800315,0.0666458431596422,0.06787051953448978,0.8900886753032354,0.5452353365663264,0.7430727987584848,5.386936875402927,0.25847613906272143,0.5326024842105264,0.4219584989936646
site_dabd51f8216ca183,414,0.06547915432723715,-0.03836875354775772,0.05305995102336195,0.06775277996840244,0.028895578639358186,0.05305995102336196,0.42648550587642436,0.666588570510898,1.7750331356837976,-15.884663968771697,0.5402772979399432,1.9004418260869567,0.3456711484699799
site_dad0353659cda19f,170,0.06775681948257596,0.045252266737994026,0.05043033751094498,0.07133913570920959,0.05376203022167589,0.050430337510945014,0.7536120207682222,0.7087264511382593,0.7804677196870455,7.6928853454589845,0.4620947850451749,0.8651762882352941,0.4913605019045866
site_daf47f9c44bf482f,99,0.04906365228750949,-0.020170211522266116,0.04472588224883528,0.052974494924817705,0.04373036828830394,0.04472588224883531,0.825498541333274,0.5866883617282591,0.23831695560317387,-1.9968509407043455,0.134552765171561,0.27782341414141415,0.18932216595243923
site_dafe0965d62ae39c,205,0.040530602918869583,0.002060502184600365,0.04047819294032698,0.05842314617955921,0.025903992972990775,0.040478192940327125,0.4433857925654461,0.8080508937632617,0.33675960345825134,0.42240294784307486,0.2506941676692265,0.6997191219512195,0.13755845464867486
site_db96cd85e659d65b,81,0.06189970013302624,-0.0097310332942892,0.06113002427272546,0.06763450176041677,0.04478968110278109,0.061130024272726236,0.662231256784305,0.4693552025913207,0.31035740300124404,-0.7882136968374253,0.11516829051042413,0.37052849209876537,0.16249535819639482
site_dbd5f7c9c3a46705,3,0.04972743242821775,0.014339798994859062,0.04761499449427671,0.05837128289378834,0.021243134780933867,0.04761499449427697,0.36393126427575034,,0.0074184526077088865,0.043019396984577185,0.0023869346119463446,0.01022162,0.0013538123259627666
site_dc096381800c2a0d,61,0.02123824526786476,0.011181683148126132,0.018056384578117844,0.028580942169699603,0.019370608603912817,0.018056384578119006,0.6777456281496829,0.7821625695822404,0.027514846785536777,0.6820826720356941,0.02641476012330319,0.0498290855737705,0.022888449138844857
site_dc3fa845eee493af,75,0.0733364884742164,0.01252302421887716,0.07225935514618359,0.08920098255562485,0.04936538228756847,0.07225935514618367,0.5534174722434779,0.587306871598424,0.4033680406296656,0.939226816415787,0.19396281941791377,0.5967611466666667,0.18277057262983343
site_dd81667799d2704b,215,0.053942665713504825,0.03890106369035188,0.03737002044471097,0.0658336481338303,0.05531708598113818,0.03737002044471102,0.8402555159739369,0.8234462863413221,0.6256094046199698,8.363728693425655,0.6447345610016653,0.9318248837209301,0.6578957003105963
site_ddb8d9051d38fd31,29,0.031603200339748616,0.018097080598617424,0.025908646153773304,0.04800322026455042,0.04449064004432117,0.025908646153773862,0.9268261545606507,0.8457363911581841,0.028964105879714326,0.5248153373599053,0.052380789796083134,0.06682496551724137,0.05740309449504727
site_ddd5a78c36a9e7a3,382,0.07111980424585834,-0.043713896967587665,0.05609921361192455,0.07588470319358175,0.02618592435786031,0.056099213611924784,0.34507513709396825,0.8296136660696575,1.9321661443802385,-16.698708641618488,0.629740187667047,2.199742484293194,0.2619384063696723
site_de08b55dd68ab719,250,0.15565333990944308,-0.1415553646299839,0.06473052579298985,0.10030286408672485,0.04681354505414099,0.06473052579299118,0.46672191746852415,0.8584895667032202,6.056990556241156,-35.388841157495975,1.007766446887374,2.5151661359999995,0.5478770001340221
site_de0c25f31478d5ae,20,0.03492946500210937,0.018788193167448043,0.02944607482901993,0.04058414838332819,0.032475635075434474,0.029446074829020025,0.8002049166756776,0.6960069153535547,0.02440135050667166,0.3757638633489609,0.018346686507165436,0.032941462000000005,0.021093337471055795
site_de2dd333b47cf663,29,0.08431404259416499,-0.04713985253613571,0.06990487881000901,0.10077300518059006,0.03842850150544937,0.06990487881000901,0.3813372582923736,0.8709050235750128,0.20615687557854934,-1.3670557235479355,0.09780621518477284,0.2945007586206897,0.04282574211067541
site_df32de3b824705c1,130,0.09532579467020989,0.08815319254948542,0.03627701438707939,0.03443732322305598,0.056001403568434624,0.03627701438708151,1.6261834058850824,0.7793634298452192,1.1813109268359123,11.459915031433106,0.19539420287162065,0.15417080000000002,0.40770043621250873
site_df4d1a2cf99eda94,136,0.05069121297688623,0.007868442708078554,0.05007680782975013,0.07668485253944575,0.06129279324380271,0.05007680782975183,0.7992816209990683,0.7584403564101198,0.34946547393725325,1.0701082082986832,0.4848186772540211,0.7997570588235294,0.5109256844933465
site_df5a72d9e6b0c9b0,180,0.06409970016577947,-0.03442399962676897,0.05407180236536451,0.0787738306094663,0.042261226977455546,0.05407180236536457,0.5364881541304276,0.7611066433786855,0.7395788810417092,-6.1963199328184135,0.4560811095140874,1.11695695,0.321482035015203
site_df8e2a9486152870,479,0.03847995314389533,0.0031657888834561083,0.038349505533993085,0.05472766722265866,0.03490192962264422,0.0383495055339932,0.6377383030167587,0.7179142369361733,0.7092585543051062,1.516412875175476,0.6568473534777544,1.4346613110647182,0.5834913071729408
site_dfda0bf114384539,49,0.08160695970203093,-0.006779739411509766,0.08132484863386419,0.07796440841558305,0.040315037654521074,0.08132484863386419,0.5170954089669352,0.17339681143598715,0.3263250977186361,-0.33220723116397854,0.02670549576623099,0.29784400000000005,0.07963981079318716
site_dffc4a16666e5428,8,0.08610894511522392,0.08115347011089324,0.028790010729713215,0.050504325309818764,0.07151742835418619,0.02879001072971321,1.4160654145058378,,0.05931800343085316,0.649227760887146,0.02734625886231661,0.020405495000000003,0.040917940467169234
site_e06c7a98fed0bd3d,30,0.023254099070021513,-0.015144631664454936,0.017646338297402215,0.02199618653817571,0.015093134490992846,0.017646338297402257,0.6861705080013666,0.6027892192658221,0.016222593706751262,-0.4543389499336481,0.006003625135185817,0.014514966666666667,0.0068340812628959365
site_e0819506e4cfd43e,250,0.05609885779015968,-0.005548102068901063,0.05582383369846266,0.07722653688985412,0.043875642630369395,0.05582383369846266,0.5681420454337852,0.7042793661149431,0.78677046134014,-1.3870255172252657,0.5965887009292841,1.4909845000000002,0.4812680040569721
site_e08b0590bf66e62a,111,0.0451349642714087,-0.04161715120683919,0.01746933671346519,0.026312745231973116,0.027994691011258257,0.017469336713465487,1.0639213341085132,0.7947721048860544,0.22612531497572874,-4.61950378395915,0.06498414864938136,0.07685202234234235,0.08699100245455645
site_e0a3f27c6c9560a4,56,0.15376023296808658,0.09096818355960504,0.12396369961511419,0.13244723915852033,0.03953792915332295,0.12396369961511423,0.2985183338250012,0.35695453573167873,1.3239637175744146,5.094218279337882,0.10467856504507364,0.982367185,0.08754187913705835
site_e0ceb845349c800e,31,0.047771310689187024,-0.024961102137642525,0.04073133320966812,0.05864159469618785,0.04348949914713205,0.04073133320966812,0.7416152199210093,0.7197468724182579,0.07074504187384788,-0.7737941662669182,0.05690254072292197,0.10660393548387098,0.05863143261812037
site_e0f23347bc3a360e,5,0.1602435221714544,-0.14950060834288598,0.057684959070978,0.04735145193127663,0.01155957090131381,0.057684959070978016,0.24412283952962532,,0.128389931989567,-0.7475030417144298,-0.00237942705899477,0.011210800000000003,0.0006681183971125049
site_e112cf24dd2b666b,2,0.06953216825220337,0.06827474355697631,0.013163655042648312,0.011499999999999996,0.0016636550426483154,0.013163655042648312,0.14466565588246225,,0.009669444843705436,0.13654948711395262,-3.8264065980911244e-05,0.00026449999999999987,5.5354962018583365e-06
site_e1c83eb53198657c,16,0.0750216918877179,0.003658149486780171,0.07493245088763645,0.08943485735963076,0.034205652287869426,0.07493245088763655,0.38246443610150177,0.580833902012173,0.09005206805913085,0.05853039178848274,0.028429985306784512,0.127977499375,0.01872042637501803
site_e1d83ae86567245b,279,0.12299403785083804,0.10409591596613649,0.0655101032362523,0.09997047893539995,0.09566007758324017,0.065510103236253,0.9568832579571304,0.7765914485943383,4.2205818037720935,29.04276055455208,2.072045599871345,2.7883529677419356,2.553087273661597
site_e217e123676f78e8,634,0.09505283937011753,0.08759337248354682,0.0369112905393457,0.044256155423150145,0.050498728507996526,0.03691129053934641,1.1410554763548426,0.703904929851249,5.7282168006517455,55.53419815456868,0.9973725049208955,1.2417570236593058,1.6167770823060326
site_e236e8f6fb4c7e9a,128,0.021325019023653236,-0.0005949729221407325,0.021316717467309353,0.02586381683905867,0.012036880878955792,0.021316717467309357,0.4653946072173731,0.5772540246489918,0.05820882385397407,-0.07615653403401376,0.023002949068637098,0.08562393874999999,0.018545472165653956
site_e285e97bc06024be,13,0.04702500691579599,-0.013654457879983465,0.044998967270754316,0.07495386904761556,0.05249068067576892,0.04499896727075513,0.7003064864126418,0.8067913653470724,0.028747566580598585,-0.17750795243978504,0.04126490541925797,0.07303507230769231,0.035818530251472025
site_e3489f2db8b7f610,188,0.08970541242799383,-0.07785795872674342,0.044555575204245565,0.06212729524813025,0.045853415275080925,0.04455557520424566,0.7380558753112771,0.6980498611254987,1.512847471548776,-14.637296240627764,0.373850899192881,0.7256425531914894,0.3952767101691366
site_e35bffa822780b41,151,0.10900841017054316,-0.034608464675549636,0.10336869768315074,0.09416377956573939,0.04795559124888574,0.10251377780893761,0.5092785301317061,0.07279983455004232,1.7943078566743162,-5.225878166007995,0.04963985124737288,1.338889424697879,0.3472605485365612
site_e4206af93f2d6f2c,175,0.09283670562262526,-0.048155151251861025,0.07937087197941302,0.08711951206549892,0.056393921750853664,0.07937087197941377,0.6473167768485102,0.4549499810783402,1.508264434400847,-8.42715146907568,0.39115549149245876,1.3282166419428574,0.556548021827246
site_e44008751f3e2871,30,0.010435249684467374,0.00025091223001480223,0.010432232696312204,0.016486704744530768,0.017967792101882762,0.010432232696312231,1.0898352569723386,0.8200081469152508,0.003266833079315293,0.007527366900444067,0.0072873226097971205,0.008154343,0.009685246590494419
site_e443401d44fc1f23,274,0.10225661842192761,0.08492766909551447,0.056953551540623884,0.08025707237598909,0.042021710082061625,0.05695355154062567,0.5235888730802181,0.735842361269817,2.865057987038031,23.270181332170964,0.6799741209547994,1.7648881605839415,0.4838358083925101
site_e473611ef37db918,1,0.08051260817050934,-0.08051260817050934,0.0,0.0,0.0,0.0,,,0.0064822800744179674,-0.08051260817050934,0.0,0.0,0.0
site_e4827c2c7a3df4be,641,0.03540412821655126,0.03088888592364821,0.017301127742718057,0.024064894785190544,0.03142391044409272,0.017301127742718404,1.3057987880101136,0.8378936372806413,0.8034629209501347,19.799775877058504,0.4061543581279782,0.3712153822152886,0.6329632366105484
site_e4a78bd8d0c42b04,2,0.06997505210031357,0.06756416630744934,0.018209649848937984,0.0793,0.06109035015106201,0.018209649848937984,0.7703701153980077,,0.009793015832883199,0.13512833261489868,0.009688929533958435,0.012576979999999998,0.007464061763158725
site_e4ad3110c632fc3e,37,0.10831112683684722,-0.0859996426790147,0.06584346327274558,0.09002233307843846,0.03607396204685188,0.06584346327274584,0.4007223631431528,0.7806079302462012,0.43405810727670147,-3.181986779123544,0.0937948063955315,0.2998487567567567,0.048149237297035255
site_e526161d153fbae1,108,0.07165705493472369,-0.019810958904248693,0.0688640648612335,0.08910861105679899,0.06241102960210982,0.06886406486123405,0.7003927999991856,0.6377236452985153,0.5545512203671449,-2.139583561658859,0.3830339745677731,0.8575572129629627,0.42067475452750624
site_e580905782041227,176,0.1272390643551652,-0.12320226710364222,0.03179592550155862,0.05287503761013062,0.06809096645608935,0.031795925501558894,1.2877714992498357,0.8917515622814125,2.8494011916441044,-21.683599010241032,0.5650628224292771,0.49205545,0.8160028294746743
site_e5a46bf8593cb776,159,0.11187994249274597,0.010512542319147843,0.11138495403854269,0.13154045689507898,0.046142997871677624,0.11138495403854365,0.35078939940495113,0.5787348309721698,1.990222323616643,1.6714942287445071,0.5585240752933722,2.7511597962264154,0.3385390241611177
site_e60e5a5f7ff91a10,8,0.20589744546846644,-0.19769273117929695,0.05754426200161351,0.05858643054283132,0.032937762624884265,0.05754426200161412,0.562208045782959,,0.3391500644035209,-1.5815418494343756,0.004823695844691247,0.027458958749999995,0.008679169653865781
site_e60f7e42ba2fd8cd,702,0.08371444453537176,-0.06963872114265407,0.04646027057047235,0.07753782631007897,0.05581008930057363,0.04646027057047238,0.7197788738284375,0.8051410882001616,4.919691973153816,-48.886382242143156,2.445881666137115,4.220504385242165,2.1865657795520783
site_e621c0e748219561,130,0.11722799823358031,-0.10839634009507985,0.04463896306864766,0.06501725078322125,0.053786140306369454,0.04463896306864771,0.8272595297162247,0.7331305712348312,1.7865124640808,-14.091524212360381,0.3332910597003423,0.5495415769230769,0.37608335557733996
site_e692ba92ac3619b9,78,0.09063202503135644,-0.06854708345180903,0.059291325769754426,0.05932681468080804,0.04453846411474422,0.05929132576975478,0.7507307505783252,0.37616195184701245,0.6407047889801847,-5.346672509241104,0.0775274921591083,0.2745343333333334,0.154726633284628
site_e6f2aca5e6ecbaba,167,0.11257685783217396,-0.10624050308615862,0.03723579492055233,0.037831817415747426,0.04026365057382018,0.037235794920553275,1.0642801040021013,0.5468264368589361,2.1164826695340397,-17.74216401538849,0.1391029458524938,0.23901815029940116,0.27073398010762517
site_e6f4ed93ce9ba081,116,0.10679494028115949,-0.06800194440653613,0.08234618890141056,0.10986853293969592,0.06553114459828008,0.08234618890141056,0.5964505290541058,0.6656099021445118,1.322998475280145,-7.888225551158191,0.5559027757335069,1.4002469655172414,0.4981423858338403
site_e722a68e19572b18,15,0.008074778781350806,0.000987588438193004,0.008014157562994423,0.01038992246789594,0.00814087776523267,0.008014157562994423,0.7835359494151526,0.6502343422994392,0.0009780307855162982,0.01481382657289506,0.0008249824367463587,0.0016192573333333332,0.0009941083618268953
site_e755ae9494167172,176,0.13233900858211714,0.08059070464264263,0.10497024110527714,0.13551439769330695,0.05356637189312675,0.10497024110527785,0.3952817767331035,0.7035911340434676,3.0823959218795904,14.183964017105103,0.8988985862799665,3.2320907488636363,0.5050066908115256
site_e7895d956d62a46d,90,0.028969799205658522,-0.01089747866342465,0.026842023485504546,0.03150423056051166,0.010023909300913353,0.026842023485504553,0.31817661065106667,0.5897820225785868,0.07553243394145559,-0.9807730797082186,0.01676254842388961,0.0893264888888889,0.00904308819056435
site_e7920aa397fb1716,99,0.05373128444011115,-0.014185817874441243,0.051824834768837556,0.09645427835761575,0.056034343890547934,0.051824834768837764,0.5809420260529441,0.9026743172544184,0.285818041830829,-1.404395969569683,0.48299436949080593,0.9210393535353536,0.31084492182917445
site_e7d7202b18581b5a,73,0.25461732594968645,-0.2482885630571679,0.05641606268409424,0.058260075884856294,0.0355388843748701,0.05641606268409445,0.6100040865911028,0.3560680919140154,4.732588735185129,-18.125065103173256,0.05381839648195326,0.2477792602739726,0.09219989809055817
site_e7defe0b5f5d29b7,231,0.06771850592257198,0.03421912204754817,0.058436698492303776,0.10492177169239797,0.06922724942849552,0.05843669849230458,0.6597987082361796,0.8526354493852928,1.0593188862530312,7.904617192983627,1.430599459653938,2.5429815584415585,1.1070471866535159
site_e7df8a81d2875ad9,50,0.06254908597918556,-0.024809442158937454,0.05741846163555659,0.11438415274853418,0.07131039017090836,0.05741846163555662,0.6234289318703039,0.9116360274422909,0.19561940784157736,-1.2404721079468728,0.3718006602433324,0.65418672,0.25425858731635914
site_e7ee204eaac12eb2,47,0.07202726519448535,-0.034898252114336545,0.06300824494271307,0.09823004475756789,0.04004593488938101,0.06300824494271311,0.40767501417936364,0.9256874936645045,0.24383256577564594,-1.6402178493738175,0.17114532209171895,0.4535096595744681,0.07537281435473353
site_e813e7562543b91c,20,0.12892554040493492,-0.10401467209309338,0.0761757373319797,0.10038818406565585,0.041211736069843324,0.0761757373319797,0.4105237728265912,0.7219246233591223,0.3324358993740902,-2.0802934418618677,0.05973451731819659,0.20155574999999998,0.033968143797808506
site_e84e6fd19eaae8f3,84,0.11005453569794647,0.05186943993454888,0.09706473112602125,0.1077720028923389,0.027720999430144676,0.09706473112602444,0.257218931505218,0.4956735011966161,1.0174080695260082,4.357032954502106,0.12439124830712876,0.9756435870238096,0.06455011999011084
site_e894534d7e7a123f,174,0.1644809035468136,-0.13723346358112906,0.09066942210637016,0.09238506886898627,0.021675573596698108,0.09066942210637023,0.23462204295627923,0.19572723752669624,4.707390367894259,-23.878622663116456,0.06819819819459629,1.4850901652873563,0.08175050538978246
site_e8fdb2dcaaa2ec50,118,0.07669633529498648,0.005731624303732892,0.0764818692928059,0.08065588476573,0.05617144084038993,0.07648186929280598,0.6964332609274989,0.42060236352546626,0.6941146860263566,0.6763316678404813,0.2248564447914708,0.7676338661864407,0.37231723039808023
site_e908f29f409c402b,51,0.034701208585830555,-0.03148175182319155,0.014597026391025534,0.02258828295201944,0.011290371455340915,0.014597026391025548,0.4998330983954463,0.8325092340545617,0.06141286774318333,-1.605569342982769,0.0108280607889242,0.026021756862745098,0.006501096867578424
site_e9578e4592e63187,8,0.021263346531336085,-0.006271896950900555,0.020317313167566388,0.018289341158171882,0.028981775931087687,0.020317313167566582,1.5846265691281234,,0.0036170392456934585,-0.05017517560720444,0.0030466004870831967,0.002676,0.006719546688958189
site_e98d1003be09654d,174,0.057741462726322086,0.04861764829871298,0.03115125666290036,0.03720863645046457,0.04044790001114893,0.03115125666290042,1.0870567661085015,0.6810960745709819,0.5801293140928923,8.459470803976059,0.17835995716190545,0.24089997701149427,0.2846696750642709
site_e99ab7a415991029,162,0.08662332273736997,0.06913583904651949,0.052190380353052714,0.04860985967426981,0.0542947129421738,0.052190380353052714,1.11694856364527,0.49009951659207307,1.2155832068141343,11.200005925536157,0.20954687927994461,0.38279279012345674,0.4775623682626349
site_ea33c67804056e7d,182,0.09262851082424135,0.002053554546538289,0.0926057445909323,0.09435775635973616,0.07053189939865623,0.09260574459093238,0.747494452175775,0.39835660596204675,1.5615674651880207,0.3737469274699686,0.4825103088973889,1.620416285714286,0.9054042875663538
site_ea99257f5d54ddf2,142,0.10345855505964893,-0.08508143623446075,0.05886273713744374,0.08630036744962383,0.04854570720486001,0.05886273713744415,0.5625202839744295,0.7566056293596654,1.519921511334318,-12.081563945293427,0.4501128273520252,1.057580985915493,0.3346493676988396
site_eafced833314a87c,939,0.0609224292922038,-0.05084001952619217,0.0335683601839585,0.05705850238702884,0.05083214625661005,0.033568360183959735,0.8908776804518054,0.8124284595308018,3.485138305020894,-47.73877833509445,2.212633769172909,3.0570766602768904,2.426288760377138
site_eb3bc9a7aee9d6f6,324,0.060817007474645995,-0.04652308769818441,0.039170278390613836,0.048606134861892365,0.015348102680927091,0.0391702783906139,0.3157647223861065,0.7129978914235519,1.1983815210074518,-15.07348041421175,0.17233720265280594,0.7654682561728396,0.07632281891298717
site_eb828ca3e955ad1d,72,0.08853168789792419,0.057530998571051484,0.06729074204876276,0.035015998878643116,0.08500192665303812,0.06729074204876331,2.42751683159558,0.6590793695193066,0.5643259028679928,4.142231897115707,0.14124253488207855,0.08828065277777777,0.52022358250045
site_eba5cbc1dd84d08d,137,0.05672907074524671,-0.04862900618031947,0.029213134469509707,0.04200977355463329,0.030066914206267486,0.029213134469509818,0.7157123607716133,0.7186394820476941,0.4408916830638312,-6.662173846703768,0.12435717272484934,0.24178048715328468,0.12385064819452578
site_ebf4f84d79acafd6,8,0.0678620284878838,0.0642941650673747,0.021714401874781762,0.05560539542166749,0.07319895325657719,0.021714401874781943,1.316400192849885,,0.036842039283922816,0.5143533205389976,0.03191412603631615,0.024735679999999996,0.04286469406286858
site_ec20e4065643efdb,232,0.06295143224049134,0.0077001386122970755,0.062478721869774066,0.08330052171121309,0.05906458834381879,0.062478721869774316,0.7090542427643415,0.6629943710295333,0.919388814501968,1.7864321580529214,0.7567853719441155,1.609842644827586,0.8093611383241477
site_ec919d9a24ddf81b,54,0.13380925432800989,0.12793556938789508,0.03920977721453051,0.04855266327516042,0.05276676822190018,0.03920977721453425,1.0867945167674395,0.7034216537839232,0.9668654933661737,6.908520746946334,0.09731573038299879,0.1272975,0.15035391874352166
site_ecbc4520bb039c64,117,0.21305940750463628,0.025439834563650638,0.21153516479205237,0.17172270627834763,0.09162125145717673,0.21153516479205264,0.5335418561868378,-0.21813348945797825,5.31113440176852,2.976460643947125,-0.4015430858475275,3.450176478632479,0.9821510850737675
site_ed130293b294c5a2,39,0.08290153319624938,-0.06332427103091509,0.0535042138965899,0.054385126389359315,0.012588399005255014,0.0535042138965903,0.2314676795109552,0.18514521813321838,0.2680339040452646,-2.4696465702056885,0.004943422715595134,0.11535193692307688,0.0061802437911047114
site_ed8668d708cd9f42,70,0.06497808919821284,-0.05313459439533098,0.03740142984291598,0.09594681881551013,0.08216862879140568,0.037401429842920206,0.8563976357507211,0.9233221548683166,0.2955506453095633,-3.7194216076731683,0.5095513025393443,0.644405442857143,0.47261784902218756
site_ed9138fe753e1f02,20,0.06595081793806196,-0.04678941217243671,0.04647861115886776,0.04288317239897253,0.009591380290136944,0.046478611158868186,0.2236630303584245,-0.27874462725952204,0.0869902077339879,-0.9357882434487342,-0.0022930024438723925,0.03677932949999999,0.0018398915174005492
site_eda005e51a299a0e,329,0.23614954007702338,-0.2312856813149249,0.0476816410925699,0.07235669123153658,0.034370875635692785,0.04768164109256993,0.4750200023064664,0.8330058055420031,18.347213136656002,-76.0929891526103,0.6815743240284928,1.722476462006079,0.3886664832562416
site_edb67bacc6a2f615,2,0.060592487217869764,0.05912258162498474,0.013265362763404842,0.07665,0.06338463723659515,0.013265362763404842,0.8269359065439681,,0.007342899014495422,0.11824516324996948,0.009716864888370036,0.011750444999999998,0.00803522447522953
site_edc41c47fa42988f,103,0.020074098422648682,0.002120466635991068,0.019961789717553764,0.021369083293466096,0.012793939830435017,0.01996178971755381,0.5987126192889588,0.4057311919255997,0.041505851030665196,0.21840806350708,0.011425252775692389,0.047033685242718455,0.016859544327633535
site_ee1921e55841ea0d,206,0.06120063784840931,0.007595779427625601,0.06072744196768878,0.08555681359390584,0.04298556325897585,0.06072744196768904,0.5024212736931298,0.7450163331162251,0.771576723048743,1.5647305620908738,0.5644301936887566,1.5079134805825243,0.38063828163043145
site_eef5f3ba42e04423,79,0.038846394859991244,-0.030951807468148722,0.023473985773042612,0.029943061386108267,0.029390643060026412,0.0234739857730429,0.9815510405245957,0.687105589438829,0.11921434909584998,-2.445192789983749,0.0477700682549537,0.07083036708860758,0.06824098205906842
site_eefad9fa85f80180,151,0.06425209353197975,0.05190116764101761,0.037876118079091206,0.03970231760324784,0.056229072075590296,0.037876118079091546,1.416266743858562,0.7398642778835244,0.6233780600095833,7.837076313793659,0.24940535978514036,0.2380173774834437,0.47741799051877115
site_ef1a0b7a4f85647e,128,0.10975763031521758,-0.060441823175642645,0.09161617446508187,0.10085710807870707,0.06817400654358231,0.09161617446508198,0.6759464736028377,0.46731267746150473,1.5419823887887323,-7.7365533664822586,0.4112849916536361,1.302036,0.5949049815301637
site_ef1b5625cbf889df,183,0.09314872188854911,0.0026181413919547864,0.09311192042441184,0.12119144356353147,0.05762230182260968,0.09311192042441212,0.47546509991361463,0.668582611472239,1.587833243273059,0.4791198747277259,0.8544147330732254,2.687787976721312,0.6076203291224747
site_f005fd2353ec048d,130,0.12868544450181546,-0.107250859293846,0.07111397054982567,0.08307237396376928,0.05625451389812403,0.07111397054982567,0.6771747479211148,0.5358637670780669,2.152792671461877,-13.94261170819998,0.32554553476439074,0.897132511076923,0.4113941434088499
site_f059546b5612f674,32,0.1391993614001898,-0.09240132485795766,0.10410791218113453,0.12720319313503886,0.029325126107869085,0.10410791218113456,0.2305376569968455,0.831332821971213,0.6200467908550606,-2.956842395454645,0.09923452778044156,0.517780875,0.0275188166797576
site_f07b80b3214910ba,44,0.09509087478413267,-0.05322848940437492,0.07879722319307926,0.09835446468331012,0.04686870910485201,0.0787972231930795,0.4765285364092396,0.6140547936631146,0.3978600765573103,-2.3420535337924964,0.12454803313382648,0.42563843181818184,0.09665373929883048
site_f0ccb43d6f9d9cfd,309,0.0571330982471085,0.05300889539188165,0.021313092798707065,0.025492549272102424,0.02351055578860086,0.02131309279870711,0.9222520485359798,0.6243229054736676,1.0086349928319494,16.37974867609143,0.11562291428252669,0.20080985113268607,0.17079858614807425
site_f1050af72de062ae,91,0.08280212417266447,-0.06921877769251447,0.04544174933097986,0.06255148363789058,0.036368147809342506,0.04544174933098009,0.5814114341376307,0.6968225718757272,0.6239134508429865,-6.298908770018817,0.14425218526463507,0.35605461758241763,0.12036043793247876
site_f1573be180b99853,119,0.06857814443946547,-0.06264933489030149,0.027893058859921455,0.04469950703262642,0.027886011867325575,0.027893058859921663,0.6238550203019335,0.8013105913254738,0.5596524654764626,-7.455270851945877,0.11886034482855258,0.23776746554621847,0.09253792928589011
site_f2457bdf17f809aa,15,0.08857852076371127,-0.08380990514357883,0.02867148654171152,0.04126600968782365,0.02234851710749624,0.028671486541711793,0.5415720414104058,0.7483379745047393,0.11769231511030845,-1.2571485771536826,0.010352142239610356,0.025543253333333335,0.0074918432535607815
site_f2e692f63befa2ca,575,0.09768168126799699,-0.015851910582729008,0.09638686521627164,0.1344642444121515,0.06783187324027197,0.09638686521627172,0.5044603012259371,0.734098490907029,5.486483741821968,-9.11484858506918,3.850018376588679,10.396363989565216,2.645668740688487
site_f35139d0576344b1,63,0.07029911415320077,0.06593664304320773,0.02437877262942819,0.06413612224691127,0.0610452267128275,0.02437877262942828,0.9518072589081011,0.925320506755591,0.31134382339565947,4.154008511722087,0.22823757578077772,0.25914685714285707,0.23477074137849202
site_f39ad74b903eb489,68,0.06819663279906647,0.05777097697380712,0.036239411482839476,0.07388664398366968,0.07055391858417626,0.03623941148283965,0.9548940753050035,0.8751016863187795,0.31625308930888824,3.928426434218884,0.31020908583240475,0.3712280588235294,0.33849416907561486
site_f408269ff3bfc904,433,0.050464663399860506,-0.007013081763757019,0.0499749831039099,0.06692052862627104,0.028639441082080445,0.04997498310391039,0.42796196727647245,0.7307536021140577,1.1027134151425084,-3.036664403706789,0.606432910889955,1.9391286466512703,0.35515421451888346
site_f40d91148ce5f169,100,0.07690925295786967,-0.038138630680561066,0.06678681037711977,0.08172392327831551,0.05254081239570765,0.06678681037712011,0.6429061441014879,0.5797674145829614,0.5915033190537585,-3.8138630680561065,0.24894292814257743,0.6678799635999999,0.2760536967200947
site_f41236f6a73e8c51,344,0.08729022820956625,0.058964954938306356,0.06436394977005104,0.08022211993946854,0.060613319132585455,0.06436394977005126,0.7555686533629519,0.6135536678695797,2.6211368756620854,20.283944498777387,1.0262973320621045,2.213842453488372,1.2638472129564156
site_f459e887bba62073,76,0.054215997052805526,0.03233175639808178,0.04352047638347856,0.04930889935297341,0.0562170344946503,0.04352047638347887,1.1400991551692445,0.6669715963765976,0.2233924495686661,2.457213486254215,0.14051224500891804,0.1847839342105263,0.2401869775203253
site_f468c03f1fedb166,24,0.10983546409641295,-0.081669196570913,0.07344366211414019,0.08441858956348944,0.04021363618002368,0.07344366211414026,0.47635996275180426,0.493355213858294,0.2895319001585861,-1.9600607177019118,0.04019595952766637,0.17103595833333332,0.03881127683566343
site_f4812d36f8b87671,83,0.08232170071286173,-0.054923035758087435,0.061321468927071764,0.06853445413576326,0.047068729378962886,0.06132146892707187,0.6867892941223714,0.4885741739927197,0.5624795798854122,-4.558611967921257,0.13081273671302454,0.3898486265060241,0.18388361868405367
site_f48c6b207c3fab2d,284,0.14481005772695402,0.13927069697686484,0.03966895237414323,0.04645192347155819,0.043403411258880795,0.039668952374143696,0.9343727453063605,0.6120538317911973,5.9554666005629855,39.552877941429614,0.35045763593272006,0.6128098591549297,0.5350151349297414
site_f4ae282ac466260d,9,0.1061015447028451,0.0997789084513982,0.036079179821294896,0.022557372669005475,0.0404486033684851,0.036079179821295854,1.7931433754278807,,0.10131784009496854,0.8980101760625838,0.0037944781182540797,0.004579515555555557,0.014724805630149218
site_f4e6d6d6c1cafad7,124,0.05080199414213417,0.010417068465582786,0.04972250288753368,0.04518406323870869,0.07058123861853931,0.04972250288753378,1.5620825919452312,0.7135110594408278,0.3200244834933618,1.2917164897322655,0.2821609783817323,0.2531583467741936,0.6177321943709708
site_f4e907a8ba8d1abb,25,0.2633281609759291,-0.2549319591670036,0.06596526781752662,0.07287956377476473,0.0495336063813721,0.06596526781752667,0.679663870306035,0.4727983546281298,1.7335430090741204,-6.3732989791750905,0.0426699052363336,0.13278577039999997,0.06133945402861768
site_f5ae0072aa9d0a04,65,0.16595458570033086,-0.14421491915849538,0.0821156599381452,0.10741916563426719,0.04875238754442966,0.08211565993814525,0.45385185461613226,0.6848168724538695,1.7901600934729502,-9.3739697453022,0.2331124519674365,0.7500270144615384,0.15449169393334694
site_f5fb4b6c3b6ce99f,102,0.06134898172851118,0.023683865426217806,0.05659303912671596,0.06258778072467487,0.04489485847929369,0.05659303912671622,0.7173102794104049,0.48578883820114566,0.38389715103077027,2.4157542734742163,0.13923033335220583,0.3995574901960784,0.2055859284233325
site_f617214b073c06c0,689,0.0345758681267684,-0.0035965111732007104,0.03438830853794239,0.05048433233973089,0.04486646898755188,0.034388308537942495,0.8887206566509789,0.7459231629777597,0.8236930624798586,-2.4779961983352896,1.164104114005476,1.7560321223222062,1.3869570271541478
site_f645d63c8edb6a7a,176,0.09688316543127165,-0.02606843954067339,0.09331015059412029,0.11337114285856807,0.053988388505818614,0.09331015059412114,0.476209264055579,0.5768089212970566,1.6519972029410341,-4.588045359158516,0.6213660571901636,2.262130821818182,0.5129953124481166
site_f65ec349d3fa498b,397,0.15818723185452957,0.1536919783224687,0.037442971585125294,0.026685419576828063,0.04169872461699489,0.037442971585125315,1.5626032971654467,0.47131927766249776,9.934210527754082,61.01571539402008,0.2082104476128402,0.28270831234256927,0.6902971029695383
site_f695cfa2b198ee8e,37,0.018001644639337233,0.011914256098060995,0.01349480312382494,0.0214687688296765,0.00972363392590133,0.013494803123824941,0.4529199602941483,0.8942261645985317,0.011990190759676222,0.4408274756282568,0.00690692653807031,0.0170535972972973,0.003498315098822754
site_f6a13c8718860659,32,0.027381607610721854,-0.011173643936403098,0.02499804225394507,0.03236991695135315,0.029115672334754174,0.02499804225394524,0.8994670075462478,0.6740953170776959,0.023992077931121313,-0.35755660596489913,0.020330108518595805,0.03352996875,0.027127116016152628
site_f6e487124edabf8f,133,0.10311429536894745,-0.0881027744836377,0.05357666504850609,0.08439375235256907,0.04860439343474766,0.05357666504850614,0.5759240711527394,0.8062388090903638,1.4141302019547934,-11.717669006323813,0.4398465250625142,0.9472666230075188,0.31419747913424556
site_f7b6fd0b704f24d5,64,0.08105802156316061,0.03283139981627464,0.07411141643389182,0.08017830495799659,0.045230052373050354,0.07411141643389192,0.5641183409495281,0.41111839551434803,0.4205057830229639,2.101209588241577,0.09541811768859625,0.4114278775,0.1309284888108082
site_f801eca3ddf0629c,849,0.040045819434004,0.003120926101202117,0.0399240212705545,0.047011938799655636,0.06142321745256014,0.039924021270554874,1.3065450823953269,0.7599683575697176,1.361513838365584,2.6496662599205973,1.8631332836652608,1.8763939088574795,3.2031170842485905
site_f80bf9d30cd43152,124,0.02053912762901024,0.009169133696921409,0.01837886696749155,0.019698500407753276,0.011311726438295418,0.01837886696749166,0.5742430237909457,0.3998745288806776,0.05231011470633571,1.1369725784182547,0.011048605983860552,0.04811583387096774,0.015866439221839113
site_f8577ef511842081,219,0.067337383369238,-0.039682550530836455,0.05440237478624754,0.07858698888785544,0.057141521814247836,0.05440237478624864,0.7271117346891794,0.7216717833187398,0.9930167805844451,-8.690478566253184,0.7097187701080454,1.3525253461187212,0.7150686198393474
site_f85796d856927f97,73,0.10641921381665012,-0.0786869146191094,0.07164787880376419,0.10187417131815199,0.041105701304423654,0.0716478788037643,0.40349482869461556,0.8279911638225868,0.8267285820628344,-5.744144767194986,0.25311315274095697,0.7576193150684932,0.12334654362018023
site_f863ed028d428c3e,85,0.09566280182343771,0.00514434208308949,0.09552438116649838,0.09495401524096084,0.018418488116963148,0.09552438116649851,0.1939727147948754,0.06592631884525531,0.7778665904803769,0.43726907706260665,0.009800428500245604,0.7663825258823529,0.02883545988375058
site_f8923c8bedba827f,29,0.07642191354182612,-0.0596307703194947,0.04779623521259824,0.06536619612398584,0.046592981121856544,0.047796235212598605,0.7127993348959687,0.6828141040292889,0.16936895721243606,-1.7292923392653463,0.06030789808312368,0.12390944827586206,0.06295627080482874
site_f8bf18cf05681ba1,521,0.053179697880413816,0.02791768845784229,0.04526237883521975,0.06413669338200492,0.06508399622284415,0.04526237883521996,1.014770060489352,0.7547134682213688,1.4734298189257387,14.545115686535834,1.6413477362995241,2.1431415431861804,2.2069177400186346
site_f9474c251f4c85b7,278,0.12677597832070484,-0.11510096971122483,0.05314052550274158,0.06737369251298479,0.030730043406084116,0.0531405255027416,0.4561133917390914,0.6423007780966334,4.468057332809766,-31.9980695797205,0.36968920382144427,1.2619016151079139,0.2625252878316683
site_f956c78502603f81,228,0.04489571786629504,-0.016161500893141095,0.04188593286069874,0.05377132362069216,0.023767276158569436,0.041885932860698846,0.442006529841556,0.6658098933879119,0.4595626100624316,-3.6848222036361693,0.194006030867105,0.6592289956140351,0.1287934188474763
site_f9b796db02c200aa,619,0.08971534731469935,0.07710731741328618,0.045861804861168164,0.0436637165351701,0.061445777051431304,0.04586180486116837,1.407250273850101,0.6669518983741409,4.982234153610425,47.729429478824144,1.1076381400811435,1.1801359676898222,2.337086197304151
site_f9f0235d2e05c1c5,86,0.11741755204593829,-0.005864995635110281,0.11727098257736548,0.13398621998457327,0.02790184436265719,0.1172709825773657,0.20824413410475884,0.6658267270561767,1.185671811447614,-0.5043896246194841,0.21406847852705874,1.5438984145348835,0.06695211102006327
site_fa6684a460ee051b,87,0.020658827991946994,-0.013168289598582803,0.01591801881669665,0.025409193582436075,0.015955754934476332,0.015918018816696657,0.6279520395919072,0.7977225329652589,0.03713048413807418,-1.1456411950767038,0.02813710112806795,0.056169559310344834,0.02214899205102873
site_fa67fc8ac26d4830,132,0.07679157586421544,0.06813519727190334,0.03541950051071256,0.06730838360274266,0.06127465829570425,0.035419500510712784,0.910357001846163,0.8523221267480415,0.7783968883296611,8.993846039891242,0.46401044157869886,0.5980152424242424,0.4956050549017019
site_fa6f730253456586,123,0.03593499273802405,-0.01867789808976941,0.030699508563330934,0.03858576805590042,0.03207764943946023,0.03069950856333094,0.8313337029598148,0.636392263641106,0.15883281547906647,-2.2973814650416373,0.09688570173566902,0.18312996406504067,0.1265639980079911
site_fa8f84308360a237,255,0.05263960985531169,0.0014000520383610458,0.05262098801817872,0.08446777864135166,0.05097135274704474,0.052620988018178966,0.6034413780841568,0.8087351115660519,0.706586774058454,0.3570132697820667,0.887899296305986,1.8193754352941178,0.6625100942202348
site_faac0be9a66c6585,533,0.1511878504046536,0.13495294272306935,0.06815768012750935,0.0802532364799751,0.07889812378049323,0.06815768012751058,0.9831145414326061,0.6333103394133069,12.183189336619296,71.92991847139596,2.1373370732374726,3.432830187617261,3.317879127931723
site_fab524c655a9dd78,4,0.10717155005458186,-0.056506168249249464,0.09106477964004117,0.11416458513917528,0.02563883459691827,0.09106477964004119,0.22457782827890618,,0.04594296456440698,-0.22602467299699786,0.010796216497197749,0.05213421,0.002629399357952533
site_fadb31acf1acd232,565,0.04304064218796813,-0.008418087231479916,0.04220939098489692,0.037817834341110856,0.0296375282922668,0.04220939098489694,0.7836918429791884,0.2350670204372459,1.0466607371732768,-4.756219285786153,0.1488602647345282,0.8080565557522124,0.49628644205032707
site_fb12f9388775927e,36,0.05032093825783916,-0.02972844906316864,0.040600691415884155,0.058105241896084285,0.02840956537373686,0.0406006914158842,0.4889329163200916,0.7678069315946421,0.0911590857773734,-1.070224166274071,0.04562831514742639,0.12154388888888888,0.029055722570086623
site_fb318c5726a2f05c,229,0.09594858139648117,-0.08586931657244545,0.042808769468162915,0.06367017176423491,0.04472265573321563,0.04280876946816307,0.7024114195705286,0.7412497264311251,2.1082038322873524,-19.66407349509001,0.4833521279856953,0.9283409868995633,0.4580265493054649
site_fb4c3069d7e94bed,118,0.016642241466196944,0.0009240303383035174,0.016616569108967704,0.015938574997119745,0.009750056442313729,0.016616569108967732,0.6117269858864834,0.2348470478976223,0.03268177572026619,0.10903557991981505,0.0043064928722267954,0.02997650440677966,0.011217504874139805
site_fb501c568fd614c3,94,0.0688497649044806,-0.02587708409485665,0.06380177619902103,0.06920450863485399,0.05111461722174406,0.06380177619902119,0.7386024152189533,0.4708737036618381,0.4455872719758114,-2.432445904916525,0.15657116875944938,0.45019081744680856,0.24559418481018896
site_fb66aa74c523bf6b,430,0.07450381790559549,0.06615425712216733,0.034270003605548466,0.0497236059932219,0.05064345424160876,0.0342700036055485,1.0184992264742876,0.7669766895671366,2.386852119479356,28.446330562531948,0.8304941102238588,1.0631479069767442,1.1028465667344256
site_fbbe7c46acc177a1,41,0.040319627783473165,0.01880592643996564,0.03566524239834102,0.023180152128636305,0.021998349609929573,0.03566524239834142,0.9490166193841861,-0.2458818772782058,0.06665256776851065,0.7710429840385913,-0.0051406348798333145,0.02203009756097561,0.01984102280798823
site_fbcf22b1e9843130,94,0.08113262483647077,0.015109087392370752,0.07971335077027696,0.1116111889197399,0.05799310016509202,0.0797133507702773,0.5195993405893663,0.7312303819369459,0.6187552644084182,1.4202542148828508,0.44490382678711665,1.1709634042553196,0.3161407686752893
site_fc3e5e33830dc393,21,0.036830486898683505,0.004958883149283275,0.03649512629250448,0.07398777247755521,0.057536968798064435,0.03649512629250486,0.777655102611972,0.8753515051807345,0.02848618006907605,0.10413654613494877,0.07825438962131738,0.11495800000000002,0.06952055834785825
site_fc969b6a7d772c7d,88,0.0666215657253312,0.03409956175224348,0.05723331991069152,0.06332166402843957,0.037978214346440324,0.05723331991069176,0.5997665242875363,0.45248781985474174,0.390582105733127,3.0007614341974262,0.09575829966010695,0.3528477159090909,0.12692633931508657
site_fca46353b779e0c3,13,0.09323146446957176,0.08992568965141591,0.024606428181640935,0.011665454994842098,0.03326125017437225,0.0246064281816416,2.8512604256823906,0.8207535982099499,0.11299737757283328,1.1690339654684068,0.00413996242101376,0.001769076923076924,0.014382039921108314
site_fd9f51d6899fafaa,46,0.05201872694205713,-0.003797516287668892,0.05187992697293616,0.06476356956877241,0.03385439980041656,0.051879926972936294,0.5227383238112991,0.6040764231078858,0.12447360582292578,-0.17468574923276903,0.06092501064762474,0.19293871739130433,0.05272153774893645
site_fdbd79ba7196fbc0,8,0.10500964396996966,0.09446494701504707,0.04586282930810236,0.055083219711178834,0.043157185965394085,0.04586282930810372,0.7834906200415074,,0.08821620261359828,0.7557195761203765,0.011173218728229403,0.024273288750000004,0.014900341603612866
site_fe445170e29174a0,133,0.05402390224736964,-0.04833602573262121,0.02412904122439865,0.051508748070784524,0.06164772785870388,0.024129041224400072,1.1968399576317819,0.9245115372218732,0.38817140786643556,-6.428691422438622,0.390446959362179,0.3528691,0.5054588325687283
site_fe8014b9bedb3a60,34,0.10825663025598002,0.08565102765490028,0.06620724625023666,0.09546928345308234,0.05514028420123846,0.06620724625023718,0.5775709443586295,0.7381397474293526,0.39846293180891895,2.9121349402666095,0.13211440466957936,0.3098890588235294,0.10337533202097382
